size,initialization,variant,event,cycle,cumulative_reach_probability,not_yet_reached_probability,n_trajectories,n_ever_reached
N192_M96,all_zero,additive,correct,0,0.0,1.0,200,191
N192_M96,all_zero,additive,correct,100,0.035,0.965,200,191
N192_M96,all_zero,additive,correct,200,0.2,0.8,200,191
N192_M96,all_zero,additive,correct,300,0.36,0.64,200,191
N192_M96,all_zero,additive,correct,400,0.46,0.54,200,191
N192_M96,all_zero,additive,correct,500,0.505,0.495,200,191
N192_M96,all_zero,additive,correct,600,0.575,0.42500000000000004,200,191
N192_M96,all_zero,additive,correct,700,0.625,0.375,200,191
N192_M96,all_zero,additive,correct,800,0.66,0.33999999999999997,200,191
N192_M96,all_zero,additive,correct,900,0.685,0.31499999999999995,200,191
N192_M96,all_zero,additive,correct,1000,0.705,0.29500000000000004,200,191
N192_M96,all_zero,additive,correct,1100,0.715,0.28500000000000003,200,191
N192_M96,all_zero,additive,correct,1200,0.725,0.275,200,191
N192_M96,all_zero,additive,correct,1300,0.745,0.255,200,191
N192_M96,all_zero,additive,correct,1400,0.76,0.24,200,191
N192_M96,all_zero,additive,correct,1500,0.765,0.235,200,191
N192_M96,all_zero,additive,correct,1600,0.795,0.20499999999999996,200,191
N192_M96,all_zero,additive,correct,1700,0.795,0.20499999999999996,200,191
N192_M96,all_zero,additive,correct,1800,0.795,0.20499999999999996,200,191
N192_M96,all_zero,additive,correct,1900,0.8,0.19999999999999996,200,191
N192_M96,all_zero,additive,correct,2000,0.815,0.18500000000000005,200,191
N192_M96,all_zero,additive,correct,2100,0.815,0.18500000000000005,200,191
N192_M96,all_zero,additive,correct,2200,0.815,0.18500000000000005,200,191
N192_M96,all_zero,additive,correct,2300,0.825,0.17500000000000004,200,191
N192_M96,all_zero,additive,correct,2400,0.835,0.16500000000000004,200,191
N192_M96,all_zero,additive,correct,2500,0.835,0.16500000000000004,200,191
N192_M96,all_zero,additive,correct,2600,0.845,0.15500000000000003,200,191
N192_M96,all_zero,additive,correct,2700,0.85,0.15000000000000002,200,191
N192_M96,all_zero,additive,correct,2800,0.85,0.15000000000000002,200,191
N192_M96,all_zero,additive,correct,2900,0.855,0.14500000000000002,200,191
N192_M96,all_zero,additive,correct,3000,0.855,0.14500000000000002,200,191
N192_M96,all_zero,additive,correct,3100,0.86,0.14,200,191
N192_M96,all_zero,additive,correct,3200,0.86,0.14,200,191
N192_M96,all_zero,additive,correct,3300,0.865,0.135,200,191
N192_M96,all_zero,additive,correct,3400,0.865,0.135,200,191
N192_M96,all_zero,additive,correct,3500,0.87,0.13,200,191
N192_M96,all_zero,additive,correct,3600,0.87,0.13,200,191
N192_M96,all_zero,additive,correct,3700,0.875,0.125,200,191
N192_M96,all_zero,additive,correct,3800,0.875,0.125,200,191
N192_M96,all_zero,additive,correct,3900,0.88,0.12,200,191
N192_M96,all_zero,additive,correct,4000,0.885,0.11499999999999999,200,191
N192_M96,all_zero,additive,correct,4100,0.885,0.11499999999999999,200,191
N192_M96,all_zero,additive,correct,4200,0.885,0.11499999999999999,200,191
N192_M96,all_zero,additive,correct,4300,0.89,0.10999999999999999,200,191
N192_M96,all_zero,additive,correct,4400,0.89,0.10999999999999999,200,191
N192_M96,all_zero,additive,correct,4500,0.89,0.10999999999999999,200,191
N192_M96,all_zero,additive,correct,4600,0.89,0.10999999999999999,200,191
N192_M96,all_zero,additive,correct,4700,0.89,0.10999999999999999,200,191
N192_M96,all_zero,additive,correct,4800,0.89,0.10999999999999999,200,191
N192_M96,all_zero,additive,correct,4900,0.89,0.10999999999999999,200,191
N192_M96,all_zero,additive,correct,5000,0.89,0.10999999999999999,200,191
N192_M96,all_zero,additive,correct,5100,0.89,0.10999999999999999,200,191
N192_M96,all_zero,additive,correct,5200,0.89,0.10999999999999999,200,191
N192_M96,all_zero,additive,correct,5300,0.89,0.10999999999999999,200,191
N192_M96,all_zero,additive,correct,5400,0.89,0.10999999999999999,200,191
N192_M96,all_zero,additive,correct,5500,0.89,0.10999999999999999,200,191
N192_M96,all_zero,additive,correct,5600,0.895,0.10499999999999998,200,191
N192_M96,all_zero,additive,correct,5700,0.895,0.10499999999999998,200,191
N192_M96,all_zero,additive,correct,5800,0.895,0.10499999999999998,200,191
N192_M96,all_zero,additive,correct,5900,0.895,0.10499999999999998,200,191
N192_M96,all_zero,additive,correct,6000,0.895,0.10499999999999998,200,191
N192_M96,all_zero,additive,correct,6100,0.895,0.10499999999999998,200,191
N192_M96,all_zero,additive,correct,6200,0.895,0.10499999999999998,200,191
N192_M96,all_zero,additive,correct,6300,0.9,0.09999999999999998,200,191
N192_M96,all_zero,additive,correct,6400,0.9,0.09999999999999998,200,191
N192_M96,all_zero,additive,correct,6500,0.9,0.09999999999999998,200,191
N192_M96,all_zero,additive,correct,6600,0.9,0.09999999999999998,200,191
N192_M96,all_zero,additive,correct,6700,0.9,0.09999999999999998,200,191
N192_M96,all_zero,additive,correct,6800,0.9,0.09999999999999998,200,191
N192_M96,all_zero,additive,correct,6900,0.9,0.09999999999999998,200,191
N192_M96,all_zero,additive,correct,7000,0.9,0.09999999999999998,200,191
N192_M96,all_zero,additive,correct,7100,0.9,0.09999999999999998,200,191
N192_M96,all_zero,additive,correct,7200,0.91,0.08999999999999997,200,191
N192_M96,all_zero,additive,correct,7300,0.91,0.08999999999999997,200,191
N192_M96,all_zero,additive,correct,7400,0.91,0.08999999999999997,200,191
N192_M96,all_zero,additive,correct,7500,0.91,0.08999999999999997,200,191
N192_M96,all_zero,additive,correct,7600,0.91,0.08999999999999997,200,191
N192_M96,all_zero,additive,correct,7700,0.91,0.08999999999999997,200,191
N192_M96,all_zero,additive,correct,7800,0.91,0.08999999999999997,200,191
N192_M96,all_zero,additive,correct,7900,0.91,0.08999999999999997,200,191
N192_M96,all_zero,additive,correct,8000,0.91,0.08999999999999997,200,191
N192_M96,all_zero,additive,correct,8100,0.91,0.08999999999999997,200,191
N192_M96,all_zero,additive,correct,8200,0.91,0.08999999999999997,200,191
N192_M96,all_zero,additive,correct,8300,0.91,0.08999999999999997,200,191
N192_M96,all_zero,additive,correct,8400,0.915,0.08499999999999996,200,191
N192_M96,all_zero,additive,correct,8500,0.92,0.07999999999999996,200,191
N192_M96,all_zero,additive,correct,8600,0.92,0.07999999999999996,200,191
N192_M96,all_zero,additive,correct,8700,0.92,0.07999999999999996,200,191
N192_M96,all_zero,additive,correct,8800,0.92,0.07999999999999996,200,191
N192_M96,all_zero,additive,correct,8900,0.92,0.07999999999999996,200,191
N192_M96,all_zero,additive,correct,9000,0.92,0.07999999999999996,200,191
N192_M96,all_zero,additive,correct,9100,0.92,0.07999999999999996,200,191
N192_M96,all_zero,additive,correct,9200,0.92,0.07999999999999996,200,191
N192_M96,all_zero,additive,correct,9300,0.92,0.07999999999999996,200,191
N192_M96,all_zero,additive,correct,9400,0.92,0.07999999999999996,200,191
N192_M96,all_zero,additive,correct,9500,0.92,0.07999999999999996,200,191
N192_M96,all_zero,additive,correct,9600,0.925,0.07499999999999996,200,191
N192_M96,all_zero,additive,correct,9700,0.925,0.07499999999999996,200,191
N192_M96,all_zero,additive,correct,9800,0.925,0.07499999999999996,200,191
N192_M96,all_zero,additive,correct,9900,0.93,0.06999999999999995,200,191
N192_M96,all_zero,additive,correct,10000,0.93,0.06999999999999995,200,191
N192_M96,all_zero,additive,correct,10100,0.93,0.06999999999999995,200,191
N192_M96,all_zero,additive,correct,10200,0.935,0.06499999999999995,200,191
N192_M96,all_zero,additive,correct,10300,0.935,0.06499999999999995,200,191
N192_M96,all_zero,additive,correct,10400,0.935,0.06499999999999995,200,191
N192_M96,all_zero,additive,correct,10500,0.94,0.06000000000000005,200,191
N192_M96,all_zero,additive,correct,10600,0.94,0.06000000000000005,200,191
N192_M96,all_zero,additive,correct,10700,0.94,0.06000000000000005,200,191
N192_M96,all_zero,additive,correct,10800,0.94,0.06000000000000005,200,191
N192_M96,all_zero,additive,correct,10900,0.94,0.06000000000000005,200,191
N192_M96,all_zero,additive,correct,11000,0.94,0.06000000000000005,200,191
N192_M96,all_zero,additive,correct,11100,0.94,0.06000000000000005,200,191
N192_M96,all_zero,additive,correct,11200,0.94,0.06000000000000005,200,191
N192_M96,all_zero,additive,correct,11300,0.94,0.06000000000000005,200,191
N192_M96,all_zero,additive,correct,11400,0.94,0.06000000000000005,200,191
N192_M96,all_zero,additive,correct,11500,0.94,0.06000000000000005,200,191
N192_M96,all_zero,additive,correct,11600,0.94,0.06000000000000005,200,191
N192_M96,all_zero,additive,correct,11700,0.94,0.06000000000000005,200,191
N192_M96,all_zero,additive,correct,11800,0.94,0.06000000000000005,200,191
N192_M96,all_zero,additive,correct,11900,0.94,0.06000000000000005,200,191
N192_M96,all_zero,additive,correct,12000,0.94,0.06000000000000005,200,191
N192_M96,all_zero,additive,correct,12100,0.94,0.06000000000000005,200,191
N192_M96,all_zero,additive,correct,12200,0.94,0.06000000000000005,200,191
N192_M96,all_zero,additive,correct,12300,0.94,0.06000000000000005,200,191
N192_M96,all_zero,additive,correct,12400,0.94,0.06000000000000005,200,191
N192_M96,all_zero,additive,correct,12500,0.94,0.06000000000000005,200,191
N192_M96,all_zero,additive,correct,12600,0.94,0.06000000000000005,200,191
N192_M96,all_zero,additive,correct,12700,0.94,0.06000000000000005,200,191
N192_M96,all_zero,additive,correct,12800,0.94,0.06000000000000005,200,191
N192_M96,all_zero,additive,correct,12900,0.94,0.06000000000000005,200,191
N192_M96,all_zero,additive,correct,13000,0.94,0.06000000000000005,200,191
N192_M96,all_zero,additive,correct,13100,0.94,0.06000000000000005,200,191
N192_M96,all_zero,additive,correct,13200,0.94,0.06000000000000005,200,191
N192_M96,all_zero,additive,correct,13300,0.94,0.06000000000000005,200,191
N192_M96,all_zero,additive,correct,13400,0.94,0.06000000000000005,200,191
N192_M96,all_zero,additive,correct,13500,0.94,0.06000000000000005,200,191
N192_M96,all_zero,additive,correct,13600,0.945,0.05500000000000005,200,191
N192_M96,all_zero,additive,correct,13700,0.945,0.05500000000000005,200,191
N192_M96,all_zero,additive,correct,13800,0.945,0.05500000000000005,200,191
N192_M96,all_zero,additive,correct,13900,0.945,0.05500000000000005,200,191
N192_M96,all_zero,additive,correct,14000,0.945,0.05500000000000005,200,191
N192_M96,all_zero,additive,correct,14100,0.945,0.05500000000000005,200,191
N192_M96,all_zero,additive,correct,14200,0.945,0.05500000000000005,200,191
N192_M96,all_zero,additive,correct,14300,0.945,0.05500000000000005,200,191
N192_M96,all_zero,additive,correct,14400,0.945,0.05500000000000005,200,191
N192_M96,all_zero,additive,correct,14500,0.945,0.05500000000000005,200,191
N192_M96,all_zero,additive,correct,14600,0.945,0.05500000000000005,200,191
N192_M96,all_zero,additive,correct,14700,0.95,0.050000000000000044,200,191
N192_M96,all_zero,additive,correct,14800,0.95,0.050000000000000044,200,191
N192_M96,all_zero,additive,correct,14900,0.95,0.050000000000000044,200,191
N192_M96,all_zero,additive,correct,15000,0.95,0.050000000000000044,200,191
N192_M96,all_zero,additive,correct,15100,0.95,0.050000000000000044,200,191
N192_M96,all_zero,additive,correct,15200,0.95,0.050000000000000044,200,191
N192_M96,all_zero,additive,correct,15300,0.955,0.04500000000000004,200,191
N192_M96,all_zero,additive,correct,15400,0.955,0.04500000000000004,200,191
N192_M96,all_zero,additive,correct,15500,0.955,0.04500000000000004,200,191
N192_M96,all_zero,additive,correct,15600,0.955,0.04500000000000004,200,191
N192_M96,all_zero,additive,correct,15700,0.955,0.04500000000000004,200,191
N192_M96,all_zero,additive,correct,15800,0.955,0.04500000000000004,200,191
N192_M96,all_zero,additive,correct,15900,0.955,0.04500000000000004,200,191
N192_M96,all_zero,additive,correct,16000,0.955,0.04500000000000004,200,191
N192_M96,all_zero,additive,correct,16100,0.955,0.04500000000000004,200,191
N192_M96,all_zero,additive,correct,16200,0.955,0.04500000000000004,200,191
N192_M96,all_zero,additive,correct,16300,0.955,0.04500000000000004,200,191
N192_M96,all_zero,additive,correct,16400,0.955,0.04500000000000004,200,191
N192_M96,all_zero,additive,correct,16500,0.955,0.04500000000000004,200,191
N192_M96,all_zero,additive,correct,16600,0.955,0.04500000000000004,200,191
N192_M96,all_zero,additive,correct,16700,0.955,0.04500000000000004,200,191
N192_M96,all_zero,additive,correct,16800,0.955,0.04500000000000004,200,191
N192_M96,all_zero,additive,correct,16900,0.955,0.04500000000000004,200,191
N192_M96,all_zero,additive,correct,17000,0.955,0.04500000000000004,200,191
N192_M96,all_zero,additive,correct,17100,0.955,0.04500000000000004,200,191
N192_M96,all_zero,additive,correct,17200,0.955,0.04500000000000004,200,191
N192_M96,all_zero,additive,correct,17300,0.955,0.04500000000000004,200,191
N192_M96,all_zero,additive,correct,17400,0.955,0.04500000000000004,200,191
N192_M96,all_zero,additive,correct,17500,0.955,0.04500000000000004,200,191
N192_M96,all_zero,additive,correct,17600,0.955,0.04500000000000004,200,191
N192_M96,all_zero,additive,correct,17700,0.955,0.04500000000000004,200,191
N192_M96,all_zero,additive,correct,17800,0.955,0.04500000000000004,200,191
N192_M96,all_zero,additive,correct,17900,0.955,0.04500000000000004,200,191
N192_M96,all_zero,additive,correct,18000,0.955,0.04500000000000004,200,191
N192_M96,all_zero,additive,correct,18100,0.955,0.04500000000000004,200,191
N192_M96,all_zero,additive,correct,18200,0.955,0.04500000000000004,200,191
N192_M96,all_zero,additive,correct,18300,0.955,0.04500000000000004,200,191
N192_M96,all_zero,additive,correct,18400,0.955,0.04500000000000004,200,191
N192_M96,all_zero,additive,correct,18500,0.955,0.04500000000000004,200,191
N192_M96,all_zero,additive,correct,18600,0.955,0.04500000000000004,200,191
N192_M96,all_zero,additive,correct,18700,0.955,0.04500000000000004,200,191
N192_M96,all_zero,additive,correct,18800,0.955,0.04500000000000004,200,191
N192_M96,all_zero,additive,correct,18900,0.955,0.04500000000000004,200,191
N192_M96,all_zero,additive,correct,19000,0.955,0.04500000000000004,200,191
N192_M96,all_zero,additive,correct,19100,0.955,0.04500000000000004,200,191
N192_M96,all_zero,additive,correct,19200,0.955,0.04500000000000004,200,191
N192_M96,all_zero,gain_only,correct,0,0.0,1.0,200,0
N192_M96,all_zero,gain_only,correct,100,0.0,1.0,200,0
N192_M96,all_zero,gain_only,correct,200,0.0,1.0,200,0
N192_M96,all_zero,gain_only,correct,300,0.0,1.0,200,0
N192_M96,all_zero,gain_only,correct,400,0.0,1.0,200,0
N192_M96,all_zero,gain_only,correct,500,0.0,1.0,200,0
N192_M96,all_zero,gain_only,correct,600,0.0,1.0,200,0
N192_M96,all_zero,gain_only,correct,700,0.0,1.0,200,0
N192_M96,all_zero,gain_only,correct,800,0.0,1.0,200,0
N192_M96,all_zero,gain_only,correct,900,0.0,1.0,200,0
N192_M96,all_zero,gain_only,correct,1000,0.0,1.0,200,0
N192_M96,all_zero,gain_only,correct,1100,0.0,1.0,200,0
N192_M96,all_zero,gain_only,correct,1200,0.0,1.0,200,0
N192_M96,all_zero,gain_only,correct,1300,0.0,1.0,200,0
N192_M96,all_zero,gain_only,correct,1400,0.0,1.0,200,0
N192_M96,all_zero,gain_only,correct,1500,0.0,1.0,200,0
N192_M96,all_zero,gain_only,correct,1600,0.0,1.0,200,0
N192_M96,all_zero,gain_only,correct,1700,0.0,1.0,200,0
N192_M96,all_zero,gain_only,correct,1800,0.0,1.0,200,0
N192_M96,all_zero,gain_only,correct,1900,0.0,1.0,200,0
N192_M96,all_zero,gain_only,correct,2000,0.0,1.0,200,0
N192_M96,all_zero,gain_only,correct,2100,0.0,1.0,200,0
N192_M96,all_zero,gain_only,correct,2200,0.0,1.0,200,0
N192_M96,all_zero,gain_only,correct,2300,0.0,1.0,200,0
N192_M96,all_zero,gain_only,correct,2400,0.0,1.0,200,0
N192_M96,all_zero,gain_only,correct,2500,0.0,1.0,200,0
N192_M96,all_zero,gain_only,correct,2600,0.0,1.0,200,0
N192_M96,all_zero,gain_only,correct,2700,0.0,1.0,200,0
N192_M96,all_zero,gain_only,correct,2800,0.0,1.0,200,0
N192_M96,all_zero,gain_only,correct,2900,0.0,1.0,200,0
N192_M96,all_zero,gain_only,correct,3000,0.0,1.0,200,0
N192_M96,all_zero,gain_only,correct,3100,0.0,1.0,200,0
N192_M96,all_zero,gain_only,correct,3200,0.0,1.0,200,0
N192_M96,all_zero,gain_only,correct,3300,0.0,1.0,200,0
N192_M96,all_zero,gain_only,correct,3400,0.0,1.0,200,0
N192_M96,all_zero,gain_only,correct,3500,0.0,1.0,200,0
N192_M96,all_zero,gain_only,correct,3600,0.0,1.0,200,0
N192_M96,all_zero,gain_only,correct,3700,0.0,1.0,200,0
N192_M96,all_zero,gain_only,correct,3800,0.0,1.0,200,0
N192_M96,all_zero,gain_only,correct,3900,0.0,1.0,200,0
N192_M96,all_zero,gain_only,correct,4000,0.0,1.0,200,0
N192_M96,all_zero,gain_only,correct,4100,0.0,1.0,200,0
N192_M96,all_zero,gain_only,correct,4200,0.0,1.0,200,0
N192_M96,all_zero,gain_only,correct,4300,0.0,1.0,200,0
N192_M96,all_zero,gain_only,correct,4400,0.0,1.0,200,0
N192_M96,all_zero,gain_only,correct,4500,0.0,1.0,200,0
N192_M96,all_zero,gain_only,correct,4600,0.0,1.0,200,0
N192_M96,all_zero,gain_only,correct,4700,0.0,1.0,200,0
N192_M96,all_zero,gain_only,correct,4800,0.0,1.0,200,0
N192_M96,all_zero,gain_only,correct,4900,0.0,1.0,200,0
N192_M96,all_zero,gain_only,correct,5000,0.0,1.0,200,0
N192_M96,all_zero,gain_only,correct,5100,0.0,1.0,200,0
N192_M96,all_zero,gain_only,correct,5200,0.0,1.0,200,0
N192_M96,all_zero,gain_only,correct,5300,0.0,1.0,200,0
N192_M96,all_zero,gain_only,correct,5400,0.0,1.0,200,0
N192_M96,all_zero,gain_only,correct,5500,0.0,1.0,200,0
N192_M96,all_zero,gain_only,correct,5600,0.0,1.0,200,0
N192_M96,all_zero,gain_only,correct,5700,0.0,1.0,200,0
N192_M96,all_zero,gain_only,correct,5800,0.0,1.0,200,0
N192_M96,all_zero,gain_only,correct,5900,0.0,1.0,200,0
N192_M96,all_zero,gain_only,correct,6000,0.0,1.0,200,0
N192_M96,all_zero,gain_only,correct,6100,0.0,1.0,200,0
N192_M96,all_zero,gain_only,correct,6200,0.0,1.0,200,0
N192_M96,all_zero,gain_only,correct,6300,0.0,1.0,200,0
N192_M96,all_zero,gain_only,correct,6400,0.0,1.0,200,0
N192_M96,all_zero,gain_only,correct,6500,0.0,1.0,200,0
N192_M96,all_zero,gain_only,correct,6600,0.0,1.0,200,0
N192_M96,all_zero,gain_only,correct,6700,0.0,1.0,200,0
N192_M96,all_zero,gain_only,correct,6800,0.0,1.0,200,0
N192_M96,all_zero,gain_only,correct,6900,0.0,1.0,200,0
N192_M96,all_zero,gain_only,correct,7000,0.0,1.0,200,0
N192_M96,all_zero,gain_only,correct,7100,0.0,1.0,200,0
N192_M96,all_zero,gain_only,correct,7200,0.0,1.0,200,0
N192_M96,all_zero,gain_only,correct,7300,0.0,1.0,200,0
N192_M96,all_zero,gain_only,correct,7400,0.0,1.0,200,0
N192_M96,all_zero,gain_only,correct,7500,0.0,1.0,200,0
N192_M96,all_zero,gain_only,correct,7600,0.0,1.0,200,0
N192_M96,all_zero,gain_only,correct,7700,0.0,1.0,200,0
N192_M96,all_zero,gain_only,correct,7800,0.0,1.0,200,0
N192_M96,all_zero,gain_only,correct,7900,0.0,1.0,200,0
N192_M96,all_zero,gain_only,correct,8000,0.0,1.0,200,0
N192_M96,all_zero,gain_only,correct,8100,0.0,1.0,200,0
N192_M96,all_zero,gain_only,correct,8200,0.0,1.0,200,0
N192_M96,all_zero,gain_only,correct,8300,0.0,1.0,200,0
N192_M96,all_zero,gain_only,correct,8400,0.0,1.0,200,0
N192_M96,all_zero,gain_only,correct,8500,0.0,1.0,200,0
N192_M96,all_zero,gain_only,correct,8600,0.0,1.0,200,0
N192_M96,all_zero,gain_only,correct,8700,0.0,1.0,200,0
N192_M96,all_zero,gain_only,correct,8800,0.0,1.0,200,0
N192_M96,all_zero,gain_only,correct,8900,0.0,1.0,200,0
N192_M96,all_zero,gain_only,correct,9000,0.0,1.0,200,0
N192_M96,all_zero,gain_only,correct,9100,0.0,1.0,200,0
N192_M96,all_zero,gain_only,correct,9200,0.0,1.0,200,0
N192_M96,all_zero,gain_only,correct,9300,0.0,1.0,200,0
N192_M96,all_zero,gain_only,correct,9400,0.0,1.0,200,0
N192_M96,all_zero,gain_only,correct,9500,0.0,1.0,200,0
N192_M96,all_zero,gain_only,correct,9600,0.0,1.0,200,0
N192_M96,all_zero,gain_only,correct,9700,0.0,1.0,200,0
N192_M96,all_zero,gain_only,correct,9800,0.0,1.0,200,0
N192_M96,all_zero,gain_only,correct,9900,0.0,1.0,200,0
N192_M96,all_zero,gain_only,correct,10000,0.0,1.0,200,0
N192_M96,all_zero,gain_only,correct,10100,0.0,1.0,200,0
N192_M96,all_zero,gain_only,correct,10200,0.0,1.0,200,0
N192_M96,all_zero,gain_only,correct,10300,0.0,1.0,200,0
N192_M96,all_zero,gain_only,correct,10400,0.0,1.0,200,0
N192_M96,all_zero,gain_only,correct,10500,0.0,1.0,200,0
N192_M96,all_zero,gain_only,correct,10600,0.0,1.0,200,0
N192_M96,all_zero,gain_only,correct,10700,0.0,1.0,200,0
N192_M96,all_zero,gain_only,correct,10800,0.0,1.0,200,0
N192_M96,all_zero,gain_only,correct,10900,0.0,1.0,200,0
N192_M96,all_zero,gain_only,correct,11000,0.0,1.0,200,0
N192_M96,all_zero,gain_only,correct,11100,0.0,1.0,200,0
N192_M96,all_zero,gain_only,correct,11200,0.0,1.0,200,0
N192_M96,all_zero,gain_only,correct,11300,0.0,1.0,200,0
N192_M96,all_zero,gain_only,correct,11400,0.0,1.0,200,0
N192_M96,all_zero,gain_only,correct,11500,0.0,1.0,200,0
N192_M96,all_zero,gain_only,correct,11600,0.0,1.0,200,0
N192_M96,all_zero,gain_only,correct,11700,0.0,1.0,200,0
N192_M96,all_zero,gain_only,correct,11800,0.0,1.0,200,0
N192_M96,all_zero,gain_only,correct,11900,0.0,1.0,200,0
N192_M96,all_zero,gain_only,correct,12000,0.0,1.0,200,0
N192_M96,all_zero,gain_only,correct,12100,0.0,1.0,200,0
N192_M96,all_zero,gain_only,correct,12200,0.0,1.0,200,0
N192_M96,all_zero,gain_only,correct,12300,0.0,1.0,200,0
N192_M96,all_zero,gain_only,correct,12400,0.0,1.0,200,0
N192_M96,all_zero,gain_only,correct,12500,0.0,1.0,200,0
N192_M96,all_zero,gain_only,correct,12600,0.0,1.0,200,0
N192_M96,all_zero,gain_only,correct,12700,0.0,1.0,200,0
N192_M96,all_zero,gain_only,correct,12800,0.0,1.0,200,0
N192_M96,all_zero,gain_only,correct,12900,0.0,1.0,200,0
N192_M96,all_zero,gain_only,correct,13000,0.0,1.0,200,0
N192_M96,all_zero,gain_only,correct,13100,0.0,1.0,200,0
N192_M96,all_zero,gain_only,correct,13200,0.0,1.0,200,0
N192_M96,all_zero,gain_only,correct,13300,0.0,1.0,200,0
N192_M96,all_zero,gain_only,correct,13400,0.0,1.0,200,0
N192_M96,all_zero,gain_only,correct,13500,0.0,1.0,200,0
N192_M96,all_zero,gain_only,correct,13600,0.0,1.0,200,0
N192_M96,all_zero,gain_only,correct,13700,0.0,1.0,200,0
N192_M96,all_zero,gain_only,correct,13800,0.0,1.0,200,0
N192_M96,all_zero,gain_only,correct,13900,0.0,1.0,200,0
N192_M96,all_zero,gain_only,correct,14000,0.0,1.0,200,0
N192_M96,all_zero,gain_only,correct,14100,0.0,1.0,200,0
N192_M96,all_zero,gain_only,correct,14200,0.0,1.0,200,0
N192_M96,all_zero,gain_only,correct,14300,0.0,1.0,200,0
N192_M96,all_zero,gain_only,correct,14400,0.0,1.0,200,0
N192_M96,all_zero,gain_only,correct,14500,0.0,1.0,200,0
N192_M96,all_zero,gain_only,correct,14600,0.0,1.0,200,0
N192_M96,all_zero,gain_only,correct,14700,0.0,1.0,200,0
N192_M96,all_zero,gain_only,correct,14800,0.0,1.0,200,0
N192_M96,all_zero,gain_only,correct,14900,0.0,1.0,200,0
N192_M96,all_zero,gain_only,correct,15000,0.0,1.0,200,0
N192_M96,all_zero,gain_only,correct,15100,0.0,1.0,200,0
N192_M96,all_zero,gain_only,correct,15200,0.0,1.0,200,0
N192_M96,all_zero,gain_only,correct,15300,0.0,1.0,200,0
N192_M96,all_zero,gain_only,correct,15400,0.0,1.0,200,0
N192_M96,all_zero,gain_only,correct,15500,0.0,1.0,200,0
N192_M96,all_zero,gain_only,correct,15600,0.0,1.0,200,0
N192_M96,all_zero,gain_only,correct,15700,0.0,1.0,200,0
N192_M96,all_zero,gain_only,correct,15800,0.0,1.0,200,0
N192_M96,all_zero,gain_only,correct,15900,0.0,1.0,200,0
N192_M96,all_zero,gain_only,correct,16000,0.0,1.0,200,0
N192_M96,all_zero,gain_only,correct,16100,0.0,1.0,200,0
N192_M96,all_zero,gain_only,correct,16200,0.0,1.0,200,0
N192_M96,all_zero,gain_only,correct,16300,0.0,1.0,200,0
N192_M96,all_zero,gain_only,correct,16400,0.0,1.0,200,0
N192_M96,all_zero,gain_only,correct,16500,0.0,1.0,200,0
N192_M96,all_zero,gain_only,correct,16600,0.0,1.0,200,0
N192_M96,all_zero,gain_only,correct,16700,0.0,1.0,200,0
N192_M96,all_zero,gain_only,correct,16800,0.0,1.0,200,0
N192_M96,all_zero,gain_only,correct,16900,0.0,1.0,200,0
N192_M96,all_zero,gain_only,correct,17000,0.0,1.0,200,0
N192_M96,all_zero,gain_only,correct,17100,0.0,1.0,200,0
N192_M96,all_zero,gain_only,correct,17200,0.0,1.0,200,0
N192_M96,all_zero,gain_only,correct,17300,0.0,1.0,200,0
N192_M96,all_zero,gain_only,correct,17400,0.0,1.0,200,0
N192_M96,all_zero,gain_only,correct,17500,0.0,1.0,200,0
N192_M96,all_zero,gain_only,correct,17600,0.0,1.0,200,0
N192_M96,all_zero,gain_only,correct,17700,0.0,1.0,200,0
N192_M96,all_zero,gain_only,correct,17800,0.0,1.0,200,0
N192_M96,all_zero,gain_only,correct,17900,0.0,1.0,200,0
N192_M96,all_zero,gain_only,correct,18000,0.0,1.0,200,0
N192_M96,all_zero,gain_only,correct,18100,0.0,1.0,200,0
N192_M96,all_zero,gain_only,correct,18200,0.0,1.0,200,0
N192_M96,all_zero,gain_only,correct,18300,0.0,1.0,200,0
N192_M96,all_zero,gain_only,correct,18400,0.0,1.0,200,0
N192_M96,all_zero,gain_only,correct,18500,0.0,1.0,200,0
N192_M96,all_zero,gain_only,correct,18600,0.0,1.0,200,0
N192_M96,all_zero,gain_only,correct,18700,0.0,1.0,200,0
N192_M96,all_zero,gain_only,correct,18800,0.0,1.0,200,0
N192_M96,all_zero,gain_only,correct,18900,0.0,1.0,200,0
N192_M96,all_zero,gain_only,correct,19000,0.0,1.0,200,0
N192_M96,all_zero,gain_only,correct,19100,0.0,1.0,200,0
N192_M96,all_zero,gain_only,correct,19200,0.0,1.0,200,0
N192_M96,all_zero,pSA,correct,0,0.0,1.0,200,0
N192_M96,all_zero,pSA,correct,100,0.0,1.0,200,0
N192_M96,all_zero,pSA,correct,200,0.0,1.0,200,0
N192_M96,all_zero,pSA,correct,300,0.0,1.0,200,0
N192_M96,all_zero,pSA,correct,400,0.0,1.0,200,0
N192_M96,all_zero,pSA,correct,500,0.0,1.0,200,0
N192_M96,all_zero,pSA,correct,600,0.0,1.0,200,0
N192_M96,all_zero,pSA,correct,700,0.0,1.0,200,0
N192_M96,all_zero,pSA,correct,800,0.0,1.0,200,0
N192_M96,all_zero,pSA,correct,900,0.0,1.0,200,0
N192_M96,all_zero,pSA,correct,1000,0.0,1.0,200,0
N192_M96,all_zero,pSA,correct,1100,0.0,1.0,200,0
N192_M96,all_zero,pSA,correct,1200,0.0,1.0,200,0
N192_M96,all_zero,pSA,correct,1300,0.0,1.0,200,0
N192_M96,all_zero,pSA,correct,1400,0.0,1.0,200,0
N192_M96,all_zero,pSA,correct,1500,0.0,1.0,200,0
N192_M96,all_zero,pSA,correct,1600,0.0,1.0,200,0
N192_M96,all_zero,pSA,correct,1700,0.0,1.0,200,0
N192_M96,all_zero,pSA,correct,1800,0.0,1.0,200,0
N192_M96,all_zero,pSA,correct,1900,0.0,1.0,200,0
N192_M96,all_zero,pSA,correct,2000,0.0,1.0,200,0
N192_M96,all_zero,pSA,correct,2100,0.0,1.0,200,0
N192_M96,all_zero,pSA,correct,2200,0.0,1.0,200,0
N192_M96,all_zero,pSA,correct,2300,0.0,1.0,200,0
N192_M96,all_zero,pSA,correct,2400,0.0,1.0,200,0
N192_M96,all_zero,pSA,correct,2500,0.0,1.0,200,0
N192_M96,all_zero,pSA,correct,2600,0.0,1.0,200,0
N192_M96,all_zero,pSA,correct,2700,0.0,1.0,200,0
N192_M96,all_zero,pSA,correct,2800,0.0,1.0,200,0
N192_M96,all_zero,pSA,correct,2900,0.0,1.0,200,0
N192_M96,all_zero,pSA,correct,3000,0.0,1.0,200,0
N192_M96,all_zero,pSA,correct,3100,0.0,1.0,200,0
N192_M96,all_zero,pSA,correct,3200,0.0,1.0,200,0
N192_M96,all_zero,pSA,correct,3300,0.0,1.0,200,0
N192_M96,all_zero,pSA,correct,3400,0.0,1.0,200,0
N192_M96,all_zero,pSA,correct,3500,0.0,1.0,200,0
N192_M96,all_zero,pSA,correct,3600,0.0,1.0,200,0
N192_M96,all_zero,pSA,correct,3700,0.0,1.0,200,0
N192_M96,all_zero,pSA,correct,3800,0.0,1.0,200,0
N192_M96,all_zero,pSA,correct,3900,0.0,1.0,200,0
N192_M96,all_zero,pSA,correct,4000,0.0,1.0,200,0
N192_M96,all_zero,pSA,correct,4100,0.0,1.0,200,0
N192_M96,all_zero,pSA,correct,4200,0.0,1.0,200,0
N192_M96,all_zero,pSA,correct,4300,0.0,1.0,200,0
N192_M96,all_zero,pSA,correct,4400,0.0,1.0,200,0
N192_M96,all_zero,pSA,correct,4500,0.0,1.0,200,0
N192_M96,all_zero,pSA,correct,4600,0.0,1.0,200,0
N192_M96,all_zero,pSA,correct,4700,0.0,1.0,200,0
N192_M96,all_zero,pSA,correct,4800,0.0,1.0,200,0
N192_M96,all_zero,pSA,correct,4900,0.0,1.0,200,0
N192_M96,all_zero,pSA,correct,5000,0.0,1.0,200,0
N192_M96,all_zero,pSA,correct,5100,0.0,1.0,200,0
N192_M96,all_zero,pSA,correct,5200,0.0,1.0,200,0
N192_M96,all_zero,pSA,correct,5300,0.0,1.0,200,0
N192_M96,all_zero,pSA,correct,5400,0.0,1.0,200,0
N192_M96,all_zero,pSA,correct,5500,0.0,1.0,200,0
N192_M96,all_zero,pSA,correct,5600,0.0,1.0,200,0
N192_M96,all_zero,pSA,correct,5700,0.0,1.0,200,0
N192_M96,all_zero,pSA,correct,5800,0.0,1.0,200,0
N192_M96,all_zero,pSA,correct,5900,0.0,1.0,200,0
N192_M96,all_zero,pSA,correct,6000,0.0,1.0,200,0
N192_M96,all_zero,pSA,correct,6100,0.0,1.0,200,0
N192_M96,all_zero,pSA,correct,6200,0.0,1.0,200,0
N192_M96,all_zero,pSA,correct,6300,0.0,1.0,200,0
N192_M96,all_zero,pSA,correct,6400,0.0,1.0,200,0
N192_M96,all_zero,pSA,correct,6500,0.0,1.0,200,0
N192_M96,all_zero,pSA,correct,6600,0.0,1.0,200,0
N192_M96,all_zero,pSA,correct,6700,0.0,1.0,200,0
N192_M96,all_zero,pSA,correct,6800,0.0,1.0,200,0
N192_M96,all_zero,pSA,correct,6900,0.0,1.0,200,0
N192_M96,all_zero,pSA,correct,7000,0.0,1.0,200,0
N192_M96,all_zero,pSA,correct,7100,0.0,1.0,200,0
N192_M96,all_zero,pSA,correct,7200,0.0,1.0,200,0
N192_M96,all_zero,pSA,correct,7300,0.0,1.0,200,0
N192_M96,all_zero,pSA,correct,7400,0.0,1.0,200,0
N192_M96,all_zero,pSA,correct,7500,0.0,1.0,200,0
N192_M96,all_zero,pSA,correct,7600,0.0,1.0,200,0
N192_M96,all_zero,pSA,correct,7700,0.0,1.0,200,0
N192_M96,all_zero,pSA,correct,7800,0.0,1.0,200,0
N192_M96,all_zero,pSA,correct,7900,0.0,1.0,200,0
N192_M96,all_zero,pSA,correct,8000,0.0,1.0,200,0
N192_M96,all_zero,pSA,correct,8100,0.0,1.0,200,0
N192_M96,all_zero,pSA,correct,8200,0.0,1.0,200,0
N192_M96,all_zero,pSA,correct,8300,0.0,1.0,200,0
N192_M96,all_zero,pSA,correct,8400,0.0,1.0,200,0
N192_M96,all_zero,pSA,correct,8500,0.0,1.0,200,0
N192_M96,all_zero,pSA,correct,8600,0.0,1.0,200,0
N192_M96,all_zero,pSA,correct,8700,0.0,1.0,200,0
N192_M96,all_zero,pSA,correct,8800,0.0,1.0,200,0
N192_M96,all_zero,pSA,correct,8900,0.0,1.0,200,0
N192_M96,all_zero,pSA,correct,9000,0.0,1.0,200,0
N192_M96,all_zero,pSA,correct,9100,0.0,1.0,200,0
N192_M96,all_zero,pSA,correct,9200,0.0,1.0,200,0
N192_M96,all_zero,pSA,correct,9300,0.0,1.0,200,0
N192_M96,all_zero,pSA,correct,9400,0.0,1.0,200,0
N192_M96,all_zero,pSA,correct,9500,0.0,1.0,200,0
N192_M96,all_zero,pSA,correct,9600,0.0,1.0,200,0
N192_M96,all_zero,pSA,correct,9700,0.0,1.0,200,0
N192_M96,all_zero,pSA,correct,9800,0.0,1.0,200,0
N192_M96,all_zero,pSA,correct,9900,0.0,1.0,200,0
N192_M96,all_zero,pSA,correct,10000,0.0,1.0,200,0
N192_M96,all_zero,pSA,correct,10100,0.0,1.0,200,0
N192_M96,all_zero,pSA,correct,10200,0.0,1.0,200,0
N192_M96,all_zero,pSA,correct,10300,0.0,1.0,200,0
N192_M96,all_zero,pSA,correct,10400,0.0,1.0,200,0
N192_M96,all_zero,pSA,correct,10500,0.0,1.0,200,0
N192_M96,all_zero,pSA,correct,10600,0.0,1.0,200,0
N192_M96,all_zero,pSA,correct,10700,0.0,1.0,200,0
N192_M96,all_zero,pSA,correct,10800,0.0,1.0,200,0
N192_M96,all_zero,pSA,correct,10900,0.0,1.0,200,0
N192_M96,all_zero,pSA,correct,11000,0.0,1.0,200,0
N192_M96,all_zero,pSA,correct,11100,0.0,1.0,200,0
N192_M96,all_zero,pSA,correct,11200,0.0,1.0,200,0
N192_M96,all_zero,pSA,correct,11300,0.0,1.0,200,0
N192_M96,all_zero,pSA,correct,11400,0.0,1.0,200,0
N192_M96,all_zero,pSA,correct,11500,0.0,1.0,200,0
N192_M96,all_zero,pSA,correct,11600,0.0,1.0,200,0
N192_M96,all_zero,pSA,correct,11700,0.0,1.0,200,0
N192_M96,all_zero,pSA,correct,11800,0.0,1.0,200,0
N192_M96,all_zero,pSA,correct,11900,0.0,1.0,200,0
N192_M96,all_zero,pSA,correct,12000,0.0,1.0,200,0
N192_M96,all_zero,pSA,correct,12100,0.0,1.0,200,0
N192_M96,all_zero,pSA,correct,12200,0.0,1.0,200,0
N192_M96,all_zero,pSA,correct,12300,0.0,1.0,200,0
N192_M96,all_zero,pSA,correct,12400,0.0,1.0,200,0
N192_M96,all_zero,pSA,correct,12500,0.0,1.0,200,0
N192_M96,all_zero,pSA,correct,12600,0.0,1.0,200,0
N192_M96,all_zero,pSA,correct,12700,0.0,1.0,200,0
N192_M96,all_zero,pSA,correct,12800,0.0,1.0,200,0
N192_M96,all_zero,pSA,correct,12900,0.0,1.0,200,0
N192_M96,all_zero,pSA,correct,13000,0.0,1.0,200,0
N192_M96,all_zero,pSA,correct,13100,0.0,1.0,200,0
N192_M96,all_zero,pSA,correct,13200,0.0,1.0,200,0
N192_M96,all_zero,pSA,correct,13300,0.0,1.0,200,0
N192_M96,all_zero,pSA,correct,13400,0.0,1.0,200,0
N192_M96,all_zero,pSA,correct,13500,0.0,1.0,200,0
N192_M96,all_zero,pSA,correct,13600,0.0,1.0,200,0
N192_M96,all_zero,pSA,correct,13700,0.0,1.0,200,0
N192_M96,all_zero,pSA,correct,13800,0.0,1.0,200,0
N192_M96,all_zero,pSA,correct,13900,0.0,1.0,200,0
N192_M96,all_zero,pSA,correct,14000,0.0,1.0,200,0
N192_M96,all_zero,pSA,correct,14100,0.0,1.0,200,0
N192_M96,all_zero,pSA,correct,14200,0.0,1.0,200,0
N192_M96,all_zero,pSA,correct,14300,0.0,1.0,200,0
N192_M96,all_zero,pSA,correct,14400,0.0,1.0,200,0
N192_M96,all_zero,pSA,correct,14500,0.0,1.0,200,0
N192_M96,all_zero,pSA,correct,14600,0.0,1.0,200,0
N192_M96,all_zero,pSA,correct,14700,0.0,1.0,200,0
N192_M96,all_zero,pSA,correct,14800,0.0,1.0,200,0
N192_M96,all_zero,pSA,correct,14900,0.0,1.0,200,0
N192_M96,all_zero,pSA,correct,15000,0.0,1.0,200,0
N192_M96,all_zero,pSA,correct,15100,0.0,1.0,200,0
N192_M96,all_zero,pSA,correct,15200,0.0,1.0,200,0
N192_M96,all_zero,pSA,correct,15300,0.0,1.0,200,0
N192_M96,all_zero,pSA,correct,15400,0.0,1.0,200,0
N192_M96,all_zero,pSA,correct,15500,0.0,1.0,200,0
N192_M96,all_zero,pSA,correct,15600,0.0,1.0,200,0
N192_M96,all_zero,pSA,correct,15700,0.0,1.0,200,0
N192_M96,all_zero,pSA,correct,15800,0.0,1.0,200,0
N192_M96,all_zero,pSA,correct,15900,0.0,1.0,200,0
N192_M96,all_zero,pSA,correct,16000,0.0,1.0,200,0
N192_M96,all_zero,pSA,correct,16100,0.0,1.0,200,0
N192_M96,all_zero,pSA,correct,16200,0.0,1.0,200,0
N192_M96,all_zero,pSA,correct,16300,0.0,1.0,200,0
N192_M96,all_zero,pSA,correct,16400,0.0,1.0,200,0
N192_M96,all_zero,pSA,correct,16500,0.0,1.0,200,0
N192_M96,all_zero,pSA,correct,16600,0.0,1.0,200,0
N192_M96,all_zero,pSA,correct,16700,0.0,1.0,200,0
N192_M96,all_zero,pSA,correct,16800,0.0,1.0,200,0
N192_M96,all_zero,pSA,correct,16900,0.0,1.0,200,0
N192_M96,all_zero,pSA,correct,17000,0.0,1.0,200,0
N192_M96,all_zero,pSA,correct,17100,0.0,1.0,200,0
N192_M96,all_zero,pSA,correct,17200,0.0,1.0,200,0
N192_M96,all_zero,pSA,correct,17300,0.0,1.0,200,0
N192_M96,all_zero,pSA,correct,17400,0.0,1.0,200,0
N192_M96,all_zero,pSA,correct,17500,0.0,1.0,200,0
N192_M96,all_zero,pSA,correct,17600,0.0,1.0,200,0
N192_M96,all_zero,pSA,correct,17700,0.0,1.0,200,0
N192_M96,all_zero,pSA,correct,17800,0.0,1.0,200,0
N192_M96,all_zero,pSA,correct,17900,0.0,1.0,200,0
N192_M96,all_zero,pSA,correct,18000,0.0,1.0,200,0
N192_M96,all_zero,pSA,correct,18100,0.0,1.0,200,0
N192_M96,all_zero,pSA,correct,18200,0.0,1.0,200,0
N192_M96,all_zero,pSA,correct,18300,0.0,1.0,200,0
N192_M96,all_zero,pSA,correct,18400,0.0,1.0,200,0
N192_M96,all_zero,pSA,correct,18500,0.0,1.0,200,0
N192_M96,all_zero,pSA,correct,18600,0.0,1.0,200,0
N192_M96,all_zero,pSA,correct,18700,0.0,1.0,200,0
N192_M96,all_zero,pSA,correct,18800,0.0,1.0,200,0
N192_M96,all_zero,pSA,correct,18900,0.0,1.0,200,0
N192_M96,all_zero,pSA,correct,19000,0.0,1.0,200,0
N192_M96,all_zero,pSA,correct,19100,0.0,1.0,200,0
N192_M96,all_zero,pSA,correct,19200,0.0,1.0,200,0
N192_M96,all_zero,shuffled,correct,0,0.0,1.0,200,0
N192_M96,all_zero,shuffled,correct,100,0.0,1.0,200,0
N192_M96,all_zero,shuffled,correct,200,0.0,1.0,200,0
N192_M96,all_zero,shuffled,correct,300,0.0,1.0,200,0
N192_M96,all_zero,shuffled,correct,400,0.0,1.0,200,0
N192_M96,all_zero,shuffled,correct,500,0.0,1.0,200,0
N192_M96,all_zero,shuffled,correct,600,0.0,1.0,200,0
N192_M96,all_zero,shuffled,correct,700,0.0,1.0,200,0
N192_M96,all_zero,shuffled,correct,800,0.0,1.0,200,0
N192_M96,all_zero,shuffled,correct,900,0.0,1.0,200,0
N192_M96,all_zero,shuffled,correct,1000,0.0,1.0,200,0
N192_M96,all_zero,shuffled,correct,1100,0.0,1.0,200,0
N192_M96,all_zero,shuffled,correct,1200,0.0,1.0,200,0
N192_M96,all_zero,shuffled,correct,1300,0.0,1.0,200,0
N192_M96,all_zero,shuffled,correct,1400,0.0,1.0,200,0
N192_M96,all_zero,shuffled,correct,1500,0.0,1.0,200,0
N192_M96,all_zero,shuffled,correct,1600,0.0,1.0,200,0
N192_M96,all_zero,shuffled,correct,1700,0.0,1.0,200,0
N192_M96,all_zero,shuffled,correct,1800,0.0,1.0,200,0
N192_M96,all_zero,shuffled,correct,1900,0.0,1.0,200,0
N192_M96,all_zero,shuffled,correct,2000,0.0,1.0,200,0
N192_M96,all_zero,shuffled,correct,2100,0.0,1.0,200,0
N192_M96,all_zero,shuffled,correct,2200,0.0,1.0,200,0
N192_M96,all_zero,shuffled,correct,2300,0.0,1.0,200,0
N192_M96,all_zero,shuffled,correct,2400,0.0,1.0,200,0
N192_M96,all_zero,shuffled,correct,2500,0.0,1.0,200,0
N192_M96,all_zero,shuffled,correct,2600,0.0,1.0,200,0
N192_M96,all_zero,shuffled,correct,2700,0.0,1.0,200,0
N192_M96,all_zero,shuffled,correct,2800,0.0,1.0,200,0
N192_M96,all_zero,shuffled,correct,2900,0.0,1.0,200,0
N192_M96,all_zero,shuffled,correct,3000,0.0,1.0,200,0
N192_M96,all_zero,shuffled,correct,3100,0.0,1.0,200,0
N192_M96,all_zero,shuffled,correct,3200,0.0,1.0,200,0
N192_M96,all_zero,shuffled,correct,3300,0.0,1.0,200,0
N192_M96,all_zero,shuffled,correct,3400,0.0,1.0,200,0
N192_M96,all_zero,shuffled,correct,3500,0.0,1.0,200,0
N192_M96,all_zero,shuffled,correct,3600,0.0,1.0,200,0
N192_M96,all_zero,shuffled,correct,3700,0.0,1.0,200,0
N192_M96,all_zero,shuffled,correct,3800,0.0,1.0,200,0
N192_M96,all_zero,shuffled,correct,3900,0.0,1.0,200,0
N192_M96,all_zero,shuffled,correct,4000,0.0,1.0,200,0
N192_M96,all_zero,shuffled,correct,4100,0.0,1.0,200,0
N192_M96,all_zero,shuffled,correct,4200,0.0,1.0,200,0
N192_M96,all_zero,shuffled,correct,4300,0.0,1.0,200,0
N192_M96,all_zero,shuffled,correct,4400,0.0,1.0,200,0
N192_M96,all_zero,shuffled,correct,4500,0.0,1.0,200,0
N192_M96,all_zero,shuffled,correct,4600,0.0,1.0,200,0
N192_M96,all_zero,shuffled,correct,4700,0.0,1.0,200,0
N192_M96,all_zero,shuffled,correct,4800,0.0,1.0,200,0
N192_M96,all_zero,shuffled,correct,4900,0.0,1.0,200,0
N192_M96,all_zero,shuffled,correct,5000,0.0,1.0,200,0
N192_M96,all_zero,shuffled,correct,5100,0.0,1.0,200,0
N192_M96,all_zero,shuffled,correct,5200,0.0,1.0,200,0
N192_M96,all_zero,shuffled,correct,5300,0.0,1.0,200,0
N192_M96,all_zero,shuffled,correct,5400,0.0,1.0,200,0
N192_M96,all_zero,shuffled,correct,5500,0.0,1.0,200,0
N192_M96,all_zero,shuffled,correct,5600,0.0,1.0,200,0
N192_M96,all_zero,shuffled,correct,5700,0.0,1.0,200,0
N192_M96,all_zero,shuffled,correct,5800,0.0,1.0,200,0
N192_M96,all_zero,shuffled,correct,5900,0.0,1.0,200,0
N192_M96,all_zero,shuffled,correct,6000,0.0,1.0,200,0
N192_M96,all_zero,shuffled,correct,6100,0.0,1.0,200,0
N192_M96,all_zero,shuffled,correct,6200,0.0,1.0,200,0
N192_M96,all_zero,shuffled,correct,6300,0.0,1.0,200,0
N192_M96,all_zero,shuffled,correct,6400,0.0,1.0,200,0
N192_M96,all_zero,shuffled,correct,6500,0.0,1.0,200,0
N192_M96,all_zero,shuffled,correct,6600,0.0,1.0,200,0
N192_M96,all_zero,shuffled,correct,6700,0.0,1.0,200,0
N192_M96,all_zero,shuffled,correct,6800,0.0,1.0,200,0
N192_M96,all_zero,shuffled,correct,6900,0.0,1.0,200,0
N192_M96,all_zero,shuffled,correct,7000,0.0,1.0,200,0
N192_M96,all_zero,shuffled,correct,7100,0.0,1.0,200,0
N192_M96,all_zero,shuffled,correct,7200,0.0,1.0,200,0
N192_M96,all_zero,shuffled,correct,7300,0.0,1.0,200,0
N192_M96,all_zero,shuffled,correct,7400,0.0,1.0,200,0
N192_M96,all_zero,shuffled,correct,7500,0.0,1.0,200,0
N192_M96,all_zero,shuffled,correct,7600,0.0,1.0,200,0
N192_M96,all_zero,shuffled,correct,7700,0.0,1.0,200,0
N192_M96,all_zero,shuffled,correct,7800,0.0,1.0,200,0
N192_M96,all_zero,shuffled,correct,7900,0.0,1.0,200,0
N192_M96,all_zero,shuffled,correct,8000,0.0,1.0,200,0
N192_M96,all_zero,shuffled,correct,8100,0.0,1.0,200,0
N192_M96,all_zero,shuffled,correct,8200,0.0,1.0,200,0
N192_M96,all_zero,shuffled,correct,8300,0.0,1.0,200,0
N192_M96,all_zero,shuffled,correct,8400,0.0,1.0,200,0
N192_M96,all_zero,shuffled,correct,8500,0.0,1.0,200,0
N192_M96,all_zero,shuffled,correct,8600,0.0,1.0,200,0
N192_M96,all_zero,shuffled,correct,8700,0.0,1.0,200,0
N192_M96,all_zero,shuffled,correct,8800,0.0,1.0,200,0
N192_M96,all_zero,shuffled,correct,8900,0.0,1.0,200,0
N192_M96,all_zero,shuffled,correct,9000,0.0,1.0,200,0
N192_M96,all_zero,shuffled,correct,9100,0.0,1.0,200,0
N192_M96,all_zero,shuffled,correct,9200,0.0,1.0,200,0
N192_M96,all_zero,shuffled,correct,9300,0.0,1.0,200,0
N192_M96,all_zero,shuffled,correct,9400,0.0,1.0,200,0
N192_M96,all_zero,shuffled,correct,9500,0.0,1.0,200,0
N192_M96,all_zero,shuffled,correct,9600,0.0,1.0,200,0
N192_M96,all_zero,shuffled,correct,9700,0.0,1.0,200,0
N192_M96,all_zero,shuffled,correct,9800,0.0,1.0,200,0
N192_M96,all_zero,shuffled,correct,9900,0.0,1.0,200,0
N192_M96,all_zero,shuffled,correct,10000,0.0,1.0,200,0
N192_M96,all_zero,shuffled,correct,10100,0.0,1.0,200,0
N192_M96,all_zero,shuffled,correct,10200,0.0,1.0,200,0
N192_M96,all_zero,shuffled,correct,10300,0.0,1.0,200,0
N192_M96,all_zero,shuffled,correct,10400,0.0,1.0,200,0
N192_M96,all_zero,shuffled,correct,10500,0.0,1.0,200,0
N192_M96,all_zero,shuffled,correct,10600,0.0,1.0,200,0
N192_M96,all_zero,shuffled,correct,10700,0.0,1.0,200,0
N192_M96,all_zero,shuffled,correct,10800,0.0,1.0,200,0
N192_M96,all_zero,shuffled,correct,10900,0.0,1.0,200,0
N192_M96,all_zero,shuffled,correct,11000,0.0,1.0,200,0
N192_M96,all_zero,shuffled,correct,11100,0.0,1.0,200,0
N192_M96,all_zero,shuffled,correct,11200,0.0,1.0,200,0
N192_M96,all_zero,shuffled,correct,11300,0.0,1.0,200,0
N192_M96,all_zero,shuffled,correct,11400,0.0,1.0,200,0
N192_M96,all_zero,shuffled,correct,11500,0.0,1.0,200,0
N192_M96,all_zero,shuffled,correct,11600,0.0,1.0,200,0
N192_M96,all_zero,shuffled,correct,11700,0.0,1.0,200,0
N192_M96,all_zero,shuffled,correct,11800,0.0,1.0,200,0
N192_M96,all_zero,shuffled,correct,11900,0.0,1.0,200,0
N192_M96,all_zero,shuffled,correct,12000,0.0,1.0,200,0
N192_M96,all_zero,shuffled,correct,12100,0.0,1.0,200,0
N192_M96,all_zero,shuffled,correct,12200,0.0,1.0,200,0
N192_M96,all_zero,shuffled,correct,12300,0.0,1.0,200,0
N192_M96,all_zero,shuffled,correct,12400,0.0,1.0,200,0
N192_M96,all_zero,shuffled,correct,12500,0.0,1.0,200,0
N192_M96,all_zero,shuffled,correct,12600,0.0,1.0,200,0
N192_M96,all_zero,shuffled,correct,12700,0.0,1.0,200,0
N192_M96,all_zero,shuffled,correct,12800,0.0,1.0,200,0
N192_M96,all_zero,shuffled,correct,12900,0.0,1.0,200,0
N192_M96,all_zero,shuffled,correct,13000,0.0,1.0,200,0
N192_M96,all_zero,shuffled,correct,13100,0.0,1.0,200,0
N192_M96,all_zero,shuffled,correct,13200,0.0,1.0,200,0
N192_M96,all_zero,shuffled,correct,13300,0.0,1.0,200,0
N192_M96,all_zero,shuffled,correct,13400,0.0,1.0,200,0
N192_M96,all_zero,shuffled,correct,13500,0.0,1.0,200,0
N192_M96,all_zero,shuffled,correct,13600,0.0,1.0,200,0
N192_M96,all_zero,shuffled,correct,13700,0.0,1.0,200,0
N192_M96,all_zero,shuffled,correct,13800,0.0,1.0,200,0
N192_M96,all_zero,shuffled,correct,13900,0.0,1.0,200,0
N192_M96,all_zero,shuffled,correct,14000,0.0,1.0,200,0
N192_M96,all_zero,shuffled,correct,14100,0.0,1.0,200,0
N192_M96,all_zero,shuffled,correct,14200,0.0,1.0,200,0
N192_M96,all_zero,shuffled,correct,14300,0.0,1.0,200,0
N192_M96,all_zero,shuffled,correct,14400,0.0,1.0,200,0
N192_M96,all_zero,shuffled,correct,14500,0.0,1.0,200,0
N192_M96,all_zero,shuffled,correct,14600,0.0,1.0,200,0
N192_M96,all_zero,shuffled,correct,14700,0.0,1.0,200,0
N192_M96,all_zero,shuffled,correct,14800,0.0,1.0,200,0
N192_M96,all_zero,shuffled,correct,14900,0.0,1.0,200,0
N192_M96,all_zero,shuffled,correct,15000,0.0,1.0,200,0
N192_M96,all_zero,shuffled,correct,15100,0.0,1.0,200,0
N192_M96,all_zero,shuffled,correct,15200,0.0,1.0,200,0
N192_M96,all_zero,shuffled,correct,15300,0.0,1.0,200,0
N192_M96,all_zero,shuffled,correct,15400,0.0,1.0,200,0
N192_M96,all_zero,shuffled,correct,15500,0.0,1.0,200,0
N192_M96,all_zero,shuffled,correct,15600,0.0,1.0,200,0
N192_M96,all_zero,shuffled,correct,15700,0.0,1.0,200,0
N192_M96,all_zero,shuffled,correct,15800,0.0,1.0,200,0
N192_M96,all_zero,shuffled,correct,15900,0.0,1.0,200,0
N192_M96,all_zero,shuffled,correct,16000,0.0,1.0,200,0
N192_M96,all_zero,shuffled,correct,16100,0.0,1.0,200,0
N192_M96,all_zero,shuffled,correct,16200,0.0,1.0,200,0
N192_M96,all_zero,shuffled,correct,16300,0.0,1.0,200,0
N192_M96,all_zero,shuffled,correct,16400,0.0,1.0,200,0
N192_M96,all_zero,shuffled,correct,16500,0.0,1.0,200,0
N192_M96,all_zero,shuffled,correct,16600,0.0,1.0,200,0
N192_M96,all_zero,shuffled,correct,16700,0.0,1.0,200,0
N192_M96,all_zero,shuffled,correct,16800,0.0,1.0,200,0
N192_M96,all_zero,shuffled,correct,16900,0.0,1.0,200,0
N192_M96,all_zero,shuffled,correct,17000,0.0,1.0,200,0
N192_M96,all_zero,shuffled,correct,17100,0.0,1.0,200,0
N192_M96,all_zero,shuffled,correct,17200,0.0,1.0,200,0
N192_M96,all_zero,shuffled,correct,17300,0.0,1.0,200,0
N192_M96,all_zero,shuffled,correct,17400,0.0,1.0,200,0
N192_M96,all_zero,shuffled,correct,17500,0.0,1.0,200,0
N192_M96,all_zero,shuffled,correct,17600,0.0,1.0,200,0
N192_M96,all_zero,shuffled,correct,17700,0.0,1.0,200,0
N192_M96,all_zero,shuffled,correct,17800,0.0,1.0,200,0
N192_M96,all_zero,shuffled,correct,17900,0.0,1.0,200,0
N192_M96,all_zero,shuffled,correct,18000,0.0,1.0,200,0
N192_M96,all_zero,shuffled,correct,18100,0.0,1.0,200,0
N192_M96,all_zero,shuffled,correct,18200,0.0,1.0,200,0
N192_M96,all_zero,shuffled,correct,18300,0.0,1.0,200,0
N192_M96,all_zero,shuffled,correct,18400,0.0,1.0,200,0
N192_M96,all_zero,shuffled,correct,18500,0.0,1.0,200,0
N192_M96,all_zero,shuffled,correct,18600,0.0,1.0,200,0
N192_M96,all_zero,shuffled,correct,18700,0.0,1.0,200,0
N192_M96,all_zero,shuffled,correct,18800,0.0,1.0,200,0
N192_M96,all_zero,shuffled,correct,18900,0.0,1.0,200,0
N192_M96,all_zero,shuffled,correct,19000,0.0,1.0,200,0
N192_M96,all_zero,shuffled,correct,19100,0.0,1.0,200,0
N192_M96,all_zero,shuffled,correct,19200,0.0,1.0,200,0
N192_M96,channel_hard,additive,correct,0,0.0,1.0,200,192
N192_M96,channel_hard,additive,correct,100,0.055,0.945,200,192
N192_M96,channel_hard,additive,correct,200,0.21,0.79,200,192
N192_M96,channel_hard,additive,correct,300,0.345,0.655,200,192
N192_M96,channel_hard,additive,correct,400,0.425,0.575,200,192
N192_M96,channel_hard,additive,correct,500,0.48,0.52,200,192
N192_M96,channel_hard,additive,correct,600,0.535,0.46499999999999997,200,192
N192_M96,channel_hard,additive,correct,700,0.585,0.41500000000000004,200,192
N192_M96,channel_hard,additive,correct,800,0.615,0.385,200,192
N192_M96,channel_hard,additive,correct,900,0.64,0.36,200,192
N192_M96,channel_hard,additive,correct,1000,0.69,0.31000000000000005,200,192
N192_M96,channel_hard,additive,correct,1100,0.705,0.29500000000000004,200,192
N192_M96,channel_hard,additive,correct,1200,0.73,0.27,200,192
N192_M96,channel_hard,additive,correct,1300,0.735,0.265,200,192
N192_M96,channel_hard,additive,correct,1400,0.755,0.245,200,192
N192_M96,channel_hard,additive,correct,1500,0.755,0.245,200,192
N192_M96,channel_hard,additive,correct,1600,0.765,0.235,200,192
N192_M96,channel_hard,additive,correct,1700,0.77,0.22999999999999998,200,192
N192_M96,channel_hard,additive,correct,1800,0.77,0.22999999999999998,200,192
N192_M96,channel_hard,additive,correct,1900,0.775,0.22499999999999998,200,192
N192_M96,channel_hard,additive,correct,2000,0.78,0.21999999999999997,200,192
N192_M96,channel_hard,additive,correct,2100,0.785,0.21499999999999997,200,192
N192_M96,channel_hard,additive,correct,2200,0.795,0.20499999999999996,200,192
N192_M96,channel_hard,additive,correct,2300,0.8,0.19999999999999996,200,192
N192_M96,channel_hard,additive,correct,2400,0.805,0.19499999999999995,200,192
N192_M96,channel_hard,additive,correct,2500,0.81,0.18999999999999995,200,192
N192_M96,channel_hard,additive,correct,2600,0.825,0.17500000000000004,200,192
N192_M96,channel_hard,additive,correct,2700,0.83,0.17000000000000004,200,192
N192_M96,channel_hard,additive,correct,2800,0.84,0.16000000000000003,200,192
N192_M96,channel_hard,additive,correct,2900,0.845,0.15500000000000003,200,192
N192_M96,channel_hard,additive,correct,3000,0.845,0.15500000000000003,200,192
N192_M96,channel_hard,additive,correct,3100,0.845,0.15500000000000003,200,192
N192_M96,channel_hard,additive,correct,3200,0.845,0.15500000000000003,200,192
N192_M96,channel_hard,additive,correct,3300,0.845,0.15500000000000003,200,192
N192_M96,channel_hard,additive,correct,3400,0.85,0.15000000000000002,200,192
N192_M96,channel_hard,additive,correct,3500,0.855,0.14500000000000002,200,192
N192_M96,channel_hard,additive,correct,3600,0.855,0.14500000000000002,200,192
N192_M96,channel_hard,additive,correct,3700,0.86,0.14,200,192
N192_M96,channel_hard,additive,correct,3800,0.86,0.14,200,192
N192_M96,channel_hard,additive,correct,3900,0.86,0.14,200,192
N192_M96,channel_hard,additive,correct,4000,0.86,0.14,200,192
N192_M96,channel_hard,additive,correct,4100,0.86,0.14,200,192
N192_M96,channel_hard,additive,correct,4200,0.86,0.14,200,192
N192_M96,channel_hard,additive,correct,4300,0.86,0.14,200,192
N192_M96,channel_hard,additive,correct,4400,0.865,0.135,200,192
N192_M96,channel_hard,additive,correct,4500,0.87,0.13,200,192
N192_M96,channel_hard,additive,correct,4600,0.875,0.125,200,192
N192_M96,channel_hard,additive,correct,4700,0.88,0.12,200,192
N192_M96,channel_hard,additive,correct,4800,0.88,0.12,200,192
N192_M96,channel_hard,additive,correct,4900,0.885,0.11499999999999999,200,192
N192_M96,channel_hard,additive,correct,5000,0.885,0.11499999999999999,200,192
N192_M96,channel_hard,additive,correct,5100,0.885,0.11499999999999999,200,192
N192_M96,channel_hard,additive,correct,5200,0.885,0.11499999999999999,200,192
N192_M96,channel_hard,additive,correct,5300,0.89,0.10999999999999999,200,192
N192_M96,channel_hard,additive,correct,5400,0.89,0.10999999999999999,200,192
N192_M96,channel_hard,additive,correct,5500,0.89,0.10999999999999999,200,192
N192_M96,channel_hard,additive,correct,5600,0.895,0.10499999999999998,200,192
N192_M96,channel_hard,additive,correct,5700,0.895,0.10499999999999998,200,192
N192_M96,channel_hard,additive,correct,5800,0.9,0.09999999999999998,200,192
N192_M96,channel_hard,additive,correct,5900,0.91,0.08999999999999997,200,192
N192_M96,channel_hard,additive,correct,6000,0.91,0.08999999999999997,200,192
N192_M96,channel_hard,additive,correct,6100,0.915,0.08499999999999996,200,192
N192_M96,channel_hard,additive,correct,6200,0.915,0.08499999999999996,200,192
N192_M96,channel_hard,additive,correct,6300,0.92,0.07999999999999996,200,192
N192_M96,channel_hard,additive,correct,6400,0.92,0.07999999999999996,200,192
N192_M96,channel_hard,additive,correct,6500,0.92,0.07999999999999996,200,192
N192_M96,channel_hard,additive,correct,6600,0.92,0.07999999999999996,200,192
N192_M96,channel_hard,additive,correct,6700,0.925,0.07499999999999996,200,192
N192_M96,channel_hard,additive,correct,6800,0.925,0.07499999999999996,200,192
N192_M96,channel_hard,additive,correct,6900,0.925,0.07499999999999996,200,192
N192_M96,channel_hard,additive,correct,7000,0.93,0.06999999999999995,200,192
N192_M96,channel_hard,additive,correct,7100,0.93,0.06999999999999995,200,192
N192_M96,channel_hard,additive,correct,7200,0.93,0.06999999999999995,200,192
N192_M96,channel_hard,additive,correct,7300,0.93,0.06999999999999995,200,192
N192_M96,channel_hard,additive,correct,7400,0.93,0.06999999999999995,200,192
N192_M96,channel_hard,additive,correct,7500,0.935,0.06499999999999995,200,192
N192_M96,channel_hard,additive,correct,7600,0.935,0.06499999999999995,200,192
N192_M96,channel_hard,additive,correct,7700,0.935,0.06499999999999995,200,192
N192_M96,channel_hard,additive,correct,7800,0.935,0.06499999999999995,200,192
N192_M96,channel_hard,additive,correct,7900,0.935,0.06499999999999995,200,192
N192_M96,channel_hard,additive,correct,8000,0.935,0.06499999999999995,200,192
N192_M96,channel_hard,additive,correct,8100,0.935,0.06499999999999995,200,192
N192_M96,channel_hard,additive,correct,8200,0.935,0.06499999999999995,200,192
N192_M96,channel_hard,additive,correct,8300,0.935,0.06499999999999995,200,192
N192_M96,channel_hard,additive,correct,8400,0.935,0.06499999999999995,200,192
N192_M96,channel_hard,additive,correct,8500,0.935,0.06499999999999995,200,192
N192_M96,channel_hard,additive,correct,8600,0.935,0.06499999999999995,200,192
N192_M96,channel_hard,additive,correct,8700,0.94,0.06000000000000005,200,192
N192_M96,channel_hard,additive,correct,8800,0.94,0.06000000000000005,200,192
N192_M96,channel_hard,additive,correct,8900,0.94,0.06000000000000005,200,192
N192_M96,channel_hard,additive,correct,9000,0.94,0.06000000000000005,200,192
N192_M96,channel_hard,additive,correct,9100,0.94,0.06000000000000005,200,192
N192_M96,channel_hard,additive,correct,9200,0.94,0.06000000000000005,200,192
N192_M96,channel_hard,additive,correct,9300,0.94,0.06000000000000005,200,192
N192_M96,channel_hard,additive,correct,9400,0.94,0.06000000000000005,200,192
N192_M96,channel_hard,additive,correct,9500,0.94,0.06000000000000005,200,192
N192_M96,channel_hard,additive,correct,9600,0.94,0.06000000000000005,200,192
N192_M96,channel_hard,additive,correct,9700,0.94,0.06000000000000005,200,192
N192_M96,channel_hard,additive,correct,9800,0.94,0.06000000000000005,200,192
N192_M96,channel_hard,additive,correct,9900,0.94,0.06000000000000005,200,192
N192_M96,channel_hard,additive,correct,10000,0.94,0.06000000000000005,200,192
N192_M96,channel_hard,additive,correct,10100,0.94,0.06000000000000005,200,192
N192_M96,channel_hard,additive,correct,10200,0.94,0.06000000000000005,200,192
N192_M96,channel_hard,additive,correct,10300,0.94,0.06000000000000005,200,192
N192_M96,channel_hard,additive,correct,10400,0.94,0.06000000000000005,200,192
N192_M96,channel_hard,additive,correct,10500,0.945,0.05500000000000005,200,192
N192_M96,channel_hard,additive,correct,10600,0.945,0.05500000000000005,200,192
N192_M96,channel_hard,additive,correct,10700,0.945,0.05500000000000005,200,192
N192_M96,channel_hard,additive,correct,10800,0.945,0.05500000000000005,200,192
N192_M96,channel_hard,additive,correct,10900,0.945,0.05500000000000005,200,192
N192_M96,channel_hard,additive,correct,11000,0.945,0.05500000000000005,200,192
N192_M96,channel_hard,additive,correct,11100,0.945,0.05500000000000005,200,192
N192_M96,channel_hard,additive,correct,11200,0.945,0.05500000000000005,200,192
N192_M96,channel_hard,additive,correct,11300,0.945,0.05500000000000005,200,192
N192_M96,channel_hard,additive,correct,11400,0.945,0.05500000000000005,200,192
N192_M96,channel_hard,additive,correct,11500,0.945,0.05500000000000005,200,192
N192_M96,channel_hard,additive,correct,11600,0.945,0.05500000000000005,200,192
N192_M96,channel_hard,additive,correct,11700,0.945,0.05500000000000005,200,192
N192_M96,channel_hard,additive,correct,11800,0.945,0.05500000000000005,200,192
N192_M96,channel_hard,additive,correct,11900,0.945,0.05500000000000005,200,192
N192_M96,channel_hard,additive,correct,12000,0.945,0.05500000000000005,200,192
N192_M96,channel_hard,additive,correct,12100,0.945,0.05500000000000005,200,192
N192_M96,channel_hard,additive,correct,12200,0.945,0.05500000000000005,200,192
N192_M96,channel_hard,additive,correct,12300,0.945,0.05500000000000005,200,192
N192_M96,channel_hard,additive,correct,12400,0.945,0.05500000000000005,200,192
N192_M96,channel_hard,additive,correct,12500,0.945,0.05500000000000005,200,192
N192_M96,channel_hard,additive,correct,12600,0.945,0.05500000000000005,200,192
N192_M96,channel_hard,additive,correct,12700,0.945,0.05500000000000005,200,192
N192_M96,channel_hard,additive,correct,12800,0.945,0.05500000000000005,200,192
N192_M96,channel_hard,additive,correct,12900,0.945,0.05500000000000005,200,192
N192_M96,channel_hard,additive,correct,13000,0.945,0.05500000000000005,200,192
N192_M96,channel_hard,additive,correct,13100,0.945,0.05500000000000005,200,192
N192_M96,channel_hard,additive,correct,13200,0.945,0.05500000000000005,200,192
N192_M96,channel_hard,additive,correct,13300,0.945,0.05500000000000005,200,192
N192_M96,channel_hard,additive,correct,13400,0.945,0.05500000000000005,200,192
N192_M96,channel_hard,additive,correct,13500,0.945,0.05500000000000005,200,192
N192_M96,channel_hard,additive,correct,13600,0.945,0.05500000000000005,200,192
N192_M96,channel_hard,additive,correct,13700,0.945,0.05500000000000005,200,192
N192_M96,channel_hard,additive,correct,13800,0.945,0.05500000000000005,200,192
N192_M96,channel_hard,additive,correct,13900,0.945,0.05500000000000005,200,192
N192_M96,channel_hard,additive,correct,14000,0.945,0.05500000000000005,200,192
N192_M96,channel_hard,additive,correct,14100,0.945,0.05500000000000005,200,192
N192_M96,channel_hard,additive,correct,14200,0.945,0.05500000000000005,200,192
N192_M96,channel_hard,additive,correct,14300,0.945,0.05500000000000005,200,192
N192_M96,channel_hard,additive,correct,14400,0.945,0.05500000000000005,200,192
N192_M96,channel_hard,additive,correct,14500,0.945,0.05500000000000005,200,192
N192_M96,channel_hard,additive,correct,14600,0.945,0.05500000000000005,200,192
N192_M96,channel_hard,additive,correct,14700,0.95,0.050000000000000044,200,192
N192_M96,channel_hard,additive,correct,14800,0.95,0.050000000000000044,200,192
N192_M96,channel_hard,additive,correct,14900,0.95,0.050000000000000044,200,192
N192_M96,channel_hard,additive,correct,15000,0.955,0.04500000000000004,200,192
N192_M96,channel_hard,additive,correct,15100,0.955,0.04500000000000004,200,192
N192_M96,channel_hard,additive,correct,15200,0.955,0.04500000000000004,200,192
N192_M96,channel_hard,additive,correct,15300,0.96,0.040000000000000036,200,192
N192_M96,channel_hard,additive,correct,15400,0.96,0.040000000000000036,200,192
N192_M96,channel_hard,additive,correct,15500,0.96,0.040000000000000036,200,192
N192_M96,channel_hard,additive,correct,15600,0.96,0.040000000000000036,200,192
N192_M96,channel_hard,additive,correct,15700,0.96,0.040000000000000036,200,192
N192_M96,channel_hard,additive,correct,15800,0.96,0.040000000000000036,200,192
N192_M96,channel_hard,additive,correct,15900,0.96,0.040000000000000036,200,192
N192_M96,channel_hard,additive,correct,16000,0.96,0.040000000000000036,200,192
N192_M96,channel_hard,additive,correct,16100,0.96,0.040000000000000036,200,192
N192_M96,channel_hard,additive,correct,16200,0.96,0.040000000000000036,200,192
N192_M96,channel_hard,additive,correct,16300,0.96,0.040000000000000036,200,192
N192_M96,channel_hard,additive,correct,16400,0.96,0.040000000000000036,200,192
N192_M96,channel_hard,additive,correct,16500,0.96,0.040000000000000036,200,192
N192_M96,channel_hard,additive,correct,16600,0.96,0.040000000000000036,200,192
N192_M96,channel_hard,additive,correct,16700,0.96,0.040000000000000036,200,192
N192_M96,channel_hard,additive,correct,16800,0.96,0.040000000000000036,200,192
N192_M96,channel_hard,additive,correct,16900,0.96,0.040000000000000036,200,192
N192_M96,channel_hard,additive,correct,17000,0.96,0.040000000000000036,200,192
N192_M96,channel_hard,additive,correct,17100,0.96,0.040000000000000036,200,192
N192_M96,channel_hard,additive,correct,17200,0.96,0.040000000000000036,200,192
N192_M96,channel_hard,additive,correct,17300,0.96,0.040000000000000036,200,192
N192_M96,channel_hard,additive,correct,17400,0.96,0.040000000000000036,200,192
N192_M96,channel_hard,additive,correct,17500,0.96,0.040000000000000036,200,192
N192_M96,channel_hard,additive,correct,17600,0.96,0.040000000000000036,200,192
N192_M96,channel_hard,additive,correct,17700,0.96,0.040000000000000036,200,192
N192_M96,channel_hard,additive,correct,17800,0.96,0.040000000000000036,200,192
N192_M96,channel_hard,additive,correct,17900,0.96,0.040000000000000036,200,192
N192_M96,channel_hard,additive,correct,18000,0.96,0.040000000000000036,200,192
N192_M96,channel_hard,additive,correct,18100,0.96,0.040000000000000036,200,192
N192_M96,channel_hard,additive,correct,18200,0.96,0.040000000000000036,200,192
N192_M96,channel_hard,additive,correct,18300,0.96,0.040000000000000036,200,192
N192_M96,channel_hard,additive,correct,18400,0.96,0.040000000000000036,200,192
N192_M96,channel_hard,additive,correct,18500,0.96,0.040000000000000036,200,192
N192_M96,channel_hard,additive,correct,18600,0.96,0.040000000000000036,200,192
N192_M96,channel_hard,additive,correct,18700,0.96,0.040000000000000036,200,192
N192_M96,channel_hard,additive,correct,18800,0.96,0.040000000000000036,200,192
N192_M96,channel_hard,additive,correct,18900,0.96,0.040000000000000036,200,192
N192_M96,channel_hard,additive,correct,19000,0.96,0.040000000000000036,200,192
N192_M96,channel_hard,additive,correct,19100,0.96,0.040000000000000036,200,192
N192_M96,channel_hard,additive,correct,19200,0.96,0.040000000000000036,200,192
N192_M96,channel_hard,gain_only,correct,0,0.0,1.0,200,0
N192_M96,channel_hard,gain_only,correct,100,0.0,1.0,200,0
N192_M96,channel_hard,gain_only,correct,200,0.0,1.0,200,0
N192_M96,channel_hard,gain_only,correct,300,0.0,1.0,200,0
N192_M96,channel_hard,gain_only,correct,400,0.0,1.0,200,0
N192_M96,channel_hard,gain_only,correct,500,0.0,1.0,200,0
N192_M96,channel_hard,gain_only,correct,600,0.0,1.0,200,0
N192_M96,channel_hard,gain_only,correct,700,0.0,1.0,200,0
N192_M96,channel_hard,gain_only,correct,800,0.0,1.0,200,0
N192_M96,channel_hard,gain_only,correct,900,0.0,1.0,200,0
N192_M96,channel_hard,gain_only,correct,1000,0.0,1.0,200,0
N192_M96,channel_hard,gain_only,correct,1100,0.0,1.0,200,0
N192_M96,channel_hard,gain_only,correct,1200,0.0,1.0,200,0
N192_M96,channel_hard,gain_only,correct,1300,0.0,1.0,200,0
N192_M96,channel_hard,gain_only,correct,1400,0.0,1.0,200,0
N192_M96,channel_hard,gain_only,correct,1500,0.0,1.0,200,0
N192_M96,channel_hard,gain_only,correct,1600,0.0,1.0,200,0
N192_M96,channel_hard,gain_only,correct,1700,0.0,1.0,200,0
N192_M96,channel_hard,gain_only,correct,1800,0.0,1.0,200,0
N192_M96,channel_hard,gain_only,correct,1900,0.0,1.0,200,0
N192_M96,channel_hard,gain_only,correct,2000,0.0,1.0,200,0
N192_M96,channel_hard,gain_only,correct,2100,0.0,1.0,200,0
N192_M96,channel_hard,gain_only,correct,2200,0.0,1.0,200,0
N192_M96,channel_hard,gain_only,correct,2300,0.0,1.0,200,0
N192_M96,channel_hard,gain_only,correct,2400,0.0,1.0,200,0
N192_M96,channel_hard,gain_only,correct,2500,0.0,1.0,200,0
N192_M96,channel_hard,gain_only,correct,2600,0.0,1.0,200,0
N192_M96,channel_hard,gain_only,correct,2700,0.0,1.0,200,0
N192_M96,channel_hard,gain_only,correct,2800,0.0,1.0,200,0
N192_M96,channel_hard,gain_only,correct,2900,0.0,1.0,200,0
N192_M96,channel_hard,gain_only,correct,3000,0.0,1.0,200,0
N192_M96,channel_hard,gain_only,correct,3100,0.0,1.0,200,0
N192_M96,channel_hard,gain_only,correct,3200,0.0,1.0,200,0
N192_M96,channel_hard,gain_only,correct,3300,0.0,1.0,200,0
N192_M96,channel_hard,gain_only,correct,3400,0.0,1.0,200,0
N192_M96,channel_hard,gain_only,correct,3500,0.0,1.0,200,0
N192_M96,channel_hard,gain_only,correct,3600,0.0,1.0,200,0
N192_M96,channel_hard,gain_only,correct,3700,0.0,1.0,200,0
N192_M96,channel_hard,gain_only,correct,3800,0.0,1.0,200,0
N192_M96,channel_hard,gain_only,correct,3900,0.0,1.0,200,0
N192_M96,channel_hard,gain_only,correct,4000,0.0,1.0,200,0
N192_M96,channel_hard,gain_only,correct,4100,0.0,1.0,200,0
N192_M96,channel_hard,gain_only,correct,4200,0.0,1.0,200,0
N192_M96,channel_hard,gain_only,correct,4300,0.0,1.0,200,0
N192_M96,channel_hard,gain_only,correct,4400,0.0,1.0,200,0
N192_M96,channel_hard,gain_only,correct,4500,0.0,1.0,200,0
N192_M96,channel_hard,gain_only,correct,4600,0.0,1.0,200,0
N192_M96,channel_hard,gain_only,correct,4700,0.0,1.0,200,0
N192_M96,channel_hard,gain_only,correct,4800,0.0,1.0,200,0
N192_M96,channel_hard,gain_only,correct,4900,0.0,1.0,200,0
N192_M96,channel_hard,gain_only,correct,5000,0.0,1.0,200,0
N192_M96,channel_hard,gain_only,correct,5100,0.0,1.0,200,0
N192_M96,channel_hard,gain_only,correct,5200,0.0,1.0,200,0
N192_M96,channel_hard,gain_only,correct,5300,0.0,1.0,200,0
N192_M96,channel_hard,gain_only,correct,5400,0.0,1.0,200,0
N192_M96,channel_hard,gain_only,correct,5500,0.0,1.0,200,0
N192_M96,channel_hard,gain_only,correct,5600,0.0,1.0,200,0
N192_M96,channel_hard,gain_only,correct,5700,0.0,1.0,200,0
N192_M96,channel_hard,gain_only,correct,5800,0.0,1.0,200,0
N192_M96,channel_hard,gain_only,correct,5900,0.0,1.0,200,0
N192_M96,channel_hard,gain_only,correct,6000,0.0,1.0,200,0
N192_M96,channel_hard,gain_only,correct,6100,0.0,1.0,200,0
N192_M96,channel_hard,gain_only,correct,6200,0.0,1.0,200,0
N192_M96,channel_hard,gain_only,correct,6300,0.0,1.0,200,0
N192_M96,channel_hard,gain_only,correct,6400,0.0,1.0,200,0
N192_M96,channel_hard,gain_only,correct,6500,0.0,1.0,200,0
N192_M96,channel_hard,gain_only,correct,6600,0.0,1.0,200,0
N192_M96,channel_hard,gain_only,correct,6700,0.0,1.0,200,0
N192_M96,channel_hard,gain_only,correct,6800,0.0,1.0,200,0
N192_M96,channel_hard,gain_only,correct,6900,0.0,1.0,200,0
N192_M96,channel_hard,gain_only,correct,7000,0.0,1.0,200,0
N192_M96,channel_hard,gain_only,correct,7100,0.0,1.0,200,0
N192_M96,channel_hard,gain_only,correct,7200,0.0,1.0,200,0
N192_M96,channel_hard,gain_only,correct,7300,0.0,1.0,200,0
N192_M96,channel_hard,gain_only,correct,7400,0.0,1.0,200,0
N192_M96,channel_hard,gain_only,correct,7500,0.0,1.0,200,0
N192_M96,channel_hard,gain_only,correct,7600,0.0,1.0,200,0
N192_M96,channel_hard,gain_only,correct,7700,0.0,1.0,200,0
N192_M96,channel_hard,gain_only,correct,7800,0.0,1.0,200,0
N192_M96,channel_hard,gain_only,correct,7900,0.0,1.0,200,0
N192_M96,channel_hard,gain_only,correct,8000,0.0,1.0,200,0
N192_M96,channel_hard,gain_only,correct,8100,0.0,1.0,200,0
N192_M96,channel_hard,gain_only,correct,8200,0.0,1.0,200,0
N192_M96,channel_hard,gain_only,correct,8300,0.0,1.0,200,0
N192_M96,channel_hard,gain_only,correct,8400,0.0,1.0,200,0
N192_M96,channel_hard,gain_only,correct,8500,0.0,1.0,200,0
N192_M96,channel_hard,gain_only,correct,8600,0.0,1.0,200,0
N192_M96,channel_hard,gain_only,correct,8700,0.0,1.0,200,0
N192_M96,channel_hard,gain_only,correct,8800,0.0,1.0,200,0
N192_M96,channel_hard,gain_only,correct,8900,0.0,1.0,200,0
N192_M96,channel_hard,gain_only,correct,9000,0.0,1.0,200,0
N192_M96,channel_hard,gain_only,correct,9100,0.0,1.0,200,0
N192_M96,channel_hard,gain_only,correct,9200,0.0,1.0,200,0
N192_M96,channel_hard,gain_only,correct,9300,0.0,1.0,200,0
N192_M96,channel_hard,gain_only,correct,9400,0.0,1.0,200,0
N192_M96,channel_hard,gain_only,correct,9500,0.0,1.0,200,0
N192_M96,channel_hard,gain_only,correct,9600,0.0,1.0,200,0
N192_M96,channel_hard,gain_only,correct,9700,0.0,1.0,200,0
N192_M96,channel_hard,gain_only,correct,9800,0.0,1.0,200,0
N192_M96,channel_hard,gain_only,correct,9900,0.0,1.0,200,0
N192_M96,channel_hard,gain_only,correct,10000,0.0,1.0,200,0
N192_M96,channel_hard,gain_only,correct,10100,0.0,1.0,200,0
N192_M96,channel_hard,gain_only,correct,10200,0.0,1.0,200,0
N192_M96,channel_hard,gain_only,correct,10300,0.0,1.0,200,0
N192_M96,channel_hard,gain_only,correct,10400,0.0,1.0,200,0
N192_M96,channel_hard,gain_only,correct,10500,0.0,1.0,200,0
N192_M96,channel_hard,gain_only,correct,10600,0.0,1.0,200,0
N192_M96,channel_hard,gain_only,correct,10700,0.0,1.0,200,0
N192_M96,channel_hard,gain_only,correct,10800,0.0,1.0,200,0
N192_M96,channel_hard,gain_only,correct,10900,0.0,1.0,200,0
N192_M96,channel_hard,gain_only,correct,11000,0.0,1.0,200,0
N192_M96,channel_hard,gain_only,correct,11100,0.0,1.0,200,0
N192_M96,channel_hard,gain_only,correct,11200,0.0,1.0,200,0
N192_M96,channel_hard,gain_only,correct,11300,0.0,1.0,200,0
N192_M96,channel_hard,gain_only,correct,11400,0.0,1.0,200,0
N192_M96,channel_hard,gain_only,correct,11500,0.0,1.0,200,0
N192_M96,channel_hard,gain_only,correct,11600,0.0,1.0,200,0
N192_M96,channel_hard,gain_only,correct,11700,0.0,1.0,200,0
N192_M96,channel_hard,gain_only,correct,11800,0.0,1.0,200,0
N192_M96,channel_hard,gain_only,correct,11900,0.0,1.0,200,0
N192_M96,channel_hard,gain_only,correct,12000,0.0,1.0,200,0
N192_M96,channel_hard,gain_only,correct,12100,0.0,1.0,200,0
N192_M96,channel_hard,gain_only,correct,12200,0.0,1.0,200,0
N192_M96,channel_hard,gain_only,correct,12300,0.0,1.0,200,0
N192_M96,channel_hard,gain_only,correct,12400,0.0,1.0,200,0
N192_M96,channel_hard,gain_only,correct,12500,0.0,1.0,200,0
N192_M96,channel_hard,gain_only,correct,12600,0.0,1.0,200,0
N192_M96,channel_hard,gain_only,correct,12700,0.0,1.0,200,0
N192_M96,channel_hard,gain_only,correct,12800,0.0,1.0,200,0
N192_M96,channel_hard,gain_only,correct,12900,0.0,1.0,200,0
N192_M96,channel_hard,gain_only,correct,13000,0.0,1.0,200,0
N192_M96,channel_hard,gain_only,correct,13100,0.0,1.0,200,0
N192_M96,channel_hard,gain_only,correct,13200,0.0,1.0,200,0
N192_M96,channel_hard,gain_only,correct,13300,0.0,1.0,200,0
N192_M96,channel_hard,gain_only,correct,13400,0.0,1.0,200,0
N192_M96,channel_hard,gain_only,correct,13500,0.0,1.0,200,0
N192_M96,channel_hard,gain_only,correct,13600,0.0,1.0,200,0
N192_M96,channel_hard,gain_only,correct,13700,0.0,1.0,200,0
N192_M96,channel_hard,gain_only,correct,13800,0.0,1.0,200,0
N192_M96,channel_hard,gain_only,correct,13900,0.0,1.0,200,0
N192_M96,channel_hard,gain_only,correct,14000,0.0,1.0,200,0
N192_M96,channel_hard,gain_only,correct,14100,0.0,1.0,200,0
N192_M96,channel_hard,gain_only,correct,14200,0.0,1.0,200,0
N192_M96,channel_hard,gain_only,correct,14300,0.0,1.0,200,0
N192_M96,channel_hard,gain_only,correct,14400,0.0,1.0,200,0
N192_M96,channel_hard,gain_only,correct,14500,0.0,1.0,200,0
N192_M96,channel_hard,gain_only,correct,14600,0.0,1.0,200,0
N192_M96,channel_hard,gain_only,correct,14700,0.0,1.0,200,0
N192_M96,channel_hard,gain_only,correct,14800,0.0,1.0,200,0
N192_M96,channel_hard,gain_only,correct,14900,0.0,1.0,200,0
N192_M96,channel_hard,gain_only,correct,15000,0.0,1.0,200,0
N192_M96,channel_hard,gain_only,correct,15100,0.0,1.0,200,0
N192_M96,channel_hard,gain_only,correct,15200,0.0,1.0,200,0
N192_M96,channel_hard,gain_only,correct,15300,0.0,1.0,200,0
N192_M96,channel_hard,gain_only,correct,15400,0.0,1.0,200,0
N192_M96,channel_hard,gain_only,correct,15500,0.0,1.0,200,0
N192_M96,channel_hard,gain_only,correct,15600,0.0,1.0,200,0
N192_M96,channel_hard,gain_only,correct,15700,0.0,1.0,200,0
N192_M96,channel_hard,gain_only,correct,15800,0.0,1.0,200,0
N192_M96,channel_hard,gain_only,correct,15900,0.0,1.0,200,0
N192_M96,channel_hard,gain_only,correct,16000,0.0,1.0,200,0
N192_M96,channel_hard,gain_only,correct,16100,0.0,1.0,200,0
N192_M96,channel_hard,gain_only,correct,16200,0.0,1.0,200,0
N192_M96,channel_hard,gain_only,correct,16300,0.0,1.0,200,0
N192_M96,channel_hard,gain_only,correct,16400,0.0,1.0,200,0
N192_M96,channel_hard,gain_only,correct,16500,0.0,1.0,200,0
N192_M96,channel_hard,gain_only,correct,16600,0.0,1.0,200,0
N192_M96,channel_hard,gain_only,correct,16700,0.0,1.0,200,0
N192_M96,channel_hard,gain_only,correct,16800,0.0,1.0,200,0
N192_M96,channel_hard,gain_only,correct,16900,0.0,1.0,200,0
N192_M96,channel_hard,gain_only,correct,17000,0.0,1.0,200,0
N192_M96,channel_hard,gain_only,correct,17100,0.0,1.0,200,0
N192_M96,channel_hard,gain_only,correct,17200,0.0,1.0,200,0
N192_M96,channel_hard,gain_only,correct,17300,0.0,1.0,200,0
N192_M96,channel_hard,gain_only,correct,17400,0.0,1.0,200,0
N192_M96,channel_hard,gain_only,correct,17500,0.0,1.0,200,0
N192_M96,channel_hard,gain_only,correct,17600,0.0,1.0,200,0
N192_M96,channel_hard,gain_only,correct,17700,0.0,1.0,200,0
N192_M96,channel_hard,gain_only,correct,17800,0.0,1.0,200,0
N192_M96,channel_hard,gain_only,correct,17900,0.0,1.0,200,0
N192_M96,channel_hard,gain_only,correct,18000,0.0,1.0,200,0
N192_M96,channel_hard,gain_only,correct,18100,0.0,1.0,200,0
N192_M96,channel_hard,gain_only,correct,18200,0.0,1.0,200,0
N192_M96,channel_hard,gain_only,correct,18300,0.0,1.0,200,0
N192_M96,channel_hard,gain_only,correct,18400,0.0,1.0,200,0
N192_M96,channel_hard,gain_only,correct,18500,0.0,1.0,200,0
N192_M96,channel_hard,gain_only,correct,18600,0.0,1.0,200,0
N192_M96,channel_hard,gain_only,correct,18700,0.0,1.0,200,0
N192_M96,channel_hard,gain_only,correct,18800,0.0,1.0,200,0
N192_M96,channel_hard,gain_only,correct,18900,0.0,1.0,200,0
N192_M96,channel_hard,gain_only,correct,19000,0.0,1.0,200,0
N192_M96,channel_hard,gain_only,correct,19100,0.0,1.0,200,0
N192_M96,channel_hard,gain_only,correct,19200,0.0,1.0,200,0
N192_M96,channel_hard,pSA,correct,0,0.0,1.0,200,0
N192_M96,channel_hard,pSA,correct,100,0.0,1.0,200,0
N192_M96,channel_hard,pSA,correct,200,0.0,1.0,200,0
N192_M96,channel_hard,pSA,correct,300,0.0,1.0,200,0
N192_M96,channel_hard,pSA,correct,400,0.0,1.0,200,0
N192_M96,channel_hard,pSA,correct,500,0.0,1.0,200,0
N192_M96,channel_hard,pSA,correct,600,0.0,1.0,200,0
N192_M96,channel_hard,pSA,correct,700,0.0,1.0,200,0
N192_M96,channel_hard,pSA,correct,800,0.0,1.0,200,0
N192_M96,channel_hard,pSA,correct,900,0.0,1.0,200,0
N192_M96,channel_hard,pSA,correct,1000,0.0,1.0,200,0
N192_M96,channel_hard,pSA,correct,1100,0.0,1.0,200,0
N192_M96,channel_hard,pSA,correct,1200,0.0,1.0,200,0
N192_M96,channel_hard,pSA,correct,1300,0.0,1.0,200,0
N192_M96,channel_hard,pSA,correct,1400,0.0,1.0,200,0
N192_M96,channel_hard,pSA,correct,1500,0.0,1.0,200,0
N192_M96,channel_hard,pSA,correct,1600,0.0,1.0,200,0
N192_M96,channel_hard,pSA,correct,1700,0.0,1.0,200,0
N192_M96,channel_hard,pSA,correct,1800,0.0,1.0,200,0
N192_M96,channel_hard,pSA,correct,1900,0.0,1.0,200,0
N192_M96,channel_hard,pSA,correct,2000,0.0,1.0,200,0
N192_M96,channel_hard,pSA,correct,2100,0.0,1.0,200,0
N192_M96,channel_hard,pSA,correct,2200,0.0,1.0,200,0
N192_M96,channel_hard,pSA,correct,2300,0.0,1.0,200,0
N192_M96,channel_hard,pSA,correct,2400,0.0,1.0,200,0
N192_M96,channel_hard,pSA,correct,2500,0.0,1.0,200,0
N192_M96,channel_hard,pSA,correct,2600,0.0,1.0,200,0
N192_M96,channel_hard,pSA,correct,2700,0.0,1.0,200,0
N192_M96,channel_hard,pSA,correct,2800,0.0,1.0,200,0
N192_M96,channel_hard,pSA,correct,2900,0.0,1.0,200,0
N192_M96,channel_hard,pSA,correct,3000,0.0,1.0,200,0
N192_M96,channel_hard,pSA,correct,3100,0.0,1.0,200,0
N192_M96,channel_hard,pSA,correct,3200,0.0,1.0,200,0
N192_M96,channel_hard,pSA,correct,3300,0.0,1.0,200,0
N192_M96,channel_hard,pSA,correct,3400,0.0,1.0,200,0
N192_M96,channel_hard,pSA,correct,3500,0.0,1.0,200,0
N192_M96,channel_hard,pSA,correct,3600,0.0,1.0,200,0
N192_M96,channel_hard,pSA,correct,3700,0.0,1.0,200,0
N192_M96,channel_hard,pSA,correct,3800,0.0,1.0,200,0
N192_M96,channel_hard,pSA,correct,3900,0.0,1.0,200,0
N192_M96,channel_hard,pSA,correct,4000,0.0,1.0,200,0
N192_M96,channel_hard,pSA,correct,4100,0.0,1.0,200,0
N192_M96,channel_hard,pSA,correct,4200,0.0,1.0,200,0
N192_M96,channel_hard,pSA,correct,4300,0.0,1.0,200,0
N192_M96,channel_hard,pSA,correct,4400,0.0,1.0,200,0
N192_M96,channel_hard,pSA,correct,4500,0.0,1.0,200,0
N192_M96,channel_hard,pSA,correct,4600,0.0,1.0,200,0
N192_M96,channel_hard,pSA,correct,4700,0.0,1.0,200,0
N192_M96,channel_hard,pSA,correct,4800,0.0,1.0,200,0
N192_M96,channel_hard,pSA,correct,4900,0.0,1.0,200,0
N192_M96,channel_hard,pSA,correct,5000,0.0,1.0,200,0
N192_M96,channel_hard,pSA,correct,5100,0.0,1.0,200,0
N192_M96,channel_hard,pSA,correct,5200,0.0,1.0,200,0
N192_M96,channel_hard,pSA,correct,5300,0.0,1.0,200,0
N192_M96,channel_hard,pSA,correct,5400,0.0,1.0,200,0
N192_M96,channel_hard,pSA,correct,5500,0.0,1.0,200,0
N192_M96,channel_hard,pSA,correct,5600,0.0,1.0,200,0
N192_M96,channel_hard,pSA,correct,5700,0.0,1.0,200,0
N192_M96,channel_hard,pSA,correct,5800,0.0,1.0,200,0
N192_M96,channel_hard,pSA,correct,5900,0.0,1.0,200,0
N192_M96,channel_hard,pSA,correct,6000,0.0,1.0,200,0
N192_M96,channel_hard,pSA,correct,6100,0.0,1.0,200,0
N192_M96,channel_hard,pSA,correct,6200,0.0,1.0,200,0
N192_M96,channel_hard,pSA,correct,6300,0.0,1.0,200,0
N192_M96,channel_hard,pSA,correct,6400,0.0,1.0,200,0
N192_M96,channel_hard,pSA,correct,6500,0.0,1.0,200,0
N192_M96,channel_hard,pSA,correct,6600,0.0,1.0,200,0
N192_M96,channel_hard,pSA,correct,6700,0.0,1.0,200,0
N192_M96,channel_hard,pSA,correct,6800,0.0,1.0,200,0
N192_M96,channel_hard,pSA,correct,6900,0.0,1.0,200,0
N192_M96,channel_hard,pSA,correct,7000,0.0,1.0,200,0
N192_M96,channel_hard,pSA,correct,7100,0.0,1.0,200,0
N192_M96,channel_hard,pSA,correct,7200,0.0,1.0,200,0
N192_M96,channel_hard,pSA,correct,7300,0.0,1.0,200,0
N192_M96,channel_hard,pSA,correct,7400,0.0,1.0,200,0
N192_M96,channel_hard,pSA,correct,7500,0.0,1.0,200,0
N192_M96,channel_hard,pSA,correct,7600,0.0,1.0,200,0
N192_M96,channel_hard,pSA,correct,7700,0.0,1.0,200,0
N192_M96,channel_hard,pSA,correct,7800,0.0,1.0,200,0
N192_M96,channel_hard,pSA,correct,7900,0.0,1.0,200,0
N192_M96,channel_hard,pSA,correct,8000,0.0,1.0,200,0
N192_M96,channel_hard,pSA,correct,8100,0.0,1.0,200,0
N192_M96,channel_hard,pSA,correct,8200,0.0,1.0,200,0
N192_M96,channel_hard,pSA,correct,8300,0.0,1.0,200,0
N192_M96,channel_hard,pSA,correct,8400,0.0,1.0,200,0
N192_M96,channel_hard,pSA,correct,8500,0.0,1.0,200,0
N192_M96,channel_hard,pSA,correct,8600,0.0,1.0,200,0
N192_M96,channel_hard,pSA,correct,8700,0.0,1.0,200,0
N192_M96,channel_hard,pSA,correct,8800,0.0,1.0,200,0
N192_M96,channel_hard,pSA,correct,8900,0.0,1.0,200,0
N192_M96,channel_hard,pSA,correct,9000,0.0,1.0,200,0
N192_M96,channel_hard,pSA,correct,9100,0.0,1.0,200,0
N192_M96,channel_hard,pSA,correct,9200,0.0,1.0,200,0
N192_M96,channel_hard,pSA,correct,9300,0.0,1.0,200,0
N192_M96,channel_hard,pSA,correct,9400,0.0,1.0,200,0
N192_M96,channel_hard,pSA,correct,9500,0.0,1.0,200,0
N192_M96,channel_hard,pSA,correct,9600,0.0,1.0,200,0
N192_M96,channel_hard,pSA,correct,9700,0.0,1.0,200,0
N192_M96,channel_hard,pSA,correct,9800,0.0,1.0,200,0
N192_M96,channel_hard,pSA,correct,9900,0.0,1.0,200,0
N192_M96,channel_hard,pSA,correct,10000,0.0,1.0,200,0
N192_M96,channel_hard,pSA,correct,10100,0.0,1.0,200,0
N192_M96,channel_hard,pSA,correct,10200,0.0,1.0,200,0
N192_M96,channel_hard,pSA,correct,10300,0.0,1.0,200,0
N192_M96,channel_hard,pSA,correct,10400,0.0,1.0,200,0
N192_M96,channel_hard,pSA,correct,10500,0.0,1.0,200,0
N192_M96,channel_hard,pSA,correct,10600,0.0,1.0,200,0
N192_M96,channel_hard,pSA,correct,10700,0.0,1.0,200,0
N192_M96,channel_hard,pSA,correct,10800,0.0,1.0,200,0
N192_M96,channel_hard,pSA,correct,10900,0.0,1.0,200,0
N192_M96,channel_hard,pSA,correct,11000,0.0,1.0,200,0
N192_M96,channel_hard,pSA,correct,11100,0.0,1.0,200,0
N192_M96,channel_hard,pSA,correct,11200,0.0,1.0,200,0
N192_M96,channel_hard,pSA,correct,11300,0.0,1.0,200,0
N192_M96,channel_hard,pSA,correct,11400,0.0,1.0,200,0
N192_M96,channel_hard,pSA,correct,11500,0.0,1.0,200,0
N192_M96,channel_hard,pSA,correct,11600,0.0,1.0,200,0
N192_M96,channel_hard,pSA,correct,11700,0.0,1.0,200,0
N192_M96,channel_hard,pSA,correct,11800,0.0,1.0,200,0
N192_M96,channel_hard,pSA,correct,11900,0.0,1.0,200,0
N192_M96,channel_hard,pSA,correct,12000,0.0,1.0,200,0
N192_M96,channel_hard,pSA,correct,12100,0.0,1.0,200,0
N192_M96,channel_hard,pSA,correct,12200,0.0,1.0,200,0
N192_M96,channel_hard,pSA,correct,12300,0.0,1.0,200,0
N192_M96,channel_hard,pSA,correct,12400,0.0,1.0,200,0
N192_M96,channel_hard,pSA,correct,12500,0.0,1.0,200,0
N192_M96,channel_hard,pSA,correct,12600,0.0,1.0,200,0
N192_M96,channel_hard,pSA,correct,12700,0.0,1.0,200,0
N192_M96,channel_hard,pSA,correct,12800,0.0,1.0,200,0
N192_M96,channel_hard,pSA,correct,12900,0.0,1.0,200,0
N192_M96,channel_hard,pSA,correct,13000,0.0,1.0,200,0
N192_M96,channel_hard,pSA,correct,13100,0.0,1.0,200,0
N192_M96,channel_hard,pSA,correct,13200,0.0,1.0,200,0
N192_M96,channel_hard,pSA,correct,13300,0.0,1.0,200,0
N192_M96,channel_hard,pSA,correct,13400,0.0,1.0,200,0
N192_M96,channel_hard,pSA,correct,13500,0.0,1.0,200,0
N192_M96,channel_hard,pSA,correct,13600,0.0,1.0,200,0
N192_M96,channel_hard,pSA,correct,13700,0.0,1.0,200,0
N192_M96,channel_hard,pSA,correct,13800,0.0,1.0,200,0
N192_M96,channel_hard,pSA,correct,13900,0.0,1.0,200,0
N192_M96,channel_hard,pSA,correct,14000,0.0,1.0,200,0
N192_M96,channel_hard,pSA,correct,14100,0.0,1.0,200,0
N192_M96,channel_hard,pSA,correct,14200,0.0,1.0,200,0
N192_M96,channel_hard,pSA,correct,14300,0.0,1.0,200,0
N192_M96,channel_hard,pSA,correct,14400,0.0,1.0,200,0
N192_M96,channel_hard,pSA,correct,14500,0.0,1.0,200,0
N192_M96,channel_hard,pSA,correct,14600,0.0,1.0,200,0
N192_M96,channel_hard,pSA,correct,14700,0.0,1.0,200,0
N192_M96,channel_hard,pSA,correct,14800,0.0,1.0,200,0
N192_M96,channel_hard,pSA,correct,14900,0.0,1.0,200,0
N192_M96,channel_hard,pSA,correct,15000,0.0,1.0,200,0
N192_M96,channel_hard,pSA,correct,15100,0.0,1.0,200,0
N192_M96,channel_hard,pSA,correct,15200,0.0,1.0,200,0
N192_M96,channel_hard,pSA,correct,15300,0.0,1.0,200,0
N192_M96,channel_hard,pSA,correct,15400,0.0,1.0,200,0
N192_M96,channel_hard,pSA,correct,15500,0.0,1.0,200,0
N192_M96,channel_hard,pSA,correct,15600,0.0,1.0,200,0
N192_M96,channel_hard,pSA,correct,15700,0.0,1.0,200,0
N192_M96,channel_hard,pSA,correct,15800,0.0,1.0,200,0
N192_M96,channel_hard,pSA,correct,15900,0.0,1.0,200,0
N192_M96,channel_hard,pSA,correct,16000,0.0,1.0,200,0
N192_M96,channel_hard,pSA,correct,16100,0.0,1.0,200,0
N192_M96,channel_hard,pSA,correct,16200,0.0,1.0,200,0
N192_M96,channel_hard,pSA,correct,16300,0.0,1.0,200,0
N192_M96,channel_hard,pSA,correct,16400,0.0,1.0,200,0
N192_M96,channel_hard,pSA,correct,16500,0.0,1.0,200,0
N192_M96,channel_hard,pSA,correct,16600,0.0,1.0,200,0
N192_M96,channel_hard,pSA,correct,16700,0.0,1.0,200,0
N192_M96,channel_hard,pSA,correct,16800,0.0,1.0,200,0
N192_M96,channel_hard,pSA,correct,16900,0.0,1.0,200,0
N192_M96,channel_hard,pSA,correct,17000,0.0,1.0,200,0
N192_M96,channel_hard,pSA,correct,17100,0.0,1.0,200,0
N192_M96,channel_hard,pSA,correct,17200,0.0,1.0,200,0
N192_M96,channel_hard,pSA,correct,17300,0.0,1.0,200,0
N192_M96,channel_hard,pSA,correct,17400,0.0,1.0,200,0
N192_M96,channel_hard,pSA,correct,17500,0.0,1.0,200,0
N192_M96,channel_hard,pSA,correct,17600,0.0,1.0,200,0
N192_M96,channel_hard,pSA,correct,17700,0.0,1.0,200,0
N192_M96,channel_hard,pSA,correct,17800,0.0,1.0,200,0
N192_M96,channel_hard,pSA,correct,17900,0.0,1.0,200,0
N192_M96,channel_hard,pSA,correct,18000,0.0,1.0,200,0
N192_M96,channel_hard,pSA,correct,18100,0.0,1.0,200,0
N192_M96,channel_hard,pSA,correct,18200,0.0,1.0,200,0
N192_M96,channel_hard,pSA,correct,18300,0.0,1.0,200,0
N192_M96,channel_hard,pSA,correct,18400,0.0,1.0,200,0
N192_M96,channel_hard,pSA,correct,18500,0.0,1.0,200,0
N192_M96,channel_hard,pSA,correct,18600,0.0,1.0,200,0
N192_M96,channel_hard,pSA,correct,18700,0.0,1.0,200,0
N192_M96,channel_hard,pSA,correct,18800,0.0,1.0,200,0
N192_M96,channel_hard,pSA,correct,18900,0.0,1.0,200,0
N192_M96,channel_hard,pSA,correct,19000,0.0,1.0,200,0
N192_M96,channel_hard,pSA,correct,19100,0.0,1.0,200,0
N192_M96,channel_hard,pSA,correct,19200,0.0,1.0,200,0
N192_M96,channel_hard,shuffled,correct,0,0.0,1.0,200,0
N192_M96,channel_hard,shuffled,correct,100,0.0,1.0,200,0
N192_M96,channel_hard,shuffled,correct,200,0.0,1.0,200,0
N192_M96,channel_hard,shuffled,correct,300,0.0,1.0,200,0
N192_M96,channel_hard,shuffled,correct,400,0.0,1.0,200,0
N192_M96,channel_hard,shuffled,correct,500,0.0,1.0,200,0
N192_M96,channel_hard,shuffled,correct,600,0.0,1.0,200,0
N192_M96,channel_hard,shuffled,correct,700,0.0,1.0,200,0
N192_M96,channel_hard,shuffled,correct,800,0.0,1.0,200,0
N192_M96,channel_hard,shuffled,correct,900,0.0,1.0,200,0
N192_M96,channel_hard,shuffled,correct,1000,0.0,1.0,200,0
N192_M96,channel_hard,shuffled,correct,1100,0.0,1.0,200,0
N192_M96,channel_hard,shuffled,correct,1200,0.0,1.0,200,0
N192_M96,channel_hard,shuffled,correct,1300,0.0,1.0,200,0
N192_M96,channel_hard,shuffled,correct,1400,0.0,1.0,200,0
N192_M96,channel_hard,shuffled,correct,1500,0.0,1.0,200,0
N192_M96,channel_hard,shuffled,correct,1600,0.0,1.0,200,0
N192_M96,channel_hard,shuffled,correct,1700,0.0,1.0,200,0
N192_M96,channel_hard,shuffled,correct,1800,0.0,1.0,200,0
N192_M96,channel_hard,shuffled,correct,1900,0.0,1.0,200,0
N192_M96,channel_hard,shuffled,correct,2000,0.0,1.0,200,0
N192_M96,channel_hard,shuffled,correct,2100,0.0,1.0,200,0
N192_M96,channel_hard,shuffled,correct,2200,0.0,1.0,200,0
N192_M96,channel_hard,shuffled,correct,2300,0.0,1.0,200,0
N192_M96,channel_hard,shuffled,correct,2400,0.0,1.0,200,0
N192_M96,channel_hard,shuffled,correct,2500,0.0,1.0,200,0
N192_M96,channel_hard,shuffled,correct,2600,0.0,1.0,200,0
N192_M96,channel_hard,shuffled,correct,2700,0.0,1.0,200,0
N192_M96,channel_hard,shuffled,correct,2800,0.0,1.0,200,0
N192_M96,channel_hard,shuffled,correct,2900,0.0,1.0,200,0
N192_M96,channel_hard,shuffled,correct,3000,0.0,1.0,200,0
N192_M96,channel_hard,shuffled,correct,3100,0.0,1.0,200,0
N192_M96,channel_hard,shuffled,correct,3200,0.0,1.0,200,0
N192_M96,channel_hard,shuffled,correct,3300,0.0,1.0,200,0
N192_M96,channel_hard,shuffled,correct,3400,0.0,1.0,200,0
N192_M96,channel_hard,shuffled,correct,3500,0.0,1.0,200,0
N192_M96,channel_hard,shuffled,correct,3600,0.0,1.0,200,0
N192_M96,channel_hard,shuffled,correct,3700,0.0,1.0,200,0
N192_M96,channel_hard,shuffled,correct,3800,0.0,1.0,200,0
N192_M96,channel_hard,shuffled,correct,3900,0.0,1.0,200,0
N192_M96,channel_hard,shuffled,correct,4000,0.0,1.0,200,0
N192_M96,channel_hard,shuffled,correct,4100,0.0,1.0,200,0
N192_M96,channel_hard,shuffled,correct,4200,0.0,1.0,200,0
N192_M96,channel_hard,shuffled,correct,4300,0.0,1.0,200,0
N192_M96,channel_hard,shuffled,correct,4400,0.0,1.0,200,0
N192_M96,channel_hard,shuffled,correct,4500,0.0,1.0,200,0
N192_M96,channel_hard,shuffled,correct,4600,0.0,1.0,200,0
N192_M96,channel_hard,shuffled,correct,4700,0.0,1.0,200,0
N192_M96,channel_hard,shuffled,correct,4800,0.0,1.0,200,0
N192_M96,channel_hard,shuffled,correct,4900,0.0,1.0,200,0
N192_M96,channel_hard,shuffled,correct,5000,0.0,1.0,200,0
N192_M96,channel_hard,shuffled,correct,5100,0.0,1.0,200,0
N192_M96,channel_hard,shuffled,correct,5200,0.0,1.0,200,0
N192_M96,channel_hard,shuffled,correct,5300,0.0,1.0,200,0
N192_M96,channel_hard,shuffled,correct,5400,0.0,1.0,200,0
N192_M96,channel_hard,shuffled,correct,5500,0.0,1.0,200,0
N192_M96,channel_hard,shuffled,correct,5600,0.0,1.0,200,0
N192_M96,channel_hard,shuffled,correct,5700,0.0,1.0,200,0
N192_M96,channel_hard,shuffled,correct,5800,0.0,1.0,200,0
N192_M96,channel_hard,shuffled,correct,5900,0.0,1.0,200,0
N192_M96,channel_hard,shuffled,correct,6000,0.0,1.0,200,0
N192_M96,channel_hard,shuffled,correct,6100,0.0,1.0,200,0
N192_M96,channel_hard,shuffled,correct,6200,0.0,1.0,200,0
N192_M96,channel_hard,shuffled,correct,6300,0.0,1.0,200,0
N192_M96,channel_hard,shuffled,correct,6400,0.0,1.0,200,0
N192_M96,channel_hard,shuffled,correct,6500,0.0,1.0,200,0
N192_M96,channel_hard,shuffled,correct,6600,0.0,1.0,200,0
N192_M96,channel_hard,shuffled,correct,6700,0.0,1.0,200,0
N192_M96,channel_hard,shuffled,correct,6800,0.0,1.0,200,0
N192_M96,channel_hard,shuffled,correct,6900,0.0,1.0,200,0
N192_M96,channel_hard,shuffled,correct,7000,0.0,1.0,200,0
N192_M96,channel_hard,shuffled,correct,7100,0.0,1.0,200,0
N192_M96,channel_hard,shuffled,correct,7200,0.0,1.0,200,0
N192_M96,channel_hard,shuffled,correct,7300,0.0,1.0,200,0
N192_M96,channel_hard,shuffled,correct,7400,0.0,1.0,200,0
N192_M96,channel_hard,shuffled,correct,7500,0.0,1.0,200,0
N192_M96,channel_hard,shuffled,correct,7600,0.0,1.0,200,0
N192_M96,channel_hard,shuffled,correct,7700,0.0,1.0,200,0
N192_M96,channel_hard,shuffled,correct,7800,0.0,1.0,200,0
N192_M96,channel_hard,shuffled,correct,7900,0.0,1.0,200,0
N192_M96,channel_hard,shuffled,correct,8000,0.0,1.0,200,0
N192_M96,channel_hard,shuffled,correct,8100,0.0,1.0,200,0
N192_M96,channel_hard,shuffled,correct,8200,0.0,1.0,200,0
N192_M96,channel_hard,shuffled,correct,8300,0.0,1.0,200,0
N192_M96,channel_hard,shuffled,correct,8400,0.0,1.0,200,0
N192_M96,channel_hard,shuffled,correct,8500,0.0,1.0,200,0
N192_M96,channel_hard,shuffled,correct,8600,0.0,1.0,200,0
N192_M96,channel_hard,shuffled,correct,8700,0.0,1.0,200,0
N192_M96,channel_hard,shuffled,correct,8800,0.0,1.0,200,0
N192_M96,channel_hard,shuffled,correct,8900,0.0,1.0,200,0
N192_M96,channel_hard,shuffled,correct,9000,0.0,1.0,200,0
N192_M96,channel_hard,shuffled,correct,9100,0.0,1.0,200,0
N192_M96,channel_hard,shuffled,correct,9200,0.0,1.0,200,0
N192_M96,channel_hard,shuffled,correct,9300,0.0,1.0,200,0
N192_M96,channel_hard,shuffled,correct,9400,0.0,1.0,200,0
N192_M96,channel_hard,shuffled,correct,9500,0.0,1.0,200,0
N192_M96,channel_hard,shuffled,correct,9600,0.0,1.0,200,0
N192_M96,channel_hard,shuffled,correct,9700,0.0,1.0,200,0
N192_M96,channel_hard,shuffled,correct,9800,0.0,1.0,200,0
N192_M96,channel_hard,shuffled,correct,9900,0.0,1.0,200,0
N192_M96,channel_hard,shuffled,correct,10000,0.0,1.0,200,0
N192_M96,channel_hard,shuffled,correct,10100,0.0,1.0,200,0
N192_M96,channel_hard,shuffled,correct,10200,0.0,1.0,200,0
N192_M96,channel_hard,shuffled,correct,10300,0.0,1.0,200,0
N192_M96,channel_hard,shuffled,correct,10400,0.0,1.0,200,0
N192_M96,channel_hard,shuffled,correct,10500,0.0,1.0,200,0
N192_M96,channel_hard,shuffled,correct,10600,0.0,1.0,200,0
N192_M96,channel_hard,shuffled,correct,10700,0.0,1.0,200,0
N192_M96,channel_hard,shuffled,correct,10800,0.0,1.0,200,0
N192_M96,channel_hard,shuffled,correct,10900,0.0,1.0,200,0
N192_M96,channel_hard,shuffled,correct,11000,0.0,1.0,200,0
N192_M96,channel_hard,shuffled,correct,11100,0.0,1.0,200,0
N192_M96,channel_hard,shuffled,correct,11200,0.0,1.0,200,0
N192_M96,channel_hard,shuffled,correct,11300,0.0,1.0,200,0
N192_M96,channel_hard,shuffled,correct,11400,0.0,1.0,200,0
N192_M96,channel_hard,shuffled,correct,11500,0.0,1.0,200,0
N192_M96,channel_hard,shuffled,correct,11600,0.0,1.0,200,0
N192_M96,channel_hard,shuffled,correct,11700,0.0,1.0,200,0
N192_M96,channel_hard,shuffled,correct,11800,0.0,1.0,200,0
N192_M96,channel_hard,shuffled,correct,11900,0.0,1.0,200,0
N192_M96,channel_hard,shuffled,correct,12000,0.0,1.0,200,0
N192_M96,channel_hard,shuffled,correct,12100,0.0,1.0,200,0
N192_M96,channel_hard,shuffled,correct,12200,0.0,1.0,200,0
N192_M96,channel_hard,shuffled,correct,12300,0.0,1.0,200,0
N192_M96,channel_hard,shuffled,correct,12400,0.0,1.0,200,0
N192_M96,channel_hard,shuffled,correct,12500,0.0,1.0,200,0
N192_M96,channel_hard,shuffled,correct,12600,0.0,1.0,200,0
N192_M96,channel_hard,shuffled,correct,12700,0.0,1.0,200,0
N192_M96,channel_hard,shuffled,correct,12800,0.0,1.0,200,0
N192_M96,channel_hard,shuffled,correct,12900,0.0,1.0,200,0
N192_M96,channel_hard,shuffled,correct,13000,0.0,1.0,200,0
N192_M96,channel_hard,shuffled,correct,13100,0.0,1.0,200,0
N192_M96,channel_hard,shuffled,correct,13200,0.0,1.0,200,0
N192_M96,channel_hard,shuffled,correct,13300,0.0,1.0,200,0
N192_M96,channel_hard,shuffled,correct,13400,0.0,1.0,200,0
N192_M96,channel_hard,shuffled,correct,13500,0.0,1.0,200,0
N192_M96,channel_hard,shuffled,correct,13600,0.0,1.0,200,0
N192_M96,channel_hard,shuffled,correct,13700,0.0,1.0,200,0
N192_M96,channel_hard,shuffled,correct,13800,0.0,1.0,200,0
N192_M96,channel_hard,shuffled,correct,13900,0.0,1.0,200,0
N192_M96,channel_hard,shuffled,correct,14000,0.0,1.0,200,0
N192_M96,channel_hard,shuffled,correct,14100,0.0,1.0,200,0
N192_M96,channel_hard,shuffled,correct,14200,0.0,1.0,200,0
N192_M96,channel_hard,shuffled,correct,14300,0.0,1.0,200,0
N192_M96,channel_hard,shuffled,correct,14400,0.0,1.0,200,0
N192_M96,channel_hard,shuffled,correct,14500,0.0,1.0,200,0
N192_M96,channel_hard,shuffled,correct,14600,0.0,1.0,200,0
N192_M96,channel_hard,shuffled,correct,14700,0.0,1.0,200,0
N192_M96,channel_hard,shuffled,correct,14800,0.0,1.0,200,0
N192_M96,channel_hard,shuffled,correct,14900,0.0,1.0,200,0
N192_M96,channel_hard,shuffled,correct,15000,0.0,1.0,200,0
N192_M96,channel_hard,shuffled,correct,15100,0.0,1.0,200,0
N192_M96,channel_hard,shuffled,correct,15200,0.0,1.0,200,0
N192_M96,channel_hard,shuffled,correct,15300,0.0,1.0,200,0
N192_M96,channel_hard,shuffled,correct,15400,0.0,1.0,200,0
N192_M96,channel_hard,shuffled,correct,15500,0.0,1.0,200,0
N192_M96,channel_hard,shuffled,correct,15600,0.0,1.0,200,0
N192_M96,channel_hard,shuffled,correct,15700,0.0,1.0,200,0
N192_M96,channel_hard,shuffled,correct,15800,0.0,1.0,200,0
N192_M96,channel_hard,shuffled,correct,15900,0.0,1.0,200,0
N192_M96,channel_hard,shuffled,correct,16000,0.0,1.0,200,0
N192_M96,channel_hard,shuffled,correct,16100,0.0,1.0,200,0
N192_M96,channel_hard,shuffled,correct,16200,0.0,1.0,200,0
N192_M96,channel_hard,shuffled,correct,16300,0.0,1.0,200,0
N192_M96,channel_hard,shuffled,correct,16400,0.0,1.0,200,0
N192_M96,channel_hard,shuffled,correct,16500,0.0,1.0,200,0
N192_M96,channel_hard,shuffled,correct,16600,0.0,1.0,200,0
N192_M96,channel_hard,shuffled,correct,16700,0.0,1.0,200,0
N192_M96,channel_hard,shuffled,correct,16800,0.0,1.0,200,0
N192_M96,channel_hard,shuffled,correct,16900,0.0,1.0,200,0
N192_M96,channel_hard,shuffled,correct,17000,0.0,1.0,200,0
N192_M96,channel_hard,shuffled,correct,17100,0.0,1.0,200,0
N192_M96,channel_hard,shuffled,correct,17200,0.0,1.0,200,0
N192_M96,channel_hard,shuffled,correct,17300,0.0,1.0,200,0
N192_M96,channel_hard,shuffled,correct,17400,0.0,1.0,200,0
N192_M96,channel_hard,shuffled,correct,17500,0.0,1.0,200,0
N192_M96,channel_hard,shuffled,correct,17600,0.0,1.0,200,0
N192_M96,channel_hard,shuffled,correct,17700,0.0,1.0,200,0
N192_M96,channel_hard,shuffled,correct,17800,0.0,1.0,200,0
N192_M96,channel_hard,shuffled,correct,17900,0.0,1.0,200,0
N192_M96,channel_hard,shuffled,correct,18000,0.0,1.0,200,0
N192_M96,channel_hard,shuffled,correct,18100,0.0,1.0,200,0
N192_M96,channel_hard,shuffled,correct,18200,0.0,1.0,200,0
N192_M96,channel_hard,shuffled,correct,18300,0.0,1.0,200,0
N192_M96,channel_hard,shuffled,correct,18400,0.0,1.0,200,0
N192_M96,channel_hard,shuffled,correct,18500,0.0,1.0,200,0
N192_M96,channel_hard,shuffled,correct,18600,0.0,1.0,200,0
N192_M96,channel_hard,shuffled,correct,18700,0.0,1.0,200,0
N192_M96,channel_hard,shuffled,correct,18800,0.0,1.0,200,0
N192_M96,channel_hard,shuffled,correct,18900,0.0,1.0,200,0
N192_M96,channel_hard,shuffled,correct,19000,0.0,1.0,200,0
N192_M96,channel_hard,shuffled,correct,19100,0.0,1.0,200,0
N192_M96,channel_hard,shuffled,correct,19200,0.0,1.0,200,0
N192_M96,random,additive,correct,0,0.0,1.0,200,192
N192_M96,random,additive,correct,100,0.03,0.97,200,192
N192_M96,random,additive,correct,200,0.235,0.765,200,192
N192_M96,random,additive,correct,300,0.345,0.655,200,192
N192_M96,random,additive,correct,400,0.46,0.54,200,192
N192_M96,random,additive,correct,500,0.495,0.505,200,192
N192_M96,random,additive,correct,600,0.565,0.43500000000000005,200,192
N192_M96,random,additive,correct,700,0.64,0.36,200,192
N192_M96,random,additive,correct,800,0.65,0.35,200,192
N192_M96,random,additive,correct,900,0.68,0.31999999999999995,200,192
N192_M96,random,additive,correct,1000,0.71,0.29000000000000004,200,192
N192_M96,random,additive,correct,1100,0.73,0.27,200,192
N192_M96,random,additive,correct,1200,0.73,0.27,200,192
N192_M96,random,additive,correct,1300,0.73,0.27,200,192
N192_M96,random,additive,correct,1400,0.755,0.245,200,192
N192_M96,random,additive,correct,1500,0.755,0.245,200,192
N192_M96,random,additive,correct,1600,0.765,0.235,200,192
N192_M96,random,additive,correct,1700,0.77,0.22999999999999998,200,192
N192_M96,random,additive,correct,1800,0.77,0.22999999999999998,200,192
N192_M96,random,additive,correct,1900,0.775,0.22499999999999998,200,192
N192_M96,random,additive,correct,2000,0.785,0.21499999999999997,200,192
N192_M96,random,additive,correct,2100,0.8,0.19999999999999996,200,192
N192_M96,random,additive,correct,2200,0.81,0.18999999999999995,200,192
N192_M96,random,additive,correct,2300,0.81,0.18999999999999995,200,192
N192_M96,random,additive,correct,2400,0.82,0.18000000000000005,200,192
N192_M96,random,additive,correct,2500,0.82,0.18000000000000005,200,192
N192_M96,random,additive,correct,2600,0.83,0.17000000000000004,200,192
N192_M96,random,additive,correct,2700,0.83,0.17000000000000004,200,192
N192_M96,random,additive,correct,2800,0.835,0.16500000000000004,200,192
N192_M96,random,additive,correct,2900,0.845,0.15500000000000003,200,192
N192_M96,random,additive,correct,3000,0.845,0.15500000000000003,200,192
N192_M96,random,additive,correct,3100,0.85,0.15000000000000002,200,192
N192_M96,random,additive,correct,3200,0.85,0.15000000000000002,200,192
N192_M96,random,additive,correct,3300,0.85,0.15000000000000002,200,192
N192_M96,random,additive,correct,3400,0.85,0.15000000000000002,200,192
N192_M96,random,additive,correct,3500,0.85,0.15000000000000002,200,192
N192_M96,random,additive,correct,3600,0.85,0.15000000000000002,200,192
N192_M96,random,additive,correct,3700,0.855,0.14500000000000002,200,192
N192_M96,random,additive,correct,3800,0.855,0.14500000000000002,200,192
N192_M96,random,additive,correct,3900,0.86,0.14,200,192
N192_M96,random,additive,correct,4000,0.86,0.14,200,192
N192_M96,random,additive,correct,4100,0.86,0.14,200,192
N192_M96,random,additive,correct,4200,0.86,0.14,200,192
N192_M96,random,additive,correct,4300,0.865,0.135,200,192
N192_M96,random,additive,correct,4400,0.87,0.13,200,192
N192_M96,random,additive,correct,4500,0.87,0.13,200,192
N192_M96,random,additive,correct,4600,0.87,0.13,200,192
N192_M96,random,additive,correct,4700,0.875,0.125,200,192
N192_M96,random,additive,correct,4800,0.88,0.12,200,192
N192_M96,random,additive,correct,4900,0.885,0.11499999999999999,200,192
N192_M96,random,additive,correct,5000,0.885,0.11499999999999999,200,192
N192_M96,random,additive,correct,5100,0.885,0.11499999999999999,200,192
N192_M96,random,additive,correct,5200,0.89,0.10999999999999999,200,192
N192_M96,random,additive,correct,5300,0.89,0.10999999999999999,200,192
N192_M96,random,additive,correct,5400,0.895,0.10499999999999998,200,192
N192_M96,random,additive,correct,5500,0.895,0.10499999999999998,200,192
N192_M96,random,additive,correct,5600,0.895,0.10499999999999998,200,192
N192_M96,random,additive,correct,5700,0.895,0.10499999999999998,200,192
N192_M96,random,additive,correct,5800,0.895,0.10499999999999998,200,192
N192_M96,random,additive,correct,5900,0.9,0.09999999999999998,200,192
N192_M96,random,additive,correct,6000,0.9,0.09999999999999998,200,192
N192_M96,random,additive,correct,6100,0.9,0.09999999999999998,200,192
N192_M96,random,additive,correct,6200,0.905,0.09499999999999997,200,192
N192_M96,random,additive,correct,6300,0.91,0.08999999999999997,200,192
N192_M96,random,additive,correct,6400,0.91,0.08999999999999997,200,192
N192_M96,random,additive,correct,6500,0.915,0.08499999999999996,200,192
N192_M96,random,additive,correct,6600,0.92,0.07999999999999996,200,192
N192_M96,random,additive,correct,6700,0.92,0.07999999999999996,200,192
N192_M96,random,additive,correct,6800,0.92,0.07999999999999996,200,192
N192_M96,random,additive,correct,6900,0.92,0.07999999999999996,200,192
N192_M96,random,additive,correct,7000,0.92,0.07999999999999996,200,192
N192_M96,random,additive,correct,7100,0.92,0.07999999999999996,200,192
N192_M96,random,additive,correct,7200,0.92,0.07999999999999996,200,192
N192_M96,random,additive,correct,7300,0.92,0.07999999999999996,200,192
N192_M96,random,additive,correct,7400,0.92,0.07999999999999996,200,192
N192_M96,random,additive,correct,7500,0.925,0.07499999999999996,200,192
N192_M96,random,additive,correct,7600,0.925,0.07499999999999996,200,192
N192_M96,random,additive,correct,7700,0.925,0.07499999999999996,200,192
N192_M96,random,additive,correct,7800,0.925,0.07499999999999996,200,192
N192_M96,random,additive,correct,7900,0.925,0.07499999999999996,200,192
N192_M96,random,additive,correct,8000,0.925,0.07499999999999996,200,192
N192_M96,random,additive,correct,8100,0.925,0.07499999999999996,200,192
N192_M96,random,additive,correct,8200,0.925,0.07499999999999996,200,192
N192_M96,random,additive,correct,8300,0.925,0.07499999999999996,200,192
N192_M96,random,additive,correct,8400,0.925,0.07499999999999996,200,192
N192_M96,random,additive,correct,8500,0.925,0.07499999999999996,200,192
N192_M96,random,additive,correct,8600,0.925,0.07499999999999996,200,192
N192_M96,random,additive,correct,8700,0.925,0.07499999999999996,200,192
N192_M96,random,additive,correct,8800,0.925,0.07499999999999996,200,192
N192_M96,random,additive,correct,8900,0.925,0.07499999999999996,200,192
N192_M96,random,additive,correct,9000,0.93,0.06999999999999995,200,192
N192_M96,random,additive,correct,9100,0.93,0.06999999999999995,200,192
N192_M96,random,additive,correct,9200,0.93,0.06999999999999995,200,192
N192_M96,random,additive,correct,9300,0.935,0.06499999999999995,200,192
N192_M96,random,additive,correct,9400,0.935,0.06499999999999995,200,192
N192_M96,random,additive,correct,9500,0.935,0.06499999999999995,200,192
N192_M96,random,additive,correct,9600,0.935,0.06499999999999995,200,192
N192_M96,random,additive,correct,9700,0.935,0.06499999999999995,200,192
N192_M96,random,additive,correct,9800,0.935,0.06499999999999995,200,192
N192_M96,random,additive,correct,9900,0.935,0.06499999999999995,200,192
N192_M96,random,additive,correct,10000,0.935,0.06499999999999995,200,192
N192_M96,random,additive,correct,10100,0.935,0.06499999999999995,200,192
N192_M96,random,additive,correct,10200,0.935,0.06499999999999995,200,192
N192_M96,random,additive,correct,10300,0.935,0.06499999999999995,200,192
N192_M96,random,additive,correct,10400,0.935,0.06499999999999995,200,192
N192_M96,random,additive,correct,10500,0.94,0.06000000000000005,200,192
N192_M96,random,additive,correct,10600,0.94,0.06000000000000005,200,192
N192_M96,random,additive,correct,10700,0.94,0.06000000000000005,200,192
N192_M96,random,additive,correct,10800,0.94,0.06000000000000005,200,192
N192_M96,random,additive,correct,10900,0.94,0.06000000000000005,200,192
N192_M96,random,additive,correct,11000,0.94,0.06000000000000005,200,192
N192_M96,random,additive,correct,11100,0.94,0.06000000000000005,200,192
N192_M96,random,additive,correct,11200,0.94,0.06000000000000005,200,192
N192_M96,random,additive,correct,11300,0.94,0.06000000000000005,200,192
N192_M96,random,additive,correct,11400,0.94,0.06000000000000005,200,192
N192_M96,random,additive,correct,11500,0.94,0.06000000000000005,200,192
N192_M96,random,additive,correct,11600,0.94,0.06000000000000005,200,192
N192_M96,random,additive,correct,11700,0.94,0.06000000000000005,200,192
N192_M96,random,additive,correct,11800,0.94,0.06000000000000005,200,192
N192_M96,random,additive,correct,11900,0.94,0.06000000000000005,200,192
N192_M96,random,additive,correct,12000,0.94,0.06000000000000005,200,192
N192_M96,random,additive,correct,12100,0.94,0.06000000000000005,200,192
N192_M96,random,additive,correct,12200,0.94,0.06000000000000005,200,192
N192_M96,random,additive,correct,12300,0.94,0.06000000000000005,200,192
N192_M96,random,additive,correct,12400,0.94,0.06000000000000005,200,192
N192_M96,random,additive,correct,12500,0.94,0.06000000000000005,200,192
N192_M96,random,additive,correct,12600,0.94,0.06000000000000005,200,192
N192_M96,random,additive,correct,12700,0.94,0.06000000000000005,200,192
N192_M96,random,additive,correct,12800,0.94,0.06000000000000005,200,192
N192_M96,random,additive,correct,12900,0.94,0.06000000000000005,200,192
N192_M96,random,additive,correct,13000,0.94,0.06000000000000005,200,192
N192_M96,random,additive,correct,13100,0.94,0.06000000000000005,200,192
N192_M96,random,additive,correct,13200,0.94,0.06000000000000005,200,192
N192_M96,random,additive,correct,13300,0.94,0.06000000000000005,200,192
N192_M96,random,additive,correct,13400,0.94,0.06000000000000005,200,192
N192_M96,random,additive,correct,13500,0.94,0.06000000000000005,200,192
N192_M96,random,additive,correct,13600,0.94,0.06000000000000005,200,192
N192_M96,random,additive,correct,13700,0.94,0.06000000000000005,200,192
N192_M96,random,additive,correct,13800,0.94,0.06000000000000005,200,192
N192_M96,random,additive,correct,13900,0.94,0.06000000000000005,200,192
N192_M96,random,additive,correct,14000,0.94,0.06000000000000005,200,192
N192_M96,random,additive,correct,14100,0.94,0.06000000000000005,200,192
N192_M96,random,additive,correct,14200,0.94,0.06000000000000005,200,192
N192_M96,random,additive,correct,14300,0.94,0.06000000000000005,200,192
N192_M96,random,additive,correct,14400,0.94,0.06000000000000005,200,192
N192_M96,random,additive,correct,14500,0.94,0.06000000000000005,200,192
N192_M96,random,additive,correct,14600,0.94,0.06000000000000005,200,192
N192_M96,random,additive,correct,14700,0.945,0.05500000000000005,200,192
N192_M96,random,additive,correct,14800,0.945,0.05500000000000005,200,192
N192_M96,random,additive,correct,14900,0.945,0.05500000000000005,200,192
N192_M96,random,additive,correct,15000,0.95,0.050000000000000044,200,192
N192_M96,random,additive,correct,15100,0.95,0.050000000000000044,200,192
N192_M96,random,additive,correct,15200,0.955,0.04500000000000004,200,192
N192_M96,random,additive,correct,15300,0.96,0.040000000000000036,200,192
N192_M96,random,additive,correct,15400,0.96,0.040000000000000036,200,192
N192_M96,random,additive,correct,15500,0.96,0.040000000000000036,200,192
N192_M96,random,additive,correct,15600,0.96,0.040000000000000036,200,192
N192_M96,random,additive,correct,15700,0.96,0.040000000000000036,200,192
N192_M96,random,additive,correct,15800,0.96,0.040000000000000036,200,192
N192_M96,random,additive,correct,15900,0.96,0.040000000000000036,200,192
N192_M96,random,additive,correct,16000,0.96,0.040000000000000036,200,192
N192_M96,random,additive,correct,16100,0.96,0.040000000000000036,200,192
N192_M96,random,additive,correct,16200,0.96,0.040000000000000036,200,192
N192_M96,random,additive,correct,16300,0.96,0.040000000000000036,200,192
N192_M96,random,additive,correct,16400,0.96,0.040000000000000036,200,192
N192_M96,random,additive,correct,16500,0.96,0.040000000000000036,200,192
N192_M96,random,additive,correct,16600,0.96,0.040000000000000036,200,192
N192_M96,random,additive,correct,16700,0.96,0.040000000000000036,200,192
N192_M96,random,additive,correct,16800,0.96,0.040000000000000036,200,192
N192_M96,random,additive,correct,16900,0.96,0.040000000000000036,200,192
N192_M96,random,additive,correct,17000,0.96,0.040000000000000036,200,192
N192_M96,random,additive,correct,17100,0.96,0.040000000000000036,200,192
N192_M96,random,additive,correct,17200,0.96,0.040000000000000036,200,192
N192_M96,random,additive,correct,17300,0.96,0.040000000000000036,200,192
N192_M96,random,additive,correct,17400,0.96,0.040000000000000036,200,192
N192_M96,random,additive,correct,17500,0.96,0.040000000000000036,200,192
N192_M96,random,additive,correct,17600,0.96,0.040000000000000036,200,192
N192_M96,random,additive,correct,17700,0.96,0.040000000000000036,200,192
N192_M96,random,additive,correct,17800,0.96,0.040000000000000036,200,192
N192_M96,random,additive,correct,17900,0.96,0.040000000000000036,200,192
N192_M96,random,additive,correct,18000,0.96,0.040000000000000036,200,192
N192_M96,random,additive,correct,18100,0.96,0.040000000000000036,200,192
N192_M96,random,additive,correct,18200,0.96,0.040000000000000036,200,192
N192_M96,random,additive,correct,18300,0.96,0.040000000000000036,200,192
N192_M96,random,additive,correct,18400,0.96,0.040000000000000036,200,192
N192_M96,random,additive,correct,18500,0.96,0.040000000000000036,200,192
N192_M96,random,additive,correct,18600,0.96,0.040000000000000036,200,192
N192_M96,random,additive,correct,18700,0.96,0.040000000000000036,200,192
N192_M96,random,additive,correct,18800,0.96,0.040000000000000036,200,192
N192_M96,random,additive,correct,18900,0.96,0.040000000000000036,200,192
N192_M96,random,additive,correct,19000,0.96,0.040000000000000036,200,192
N192_M96,random,additive,correct,19100,0.96,0.040000000000000036,200,192
N192_M96,random,additive,correct,19200,0.96,0.040000000000000036,200,192
N192_M96,random,gain_only,correct,0,0.0,1.0,200,0
N192_M96,random,gain_only,correct,100,0.0,1.0,200,0
N192_M96,random,gain_only,correct,200,0.0,1.0,200,0
N192_M96,random,gain_only,correct,300,0.0,1.0,200,0
N192_M96,random,gain_only,correct,400,0.0,1.0,200,0
N192_M96,random,gain_only,correct,500,0.0,1.0,200,0
N192_M96,random,gain_only,correct,600,0.0,1.0,200,0
N192_M96,random,gain_only,correct,700,0.0,1.0,200,0
N192_M96,random,gain_only,correct,800,0.0,1.0,200,0
N192_M96,random,gain_only,correct,900,0.0,1.0,200,0
N192_M96,random,gain_only,correct,1000,0.0,1.0,200,0
N192_M96,random,gain_only,correct,1100,0.0,1.0,200,0
N192_M96,random,gain_only,correct,1200,0.0,1.0,200,0
N192_M96,random,gain_only,correct,1300,0.0,1.0,200,0
N192_M96,random,gain_only,correct,1400,0.0,1.0,200,0
N192_M96,random,gain_only,correct,1500,0.0,1.0,200,0
N192_M96,random,gain_only,correct,1600,0.0,1.0,200,0
N192_M96,random,gain_only,correct,1700,0.0,1.0,200,0
N192_M96,random,gain_only,correct,1800,0.0,1.0,200,0
N192_M96,random,gain_only,correct,1900,0.0,1.0,200,0
N192_M96,random,gain_only,correct,2000,0.0,1.0,200,0
N192_M96,random,gain_only,correct,2100,0.0,1.0,200,0
N192_M96,random,gain_only,correct,2200,0.0,1.0,200,0
N192_M96,random,gain_only,correct,2300,0.0,1.0,200,0
N192_M96,random,gain_only,correct,2400,0.0,1.0,200,0
N192_M96,random,gain_only,correct,2500,0.0,1.0,200,0
N192_M96,random,gain_only,correct,2600,0.0,1.0,200,0
N192_M96,random,gain_only,correct,2700,0.0,1.0,200,0
N192_M96,random,gain_only,correct,2800,0.0,1.0,200,0
N192_M96,random,gain_only,correct,2900,0.0,1.0,200,0
N192_M96,random,gain_only,correct,3000,0.0,1.0,200,0
N192_M96,random,gain_only,correct,3100,0.0,1.0,200,0
N192_M96,random,gain_only,correct,3200,0.0,1.0,200,0
N192_M96,random,gain_only,correct,3300,0.0,1.0,200,0
N192_M96,random,gain_only,correct,3400,0.0,1.0,200,0
N192_M96,random,gain_only,correct,3500,0.0,1.0,200,0
N192_M96,random,gain_only,correct,3600,0.0,1.0,200,0
N192_M96,random,gain_only,correct,3700,0.0,1.0,200,0
N192_M96,random,gain_only,correct,3800,0.0,1.0,200,0
N192_M96,random,gain_only,correct,3900,0.0,1.0,200,0
N192_M96,random,gain_only,correct,4000,0.0,1.0,200,0
N192_M96,random,gain_only,correct,4100,0.0,1.0,200,0
N192_M96,random,gain_only,correct,4200,0.0,1.0,200,0
N192_M96,random,gain_only,correct,4300,0.0,1.0,200,0
N192_M96,random,gain_only,correct,4400,0.0,1.0,200,0
N192_M96,random,gain_only,correct,4500,0.0,1.0,200,0
N192_M96,random,gain_only,correct,4600,0.0,1.0,200,0
N192_M96,random,gain_only,correct,4700,0.0,1.0,200,0
N192_M96,random,gain_only,correct,4800,0.0,1.0,200,0
N192_M96,random,gain_only,correct,4900,0.0,1.0,200,0
N192_M96,random,gain_only,correct,5000,0.0,1.0,200,0
N192_M96,random,gain_only,correct,5100,0.0,1.0,200,0
N192_M96,random,gain_only,correct,5200,0.0,1.0,200,0
N192_M96,random,gain_only,correct,5300,0.0,1.0,200,0
N192_M96,random,gain_only,correct,5400,0.0,1.0,200,0
N192_M96,random,gain_only,correct,5500,0.0,1.0,200,0
N192_M96,random,gain_only,correct,5600,0.0,1.0,200,0
N192_M96,random,gain_only,correct,5700,0.0,1.0,200,0
N192_M96,random,gain_only,correct,5800,0.0,1.0,200,0
N192_M96,random,gain_only,correct,5900,0.0,1.0,200,0
N192_M96,random,gain_only,correct,6000,0.0,1.0,200,0
N192_M96,random,gain_only,correct,6100,0.0,1.0,200,0
N192_M96,random,gain_only,correct,6200,0.0,1.0,200,0
N192_M96,random,gain_only,correct,6300,0.0,1.0,200,0
N192_M96,random,gain_only,correct,6400,0.0,1.0,200,0
N192_M96,random,gain_only,correct,6500,0.0,1.0,200,0
N192_M96,random,gain_only,correct,6600,0.0,1.0,200,0
N192_M96,random,gain_only,correct,6700,0.0,1.0,200,0
N192_M96,random,gain_only,correct,6800,0.0,1.0,200,0
N192_M96,random,gain_only,correct,6900,0.0,1.0,200,0
N192_M96,random,gain_only,correct,7000,0.0,1.0,200,0
N192_M96,random,gain_only,correct,7100,0.0,1.0,200,0
N192_M96,random,gain_only,correct,7200,0.0,1.0,200,0
N192_M96,random,gain_only,correct,7300,0.0,1.0,200,0
N192_M96,random,gain_only,correct,7400,0.0,1.0,200,0
N192_M96,random,gain_only,correct,7500,0.0,1.0,200,0
N192_M96,random,gain_only,correct,7600,0.0,1.0,200,0
N192_M96,random,gain_only,correct,7700,0.0,1.0,200,0
N192_M96,random,gain_only,correct,7800,0.0,1.0,200,0
N192_M96,random,gain_only,correct,7900,0.0,1.0,200,0
N192_M96,random,gain_only,correct,8000,0.0,1.0,200,0
N192_M96,random,gain_only,correct,8100,0.0,1.0,200,0
N192_M96,random,gain_only,correct,8200,0.0,1.0,200,0
N192_M96,random,gain_only,correct,8300,0.0,1.0,200,0
N192_M96,random,gain_only,correct,8400,0.0,1.0,200,0
N192_M96,random,gain_only,correct,8500,0.0,1.0,200,0
N192_M96,random,gain_only,correct,8600,0.0,1.0,200,0
N192_M96,random,gain_only,correct,8700,0.0,1.0,200,0
N192_M96,random,gain_only,correct,8800,0.0,1.0,200,0
N192_M96,random,gain_only,correct,8900,0.0,1.0,200,0
N192_M96,random,gain_only,correct,9000,0.0,1.0,200,0
N192_M96,random,gain_only,correct,9100,0.0,1.0,200,0
N192_M96,random,gain_only,correct,9200,0.0,1.0,200,0
N192_M96,random,gain_only,correct,9300,0.0,1.0,200,0
N192_M96,random,gain_only,correct,9400,0.0,1.0,200,0
N192_M96,random,gain_only,correct,9500,0.0,1.0,200,0
N192_M96,random,gain_only,correct,9600,0.0,1.0,200,0
N192_M96,random,gain_only,correct,9700,0.0,1.0,200,0
N192_M96,random,gain_only,correct,9800,0.0,1.0,200,0
N192_M96,random,gain_only,correct,9900,0.0,1.0,200,0
N192_M96,random,gain_only,correct,10000,0.0,1.0,200,0
N192_M96,random,gain_only,correct,10100,0.0,1.0,200,0
N192_M96,random,gain_only,correct,10200,0.0,1.0,200,0
N192_M96,random,gain_only,correct,10300,0.0,1.0,200,0
N192_M96,random,gain_only,correct,10400,0.0,1.0,200,0
N192_M96,random,gain_only,correct,10500,0.0,1.0,200,0
N192_M96,random,gain_only,correct,10600,0.0,1.0,200,0
N192_M96,random,gain_only,correct,10700,0.0,1.0,200,0
N192_M96,random,gain_only,correct,10800,0.0,1.0,200,0
N192_M96,random,gain_only,correct,10900,0.0,1.0,200,0
N192_M96,random,gain_only,correct,11000,0.0,1.0,200,0
N192_M96,random,gain_only,correct,11100,0.0,1.0,200,0
N192_M96,random,gain_only,correct,11200,0.0,1.0,200,0
N192_M96,random,gain_only,correct,11300,0.0,1.0,200,0
N192_M96,random,gain_only,correct,11400,0.0,1.0,200,0
N192_M96,random,gain_only,correct,11500,0.0,1.0,200,0
N192_M96,random,gain_only,correct,11600,0.0,1.0,200,0
N192_M96,random,gain_only,correct,11700,0.0,1.0,200,0
N192_M96,random,gain_only,correct,11800,0.0,1.0,200,0
N192_M96,random,gain_only,correct,11900,0.0,1.0,200,0
N192_M96,random,gain_only,correct,12000,0.0,1.0,200,0
N192_M96,random,gain_only,correct,12100,0.0,1.0,200,0
N192_M96,random,gain_only,correct,12200,0.0,1.0,200,0
N192_M96,random,gain_only,correct,12300,0.0,1.0,200,0
N192_M96,random,gain_only,correct,12400,0.0,1.0,200,0
N192_M96,random,gain_only,correct,12500,0.0,1.0,200,0
N192_M96,random,gain_only,correct,12600,0.0,1.0,200,0
N192_M96,random,gain_only,correct,12700,0.0,1.0,200,0
N192_M96,random,gain_only,correct,12800,0.0,1.0,200,0
N192_M96,random,gain_only,correct,12900,0.0,1.0,200,0
N192_M96,random,gain_only,correct,13000,0.0,1.0,200,0
N192_M96,random,gain_only,correct,13100,0.0,1.0,200,0
N192_M96,random,gain_only,correct,13200,0.0,1.0,200,0
N192_M96,random,gain_only,correct,13300,0.0,1.0,200,0
N192_M96,random,gain_only,correct,13400,0.0,1.0,200,0
N192_M96,random,gain_only,correct,13500,0.0,1.0,200,0
N192_M96,random,gain_only,correct,13600,0.0,1.0,200,0
N192_M96,random,gain_only,correct,13700,0.0,1.0,200,0
N192_M96,random,gain_only,correct,13800,0.0,1.0,200,0
N192_M96,random,gain_only,correct,13900,0.0,1.0,200,0
N192_M96,random,gain_only,correct,14000,0.0,1.0,200,0
N192_M96,random,gain_only,correct,14100,0.0,1.0,200,0
N192_M96,random,gain_only,correct,14200,0.0,1.0,200,0
N192_M96,random,gain_only,correct,14300,0.0,1.0,200,0
N192_M96,random,gain_only,correct,14400,0.0,1.0,200,0
N192_M96,random,gain_only,correct,14500,0.0,1.0,200,0
N192_M96,random,gain_only,correct,14600,0.0,1.0,200,0
N192_M96,random,gain_only,correct,14700,0.0,1.0,200,0
N192_M96,random,gain_only,correct,14800,0.0,1.0,200,0
N192_M96,random,gain_only,correct,14900,0.0,1.0,200,0
N192_M96,random,gain_only,correct,15000,0.0,1.0,200,0
N192_M96,random,gain_only,correct,15100,0.0,1.0,200,0
N192_M96,random,gain_only,correct,15200,0.0,1.0,200,0
N192_M96,random,gain_only,correct,15300,0.0,1.0,200,0
N192_M96,random,gain_only,correct,15400,0.0,1.0,200,0
N192_M96,random,gain_only,correct,15500,0.0,1.0,200,0
N192_M96,random,gain_only,correct,15600,0.0,1.0,200,0
N192_M96,random,gain_only,correct,15700,0.0,1.0,200,0
N192_M96,random,gain_only,correct,15800,0.0,1.0,200,0
N192_M96,random,gain_only,correct,15900,0.0,1.0,200,0
N192_M96,random,gain_only,correct,16000,0.0,1.0,200,0
N192_M96,random,gain_only,correct,16100,0.0,1.0,200,0
N192_M96,random,gain_only,correct,16200,0.0,1.0,200,0
N192_M96,random,gain_only,correct,16300,0.0,1.0,200,0
N192_M96,random,gain_only,correct,16400,0.0,1.0,200,0
N192_M96,random,gain_only,correct,16500,0.0,1.0,200,0
N192_M96,random,gain_only,correct,16600,0.0,1.0,200,0
N192_M96,random,gain_only,correct,16700,0.0,1.0,200,0
N192_M96,random,gain_only,correct,16800,0.0,1.0,200,0
N192_M96,random,gain_only,correct,16900,0.0,1.0,200,0
N192_M96,random,gain_only,correct,17000,0.0,1.0,200,0
N192_M96,random,gain_only,correct,17100,0.0,1.0,200,0
N192_M96,random,gain_only,correct,17200,0.0,1.0,200,0
N192_M96,random,gain_only,correct,17300,0.0,1.0,200,0
N192_M96,random,gain_only,correct,17400,0.0,1.0,200,0
N192_M96,random,gain_only,correct,17500,0.0,1.0,200,0
N192_M96,random,gain_only,correct,17600,0.0,1.0,200,0
N192_M96,random,gain_only,correct,17700,0.0,1.0,200,0
N192_M96,random,gain_only,correct,17800,0.0,1.0,200,0
N192_M96,random,gain_only,correct,17900,0.0,1.0,200,0
N192_M96,random,gain_only,correct,18000,0.0,1.0,200,0
N192_M96,random,gain_only,correct,18100,0.0,1.0,200,0
N192_M96,random,gain_only,correct,18200,0.0,1.0,200,0
N192_M96,random,gain_only,correct,18300,0.0,1.0,200,0
N192_M96,random,gain_only,correct,18400,0.0,1.0,200,0
N192_M96,random,gain_only,correct,18500,0.0,1.0,200,0
N192_M96,random,gain_only,correct,18600,0.0,1.0,200,0
N192_M96,random,gain_only,correct,18700,0.0,1.0,200,0
N192_M96,random,gain_only,correct,18800,0.0,1.0,200,0
N192_M96,random,gain_only,correct,18900,0.0,1.0,200,0
N192_M96,random,gain_only,correct,19000,0.0,1.0,200,0
N192_M96,random,gain_only,correct,19100,0.0,1.0,200,0
N192_M96,random,gain_only,correct,19200,0.0,1.0,200,0
N192_M96,random,pSA,correct,0,0.0,1.0,200,0
N192_M96,random,pSA,correct,100,0.0,1.0,200,0
N192_M96,random,pSA,correct,200,0.0,1.0,200,0
N192_M96,random,pSA,correct,300,0.0,1.0,200,0
N192_M96,random,pSA,correct,400,0.0,1.0,200,0
N192_M96,random,pSA,correct,500,0.0,1.0,200,0
N192_M96,random,pSA,correct,600,0.0,1.0,200,0
N192_M96,random,pSA,correct,700,0.0,1.0,200,0
N192_M96,random,pSA,correct,800,0.0,1.0,200,0
N192_M96,random,pSA,correct,900,0.0,1.0,200,0
N192_M96,random,pSA,correct,1000,0.0,1.0,200,0
N192_M96,random,pSA,correct,1100,0.0,1.0,200,0
N192_M96,random,pSA,correct,1200,0.0,1.0,200,0
N192_M96,random,pSA,correct,1300,0.0,1.0,200,0
N192_M96,random,pSA,correct,1400,0.0,1.0,200,0
N192_M96,random,pSA,correct,1500,0.0,1.0,200,0
N192_M96,random,pSA,correct,1600,0.0,1.0,200,0
N192_M96,random,pSA,correct,1700,0.0,1.0,200,0
N192_M96,random,pSA,correct,1800,0.0,1.0,200,0
N192_M96,random,pSA,correct,1900,0.0,1.0,200,0
N192_M96,random,pSA,correct,2000,0.0,1.0,200,0
N192_M96,random,pSA,correct,2100,0.0,1.0,200,0
N192_M96,random,pSA,correct,2200,0.0,1.0,200,0
N192_M96,random,pSA,correct,2300,0.0,1.0,200,0
N192_M96,random,pSA,correct,2400,0.0,1.0,200,0
N192_M96,random,pSA,correct,2500,0.0,1.0,200,0
N192_M96,random,pSA,correct,2600,0.0,1.0,200,0
N192_M96,random,pSA,correct,2700,0.0,1.0,200,0
N192_M96,random,pSA,correct,2800,0.0,1.0,200,0
N192_M96,random,pSA,correct,2900,0.0,1.0,200,0
N192_M96,random,pSA,correct,3000,0.0,1.0,200,0
N192_M96,random,pSA,correct,3100,0.0,1.0,200,0
N192_M96,random,pSA,correct,3200,0.0,1.0,200,0
N192_M96,random,pSA,correct,3300,0.0,1.0,200,0
N192_M96,random,pSA,correct,3400,0.0,1.0,200,0
N192_M96,random,pSA,correct,3500,0.0,1.0,200,0
N192_M96,random,pSA,correct,3600,0.0,1.0,200,0
N192_M96,random,pSA,correct,3700,0.0,1.0,200,0
N192_M96,random,pSA,correct,3800,0.0,1.0,200,0
N192_M96,random,pSA,correct,3900,0.0,1.0,200,0
N192_M96,random,pSA,correct,4000,0.0,1.0,200,0
N192_M96,random,pSA,correct,4100,0.0,1.0,200,0
N192_M96,random,pSA,correct,4200,0.0,1.0,200,0
N192_M96,random,pSA,correct,4300,0.0,1.0,200,0
N192_M96,random,pSA,correct,4400,0.0,1.0,200,0
N192_M96,random,pSA,correct,4500,0.0,1.0,200,0
N192_M96,random,pSA,correct,4600,0.0,1.0,200,0
N192_M96,random,pSA,correct,4700,0.0,1.0,200,0
N192_M96,random,pSA,correct,4800,0.0,1.0,200,0
N192_M96,random,pSA,correct,4900,0.0,1.0,200,0
N192_M96,random,pSA,correct,5000,0.0,1.0,200,0
N192_M96,random,pSA,correct,5100,0.0,1.0,200,0
N192_M96,random,pSA,correct,5200,0.0,1.0,200,0
N192_M96,random,pSA,correct,5300,0.0,1.0,200,0
N192_M96,random,pSA,correct,5400,0.0,1.0,200,0
N192_M96,random,pSA,correct,5500,0.0,1.0,200,0
N192_M96,random,pSA,correct,5600,0.0,1.0,200,0
N192_M96,random,pSA,correct,5700,0.0,1.0,200,0
N192_M96,random,pSA,correct,5800,0.0,1.0,200,0
N192_M96,random,pSA,correct,5900,0.0,1.0,200,0
N192_M96,random,pSA,correct,6000,0.0,1.0,200,0
N192_M96,random,pSA,correct,6100,0.0,1.0,200,0
N192_M96,random,pSA,correct,6200,0.0,1.0,200,0
N192_M96,random,pSA,correct,6300,0.0,1.0,200,0
N192_M96,random,pSA,correct,6400,0.0,1.0,200,0
N192_M96,random,pSA,correct,6500,0.0,1.0,200,0
N192_M96,random,pSA,correct,6600,0.0,1.0,200,0
N192_M96,random,pSA,correct,6700,0.0,1.0,200,0
N192_M96,random,pSA,correct,6800,0.0,1.0,200,0
N192_M96,random,pSA,correct,6900,0.0,1.0,200,0
N192_M96,random,pSA,correct,7000,0.0,1.0,200,0
N192_M96,random,pSA,correct,7100,0.0,1.0,200,0
N192_M96,random,pSA,correct,7200,0.0,1.0,200,0
N192_M96,random,pSA,correct,7300,0.0,1.0,200,0
N192_M96,random,pSA,correct,7400,0.0,1.0,200,0
N192_M96,random,pSA,correct,7500,0.0,1.0,200,0
N192_M96,random,pSA,correct,7600,0.0,1.0,200,0
N192_M96,random,pSA,correct,7700,0.0,1.0,200,0
N192_M96,random,pSA,correct,7800,0.0,1.0,200,0
N192_M96,random,pSA,correct,7900,0.0,1.0,200,0
N192_M96,random,pSA,correct,8000,0.0,1.0,200,0
N192_M96,random,pSA,correct,8100,0.0,1.0,200,0
N192_M96,random,pSA,correct,8200,0.0,1.0,200,0
N192_M96,random,pSA,correct,8300,0.0,1.0,200,0
N192_M96,random,pSA,correct,8400,0.0,1.0,200,0
N192_M96,random,pSA,correct,8500,0.0,1.0,200,0
N192_M96,random,pSA,correct,8600,0.0,1.0,200,0
N192_M96,random,pSA,correct,8700,0.0,1.0,200,0
N192_M96,random,pSA,correct,8800,0.0,1.0,200,0
N192_M96,random,pSA,correct,8900,0.0,1.0,200,0
N192_M96,random,pSA,correct,9000,0.0,1.0,200,0
N192_M96,random,pSA,correct,9100,0.0,1.0,200,0
N192_M96,random,pSA,correct,9200,0.0,1.0,200,0
N192_M96,random,pSA,correct,9300,0.0,1.0,200,0
N192_M96,random,pSA,correct,9400,0.0,1.0,200,0
N192_M96,random,pSA,correct,9500,0.0,1.0,200,0
N192_M96,random,pSA,correct,9600,0.0,1.0,200,0
N192_M96,random,pSA,correct,9700,0.0,1.0,200,0
N192_M96,random,pSA,correct,9800,0.0,1.0,200,0
N192_M96,random,pSA,correct,9900,0.0,1.0,200,0
N192_M96,random,pSA,correct,10000,0.0,1.0,200,0
N192_M96,random,pSA,correct,10100,0.0,1.0,200,0
N192_M96,random,pSA,correct,10200,0.0,1.0,200,0
N192_M96,random,pSA,correct,10300,0.0,1.0,200,0
N192_M96,random,pSA,correct,10400,0.0,1.0,200,0
N192_M96,random,pSA,correct,10500,0.0,1.0,200,0
N192_M96,random,pSA,correct,10600,0.0,1.0,200,0
N192_M96,random,pSA,correct,10700,0.0,1.0,200,0
N192_M96,random,pSA,correct,10800,0.0,1.0,200,0
N192_M96,random,pSA,correct,10900,0.0,1.0,200,0
N192_M96,random,pSA,correct,11000,0.0,1.0,200,0
N192_M96,random,pSA,correct,11100,0.0,1.0,200,0
N192_M96,random,pSA,correct,11200,0.0,1.0,200,0
N192_M96,random,pSA,correct,11300,0.0,1.0,200,0
N192_M96,random,pSA,correct,11400,0.0,1.0,200,0
N192_M96,random,pSA,correct,11500,0.0,1.0,200,0
N192_M96,random,pSA,correct,11600,0.0,1.0,200,0
N192_M96,random,pSA,correct,11700,0.0,1.0,200,0
N192_M96,random,pSA,correct,11800,0.0,1.0,200,0
N192_M96,random,pSA,correct,11900,0.0,1.0,200,0
N192_M96,random,pSA,correct,12000,0.0,1.0,200,0
N192_M96,random,pSA,correct,12100,0.0,1.0,200,0
N192_M96,random,pSA,correct,12200,0.0,1.0,200,0
N192_M96,random,pSA,correct,12300,0.0,1.0,200,0
N192_M96,random,pSA,correct,12400,0.0,1.0,200,0
N192_M96,random,pSA,correct,12500,0.0,1.0,200,0
N192_M96,random,pSA,correct,12600,0.0,1.0,200,0
N192_M96,random,pSA,correct,12700,0.0,1.0,200,0
N192_M96,random,pSA,correct,12800,0.0,1.0,200,0
N192_M96,random,pSA,correct,12900,0.0,1.0,200,0
N192_M96,random,pSA,correct,13000,0.0,1.0,200,0
N192_M96,random,pSA,correct,13100,0.0,1.0,200,0
N192_M96,random,pSA,correct,13200,0.0,1.0,200,0
N192_M96,random,pSA,correct,13300,0.0,1.0,200,0
N192_M96,random,pSA,correct,13400,0.0,1.0,200,0
N192_M96,random,pSA,correct,13500,0.0,1.0,200,0
N192_M96,random,pSA,correct,13600,0.0,1.0,200,0
N192_M96,random,pSA,correct,13700,0.0,1.0,200,0
N192_M96,random,pSA,correct,13800,0.0,1.0,200,0
N192_M96,random,pSA,correct,13900,0.0,1.0,200,0
N192_M96,random,pSA,correct,14000,0.0,1.0,200,0
N192_M96,random,pSA,correct,14100,0.0,1.0,200,0
N192_M96,random,pSA,correct,14200,0.0,1.0,200,0
N192_M96,random,pSA,correct,14300,0.0,1.0,200,0
N192_M96,random,pSA,correct,14400,0.0,1.0,200,0
N192_M96,random,pSA,correct,14500,0.0,1.0,200,0
N192_M96,random,pSA,correct,14600,0.0,1.0,200,0
N192_M96,random,pSA,correct,14700,0.0,1.0,200,0
N192_M96,random,pSA,correct,14800,0.0,1.0,200,0
N192_M96,random,pSA,correct,14900,0.0,1.0,200,0
N192_M96,random,pSA,correct,15000,0.0,1.0,200,0
N192_M96,random,pSA,correct,15100,0.0,1.0,200,0
N192_M96,random,pSA,correct,15200,0.0,1.0,200,0
N192_M96,random,pSA,correct,15300,0.0,1.0,200,0
N192_M96,random,pSA,correct,15400,0.0,1.0,200,0
N192_M96,random,pSA,correct,15500,0.0,1.0,200,0
N192_M96,random,pSA,correct,15600,0.0,1.0,200,0
N192_M96,random,pSA,correct,15700,0.0,1.0,200,0
N192_M96,random,pSA,correct,15800,0.0,1.0,200,0
N192_M96,random,pSA,correct,15900,0.0,1.0,200,0
N192_M96,random,pSA,correct,16000,0.0,1.0,200,0
N192_M96,random,pSA,correct,16100,0.0,1.0,200,0
N192_M96,random,pSA,correct,16200,0.0,1.0,200,0
N192_M96,random,pSA,correct,16300,0.0,1.0,200,0
N192_M96,random,pSA,correct,16400,0.0,1.0,200,0
N192_M96,random,pSA,correct,16500,0.0,1.0,200,0
N192_M96,random,pSA,correct,16600,0.0,1.0,200,0
N192_M96,random,pSA,correct,16700,0.0,1.0,200,0
N192_M96,random,pSA,correct,16800,0.0,1.0,200,0
N192_M96,random,pSA,correct,16900,0.0,1.0,200,0
N192_M96,random,pSA,correct,17000,0.0,1.0,200,0
N192_M96,random,pSA,correct,17100,0.0,1.0,200,0
N192_M96,random,pSA,correct,17200,0.0,1.0,200,0
N192_M96,random,pSA,correct,17300,0.0,1.0,200,0
N192_M96,random,pSA,correct,17400,0.0,1.0,200,0
N192_M96,random,pSA,correct,17500,0.0,1.0,200,0
N192_M96,random,pSA,correct,17600,0.0,1.0,200,0
N192_M96,random,pSA,correct,17700,0.0,1.0,200,0
N192_M96,random,pSA,correct,17800,0.0,1.0,200,0
N192_M96,random,pSA,correct,17900,0.0,1.0,200,0
N192_M96,random,pSA,correct,18000,0.0,1.0,200,0
N192_M96,random,pSA,correct,18100,0.0,1.0,200,0
N192_M96,random,pSA,correct,18200,0.0,1.0,200,0
N192_M96,random,pSA,correct,18300,0.0,1.0,200,0
N192_M96,random,pSA,correct,18400,0.0,1.0,200,0
N192_M96,random,pSA,correct,18500,0.0,1.0,200,0
N192_M96,random,pSA,correct,18600,0.0,1.0,200,0
N192_M96,random,pSA,correct,18700,0.0,1.0,200,0
N192_M96,random,pSA,correct,18800,0.0,1.0,200,0
N192_M96,random,pSA,correct,18900,0.0,1.0,200,0
N192_M96,random,pSA,correct,19000,0.0,1.0,200,0
N192_M96,random,pSA,correct,19100,0.0,1.0,200,0
N192_M96,random,pSA,correct,19200,0.0,1.0,200,0
N192_M96,random,shuffled,correct,0,0.0,1.0,200,0
N192_M96,random,shuffled,correct,100,0.0,1.0,200,0
N192_M96,random,shuffled,correct,200,0.0,1.0,200,0
N192_M96,random,shuffled,correct,300,0.0,1.0,200,0
N192_M96,random,shuffled,correct,400,0.0,1.0,200,0
N192_M96,random,shuffled,correct,500,0.0,1.0,200,0
N192_M96,random,shuffled,correct,600,0.0,1.0,200,0
N192_M96,random,shuffled,correct,700,0.0,1.0,200,0
N192_M96,random,shuffled,correct,800,0.0,1.0,200,0
N192_M96,random,shuffled,correct,900,0.0,1.0,200,0
N192_M96,random,shuffled,correct,1000,0.0,1.0,200,0
N192_M96,random,shuffled,correct,1100,0.0,1.0,200,0
N192_M96,random,shuffled,correct,1200,0.0,1.0,200,0
N192_M96,random,shuffled,correct,1300,0.0,1.0,200,0
N192_M96,random,shuffled,correct,1400,0.0,1.0,200,0
N192_M96,random,shuffled,correct,1500,0.0,1.0,200,0
N192_M96,random,shuffled,correct,1600,0.0,1.0,200,0
N192_M96,random,shuffled,correct,1700,0.0,1.0,200,0
N192_M96,random,shuffled,correct,1800,0.0,1.0,200,0
N192_M96,random,shuffled,correct,1900,0.0,1.0,200,0
N192_M96,random,shuffled,correct,2000,0.0,1.0,200,0
N192_M96,random,shuffled,correct,2100,0.0,1.0,200,0
N192_M96,random,shuffled,correct,2200,0.0,1.0,200,0
N192_M96,random,shuffled,correct,2300,0.0,1.0,200,0
N192_M96,random,shuffled,correct,2400,0.0,1.0,200,0
N192_M96,random,shuffled,correct,2500,0.0,1.0,200,0
N192_M96,random,shuffled,correct,2600,0.0,1.0,200,0
N192_M96,random,shuffled,correct,2700,0.0,1.0,200,0
N192_M96,random,shuffled,correct,2800,0.0,1.0,200,0
N192_M96,random,shuffled,correct,2900,0.0,1.0,200,0
N192_M96,random,shuffled,correct,3000,0.0,1.0,200,0
N192_M96,random,shuffled,correct,3100,0.0,1.0,200,0
N192_M96,random,shuffled,correct,3200,0.0,1.0,200,0
N192_M96,random,shuffled,correct,3300,0.0,1.0,200,0
N192_M96,random,shuffled,correct,3400,0.0,1.0,200,0
N192_M96,random,shuffled,correct,3500,0.0,1.0,200,0
N192_M96,random,shuffled,correct,3600,0.0,1.0,200,0
N192_M96,random,shuffled,correct,3700,0.0,1.0,200,0
N192_M96,random,shuffled,correct,3800,0.0,1.0,200,0
N192_M96,random,shuffled,correct,3900,0.0,1.0,200,0
N192_M96,random,shuffled,correct,4000,0.0,1.0,200,0
N192_M96,random,shuffled,correct,4100,0.0,1.0,200,0
N192_M96,random,shuffled,correct,4200,0.0,1.0,200,0
N192_M96,random,shuffled,correct,4300,0.0,1.0,200,0
N192_M96,random,shuffled,correct,4400,0.0,1.0,200,0
N192_M96,random,shuffled,correct,4500,0.0,1.0,200,0
N192_M96,random,shuffled,correct,4600,0.0,1.0,200,0
N192_M96,random,shuffled,correct,4700,0.0,1.0,200,0
N192_M96,random,shuffled,correct,4800,0.0,1.0,200,0
N192_M96,random,shuffled,correct,4900,0.0,1.0,200,0
N192_M96,random,shuffled,correct,5000,0.0,1.0,200,0
N192_M96,random,shuffled,correct,5100,0.0,1.0,200,0
N192_M96,random,shuffled,correct,5200,0.0,1.0,200,0
N192_M96,random,shuffled,correct,5300,0.0,1.0,200,0
N192_M96,random,shuffled,correct,5400,0.0,1.0,200,0
N192_M96,random,shuffled,correct,5500,0.0,1.0,200,0
N192_M96,random,shuffled,correct,5600,0.0,1.0,200,0
N192_M96,random,shuffled,correct,5700,0.0,1.0,200,0
N192_M96,random,shuffled,correct,5800,0.0,1.0,200,0
N192_M96,random,shuffled,correct,5900,0.0,1.0,200,0
N192_M96,random,shuffled,correct,6000,0.0,1.0,200,0
N192_M96,random,shuffled,correct,6100,0.0,1.0,200,0
N192_M96,random,shuffled,correct,6200,0.0,1.0,200,0
N192_M96,random,shuffled,correct,6300,0.0,1.0,200,0
N192_M96,random,shuffled,correct,6400,0.0,1.0,200,0
N192_M96,random,shuffled,correct,6500,0.0,1.0,200,0
N192_M96,random,shuffled,correct,6600,0.0,1.0,200,0
N192_M96,random,shuffled,correct,6700,0.0,1.0,200,0
N192_M96,random,shuffled,correct,6800,0.0,1.0,200,0
N192_M96,random,shuffled,correct,6900,0.0,1.0,200,0
N192_M96,random,shuffled,correct,7000,0.0,1.0,200,0
N192_M96,random,shuffled,correct,7100,0.0,1.0,200,0
N192_M96,random,shuffled,correct,7200,0.0,1.0,200,0
N192_M96,random,shuffled,correct,7300,0.0,1.0,200,0
N192_M96,random,shuffled,correct,7400,0.0,1.0,200,0
N192_M96,random,shuffled,correct,7500,0.0,1.0,200,0
N192_M96,random,shuffled,correct,7600,0.0,1.0,200,0
N192_M96,random,shuffled,correct,7700,0.0,1.0,200,0
N192_M96,random,shuffled,correct,7800,0.0,1.0,200,0
N192_M96,random,shuffled,correct,7900,0.0,1.0,200,0
N192_M96,random,shuffled,correct,8000,0.0,1.0,200,0
N192_M96,random,shuffled,correct,8100,0.0,1.0,200,0
N192_M96,random,shuffled,correct,8200,0.0,1.0,200,0
N192_M96,random,shuffled,correct,8300,0.0,1.0,200,0
N192_M96,random,shuffled,correct,8400,0.0,1.0,200,0
N192_M96,random,shuffled,correct,8500,0.0,1.0,200,0
N192_M96,random,shuffled,correct,8600,0.0,1.0,200,0
N192_M96,random,shuffled,correct,8700,0.0,1.0,200,0
N192_M96,random,shuffled,correct,8800,0.0,1.0,200,0
N192_M96,random,shuffled,correct,8900,0.0,1.0,200,0
N192_M96,random,shuffled,correct,9000,0.0,1.0,200,0
N192_M96,random,shuffled,correct,9100,0.0,1.0,200,0
N192_M96,random,shuffled,correct,9200,0.0,1.0,200,0
N192_M96,random,shuffled,correct,9300,0.0,1.0,200,0
N192_M96,random,shuffled,correct,9400,0.0,1.0,200,0
N192_M96,random,shuffled,correct,9500,0.0,1.0,200,0
N192_M96,random,shuffled,correct,9600,0.0,1.0,200,0
N192_M96,random,shuffled,correct,9700,0.0,1.0,200,0
N192_M96,random,shuffled,correct,9800,0.0,1.0,200,0
N192_M96,random,shuffled,correct,9900,0.0,1.0,200,0
N192_M96,random,shuffled,correct,10000,0.0,1.0,200,0
N192_M96,random,shuffled,correct,10100,0.0,1.0,200,0
N192_M96,random,shuffled,correct,10200,0.0,1.0,200,0
N192_M96,random,shuffled,correct,10300,0.0,1.0,200,0
N192_M96,random,shuffled,correct,10400,0.0,1.0,200,0
N192_M96,random,shuffled,correct,10500,0.0,1.0,200,0
N192_M96,random,shuffled,correct,10600,0.0,1.0,200,0
N192_M96,random,shuffled,correct,10700,0.0,1.0,200,0
N192_M96,random,shuffled,correct,10800,0.0,1.0,200,0
N192_M96,random,shuffled,correct,10900,0.0,1.0,200,0
N192_M96,random,shuffled,correct,11000,0.0,1.0,200,0
N192_M96,random,shuffled,correct,11100,0.0,1.0,200,0
N192_M96,random,shuffled,correct,11200,0.0,1.0,200,0
N192_M96,random,shuffled,correct,11300,0.0,1.0,200,0
N192_M96,random,shuffled,correct,11400,0.0,1.0,200,0
N192_M96,random,shuffled,correct,11500,0.0,1.0,200,0
N192_M96,random,shuffled,correct,11600,0.0,1.0,200,0
N192_M96,random,shuffled,correct,11700,0.0,1.0,200,0
N192_M96,random,shuffled,correct,11800,0.0,1.0,200,0
N192_M96,random,shuffled,correct,11900,0.0,1.0,200,0
N192_M96,random,shuffled,correct,12000,0.0,1.0,200,0
N192_M96,random,shuffled,correct,12100,0.0,1.0,200,0
N192_M96,random,shuffled,correct,12200,0.0,1.0,200,0
N192_M96,random,shuffled,correct,12300,0.0,1.0,200,0
N192_M96,random,shuffled,correct,12400,0.0,1.0,200,0
N192_M96,random,shuffled,correct,12500,0.0,1.0,200,0
N192_M96,random,shuffled,correct,12600,0.0,1.0,200,0
N192_M96,random,shuffled,correct,12700,0.0,1.0,200,0
N192_M96,random,shuffled,correct,12800,0.0,1.0,200,0
N192_M96,random,shuffled,correct,12900,0.0,1.0,200,0
N192_M96,random,shuffled,correct,13000,0.0,1.0,200,0
N192_M96,random,shuffled,correct,13100,0.0,1.0,200,0
N192_M96,random,shuffled,correct,13200,0.0,1.0,200,0
N192_M96,random,shuffled,correct,13300,0.0,1.0,200,0
N192_M96,random,shuffled,correct,13400,0.0,1.0,200,0
N192_M96,random,shuffled,correct,13500,0.0,1.0,200,0
N192_M96,random,shuffled,correct,13600,0.0,1.0,200,0
N192_M96,random,shuffled,correct,13700,0.0,1.0,200,0
N192_M96,random,shuffled,correct,13800,0.0,1.0,200,0
N192_M96,random,shuffled,correct,13900,0.0,1.0,200,0
N192_M96,random,shuffled,correct,14000,0.0,1.0,200,0
N192_M96,random,shuffled,correct,14100,0.0,1.0,200,0
N192_M96,random,shuffled,correct,14200,0.0,1.0,200,0
N192_M96,random,shuffled,correct,14300,0.0,1.0,200,0
N192_M96,random,shuffled,correct,14400,0.0,1.0,200,0
N192_M96,random,shuffled,correct,14500,0.0,1.0,200,0
N192_M96,random,shuffled,correct,14600,0.0,1.0,200,0
N192_M96,random,shuffled,correct,14700,0.0,1.0,200,0
N192_M96,random,shuffled,correct,14800,0.0,1.0,200,0
N192_M96,random,shuffled,correct,14900,0.0,1.0,200,0
N192_M96,random,shuffled,correct,15000,0.0,1.0,200,0
N192_M96,random,shuffled,correct,15100,0.0,1.0,200,0
N192_M96,random,shuffled,correct,15200,0.0,1.0,200,0
N192_M96,random,shuffled,correct,15300,0.0,1.0,200,0
N192_M96,random,shuffled,correct,15400,0.0,1.0,200,0
N192_M96,random,shuffled,correct,15500,0.0,1.0,200,0
N192_M96,random,shuffled,correct,15600,0.0,1.0,200,0
N192_M96,random,shuffled,correct,15700,0.0,1.0,200,0
N192_M96,random,shuffled,correct,15800,0.0,1.0,200,0
N192_M96,random,shuffled,correct,15900,0.0,1.0,200,0
N192_M96,random,shuffled,correct,16000,0.0,1.0,200,0
N192_M96,random,shuffled,correct,16100,0.0,1.0,200,0
N192_M96,random,shuffled,correct,16200,0.0,1.0,200,0
N192_M96,random,shuffled,correct,16300,0.0,1.0,200,0
N192_M96,random,shuffled,correct,16400,0.0,1.0,200,0
N192_M96,random,shuffled,correct,16500,0.0,1.0,200,0
N192_M96,random,shuffled,correct,16600,0.0,1.0,200,0
N192_M96,random,shuffled,correct,16700,0.0,1.0,200,0
N192_M96,random,shuffled,correct,16800,0.0,1.0,200,0
N192_M96,random,shuffled,correct,16900,0.0,1.0,200,0
N192_M96,random,shuffled,correct,17000,0.0,1.0,200,0
N192_M96,random,shuffled,correct,17100,0.0,1.0,200,0
N192_M96,random,shuffled,correct,17200,0.0,1.0,200,0
N192_M96,random,shuffled,correct,17300,0.0,1.0,200,0
N192_M96,random,shuffled,correct,17400,0.0,1.0,200,0
N192_M96,random,shuffled,correct,17500,0.0,1.0,200,0
N192_M96,random,shuffled,correct,17600,0.0,1.0,200,0
N192_M96,random,shuffled,correct,17700,0.0,1.0,200,0
N192_M96,random,shuffled,correct,17800,0.0,1.0,200,0
N192_M96,random,shuffled,correct,17900,0.0,1.0,200,0
N192_M96,random,shuffled,correct,18000,0.0,1.0,200,0
N192_M96,random,shuffled,correct,18100,0.0,1.0,200,0
N192_M96,random,shuffled,correct,18200,0.0,1.0,200,0
N192_M96,random,shuffled,correct,18300,0.0,1.0,200,0
N192_M96,random,shuffled,correct,18400,0.0,1.0,200,0
N192_M96,random,shuffled,correct,18500,0.0,1.0,200,0
N192_M96,random,shuffled,correct,18600,0.0,1.0,200,0
N192_M96,random,shuffled,correct,18700,0.0,1.0,200,0
N192_M96,random,shuffled,correct,18800,0.0,1.0,200,0
N192_M96,random,shuffled,correct,18900,0.0,1.0,200,0
N192_M96,random,shuffled,correct,19000,0.0,1.0,200,0
N192_M96,random,shuffled,correct,19100,0.0,1.0,200,0
N192_M96,random,shuffled,correct,19200,0.0,1.0,200,0
N288_M144,all_zero,additive,correct,0,0.0,1.0,200,190
N288_M144,all_zero,additive,correct,100,0.02,0.98,200,190
N288_M144,all_zero,additive,correct,200,0.125,0.875,200,190
N288_M144,all_zero,additive,correct,300,0.325,0.675,200,190
N288_M144,all_zero,additive,correct,400,0.445,0.5549999999999999,200,190
N288_M144,all_zero,additive,correct,500,0.52,0.48,200,190
N288_M144,all_zero,additive,correct,600,0.55,0.44999999999999996,200,190
N288_M144,all_zero,additive,correct,700,0.61,0.39,200,190
N288_M144,all_zero,additive,correct,800,0.65,0.35,200,190
N288_M144,all_zero,additive,correct,900,0.675,0.32499999999999996,200,190
N288_M144,all_zero,additive,correct,1000,0.675,0.32499999999999996,200,190
N288_M144,all_zero,additive,correct,1100,0.69,0.31000000000000005,200,190
N288_M144,all_zero,additive,correct,1200,0.7,0.30000000000000004,200,190
N288_M144,all_zero,additive,correct,1300,0.725,0.275,200,190
N288_M144,all_zero,additive,correct,1400,0.735,0.265,200,190
N288_M144,all_zero,additive,correct,1500,0.745,0.255,200,190
N288_M144,all_zero,additive,correct,1600,0.75,0.25,200,190
N288_M144,all_zero,additive,correct,1700,0.76,0.24,200,190
N288_M144,all_zero,additive,correct,1800,0.78,0.21999999999999997,200,190
N288_M144,all_zero,additive,correct,1900,0.795,0.20499999999999996,200,190
N288_M144,all_zero,additive,correct,2000,0.8,0.19999999999999996,200,190
N288_M144,all_zero,additive,correct,2100,0.805,0.19499999999999995,200,190
N288_M144,all_zero,additive,correct,2200,0.825,0.17500000000000004,200,190
N288_M144,all_zero,additive,correct,2300,0.83,0.17000000000000004,200,190
N288_M144,all_zero,additive,correct,2400,0.83,0.17000000000000004,200,190
N288_M144,all_zero,additive,correct,2500,0.83,0.17000000000000004,200,190
N288_M144,all_zero,additive,correct,2600,0.835,0.16500000000000004,200,190
N288_M144,all_zero,additive,correct,2700,0.84,0.16000000000000003,200,190
N288_M144,all_zero,additive,correct,2800,0.845,0.15500000000000003,200,190
N288_M144,all_zero,additive,correct,2900,0.845,0.15500000000000003,200,190
N288_M144,all_zero,additive,correct,3000,0.85,0.15000000000000002,200,190
N288_M144,all_zero,additive,correct,3100,0.855,0.14500000000000002,200,190
N288_M144,all_zero,additive,correct,3200,0.86,0.14,200,190
N288_M144,all_zero,additive,correct,3300,0.865,0.135,200,190
N288_M144,all_zero,additive,correct,3400,0.865,0.135,200,190
N288_M144,all_zero,additive,correct,3500,0.865,0.135,200,190
N288_M144,all_zero,additive,correct,3600,0.87,0.13,200,190
N288_M144,all_zero,additive,correct,3700,0.875,0.125,200,190
N288_M144,all_zero,additive,correct,3800,0.875,0.125,200,190
N288_M144,all_zero,additive,correct,3900,0.875,0.125,200,190
N288_M144,all_zero,additive,correct,4000,0.875,0.125,200,190
N288_M144,all_zero,additive,correct,4100,0.875,0.125,200,190
N288_M144,all_zero,additive,correct,4200,0.88,0.12,200,190
N288_M144,all_zero,additive,correct,4300,0.88,0.12,200,190
N288_M144,all_zero,additive,correct,4400,0.885,0.11499999999999999,200,190
N288_M144,all_zero,additive,correct,4500,0.885,0.11499999999999999,200,190
N288_M144,all_zero,additive,correct,4600,0.885,0.11499999999999999,200,190
N288_M144,all_zero,additive,correct,4700,0.885,0.11499999999999999,200,190
N288_M144,all_zero,additive,correct,4800,0.885,0.11499999999999999,200,190
N288_M144,all_zero,additive,correct,4900,0.89,0.10999999999999999,200,190
N288_M144,all_zero,additive,correct,5000,0.89,0.10999999999999999,200,190
N288_M144,all_zero,additive,correct,5100,0.89,0.10999999999999999,200,190
N288_M144,all_zero,additive,correct,5200,0.89,0.10999999999999999,200,190
N288_M144,all_zero,additive,correct,5300,0.895,0.10499999999999998,200,190
N288_M144,all_zero,additive,correct,5400,0.895,0.10499999999999998,200,190
N288_M144,all_zero,additive,correct,5500,0.895,0.10499999999999998,200,190
N288_M144,all_zero,additive,correct,5600,0.895,0.10499999999999998,200,190
N288_M144,all_zero,additive,correct,5700,0.895,0.10499999999999998,200,190
N288_M144,all_zero,additive,correct,5800,0.895,0.10499999999999998,200,190
N288_M144,all_zero,additive,correct,5900,0.895,0.10499999999999998,200,190
N288_M144,all_zero,additive,correct,6000,0.9,0.09999999999999998,200,190
N288_M144,all_zero,additive,correct,6100,0.9,0.09999999999999998,200,190
N288_M144,all_zero,additive,correct,6200,0.905,0.09499999999999997,200,190
N288_M144,all_zero,additive,correct,6300,0.905,0.09499999999999997,200,190
N288_M144,all_zero,additive,correct,6400,0.91,0.08999999999999997,200,190
N288_M144,all_zero,additive,correct,6500,0.915,0.08499999999999996,200,190
N288_M144,all_zero,additive,correct,6600,0.92,0.07999999999999996,200,190
N288_M144,all_zero,additive,correct,6700,0.92,0.07999999999999996,200,190
N288_M144,all_zero,additive,correct,6800,0.92,0.07999999999999996,200,190
N288_M144,all_zero,additive,correct,6900,0.925,0.07499999999999996,200,190
N288_M144,all_zero,additive,correct,7000,0.925,0.07499999999999996,200,190
N288_M144,all_zero,additive,correct,7100,0.93,0.06999999999999995,200,190
N288_M144,all_zero,additive,correct,7200,0.93,0.06999999999999995,200,190
N288_M144,all_zero,additive,correct,7300,0.93,0.06999999999999995,200,190
N288_M144,all_zero,additive,correct,7400,0.93,0.06999999999999995,200,190
N288_M144,all_zero,additive,correct,7500,0.93,0.06999999999999995,200,190
N288_M144,all_zero,additive,correct,7600,0.93,0.06999999999999995,200,190
N288_M144,all_zero,additive,correct,7700,0.93,0.06999999999999995,200,190
N288_M144,all_zero,additive,correct,7800,0.93,0.06999999999999995,200,190
N288_M144,all_zero,additive,correct,7900,0.93,0.06999999999999995,200,190
N288_M144,all_zero,additive,correct,8000,0.93,0.06999999999999995,200,190
N288_M144,all_zero,additive,correct,8100,0.93,0.06999999999999995,200,190
N288_M144,all_zero,additive,correct,8200,0.93,0.06999999999999995,200,190
N288_M144,all_zero,additive,correct,8300,0.93,0.06999999999999995,200,190
N288_M144,all_zero,additive,correct,8400,0.93,0.06999999999999995,200,190
N288_M144,all_zero,additive,correct,8500,0.93,0.06999999999999995,200,190
N288_M144,all_zero,additive,correct,8600,0.93,0.06999999999999995,200,190
N288_M144,all_zero,additive,correct,8700,0.93,0.06999999999999995,200,190
N288_M144,all_zero,additive,correct,8800,0.93,0.06999999999999995,200,190
N288_M144,all_zero,additive,correct,8900,0.93,0.06999999999999995,200,190
N288_M144,all_zero,additive,correct,9000,0.93,0.06999999999999995,200,190
N288_M144,all_zero,additive,correct,9100,0.93,0.06999999999999995,200,190
N288_M144,all_zero,additive,correct,9200,0.93,0.06999999999999995,200,190
N288_M144,all_zero,additive,correct,9300,0.93,0.06999999999999995,200,190
N288_M144,all_zero,additive,correct,9400,0.935,0.06499999999999995,200,190
N288_M144,all_zero,additive,correct,9500,0.935,0.06499999999999995,200,190
N288_M144,all_zero,additive,correct,9600,0.935,0.06499999999999995,200,190
N288_M144,all_zero,additive,correct,9700,0.935,0.06499999999999995,200,190
N288_M144,all_zero,additive,correct,9800,0.935,0.06499999999999995,200,190
N288_M144,all_zero,additive,correct,9900,0.935,0.06499999999999995,200,190
N288_M144,all_zero,additive,correct,10000,0.94,0.06000000000000005,200,190
N288_M144,all_zero,additive,correct,10100,0.94,0.06000000000000005,200,190
N288_M144,all_zero,additive,correct,10200,0.94,0.06000000000000005,200,190
N288_M144,all_zero,additive,correct,10300,0.94,0.06000000000000005,200,190
N288_M144,all_zero,additive,correct,10400,0.94,0.06000000000000005,200,190
N288_M144,all_zero,additive,correct,10500,0.94,0.06000000000000005,200,190
N288_M144,all_zero,additive,correct,10600,0.94,0.06000000000000005,200,190
N288_M144,all_zero,additive,correct,10700,0.94,0.06000000000000005,200,190
N288_M144,all_zero,additive,correct,10800,0.94,0.06000000000000005,200,190
N288_M144,all_zero,additive,correct,10900,0.94,0.06000000000000005,200,190
N288_M144,all_zero,additive,correct,11000,0.94,0.06000000000000005,200,190
N288_M144,all_zero,additive,correct,11100,0.94,0.06000000000000005,200,190
N288_M144,all_zero,additive,correct,11200,0.94,0.06000000000000005,200,190
N288_M144,all_zero,additive,correct,11300,0.94,0.06000000000000005,200,190
N288_M144,all_zero,additive,correct,11400,0.94,0.06000000000000005,200,190
N288_M144,all_zero,additive,correct,11500,0.94,0.06000000000000005,200,190
N288_M144,all_zero,additive,correct,11600,0.94,0.06000000000000005,200,190
N288_M144,all_zero,additive,correct,11700,0.94,0.06000000000000005,200,190
N288_M144,all_zero,additive,correct,11800,0.94,0.06000000000000005,200,190
N288_M144,all_zero,additive,correct,11900,0.94,0.06000000000000005,200,190
N288_M144,all_zero,additive,correct,12000,0.94,0.06000000000000005,200,190
N288_M144,all_zero,additive,correct,12100,0.94,0.06000000000000005,200,190
N288_M144,all_zero,additive,correct,12200,0.94,0.06000000000000005,200,190
N288_M144,all_zero,additive,correct,12300,0.94,0.06000000000000005,200,190
N288_M144,all_zero,additive,correct,12400,0.94,0.06000000000000005,200,190
N288_M144,all_zero,additive,correct,12500,0.94,0.06000000000000005,200,190
N288_M144,all_zero,additive,correct,12600,0.94,0.06000000000000005,200,190
N288_M144,all_zero,additive,correct,12700,0.94,0.06000000000000005,200,190
N288_M144,all_zero,additive,correct,12800,0.94,0.06000000000000005,200,190
N288_M144,all_zero,additive,correct,12900,0.94,0.06000000000000005,200,190
N288_M144,all_zero,additive,correct,13000,0.945,0.05500000000000005,200,190
N288_M144,all_zero,additive,correct,13100,0.945,0.05500000000000005,200,190
N288_M144,all_zero,additive,correct,13200,0.945,0.05500000000000005,200,190
N288_M144,all_zero,additive,correct,13300,0.945,0.05500000000000005,200,190
N288_M144,all_zero,additive,correct,13400,0.945,0.05500000000000005,200,190
N288_M144,all_zero,additive,correct,13500,0.945,0.05500000000000005,200,190
N288_M144,all_zero,additive,correct,13600,0.945,0.05500000000000005,200,190
N288_M144,all_zero,additive,correct,13700,0.945,0.05500000000000005,200,190
N288_M144,all_zero,additive,correct,13800,0.945,0.05500000000000005,200,190
N288_M144,all_zero,additive,correct,13900,0.945,0.05500000000000005,200,190
N288_M144,all_zero,additive,correct,14000,0.945,0.05500000000000005,200,190
N288_M144,all_zero,additive,correct,14100,0.945,0.05500000000000005,200,190
N288_M144,all_zero,additive,correct,14200,0.945,0.05500000000000005,200,190
N288_M144,all_zero,additive,correct,14300,0.945,0.05500000000000005,200,190
N288_M144,all_zero,additive,correct,14400,0.945,0.05500000000000005,200,190
N288_M144,all_zero,additive,correct,14500,0.945,0.05500000000000005,200,190
N288_M144,all_zero,additive,correct,14600,0.945,0.05500000000000005,200,190
N288_M144,all_zero,additive,correct,14700,0.945,0.05500000000000005,200,190
N288_M144,all_zero,additive,correct,14800,0.945,0.05500000000000005,200,190
N288_M144,all_zero,additive,correct,14900,0.945,0.05500000000000005,200,190
N288_M144,all_zero,additive,correct,15000,0.945,0.05500000000000005,200,190
N288_M144,all_zero,additive,correct,15100,0.945,0.05500000000000005,200,190
N288_M144,all_zero,additive,correct,15200,0.945,0.05500000000000005,200,190
N288_M144,all_zero,additive,correct,15300,0.945,0.05500000000000005,200,190
N288_M144,all_zero,additive,correct,15400,0.945,0.05500000000000005,200,190
N288_M144,all_zero,additive,correct,15500,0.945,0.05500000000000005,200,190
N288_M144,all_zero,additive,correct,15600,0.945,0.05500000000000005,200,190
N288_M144,all_zero,additive,correct,15700,0.945,0.05500000000000005,200,190
N288_M144,all_zero,additive,correct,15800,0.945,0.05500000000000005,200,190
N288_M144,all_zero,additive,correct,15900,0.945,0.05500000000000005,200,190
N288_M144,all_zero,additive,correct,16000,0.945,0.05500000000000005,200,190
N288_M144,all_zero,additive,correct,16100,0.945,0.05500000000000005,200,190
N288_M144,all_zero,additive,correct,16200,0.945,0.05500000000000005,200,190
N288_M144,all_zero,additive,correct,16300,0.945,0.05500000000000005,200,190
N288_M144,all_zero,additive,correct,16400,0.945,0.05500000000000005,200,190
N288_M144,all_zero,additive,correct,16500,0.945,0.05500000000000005,200,190
N288_M144,all_zero,additive,correct,16600,0.945,0.05500000000000005,200,190
N288_M144,all_zero,additive,correct,16700,0.945,0.05500000000000005,200,190
N288_M144,all_zero,additive,correct,16800,0.945,0.05500000000000005,200,190
N288_M144,all_zero,additive,correct,16900,0.95,0.050000000000000044,200,190
N288_M144,all_zero,additive,correct,17000,0.95,0.050000000000000044,200,190
N288_M144,all_zero,additive,correct,17100,0.95,0.050000000000000044,200,190
N288_M144,all_zero,additive,correct,17200,0.95,0.050000000000000044,200,190
N288_M144,all_zero,additive,correct,17300,0.95,0.050000000000000044,200,190
N288_M144,all_zero,additive,correct,17400,0.95,0.050000000000000044,200,190
N288_M144,all_zero,additive,correct,17500,0.95,0.050000000000000044,200,190
N288_M144,all_zero,additive,correct,17600,0.95,0.050000000000000044,200,190
N288_M144,all_zero,additive,correct,17700,0.95,0.050000000000000044,200,190
N288_M144,all_zero,additive,correct,17800,0.95,0.050000000000000044,200,190
N288_M144,all_zero,additive,correct,17900,0.95,0.050000000000000044,200,190
N288_M144,all_zero,additive,correct,18000,0.95,0.050000000000000044,200,190
N288_M144,all_zero,additive,correct,18100,0.95,0.050000000000000044,200,190
N288_M144,all_zero,additive,correct,18200,0.95,0.050000000000000044,200,190
N288_M144,all_zero,additive,correct,18300,0.95,0.050000000000000044,200,190
N288_M144,all_zero,additive,correct,18400,0.95,0.050000000000000044,200,190
N288_M144,all_zero,additive,correct,18500,0.95,0.050000000000000044,200,190
N288_M144,all_zero,additive,correct,18600,0.95,0.050000000000000044,200,190
N288_M144,all_zero,additive,correct,18700,0.95,0.050000000000000044,200,190
N288_M144,all_zero,additive,correct,18800,0.95,0.050000000000000044,200,190
N288_M144,all_zero,additive,correct,18900,0.95,0.050000000000000044,200,190
N288_M144,all_zero,additive,correct,19000,0.95,0.050000000000000044,200,190
N288_M144,all_zero,additive,correct,19100,0.95,0.050000000000000044,200,190
N288_M144,all_zero,additive,correct,19200,0.95,0.050000000000000044,200,190
N288_M144,all_zero,additive,correct,19300,0.95,0.050000000000000044,200,190
N288_M144,all_zero,additive,correct,19400,0.95,0.050000000000000044,200,190
N288_M144,all_zero,additive,correct,19500,0.95,0.050000000000000044,200,190
N288_M144,all_zero,additive,correct,19600,0.95,0.050000000000000044,200,190
N288_M144,all_zero,additive,correct,19700,0.95,0.050000000000000044,200,190
N288_M144,all_zero,additive,correct,19800,0.95,0.050000000000000044,200,190
N288_M144,all_zero,additive,correct,19900,0.95,0.050000000000000044,200,190
N288_M144,all_zero,additive,correct,20000,0.95,0.050000000000000044,200,190
N288_M144,all_zero,additive,correct,20100,0.95,0.050000000000000044,200,190
N288_M144,all_zero,additive,correct,20200,0.95,0.050000000000000044,200,190
N288_M144,all_zero,additive,correct,20300,0.95,0.050000000000000044,200,190
N288_M144,all_zero,additive,correct,20400,0.95,0.050000000000000044,200,190
N288_M144,all_zero,additive,correct,20500,0.95,0.050000000000000044,200,190
N288_M144,all_zero,additive,correct,20600,0.95,0.050000000000000044,200,190
N288_M144,all_zero,additive,correct,20700,0.95,0.050000000000000044,200,190
N288_M144,all_zero,additive,correct,20800,0.95,0.050000000000000044,200,190
N288_M144,all_zero,additive,correct,20900,0.95,0.050000000000000044,200,190
N288_M144,all_zero,additive,correct,21000,0.95,0.050000000000000044,200,190
N288_M144,all_zero,additive,correct,21100,0.95,0.050000000000000044,200,190
N288_M144,all_zero,additive,correct,21200,0.95,0.050000000000000044,200,190
N288_M144,all_zero,additive,correct,21300,0.95,0.050000000000000044,200,190
N288_M144,all_zero,additive,correct,21400,0.95,0.050000000000000044,200,190
N288_M144,all_zero,additive,correct,21500,0.95,0.050000000000000044,200,190
N288_M144,all_zero,additive,correct,21600,0.95,0.050000000000000044,200,190
N288_M144,all_zero,additive,correct,21700,0.95,0.050000000000000044,200,190
N288_M144,all_zero,additive,correct,21800,0.95,0.050000000000000044,200,190
N288_M144,all_zero,additive,correct,21900,0.95,0.050000000000000044,200,190
N288_M144,all_zero,additive,correct,22000,0.95,0.050000000000000044,200,190
N288_M144,all_zero,additive,correct,22100,0.95,0.050000000000000044,200,190
N288_M144,all_zero,additive,correct,22200,0.95,0.050000000000000044,200,190
N288_M144,all_zero,additive,correct,22300,0.95,0.050000000000000044,200,190
N288_M144,all_zero,additive,correct,22400,0.95,0.050000000000000044,200,190
N288_M144,all_zero,additive,correct,22500,0.95,0.050000000000000044,200,190
N288_M144,all_zero,additive,correct,22600,0.95,0.050000000000000044,200,190
N288_M144,all_zero,additive,correct,22700,0.95,0.050000000000000044,200,190
N288_M144,all_zero,additive,correct,22800,0.95,0.050000000000000044,200,190
N288_M144,all_zero,additive,correct,22900,0.95,0.050000000000000044,200,190
N288_M144,all_zero,additive,correct,23000,0.95,0.050000000000000044,200,190
N288_M144,all_zero,additive,correct,23100,0.95,0.050000000000000044,200,190
N288_M144,all_zero,additive,correct,23200,0.95,0.050000000000000044,200,190
N288_M144,all_zero,additive,correct,23300,0.95,0.050000000000000044,200,190
N288_M144,all_zero,additive,correct,23400,0.95,0.050000000000000044,200,190
N288_M144,all_zero,additive,correct,23500,0.95,0.050000000000000044,200,190
N288_M144,all_zero,additive,correct,23600,0.95,0.050000000000000044,200,190
N288_M144,all_zero,additive,correct,23700,0.95,0.050000000000000044,200,190
N288_M144,all_zero,additive,correct,23800,0.95,0.050000000000000044,200,190
N288_M144,all_zero,additive,correct,23900,0.95,0.050000000000000044,200,190
N288_M144,all_zero,additive,correct,24000,0.95,0.050000000000000044,200,190
N288_M144,all_zero,additive,correct,24100,0.95,0.050000000000000044,200,190
N288_M144,all_zero,additive,correct,24200,0.95,0.050000000000000044,200,190
N288_M144,all_zero,additive,correct,24300,0.95,0.050000000000000044,200,190
N288_M144,all_zero,additive,correct,24400,0.95,0.050000000000000044,200,190
N288_M144,all_zero,additive,correct,24500,0.95,0.050000000000000044,200,190
N288_M144,all_zero,additive,correct,24600,0.95,0.050000000000000044,200,190
N288_M144,all_zero,additive,correct,24700,0.95,0.050000000000000044,200,190
N288_M144,all_zero,additive,correct,24800,0.95,0.050000000000000044,200,190
N288_M144,all_zero,additive,correct,24900,0.95,0.050000000000000044,200,190
N288_M144,all_zero,additive,correct,25000,0.95,0.050000000000000044,200,190
N288_M144,all_zero,additive,correct,25100,0.95,0.050000000000000044,200,190
N288_M144,all_zero,additive,correct,25200,0.95,0.050000000000000044,200,190
N288_M144,all_zero,additive,correct,25300,0.95,0.050000000000000044,200,190
N288_M144,all_zero,additive,correct,25400,0.95,0.050000000000000044,200,190
N288_M144,all_zero,additive,correct,25500,0.95,0.050000000000000044,200,190
N288_M144,all_zero,additive,correct,25600,0.95,0.050000000000000044,200,190
N288_M144,all_zero,gain_only,correct,0,0.0,1.0,200,0
N288_M144,all_zero,gain_only,correct,100,0.0,1.0,200,0
N288_M144,all_zero,gain_only,correct,200,0.0,1.0,200,0
N288_M144,all_zero,gain_only,correct,300,0.0,1.0,200,0
N288_M144,all_zero,gain_only,correct,400,0.0,1.0,200,0
N288_M144,all_zero,gain_only,correct,500,0.0,1.0,200,0
N288_M144,all_zero,gain_only,correct,600,0.0,1.0,200,0
N288_M144,all_zero,gain_only,correct,700,0.0,1.0,200,0
N288_M144,all_zero,gain_only,correct,800,0.0,1.0,200,0
N288_M144,all_zero,gain_only,correct,900,0.0,1.0,200,0
N288_M144,all_zero,gain_only,correct,1000,0.0,1.0,200,0
N288_M144,all_zero,gain_only,correct,1100,0.0,1.0,200,0
N288_M144,all_zero,gain_only,correct,1200,0.0,1.0,200,0
N288_M144,all_zero,gain_only,correct,1300,0.0,1.0,200,0
N288_M144,all_zero,gain_only,correct,1400,0.0,1.0,200,0
N288_M144,all_zero,gain_only,correct,1500,0.0,1.0,200,0
N288_M144,all_zero,gain_only,correct,1600,0.0,1.0,200,0
N288_M144,all_zero,gain_only,correct,1700,0.0,1.0,200,0
N288_M144,all_zero,gain_only,correct,1800,0.0,1.0,200,0
N288_M144,all_zero,gain_only,correct,1900,0.0,1.0,200,0
N288_M144,all_zero,gain_only,correct,2000,0.0,1.0,200,0
N288_M144,all_zero,gain_only,correct,2100,0.0,1.0,200,0
N288_M144,all_zero,gain_only,correct,2200,0.0,1.0,200,0
N288_M144,all_zero,gain_only,correct,2300,0.0,1.0,200,0
N288_M144,all_zero,gain_only,correct,2400,0.0,1.0,200,0
N288_M144,all_zero,gain_only,correct,2500,0.0,1.0,200,0
N288_M144,all_zero,gain_only,correct,2600,0.0,1.0,200,0
N288_M144,all_zero,gain_only,correct,2700,0.0,1.0,200,0
N288_M144,all_zero,gain_only,correct,2800,0.0,1.0,200,0
N288_M144,all_zero,gain_only,correct,2900,0.0,1.0,200,0
N288_M144,all_zero,gain_only,correct,3000,0.0,1.0,200,0
N288_M144,all_zero,gain_only,correct,3100,0.0,1.0,200,0
N288_M144,all_zero,gain_only,correct,3200,0.0,1.0,200,0
N288_M144,all_zero,gain_only,correct,3300,0.0,1.0,200,0
N288_M144,all_zero,gain_only,correct,3400,0.0,1.0,200,0
N288_M144,all_zero,gain_only,correct,3500,0.0,1.0,200,0
N288_M144,all_zero,gain_only,correct,3600,0.0,1.0,200,0
N288_M144,all_zero,gain_only,correct,3700,0.0,1.0,200,0
N288_M144,all_zero,gain_only,correct,3800,0.0,1.0,200,0
N288_M144,all_zero,gain_only,correct,3900,0.0,1.0,200,0
N288_M144,all_zero,gain_only,correct,4000,0.0,1.0,200,0
N288_M144,all_zero,gain_only,correct,4100,0.0,1.0,200,0
N288_M144,all_zero,gain_only,correct,4200,0.0,1.0,200,0
N288_M144,all_zero,gain_only,correct,4300,0.0,1.0,200,0
N288_M144,all_zero,gain_only,correct,4400,0.0,1.0,200,0
N288_M144,all_zero,gain_only,correct,4500,0.0,1.0,200,0
N288_M144,all_zero,gain_only,correct,4600,0.0,1.0,200,0
N288_M144,all_zero,gain_only,correct,4700,0.0,1.0,200,0
N288_M144,all_zero,gain_only,correct,4800,0.0,1.0,200,0
N288_M144,all_zero,gain_only,correct,4900,0.0,1.0,200,0
N288_M144,all_zero,gain_only,correct,5000,0.0,1.0,200,0
N288_M144,all_zero,gain_only,correct,5100,0.0,1.0,200,0
N288_M144,all_zero,gain_only,correct,5200,0.0,1.0,200,0
N288_M144,all_zero,gain_only,correct,5300,0.0,1.0,200,0
N288_M144,all_zero,gain_only,correct,5400,0.0,1.0,200,0
N288_M144,all_zero,gain_only,correct,5500,0.0,1.0,200,0
N288_M144,all_zero,gain_only,correct,5600,0.0,1.0,200,0
N288_M144,all_zero,gain_only,correct,5700,0.0,1.0,200,0
N288_M144,all_zero,gain_only,correct,5800,0.0,1.0,200,0
N288_M144,all_zero,gain_only,correct,5900,0.0,1.0,200,0
N288_M144,all_zero,gain_only,correct,6000,0.0,1.0,200,0
N288_M144,all_zero,gain_only,correct,6100,0.0,1.0,200,0
N288_M144,all_zero,gain_only,correct,6200,0.0,1.0,200,0
N288_M144,all_zero,gain_only,correct,6300,0.0,1.0,200,0
N288_M144,all_zero,gain_only,correct,6400,0.0,1.0,200,0
N288_M144,all_zero,gain_only,correct,6500,0.0,1.0,200,0
N288_M144,all_zero,gain_only,correct,6600,0.0,1.0,200,0
N288_M144,all_zero,gain_only,correct,6700,0.0,1.0,200,0
N288_M144,all_zero,gain_only,correct,6800,0.0,1.0,200,0
N288_M144,all_zero,gain_only,correct,6900,0.0,1.0,200,0
N288_M144,all_zero,gain_only,correct,7000,0.0,1.0,200,0
N288_M144,all_zero,gain_only,correct,7100,0.0,1.0,200,0
N288_M144,all_zero,gain_only,correct,7200,0.0,1.0,200,0
N288_M144,all_zero,gain_only,correct,7300,0.0,1.0,200,0
N288_M144,all_zero,gain_only,correct,7400,0.0,1.0,200,0
N288_M144,all_zero,gain_only,correct,7500,0.0,1.0,200,0
N288_M144,all_zero,gain_only,correct,7600,0.0,1.0,200,0
N288_M144,all_zero,gain_only,correct,7700,0.0,1.0,200,0
N288_M144,all_zero,gain_only,correct,7800,0.0,1.0,200,0
N288_M144,all_zero,gain_only,correct,7900,0.0,1.0,200,0
N288_M144,all_zero,gain_only,correct,8000,0.0,1.0,200,0
N288_M144,all_zero,gain_only,correct,8100,0.0,1.0,200,0
N288_M144,all_zero,gain_only,correct,8200,0.0,1.0,200,0
N288_M144,all_zero,gain_only,correct,8300,0.0,1.0,200,0
N288_M144,all_zero,gain_only,correct,8400,0.0,1.0,200,0
N288_M144,all_zero,gain_only,correct,8500,0.0,1.0,200,0
N288_M144,all_zero,gain_only,correct,8600,0.0,1.0,200,0
N288_M144,all_zero,gain_only,correct,8700,0.0,1.0,200,0
N288_M144,all_zero,gain_only,correct,8800,0.0,1.0,200,0
N288_M144,all_zero,gain_only,correct,8900,0.0,1.0,200,0
N288_M144,all_zero,gain_only,correct,9000,0.0,1.0,200,0
N288_M144,all_zero,gain_only,correct,9100,0.0,1.0,200,0
N288_M144,all_zero,gain_only,correct,9200,0.0,1.0,200,0
N288_M144,all_zero,gain_only,correct,9300,0.0,1.0,200,0
N288_M144,all_zero,gain_only,correct,9400,0.0,1.0,200,0
N288_M144,all_zero,gain_only,correct,9500,0.0,1.0,200,0
N288_M144,all_zero,gain_only,correct,9600,0.0,1.0,200,0
N288_M144,all_zero,gain_only,correct,9700,0.0,1.0,200,0
N288_M144,all_zero,gain_only,correct,9800,0.0,1.0,200,0
N288_M144,all_zero,gain_only,correct,9900,0.0,1.0,200,0
N288_M144,all_zero,gain_only,correct,10000,0.0,1.0,200,0
N288_M144,all_zero,gain_only,correct,10100,0.0,1.0,200,0
N288_M144,all_zero,gain_only,correct,10200,0.0,1.0,200,0
N288_M144,all_zero,gain_only,correct,10300,0.0,1.0,200,0
N288_M144,all_zero,gain_only,correct,10400,0.0,1.0,200,0
N288_M144,all_zero,gain_only,correct,10500,0.0,1.0,200,0
N288_M144,all_zero,gain_only,correct,10600,0.0,1.0,200,0
N288_M144,all_zero,gain_only,correct,10700,0.0,1.0,200,0
N288_M144,all_zero,gain_only,correct,10800,0.0,1.0,200,0
N288_M144,all_zero,gain_only,correct,10900,0.0,1.0,200,0
N288_M144,all_zero,gain_only,correct,11000,0.0,1.0,200,0
N288_M144,all_zero,gain_only,correct,11100,0.0,1.0,200,0
N288_M144,all_zero,gain_only,correct,11200,0.0,1.0,200,0
N288_M144,all_zero,gain_only,correct,11300,0.0,1.0,200,0
N288_M144,all_zero,gain_only,correct,11400,0.0,1.0,200,0
N288_M144,all_zero,gain_only,correct,11500,0.0,1.0,200,0
N288_M144,all_zero,gain_only,correct,11600,0.0,1.0,200,0
N288_M144,all_zero,gain_only,correct,11700,0.0,1.0,200,0
N288_M144,all_zero,gain_only,correct,11800,0.0,1.0,200,0
N288_M144,all_zero,gain_only,correct,11900,0.0,1.0,200,0
N288_M144,all_zero,gain_only,correct,12000,0.0,1.0,200,0
N288_M144,all_zero,gain_only,correct,12100,0.0,1.0,200,0
N288_M144,all_zero,gain_only,correct,12200,0.0,1.0,200,0
N288_M144,all_zero,gain_only,correct,12300,0.0,1.0,200,0
N288_M144,all_zero,gain_only,correct,12400,0.0,1.0,200,0
N288_M144,all_zero,gain_only,correct,12500,0.0,1.0,200,0
N288_M144,all_zero,gain_only,correct,12600,0.0,1.0,200,0
N288_M144,all_zero,gain_only,correct,12700,0.0,1.0,200,0
N288_M144,all_zero,gain_only,correct,12800,0.0,1.0,200,0
N288_M144,all_zero,gain_only,correct,12900,0.0,1.0,200,0
N288_M144,all_zero,gain_only,correct,13000,0.0,1.0,200,0
N288_M144,all_zero,gain_only,correct,13100,0.0,1.0,200,0
N288_M144,all_zero,gain_only,correct,13200,0.0,1.0,200,0
N288_M144,all_zero,gain_only,correct,13300,0.0,1.0,200,0
N288_M144,all_zero,gain_only,correct,13400,0.0,1.0,200,0
N288_M144,all_zero,gain_only,correct,13500,0.0,1.0,200,0
N288_M144,all_zero,gain_only,correct,13600,0.0,1.0,200,0
N288_M144,all_zero,gain_only,correct,13700,0.0,1.0,200,0
N288_M144,all_zero,gain_only,correct,13800,0.0,1.0,200,0
N288_M144,all_zero,gain_only,correct,13900,0.0,1.0,200,0
N288_M144,all_zero,gain_only,correct,14000,0.0,1.0,200,0
N288_M144,all_zero,gain_only,correct,14100,0.0,1.0,200,0
N288_M144,all_zero,gain_only,correct,14200,0.0,1.0,200,0
N288_M144,all_zero,gain_only,correct,14300,0.0,1.0,200,0
N288_M144,all_zero,gain_only,correct,14400,0.0,1.0,200,0
N288_M144,all_zero,gain_only,correct,14500,0.0,1.0,200,0
N288_M144,all_zero,gain_only,correct,14600,0.0,1.0,200,0
N288_M144,all_zero,gain_only,correct,14700,0.0,1.0,200,0
N288_M144,all_zero,gain_only,correct,14800,0.0,1.0,200,0
N288_M144,all_zero,gain_only,correct,14900,0.0,1.0,200,0
N288_M144,all_zero,gain_only,correct,15000,0.0,1.0,200,0
N288_M144,all_zero,gain_only,correct,15100,0.0,1.0,200,0
N288_M144,all_zero,gain_only,correct,15200,0.0,1.0,200,0
N288_M144,all_zero,gain_only,correct,15300,0.0,1.0,200,0
N288_M144,all_zero,gain_only,correct,15400,0.0,1.0,200,0
N288_M144,all_zero,gain_only,correct,15500,0.0,1.0,200,0
N288_M144,all_zero,gain_only,correct,15600,0.0,1.0,200,0
N288_M144,all_zero,gain_only,correct,15700,0.0,1.0,200,0
N288_M144,all_zero,gain_only,correct,15800,0.0,1.0,200,0
N288_M144,all_zero,gain_only,correct,15900,0.0,1.0,200,0
N288_M144,all_zero,gain_only,correct,16000,0.0,1.0,200,0
N288_M144,all_zero,gain_only,correct,16100,0.0,1.0,200,0
N288_M144,all_zero,gain_only,correct,16200,0.0,1.0,200,0
N288_M144,all_zero,gain_only,correct,16300,0.0,1.0,200,0
N288_M144,all_zero,gain_only,correct,16400,0.0,1.0,200,0
N288_M144,all_zero,gain_only,correct,16500,0.0,1.0,200,0
N288_M144,all_zero,gain_only,correct,16600,0.0,1.0,200,0
N288_M144,all_zero,gain_only,correct,16700,0.0,1.0,200,0
N288_M144,all_zero,gain_only,correct,16800,0.0,1.0,200,0
N288_M144,all_zero,gain_only,correct,16900,0.0,1.0,200,0
N288_M144,all_zero,gain_only,correct,17000,0.0,1.0,200,0
N288_M144,all_zero,gain_only,correct,17100,0.0,1.0,200,0
N288_M144,all_zero,gain_only,correct,17200,0.0,1.0,200,0
N288_M144,all_zero,gain_only,correct,17300,0.0,1.0,200,0
N288_M144,all_zero,gain_only,correct,17400,0.0,1.0,200,0
N288_M144,all_zero,gain_only,correct,17500,0.0,1.0,200,0
N288_M144,all_zero,gain_only,correct,17600,0.0,1.0,200,0
N288_M144,all_zero,gain_only,correct,17700,0.0,1.0,200,0
N288_M144,all_zero,gain_only,correct,17800,0.0,1.0,200,0
N288_M144,all_zero,gain_only,correct,17900,0.0,1.0,200,0
N288_M144,all_zero,gain_only,correct,18000,0.0,1.0,200,0
N288_M144,all_zero,gain_only,correct,18100,0.0,1.0,200,0
N288_M144,all_zero,gain_only,correct,18200,0.0,1.0,200,0
N288_M144,all_zero,gain_only,correct,18300,0.0,1.0,200,0
N288_M144,all_zero,gain_only,correct,18400,0.0,1.0,200,0
N288_M144,all_zero,gain_only,correct,18500,0.0,1.0,200,0
N288_M144,all_zero,gain_only,correct,18600,0.0,1.0,200,0
N288_M144,all_zero,gain_only,correct,18700,0.0,1.0,200,0
N288_M144,all_zero,gain_only,correct,18800,0.0,1.0,200,0
N288_M144,all_zero,gain_only,correct,18900,0.0,1.0,200,0
N288_M144,all_zero,gain_only,correct,19000,0.0,1.0,200,0
N288_M144,all_zero,gain_only,correct,19100,0.0,1.0,200,0
N288_M144,all_zero,gain_only,correct,19200,0.0,1.0,200,0
N288_M144,all_zero,gain_only,correct,19300,0.0,1.0,200,0
N288_M144,all_zero,gain_only,correct,19400,0.0,1.0,200,0
N288_M144,all_zero,gain_only,correct,19500,0.0,1.0,200,0
N288_M144,all_zero,gain_only,correct,19600,0.0,1.0,200,0
N288_M144,all_zero,gain_only,correct,19700,0.0,1.0,200,0
N288_M144,all_zero,gain_only,correct,19800,0.0,1.0,200,0
N288_M144,all_zero,gain_only,correct,19900,0.0,1.0,200,0
N288_M144,all_zero,gain_only,correct,20000,0.0,1.0,200,0
N288_M144,all_zero,gain_only,correct,20100,0.0,1.0,200,0
N288_M144,all_zero,gain_only,correct,20200,0.0,1.0,200,0
N288_M144,all_zero,gain_only,correct,20300,0.0,1.0,200,0
N288_M144,all_zero,gain_only,correct,20400,0.0,1.0,200,0
N288_M144,all_zero,gain_only,correct,20500,0.0,1.0,200,0
N288_M144,all_zero,gain_only,correct,20600,0.0,1.0,200,0
N288_M144,all_zero,gain_only,correct,20700,0.0,1.0,200,0
N288_M144,all_zero,gain_only,correct,20800,0.0,1.0,200,0
N288_M144,all_zero,gain_only,correct,20900,0.0,1.0,200,0
N288_M144,all_zero,gain_only,correct,21000,0.0,1.0,200,0
N288_M144,all_zero,gain_only,correct,21100,0.0,1.0,200,0
N288_M144,all_zero,gain_only,correct,21200,0.0,1.0,200,0
N288_M144,all_zero,gain_only,correct,21300,0.0,1.0,200,0
N288_M144,all_zero,gain_only,correct,21400,0.0,1.0,200,0
N288_M144,all_zero,gain_only,correct,21500,0.0,1.0,200,0
N288_M144,all_zero,gain_only,correct,21600,0.0,1.0,200,0
N288_M144,all_zero,gain_only,correct,21700,0.0,1.0,200,0
N288_M144,all_zero,gain_only,correct,21800,0.0,1.0,200,0
N288_M144,all_zero,gain_only,correct,21900,0.0,1.0,200,0
N288_M144,all_zero,gain_only,correct,22000,0.0,1.0,200,0
N288_M144,all_zero,gain_only,correct,22100,0.0,1.0,200,0
N288_M144,all_zero,gain_only,correct,22200,0.0,1.0,200,0
N288_M144,all_zero,gain_only,correct,22300,0.0,1.0,200,0
N288_M144,all_zero,gain_only,correct,22400,0.0,1.0,200,0
N288_M144,all_zero,gain_only,correct,22500,0.0,1.0,200,0
N288_M144,all_zero,gain_only,correct,22600,0.0,1.0,200,0
N288_M144,all_zero,gain_only,correct,22700,0.0,1.0,200,0
N288_M144,all_zero,gain_only,correct,22800,0.0,1.0,200,0
N288_M144,all_zero,gain_only,correct,22900,0.0,1.0,200,0
N288_M144,all_zero,gain_only,correct,23000,0.0,1.0,200,0
N288_M144,all_zero,gain_only,correct,23100,0.0,1.0,200,0
N288_M144,all_zero,gain_only,correct,23200,0.0,1.0,200,0
N288_M144,all_zero,gain_only,correct,23300,0.0,1.0,200,0
N288_M144,all_zero,gain_only,correct,23400,0.0,1.0,200,0
N288_M144,all_zero,gain_only,correct,23500,0.0,1.0,200,0
N288_M144,all_zero,gain_only,correct,23600,0.0,1.0,200,0
N288_M144,all_zero,gain_only,correct,23700,0.0,1.0,200,0
N288_M144,all_zero,gain_only,correct,23800,0.0,1.0,200,0
N288_M144,all_zero,gain_only,correct,23900,0.0,1.0,200,0
N288_M144,all_zero,gain_only,correct,24000,0.0,1.0,200,0
N288_M144,all_zero,gain_only,correct,24100,0.0,1.0,200,0
N288_M144,all_zero,gain_only,correct,24200,0.0,1.0,200,0
N288_M144,all_zero,gain_only,correct,24300,0.0,1.0,200,0
N288_M144,all_zero,gain_only,correct,24400,0.0,1.0,200,0
N288_M144,all_zero,gain_only,correct,24500,0.0,1.0,200,0
N288_M144,all_zero,gain_only,correct,24600,0.0,1.0,200,0
N288_M144,all_zero,gain_only,correct,24700,0.0,1.0,200,0
N288_M144,all_zero,gain_only,correct,24800,0.0,1.0,200,0
N288_M144,all_zero,gain_only,correct,24900,0.0,1.0,200,0
N288_M144,all_zero,gain_only,correct,25000,0.0,1.0,200,0
N288_M144,all_zero,gain_only,correct,25100,0.0,1.0,200,0
N288_M144,all_zero,gain_only,correct,25200,0.0,1.0,200,0
N288_M144,all_zero,gain_only,correct,25300,0.0,1.0,200,0
N288_M144,all_zero,gain_only,correct,25400,0.0,1.0,200,0
N288_M144,all_zero,gain_only,correct,25500,0.0,1.0,200,0
N288_M144,all_zero,gain_only,correct,25600,0.0,1.0,200,0
N288_M144,all_zero,pSA,correct,0,0.0,1.0,200,0
N288_M144,all_zero,pSA,correct,100,0.0,1.0,200,0
N288_M144,all_zero,pSA,correct,200,0.0,1.0,200,0
N288_M144,all_zero,pSA,correct,300,0.0,1.0,200,0
N288_M144,all_zero,pSA,correct,400,0.0,1.0,200,0
N288_M144,all_zero,pSA,correct,500,0.0,1.0,200,0
N288_M144,all_zero,pSA,correct,600,0.0,1.0,200,0
N288_M144,all_zero,pSA,correct,700,0.0,1.0,200,0
N288_M144,all_zero,pSA,correct,800,0.0,1.0,200,0
N288_M144,all_zero,pSA,correct,900,0.0,1.0,200,0
N288_M144,all_zero,pSA,correct,1000,0.0,1.0,200,0
N288_M144,all_zero,pSA,correct,1100,0.0,1.0,200,0
N288_M144,all_zero,pSA,correct,1200,0.0,1.0,200,0
N288_M144,all_zero,pSA,correct,1300,0.0,1.0,200,0
N288_M144,all_zero,pSA,correct,1400,0.0,1.0,200,0
N288_M144,all_zero,pSA,correct,1500,0.0,1.0,200,0
N288_M144,all_zero,pSA,correct,1600,0.0,1.0,200,0
N288_M144,all_zero,pSA,correct,1700,0.0,1.0,200,0
N288_M144,all_zero,pSA,correct,1800,0.0,1.0,200,0
N288_M144,all_zero,pSA,correct,1900,0.0,1.0,200,0
N288_M144,all_zero,pSA,correct,2000,0.0,1.0,200,0
N288_M144,all_zero,pSA,correct,2100,0.0,1.0,200,0
N288_M144,all_zero,pSA,correct,2200,0.0,1.0,200,0
N288_M144,all_zero,pSA,correct,2300,0.0,1.0,200,0
N288_M144,all_zero,pSA,correct,2400,0.0,1.0,200,0
N288_M144,all_zero,pSA,correct,2500,0.0,1.0,200,0
N288_M144,all_zero,pSA,correct,2600,0.0,1.0,200,0
N288_M144,all_zero,pSA,correct,2700,0.0,1.0,200,0
N288_M144,all_zero,pSA,correct,2800,0.0,1.0,200,0
N288_M144,all_zero,pSA,correct,2900,0.0,1.0,200,0
N288_M144,all_zero,pSA,correct,3000,0.0,1.0,200,0
N288_M144,all_zero,pSA,correct,3100,0.0,1.0,200,0
N288_M144,all_zero,pSA,correct,3200,0.0,1.0,200,0
N288_M144,all_zero,pSA,correct,3300,0.0,1.0,200,0
N288_M144,all_zero,pSA,correct,3400,0.0,1.0,200,0
N288_M144,all_zero,pSA,correct,3500,0.0,1.0,200,0
N288_M144,all_zero,pSA,correct,3600,0.0,1.0,200,0
N288_M144,all_zero,pSA,correct,3700,0.0,1.0,200,0
N288_M144,all_zero,pSA,correct,3800,0.0,1.0,200,0
N288_M144,all_zero,pSA,correct,3900,0.0,1.0,200,0
N288_M144,all_zero,pSA,correct,4000,0.0,1.0,200,0
N288_M144,all_zero,pSA,correct,4100,0.0,1.0,200,0
N288_M144,all_zero,pSA,correct,4200,0.0,1.0,200,0
N288_M144,all_zero,pSA,correct,4300,0.0,1.0,200,0
N288_M144,all_zero,pSA,correct,4400,0.0,1.0,200,0
N288_M144,all_zero,pSA,correct,4500,0.0,1.0,200,0
N288_M144,all_zero,pSA,correct,4600,0.0,1.0,200,0
N288_M144,all_zero,pSA,correct,4700,0.0,1.0,200,0
N288_M144,all_zero,pSA,correct,4800,0.0,1.0,200,0
N288_M144,all_zero,pSA,correct,4900,0.0,1.0,200,0
N288_M144,all_zero,pSA,correct,5000,0.0,1.0,200,0
N288_M144,all_zero,pSA,correct,5100,0.0,1.0,200,0
N288_M144,all_zero,pSA,correct,5200,0.0,1.0,200,0
N288_M144,all_zero,pSA,correct,5300,0.0,1.0,200,0
N288_M144,all_zero,pSA,correct,5400,0.0,1.0,200,0
N288_M144,all_zero,pSA,correct,5500,0.0,1.0,200,0
N288_M144,all_zero,pSA,correct,5600,0.0,1.0,200,0
N288_M144,all_zero,pSA,correct,5700,0.0,1.0,200,0
N288_M144,all_zero,pSA,correct,5800,0.0,1.0,200,0
N288_M144,all_zero,pSA,correct,5900,0.0,1.0,200,0
N288_M144,all_zero,pSA,correct,6000,0.0,1.0,200,0
N288_M144,all_zero,pSA,correct,6100,0.0,1.0,200,0
N288_M144,all_zero,pSA,correct,6200,0.0,1.0,200,0
N288_M144,all_zero,pSA,correct,6300,0.0,1.0,200,0
N288_M144,all_zero,pSA,correct,6400,0.0,1.0,200,0
N288_M144,all_zero,pSA,correct,6500,0.0,1.0,200,0
N288_M144,all_zero,pSA,correct,6600,0.0,1.0,200,0
N288_M144,all_zero,pSA,correct,6700,0.0,1.0,200,0
N288_M144,all_zero,pSA,correct,6800,0.0,1.0,200,0
N288_M144,all_zero,pSA,correct,6900,0.0,1.0,200,0
N288_M144,all_zero,pSA,correct,7000,0.0,1.0,200,0
N288_M144,all_zero,pSA,correct,7100,0.0,1.0,200,0
N288_M144,all_zero,pSA,correct,7200,0.0,1.0,200,0
N288_M144,all_zero,pSA,correct,7300,0.0,1.0,200,0
N288_M144,all_zero,pSA,correct,7400,0.0,1.0,200,0
N288_M144,all_zero,pSA,correct,7500,0.0,1.0,200,0
N288_M144,all_zero,pSA,correct,7600,0.0,1.0,200,0
N288_M144,all_zero,pSA,correct,7700,0.0,1.0,200,0
N288_M144,all_zero,pSA,correct,7800,0.0,1.0,200,0
N288_M144,all_zero,pSA,correct,7900,0.0,1.0,200,0
N288_M144,all_zero,pSA,correct,8000,0.0,1.0,200,0
N288_M144,all_zero,pSA,correct,8100,0.0,1.0,200,0
N288_M144,all_zero,pSA,correct,8200,0.0,1.0,200,0
N288_M144,all_zero,pSA,correct,8300,0.0,1.0,200,0
N288_M144,all_zero,pSA,correct,8400,0.0,1.0,200,0
N288_M144,all_zero,pSA,correct,8500,0.0,1.0,200,0
N288_M144,all_zero,pSA,correct,8600,0.0,1.0,200,0
N288_M144,all_zero,pSA,correct,8700,0.0,1.0,200,0
N288_M144,all_zero,pSA,correct,8800,0.0,1.0,200,0
N288_M144,all_zero,pSA,correct,8900,0.0,1.0,200,0
N288_M144,all_zero,pSA,correct,9000,0.0,1.0,200,0
N288_M144,all_zero,pSA,correct,9100,0.0,1.0,200,0
N288_M144,all_zero,pSA,correct,9200,0.0,1.0,200,0
N288_M144,all_zero,pSA,correct,9300,0.0,1.0,200,0
N288_M144,all_zero,pSA,correct,9400,0.0,1.0,200,0
N288_M144,all_zero,pSA,correct,9500,0.0,1.0,200,0
N288_M144,all_zero,pSA,correct,9600,0.0,1.0,200,0
N288_M144,all_zero,pSA,correct,9700,0.0,1.0,200,0
N288_M144,all_zero,pSA,correct,9800,0.0,1.0,200,0
N288_M144,all_zero,pSA,correct,9900,0.0,1.0,200,0
N288_M144,all_zero,pSA,correct,10000,0.0,1.0,200,0
N288_M144,all_zero,pSA,correct,10100,0.0,1.0,200,0
N288_M144,all_zero,pSA,correct,10200,0.0,1.0,200,0
N288_M144,all_zero,pSA,correct,10300,0.0,1.0,200,0
N288_M144,all_zero,pSA,correct,10400,0.0,1.0,200,0
N288_M144,all_zero,pSA,correct,10500,0.0,1.0,200,0
N288_M144,all_zero,pSA,correct,10600,0.0,1.0,200,0
N288_M144,all_zero,pSA,correct,10700,0.0,1.0,200,0
N288_M144,all_zero,pSA,correct,10800,0.0,1.0,200,0
N288_M144,all_zero,pSA,correct,10900,0.0,1.0,200,0
N288_M144,all_zero,pSA,correct,11000,0.0,1.0,200,0
N288_M144,all_zero,pSA,correct,11100,0.0,1.0,200,0
N288_M144,all_zero,pSA,correct,11200,0.0,1.0,200,0
N288_M144,all_zero,pSA,correct,11300,0.0,1.0,200,0
N288_M144,all_zero,pSA,correct,11400,0.0,1.0,200,0
N288_M144,all_zero,pSA,correct,11500,0.0,1.0,200,0
N288_M144,all_zero,pSA,correct,11600,0.0,1.0,200,0
N288_M144,all_zero,pSA,correct,11700,0.0,1.0,200,0
N288_M144,all_zero,pSA,correct,11800,0.0,1.0,200,0
N288_M144,all_zero,pSA,correct,11900,0.0,1.0,200,0
N288_M144,all_zero,pSA,correct,12000,0.0,1.0,200,0
N288_M144,all_zero,pSA,correct,12100,0.0,1.0,200,0
N288_M144,all_zero,pSA,correct,12200,0.0,1.0,200,0
N288_M144,all_zero,pSA,correct,12300,0.0,1.0,200,0
N288_M144,all_zero,pSA,correct,12400,0.0,1.0,200,0
N288_M144,all_zero,pSA,correct,12500,0.0,1.0,200,0
N288_M144,all_zero,pSA,correct,12600,0.0,1.0,200,0
N288_M144,all_zero,pSA,correct,12700,0.0,1.0,200,0
N288_M144,all_zero,pSA,correct,12800,0.0,1.0,200,0
N288_M144,all_zero,pSA,correct,12900,0.0,1.0,200,0
N288_M144,all_zero,pSA,correct,13000,0.0,1.0,200,0
N288_M144,all_zero,pSA,correct,13100,0.0,1.0,200,0
N288_M144,all_zero,pSA,correct,13200,0.0,1.0,200,0
N288_M144,all_zero,pSA,correct,13300,0.0,1.0,200,0
N288_M144,all_zero,pSA,correct,13400,0.0,1.0,200,0
N288_M144,all_zero,pSA,correct,13500,0.0,1.0,200,0
N288_M144,all_zero,pSA,correct,13600,0.0,1.0,200,0
N288_M144,all_zero,pSA,correct,13700,0.0,1.0,200,0
N288_M144,all_zero,pSA,correct,13800,0.0,1.0,200,0
N288_M144,all_zero,pSA,correct,13900,0.0,1.0,200,0
N288_M144,all_zero,pSA,correct,14000,0.0,1.0,200,0
N288_M144,all_zero,pSA,correct,14100,0.0,1.0,200,0
N288_M144,all_zero,pSA,correct,14200,0.0,1.0,200,0
N288_M144,all_zero,pSA,correct,14300,0.0,1.0,200,0
N288_M144,all_zero,pSA,correct,14400,0.0,1.0,200,0
N288_M144,all_zero,pSA,correct,14500,0.0,1.0,200,0
N288_M144,all_zero,pSA,correct,14600,0.0,1.0,200,0
N288_M144,all_zero,pSA,correct,14700,0.0,1.0,200,0
N288_M144,all_zero,pSA,correct,14800,0.0,1.0,200,0
N288_M144,all_zero,pSA,correct,14900,0.0,1.0,200,0
N288_M144,all_zero,pSA,correct,15000,0.0,1.0,200,0
N288_M144,all_zero,pSA,correct,15100,0.0,1.0,200,0
N288_M144,all_zero,pSA,correct,15200,0.0,1.0,200,0
N288_M144,all_zero,pSA,correct,15300,0.0,1.0,200,0
N288_M144,all_zero,pSA,correct,15400,0.0,1.0,200,0
N288_M144,all_zero,pSA,correct,15500,0.0,1.0,200,0
N288_M144,all_zero,pSA,correct,15600,0.0,1.0,200,0
N288_M144,all_zero,pSA,correct,15700,0.0,1.0,200,0
N288_M144,all_zero,pSA,correct,15800,0.0,1.0,200,0
N288_M144,all_zero,pSA,correct,15900,0.0,1.0,200,0
N288_M144,all_zero,pSA,correct,16000,0.0,1.0,200,0
N288_M144,all_zero,pSA,correct,16100,0.0,1.0,200,0
N288_M144,all_zero,pSA,correct,16200,0.0,1.0,200,0
N288_M144,all_zero,pSA,correct,16300,0.0,1.0,200,0
N288_M144,all_zero,pSA,correct,16400,0.0,1.0,200,0
N288_M144,all_zero,pSA,correct,16500,0.0,1.0,200,0
N288_M144,all_zero,pSA,correct,16600,0.0,1.0,200,0
N288_M144,all_zero,pSA,correct,16700,0.0,1.0,200,0
N288_M144,all_zero,pSA,correct,16800,0.0,1.0,200,0
N288_M144,all_zero,pSA,correct,16900,0.0,1.0,200,0
N288_M144,all_zero,pSA,correct,17000,0.0,1.0,200,0
N288_M144,all_zero,pSA,correct,17100,0.0,1.0,200,0
N288_M144,all_zero,pSA,correct,17200,0.0,1.0,200,0
N288_M144,all_zero,pSA,correct,17300,0.0,1.0,200,0
N288_M144,all_zero,pSA,correct,17400,0.0,1.0,200,0
N288_M144,all_zero,pSA,correct,17500,0.0,1.0,200,0
N288_M144,all_zero,pSA,correct,17600,0.0,1.0,200,0
N288_M144,all_zero,pSA,correct,17700,0.0,1.0,200,0
N288_M144,all_zero,pSA,correct,17800,0.0,1.0,200,0
N288_M144,all_zero,pSA,correct,17900,0.0,1.0,200,0
N288_M144,all_zero,pSA,correct,18000,0.0,1.0,200,0
N288_M144,all_zero,pSA,correct,18100,0.0,1.0,200,0
N288_M144,all_zero,pSA,correct,18200,0.0,1.0,200,0
N288_M144,all_zero,pSA,correct,18300,0.0,1.0,200,0
N288_M144,all_zero,pSA,correct,18400,0.0,1.0,200,0
N288_M144,all_zero,pSA,correct,18500,0.0,1.0,200,0
N288_M144,all_zero,pSA,correct,18600,0.0,1.0,200,0
N288_M144,all_zero,pSA,correct,18700,0.0,1.0,200,0
N288_M144,all_zero,pSA,correct,18800,0.0,1.0,200,0
N288_M144,all_zero,pSA,correct,18900,0.0,1.0,200,0
N288_M144,all_zero,pSA,correct,19000,0.0,1.0,200,0
N288_M144,all_zero,pSA,correct,19100,0.0,1.0,200,0
N288_M144,all_zero,pSA,correct,19200,0.0,1.0,200,0
N288_M144,all_zero,pSA,correct,19300,0.0,1.0,200,0
N288_M144,all_zero,pSA,correct,19400,0.0,1.0,200,0
N288_M144,all_zero,pSA,correct,19500,0.0,1.0,200,0
N288_M144,all_zero,pSA,correct,19600,0.0,1.0,200,0
N288_M144,all_zero,pSA,correct,19700,0.0,1.0,200,0
N288_M144,all_zero,pSA,correct,19800,0.0,1.0,200,0
N288_M144,all_zero,pSA,correct,19900,0.0,1.0,200,0
N288_M144,all_zero,pSA,correct,20000,0.0,1.0,200,0
N288_M144,all_zero,pSA,correct,20100,0.0,1.0,200,0
N288_M144,all_zero,pSA,correct,20200,0.0,1.0,200,0
N288_M144,all_zero,pSA,correct,20300,0.0,1.0,200,0
N288_M144,all_zero,pSA,correct,20400,0.0,1.0,200,0
N288_M144,all_zero,pSA,correct,20500,0.0,1.0,200,0
N288_M144,all_zero,pSA,correct,20600,0.0,1.0,200,0
N288_M144,all_zero,pSA,correct,20700,0.0,1.0,200,0
N288_M144,all_zero,pSA,correct,20800,0.0,1.0,200,0
N288_M144,all_zero,pSA,correct,20900,0.0,1.0,200,0
N288_M144,all_zero,pSA,correct,21000,0.0,1.0,200,0
N288_M144,all_zero,pSA,correct,21100,0.0,1.0,200,0
N288_M144,all_zero,pSA,correct,21200,0.0,1.0,200,0
N288_M144,all_zero,pSA,correct,21300,0.0,1.0,200,0
N288_M144,all_zero,pSA,correct,21400,0.0,1.0,200,0
N288_M144,all_zero,pSA,correct,21500,0.0,1.0,200,0
N288_M144,all_zero,pSA,correct,21600,0.0,1.0,200,0
N288_M144,all_zero,pSA,correct,21700,0.0,1.0,200,0
N288_M144,all_zero,pSA,correct,21800,0.0,1.0,200,0
N288_M144,all_zero,pSA,correct,21900,0.0,1.0,200,0
N288_M144,all_zero,pSA,correct,22000,0.0,1.0,200,0
N288_M144,all_zero,pSA,correct,22100,0.0,1.0,200,0
N288_M144,all_zero,pSA,correct,22200,0.0,1.0,200,0
N288_M144,all_zero,pSA,correct,22300,0.0,1.0,200,0
N288_M144,all_zero,pSA,correct,22400,0.0,1.0,200,0
N288_M144,all_zero,pSA,correct,22500,0.0,1.0,200,0
N288_M144,all_zero,pSA,correct,22600,0.0,1.0,200,0
N288_M144,all_zero,pSA,correct,22700,0.0,1.0,200,0
N288_M144,all_zero,pSA,correct,22800,0.0,1.0,200,0
N288_M144,all_zero,pSA,correct,22900,0.0,1.0,200,0
N288_M144,all_zero,pSA,correct,23000,0.0,1.0,200,0
N288_M144,all_zero,pSA,correct,23100,0.0,1.0,200,0
N288_M144,all_zero,pSA,correct,23200,0.0,1.0,200,0
N288_M144,all_zero,pSA,correct,23300,0.0,1.0,200,0
N288_M144,all_zero,pSA,correct,23400,0.0,1.0,200,0
N288_M144,all_zero,pSA,correct,23500,0.0,1.0,200,0
N288_M144,all_zero,pSA,correct,23600,0.0,1.0,200,0
N288_M144,all_zero,pSA,correct,23700,0.0,1.0,200,0
N288_M144,all_zero,pSA,correct,23800,0.0,1.0,200,0
N288_M144,all_zero,pSA,correct,23900,0.0,1.0,200,0
N288_M144,all_zero,pSA,correct,24000,0.0,1.0,200,0
N288_M144,all_zero,pSA,correct,24100,0.0,1.0,200,0
N288_M144,all_zero,pSA,correct,24200,0.0,1.0,200,0
N288_M144,all_zero,pSA,correct,24300,0.0,1.0,200,0
N288_M144,all_zero,pSA,correct,24400,0.0,1.0,200,0
N288_M144,all_zero,pSA,correct,24500,0.0,1.0,200,0
N288_M144,all_zero,pSA,correct,24600,0.0,1.0,200,0
N288_M144,all_zero,pSA,correct,24700,0.0,1.0,200,0
N288_M144,all_zero,pSA,correct,24800,0.0,1.0,200,0
N288_M144,all_zero,pSA,correct,24900,0.0,1.0,200,0
N288_M144,all_zero,pSA,correct,25000,0.0,1.0,200,0
N288_M144,all_zero,pSA,correct,25100,0.0,1.0,200,0
N288_M144,all_zero,pSA,correct,25200,0.0,1.0,200,0
N288_M144,all_zero,pSA,correct,25300,0.0,1.0,200,0
N288_M144,all_zero,pSA,correct,25400,0.0,1.0,200,0
N288_M144,all_zero,pSA,correct,25500,0.0,1.0,200,0
N288_M144,all_zero,pSA,correct,25600,0.0,1.0,200,0
N288_M144,all_zero,shuffled,correct,0,0.0,1.0,200,0
N288_M144,all_zero,shuffled,correct,100,0.0,1.0,200,0
N288_M144,all_zero,shuffled,correct,200,0.0,1.0,200,0
N288_M144,all_zero,shuffled,correct,300,0.0,1.0,200,0
N288_M144,all_zero,shuffled,correct,400,0.0,1.0,200,0
N288_M144,all_zero,shuffled,correct,500,0.0,1.0,200,0
N288_M144,all_zero,shuffled,correct,600,0.0,1.0,200,0
N288_M144,all_zero,shuffled,correct,700,0.0,1.0,200,0
N288_M144,all_zero,shuffled,correct,800,0.0,1.0,200,0
N288_M144,all_zero,shuffled,correct,900,0.0,1.0,200,0
N288_M144,all_zero,shuffled,correct,1000,0.0,1.0,200,0
N288_M144,all_zero,shuffled,correct,1100,0.0,1.0,200,0
N288_M144,all_zero,shuffled,correct,1200,0.0,1.0,200,0
N288_M144,all_zero,shuffled,correct,1300,0.0,1.0,200,0
N288_M144,all_zero,shuffled,correct,1400,0.0,1.0,200,0
N288_M144,all_zero,shuffled,correct,1500,0.0,1.0,200,0
N288_M144,all_zero,shuffled,correct,1600,0.0,1.0,200,0
N288_M144,all_zero,shuffled,correct,1700,0.0,1.0,200,0
N288_M144,all_zero,shuffled,correct,1800,0.0,1.0,200,0
N288_M144,all_zero,shuffled,correct,1900,0.0,1.0,200,0
N288_M144,all_zero,shuffled,correct,2000,0.0,1.0,200,0
N288_M144,all_zero,shuffled,correct,2100,0.0,1.0,200,0
N288_M144,all_zero,shuffled,correct,2200,0.0,1.0,200,0
N288_M144,all_zero,shuffled,correct,2300,0.0,1.0,200,0
N288_M144,all_zero,shuffled,correct,2400,0.0,1.0,200,0
N288_M144,all_zero,shuffled,correct,2500,0.0,1.0,200,0
N288_M144,all_zero,shuffled,correct,2600,0.0,1.0,200,0
N288_M144,all_zero,shuffled,correct,2700,0.0,1.0,200,0
N288_M144,all_zero,shuffled,correct,2800,0.0,1.0,200,0
N288_M144,all_zero,shuffled,correct,2900,0.0,1.0,200,0
N288_M144,all_zero,shuffled,correct,3000,0.0,1.0,200,0
N288_M144,all_zero,shuffled,correct,3100,0.0,1.0,200,0
N288_M144,all_zero,shuffled,correct,3200,0.0,1.0,200,0
N288_M144,all_zero,shuffled,correct,3300,0.0,1.0,200,0
N288_M144,all_zero,shuffled,correct,3400,0.0,1.0,200,0
N288_M144,all_zero,shuffled,correct,3500,0.0,1.0,200,0
N288_M144,all_zero,shuffled,correct,3600,0.0,1.0,200,0
N288_M144,all_zero,shuffled,correct,3700,0.0,1.0,200,0
N288_M144,all_zero,shuffled,correct,3800,0.0,1.0,200,0
N288_M144,all_zero,shuffled,correct,3900,0.0,1.0,200,0
N288_M144,all_zero,shuffled,correct,4000,0.0,1.0,200,0
N288_M144,all_zero,shuffled,correct,4100,0.0,1.0,200,0
N288_M144,all_zero,shuffled,correct,4200,0.0,1.0,200,0
N288_M144,all_zero,shuffled,correct,4300,0.0,1.0,200,0
N288_M144,all_zero,shuffled,correct,4400,0.0,1.0,200,0
N288_M144,all_zero,shuffled,correct,4500,0.0,1.0,200,0
N288_M144,all_zero,shuffled,correct,4600,0.0,1.0,200,0
N288_M144,all_zero,shuffled,correct,4700,0.0,1.0,200,0
N288_M144,all_zero,shuffled,correct,4800,0.0,1.0,200,0
N288_M144,all_zero,shuffled,correct,4900,0.0,1.0,200,0
N288_M144,all_zero,shuffled,correct,5000,0.0,1.0,200,0
N288_M144,all_zero,shuffled,correct,5100,0.0,1.0,200,0
N288_M144,all_zero,shuffled,correct,5200,0.0,1.0,200,0
N288_M144,all_zero,shuffled,correct,5300,0.0,1.0,200,0
N288_M144,all_zero,shuffled,correct,5400,0.0,1.0,200,0
N288_M144,all_zero,shuffled,correct,5500,0.0,1.0,200,0
N288_M144,all_zero,shuffled,correct,5600,0.0,1.0,200,0
N288_M144,all_zero,shuffled,correct,5700,0.0,1.0,200,0
N288_M144,all_zero,shuffled,correct,5800,0.0,1.0,200,0
N288_M144,all_zero,shuffled,correct,5900,0.0,1.0,200,0
N288_M144,all_zero,shuffled,correct,6000,0.0,1.0,200,0
N288_M144,all_zero,shuffled,correct,6100,0.0,1.0,200,0
N288_M144,all_zero,shuffled,correct,6200,0.0,1.0,200,0
N288_M144,all_zero,shuffled,correct,6300,0.0,1.0,200,0
N288_M144,all_zero,shuffled,correct,6400,0.0,1.0,200,0
N288_M144,all_zero,shuffled,correct,6500,0.0,1.0,200,0
N288_M144,all_zero,shuffled,correct,6600,0.0,1.0,200,0
N288_M144,all_zero,shuffled,correct,6700,0.0,1.0,200,0
N288_M144,all_zero,shuffled,correct,6800,0.0,1.0,200,0
N288_M144,all_zero,shuffled,correct,6900,0.0,1.0,200,0
N288_M144,all_zero,shuffled,correct,7000,0.0,1.0,200,0
N288_M144,all_zero,shuffled,correct,7100,0.0,1.0,200,0
N288_M144,all_zero,shuffled,correct,7200,0.0,1.0,200,0
N288_M144,all_zero,shuffled,correct,7300,0.0,1.0,200,0
N288_M144,all_zero,shuffled,correct,7400,0.0,1.0,200,0
N288_M144,all_zero,shuffled,correct,7500,0.0,1.0,200,0
N288_M144,all_zero,shuffled,correct,7600,0.0,1.0,200,0
N288_M144,all_zero,shuffled,correct,7700,0.0,1.0,200,0
N288_M144,all_zero,shuffled,correct,7800,0.0,1.0,200,0
N288_M144,all_zero,shuffled,correct,7900,0.0,1.0,200,0
N288_M144,all_zero,shuffled,correct,8000,0.0,1.0,200,0
N288_M144,all_zero,shuffled,correct,8100,0.0,1.0,200,0
N288_M144,all_zero,shuffled,correct,8200,0.0,1.0,200,0
N288_M144,all_zero,shuffled,correct,8300,0.0,1.0,200,0
N288_M144,all_zero,shuffled,correct,8400,0.0,1.0,200,0
N288_M144,all_zero,shuffled,correct,8500,0.0,1.0,200,0
N288_M144,all_zero,shuffled,correct,8600,0.0,1.0,200,0
N288_M144,all_zero,shuffled,correct,8700,0.0,1.0,200,0
N288_M144,all_zero,shuffled,correct,8800,0.0,1.0,200,0
N288_M144,all_zero,shuffled,correct,8900,0.0,1.0,200,0
N288_M144,all_zero,shuffled,correct,9000,0.0,1.0,200,0
N288_M144,all_zero,shuffled,correct,9100,0.0,1.0,200,0
N288_M144,all_zero,shuffled,correct,9200,0.0,1.0,200,0
N288_M144,all_zero,shuffled,correct,9300,0.0,1.0,200,0
N288_M144,all_zero,shuffled,correct,9400,0.0,1.0,200,0
N288_M144,all_zero,shuffled,correct,9500,0.0,1.0,200,0
N288_M144,all_zero,shuffled,correct,9600,0.0,1.0,200,0
N288_M144,all_zero,shuffled,correct,9700,0.0,1.0,200,0
N288_M144,all_zero,shuffled,correct,9800,0.0,1.0,200,0
N288_M144,all_zero,shuffled,correct,9900,0.0,1.0,200,0
N288_M144,all_zero,shuffled,correct,10000,0.0,1.0,200,0
N288_M144,all_zero,shuffled,correct,10100,0.0,1.0,200,0
N288_M144,all_zero,shuffled,correct,10200,0.0,1.0,200,0
N288_M144,all_zero,shuffled,correct,10300,0.0,1.0,200,0
N288_M144,all_zero,shuffled,correct,10400,0.0,1.0,200,0
N288_M144,all_zero,shuffled,correct,10500,0.0,1.0,200,0
N288_M144,all_zero,shuffled,correct,10600,0.0,1.0,200,0
N288_M144,all_zero,shuffled,correct,10700,0.0,1.0,200,0
N288_M144,all_zero,shuffled,correct,10800,0.0,1.0,200,0
N288_M144,all_zero,shuffled,correct,10900,0.0,1.0,200,0
N288_M144,all_zero,shuffled,correct,11000,0.0,1.0,200,0
N288_M144,all_zero,shuffled,correct,11100,0.0,1.0,200,0
N288_M144,all_zero,shuffled,correct,11200,0.0,1.0,200,0
N288_M144,all_zero,shuffled,correct,11300,0.0,1.0,200,0
N288_M144,all_zero,shuffled,correct,11400,0.0,1.0,200,0
N288_M144,all_zero,shuffled,correct,11500,0.0,1.0,200,0
N288_M144,all_zero,shuffled,correct,11600,0.0,1.0,200,0
N288_M144,all_zero,shuffled,correct,11700,0.0,1.0,200,0
N288_M144,all_zero,shuffled,correct,11800,0.0,1.0,200,0
N288_M144,all_zero,shuffled,correct,11900,0.0,1.0,200,0
N288_M144,all_zero,shuffled,correct,12000,0.0,1.0,200,0
N288_M144,all_zero,shuffled,correct,12100,0.0,1.0,200,0
N288_M144,all_zero,shuffled,correct,12200,0.0,1.0,200,0
N288_M144,all_zero,shuffled,correct,12300,0.0,1.0,200,0
N288_M144,all_zero,shuffled,correct,12400,0.0,1.0,200,0
N288_M144,all_zero,shuffled,correct,12500,0.0,1.0,200,0
N288_M144,all_zero,shuffled,correct,12600,0.0,1.0,200,0
N288_M144,all_zero,shuffled,correct,12700,0.0,1.0,200,0
N288_M144,all_zero,shuffled,correct,12800,0.0,1.0,200,0
N288_M144,all_zero,shuffled,correct,12900,0.0,1.0,200,0
N288_M144,all_zero,shuffled,correct,13000,0.0,1.0,200,0
N288_M144,all_zero,shuffled,correct,13100,0.0,1.0,200,0
N288_M144,all_zero,shuffled,correct,13200,0.0,1.0,200,0
N288_M144,all_zero,shuffled,correct,13300,0.0,1.0,200,0
N288_M144,all_zero,shuffled,correct,13400,0.0,1.0,200,0
N288_M144,all_zero,shuffled,correct,13500,0.0,1.0,200,0
N288_M144,all_zero,shuffled,correct,13600,0.0,1.0,200,0
N288_M144,all_zero,shuffled,correct,13700,0.0,1.0,200,0
N288_M144,all_zero,shuffled,correct,13800,0.0,1.0,200,0
N288_M144,all_zero,shuffled,correct,13900,0.0,1.0,200,0
N288_M144,all_zero,shuffled,correct,14000,0.0,1.0,200,0
N288_M144,all_zero,shuffled,correct,14100,0.0,1.0,200,0
N288_M144,all_zero,shuffled,correct,14200,0.0,1.0,200,0
N288_M144,all_zero,shuffled,correct,14300,0.0,1.0,200,0
N288_M144,all_zero,shuffled,correct,14400,0.0,1.0,200,0
N288_M144,all_zero,shuffled,correct,14500,0.0,1.0,200,0
N288_M144,all_zero,shuffled,correct,14600,0.0,1.0,200,0
N288_M144,all_zero,shuffled,correct,14700,0.0,1.0,200,0
N288_M144,all_zero,shuffled,correct,14800,0.0,1.0,200,0
N288_M144,all_zero,shuffled,correct,14900,0.0,1.0,200,0
N288_M144,all_zero,shuffled,correct,15000,0.0,1.0,200,0
N288_M144,all_zero,shuffled,correct,15100,0.0,1.0,200,0
N288_M144,all_zero,shuffled,correct,15200,0.0,1.0,200,0
N288_M144,all_zero,shuffled,correct,15300,0.0,1.0,200,0
N288_M144,all_zero,shuffled,correct,15400,0.0,1.0,200,0
N288_M144,all_zero,shuffled,correct,15500,0.0,1.0,200,0
N288_M144,all_zero,shuffled,correct,15600,0.0,1.0,200,0
N288_M144,all_zero,shuffled,correct,15700,0.0,1.0,200,0
N288_M144,all_zero,shuffled,correct,15800,0.0,1.0,200,0
N288_M144,all_zero,shuffled,correct,15900,0.0,1.0,200,0
N288_M144,all_zero,shuffled,correct,16000,0.0,1.0,200,0
N288_M144,all_zero,shuffled,correct,16100,0.0,1.0,200,0
N288_M144,all_zero,shuffled,correct,16200,0.0,1.0,200,0
N288_M144,all_zero,shuffled,correct,16300,0.0,1.0,200,0
N288_M144,all_zero,shuffled,correct,16400,0.0,1.0,200,0
N288_M144,all_zero,shuffled,correct,16500,0.0,1.0,200,0
N288_M144,all_zero,shuffled,correct,16600,0.0,1.0,200,0
N288_M144,all_zero,shuffled,correct,16700,0.0,1.0,200,0
N288_M144,all_zero,shuffled,correct,16800,0.0,1.0,200,0
N288_M144,all_zero,shuffled,correct,16900,0.0,1.0,200,0
N288_M144,all_zero,shuffled,correct,17000,0.0,1.0,200,0
N288_M144,all_zero,shuffled,correct,17100,0.0,1.0,200,0
N288_M144,all_zero,shuffled,correct,17200,0.0,1.0,200,0
N288_M144,all_zero,shuffled,correct,17300,0.0,1.0,200,0
N288_M144,all_zero,shuffled,correct,17400,0.0,1.0,200,0
N288_M144,all_zero,shuffled,correct,17500,0.0,1.0,200,0
N288_M144,all_zero,shuffled,correct,17600,0.0,1.0,200,0
N288_M144,all_zero,shuffled,correct,17700,0.0,1.0,200,0
N288_M144,all_zero,shuffled,correct,17800,0.0,1.0,200,0
N288_M144,all_zero,shuffled,correct,17900,0.0,1.0,200,0
N288_M144,all_zero,shuffled,correct,18000,0.0,1.0,200,0
N288_M144,all_zero,shuffled,correct,18100,0.0,1.0,200,0
N288_M144,all_zero,shuffled,correct,18200,0.0,1.0,200,0
N288_M144,all_zero,shuffled,correct,18300,0.0,1.0,200,0
N288_M144,all_zero,shuffled,correct,18400,0.0,1.0,200,0
N288_M144,all_zero,shuffled,correct,18500,0.0,1.0,200,0
N288_M144,all_zero,shuffled,correct,18600,0.0,1.0,200,0
N288_M144,all_zero,shuffled,correct,18700,0.0,1.0,200,0
N288_M144,all_zero,shuffled,correct,18800,0.0,1.0,200,0
N288_M144,all_zero,shuffled,correct,18900,0.0,1.0,200,0
N288_M144,all_zero,shuffled,correct,19000,0.0,1.0,200,0
N288_M144,all_zero,shuffled,correct,19100,0.0,1.0,200,0
N288_M144,all_zero,shuffled,correct,19200,0.0,1.0,200,0
N288_M144,all_zero,shuffled,correct,19300,0.0,1.0,200,0
N288_M144,all_zero,shuffled,correct,19400,0.0,1.0,200,0
N288_M144,all_zero,shuffled,correct,19500,0.0,1.0,200,0
N288_M144,all_zero,shuffled,correct,19600,0.0,1.0,200,0
N288_M144,all_zero,shuffled,correct,19700,0.0,1.0,200,0
N288_M144,all_zero,shuffled,correct,19800,0.0,1.0,200,0
N288_M144,all_zero,shuffled,correct,19900,0.0,1.0,200,0
N288_M144,all_zero,shuffled,correct,20000,0.0,1.0,200,0
N288_M144,all_zero,shuffled,correct,20100,0.0,1.0,200,0
N288_M144,all_zero,shuffled,correct,20200,0.0,1.0,200,0
N288_M144,all_zero,shuffled,correct,20300,0.0,1.0,200,0
N288_M144,all_zero,shuffled,correct,20400,0.0,1.0,200,0
N288_M144,all_zero,shuffled,correct,20500,0.0,1.0,200,0
N288_M144,all_zero,shuffled,correct,20600,0.0,1.0,200,0
N288_M144,all_zero,shuffled,correct,20700,0.0,1.0,200,0
N288_M144,all_zero,shuffled,correct,20800,0.0,1.0,200,0
N288_M144,all_zero,shuffled,correct,20900,0.0,1.0,200,0
N288_M144,all_zero,shuffled,correct,21000,0.0,1.0,200,0
N288_M144,all_zero,shuffled,correct,21100,0.0,1.0,200,0
N288_M144,all_zero,shuffled,correct,21200,0.0,1.0,200,0
N288_M144,all_zero,shuffled,correct,21300,0.0,1.0,200,0
N288_M144,all_zero,shuffled,correct,21400,0.0,1.0,200,0
N288_M144,all_zero,shuffled,correct,21500,0.0,1.0,200,0
N288_M144,all_zero,shuffled,correct,21600,0.0,1.0,200,0
N288_M144,all_zero,shuffled,correct,21700,0.0,1.0,200,0
N288_M144,all_zero,shuffled,correct,21800,0.0,1.0,200,0
N288_M144,all_zero,shuffled,correct,21900,0.0,1.0,200,0
N288_M144,all_zero,shuffled,correct,22000,0.0,1.0,200,0
N288_M144,all_zero,shuffled,correct,22100,0.0,1.0,200,0
N288_M144,all_zero,shuffled,correct,22200,0.0,1.0,200,0
N288_M144,all_zero,shuffled,correct,22300,0.0,1.0,200,0
N288_M144,all_zero,shuffled,correct,22400,0.0,1.0,200,0
N288_M144,all_zero,shuffled,correct,22500,0.0,1.0,200,0
N288_M144,all_zero,shuffled,correct,22600,0.0,1.0,200,0
N288_M144,all_zero,shuffled,correct,22700,0.0,1.0,200,0
N288_M144,all_zero,shuffled,correct,22800,0.0,1.0,200,0
N288_M144,all_zero,shuffled,correct,22900,0.0,1.0,200,0
N288_M144,all_zero,shuffled,correct,23000,0.0,1.0,200,0
N288_M144,all_zero,shuffled,correct,23100,0.0,1.0,200,0
N288_M144,all_zero,shuffled,correct,23200,0.0,1.0,200,0
N288_M144,all_zero,shuffled,correct,23300,0.0,1.0,200,0
N288_M144,all_zero,shuffled,correct,23400,0.0,1.0,200,0
N288_M144,all_zero,shuffled,correct,23500,0.0,1.0,200,0
N288_M144,all_zero,shuffled,correct,23600,0.0,1.0,200,0
N288_M144,all_zero,shuffled,correct,23700,0.0,1.0,200,0
N288_M144,all_zero,shuffled,correct,23800,0.0,1.0,200,0
N288_M144,all_zero,shuffled,correct,23900,0.0,1.0,200,0
N288_M144,all_zero,shuffled,correct,24000,0.0,1.0,200,0
N288_M144,all_zero,shuffled,correct,24100,0.0,1.0,200,0
N288_M144,all_zero,shuffled,correct,24200,0.0,1.0,200,0
N288_M144,all_zero,shuffled,correct,24300,0.0,1.0,200,0
N288_M144,all_zero,shuffled,correct,24400,0.0,1.0,200,0
N288_M144,all_zero,shuffled,correct,24500,0.0,1.0,200,0
N288_M144,all_zero,shuffled,correct,24600,0.0,1.0,200,0
N288_M144,all_zero,shuffled,correct,24700,0.0,1.0,200,0
N288_M144,all_zero,shuffled,correct,24800,0.0,1.0,200,0
N288_M144,all_zero,shuffled,correct,24900,0.0,1.0,200,0
N288_M144,all_zero,shuffled,correct,25000,0.0,1.0,200,0
N288_M144,all_zero,shuffled,correct,25100,0.0,1.0,200,0
N288_M144,all_zero,shuffled,correct,25200,0.0,1.0,200,0
N288_M144,all_zero,shuffled,correct,25300,0.0,1.0,200,0
N288_M144,all_zero,shuffled,correct,25400,0.0,1.0,200,0
N288_M144,all_zero,shuffled,correct,25500,0.0,1.0,200,0
N288_M144,all_zero,shuffled,correct,25600,0.0,1.0,200,0
N288_M144,channel_hard,additive,correct,0,0.0,1.0,200,194
N288_M144,channel_hard,additive,correct,100,0.015,0.985,200,194
N288_M144,channel_hard,additive,correct,200,0.155,0.845,200,194
N288_M144,channel_hard,additive,correct,300,0.33,0.6699999999999999,200,194
N288_M144,channel_hard,additive,correct,400,0.425,0.575,200,194
N288_M144,channel_hard,additive,correct,500,0.505,0.495,200,194
N288_M144,channel_hard,additive,correct,600,0.555,0.44499999999999995,200,194
N288_M144,channel_hard,additive,correct,700,0.58,0.42000000000000004,200,194
N288_M144,channel_hard,additive,correct,800,0.61,0.39,200,194
N288_M144,channel_hard,additive,correct,900,0.655,0.345,200,194
N288_M144,channel_hard,additive,correct,1000,0.66,0.33999999999999997,200,194
N288_M144,channel_hard,additive,correct,1100,0.68,0.31999999999999995,200,194
N288_M144,channel_hard,additive,correct,1200,0.685,0.31499999999999995,200,194
N288_M144,channel_hard,additive,correct,1300,0.72,0.28,200,194
N288_M144,channel_hard,additive,correct,1400,0.73,0.27,200,194
N288_M144,channel_hard,additive,correct,1500,0.755,0.245,200,194
N288_M144,channel_hard,additive,correct,1600,0.77,0.22999999999999998,200,194
N288_M144,channel_hard,additive,correct,1700,0.775,0.22499999999999998,200,194
N288_M144,channel_hard,additive,correct,1800,0.78,0.21999999999999997,200,194
N288_M144,channel_hard,additive,correct,1900,0.78,0.21999999999999997,200,194
N288_M144,channel_hard,additive,correct,2000,0.78,0.21999999999999997,200,194
N288_M144,channel_hard,additive,correct,2100,0.78,0.21999999999999997,200,194
N288_M144,channel_hard,additive,correct,2200,0.79,0.20999999999999996,200,194
N288_M144,channel_hard,additive,correct,2300,0.795,0.20499999999999996,200,194
N288_M144,channel_hard,additive,correct,2400,0.81,0.18999999999999995,200,194
N288_M144,channel_hard,additive,correct,2500,0.815,0.18500000000000005,200,194
N288_M144,channel_hard,additive,correct,2600,0.83,0.17000000000000004,200,194
N288_M144,channel_hard,additive,correct,2700,0.835,0.16500000000000004,200,194
N288_M144,channel_hard,additive,correct,2800,0.84,0.16000000000000003,200,194
N288_M144,channel_hard,additive,correct,2900,0.84,0.16000000000000003,200,194
N288_M144,channel_hard,additive,correct,3000,0.845,0.15500000000000003,200,194
N288_M144,channel_hard,additive,correct,3100,0.855,0.14500000000000002,200,194
N288_M144,channel_hard,additive,correct,3200,0.86,0.14,200,194
N288_M144,channel_hard,additive,correct,3300,0.86,0.14,200,194
N288_M144,channel_hard,additive,correct,3400,0.86,0.14,200,194
N288_M144,channel_hard,additive,correct,3500,0.86,0.14,200,194
N288_M144,channel_hard,additive,correct,3600,0.86,0.14,200,194
N288_M144,channel_hard,additive,correct,3700,0.865,0.135,200,194
N288_M144,channel_hard,additive,correct,3800,0.87,0.13,200,194
N288_M144,channel_hard,additive,correct,3900,0.87,0.13,200,194
N288_M144,channel_hard,additive,correct,4000,0.875,0.125,200,194
N288_M144,channel_hard,additive,correct,4100,0.88,0.12,200,194
N288_M144,channel_hard,additive,correct,4200,0.88,0.12,200,194
N288_M144,channel_hard,additive,correct,4300,0.88,0.12,200,194
N288_M144,channel_hard,additive,correct,4400,0.88,0.12,200,194
N288_M144,channel_hard,additive,correct,4500,0.88,0.12,200,194
N288_M144,channel_hard,additive,correct,4600,0.885,0.11499999999999999,200,194
N288_M144,channel_hard,additive,correct,4700,0.885,0.11499999999999999,200,194
N288_M144,channel_hard,additive,correct,4800,0.885,0.11499999999999999,200,194
N288_M144,channel_hard,additive,correct,4900,0.885,0.11499999999999999,200,194
N288_M144,channel_hard,additive,correct,5000,0.885,0.11499999999999999,200,194
N288_M144,channel_hard,additive,correct,5100,0.885,0.11499999999999999,200,194
N288_M144,channel_hard,additive,correct,5200,0.89,0.10999999999999999,200,194
N288_M144,channel_hard,additive,correct,5300,0.895,0.10499999999999998,200,194
N288_M144,channel_hard,additive,correct,5400,0.895,0.10499999999999998,200,194
N288_M144,channel_hard,additive,correct,5500,0.895,0.10499999999999998,200,194
N288_M144,channel_hard,additive,correct,5600,0.895,0.10499999999999998,200,194
N288_M144,channel_hard,additive,correct,5700,0.9,0.09999999999999998,200,194
N288_M144,channel_hard,additive,correct,5800,0.9,0.09999999999999998,200,194
N288_M144,channel_hard,additive,correct,5900,0.9,0.09999999999999998,200,194
N288_M144,channel_hard,additive,correct,6000,0.905,0.09499999999999997,200,194
N288_M144,channel_hard,additive,correct,6100,0.905,0.09499999999999997,200,194
N288_M144,channel_hard,additive,correct,6200,0.905,0.09499999999999997,200,194
N288_M144,channel_hard,additive,correct,6300,0.91,0.08999999999999997,200,194
N288_M144,channel_hard,additive,correct,6400,0.91,0.08999999999999997,200,194
N288_M144,channel_hard,additive,correct,6500,0.915,0.08499999999999996,200,194
N288_M144,channel_hard,additive,correct,6600,0.915,0.08499999999999996,200,194
N288_M144,channel_hard,additive,correct,6700,0.915,0.08499999999999996,200,194
N288_M144,channel_hard,additive,correct,6800,0.915,0.08499999999999996,200,194
N288_M144,channel_hard,additive,correct,6900,0.915,0.08499999999999996,200,194
N288_M144,channel_hard,additive,correct,7000,0.915,0.08499999999999996,200,194
N288_M144,channel_hard,additive,correct,7100,0.915,0.08499999999999996,200,194
N288_M144,channel_hard,additive,correct,7200,0.92,0.07999999999999996,200,194
N288_M144,channel_hard,additive,correct,7300,0.92,0.07999999999999996,200,194
N288_M144,channel_hard,additive,correct,7400,0.92,0.07999999999999996,200,194
N288_M144,channel_hard,additive,correct,7500,0.925,0.07499999999999996,200,194
N288_M144,channel_hard,additive,correct,7600,0.925,0.07499999999999996,200,194
N288_M144,channel_hard,additive,correct,7700,0.925,0.07499999999999996,200,194
N288_M144,channel_hard,additive,correct,7800,0.925,0.07499999999999996,200,194
N288_M144,channel_hard,additive,correct,7900,0.925,0.07499999999999996,200,194
N288_M144,channel_hard,additive,correct,8000,0.925,0.07499999999999996,200,194
N288_M144,channel_hard,additive,correct,8100,0.925,0.07499999999999996,200,194
N288_M144,channel_hard,additive,correct,8200,0.925,0.07499999999999996,200,194
N288_M144,channel_hard,additive,correct,8300,0.925,0.07499999999999996,200,194
N288_M144,channel_hard,additive,correct,8400,0.925,0.07499999999999996,200,194
N288_M144,channel_hard,additive,correct,8500,0.925,0.07499999999999996,200,194
N288_M144,channel_hard,additive,correct,8600,0.925,0.07499999999999996,200,194
N288_M144,channel_hard,additive,correct,8700,0.925,0.07499999999999996,200,194
N288_M144,channel_hard,additive,correct,8800,0.93,0.06999999999999995,200,194
N288_M144,channel_hard,additive,correct,8900,0.93,0.06999999999999995,200,194
N288_M144,channel_hard,additive,correct,9000,0.93,0.06999999999999995,200,194
N288_M144,channel_hard,additive,correct,9100,0.93,0.06999999999999995,200,194
N288_M144,channel_hard,additive,correct,9200,0.93,0.06999999999999995,200,194
N288_M144,channel_hard,additive,correct,9300,0.93,0.06999999999999995,200,194
N288_M144,channel_hard,additive,correct,9400,0.935,0.06499999999999995,200,194
N288_M144,channel_hard,additive,correct,9500,0.935,0.06499999999999995,200,194
N288_M144,channel_hard,additive,correct,9600,0.935,0.06499999999999995,200,194
N288_M144,channel_hard,additive,correct,9700,0.935,0.06499999999999995,200,194
N288_M144,channel_hard,additive,correct,9800,0.935,0.06499999999999995,200,194
N288_M144,channel_hard,additive,correct,9900,0.935,0.06499999999999995,200,194
N288_M144,channel_hard,additive,correct,10000,0.935,0.06499999999999995,200,194
N288_M144,channel_hard,additive,correct,10100,0.935,0.06499999999999995,200,194
N288_M144,channel_hard,additive,correct,10200,0.935,0.06499999999999995,200,194
N288_M144,channel_hard,additive,correct,10300,0.935,0.06499999999999995,200,194
N288_M144,channel_hard,additive,correct,10400,0.935,0.06499999999999995,200,194
N288_M144,channel_hard,additive,correct,10500,0.935,0.06499999999999995,200,194
N288_M144,channel_hard,additive,correct,10600,0.935,0.06499999999999995,200,194
N288_M144,channel_hard,additive,correct,10700,0.935,0.06499999999999995,200,194
N288_M144,channel_hard,additive,correct,10800,0.935,0.06499999999999995,200,194
N288_M144,channel_hard,additive,correct,10900,0.935,0.06499999999999995,200,194
N288_M144,channel_hard,additive,correct,11000,0.935,0.06499999999999995,200,194
N288_M144,channel_hard,additive,correct,11100,0.935,0.06499999999999995,200,194
N288_M144,channel_hard,additive,correct,11200,0.935,0.06499999999999995,200,194
N288_M144,channel_hard,additive,correct,11300,0.935,0.06499999999999995,200,194
N288_M144,channel_hard,additive,correct,11400,0.935,0.06499999999999995,200,194
N288_M144,channel_hard,additive,correct,11500,0.935,0.06499999999999995,200,194
N288_M144,channel_hard,additive,correct,11600,0.935,0.06499999999999995,200,194
N288_M144,channel_hard,additive,correct,11700,0.94,0.06000000000000005,200,194
N288_M144,channel_hard,additive,correct,11800,0.945,0.05500000000000005,200,194
N288_M144,channel_hard,additive,correct,11900,0.945,0.05500000000000005,200,194
N288_M144,channel_hard,additive,correct,12000,0.945,0.05500000000000005,200,194
N288_M144,channel_hard,additive,correct,12100,0.945,0.05500000000000005,200,194
N288_M144,channel_hard,additive,correct,12200,0.945,0.05500000000000005,200,194
N288_M144,channel_hard,additive,correct,12300,0.945,0.05500000000000005,200,194
N288_M144,channel_hard,additive,correct,12400,0.945,0.05500000000000005,200,194
N288_M144,channel_hard,additive,correct,12500,0.945,0.05500000000000005,200,194
N288_M144,channel_hard,additive,correct,12600,0.945,0.05500000000000005,200,194
N288_M144,channel_hard,additive,correct,12700,0.945,0.05500000000000005,200,194
N288_M144,channel_hard,additive,correct,12800,0.945,0.05500000000000005,200,194
N288_M144,channel_hard,additive,correct,12900,0.945,0.05500000000000005,200,194
N288_M144,channel_hard,additive,correct,13000,0.95,0.050000000000000044,200,194
N288_M144,channel_hard,additive,correct,13100,0.95,0.050000000000000044,200,194
N288_M144,channel_hard,additive,correct,13200,0.95,0.050000000000000044,200,194
N288_M144,channel_hard,additive,correct,13300,0.95,0.050000000000000044,200,194
N288_M144,channel_hard,additive,correct,13400,0.95,0.050000000000000044,200,194
N288_M144,channel_hard,additive,correct,13500,0.95,0.050000000000000044,200,194
N288_M144,channel_hard,additive,correct,13600,0.95,0.050000000000000044,200,194
N288_M144,channel_hard,additive,correct,13700,0.95,0.050000000000000044,200,194
N288_M144,channel_hard,additive,correct,13800,0.95,0.050000000000000044,200,194
N288_M144,channel_hard,additive,correct,13900,0.95,0.050000000000000044,200,194
N288_M144,channel_hard,additive,correct,14000,0.95,0.050000000000000044,200,194
N288_M144,channel_hard,additive,correct,14100,0.95,0.050000000000000044,200,194
N288_M144,channel_hard,additive,correct,14200,0.95,0.050000000000000044,200,194
N288_M144,channel_hard,additive,correct,14300,0.95,0.050000000000000044,200,194
N288_M144,channel_hard,additive,correct,14400,0.95,0.050000000000000044,200,194
N288_M144,channel_hard,additive,correct,14500,0.95,0.050000000000000044,200,194
N288_M144,channel_hard,additive,correct,14600,0.95,0.050000000000000044,200,194
N288_M144,channel_hard,additive,correct,14700,0.95,0.050000000000000044,200,194
N288_M144,channel_hard,additive,correct,14800,0.95,0.050000000000000044,200,194
N288_M144,channel_hard,additive,correct,14900,0.95,0.050000000000000044,200,194
N288_M144,channel_hard,additive,correct,15000,0.95,0.050000000000000044,200,194
N288_M144,channel_hard,additive,correct,15100,0.955,0.04500000000000004,200,194
N288_M144,channel_hard,additive,correct,15200,0.955,0.04500000000000004,200,194
N288_M144,channel_hard,additive,correct,15300,0.955,0.04500000000000004,200,194
N288_M144,channel_hard,additive,correct,15400,0.955,0.04500000000000004,200,194
N288_M144,channel_hard,additive,correct,15500,0.955,0.04500000000000004,200,194
N288_M144,channel_hard,additive,correct,15600,0.955,0.04500000000000004,200,194
N288_M144,channel_hard,additive,correct,15700,0.955,0.04500000000000004,200,194
N288_M144,channel_hard,additive,correct,15800,0.955,0.04500000000000004,200,194
N288_M144,channel_hard,additive,correct,15900,0.955,0.04500000000000004,200,194
N288_M144,channel_hard,additive,correct,16000,0.955,0.04500000000000004,200,194
N288_M144,channel_hard,additive,correct,16100,0.955,0.04500000000000004,200,194
N288_M144,channel_hard,additive,correct,16200,0.955,0.04500000000000004,200,194
N288_M144,channel_hard,additive,correct,16300,0.955,0.04500000000000004,200,194
N288_M144,channel_hard,additive,correct,16400,0.955,0.04500000000000004,200,194
N288_M144,channel_hard,additive,correct,16500,0.955,0.04500000000000004,200,194
N288_M144,channel_hard,additive,correct,16600,0.955,0.04500000000000004,200,194
N288_M144,channel_hard,additive,correct,16700,0.955,0.04500000000000004,200,194
N288_M144,channel_hard,additive,correct,16800,0.955,0.04500000000000004,200,194
N288_M144,channel_hard,additive,correct,16900,0.96,0.040000000000000036,200,194
N288_M144,channel_hard,additive,correct,17000,0.96,0.040000000000000036,200,194
N288_M144,channel_hard,additive,correct,17100,0.96,0.040000000000000036,200,194
N288_M144,channel_hard,additive,correct,17200,0.96,0.040000000000000036,200,194
N288_M144,channel_hard,additive,correct,17300,0.96,0.040000000000000036,200,194
N288_M144,channel_hard,additive,correct,17400,0.96,0.040000000000000036,200,194
N288_M144,channel_hard,additive,correct,17500,0.96,0.040000000000000036,200,194
N288_M144,channel_hard,additive,correct,17600,0.96,0.040000000000000036,200,194
N288_M144,channel_hard,additive,correct,17700,0.96,0.040000000000000036,200,194
N288_M144,channel_hard,additive,correct,17800,0.96,0.040000000000000036,200,194
N288_M144,channel_hard,additive,correct,17900,0.96,0.040000000000000036,200,194
N288_M144,channel_hard,additive,correct,18000,0.96,0.040000000000000036,200,194
N288_M144,channel_hard,additive,correct,18100,0.96,0.040000000000000036,200,194
N288_M144,channel_hard,additive,correct,18200,0.96,0.040000000000000036,200,194
N288_M144,channel_hard,additive,correct,18300,0.96,0.040000000000000036,200,194
N288_M144,channel_hard,additive,correct,18400,0.96,0.040000000000000036,200,194
N288_M144,channel_hard,additive,correct,18500,0.96,0.040000000000000036,200,194
N288_M144,channel_hard,additive,correct,18600,0.96,0.040000000000000036,200,194
N288_M144,channel_hard,additive,correct,18700,0.96,0.040000000000000036,200,194
N288_M144,channel_hard,additive,correct,18800,0.96,0.040000000000000036,200,194
N288_M144,channel_hard,additive,correct,18900,0.96,0.040000000000000036,200,194
N288_M144,channel_hard,additive,correct,19000,0.96,0.040000000000000036,200,194
N288_M144,channel_hard,additive,correct,19100,0.96,0.040000000000000036,200,194
N288_M144,channel_hard,additive,correct,19200,0.96,0.040000000000000036,200,194
N288_M144,channel_hard,additive,correct,19300,0.96,0.040000000000000036,200,194
N288_M144,channel_hard,additive,correct,19400,0.96,0.040000000000000036,200,194
N288_M144,channel_hard,additive,correct,19500,0.96,0.040000000000000036,200,194
N288_M144,channel_hard,additive,correct,19600,0.96,0.040000000000000036,200,194
N288_M144,channel_hard,additive,correct,19700,0.96,0.040000000000000036,200,194
N288_M144,channel_hard,additive,correct,19800,0.96,0.040000000000000036,200,194
N288_M144,channel_hard,additive,correct,19900,0.96,0.040000000000000036,200,194
N288_M144,channel_hard,additive,correct,20000,0.96,0.040000000000000036,200,194
N288_M144,channel_hard,additive,correct,20100,0.96,0.040000000000000036,200,194
N288_M144,channel_hard,additive,correct,20200,0.96,0.040000000000000036,200,194
N288_M144,channel_hard,additive,correct,20300,0.96,0.040000000000000036,200,194
N288_M144,channel_hard,additive,correct,20400,0.96,0.040000000000000036,200,194
N288_M144,channel_hard,additive,correct,20500,0.96,0.040000000000000036,200,194
N288_M144,channel_hard,additive,correct,20600,0.96,0.040000000000000036,200,194
N288_M144,channel_hard,additive,correct,20700,0.96,0.040000000000000036,200,194
N288_M144,channel_hard,additive,correct,20800,0.96,0.040000000000000036,200,194
N288_M144,channel_hard,additive,correct,20900,0.96,0.040000000000000036,200,194
N288_M144,channel_hard,additive,correct,21000,0.96,0.040000000000000036,200,194
N288_M144,channel_hard,additive,correct,21100,0.96,0.040000000000000036,200,194
N288_M144,channel_hard,additive,correct,21200,0.96,0.040000000000000036,200,194
N288_M144,channel_hard,additive,correct,21300,0.96,0.040000000000000036,200,194
N288_M144,channel_hard,additive,correct,21400,0.96,0.040000000000000036,200,194
N288_M144,channel_hard,additive,correct,21500,0.96,0.040000000000000036,200,194
N288_M144,channel_hard,additive,correct,21600,0.96,0.040000000000000036,200,194
N288_M144,channel_hard,additive,correct,21700,0.96,0.040000000000000036,200,194
N288_M144,channel_hard,additive,correct,21800,0.96,0.040000000000000036,200,194
N288_M144,channel_hard,additive,correct,21900,0.96,0.040000000000000036,200,194
N288_M144,channel_hard,additive,correct,22000,0.96,0.040000000000000036,200,194
N288_M144,channel_hard,additive,correct,22100,0.96,0.040000000000000036,200,194
N288_M144,channel_hard,additive,correct,22200,0.96,0.040000000000000036,200,194
N288_M144,channel_hard,additive,correct,22300,0.96,0.040000000000000036,200,194
N288_M144,channel_hard,additive,correct,22400,0.96,0.040000000000000036,200,194
N288_M144,channel_hard,additive,correct,22500,0.96,0.040000000000000036,200,194
N288_M144,channel_hard,additive,correct,22600,0.96,0.040000000000000036,200,194
N288_M144,channel_hard,additive,correct,22700,0.96,0.040000000000000036,200,194
N288_M144,channel_hard,additive,correct,22800,0.96,0.040000000000000036,200,194
N288_M144,channel_hard,additive,correct,22900,0.96,0.040000000000000036,200,194
N288_M144,channel_hard,additive,correct,23000,0.96,0.040000000000000036,200,194
N288_M144,channel_hard,additive,correct,23100,0.96,0.040000000000000036,200,194
N288_M144,channel_hard,additive,correct,23200,0.96,0.040000000000000036,200,194
N288_M144,channel_hard,additive,correct,23300,0.96,0.040000000000000036,200,194
N288_M144,channel_hard,additive,correct,23400,0.965,0.03500000000000003,200,194
N288_M144,channel_hard,additive,correct,23500,0.965,0.03500000000000003,200,194
N288_M144,channel_hard,additive,correct,23600,0.965,0.03500000000000003,200,194
N288_M144,channel_hard,additive,correct,23700,0.965,0.03500000000000003,200,194
N288_M144,channel_hard,additive,correct,23800,0.965,0.03500000000000003,200,194
N288_M144,channel_hard,additive,correct,23900,0.965,0.03500000000000003,200,194
N288_M144,channel_hard,additive,correct,24000,0.97,0.030000000000000027,200,194
N288_M144,channel_hard,additive,correct,24100,0.97,0.030000000000000027,200,194
N288_M144,channel_hard,additive,correct,24200,0.97,0.030000000000000027,200,194
N288_M144,channel_hard,additive,correct,24300,0.97,0.030000000000000027,200,194
N288_M144,channel_hard,additive,correct,24400,0.97,0.030000000000000027,200,194
N288_M144,channel_hard,additive,correct,24500,0.97,0.030000000000000027,200,194
N288_M144,channel_hard,additive,correct,24600,0.97,0.030000000000000027,200,194
N288_M144,channel_hard,additive,correct,24700,0.97,0.030000000000000027,200,194
N288_M144,channel_hard,additive,correct,24800,0.97,0.030000000000000027,200,194
N288_M144,channel_hard,additive,correct,24900,0.97,0.030000000000000027,200,194
N288_M144,channel_hard,additive,correct,25000,0.97,0.030000000000000027,200,194
N288_M144,channel_hard,additive,correct,25100,0.97,0.030000000000000027,200,194
N288_M144,channel_hard,additive,correct,25200,0.97,0.030000000000000027,200,194
N288_M144,channel_hard,additive,correct,25300,0.97,0.030000000000000027,200,194
N288_M144,channel_hard,additive,correct,25400,0.97,0.030000000000000027,200,194
N288_M144,channel_hard,additive,correct,25500,0.97,0.030000000000000027,200,194
N288_M144,channel_hard,additive,correct,25600,0.97,0.030000000000000027,200,194
N288_M144,channel_hard,gain_only,correct,0,0.0,1.0,200,0
N288_M144,channel_hard,gain_only,correct,100,0.0,1.0,200,0
N288_M144,channel_hard,gain_only,correct,200,0.0,1.0,200,0
N288_M144,channel_hard,gain_only,correct,300,0.0,1.0,200,0
N288_M144,channel_hard,gain_only,correct,400,0.0,1.0,200,0
N288_M144,channel_hard,gain_only,correct,500,0.0,1.0,200,0
N288_M144,channel_hard,gain_only,correct,600,0.0,1.0,200,0
N288_M144,channel_hard,gain_only,correct,700,0.0,1.0,200,0
N288_M144,channel_hard,gain_only,correct,800,0.0,1.0,200,0
N288_M144,channel_hard,gain_only,correct,900,0.0,1.0,200,0
N288_M144,channel_hard,gain_only,correct,1000,0.0,1.0,200,0
N288_M144,channel_hard,gain_only,correct,1100,0.0,1.0,200,0
N288_M144,channel_hard,gain_only,correct,1200,0.0,1.0,200,0
N288_M144,channel_hard,gain_only,correct,1300,0.0,1.0,200,0
N288_M144,channel_hard,gain_only,correct,1400,0.0,1.0,200,0
N288_M144,channel_hard,gain_only,correct,1500,0.0,1.0,200,0
N288_M144,channel_hard,gain_only,correct,1600,0.0,1.0,200,0
N288_M144,channel_hard,gain_only,correct,1700,0.0,1.0,200,0
N288_M144,channel_hard,gain_only,correct,1800,0.0,1.0,200,0
N288_M144,channel_hard,gain_only,correct,1900,0.0,1.0,200,0
N288_M144,channel_hard,gain_only,correct,2000,0.0,1.0,200,0
N288_M144,channel_hard,gain_only,correct,2100,0.0,1.0,200,0
N288_M144,channel_hard,gain_only,correct,2200,0.0,1.0,200,0
N288_M144,channel_hard,gain_only,correct,2300,0.0,1.0,200,0
N288_M144,channel_hard,gain_only,correct,2400,0.0,1.0,200,0
N288_M144,channel_hard,gain_only,correct,2500,0.0,1.0,200,0
N288_M144,channel_hard,gain_only,correct,2600,0.0,1.0,200,0
N288_M144,channel_hard,gain_only,correct,2700,0.0,1.0,200,0
N288_M144,channel_hard,gain_only,correct,2800,0.0,1.0,200,0
N288_M144,channel_hard,gain_only,correct,2900,0.0,1.0,200,0
N288_M144,channel_hard,gain_only,correct,3000,0.0,1.0,200,0
N288_M144,channel_hard,gain_only,correct,3100,0.0,1.0,200,0
N288_M144,channel_hard,gain_only,correct,3200,0.0,1.0,200,0
N288_M144,channel_hard,gain_only,correct,3300,0.0,1.0,200,0
N288_M144,channel_hard,gain_only,correct,3400,0.0,1.0,200,0
N288_M144,channel_hard,gain_only,correct,3500,0.0,1.0,200,0
N288_M144,channel_hard,gain_only,correct,3600,0.0,1.0,200,0
N288_M144,channel_hard,gain_only,correct,3700,0.0,1.0,200,0
N288_M144,channel_hard,gain_only,correct,3800,0.0,1.0,200,0
N288_M144,channel_hard,gain_only,correct,3900,0.0,1.0,200,0
N288_M144,channel_hard,gain_only,correct,4000,0.0,1.0,200,0
N288_M144,channel_hard,gain_only,correct,4100,0.0,1.0,200,0
N288_M144,channel_hard,gain_only,correct,4200,0.0,1.0,200,0
N288_M144,channel_hard,gain_only,correct,4300,0.0,1.0,200,0
N288_M144,channel_hard,gain_only,correct,4400,0.0,1.0,200,0
N288_M144,channel_hard,gain_only,correct,4500,0.0,1.0,200,0
N288_M144,channel_hard,gain_only,correct,4600,0.0,1.0,200,0
N288_M144,channel_hard,gain_only,correct,4700,0.0,1.0,200,0
N288_M144,channel_hard,gain_only,correct,4800,0.0,1.0,200,0
N288_M144,channel_hard,gain_only,correct,4900,0.0,1.0,200,0
N288_M144,channel_hard,gain_only,correct,5000,0.0,1.0,200,0
N288_M144,channel_hard,gain_only,correct,5100,0.0,1.0,200,0
N288_M144,channel_hard,gain_only,correct,5200,0.0,1.0,200,0
N288_M144,channel_hard,gain_only,correct,5300,0.0,1.0,200,0
N288_M144,channel_hard,gain_only,correct,5400,0.0,1.0,200,0
N288_M144,channel_hard,gain_only,correct,5500,0.0,1.0,200,0
N288_M144,channel_hard,gain_only,correct,5600,0.0,1.0,200,0
N288_M144,channel_hard,gain_only,correct,5700,0.0,1.0,200,0
N288_M144,channel_hard,gain_only,correct,5800,0.0,1.0,200,0
N288_M144,channel_hard,gain_only,correct,5900,0.0,1.0,200,0
N288_M144,channel_hard,gain_only,correct,6000,0.0,1.0,200,0
N288_M144,channel_hard,gain_only,correct,6100,0.0,1.0,200,0
N288_M144,channel_hard,gain_only,correct,6200,0.0,1.0,200,0
N288_M144,channel_hard,gain_only,correct,6300,0.0,1.0,200,0
N288_M144,channel_hard,gain_only,correct,6400,0.0,1.0,200,0
N288_M144,channel_hard,gain_only,correct,6500,0.0,1.0,200,0
N288_M144,channel_hard,gain_only,correct,6600,0.0,1.0,200,0
N288_M144,channel_hard,gain_only,correct,6700,0.0,1.0,200,0
N288_M144,channel_hard,gain_only,correct,6800,0.0,1.0,200,0
N288_M144,channel_hard,gain_only,correct,6900,0.0,1.0,200,0
N288_M144,channel_hard,gain_only,correct,7000,0.0,1.0,200,0
N288_M144,channel_hard,gain_only,correct,7100,0.0,1.0,200,0
N288_M144,channel_hard,gain_only,correct,7200,0.0,1.0,200,0
N288_M144,channel_hard,gain_only,correct,7300,0.0,1.0,200,0
N288_M144,channel_hard,gain_only,correct,7400,0.0,1.0,200,0
N288_M144,channel_hard,gain_only,correct,7500,0.0,1.0,200,0
N288_M144,channel_hard,gain_only,correct,7600,0.0,1.0,200,0
N288_M144,channel_hard,gain_only,correct,7700,0.0,1.0,200,0
N288_M144,channel_hard,gain_only,correct,7800,0.0,1.0,200,0
N288_M144,channel_hard,gain_only,correct,7900,0.0,1.0,200,0
N288_M144,channel_hard,gain_only,correct,8000,0.0,1.0,200,0
N288_M144,channel_hard,gain_only,correct,8100,0.0,1.0,200,0
N288_M144,channel_hard,gain_only,correct,8200,0.0,1.0,200,0
N288_M144,channel_hard,gain_only,correct,8300,0.0,1.0,200,0
N288_M144,channel_hard,gain_only,correct,8400,0.0,1.0,200,0
N288_M144,channel_hard,gain_only,correct,8500,0.0,1.0,200,0
N288_M144,channel_hard,gain_only,correct,8600,0.0,1.0,200,0
N288_M144,channel_hard,gain_only,correct,8700,0.0,1.0,200,0
N288_M144,channel_hard,gain_only,correct,8800,0.0,1.0,200,0
N288_M144,channel_hard,gain_only,correct,8900,0.0,1.0,200,0
N288_M144,channel_hard,gain_only,correct,9000,0.0,1.0,200,0
N288_M144,channel_hard,gain_only,correct,9100,0.0,1.0,200,0
N288_M144,channel_hard,gain_only,correct,9200,0.0,1.0,200,0
N288_M144,channel_hard,gain_only,correct,9300,0.0,1.0,200,0
N288_M144,channel_hard,gain_only,correct,9400,0.0,1.0,200,0
N288_M144,channel_hard,gain_only,correct,9500,0.0,1.0,200,0
N288_M144,channel_hard,gain_only,correct,9600,0.0,1.0,200,0
N288_M144,channel_hard,gain_only,correct,9700,0.0,1.0,200,0
N288_M144,channel_hard,gain_only,correct,9800,0.0,1.0,200,0
N288_M144,channel_hard,gain_only,correct,9900,0.0,1.0,200,0
N288_M144,channel_hard,gain_only,correct,10000,0.0,1.0,200,0
N288_M144,channel_hard,gain_only,correct,10100,0.0,1.0,200,0
N288_M144,channel_hard,gain_only,correct,10200,0.0,1.0,200,0
N288_M144,channel_hard,gain_only,correct,10300,0.0,1.0,200,0
N288_M144,channel_hard,gain_only,correct,10400,0.0,1.0,200,0
N288_M144,channel_hard,gain_only,correct,10500,0.0,1.0,200,0
N288_M144,channel_hard,gain_only,correct,10600,0.0,1.0,200,0
N288_M144,channel_hard,gain_only,correct,10700,0.0,1.0,200,0
N288_M144,channel_hard,gain_only,correct,10800,0.0,1.0,200,0
N288_M144,channel_hard,gain_only,correct,10900,0.0,1.0,200,0
N288_M144,channel_hard,gain_only,correct,11000,0.0,1.0,200,0
N288_M144,channel_hard,gain_only,correct,11100,0.0,1.0,200,0
N288_M144,channel_hard,gain_only,correct,11200,0.0,1.0,200,0
N288_M144,channel_hard,gain_only,correct,11300,0.0,1.0,200,0
N288_M144,channel_hard,gain_only,correct,11400,0.0,1.0,200,0
N288_M144,channel_hard,gain_only,correct,11500,0.0,1.0,200,0
N288_M144,channel_hard,gain_only,correct,11600,0.0,1.0,200,0
N288_M144,channel_hard,gain_only,correct,11700,0.0,1.0,200,0
N288_M144,channel_hard,gain_only,correct,11800,0.0,1.0,200,0
N288_M144,channel_hard,gain_only,correct,11900,0.0,1.0,200,0
N288_M144,channel_hard,gain_only,correct,12000,0.0,1.0,200,0
N288_M144,channel_hard,gain_only,correct,12100,0.0,1.0,200,0
N288_M144,channel_hard,gain_only,correct,12200,0.0,1.0,200,0
N288_M144,channel_hard,gain_only,correct,12300,0.0,1.0,200,0
N288_M144,channel_hard,gain_only,correct,12400,0.0,1.0,200,0
N288_M144,channel_hard,gain_only,correct,12500,0.0,1.0,200,0
N288_M144,channel_hard,gain_only,correct,12600,0.0,1.0,200,0
N288_M144,channel_hard,gain_only,correct,12700,0.0,1.0,200,0
N288_M144,channel_hard,gain_only,correct,12800,0.0,1.0,200,0
N288_M144,channel_hard,gain_only,correct,12900,0.0,1.0,200,0
N288_M144,channel_hard,gain_only,correct,13000,0.0,1.0,200,0
N288_M144,channel_hard,gain_only,correct,13100,0.0,1.0,200,0
N288_M144,channel_hard,gain_only,correct,13200,0.0,1.0,200,0
N288_M144,channel_hard,gain_only,correct,13300,0.0,1.0,200,0
N288_M144,channel_hard,gain_only,correct,13400,0.0,1.0,200,0
N288_M144,channel_hard,gain_only,correct,13500,0.0,1.0,200,0
N288_M144,channel_hard,gain_only,correct,13600,0.0,1.0,200,0
N288_M144,channel_hard,gain_only,correct,13700,0.0,1.0,200,0
N288_M144,channel_hard,gain_only,correct,13800,0.0,1.0,200,0
N288_M144,channel_hard,gain_only,correct,13900,0.0,1.0,200,0
N288_M144,channel_hard,gain_only,correct,14000,0.0,1.0,200,0
N288_M144,channel_hard,gain_only,correct,14100,0.0,1.0,200,0
N288_M144,channel_hard,gain_only,correct,14200,0.0,1.0,200,0
N288_M144,channel_hard,gain_only,correct,14300,0.0,1.0,200,0
N288_M144,channel_hard,gain_only,correct,14400,0.0,1.0,200,0
N288_M144,channel_hard,gain_only,correct,14500,0.0,1.0,200,0
N288_M144,channel_hard,gain_only,correct,14600,0.0,1.0,200,0
N288_M144,channel_hard,gain_only,correct,14700,0.0,1.0,200,0
N288_M144,channel_hard,gain_only,correct,14800,0.0,1.0,200,0
N288_M144,channel_hard,gain_only,correct,14900,0.0,1.0,200,0
N288_M144,channel_hard,gain_only,correct,15000,0.0,1.0,200,0
N288_M144,channel_hard,gain_only,correct,15100,0.0,1.0,200,0
N288_M144,channel_hard,gain_only,correct,15200,0.0,1.0,200,0
N288_M144,channel_hard,gain_only,correct,15300,0.0,1.0,200,0
N288_M144,channel_hard,gain_only,correct,15400,0.0,1.0,200,0
N288_M144,channel_hard,gain_only,correct,15500,0.0,1.0,200,0
N288_M144,channel_hard,gain_only,correct,15600,0.0,1.0,200,0
N288_M144,channel_hard,gain_only,correct,15700,0.0,1.0,200,0
N288_M144,channel_hard,gain_only,correct,15800,0.0,1.0,200,0
N288_M144,channel_hard,gain_only,correct,15900,0.0,1.0,200,0
N288_M144,channel_hard,gain_only,correct,16000,0.0,1.0,200,0
N288_M144,channel_hard,gain_only,correct,16100,0.0,1.0,200,0
N288_M144,channel_hard,gain_only,correct,16200,0.0,1.0,200,0
N288_M144,channel_hard,gain_only,correct,16300,0.0,1.0,200,0
N288_M144,channel_hard,gain_only,correct,16400,0.0,1.0,200,0
N288_M144,channel_hard,gain_only,correct,16500,0.0,1.0,200,0
N288_M144,channel_hard,gain_only,correct,16600,0.0,1.0,200,0
N288_M144,channel_hard,gain_only,correct,16700,0.0,1.0,200,0
N288_M144,channel_hard,gain_only,correct,16800,0.0,1.0,200,0
N288_M144,channel_hard,gain_only,correct,16900,0.0,1.0,200,0
N288_M144,channel_hard,gain_only,correct,17000,0.0,1.0,200,0
N288_M144,channel_hard,gain_only,correct,17100,0.0,1.0,200,0
N288_M144,channel_hard,gain_only,correct,17200,0.0,1.0,200,0
N288_M144,channel_hard,gain_only,correct,17300,0.0,1.0,200,0
N288_M144,channel_hard,gain_only,correct,17400,0.0,1.0,200,0
N288_M144,channel_hard,gain_only,correct,17500,0.0,1.0,200,0
N288_M144,channel_hard,gain_only,correct,17600,0.0,1.0,200,0
N288_M144,channel_hard,gain_only,correct,17700,0.0,1.0,200,0
N288_M144,channel_hard,gain_only,correct,17800,0.0,1.0,200,0
N288_M144,channel_hard,gain_only,correct,17900,0.0,1.0,200,0
N288_M144,channel_hard,gain_only,correct,18000,0.0,1.0,200,0
N288_M144,channel_hard,gain_only,correct,18100,0.0,1.0,200,0
N288_M144,channel_hard,gain_only,correct,18200,0.0,1.0,200,0
N288_M144,channel_hard,gain_only,correct,18300,0.0,1.0,200,0
N288_M144,channel_hard,gain_only,correct,18400,0.0,1.0,200,0
N288_M144,channel_hard,gain_only,correct,18500,0.0,1.0,200,0
N288_M144,channel_hard,gain_only,correct,18600,0.0,1.0,200,0
N288_M144,channel_hard,gain_only,correct,18700,0.0,1.0,200,0
N288_M144,channel_hard,gain_only,correct,18800,0.0,1.0,200,0
N288_M144,channel_hard,gain_only,correct,18900,0.0,1.0,200,0
N288_M144,channel_hard,gain_only,correct,19000,0.0,1.0,200,0
N288_M144,channel_hard,gain_only,correct,19100,0.0,1.0,200,0
N288_M144,channel_hard,gain_only,correct,19200,0.0,1.0,200,0
N288_M144,channel_hard,gain_only,correct,19300,0.0,1.0,200,0
N288_M144,channel_hard,gain_only,correct,19400,0.0,1.0,200,0
N288_M144,channel_hard,gain_only,correct,19500,0.0,1.0,200,0
N288_M144,channel_hard,gain_only,correct,19600,0.0,1.0,200,0
N288_M144,channel_hard,gain_only,correct,19700,0.0,1.0,200,0
N288_M144,channel_hard,gain_only,correct,19800,0.0,1.0,200,0
N288_M144,channel_hard,gain_only,correct,19900,0.0,1.0,200,0
N288_M144,channel_hard,gain_only,correct,20000,0.0,1.0,200,0
N288_M144,channel_hard,gain_only,correct,20100,0.0,1.0,200,0
N288_M144,channel_hard,gain_only,correct,20200,0.0,1.0,200,0
N288_M144,channel_hard,gain_only,correct,20300,0.0,1.0,200,0
N288_M144,channel_hard,gain_only,correct,20400,0.0,1.0,200,0
N288_M144,channel_hard,gain_only,correct,20500,0.0,1.0,200,0
N288_M144,channel_hard,gain_only,correct,20600,0.0,1.0,200,0
N288_M144,channel_hard,gain_only,correct,20700,0.0,1.0,200,0
N288_M144,channel_hard,gain_only,correct,20800,0.0,1.0,200,0
N288_M144,channel_hard,gain_only,correct,20900,0.0,1.0,200,0
N288_M144,channel_hard,gain_only,correct,21000,0.0,1.0,200,0
N288_M144,channel_hard,gain_only,correct,21100,0.0,1.0,200,0
N288_M144,channel_hard,gain_only,correct,21200,0.0,1.0,200,0
N288_M144,channel_hard,gain_only,correct,21300,0.0,1.0,200,0
N288_M144,channel_hard,gain_only,correct,21400,0.0,1.0,200,0
N288_M144,channel_hard,gain_only,correct,21500,0.0,1.0,200,0
N288_M144,channel_hard,gain_only,correct,21600,0.0,1.0,200,0
N288_M144,channel_hard,gain_only,correct,21700,0.0,1.0,200,0
N288_M144,channel_hard,gain_only,correct,21800,0.0,1.0,200,0
N288_M144,channel_hard,gain_only,correct,21900,0.0,1.0,200,0
N288_M144,channel_hard,gain_only,correct,22000,0.0,1.0,200,0
N288_M144,channel_hard,gain_only,correct,22100,0.0,1.0,200,0
N288_M144,channel_hard,gain_only,correct,22200,0.0,1.0,200,0
N288_M144,channel_hard,gain_only,correct,22300,0.0,1.0,200,0
N288_M144,channel_hard,gain_only,correct,22400,0.0,1.0,200,0
N288_M144,channel_hard,gain_only,correct,22500,0.0,1.0,200,0
N288_M144,channel_hard,gain_only,correct,22600,0.0,1.0,200,0
N288_M144,channel_hard,gain_only,correct,22700,0.0,1.0,200,0
N288_M144,channel_hard,gain_only,correct,22800,0.0,1.0,200,0
N288_M144,channel_hard,gain_only,correct,22900,0.0,1.0,200,0
N288_M144,channel_hard,gain_only,correct,23000,0.0,1.0,200,0
N288_M144,channel_hard,gain_only,correct,23100,0.0,1.0,200,0
N288_M144,channel_hard,gain_only,correct,23200,0.0,1.0,200,0
N288_M144,channel_hard,gain_only,correct,23300,0.0,1.0,200,0
N288_M144,channel_hard,gain_only,correct,23400,0.0,1.0,200,0
N288_M144,channel_hard,gain_only,correct,23500,0.0,1.0,200,0
N288_M144,channel_hard,gain_only,correct,23600,0.0,1.0,200,0
N288_M144,channel_hard,gain_only,correct,23700,0.0,1.0,200,0
N288_M144,channel_hard,gain_only,correct,23800,0.0,1.0,200,0
N288_M144,channel_hard,gain_only,correct,23900,0.0,1.0,200,0
N288_M144,channel_hard,gain_only,correct,24000,0.0,1.0,200,0
N288_M144,channel_hard,gain_only,correct,24100,0.0,1.0,200,0
N288_M144,channel_hard,gain_only,correct,24200,0.0,1.0,200,0
N288_M144,channel_hard,gain_only,correct,24300,0.0,1.0,200,0
N288_M144,channel_hard,gain_only,correct,24400,0.0,1.0,200,0
N288_M144,channel_hard,gain_only,correct,24500,0.0,1.0,200,0
N288_M144,channel_hard,gain_only,correct,24600,0.0,1.0,200,0
N288_M144,channel_hard,gain_only,correct,24700,0.0,1.0,200,0
N288_M144,channel_hard,gain_only,correct,24800,0.0,1.0,200,0
N288_M144,channel_hard,gain_only,correct,24900,0.0,1.0,200,0
N288_M144,channel_hard,gain_only,correct,25000,0.0,1.0,200,0
N288_M144,channel_hard,gain_only,correct,25100,0.0,1.0,200,0
N288_M144,channel_hard,gain_only,correct,25200,0.0,1.0,200,0
N288_M144,channel_hard,gain_only,correct,25300,0.0,1.0,200,0
N288_M144,channel_hard,gain_only,correct,25400,0.0,1.0,200,0
N288_M144,channel_hard,gain_only,correct,25500,0.0,1.0,200,0
N288_M144,channel_hard,gain_only,correct,25600,0.0,1.0,200,0
N288_M144,channel_hard,pSA,correct,0,0.0,1.0,200,0
N288_M144,channel_hard,pSA,correct,100,0.0,1.0,200,0
N288_M144,channel_hard,pSA,correct,200,0.0,1.0,200,0
N288_M144,channel_hard,pSA,correct,300,0.0,1.0,200,0
N288_M144,channel_hard,pSA,correct,400,0.0,1.0,200,0
N288_M144,channel_hard,pSA,correct,500,0.0,1.0,200,0
N288_M144,channel_hard,pSA,correct,600,0.0,1.0,200,0
N288_M144,channel_hard,pSA,correct,700,0.0,1.0,200,0
N288_M144,channel_hard,pSA,correct,800,0.0,1.0,200,0
N288_M144,channel_hard,pSA,correct,900,0.0,1.0,200,0
N288_M144,channel_hard,pSA,correct,1000,0.0,1.0,200,0
N288_M144,channel_hard,pSA,correct,1100,0.0,1.0,200,0
N288_M144,channel_hard,pSA,correct,1200,0.0,1.0,200,0
N288_M144,channel_hard,pSA,correct,1300,0.0,1.0,200,0
N288_M144,channel_hard,pSA,correct,1400,0.0,1.0,200,0
N288_M144,channel_hard,pSA,correct,1500,0.0,1.0,200,0
N288_M144,channel_hard,pSA,correct,1600,0.0,1.0,200,0
N288_M144,channel_hard,pSA,correct,1700,0.0,1.0,200,0
N288_M144,channel_hard,pSA,correct,1800,0.0,1.0,200,0
N288_M144,channel_hard,pSA,correct,1900,0.0,1.0,200,0
N288_M144,channel_hard,pSA,correct,2000,0.0,1.0,200,0
N288_M144,channel_hard,pSA,correct,2100,0.0,1.0,200,0
N288_M144,channel_hard,pSA,correct,2200,0.0,1.0,200,0
N288_M144,channel_hard,pSA,correct,2300,0.0,1.0,200,0
N288_M144,channel_hard,pSA,correct,2400,0.0,1.0,200,0
N288_M144,channel_hard,pSA,correct,2500,0.0,1.0,200,0
N288_M144,channel_hard,pSA,correct,2600,0.0,1.0,200,0
N288_M144,channel_hard,pSA,correct,2700,0.0,1.0,200,0
N288_M144,channel_hard,pSA,correct,2800,0.0,1.0,200,0
N288_M144,channel_hard,pSA,correct,2900,0.0,1.0,200,0
N288_M144,channel_hard,pSA,correct,3000,0.0,1.0,200,0
N288_M144,channel_hard,pSA,correct,3100,0.0,1.0,200,0
N288_M144,channel_hard,pSA,correct,3200,0.0,1.0,200,0
N288_M144,channel_hard,pSA,correct,3300,0.0,1.0,200,0
N288_M144,channel_hard,pSA,correct,3400,0.0,1.0,200,0
N288_M144,channel_hard,pSA,correct,3500,0.0,1.0,200,0
N288_M144,channel_hard,pSA,correct,3600,0.0,1.0,200,0
N288_M144,channel_hard,pSA,correct,3700,0.0,1.0,200,0
N288_M144,channel_hard,pSA,correct,3800,0.0,1.0,200,0
N288_M144,channel_hard,pSA,correct,3900,0.0,1.0,200,0
N288_M144,channel_hard,pSA,correct,4000,0.0,1.0,200,0
N288_M144,channel_hard,pSA,correct,4100,0.0,1.0,200,0
N288_M144,channel_hard,pSA,correct,4200,0.0,1.0,200,0
N288_M144,channel_hard,pSA,correct,4300,0.0,1.0,200,0
N288_M144,channel_hard,pSA,correct,4400,0.0,1.0,200,0
N288_M144,channel_hard,pSA,correct,4500,0.0,1.0,200,0
N288_M144,channel_hard,pSA,correct,4600,0.0,1.0,200,0
N288_M144,channel_hard,pSA,correct,4700,0.0,1.0,200,0
N288_M144,channel_hard,pSA,correct,4800,0.0,1.0,200,0
N288_M144,channel_hard,pSA,correct,4900,0.0,1.0,200,0
N288_M144,channel_hard,pSA,correct,5000,0.0,1.0,200,0
N288_M144,channel_hard,pSA,correct,5100,0.0,1.0,200,0
N288_M144,channel_hard,pSA,correct,5200,0.0,1.0,200,0
N288_M144,channel_hard,pSA,correct,5300,0.0,1.0,200,0
N288_M144,channel_hard,pSA,correct,5400,0.0,1.0,200,0
N288_M144,channel_hard,pSA,correct,5500,0.0,1.0,200,0
N288_M144,channel_hard,pSA,correct,5600,0.0,1.0,200,0
N288_M144,channel_hard,pSA,correct,5700,0.0,1.0,200,0
N288_M144,channel_hard,pSA,correct,5800,0.0,1.0,200,0
N288_M144,channel_hard,pSA,correct,5900,0.0,1.0,200,0
N288_M144,channel_hard,pSA,correct,6000,0.0,1.0,200,0
N288_M144,channel_hard,pSA,correct,6100,0.0,1.0,200,0
N288_M144,channel_hard,pSA,correct,6200,0.0,1.0,200,0
N288_M144,channel_hard,pSA,correct,6300,0.0,1.0,200,0
N288_M144,channel_hard,pSA,correct,6400,0.0,1.0,200,0
N288_M144,channel_hard,pSA,correct,6500,0.0,1.0,200,0
N288_M144,channel_hard,pSA,correct,6600,0.0,1.0,200,0
N288_M144,channel_hard,pSA,correct,6700,0.0,1.0,200,0
N288_M144,channel_hard,pSA,correct,6800,0.0,1.0,200,0
N288_M144,channel_hard,pSA,correct,6900,0.0,1.0,200,0
N288_M144,channel_hard,pSA,correct,7000,0.0,1.0,200,0
N288_M144,channel_hard,pSA,correct,7100,0.0,1.0,200,0
N288_M144,channel_hard,pSA,correct,7200,0.0,1.0,200,0
N288_M144,channel_hard,pSA,correct,7300,0.0,1.0,200,0
N288_M144,channel_hard,pSA,correct,7400,0.0,1.0,200,0
N288_M144,channel_hard,pSA,correct,7500,0.0,1.0,200,0
N288_M144,channel_hard,pSA,correct,7600,0.0,1.0,200,0
N288_M144,channel_hard,pSA,correct,7700,0.0,1.0,200,0
N288_M144,channel_hard,pSA,correct,7800,0.0,1.0,200,0
N288_M144,channel_hard,pSA,correct,7900,0.0,1.0,200,0
N288_M144,channel_hard,pSA,correct,8000,0.0,1.0,200,0
N288_M144,channel_hard,pSA,correct,8100,0.0,1.0,200,0
N288_M144,channel_hard,pSA,correct,8200,0.0,1.0,200,0
N288_M144,channel_hard,pSA,correct,8300,0.0,1.0,200,0
N288_M144,channel_hard,pSA,correct,8400,0.0,1.0,200,0
N288_M144,channel_hard,pSA,correct,8500,0.0,1.0,200,0
N288_M144,channel_hard,pSA,correct,8600,0.0,1.0,200,0
N288_M144,channel_hard,pSA,correct,8700,0.0,1.0,200,0
N288_M144,channel_hard,pSA,correct,8800,0.0,1.0,200,0
N288_M144,channel_hard,pSA,correct,8900,0.0,1.0,200,0
N288_M144,channel_hard,pSA,correct,9000,0.0,1.0,200,0
N288_M144,channel_hard,pSA,correct,9100,0.0,1.0,200,0
N288_M144,channel_hard,pSA,correct,9200,0.0,1.0,200,0
N288_M144,channel_hard,pSA,correct,9300,0.0,1.0,200,0
N288_M144,channel_hard,pSA,correct,9400,0.0,1.0,200,0
N288_M144,channel_hard,pSA,correct,9500,0.0,1.0,200,0
N288_M144,channel_hard,pSA,correct,9600,0.0,1.0,200,0
N288_M144,channel_hard,pSA,correct,9700,0.0,1.0,200,0
N288_M144,channel_hard,pSA,correct,9800,0.0,1.0,200,0
N288_M144,channel_hard,pSA,correct,9900,0.0,1.0,200,0
N288_M144,channel_hard,pSA,correct,10000,0.0,1.0,200,0
N288_M144,channel_hard,pSA,correct,10100,0.0,1.0,200,0
N288_M144,channel_hard,pSA,correct,10200,0.0,1.0,200,0
N288_M144,channel_hard,pSA,correct,10300,0.0,1.0,200,0
N288_M144,channel_hard,pSA,correct,10400,0.0,1.0,200,0
N288_M144,channel_hard,pSA,correct,10500,0.0,1.0,200,0
N288_M144,channel_hard,pSA,correct,10600,0.0,1.0,200,0
N288_M144,channel_hard,pSA,correct,10700,0.0,1.0,200,0
N288_M144,channel_hard,pSA,correct,10800,0.0,1.0,200,0
N288_M144,channel_hard,pSA,correct,10900,0.0,1.0,200,0
N288_M144,channel_hard,pSA,correct,11000,0.0,1.0,200,0
N288_M144,channel_hard,pSA,correct,11100,0.0,1.0,200,0
N288_M144,channel_hard,pSA,correct,11200,0.0,1.0,200,0
N288_M144,channel_hard,pSA,correct,11300,0.0,1.0,200,0
N288_M144,channel_hard,pSA,correct,11400,0.0,1.0,200,0
N288_M144,channel_hard,pSA,correct,11500,0.0,1.0,200,0
N288_M144,channel_hard,pSA,correct,11600,0.0,1.0,200,0
N288_M144,channel_hard,pSA,correct,11700,0.0,1.0,200,0
N288_M144,channel_hard,pSA,correct,11800,0.0,1.0,200,0
N288_M144,channel_hard,pSA,correct,11900,0.0,1.0,200,0
N288_M144,channel_hard,pSA,correct,12000,0.0,1.0,200,0
N288_M144,channel_hard,pSA,correct,12100,0.0,1.0,200,0
N288_M144,channel_hard,pSA,correct,12200,0.0,1.0,200,0
N288_M144,channel_hard,pSA,correct,12300,0.0,1.0,200,0
N288_M144,channel_hard,pSA,correct,12400,0.0,1.0,200,0
N288_M144,channel_hard,pSA,correct,12500,0.0,1.0,200,0
N288_M144,channel_hard,pSA,correct,12600,0.0,1.0,200,0
N288_M144,channel_hard,pSA,correct,12700,0.0,1.0,200,0
N288_M144,channel_hard,pSA,correct,12800,0.0,1.0,200,0
N288_M144,channel_hard,pSA,correct,12900,0.0,1.0,200,0
N288_M144,channel_hard,pSA,correct,13000,0.0,1.0,200,0
N288_M144,channel_hard,pSA,correct,13100,0.0,1.0,200,0
N288_M144,channel_hard,pSA,correct,13200,0.0,1.0,200,0
N288_M144,channel_hard,pSA,correct,13300,0.0,1.0,200,0
N288_M144,channel_hard,pSA,correct,13400,0.0,1.0,200,0
N288_M144,channel_hard,pSA,correct,13500,0.0,1.0,200,0
N288_M144,channel_hard,pSA,correct,13600,0.0,1.0,200,0
N288_M144,channel_hard,pSA,correct,13700,0.0,1.0,200,0
N288_M144,channel_hard,pSA,correct,13800,0.0,1.0,200,0
N288_M144,channel_hard,pSA,correct,13900,0.0,1.0,200,0
N288_M144,channel_hard,pSA,correct,14000,0.0,1.0,200,0
N288_M144,channel_hard,pSA,correct,14100,0.0,1.0,200,0
N288_M144,channel_hard,pSA,correct,14200,0.0,1.0,200,0
N288_M144,channel_hard,pSA,correct,14300,0.0,1.0,200,0
N288_M144,channel_hard,pSA,correct,14400,0.0,1.0,200,0
N288_M144,channel_hard,pSA,correct,14500,0.0,1.0,200,0
N288_M144,channel_hard,pSA,correct,14600,0.0,1.0,200,0
N288_M144,channel_hard,pSA,correct,14700,0.0,1.0,200,0
N288_M144,channel_hard,pSA,correct,14800,0.0,1.0,200,0
N288_M144,channel_hard,pSA,correct,14900,0.0,1.0,200,0
N288_M144,channel_hard,pSA,correct,15000,0.0,1.0,200,0
N288_M144,channel_hard,pSA,correct,15100,0.0,1.0,200,0
N288_M144,channel_hard,pSA,correct,15200,0.0,1.0,200,0
N288_M144,channel_hard,pSA,correct,15300,0.0,1.0,200,0
N288_M144,channel_hard,pSA,correct,15400,0.0,1.0,200,0
N288_M144,channel_hard,pSA,correct,15500,0.0,1.0,200,0
N288_M144,channel_hard,pSA,correct,15600,0.0,1.0,200,0
N288_M144,channel_hard,pSA,correct,15700,0.0,1.0,200,0
N288_M144,channel_hard,pSA,correct,15800,0.0,1.0,200,0
N288_M144,channel_hard,pSA,correct,15900,0.0,1.0,200,0
N288_M144,channel_hard,pSA,correct,16000,0.0,1.0,200,0
N288_M144,channel_hard,pSA,correct,16100,0.0,1.0,200,0
N288_M144,channel_hard,pSA,correct,16200,0.0,1.0,200,0
N288_M144,channel_hard,pSA,correct,16300,0.0,1.0,200,0
N288_M144,channel_hard,pSA,correct,16400,0.0,1.0,200,0
N288_M144,channel_hard,pSA,correct,16500,0.0,1.0,200,0
N288_M144,channel_hard,pSA,correct,16600,0.0,1.0,200,0
N288_M144,channel_hard,pSA,correct,16700,0.0,1.0,200,0
N288_M144,channel_hard,pSA,correct,16800,0.0,1.0,200,0
N288_M144,channel_hard,pSA,correct,16900,0.0,1.0,200,0
N288_M144,channel_hard,pSA,correct,17000,0.0,1.0,200,0
N288_M144,channel_hard,pSA,correct,17100,0.0,1.0,200,0
N288_M144,channel_hard,pSA,correct,17200,0.0,1.0,200,0
N288_M144,channel_hard,pSA,correct,17300,0.0,1.0,200,0
N288_M144,channel_hard,pSA,correct,17400,0.0,1.0,200,0
N288_M144,channel_hard,pSA,correct,17500,0.0,1.0,200,0
N288_M144,channel_hard,pSA,correct,17600,0.0,1.0,200,0
N288_M144,channel_hard,pSA,correct,17700,0.0,1.0,200,0
N288_M144,channel_hard,pSA,correct,17800,0.0,1.0,200,0
N288_M144,channel_hard,pSA,correct,17900,0.0,1.0,200,0
N288_M144,channel_hard,pSA,correct,18000,0.0,1.0,200,0
N288_M144,channel_hard,pSA,correct,18100,0.0,1.0,200,0
N288_M144,channel_hard,pSA,correct,18200,0.0,1.0,200,0
N288_M144,channel_hard,pSA,correct,18300,0.0,1.0,200,0
N288_M144,channel_hard,pSA,correct,18400,0.0,1.0,200,0
N288_M144,channel_hard,pSA,correct,18500,0.0,1.0,200,0
N288_M144,channel_hard,pSA,correct,18600,0.0,1.0,200,0
N288_M144,channel_hard,pSA,correct,18700,0.0,1.0,200,0
N288_M144,channel_hard,pSA,correct,18800,0.0,1.0,200,0
N288_M144,channel_hard,pSA,correct,18900,0.0,1.0,200,0
N288_M144,channel_hard,pSA,correct,19000,0.0,1.0,200,0
N288_M144,channel_hard,pSA,correct,19100,0.0,1.0,200,0
N288_M144,channel_hard,pSA,correct,19200,0.0,1.0,200,0
N288_M144,channel_hard,pSA,correct,19300,0.0,1.0,200,0
N288_M144,channel_hard,pSA,correct,19400,0.0,1.0,200,0
N288_M144,channel_hard,pSA,correct,19500,0.0,1.0,200,0
N288_M144,channel_hard,pSA,correct,19600,0.0,1.0,200,0
N288_M144,channel_hard,pSA,correct,19700,0.0,1.0,200,0
N288_M144,channel_hard,pSA,correct,19800,0.0,1.0,200,0
N288_M144,channel_hard,pSA,correct,19900,0.0,1.0,200,0
N288_M144,channel_hard,pSA,correct,20000,0.0,1.0,200,0
N288_M144,channel_hard,pSA,correct,20100,0.0,1.0,200,0
N288_M144,channel_hard,pSA,correct,20200,0.0,1.0,200,0
N288_M144,channel_hard,pSA,correct,20300,0.0,1.0,200,0
N288_M144,channel_hard,pSA,correct,20400,0.0,1.0,200,0
N288_M144,channel_hard,pSA,correct,20500,0.0,1.0,200,0
N288_M144,channel_hard,pSA,correct,20600,0.0,1.0,200,0
N288_M144,channel_hard,pSA,correct,20700,0.0,1.0,200,0
N288_M144,channel_hard,pSA,correct,20800,0.0,1.0,200,0
N288_M144,channel_hard,pSA,correct,20900,0.0,1.0,200,0
N288_M144,channel_hard,pSA,correct,21000,0.0,1.0,200,0
N288_M144,channel_hard,pSA,correct,21100,0.0,1.0,200,0
N288_M144,channel_hard,pSA,correct,21200,0.0,1.0,200,0
N288_M144,channel_hard,pSA,correct,21300,0.0,1.0,200,0
N288_M144,channel_hard,pSA,correct,21400,0.0,1.0,200,0
N288_M144,channel_hard,pSA,correct,21500,0.0,1.0,200,0
N288_M144,channel_hard,pSA,correct,21600,0.0,1.0,200,0
N288_M144,channel_hard,pSA,correct,21700,0.0,1.0,200,0
N288_M144,channel_hard,pSA,correct,21800,0.0,1.0,200,0
N288_M144,channel_hard,pSA,correct,21900,0.0,1.0,200,0
N288_M144,channel_hard,pSA,correct,22000,0.0,1.0,200,0
N288_M144,channel_hard,pSA,correct,22100,0.0,1.0,200,0
N288_M144,channel_hard,pSA,correct,22200,0.0,1.0,200,0
N288_M144,channel_hard,pSA,correct,22300,0.0,1.0,200,0
N288_M144,channel_hard,pSA,correct,22400,0.0,1.0,200,0
N288_M144,channel_hard,pSA,correct,22500,0.0,1.0,200,0
N288_M144,channel_hard,pSA,correct,22600,0.0,1.0,200,0
N288_M144,channel_hard,pSA,correct,22700,0.0,1.0,200,0
N288_M144,channel_hard,pSA,correct,22800,0.0,1.0,200,0
N288_M144,channel_hard,pSA,correct,22900,0.0,1.0,200,0
N288_M144,channel_hard,pSA,correct,23000,0.0,1.0,200,0
N288_M144,channel_hard,pSA,correct,23100,0.0,1.0,200,0
N288_M144,channel_hard,pSA,correct,23200,0.0,1.0,200,0
N288_M144,channel_hard,pSA,correct,23300,0.0,1.0,200,0
N288_M144,channel_hard,pSA,correct,23400,0.0,1.0,200,0
N288_M144,channel_hard,pSA,correct,23500,0.0,1.0,200,0
N288_M144,channel_hard,pSA,correct,23600,0.0,1.0,200,0
N288_M144,channel_hard,pSA,correct,23700,0.0,1.0,200,0
N288_M144,channel_hard,pSA,correct,23800,0.0,1.0,200,0
N288_M144,channel_hard,pSA,correct,23900,0.0,1.0,200,0
N288_M144,channel_hard,pSA,correct,24000,0.0,1.0,200,0
N288_M144,channel_hard,pSA,correct,24100,0.0,1.0,200,0
N288_M144,channel_hard,pSA,correct,24200,0.0,1.0,200,0
N288_M144,channel_hard,pSA,correct,24300,0.0,1.0,200,0
N288_M144,channel_hard,pSA,correct,24400,0.0,1.0,200,0
N288_M144,channel_hard,pSA,correct,24500,0.0,1.0,200,0
N288_M144,channel_hard,pSA,correct,24600,0.0,1.0,200,0
N288_M144,channel_hard,pSA,correct,24700,0.0,1.0,200,0
N288_M144,channel_hard,pSA,correct,24800,0.0,1.0,200,0
N288_M144,channel_hard,pSA,correct,24900,0.0,1.0,200,0
N288_M144,channel_hard,pSA,correct,25000,0.0,1.0,200,0
N288_M144,channel_hard,pSA,correct,25100,0.0,1.0,200,0
N288_M144,channel_hard,pSA,correct,25200,0.0,1.0,200,0
N288_M144,channel_hard,pSA,correct,25300,0.0,1.0,200,0
N288_M144,channel_hard,pSA,correct,25400,0.0,1.0,200,0
N288_M144,channel_hard,pSA,correct,25500,0.0,1.0,200,0
N288_M144,channel_hard,pSA,correct,25600,0.0,1.0,200,0
N288_M144,channel_hard,shuffled,correct,0,0.0,1.0,200,0
N288_M144,channel_hard,shuffled,correct,100,0.0,1.0,200,0
N288_M144,channel_hard,shuffled,correct,200,0.0,1.0,200,0
N288_M144,channel_hard,shuffled,correct,300,0.0,1.0,200,0
N288_M144,channel_hard,shuffled,correct,400,0.0,1.0,200,0
N288_M144,channel_hard,shuffled,correct,500,0.0,1.0,200,0
N288_M144,channel_hard,shuffled,correct,600,0.0,1.0,200,0
N288_M144,channel_hard,shuffled,correct,700,0.0,1.0,200,0
N288_M144,channel_hard,shuffled,correct,800,0.0,1.0,200,0
N288_M144,channel_hard,shuffled,correct,900,0.0,1.0,200,0
N288_M144,channel_hard,shuffled,correct,1000,0.0,1.0,200,0
N288_M144,channel_hard,shuffled,correct,1100,0.0,1.0,200,0
N288_M144,channel_hard,shuffled,correct,1200,0.0,1.0,200,0
N288_M144,channel_hard,shuffled,correct,1300,0.0,1.0,200,0
N288_M144,channel_hard,shuffled,correct,1400,0.0,1.0,200,0
N288_M144,channel_hard,shuffled,correct,1500,0.0,1.0,200,0
N288_M144,channel_hard,shuffled,correct,1600,0.0,1.0,200,0
N288_M144,channel_hard,shuffled,correct,1700,0.0,1.0,200,0
N288_M144,channel_hard,shuffled,correct,1800,0.0,1.0,200,0
N288_M144,channel_hard,shuffled,correct,1900,0.0,1.0,200,0
N288_M144,channel_hard,shuffled,correct,2000,0.0,1.0,200,0
N288_M144,channel_hard,shuffled,correct,2100,0.0,1.0,200,0
N288_M144,channel_hard,shuffled,correct,2200,0.0,1.0,200,0
N288_M144,channel_hard,shuffled,correct,2300,0.0,1.0,200,0
N288_M144,channel_hard,shuffled,correct,2400,0.0,1.0,200,0
N288_M144,channel_hard,shuffled,correct,2500,0.0,1.0,200,0
N288_M144,channel_hard,shuffled,correct,2600,0.0,1.0,200,0
N288_M144,channel_hard,shuffled,correct,2700,0.0,1.0,200,0
N288_M144,channel_hard,shuffled,correct,2800,0.0,1.0,200,0
N288_M144,channel_hard,shuffled,correct,2900,0.0,1.0,200,0
N288_M144,channel_hard,shuffled,correct,3000,0.0,1.0,200,0
N288_M144,channel_hard,shuffled,correct,3100,0.0,1.0,200,0
N288_M144,channel_hard,shuffled,correct,3200,0.0,1.0,200,0
N288_M144,channel_hard,shuffled,correct,3300,0.0,1.0,200,0
N288_M144,channel_hard,shuffled,correct,3400,0.0,1.0,200,0
N288_M144,channel_hard,shuffled,correct,3500,0.0,1.0,200,0
N288_M144,channel_hard,shuffled,correct,3600,0.0,1.0,200,0
N288_M144,channel_hard,shuffled,correct,3700,0.0,1.0,200,0
N288_M144,channel_hard,shuffled,correct,3800,0.0,1.0,200,0
N288_M144,channel_hard,shuffled,correct,3900,0.0,1.0,200,0
N288_M144,channel_hard,shuffled,correct,4000,0.0,1.0,200,0
N288_M144,channel_hard,shuffled,correct,4100,0.0,1.0,200,0
N288_M144,channel_hard,shuffled,correct,4200,0.0,1.0,200,0
N288_M144,channel_hard,shuffled,correct,4300,0.0,1.0,200,0
N288_M144,channel_hard,shuffled,correct,4400,0.0,1.0,200,0
N288_M144,channel_hard,shuffled,correct,4500,0.0,1.0,200,0
N288_M144,channel_hard,shuffled,correct,4600,0.0,1.0,200,0
N288_M144,channel_hard,shuffled,correct,4700,0.0,1.0,200,0
N288_M144,channel_hard,shuffled,correct,4800,0.0,1.0,200,0
N288_M144,channel_hard,shuffled,correct,4900,0.0,1.0,200,0
N288_M144,channel_hard,shuffled,correct,5000,0.0,1.0,200,0
N288_M144,channel_hard,shuffled,correct,5100,0.0,1.0,200,0
N288_M144,channel_hard,shuffled,correct,5200,0.0,1.0,200,0
N288_M144,channel_hard,shuffled,correct,5300,0.0,1.0,200,0
N288_M144,channel_hard,shuffled,correct,5400,0.0,1.0,200,0
N288_M144,channel_hard,shuffled,correct,5500,0.0,1.0,200,0
N288_M144,channel_hard,shuffled,correct,5600,0.0,1.0,200,0
N288_M144,channel_hard,shuffled,correct,5700,0.0,1.0,200,0
N288_M144,channel_hard,shuffled,correct,5800,0.0,1.0,200,0
N288_M144,channel_hard,shuffled,correct,5900,0.0,1.0,200,0
N288_M144,channel_hard,shuffled,correct,6000,0.0,1.0,200,0
N288_M144,channel_hard,shuffled,correct,6100,0.0,1.0,200,0
N288_M144,channel_hard,shuffled,correct,6200,0.0,1.0,200,0
N288_M144,channel_hard,shuffled,correct,6300,0.0,1.0,200,0
N288_M144,channel_hard,shuffled,correct,6400,0.0,1.0,200,0
N288_M144,channel_hard,shuffled,correct,6500,0.0,1.0,200,0
N288_M144,channel_hard,shuffled,correct,6600,0.0,1.0,200,0
N288_M144,channel_hard,shuffled,correct,6700,0.0,1.0,200,0
N288_M144,channel_hard,shuffled,correct,6800,0.0,1.0,200,0
N288_M144,channel_hard,shuffled,correct,6900,0.0,1.0,200,0
N288_M144,channel_hard,shuffled,correct,7000,0.0,1.0,200,0
N288_M144,channel_hard,shuffled,correct,7100,0.0,1.0,200,0
N288_M144,channel_hard,shuffled,correct,7200,0.0,1.0,200,0
N288_M144,channel_hard,shuffled,correct,7300,0.0,1.0,200,0
N288_M144,channel_hard,shuffled,correct,7400,0.0,1.0,200,0
N288_M144,channel_hard,shuffled,correct,7500,0.0,1.0,200,0
N288_M144,channel_hard,shuffled,correct,7600,0.0,1.0,200,0
N288_M144,channel_hard,shuffled,correct,7700,0.0,1.0,200,0
N288_M144,channel_hard,shuffled,correct,7800,0.0,1.0,200,0
N288_M144,channel_hard,shuffled,correct,7900,0.0,1.0,200,0
N288_M144,channel_hard,shuffled,correct,8000,0.0,1.0,200,0
N288_M144,channel_hard,shuffled,correct,8100,0.0,1.0,200,0
N288_M144,channel_hard,shuffled,correct,8200,0.0,1.0,200,0
N288_M144,channel_hard,shuffled,correct,8300,0.0,1.0,200,0
N288_M144,channel_hard,shuffled,correct,8400,0.0,1.0,200,0
N288_M144,channel_hard,shuffled,correct,8500,0.0,1.0,200,0
N288_M144,channel_hard,shuffled,correct,8600,0.0,1.0,200,0
N288_M144,channel_hard,shuffled,correct,8700,0.0,1.0,200,0
N288_M144,channel_hard,shuffled,correct,8800,0.0,1.0,200,0
N288_M144,channel_hard,shuffled,correct,8900,0.0,1.0,200,0
N288_M144,channel_hard,shuffled,correct,9000,0.0,1.0,200,0
N288_M144,channel_hard,shuffled,correct,9100,0.0,1.0,200,0
N288_M144,channel_hard,shuffled,correct,9200,0.0,1.0,200,0
N288_M144,channel_hard,shuffled,correct,9300,0.0,1.0,200,0
N288_M144,channel_hard,shuffled,correct,9400,0.0,1.0,200,0
N288_M144,channel_hard,shuffled,correct,9500,0.0,1.0,200,0
N288_M144,channel_hard,shuffled,correct,9600,0.0,1.0,200,0
N288_M144,channel_hard,shuffled,correct,9700,0.0,1.0,200,0
N288_M144,channel_hard,shuffled,correct,9800,0.0,1.0,200,0
N288_M144,channel_hard,shuffled,correct,9900,0.0,1.0,200,0
N288_M144,channel_hard,shuffled,correct,10000,0.0,1.0,200,0
N288_M144,channel_hard,shuffled,correct,10100,0.0,1.0,200,0
N288_M144,channel_hard,shuffled,correct,10200,0.0,1.0,200,0
N288_M144,channel_hard,shuffled,correct,10300,0.0,1.0,200,0
N288_M144,channel_hard,shuffled,correct,10400,0.0,1.0,200,0
N288_M144,channel_hard,shuffled,correct,10500,0.0,1.0,200,0
N288_M144,channel_hard,shuffled,correct,10600,0.0,1.0,200,0
N288_M144,channel_hard,shuffled,correct,10700,0.0,1.0,200,0
N288_M144,channel_hard,shuffled,correct,10800,0.0,1.0,200,0
N288_M144,channel_hard,shuffled,correct,10900,0.0,1.0,200,0
N288_M144,channel_hard,shuffled,correct,11000,0.0,1.0,200,0
N288_M144,channel_hard,shuffled,correct,11100,0.0,1.0,200,0
N288_M144,channel_hard,shuffled,correct,11200,0.0,1.0,200,0
N288_M144,channel_hard,shuffled,correct,11300,0.0,1.0,200,0
N288_M144,channel_hard,shuffled,correct,11400,0.0,1.0,200,0
N288_M144,channel_hard,shuffled,correct,11500,0.0,1.0,200,0
N288_M144,channel_hard,shuffled,correct,11600,0.0,1.0,200,0
N288_M144,channel_hard,shuffled,correct,11700,0.0,1.0,200,0
N288_M144,channel_hard,shuffled,correct,11800,0.0,1.0,200,0
N288_M144,channel_hard,shuffled,correct,11900,0.0,1.0,200,0
N288_M144,channel_hard,shuffled,correct,12000,0.0,1.0,200,0
N288_M144,channel_hard,shuffled,correct,12100,0.0,1.0,200,0
N288_M144,channel_hard,shuffled,correct,12200,0.0,1.0,200,0
N288_M144,channel_hard,shuffled,correct,12300,0.0,1.0,200,0
N288_M144,channel_hard,shuffled,correct,12400,0.0,1.0,200,0
N288_M144,channel_hard,shuffled,correct,12500,0.0,1.0,200,0
N288_M144,channel_hard,shuffled,correct,12600,0.0,1.0,200,0
N288_M144,channel_hard,shuffled,correct,12700,0.0,1.0,200,0
N288_M144,channel_hard,shuffled,correct,12800,0.0,1.0,200,0
N288_M144,channel_hard,shuffled,correct,12900,0.0,1.0,200,0
N288_M144,channel_hard,shuffled,correct,13000,0.0,1.0,200,0
N288_M144,channel_hard,shuffled,correct,13100,0.0,1.0,200,0
N288_M144,channel_hard,shuffled,correct,13200,0.0,1.0,200,0
N288_M144,channel_hard,shuffled,correct,13300,0.0,1.0,200,0
N288_M144,channel_hard,shuffled,correct,13400,0.0,1.0,200,0
N288_M144,channel_hard,shuffled,correct,13500,0.0,1.0,200,0
N288_M144,channel_hard,shuffled,correct,13600,0.0,1.0,200,0
N288_M144,channel_hard,shuffled,correct,13700,0.0,1.0,200,0
N288_M144,channel_hard,shuffled,correct,13800,0.0,1.0,200,0
N288_M144,channel_hard,shuffled,correct,13900,0.0,1.0,200,0
N288_M144,channel_hard,shuffled,correct,14000,0.0,1.0,200,0
N288_M144,channel_hard,shuffled,correct,14100,0.0,1.0,200,0
N288_M144,channel_hard,shuffled,correct,14200,0.0,1.0,200,0
N288_M144,channel_hard,shuffled,correct,14300,0.0,1.0,200,0
N288_M144,channel_hard,shuffled,correct,14400,0.0,1.0,200,0
N288_M144,channel_hard,shuffled,correct,14500,0.0,1.0,200,0
N288_M144,channel_hard,shuffled,correct,14600,0.0,1.0,200,0
N288_M144,channel_hard,shuffled,correct,14700,0.0,1.0,200,0
N288_M144,channel_hard,shuffled,correct,14800,0.0,1.0,200,0
N288_M144,channel_hard,shuffled,correct,14900,0.0,1.0,200,0
N288_M144,channel_hard,shuffled,correct,15000,0.0,1.0,200,0
N288_M144,channel_hard,shuffled,correct,15100,0.0,1.0,200,0
N288_M144,channel_hard,shuffled,correct,15200,0.0,1.0,200,0
N288_M144,channel_hard,shuffled,correct,15300,0.0,1.0,200,0
N288_M144,channel_hard,shuffled,correct,15400,0.0,1.0,200,0
N288_M144,channel_hard,shuffled,correct,15500,0.0,1.0,200,0
N288_M144,channel_hard,shuffled,correct,15600,0.0,1.0,200,0
N288_M144,channel_hard,shuffled,correct,15700,0.0,1.0,200,0
N288_M144,channel_hard,shuffled,correct,15800,0.0,1.0,200,0
N288_M144,channel_hard,shuffled,correct,15900,0.0,1.0,200,0
N288_M144,channel_hard,shuffled,correct,16000,0.0,1.0,200,0
N288_M144,channel_hard,shuffled,correct,16100,0.0,1.0,200,0
N288_M144,channel_hard,shuffled,correct,16200,0.0,1.0,200,0
N288_M144,channel_hard,shuffled,correct,16300,0.0,1.0,200,0
N288_M144,channel_hard,shuffled,correct,16400,0.0,1.0,200,0
N288_M144,channel_hard,shuffled,correct,16500,0.0,1.0,200,0
N288_M144,channel_hard,shuffled,correct,16600,0.0,1.0,200,0
N288_M144,channel_hard,shuffled,correct,16700,0.0,1.0,200,0
N288_M144,channel_hard,shuffled,correct,16800,0.0,1.0,200,0
N288_M144,channel_hard,shuffled,correct,16900,0.0,1.0,200,0
N288_M144,channel_hard,shuffled,correct,17000,0.0,1.0,200,0
N288_M144,channel_hard,shuffled,correct,17100,0.0,1.0,200,0
N288_M144,channel_hard,shuffled,correct,17200,0.0,1.0,200,0
N288_M144,channel_hard,shuffled,correct,17300,0.0,1.0,200,0
N288_M144,channel_hard,shuffled,correct,17400,0.0,1.0,200,0
N288_M144,channel_hard,shuffled,correct,17500,0.0,1.0,200,0
N288_M144,channel_hard,shuffled,correct,17600,0.0,1.0,200,0
N288_M144,channel_hard,shuffled,correct,17700,0.0,1.0,200,0
N288_M144,channel_hard,shuffled,correct,17800,0.0,1.0,200,0
N288_M144,channel_hard,shuffled,correct,17900,0.0,1.0,200,0
N288_M144,channel_hard,shuffled,correct,18000,0.0,1.0,200,0
N288_M144,channel_hard,shuffled,correct,18100,0.0,1.0,200,0
N288_M144,channel_hard,shuffled,correct,18200,0.0,1.0,200,0
N288_M144,channel_hard,shuffled,correct,18300,0.0,1.0,200,0
N288_M144,channel_hard,shuffled,correct,18400,0.0,1.0,200,0
N288_M144,channel_hard,shuffled,correct,18500,0.0,1.0,200,0
N288_M144,channel_hard,shuffled,correct,18600,0.0,1.0,200,0
N288_M144,channel_hard,shuffled,correct,18700,0.0,1.0,200,0
N288_M144,channel_hard,shuffled,correct,18800,0.0,1.0,200,0
N288_M144,channel_hard,shuffled,correct,18900,0.0,1.0,200,0
N288_M144,channel_hard,shuffled,correct,19000,0.0,1.0,200,0
N288_M144,channel_hard,shuffled,correct,19100,0.0,1.0,200,0
N288_M144,channel_hard,shuffled,correct,19200,0.0,1.0,200,0
N288_M144,channel_hard,shuffled,correct,19300,0.0,1.0,200,0
N288_M144,channel_hard,shuffled,correct,19400,0.0,1.0,200,0
N288_M144,channel_hard,shuffled,correct,19500,0.0,1.0,200,0
N288_M144,channel_hard,shuffled,correct,19600,0.0,1.0,200,0
N288_M144,channel_hard,shuffled,correct,19700,0.0,1.0,200,0
N288_M144,channel_hard,shuffled,correct,19800,0.0,1.0,200,0
N288_M144,channel_hard,shuffled,correct,19900,0.0,1.0,200,0
N288_M144,channel_hard,shuffled,correct,20000,0.0,1.0,200,0
N288_M144,channel_hard,shuffled,correct,20100,0.0,1.0,200,0
N288_M144,channel_hard,shuffled,correct,20200,0.0,1.0,200,0
N288_M144,channel_hard,shuffled,correct,20300,0.0,1.0,200,0
N288_M144,channel_hard,shuffled,correct,20400,0.0,1.0,200,0
N288_M144,channel_hard,shuffled,correct,20500,0.0,1.0,200,0
N288_M144,channel_hard,shuffled,correct,20600,0.0,1.0,200,0
N288_M144,channel_hard,shuffled,correct,20700,0.0,1.0,200,0
N288_M144,channel_hard,shuffled,correct,20800,0.0,1.0,200,0
N288_M144,channel_hard,shuffled,correct,20900,0.0,1.0,200,0
N288_M144,channel_hard,shuffled,correct,21000,0.0,1.0,200,0
N288_M144,channel_hard,shuffled,correct,21100,0.0,1.0,200,0
N288_M144,channel_hard,shuffled,correct,21200,0.0,1.0,200,0
N288_M144,channel_hard,shuffled,correct,21300,0.0,1.0,200,0
N288_M144,channel_hard,shuffled,correct,21400,0.0,1.0,200,0
N288_M144,channel_hard,shuffled,correct,21500,0.0,1.0,200,0
N288_M144,channel_hard,shuffled,correct,21600,0.0,1.0,200,0
N288_M144,channel_hard,shuffled,correct,21700,0.0,1.0,200,0
N288_M144,channel_hard,shuffled,correct,21800,0.0,1.0,200,0
N288_M144,channel_hard,shuffled,correct,21900,0.0,1.0,200,0
N288_M144,channel_hard,shuffled,correct,22000,0.0,1.0,200,0
N288_M144,channel_hard,shuffled,correct,22100,0.0,1.0,200,0
N288_M144,channel_hard,shuffled,correct,22200,0.0,1.0,200,0
N288_M144,channel_hard,shuffled,correct,22300,0.0,1.0,200,0
N288_M144,channel_hard,shuffled,correct,22400,0.0,1.0,200,0
N288_M144,channel_hard,shuffled,correct,22500,0.0,1.0,200,0
N288_M144,channel_hard,shuffled,correct,22600,0.0,1.0,200,0
N288_M144,channel_hard,shuffled,correct,22700,0.0,1.0,200,0
N288_M144,channel_hard,shuffled,correct,22800,0.0,1.0,200,0
N288_M144,channel_hard,shuffled,correct,22900,0.0,1.0,200,0
N288_M144,channel_hard,shuffled,correct,23000,0.0,1.0,200,0
N288_M144,channel_hard,shuffled,correct,23100,0.0,1.0,200,0
N288_M144,channel_hard,shuffled,correct,23200,0.0,1.0,200,0
N288_M144,channel_hard,shuffled,correct,23300,0.0,1.0,200,0
N288_M144,channel_hard,shuffled,correct,23400,0.0,1.0,200,0
N288_M144,channel_hard,shuffled,correct,23500,0.0,1.0,200,0
N288_M144,channel_hard,shuffled,correct,23600,0.0,1.0,200,0
N288_M144,channel_hard,shuffled,correct,23700,0.0,1.0,200,0
N288_M144,channel_hard,shuffled,correct,23800,0.0,1.0,200,0
N288_M144,channel_hard,shuffled,correct,23900,0.0,1.0,200,0
N288_M144,channel_hard,shuffled,correct,24000,0.0,1.0,200,0
N288_M144,channel_hard,shuffled,correct,24100,0.0,1.0,200,0
N288_M144,channel_hard,shuffled,correct,24200,0.0,1.0,200,0
N288_M144,channel_hard,shuffled,correct,24300,0.0,1.0,200,0
N288_M144,channel_hard,shuffled,correct,24400,0.0,1.0,200,0
N288_M144,channel_hard,shuffled,correct,24500,0.0,1.0,200,0
N288_M144,channel_hard,shuffled,correct,24600,0.0,1.0,200,0
N288_M144,channel_hard,shuffled,correct,24700,0.0,1.0,200,0
N288_M144,channel_hard,shuffled,correct,24800,0.0,1.0,200,0
N288_M144,channel_hard,shuffled,correct,24900,0.0,1.0,200,0
N288_M144,channel_hard,shuffled,correct,25000,0.0,1.0,200,0
N288_M144,channel_hard,shuffled,correct,25100,0.0,1.0,200,0
N288_M144,channel_hard,shuffled,correct,25200,0.0,1.0,200,0
N288_M144,channel_hard,shuffled,correct,25300,0.0,1.0,200,0
N288_M144,channel_hard,shuffled,correct,25400,0.0,1.0,200,0
N288_M144,channel_hard,shuffled,correct,25500,0.0,1.0,200,0
N288_M144,channel_hard,shuffled,correct,25600,0.0,1.0,200,0
N288_M144,random,additive,correct,0,0.0,1.0,200,192
N288_M144,random,additive,correct,100,0.005,0.995,200,192
N288_M144,random,additive,correct,200,0.14,0.86,200,192
N288_M144,random,additive,correct,300,0.265,0.735,200,192
N288_M144,random,additive,correct,400,0.365,0.635,200,192
N288_M144,random,additive,correct,500,0.445,0.5549999999999999,200,192
N288_M144,random,additive,correct,600,0.505,0.495,200,192
N288_M144,random,additive,correct,700,0.575,0.42500000000000004,200,192
N288_M144,random,additive,correct,800,0.615,0.385,200,192
N288_M144,random,additive,correct,900,0.65,0.35,200,192
N288_M144,random,additive,correct,1000,0.69,0.31000000000000005,200,192
N288_M144,random,additive,correct,1100,0.705,0.29500000000000004,200,192
N288_M144,random,additive,correct,1200,0.72,0.28,200,192
N288_M144,random,additive,correct,1300,0.735,0.265,200,192
N288_M144,random,additive,correct,1400,0.75,0.25,200,192
N288_M144,random,additive,correct,1500,0.77,0.22999999999999998,200,192
N288_M144,random,additive,correct,1600,0.78,0.21999999999999997,200,192
N288_M144,random,additive,correct,1700,0.79,0.20999999999999996,200,192
N288_M144,random,additive,correct,1800,0.795,0.20499999999999996,200,192
N288_M144,random,additive,correct,1900,0.8,0.19999999999999996,200,192
N288_M144,random,additive,correct,2000,0.81,0.18999999999999995,200,192
N288_M144,random,additive,correct,2100,0.82,0.18000000000000005,200,192
N288_M144,random,additive,correct,2200,0.83,0.17000000000000004,200,192
N288_M144,random,additive,correct,2300,0.83,0.17000000000000004,200,192
N288_M144,random,additive,correct,2400,0.84,0.16000000000000003,200,192
N288_M144,random,additive,correct,2500,0.85,0.15000000000000002,200,192
N288_M144,random,additive,correct,2600,0.86,0.14,200,192
N288_M144,random,additive,correct,2700,0.86,0.14,200,192
N288_M144,random,additive,correct,2800,0.865,0.135,200,192
N288_M144,random,additive,correct,2900,0.865,0.135,200,192
N288_M144,random,additive,correct,3000,0.865,0.135,200,192
N288_M144,random,additive,correct,3100,0.875,0.125,200,192
N288_M144,random,additive,correct,3200,0.88,0.12,200,192
N288_M144,random,additive,correct,3300,0.88,0.12,200,192
N288_M144,random,additive,correct,3400,0.88,0.12,200,192
N288_M144,random,additive,correct,3500,0.88,0.12,200,192
N288_M144,random,additive,correct,3600,0.88,0.12,200,192
N288_M144,random,additive,correct,3700,0.88,0.12,200,192
N288_M144,random,additive,correct,3800,0.88,0.12,200,192
N288_M144,random,additive,correct,3900,0.895,0.10499999999999998,200,192
N288_M144,random,additive,correct,4000,0.895,0.10499999999999998,200,192
N288_M144,random,additive,correct,4100,0.895,0.10499999999999998,200,192
N288_M144,random,additive,correct,4200,0.895,0.10499999999999998,200,192
N288_M144,random,additive,correct,4300,0.895,0.10499999999999998,200,192
N288_M144,random,additive,correct,4400,0.895,0.10499999999999998,200,192
N288_M144,random,additive,correct,4500,0.895,0.10499999999999998,200,192
N288_M144,random,additive,correct,4600,0.895,0.10499999999999998,200,192
N288_M144,random,additive,correct,4700,0.895,0.10499999999999998,200,192
N288_M144,random,additive,correct,4800,0.895,0.10499999999999998,200,192
N288_M144,random,additive,correct,4900,0.9,0.09999999999999998,200,192
N288_M144,random,additive,correct,5000,0.9,0.09999999999999998,200,192
N288_M144,random,additive,correct,5100,0.9,0.09999999999999998,200,192
N288_M144,random,additive,correct,5200,0.91,0.08999999999999997,200,192
N288_M144,random,additive,correct,5300,0.915,0.08499999999999996,200,192
N288_M144,random,additive,correct,5400,0.915,0.08499999999999996,200,192
N288_M144,random,additive,correct,5500,0.92,0.07999999999999996,200,192
N288_M144,random,additive,correct,5600,0.92,0.07999999999999996,200,192
N288_M144,random,additive,correct,5700,0.92,0.07999999999999996,200,192
N288_M144,random,additive,correct,5800,0.92,0.07999999999999996,200,192
N288_M144,random,additive,correct,5900,0.92,0.07999999999999996,200,192
N288_M144,random,additive,correct,6000,0.925,0.07499999999999996,200,192
N288_M144,random,additive,correct,6100,0.925,0.07499999999999996,200,192
N288_M144,random,additive,correct,6200,0.925,0.07499999999999996,200,192
N288_M144,random,additive,correct,6300,0.925,0.07499999999999996,200,192
N288_M144,random,additive,correct,6400,0.925,0.07499999999999996,200,192
N288_M144,random,additive,correct,6500,0.925,0.07499999999999996,200,192
N288_M144,random,additive,correct,6600,0.925,0.07499999999999996,200,192
N288_M144,random,additive,correct,6700,0.93,0.06999999999999995,200,192
N288_M144,random,additive,correct,6800,0.93,0.06999999999999995,200,192
N288_M144,random,additive,correct,6900,0.93,0.06999999999999995,200,192
N288_M144,random,additive,correct,7000,0.93,0.06999999999999995,200,192
N288_M144,random,additive,correct,7100,0.93,0.06999999999999995,200,192
N288_M144,random,additive,correct,7200,0.93,0.06999999999999995,200,192
N288_M144,random,additive,correct,7300,0.93,0.06999999999999995,200,192
N288_M144,random,additive,correct,7400,0.93,0.06999999999999995,200,192
N288_M144,random,additive,correct,7500,0.93,0.06999999999999995,200,192
N288_M144,random,additive,correct,7600,0.935,0.06499999999999995,200,192
N288_M144,random,additive,correct,7700,0.935,0.06499999999999995,200,192
N288_M144,random,additive,correct,7800,0.935,0.06499999999999995,200,192
N288_M144,random,additive,correct,7900,0.94,0.06000000000000005,200,192
N288_M144,random,additive,correct,8000,0.94,0.06000000000000005,200,192
N288_M144,random,additive,correct,8100,0.94,0.06000000000000005,200,192
N288_M144,random,additive,correct,8200,0.94,0.06000000000000005,200,192
N288_M144,random,additive,correct,8300,0.94,0.06000000000000005,200,192
N288_M144,random,additive,correct,8400,0.94,0.06000000000000005,200,192
N288_M144,random,additive,correct,8500,0.94,0.06000000000000005,200,192
N288_M144,random,additive,correct,8600,0.94,0.06000000000000005,200,192
N288_M144,random,additive,correct,8700,0.94,0.06000000000000005,200,192
N288_M144,random,additive,correct,8800,0.94,0.06000000000000005,200,192
N288_M144,random,additive,correct,8900,0.94,0.06000000000000005,200,192
N288_M144,random,additive,correct,9000,0.94,0.06000000000000005,200,192
N288_M144,random,additive,correct,9100,0.94,0.06000000000000005,200,192
N288_M144,random,additive,correct,9200,0.94,0.06000000000000005,200,192
N288_M144,random,additive,correct,9300,0.94,0.06000000000000005,200,192
N288_M144,random,additive,correct,9400,0.945,0.05500000000000005,200,192
N288_M144,random,additive,correct,9500,0.945,0.05500000000000005,200,192
N288_M144,random,additive,correct,9600,0.945,0.05500000000000005,200,192
N288_M144,random,additive,correct,9700,0.945,0.05500000000000005,200,192
N288_M144,random,additive,correct,9800,0.945,0.05500000000000005,200,192
N288_M144,random,additive,correct,9900,0.945,0.05500000000000005,200,192
N288_M144,random,additive,correct,10000,0.945,0.05500000000000005,200,192
N288_M144,random,additive,correct,10100,0.945,0.05500000000000005,200,192
N288_M144,random,additive,correct,10200,0.945,0.05500000000000005,200,192
N288_M144,random,additive,correct,10300,0.945,0.05500000000000005,200,192
N288_M144,random,additive,correct,10400,0.945,0.05500000000000005,200,192
N288_M144,random,additive,correct,10500,0.945,0.05500000000000005,200,192
N288_M144,random,additive,correct,10600,0.945,0.05500000000000005,200,192
N288_M144,random,additive,correct,10700,0.945,0.05500000000000005,200,192
N288_M144,random,additive,correct,10800,0.945,0.05500000000000005,200,192
N288_M144,random,additive,correct,10900,0.945,0.05500000000000005,200,192
N288_M144,random,additive,correct,11000,0.945,0.05500000000000005,200,192
N288_M144,random,additive,correct,11100,0.945,0.05500000000000005,200,192
N288_M144,random,additive,correct,11200,0.945,0.05500000000000005,200,192
N288_M144,random,additive,correct,11300,0.945,0.05500000000000005,200,192
N288_M144,random,additive,correct,11400,0.945,0.05500000000000005,200,192
N288_M144,random,additive,correct,11500,0.945,0.05500000000000005,200,192
N288_M144,random,additive,correct,11600,0.945,0.05500000000000005,200,192
N288_M144,random,additive,correct,11700,0.945,0.05500000000000005,200,192
N288_M144,random,additive,correct,11800,0.945,0.05500000000000005,200,192
N288_M144,random,additive,correct,11900,0.945,0.05500000000000005,200,192
N288_M144,random,additive,correct,12000,0.945,0.05500000000000005,200,192
N288_M144,random,additive,correct,12100,0.945,0.05500000000000005,200,192
N288_M144,random,additive,correct,12200,0.945,0.05500000000000005,200,192
N288_M144,random,additive,correct,12300,0.945,0.05500000000000005,200,192
N288_M144,random,additive,correct,12400,0.945,0.05500000000000005,200,192
N288_M144,random,additive,correct,12500,0.945,0.05500000000000005,200,192
N288_M144,random,additive,correct,12600,0.95,0.050000000000000044,200,192
N288_M144,random,additive,correct,12700,0.95,0.050000000000000044,200,192
N288_M144,random,additive,correct,12800,0.95,0.050000000000000044,200,192
N288_M144,random,additive,correct,12900,0.95,0.050000000000000044,200,192
N288_M144,random,additive,correct,13000,0.95,0.050000000000000044,200,192
N288_M144,random,additive,correct,13100,0.95,0.050000000000000044,200,192
N288_M144,random,additive,correct,13200,0.95,0.050000000000000044,200,192
N288_M144,random,additive,correct,13300,0.95,0.050000000000000044,200,192
N288_M144,random,additive,correct,13400,0.95,0.050000000000000044,200,192
N288_M144,random,additive,correct,13500,0.95,0.050000000000000044,200,192
N288_M144,random,additive,correct,13600,0.95,0.050000000000000044,200,192
N288_M144,random,additive,correct,13700,0.95,0.050000000000000044,200,192
N288_M144,random,additive,correct,13800,0.95,0.050000000000000044,200,192
N288_M144,random,additive,correct,13900,0.95,0.050000000000000044,200,192
N288_M144,random,additive,correct,14000,0.95,0.050000000000000044,200,192
N288_M144,random,additive,correct,14100,0.95,0.050000000000000044,200,192
N288_M144,random,additive,correct,14200,0.95,0.050000000000000044,200,192
N288_M144,random,additive,correct,14300,0.95,0.050000000000000044,200,192
N288_M144,random,additive,correct,14400,0.95,0.050000000000000044,200,192
N288_M144,random,additive,correct,14500,0.95,0.050000000000000044,200,192
N288_M144,random,additive,correct,14600,0.95,0.050000000000000044,200,192
N288_M144,random,additive,correct,14700,0.95,0.050000000000000044,200,192
N288_M144,random,additive,correct,14800,0.95,0.050000000000000044,200,192
N288_M144,random,additive,correct,14900,0.95,0.050000000000000044,200,192
N288_M144,random,additive,correct,15000,0.95,0.050000000000000044,200,192
N288_M144,random,additive,correct,15100,0.95,0.050000000000000044,200,192
N288_M144,random,additive,correct,15200,0.95,0.050000000000000044,200,192
N288_M144,random,additive,correct,15300,0.95,0.050000000000000044,200,192
N288_M144,random,additive,correct,15400,0.95,0.050000000000000044,200,192
N288_M144,random,additive,correct,15500,0.95,0.050000000000000044,200,192
N288_M144,random,additive,correct,15600,0.95,0.050000000000000044,200,192
N288_M144,random,additive,correct,15700,0.95,0.050000000000000044,200,192
N288_M144,random,additive,correct,15800,0.95,0.050000000000000044,200,192
N288_M144,random,additive,correct,15900,0.95,0.050000000000000044,200,192
N288_M144,random,additive,correct,16000,0.95,0.050000000000000044,200,192
N288_M144,random,additive,correct,16100,0.95,0.050000000000000044,200,192
N288_M144,random,additive,correct,16200,0.95,0.050000000000000044,200,192
N288_M144,random,additive,correct,16300,0.95,0.050000000000000044,200,192
N288_M144,random,additive,correct,16400,0.95,0.050000000000000044,200,192
N288_M144,random,additive,correct,16500,0.95,0.050000000000000044,200,192
N288_M144,random,additive,correct,16600,0.95,0.050000000000000044,200,192
N288_M144,random,additive,correct,16700,0.95,0.050000000000000044,200,192
N288_M144,random,additive,correct,16800,0.95,0.050000000000000044,200,192
N288_M144,random,additive,correct,16900,0.955,0.04500000000000004,200,192
N288_M144,random,additive,correct,17000,0.955,0.04500000000000004,200,192
N288_M144,random,additive,correct,17100,0.955,0.04500000000000004,200,192
N288_M144,random,additive,correct,17200,0.955,0.04500000000000004,200,192
N288_M144,random,additive,correct,17300,0.955,0.04500000000000004,200,192
N288_M144,random,additive,correct,17400,0.955,0.04500000000000004,200,192
N288_M144,random,additive,correct,17500,0.955,0.04500000000000004,200,192
N288_M144,random,additive,correct,17600,0.955,0.04500000000000004,200,192
N288_M144,random,additive,correct,17700,0.955,0.04500000000000004,200,192
N288_M144,random,additive,correct,17800,0.955,0.04500000000000004,200,192
N288_M144,random,additive,correct,17900,0.955,0.04500000000000004,200,192
N288_M144,random,additive,correct,18000,0.955,0.04500000000000004,200,192
N288_M144,random,additive,correct,18100,0.955,0.04500000000000004,200,192
N288_M144,random,additive,correct,18200,0.955,0.04500000000000004,200,192
N288_M144,random,additive,correct,18300,0.955,0.04500000000000004,200,192
N288_M144,random,additive,correct,18400,0.955,0.04500000000000004,200,192
N288_M144,random,additive,correct,18500,0.955,0.04500000000000004,200,192
N288_M144,random,additive,correct,18600,0.955,0.04500000000000004,200,192
N288_M144,random,additive,correct,18700,0.955,0.04500000000000004,200,192
N288_M144,random,additive,correct,18800,0.955,0.04500000000000004,200,192
N288_M144,random,additive,correct,18900,0.955,0.04500000000000004,200,192
N288_M144,random,additive,correct,19000,0.955,0.04500000000000004,200,192
N288_M144,random,additive,correct,19100,0.955,0.04500000000000004,200,192
N288_M144,random,additive,correct,19200,0.955,0.04500000000000004,200,192
N288_M144,random,additive,correct,19300,0.955,0.04500000000000004,200,192
N288_M144,random,additive,correct,19400,0.955,0.04500000000000004,200,192
N288_M144,random,additive,correct,19500,0.955,0.04500000000000004,200,192
N288_M144,random,additive,correct,19600,0.955,0.04500000000000004,200,192
N288_M144,random,additive,correct,19700,0.955,0.04500000000000004,200,192
N288_M144,random,additive,correct,19800,0.955,0.04500000000000004,200,192
N288_M144,random,additive,correct,19900,0.955,0.04500000000000004,200,192
N288_M144,random,additive,correct,20000,0.955,0.04500000000000004,200,192
N288_M144,random,additive,correct,20100,0.955,0.04500000000000004,200,192
N288_M144,random,additive,correct,20200,0.955,0.04500000000000004,200,192
N288_M144,random,additive,correct,20300,0.955,0.04500000000000004,200,192
N288_M144,random,additive,correct,20400,0.955,0.04500000000000004,200,192
N288_M144,random,additive,correct,20500,0.955,0.04500000000000004,200,192
N288_M144,random,additive,correct,20600,0.955,0.04500000000000004,200,192
N288_M144,random,additive,correct,20700,0.955,0.04500000000000004,200,192
N288_M144,random,additive,correct,20800,0.955,0.04500000000000004,200,192
N288_M144,random,additive,correct,20900,0.955,0.04500000000000004,200,192
N288_M144,random,additive,correct,21000,0.955,0.04500000000000004,200,192
N288_M144,random,additive,correct,21100,0.955,0.04500000000000004,200,192
N288_M144,random,additive,correct,21200,0.955,0.04500000000000004,200,192
N288_M144,random,additive,correct,21300,0.955,0.04500000000000004,200,192
N288_M144,random,additive,correct,21400,0.955,0.04500000000000004,200,192
N288_M144,random,additive,correct,21500,0.955,0.04500000000000004,200,192
N288_M144,random,additive,correct,21600,0.955,0.04500000000000004,200,192
N288_M144,random,additive,correct,21700,0.955,0.04500000000000004,200,192
N288_M144,random,additive,correct,21800,0.955,0.04500000000000004,200,192
N288_M144,random,additive,correct,21900,0.955,0.04500000000000004,200,192
N288_M144,random,additive,correct,22000,0.955,0.04500000000000004,200,192
N288_M144,random,additive,correct,22100,0.955,0.04500000000000004,200,192
N288_M144,random,additive,correct,22200,0.955,0.04500000000000004,200,192
N288_M144,random,additive,correct,22300,0.955,0.04500000000000004,200,192
N288_M144,random,additive,correct,22400,0.955,0.04500000000000004,200,192
N288_M144,random,additive,correct,22500,0.955,0.04500000000000004,200,192
N288_M144,random,additive,correct,22600,0.955,0.04500000000000004,200,192
N288_M144,random,additive,correct,22700,0.955,0.04500000000000004,200,192
N288_M144,random,additive,correct,22800,0.955,0.04500000000000004,200,192
N288_M144,random,additive,correct,22900,0.955,0.04500000000000004,200,192
N288_M144,random,additive,correct,23000,0.955,0.04500000000000004,200,192
N288_M144,random,additive,correct,23100,0.955,0.04500000000000004,200,192
N288_M144,random,additive,correct,23200,0.955,0.04500000000000004,200,192
N288_M144,random,additive,correct,23300,0.955,0.04500000000000004,200,192
N288_M144,random,additive,correct,23400,0.955,0.04500000000000004,200,192
N288_M144,random,additive,correct,23500,0.955,0.04500000000000004,200,192
N288_M144,random,additive,correct,23600,0.955,0.04500000000000004,200,192
N288_M144,random,additive,correct,23700,0.955,0.04500000000000004,200,192
N288_M144,random,additive,correct,23800,0.955,0.04500000000000004,200,192
N288_M144,random,additive,correct,23900,0.955,0.04500000000000004,200,192
N288_M144,random,additive,correct,24000,0.96,0.040000000000000036,200,192
N288_M144,random,additive,correct,24100,0.96,0.040000000000000036,200,192
N288_M144,random,additive,correct,24200,0.96,0.040000000000000036,200,192
N288_M144,random,additive,correct,24300,0.96,0.040000000000000036,200,192
N288_M144,random,additive,correct,24400,0.96,0.040000000000000036,200,192
N288_M144,random,additive,correct,24500,0.96,0.040000000000000036,200,192
N288_M144,random,additive,correct,24600,0.96,0.040000000000000036,200,192
N288_M144,random,additive,correct,24700,0.96,0.040000000000000036,200,192
N288_M144,random,additive,correct,24800,0.96,0.040000000000000036,200,192
N288_M144,random,additive,correct,24900,0.96,0.040000000000000036,200,192
N288_M144,random,additive,correct,25000,0.96,0.040000000000000036,200,192
N288_M144,random,additive,correct,25100,0.96,0.040000000000000036,200,192
N288_M144,random,additive,correct,25200,0.96,0.040000000000000036,200,192
N288_M144,random,additive,correct,25300,0.96,0.040000000000000036,200,192
N288_M144,random,additive,correct,25400,0.96,0.040000000000000036,200,192
N288_M144,random,additive,correct,25500,0.96,0.040000000000000036,200,192
N288_M144,random,additive,correct,25600,0.96,0.040000000000000036,200,192
N288_M144,random,gain_only,correct,0,0.0,1.0,200,0
N288_M144,random,gain_only,correct,100,0.0,1.0,200,0
N288_M144,random,gain_only,correct,200,0.0,1.0,200,0
N288_M144,random,gain_only,correct,300,0.0,1.0,200,0
N288_M144,random,gain_only,correct,400,0.0,1.0,200,0
N288_M144,random,gain_only,correct,500,0.0,1.0,200,0
N288_M144,random,gain_only,correct,600,0.0,1.0,200,0
N288_M144,random,gain_only,correct,700,0.0,1.0,200,0
N288_M144,random,gain_only,correct,800,0.0,1.0,200,0
N288_M144,random,gain_only,correct,900,0.0,1.0,200,0
N288_M144,random,gain_only,correct,1000,0.0,1.0,200,0
N288_M144,random,gain_only,correct,1100,0.0,1.0,200,0
N288_M144,random,gain_only,correct,1200,0.0,1.0,200,0
N288_M144,random,gain_only,correct,1300,0.0,1.0,200,0
N288_M144,random,gain_only,correct,1400,0.0,1.0,200,0
N288_M144,random,gain_only,correct,1500,0.0,1.0,200,0
N288_M144,random,gain_only,correct,1600,0.0,1.0,200,0
N288_M144,random,gain_only,correct,1700,0.0,1.0,200,0
N288_M144,random,gain_only,correct,1800,0.0,1.0,200,0
N288_M144,random,gain_only,correct,1900,0.0,1.0,200,0
N288_M144,random,gain_only,correct,2000,0.0,1.0,200,0
N288_M144,random,gain_only,correct,2100,0.0,1.0,200,0
N288_M144,random,gain_only,correct,2200,0.0,1.0,200,0
N288_M144,random,gain_only,correct,2300,0.0,1.0,200,0
N288_M144,random,gain_only,correct,2400,0.0,1.0,200,0
N288_M144,random,gain_only,correct,2500,0.0,1.0,200,0
N288_M144,random,gain_only,correct,2600,0.0,1.0,200,0
N288_M144,random,gain_only,correct,2700,0.0,1.0,200,0
N288_M144,random,gain_only,correct,2800,0.0,1.0,200,0
N288_M144,random,gain_only,correct,2900,0.0,1.0,200,0
N288_M144,random,gain_only,correct,3000,0.0,1.0,200,0
N288_M144,random,gain_only,correct,3100,0.0,1.0,200,0
N288_M144,random,gain_only,correct,3200,0.0,1.0,200,0
N288_M144,random,gain_only,correct,3300,0.0,1.0,200,0
N288_M144,random,gain_only,correct,3400,0.0,1.0,200,0
N288_M144,random,gain_only,correct,3500,0.0,1.0,200,0
N288_M144,random,gain_only,correct,3600,0.0,1.0,200,0
N288_M144,random,gain_only,correct,3700,0.0,1.0,200,0
N288_M144,random,gain_only,correct,3800,0.0,1.0,200,0
N288_M144,random,gain_only,correct,3900,0.0,1.0,200,0
N288_M144,random,gain_only,correct,4000,0.0,1.0,200,0
N288_M144,random,gain_only,correct,4100,0.0,1.0,200,0
N288_M144,random,gain_only,correct,4200,0.0,1.0,200,0
N288_M144,random,gain_only,correct,4300,0.0,1.0,200,0
N288_M144,random,gain_only,correct,4400,0.0,1.0,200,0
N288_M144,random,gain_only,correct,4500,0.0,1.0,200,0
N288_M144,random,gain_only,correct,4600,0.0,1.0,200,0
N288_M144,random,gain_only,correct,4700,0.0,1.0,200,0
N288_M144,random,gain_only,correct,4800,0.0,1.0,200,0
N288_M144,random,gain_only,correct,4900,0.0,1.0,200,0
N288_M144,random,gain_only,correct,5000,0.0,1.0,200,0
N288_M144,random,gain_only,correct,5100,0.0,1.0,200,0
N288_M144,random,gain_only,correct,5200,0.0,1.0,200,0
N288_M144,random,gain_only,correct,5300,0.0,1.0,200,0
N288_M144,random,gain_only,correct,5400,0.0,1.0,200,0
N288_M144,random,gain_only,correct,5500,0.0,1.0,200,0
N288_M144,random,gain_only,correct,5600,0.0,1.0,200,0
N288_M144,random,gain_only,correct,5700,0.0,1.0,200,0
N288_M144,random,gain_only,correct,5800,0.0,1.0,200,0
N288_M144,random,gain_only,correct,5900,0.0,1.0,200,0
N288_M144,random,gain_only,correct,6000,0.0,1.0,200,0
N288_M144,random,gain_only,correct,6100,0.0,1.0,200,0
N288_M144,random,gain_only,correct,6200,0.0,1.0,200,0
N288_M144,random,gain_only,correct,6300,0.0,1.0,200,0
N288_M144,random,gain_only,correct,6400,0.0,1.0,200,0
N288_M144,random,gain_only,correct,6500,0.0,1.0,200,0
N288_M144,random,gain_only,correct,6600,0.0,1.0,200,0
N288_M144,random,gain_only,correct,6700,0.0,1.0,200,0
N288_M144,random,gain_only,correct,6800,0.0,1.0,200,0
N288_M144,random,gain_only,correct,6900,0.0,1.0,200,0
N288_M144,random,gain_only,correct,7000,0.0,1.0,200,0
N288_M144,random,gain_only,correct,7100,0.0,1.0,200,0
N288_M144,random,gain_only,correct,7200,0.0,1.0,200,0
N288_M144,random,gain_only,correct,7300,0.0,1.0,200,0
N288_M144,random,gain_only,correct,7400,0.0,1.0,200,0
N288_M144,random,gain_only,correct,7500,0.0,1.0,200,0
N288_M144,random,gain_only,correct,7600,0.0,1.0,200,0
N288_M144,random,gain_only,correct,7700,0.0,1.0,200,0
N288_M144,random,gain_only,correct,7800,0.0,1.0,200,0
N288_M144,random,gain_only,correct,7900,0.0,1.0,200,0
N288_M144,random,gain_only,correct,8000,0.0,1.0,200,0
N288_M144,random,gain_only,correct,8100,0.0,1.0,200,0
N288_M144,random,gain_only,correct,8200,0.0,1.0,200,0
N288_M144,random,gain_only,correct,8300,0.0,1.0,200,0
N288_M144,random,gain_only,correct,8400,0.0,1.0,200,0
N288_M144,random,gain_only,correct,8500,0.0,1.0,200,0
N288_M144,random,gain_only,correct,8600,0.0,1.0,200,0
N288_M144,random,gain_only,correct,8700,0.0,1.0,200,0
N288_M144,random,gain_only,correct,8800,0.0,1.0,200,0
N288_M144,random,gain_only,correct,8900,0.0,1.0,200,0
N288_M144,random,gain_only,correct,9000,0.0,1.0,200,0
N288_M144,random,gain_only,correct,9100,0.0,1.0,200,0
N288_M144,random,gain_only,correct,9200,0.0,1.0,200,0
N288_M144,random,gain_only,correct,9300,0.0,1.0,200,0
N288_M144,random,gain_only,correct,9400,0.0,1.0,200,0
N288_M144,random,gain_only,correct,9500,0.0,1.0,200,0
N288_M144,random,gain_only,correct,9600,0.0,1.0,200,0
N288_M144,random,gain_only,correct,9700,0.0,1.0,200,0
N288_M144,random,gain_only,correct,9800,0.0,1.0,200,0
N288_M144,random,gain_only,correct,9900,0.0,1.0,200,0
N288_M144,random,gain_only,correct,10000,0.0,1.0,200,0
N288_M144,random,gain_only,correct,10100,0.0,1.0,200,0
N288_M144,random,gain_only,correct,10200,0.0,1.0,200,0
N288_M144,random,gain_only,correct,10300,0.0,1.0,200,0
N288_M144,random,gain_only,correct,10400,0.0,1.0,200,0
N288_M144,random,gain_only,correct,10500,0.0,1.0,200,0
N288_M144,random,gain_only,correct,10600,0.0,1.0,200,0
N288_M144,random,gain_only,correct,10700,0.0,1.0,200,0
N288_M144,random,gain_only,correct,10800,0.0,1.0,200,0
N288_M144,random,gain_only,correct,10900,0.0,1.0,200,0
N288_M144,random,gain_only,correct,11000,0.0,1.0,200,0
N288_M144,random,gain_only,correct,11100,0.0,1.0,200,0
N288_M144,random,gain_only,correct,11200,0.0,1.0,200,0
N288_M144,random,gain_only,correct,11300,0.0,1.0,200,0
N288_M144,random,gain_only,correct,11400,0.0,1.0,200,0
N288_M144,random,gain_only,correct,11500,0.0,1.0,200,0
N288_M144,random,gain_only,correct,11600,0.0,1.0,200,0
N288_M144,random,gain_only,correct,11700,0.0,1.0,200,0
N288_M144,random,gain_only,correct,11800,0.0,1.0,200,0
N288_M144,random,gain_only,correct,11900,0.0,1.0,200,0
N288_M144,random,gain_only,correct,12000,0.0,1.0,200,0
N288_M144,random,gain_only,correct,12100,0.0,1.0,200,0
N288_M144,random,gain_only,correct,12200,0.0,1.0,200,0
N288_M144,random,gain_only,correct,12300,0.0,1.0,200,0
N288_M144,random,gain_only,correct,12400,0.0,1.0,200,0
N288_M144,random,gain_only,correct,12500,0.0,1.0,200,0
N288_M144,random,gain_only,correct,12600,0.0,1.0,200,0
N288_M144,random,gain_only,correct,12700,0.0,1.0,200,0
N288_M144,random,gain_only,correct,12800,0.0,1.0,200,0
N288_M144,random,gain_only,correct,12900,0.0,1.0,200,0
N288_M144,random,gain_only,correct,13000,0.0,1.0,200,0
N288_M144,random,gain_only,correct,13100,0.0,1.0,200,0
N288_M144,random,gain_only,correct,13200,0.0,1.0,200,0
N288_M144,random,gain_only,correct,13300,0.0,1.0,200,0
N288_M144,random,gain_only,correct,13400,0.0,1.0,200,0
N288_M144,random,gain_only,correct,13500,0.0,1.0,200,0
N288_M144,random,gain_only,correct,13600,0.0,1.0,200,0
N288_M144,random,gain_only,correct,13700,0.0,1.0,200,0
N288_M144,random,gain_only,correct,13800,0.0,1.0,200,0
N288_M144,random,gain_only,correct,13900,0.0,1.0,200,0
N288_M144,random,gain_only,correct,14000,0.0,1.0,200,0
N288_M144,random,gain_only,correct,14100,0.0,1.0,200,0
N288_M144,random,gain_only,correct,14200,0.0,1.0,200,0
N288_M144,random,gain_only,correct,14300,0.0,1.0,200,0
N288_M144,random,gain_only,correct,14400,0.0,1.0,200,0
N288_M144,random,gain_only,correct,14500,0.0,1.0,200,0
N288_M144,random,gain_only,correct,14600,0.0,1.0,200,0
N288_M144,random,gain_only,correct,14700,0.0,1.0,200,0
N288_M144,random,gain_only,correct,14800,0.0,1.0,200,0
N288_M144,random,gain_only,correct,14900,0.0,1.0,200,0
N288_M144,random,gain_only,correct,15000,0.0,1.0,200,0
N288_M144,random,gain_only,correct,15100,0.0,1.0,200,0
N288_M144,random,gain_only,correct,15200,0.0,1.0,200,0
N288_M144,random,gain_only,correct,15300,0.0,1.0,200,0
N288_M144,random,gain_only,correct,15400,0.0,1.0,200,0
N288_M144,random,gain_only,correct,15500,0.0,1.0,200,0
N288_M144,random,gain_only,correct,15600,0.0,1.0,200,0
N288_M144,random,gain_only,correct,15700,0.0,1.0,200,0
N288_M144,random,gain_only,correct,15800,0.0,1.0,200,0
N288_M144,random,gain_only,correct,15900,0.0,1.0,200,0
N288_M144,random,gain_only,correct,16000,0.0,1.0,200,0
N288_M144,random,gain_only,correct,16100,0.0,1.0,200,0
N288_M144,random,gain_only,correct,16200,0.0,1.0,200,0
N288_M144,random,gain_only,correct,16300,0.0,1.0,200,0
N288_M144,random,gain_only,correct,16400,0.0,1.0,200,0
N288_M144,random,gain_only,correct,16500,0.0,1.0,200,0
N288_M144,random,gain_only,correct,16600,0.0,1.0,200,0
N288_M144,random,gain_only,correct,16700,0.0,1.0,200,0
N288_M144,random,gain_only,correct,16800,0.0,1.0,200,0
N288_M144,random,gain_only,correct,16900,0.0,1.0,200,0
N288_M144,random,gain_only,correct,17000,0.0,1.0,200,0
N288_M144,random,gain_only,correct,17100,0.0,1.0,200,0
N288_M144,random,gain_only,correct,17200,0.0,1.0,200,0
N288_M144,random,gain_only,correct,17300,0.0,1.0,200,0
N288_M144,random,gain_only,correct,17400,0.0,1.0,200,0
N288_M144,random,gain_only,correct,17500,0.0,1.0,200,0
N288_M144,random,gain_only,correct,17600,0.0,1.0,200,0
N288_M144,random,gain_only,correct,17700,0.0,1.0,200,0
N288_M144,random,gain_only,correct,17800,0.0,1.0,200,0
N288_M144,random,gain_only,correct,17900,0.0,1.0,200,0
N288_M144,random,gain_only,correct,18000,0.0,1.0,200,0
N288_M144,random,gain_only,correct,18100,0.0,1.0,200,0
N288_M144,random,gain_only,correct,18200,0.0,1.0,200,0
N288_M144,random,gain_only,correct,18300,0.0,1.0,200,0
N288_M144,random,gain_only,correct,18400,0.0,1.0,200,0
N288_M144,random,gain_only,correct,18500,0.0,1.0,200,0
N288_M144,random,gain_only,correct,18600,0.0,1.0,200,0
N288_M144,random,gain_only,correct,18700,0.0,1.0,200,0
N288_M144,random,gain_only,correct,18800,0.0,1.0,200,0
N288_M144,random,gain_only,correct,18900,0.0,1.0,200,0
N288_M144,random,gain_only,correct,19000,0.0,1.0,200,0
N288_M144,random,gain_only,correct,19100,0.0,1.0,200,0
N288_M144,random,gain_only,correct,19200,0.0,1.0,200,0
N288_M144,random,gain_only,correct,19300,0.0,1.0,200,0
N288_M144,random,gain_only,correct,19400,0.0,1.0,200,0
N288_M144,random,gain_only,correct,19500,0.0,1.0,200,0
N288_M144,random,gain_only,correct,19600,0.0,1.0,200,0
N288_M144,random,gain_only,correct,19700,0.0,1.0,200,0
N288_M144,random,gain_only,correct,19800,0.0,1.0,200,0
N288_M144,random,gain_only,correct,19900,0.0,1.0,200,0
N288_M144,random,gain_only,correct,20000,0.0,1.0,200,0
N288_M144,random,gain_only,correct,20100,0.0,1.0,200,0
N288_M144,random,gain_only,correct,20200,0.0,1.0,200,0
N288_M144,random,gain_only,correct,20300,0.0,1.0,200,0
N288_M144,random,gain_only,correct,20400,0.0,1.0,200,0
N288_M144,random,gain_only,correct,20500,0.0,1.0,200,0
N288_M144,random,gain_only,correct,20600,0.0,1.0,200,0
N288_M144,random,gain_only,correct,20700,0.0,1.0,200,0
N288_M144,random,gain_only,correct,20800,0.0,1.0,200,0
N288_M144,random,gain_only,correct,20900,0.0,1.0,200,0
N288_M144,random,gain_only,correct,21000,0.0,1.0,200,0
N288_M144,random,gain_only,correct,21100,0.0,1.0,200,0
N288_M144,random,gain_only,correct,21200,0.0,1.0,200,0
N288_M144,random,gain_only,correct,21300,0.0,1.0,200,0
N288_M144,random,gain_only,correct,21400,0.0,1.0,200,0
N288_M144,random,gain_only,correct,21500,0.0,1.0,200,0
N288_M144,random,gain_only,correct,21600,0.0,1.0,200,0
N288_M144,random,gain_only,correct,21700,0.0,1.0,200,0
N288_M144,random,gain_only,correct,21800,0.0,1.0,200,0
N288_M144,random,gain_only,correct,21900,0.0,1.0,200,0
N288_M144,random,gain_only,correct,22000,0.0,1.0,200,0
N288_M144,random,gain_only,correct,22100,0.0,1.0,200,0
N288_M144,random,gain_only,correct,22200,0.0,1.0,200,0
N288_M144,random,gain_only,correct,22300,0.0,1.0,200,0
N288_M144,random,gain_only,correct,22400,0.0,1.0,200,0
N288_M144,random,gain_only,correct,22500,0.0,1.0,200,0
N288_M144,random,gain_only,correct,22600,0.0,1.0,200,0
N288_M144,random,gain_only,correct,22700,0.0,1.0,200,0
N288_M144,random,gain_only,correct,22800,0.0,1.0,200,0
N288_M144,random,gain_only,correct,22900,0.0,1.0,200,0
N288_M144,random,gain_only,correct,23000,0.0,1.0,200,0
N288_M144,random,gain_only,correct,23100,0.0,1.0,200,0
N288_M144,random,gain_only,correct,23200,0.0,1.0,200,0
N288_M144,random,gain_only,correct,23300,0.0,1.0,200,0
N288_M144,random,gain_only,correct,23400,0.0,1.0,200,0
N288_M144,random,gain_only,correct,23500,0.0,1.0,200,0
N288_M144,random,gain_only,correct,23600,0.0,1.0,200,0
N288_M144,random,gain_only,correct,23700,0.0,1.0,200,0
N288_M144,random,gain_only,correct,23800,0.0,1.0,200,0
N288_M144,random,gain_only,correct,23900,0.0,1.0,200,0
N288_M144,random,gain_only,correct,24000,0.0,1.0,200,0
N288_M144,random,gain_only,correct,24100,0.0,1.0,200,0
N288_M144,random,gain_only,correct,24200,0.0,1.0,200,0
N288_M144,random,gain_only,correct,24300,0.0,1.0,200,0
N288_M144,random,gain_only,correct,24400,0.0,1.0,200,0
N288_M144,random,gain_only,correct,24500,0.0,1.0,200,0
N288_M144,random,gain_only,correct,24600,0.0,1.0,200,0
N288_M144,random,gain_only,correct,24700,0.0,1.0,200,0
N288_M144,random,gain_only,correct,24800,0.0,1.0,200,0
N288_M144,random,gain_only,correct,24900,0.0,1.0,200,0
N288_M144,random,gain_only,correct,25000,0.0,1.0,200,0
N288_M144,random,gain_only,correct,25100,0.0,1.0,200,0
N288_M144,random,gain_only,correct,25200,0.0,1.0,200,0
N288_M144,random,gain_only,correct,25300,0.0,1.0,200,0
N288_M144,random,gain_only,correct,25400,0.0,1.0,200,0
N288_M144,random,gain_only,correct,25500,0.0,1.0,200,0
N288_M144,random,gain_only,correct,25600,0.0,1.0,200,0
N288_M144,random,pSA,correct,0,0.0,1.0,200,0
N288_M144,random,pSA,correct,100,0.0,1.0,200,0
N288_M144,random,pSA,correct,200,0.0,1.0,200,0
N288_M144,random,pSA,correct,300,0.0,1.0,200,0
N288_M144,random,pSA,correct,400,0.0,1.0,200,0
N288_M144,random,pSA,correct,500,0.0,1.0,200,0
N288_M144,random,pSA,correct,600,0.0,1.0,200,0
N288_M144,random,pSA,correct,700,0.0,1.0,200,0
N288_M144,random,pSA,correct,800,0.0,1.0,200,0
N288_M144,random,pSA,correct,900,0.0,1.0,200,0
N288_M144,random,pSA,correct,1000,0.0,1.0,200,0
N288_M144,random,pSA,correct,1100,0.0,1.0,200,0
N288_M144,random,pSA,correct,1200,0.0,1.0,200,0
N288_M144,random,pSA,correct,1300,0.0,1.0,200,0
N288_M144,random,pSA,correct,1400,0.0,1.0,200,0
N288_M144,random,pSA,correct,1500,0.0,1.0,200,0
N288_M144,random,pSA,correct,1600,0.0,1.0,200,0
N288_M144,random,pSA,correct,1700,0.0,1.0,200,0
N288_M144,random,pSA,correct,1800,0.0,1.0,200,0
N288_M144,random,pSA,correct,1900,0.0,1.0,200,0
N288_M144,random,pSA,correct,2000,0.0,1.0,200,0
N288_M144,random,pSA,correct,2100,0.0,1.0,200,0
N288_M144,random,pSA,correct,2200,0.0,1.0,200,0
N288_M144,random,pSA,correct,2300,0.0,1.0,200,0
N288_M144,random,pSA,correct,2400,0.0,1.0,200,0
N288_M144,random,pSA,correct,2500,0.0,1.0,200,0
N288_M144,random,pSA,correct,2600,0.0,1.0,200,0
N288_M144,random,pSA,correct,2700,0.0,1.0,200,0
N288_M144,random,pSA,correct,2800,0.0,1.0,200,0
N288_M144,random,pSA,correct,2900,0.0,1.0,200,0
N288_M144,random,pSA,correct,3000,0.0,1.0,200,0
N288_M144,random,pSA,correct,3100,0.0,1.0,200,0
N288_M144,random,pSA,correct,3200,0.0,1.0,200,0
N288_M144,random,pSA,correct,3300,0.0,1.0,200,0
N288_M144,random,pSA,correct,3400,0.0,1.0,200,0
N288_M144,random,pSA,correct,3500,0.0,1.0,200,0
N288_M144,random,pSA,correct,3600,0.0,1.0,200,0
N288_M144,random,pSA,correct,3700,0.0,1.0,200,0
N288_M144,random,pSA,correct,3800,0.0,1.0,200,0
N288_M144,random,pSA,correct,3900,0.0,1.0,200,0
N288_M144,random,pSA,correct,4000,0.0,1.0,200,0
N288_M144,random,pSA,correct,4100,0.0,1.0,200,0
N288_M144,random,pSA,correct,4200,0.0,1.0,200,0
N288_M144,random,pSA,correct,4300,0.0,1.0,200,0
N288_M144,random,pSA,correct,4400,0.0,1.0,200,0
N288_M144,random,pSA,correct,4500,0.0,1.0,200,0
N288_M144,random,pSA,correct,4600,0.0,1.0,200,0
N288_M144,random,pSA,correct,4700,0.0,1.0,200,0
N288_M144,random,pSA,correct,4800,0.0,1.0,200,0
N288_M144,random,pSA,correct,4900,0.0,1.0,200,0
N288_M144,random,pSA,correct,5000,0.0,1.0,200,0
N288_M144,random,pSA,correct,5100,0.0,1.0,200,0
N288_M144,random,pSA,correct,5200,0.0,1.0,200,0
N288_M144,random,pSA,correct,5300,0.0,1.0,200,0
N288_M144,random,pSA,correct,5400,0.0,1.0,200,0
N288_M144,random,pSA,correct,5500,0.0,1.0,200,0
N288_M144,random,pSA,correct,5600,0.0,1.0,200,0
N288_M144,random,pSA,correct,5700,0.0,1.0,200,0
N288_M144,random,pSA,correct,5800,0.0,1.0,200,0
N288_M144,random,pSA,correct,5900,0.0,1.0,200,0
N288_M144,random,pSA,correct,6000,0.0,1.0,200,0
N288_M144,random,pSA,correct,6100,0.0,1.0,200,0
N288_M144,random,pSA,correct,6200,0.0,1.0,200,0
N288_M144,random,pSA,correct,6300,0.0,1.0,200,0
N288_M144,random,pSA,correct,6400,0.0,1.0,200,0
N288_M144,random,pSA,correct,6500,0.0,1.0,200,0
N288_M144,random,pSA,correct,6600,0.0,1.0,200,0
N288_M144,random,pSA,correct,6700,0.0,1.0,200,0
N288_M144,random,pSA,correct,6800,0.0,1.0,200,0
N288_M144,random,pSA,correct,6900,0.0,1.0,200,0
N288_M144,random,pSA,correct,7000,0.0,1.0,200,0
N288_M144,random,pSA,correct,7100,0.0,1.0,200,0
N288_M144,random,pSA,correct,7200,0.0,1.0,200,0
N288_M144,random,pSA,correct,7300,0.0,1.0,200,0
N288_M144,random,pSA,correct,7400,0.0,1.0,200,0
N288_M144,random,pSA,correct,7500,0.0,1.0,200,0
N288_M144,random,pSA,correct,7600,0.0,1.0,200,0
N288_M144,random,pSA,correct,7700,0.0,1.0,200,0
N288_M144,random,pSA,correct,7800,0.0,1.0,200,0
N288_M144,random,pSA,correct,7900,0.0,1.0,200,0
N288_M144,random,pSA,correct,8000,0.0,1.0,200,0
N288_M144,random,pSA,correct,8100,0.0,1.0,200,0
N288_M144,random,pSA,correct,8200,0.0,1.0,200,0
N288_M144,random,pSA,correct,8300,0.0,1.0,200,0
N288_M144,random,pSA,correct,8400,0.0,1.0,200,0
N288_M144,random,pSA,correct,8500,0.0,1.0,200,0
N288_M144,random,pSA,correct,8600,0.0,1.0,200,0
N288_M144,random,pSA,correct,8700,0.0,1.0,200,0
N288_M144,random,pSA,correct,8800,0.0,1.0,200,0
N288_M144,random,pSA,correct,8900,0.0,1.0,200,0
N288_M144,random,pSA,correct,9000,0.0,1.0,200,0
N288_M144,random,pSA,correct,9100,0.0,1.0,200,0
N288_M144,random,pSA,correct,9200,0.0,1.0,200,0
N288_M144,random,pSA,correct,9300,0.0,1.0,200,0
N288_M144,random,pSA,correct,9400,0.0,1.0,200,0
N288_M144,random,pSA,correct,9500,0.0,1.0,200,0
N288_M144,random,pSA,correct,9600,0.0,1.0,200,0
N288_M144,random,pSA,correct,9700,0.0,1.0,200,0
N288_M144,random,pSA,correct,9800,0.0,1.0,200,0
N288_M144,random,pSA,correct,9900,0.0,1.0,200,0
N288_M144,random,pSA,correct,10000,0.0,1.0,200,0
N288_M144,random,pSA,correct,10100,0.0,1.0,200,0
N288_M144,random,pSA,correct,10200,0.0,1.0,200,0
N288_M144,random,pSA,correct,10300,0.0,1.0,200,0
N288_M144,random,pSA,correct,10400,0.0,1.0,200,0
N288_M144,random,pSA,correct,10500,0.0,1.0,200,0
N288_M144,random,pSA,correct,10600,0.0,1.0,200,0
N288_M144,random,pSA,correct,10700,0.0,1.0,200,0
N288_M144,random,pSA,correct,10800,0.0,1.0,200,0
N288_M144,random,pSA,correct,10900,0.0,1.0,200,0
N288_M144,random,pSA,correct,11000,0.0,1.0,200,0
N288_M144,random,pSA,correct,11100,0.0,1.0,200,0
N288_M144,random,pSA,correct,11200,0.0,1.0,200,0
N288_M144,random,pSA,correct,11300,0.0,1.0,200,0
N288_M144,random,pSA,correct,11400,0.0,1.0,200,0
N288_M144,random,pSA,correct,11500,0.0,1.0,200,0
N288_M144,random,pSA,correct,11600,0.0,1.0,200,0
N288_M144,random,pSA,correct,11700,0.0,1.0,200,0
N288_M144,random,pSA,correct,11800,0.0,1.0,200,0
N288_M144,random,pSA,correct,11900,0.0,1.0,200,0
N288_M144,random,pSA,correct,12000,0.0,1.0,200,0
N288_M144,random,pSA,correct,12100,0.0,1.0,200,0
N288_M144,random,pSA,correct,12200,0.0,1.0,200,0
N288_M144,random,pSA,correct,12300,0.0,1.0,200,0
N288_M144,random,pSA,correct,12400,0.0,1.0,200,0
N288_M144,random,pSA,correct,12500,0.0,1.0,200,0
N288_M144,random,pSA,correct,12600,0.0,1.0,200,0
N288_M144,random,pSA,correct,12700,0.0,1.0,200,0
N288_M144,random,pSA,correct,12800,0.0,1.0,200,0
N288_M144,random,pSA,correct,12900,0.0,1.0,200,0
N288_M144,random,pSA,correct,13000,0.0,1.0,200,0
N288_M144,random,pSA,correct,13100,0.0,1.0,200,0
N288_M144,random,pSA,correct,13200,0.0,1.0,200,0
N288_M144,random,pSA,correct,13300,0.0,1.0,200,0
N288_M144,random,pSA,correct,13400,0.0,1.0,200,0
N288_M144,random,pSA,correct,13500,0.0,1.0,200,0
N288_M144,random,pSA,correct,13600,0.0,1.0,200,0
N288_M144,random,pSA,correct,13700,0.0,1.0,200,0
N288_M144,random,pSA,correct,13800,0.0,1.0,200,0
N288_M144,random,pSA,correct,13900,0.0,1.0,200,0
N288_M144,random,pSA,correct,14000,0.0,1.0,200,0
N288_M144,random,pSA,correct,14100,0.0,1.0,200,0
N288_M144,random,pSA,correct,14200,0.0,1.0,200,0
N288_M144,random,pSA,correct,14300,0.0,1.0,200,0
N288_M144,random,pSA,correct,14400,0.0,1.0,200,0
N288_M144,random,pSA,correct,14500,0.0,1.0,200,0
N288_M144,random,pSA,correct,14600,0.0,1.0,200,0
N288_M144,random,pSA,correct,14700,0.0,1.0,200,0
N288_M144,random,pSA,correct,14800,0.0,1.0,200,0
N288_M144,random,pSA,correct,14900,0.0,1.0,200,0
N288_M144,random,pSA,correct,15000,0.0,1.0,200,0
N288_M144,random,pSA,correct,15100,0.0,1.0,200,0
N288_M144,random,pSA,correct,15200,0.0,1.0,200,0
N288_M144,random,pSA,correct,15300,0.0,1.0,200,0
N288_M144,random,pSA,correct,15400,0.0,1.0,200,0
N288_M144,random,pSA,correct,15500,0.0,1.0,200,0
N288_M144,random,pSA,correct,15600,0.0,1.0,200,0
N288_M144,random,pSA,correct,15700,0.0,1.0,200,0
N288_M144,random,pSA,correct,15800,0.0,1.0,200,0
N288_M144,random,pSA,correct,15900,0.0,1.0,200,0
N288_M144,random,pSA,correct,16000,0.0,1.0,200,0
N288_M144,random,pSA,correct,16100,0.0,1.0,200,0
N288_M144,random,pSA,correct,16200,0.0,1.0,200,0
N288_M144,random,pSA,correct,16300,0.0,1.0,200,0
N288_M144,random,pSA,correct,16400,0.0,1.0,200,0
N288_M144,random,pSA,correct,16500,0.0,1.0,200,0
N288_M144,random,pSA,correct,16600,0.0,1.0,200,0
N288_M144,random,pSA,correct,16700,0.0,1.0,200,0
N288_M144,random,pSA,correct,16800,0.0,1.0,200,0
N288_M144,random,pSA,correct,16900,0.0,1.0,200,0
N288_M144,random,pSA,correct,17000,0.0,1.0,200,0
N288_M144,random,pSA,correct,17100,0.0,1.0,200,0
N288_M144,random,pSA,correct,17200,0.0,1.0,200,0
N288_M144,random,pSA,correct,17300,0.0,1.0,200,0
N288_M144,random,pSA,correct,17400,0.0,1.0,200,0
N288_M144,random,pSA,correct,17500,0.0,1.0,200,0
N288_M144,random,pSA,correct,17600,0.0,1.0,200,0
N288_M144,random,pSA,correct,17700,0.0,1.0,200,0
N288_M144,random,pSA,correct,17800,0.0,1.0,200,0
N288_M144,random,pSA,correct,17900,0.0,1.0,200,0
N288_M144,random,pSA,correct,18000,0.0,1.0,200,0
N288_M144,random,pSA,correct,18100,0.0,1.0,200,0
N288_M144,random,pSA,correct,18200,0.0,1.0,200,0
N288_M144,random,pSA,correct,18300,0.0,1.0,200,0
N288_M144,random,pSA,correct,18400,0.0,1.0,200,0
N288_M144,random,pSA,correct,18500,0.0,1.0,200,0
N288_M144,random,pSA,correct,18600,0.0,1.0,200,0
N288_M144,random,pSA,correct,18700,0.0,1.0,200,0
N288_M144,random,pSA,correct,18800,0.0,1.0,200,0
N288_M144,random,pSA,correct,18900,0.0,1.0,200,0
N288_M144,random,pSA,correct,19000,0.0,1.0,200,0
N288_M144,random,pSA,correct,19100,0.0,1.0,200,0
N288_M144,random,pSA,correct,19200,0.0,1.0,200,0
N288_M144,random,pSA,correct,19300,0.0,1.0,200,0
N288_M144,random,pSA,correct,19400,0.0,1.0,200,0
N288_M144,random,pSA,correct,19500,0.0,1.0,200,0
N288_M144,random,pSA,correct,19600,0.0,1.0,200,0
N288_M144,random,pSA,correct,19700,0.0,1.0,200,0
N288_M144,random,pSA,correct,19800,0.0,1.0,200,0
N288_M144,random,pSA,correct,19900,0.0,1.0,200,0
N288_M144,random,pSA,correct,20000,0.0,1.0,200,0
N288_M144,random,pSA,correct,20100,0.0,1.0,200,0
N288_M144,random,pSA,correct,20200,0.0,1.0,200,0
N288_M144,random,pSA,correct,20300,0.0,1.0,200,0
N288_M144,random,pSA,correct,20400,0.0,1.0,200,0
N288_M144,random,pSA,correct,20500,0.0,1.0,200,0
N288_M144,random,pSA,correct,20600,0.0,1.0,200,0
N288_M144,random,pSA,correct,20700,0.0,1.0,200,0
N288_M144,random,pSA,correct,20800,0.0,1.0,200,0
N288_M144,random,pSA,correct,20900,0.0,1.0,200,0
N288_M144,random,pSA,correct,21000,0.0,1.0,200,0
N288_M144,random,pSA,correct,21100,0.0,1.0,200,0
N288_M144,random,pSA,correct,21200,0.0,1.0,200,0
N288_M144,random,pSA,correct,21300,0.0,1.0,200,0
N288_M144,random,pSA,correct,21400,0.0,1.0,200,0
N288_M144,random,pSA,correct,21500,0.0,1.0,200,0
N288_M144,random,pSA,correct,21600,0.0,1.0,200,0
N288_M144,random,pSA,correct,21700,0.0,1.0,200,0
N288_M144,random,pSA,correct,21800,0.0,1.0,200,0
N288_M144,random,pSA,correct,21900,0.0,1.0,200,0
N288_M144,random,pSA,correct,22000,0.0,1.0,200,0
N288_M144,random,pSA,correct,22100,0.0,1.0,200,0
N288_M144,random,pSA,correct,22200,0.0,1.0,200,0
N288_M144,random,pSA,correct,22300,0.0,1.0,200,0
N288_M144,random,pSA,correct,22400,0.0,1.0,200,0
N288_M144,random,pSA,correct,22500,0.0,1.0,200,0
N288_M144,random,pSA,correct,22600,0.0,1.0,200,0
N288_M144,random,pSA,correct,22700,0.0,1.0,200,0
N288_M144,random,pSA,correct,22800,0.0,1.0,200,0
N288_M144,random,pSA,correct,22900,0.0,1.0,200,0
N288_M144,random,pSA,correct,23000,0.0,1.0,200,0
N288_M144,random,pSA,correct,23100,0.0,1.0,200,0
N288_M144,random,pSA,correct,23200,0.0,1.0,200,0
N288_M144,random,pSA,correct,23300,0.0,1.0,200,0
N288_M144,random,pSA,correct,23400,0.0,1.0,200,0
N288_M144,random,pSA,correct,23500,0.0,1.0,200,0
N288_M144,random,pSA,correct,23600,0.0,1.0,200,0
N288_M144,random,pSA,correct,23700,0.0,1.0,200,0
N288_M144,random,pSA,correct,23800,0.0,1.0,200,0
N288_M144,random,pSA,correct,23900,0.0,1.0,200,0
N288_M144,random,pSA,correct,24000,0.0,1.0,200,0
N288_M144,random,pSA,correct,24100,0.0,1.0,200,0
N288_M144,random,pSA,correct,24200,0.0,1.0,200,0
N288_M144,random,pSA,correct,24300,0.0,1.0,200,0
N288_M144,random,pSA,correct,24400,0.0,1.0,200,0
N288_M144,random,pSA,correct,24500,0.0,1.0,200,0
N288_M144,random,pSA,correct,24600,0.0,1.0,200,0
N288_M144,random,pSA,correct,24700,0.0,1.0,200,0
N288_M144,random,pSA,correct,24800,0.0,1.0,200,0
N288_M144,random,pSA,correct,24900,0.0,1.0,200,0
N288_M144,random,pSA,correct,25000,0.0,1.0,200,0
N288_M144,random,pSA,correct,25100,0.0,1.0,200,0
N288_M144,random,pSA,correct,25200,0.0,1.0,200,0
N288_M144,random,pSA,correct,25300,0.0,1.0,200,0
N288_M144,random,pSA,correct,25400,0.0,1.0,200,0
N288_M144,random,pSA,correct,25500,0.0,1.0,200,0
N288_M144,random,pSA,correct,25600,0.0,1.0,200,0
N288_M144,random,shuffled,correct,0,0.0,1.0,200,0
N288_M144,random,shuffled,correct,100,0.0,1.0,200,0
N288_M144,random,shuffled,correct,200,0.0,1.0,200,0
N288_M144,random,shuffled,correct,300,0.0,1.0,200,0
N288_M144,random,shuffled,correct,400,0.0,1.0,200,0
N288_M144,random,shuffled,correct,500,0.0,1.0,200,0
N288_M144,random,shuffled,correct,600,0.0,1.0,200,0
N288_M144,random,shuffled,correct,700,0.0,1.0,200,0
N288_M144,random,shuffled,correct,800,0.0,1.0,200,0
N288_M144,random,shuffled,correct,900,0.0,1.0,200,0
N288_M144,random,shuffled,correct,1000,0.0,1.0,200,0
N288_M144,random,shuffled,correct,1100,0.0,1.0,200,0
N288_M144,random,shuffled,correct,1200,0.0,1.0,200,0
N288_M144,random,shuffled,correct,1300,0.0,1.0,200,0
N288_M144,random,shuffled,correct,1400,0.0,1.0,200,0
N288_M144,random,shuffled,correct,1500,0.0,1.0,200,0
N288_M144,random,shuffled,correct,1600,0.0,1.0,200,0
N288_M144,random,shuffled,correct,1700,0.0,1.0,200,0
N288_M144,random,shuffled,correct,1800,0.0,1.0,200,0
N288_M144,random,shuffled,correct,1900,0.0,1.0,200,0
N288_M144,random,shuffled,correct,2000,0.0,1.0,200,0
N288_M144,random,shuffled,correct,2100,0.0,1.0,200,0
N288_M144,random,shuffled,correct,2200,0.0,1.0,200,0
N288_M144,random,shuffled,correct,2300,0.0,1.0,200,0
N288_M144,random,shuffled,correct,2400,0.0,1.0,200,0
N288_M144,random,shuffled,correct,2500,0.0,1.0,200,0
N288_M144,random,shuffled,correct,2600,0.0,1.0,200,0
N288_M144,random,shuffled,correct,2700,0.0,1.0,200,0
N288_M144,random,shuffled,correct,2800,0.0,1.0,200,0
N288_M144,random,shuffled,correct,2900,0.0,1.0,200,0
N288_M144,random,shuffled,correct,3000,0.0,1.0,200,0
N288_M144,random,shuffled,correct,3100,0.0,1.0,200,0
N288_M144,random,shuffled,correct,3200,0.0,1.0,200,0
N288_M144,random,shuffled,correct,3300,0.0,1.0,200,0
N288_M144,random,shuffled,correct,3400,0.0,1.0,200,0
N288_M144,random,shuffled,correct,3500,0.0,1.0,200,0
N288_M144,random,shuffled,correct,3600,0.0,1.0,200,0
N288_M144,random,shuffled,correct,3700,0.0,1.0,200,0
N288_M144,random,shuffled,correct,3800,0.0,1.0,200,0
N288_M144,random,shuffled,correct,3900,0.0,1.0,200,0
N288_M144,random,shuffled,correct,4000,0.0,1.0,200,0
N288_M144,random,shuffled,correct,4100,0.0,1.0,200,0
N288_M144,random,shuffled,correct,4200,0.0,1.0,200,0
N288_M144,random,shuffled,correct,4300,0.0,1.0,200,0
N288_M144,random,shuffled,correct,4400,0.0,1.0,200,0
N288_M144,random,shuffled,correct,4500,0.0,1.0,200,0
N288_M144,random,shuffled,correct,4600,0.0,1.0,200,0
N288_M144,random,shuffled,correct,4700,0.0,1.0,200,0
N288_M144,random,shuffled,correct,4800,0.0,1.0,200,0
N288_M144,random,shuffled,correct,4900,0.0,1.0,200,0
N288_M144,random,shuffled,correct,5000,0.0,1.0,200,0
N288_M144,random,shuffled,correct,5100,0.0,1.0,200,0
N288_M144,random,shuffled,correct,5200,0.0,1.0,200,0
N288_M144,random,shuffled,correct,5300,0.0,1.0,200,0
N288_M144,random,shuffled,correct,5400,0.0,1.0,200,0
N288_M144,random,shuffled,correct,5500,0.0,1.0,200,0
N288_M144,random,shuffled,correct,5600,0.0,1.0,200,0
N288_M144,random,shuffled,correct,5700,0.0,1.0,200,0
N288_M144,random,shuffled,correct,5800,0.0,1.0,200,0
N288_M144,random,shuffled,correct,5900,0.0,1.0,200,0
N288_M144,random,shuffled,correct,6000,0.0,1.0,200,0
N288_M144,random,shuffled,correct,6100,0.0,1.0,200,0
N288_M144,random,shuffled,correct,6200,0.0,1.0,200,0
N288_M144,random,shuffled,correct,6300,0.0,1.0,200,0
N288_M144,random,shuffled,correct,6400,0.0,1.0,200,0
N288_M144,random,shuffled,correct,6500,0.0,1.0,200,0
N288_M144,random,shuffled,correct,6600,0.0,1.0,200,0
N288_M144,random,shuffled,correct,6700,0.0,1.0,200,0
N288_M144,random,shuffled,correct,6800,0.0,1.0,200,0
N288_M144,random,shuffled,correct,6900,0.0,1.0,200,0
N288_M144,random,shuffled,correct,7000,0.0,1.0,200,0
N288_M144,random,shuffled,correct,7100,0.0,1.0,200,0
N288_M144,random,shuffled,correct,7200,0.0,1.0,200,0
N288_M144,random,shuffled,correct,7300,0.0,1.0,200,0
N288_M144,random,shuffled,correct,7400,0.0,1.0,200,0
N288_M144,random,shuffled,correct,7500,0.0,1.0,200,0
N288_M144,random,shuffled,correct,7600,0.0,1.0,200,0
N288_M144,random,shuffled,correct,7700,0.0,1.0,200,0
N288_M144,random,shuffled,correct,7800,0.0,1.0,200,0
N288_M144,random,shuffled,correct,7900,0.0,1.0,200,0
N288_M144,random,shuffled,correct,8000,0.0,1.0,200,0
N288_M144,random,shuffled,correct,8100,0.0,1.0,200,0
N288_M144,random,shuffled,correct,8200,0.0,1.0,200,0
N288_M144,random,shuffled,correct,8300,0.0,1.0,200,0
N288_M144,random,shuffled,correct,8400,0.0,1.0,200,0
N288_M144,random,shuffled,correct,8500,0.0,1.0,200,0
N288_M144,random,shuffled,correct,8600,0.0,1.0,200,0
N288_M144,random,shuffled,correct,8700,0.0,1.0,200,0
N288_M144,random,shuffled,correct,8800,0.0,1.0,200,0
N288_M144,random,shuffled,correct,8900,0.0,1.0,200,0
N288_M144,random,shuffled,correct,9000,0.0,1.0,200,0
N288_M144,random,shuffled,correct,9100,0.0,1.0,200,0
N288_M144,random,shuffled,correct,9200,0.0,1.0,200,0
N288_M144,random,shuffled,correct,9300,0.0,1.0,200,0
N288_M144,random,shuffled,correct,9400,0.0,1.0,200,0
N288_M144,random,shuffled,correct,9500,0.0,1.0,200,0
N288_M144,random,shuffled,correct,9600,0.0,1.0,200,0
N288_M144,random,shuffled,correct,9700,0.0,1.0,200,0
N288_M144,random,shuffled,correct,9800,0.0,1.0,200,0
N288_M144,random,shuffled,correct,9900,0.0,1.0,200,0
N288_M144,random,shuffled,correct,10000,0.0,1.0,200,0
N288_M144,random,shuffled,correct,10100,0.0,1.0,200,0
N288_M144,random,shuffled,correct,10200,0.0,1.0,200,0
N288_M144,random,shuffled,correct,10300,0.0,1.0,200,0
N288_M144,random,shuffled,correct,10400,0.0,1.0,200,0
N288_M144,random,shuffled,correct,10500,0.0,1.0,200,0
N288_M144,random,shuffled,correct,10600,0.0,1.0,200,0
N288_M144,random,shuffled,correct,10700,0.0,1.0,200,0
N288_M144,random,shuffled,correct,10800,0.0,1.0,200,0
N288_M144,random,shuffled,correct,10900,0.0,1.0,200,0
N288_M144,random,shuffled,correct,11000,0.0,1.0,200,0
N288_M144,random,shuffled,correct,11100,0.0,1.0,200,0
N288_M144,random,shuffled,correct,11200,0.0,1.0,200,0
N288_M144,random,shuffled,correct,11300,0.0,1.0,200,0
N288_M144,random,shuffled,correct,11400,0.0,1.0,200,0
N288_M144,random,shuffled,correct,11500,0.0,1.0,200,0
N288_M144,random,shuffled,correct,11600,0.0,1.0,200,0
N288_M144,random,shuffled,correct,11700,0.0,1.0,200,0
N288_M144,random,shuffled,correct,11800,0.0,1.0,200,0
N288_M144,random,shuffled,correct,11900,0.0,1.0,200,0
N288_M144,random,shuffled,correct,12000,0.0,1.0,200,0
N288_M144,random,shuffled,correct,12100,0.0,1.0,200,0
N288_M144,random,shuffled,correct,12200,0.0,1.0,200,0
N288_M144,random,shuffled,correct,12300,0.0,1.0,200,0
N288_M144,random,shuffled,correct,12400,0.0,1.0,200,0
N288_M144,random,shuffled,correct,12500,0.0,1.0,200,0
N288_M144,random,shuffled,correct,12600,0.0,1.0,200,0
N288_M144,random,shuffled,correct,12700,0.0,1.0,200,0
N288_M144,random,shuffled,correct,12800,0.0,1.0,200,0
N288_M144,random,shuffled,correct,12900,0.0,1.0,200,0
N288_M144,random,shuffled,correct,13000,0.0,1.0,200,0
N288_M144,random,shuffled,correct,13100,0.0,1.0,200,0
N288_M144,random,shuffled,correct,13200,0.0,1.0,200,0
N288_M144,random,shuffled,correct,13300,0.0,1.0,200,0
N288_M144,random,shuffled,correct,13400,0.0,1.0,200,0
N288_M144,random,shuffled,correct,13500,0.0,1.0,200,0
N288_M144,random,shuffled,correct,13600,0.0,1.0,200,0
N288_M144,random,shuffled,correct,13700,0.0,1.0,200,0
N288_M144,random,shuffled,correct,13800,0.0,1.0,200,0
N288_M144,random,shuffled,correct,13900,0.0,1.0,200,0
N288_M144,random,shuffled,correct,14000,0.0,1.0,200,0
N288_M144,random,shuffled,correct,14100,0.0,1.0,200,0
N288_M144,random,shuffled,correct,14200,0.0,1.0,200,0
N288_M144,random,shuffled,correct,14300,0.0,1.0,200,0
N288_M144,random,shuffled,correct,14400,0.0,1.0,200,0
N288_M144,random,shuffled,correct,14500,0.0,1.0,200,0
N288_M144,random,shuffled,correct,14600,0.0,1.0,200,0
N288_M144,random,shuffled,correct,14700,0.0,1.0,200,0
N288_M144,random,shuffled,correct,14800,0.0,1.0,200,0
N288_M144,random,shuffled,correct,14900,0.0,1.0,200,0
N288_M144,random,shuffled,correct,15000,0.0,1.0,200,0
N288_M144,random,shuffled,correct,15100,0.0,1.0,200,0
N288_M144,random,shuffled,correct,15200,0.0,1.0,200,0
N288_M144,random,shuffled,correct,15300,0.0,1.0,200,0
N288_M144,random,shuffled,correct,15400,0.0,1.0,200,0
N288_M144,random,shuffled,correct,15500,0.0,1.0,200,0
N288_M144,random,shuffled,correct,15600,0.0,1.0,200,0
N288_M144,random,shuffled,correct,15700,0.0,1.0,200,0
N288_M144,random,shuffled,correct,15800,0.0,1.0,200,0
N288_M144,random,shuffled,correct,15900,0.0,1.0,200,0
N288_M144,random,shuffled,correct,16000,0.0,1.0,200,0
N288_M144,random,shuffled,correct,16100,0.0,1.0,200,0
N288_M144,random,shuffled,correct,16200,0.0,1.0,200,0
N288_M144,random,shuffled,correct,16300,0.0,1.0,200,0
N288_M144,random,shuffled,correct,16400,0.0,1.0,200,0
N288_M144,random,shuffled,correct,16500,0.0,1.0,200,0
N288_M144,random,shuffled,correct,16600,0.0,1.0,200,0
N288_M144,random,shuffled,correct,16700,0.0,1.0,200,0
N288_M144,random,shuffled,correct,16800,0.0,1.0,200,0
N288_M144,random,shuffled,correct,16900,0.0,1.0,200,0
N288_M144,random,shuffled,correct,17000,0.0,1.0,200,0
N288_M144,random,shuffled,correct,17100,0.0,1.0,200,0
N288_M144,random,shuffled,correct,17200,0.0,1.0,200,0
N288_M144,random,shuffled,correct,17300,0.0,1.0,200,0
N288_M144,random,shuffled,correct,17400,0.0,1.0,200,0
N288_M144,random,shuffled,correct,17500,0.0,1.0,200,0
N288_M144,random,shuffled,correct,17600,0.0,1.0,200,0
N288_M144,random,shuffled,correct,17700,0.0,1.0,200,0
N288_M144,random,shuffled,correct,17800,0.0,1.0,200,0
N288_M144,random,shuffled,correct,17900,0.0,1.0,200,0
N288_M144,random,shuffled,correct,18000,0.0,1.0,200,0
N288_M144,random,shuffled,correct,18100,0.0,1.0,200,0
N288_M144,random,shuffled,correct,18200,0.0,1.0,200,0
N288_M144,random,shuffled,correct,18300,0.0,1.0,200,0
N288_M144,random,shuffled,correct,18400,0.0,1.0,200,0
N288_M144,random,shuffled,correct,18500,0.0,1.0,200,0
N288_M144,random,shuffled,correct,18600,0.0,1.0,200,0
N288_M144,random,shuffled,correct,18700,0.0,1.0,200,0
N288_M144,random,shuffled,correct,18800,0.0,1.0,200,0
N288_M144,random,shuffled,correct,18900,0.0,1.0,200,0
N288_M144,random,shuffled,correct,19000,0.0,1.0,200,0
N288_M144,random,shuffled,correct,19100,0.0,1.0,200,0
N288_M144,random,shuffled,correct,19200,0.0,1.0,200,0
N288_M144,random,shuffled,correct,19300,0.0,1.0,200,0
N288_M144,random,shuffled,correct,19400,0.0,1.0,200,0
N288_M144,random,shuffled,correct,19500,0.0,1.0,200,0
N288_M144,random,shuffled,correct,19600,0.0,1.0,200,0
N288_M144,random,shuffled,correct,19700,0.0,1.0,200,0
N288_M144,random,shuffled,correct,19800,0.0,1.0,200,0
N288_M144,random,shuffled,correct,19900,0.0,1.0,200,0
N288_M144,random,shuffled,correct,20000,0.0,1.0,200,0
N288_M144,random,shuffled,correct,20100,0.0,1.0,200,0
N288_M144,random,shuffled,correct,20200,0.0,1.0,200,0
N288_M144,random,shuffled,correct,20300,0.0,1.0,200,0
N288_M144,random,shuffled,correct,20400,0.0,1.0,200,0
N288_M144,random,shuffled,correct,20500,0.0,1.0,200,0
N288_M144,random,shuffled,correct,20600,0.0,1.0,200,0
N288_M144,random,shuffled,correct,20700,0.0,1.0,200,0
N288_M144,random,shuffled,correct,20800,0.0,1.0,200,0
N288_M144,random,shuffled,correct,20900,0.0,1.0,200,0
N288_M144,random,shuffled,correct,21000,0.0,1.0,200,0
N288_M144,random,shuffled,correct,21100,0.0,1.0,200,0
N288_M144,random,shuffled,correct,21200,0.0,1.0,200,0
N288_M144,random,shuffled,correct,21300,0.0,1.0,200,0
N288_M144,random,shuffled,correct,21400,0.0,1.0,200,0
N288_M144,random,shuffled,correct,21500,0.0,1.0,200,0
N288_M144,random,shuffled,correct,21600,0.0,1.0,200,0
N288_M144,random,shuffled,correct,21700,0.0,1.0,200,0
N288_M144,random,shuffled,correct,21800,0.0,1.0,200,0
N288_M144,random,shuffled,correct,21900,0.0,1.0,200,0
N288_M144,random,shuffled,correct,22000,0.0,1.0,200,0
N288_M144,random,shuffled,correct,22100,0.0,1.0,200,0
N288_M144,random,shuffled,correct,22200,0.0,1.0,200,0
N288_M144,random,shuffled,correct,22300,0.0,1.0,200,0
N288_M144,random,shuffled,correct,22400,0.0,1.0,200,0
N288_M144,random,shuffled,correct,22500,0.0,1.0,200,0
N288_M144,random,shuffled,correct,22600,0.0,1.0,200,0
N288_M144,random,shuffled,correct,22700,0.0,1.0,200,0
N288_M144,random,shuffled,correct,22800,0.0,1.0,200,0
N288_M144,random,shuffled,correct,22900,0.0,1.0,200,0
N288_M144,random,shuffled,correct,23000,0.0,1.0,200,0
N288_M144,random,shuffled,correct,23100,0.0,1.0,200,0
N288_M144,random,shuffled,correct,23200,0.0,1.0,200,0
N288_M144,random,shuffled,correct,23300,0.0,1.0,200,0
N288_M144,random,shuffled,correct,23400,0.0,1.0,200,0
N288_M144,random,shuffled,correct,23500,0.0,1.0,200,0
N288_M144,random,shuffled,correct,23600,0.0,1.0,200,0
N288_M144,random,shuffled,correct,23700,0.0,1.0,200,0
N288_M144,random,shuffled,correct,23800,0.0,1.0,200,0
N288_M144,random,shuffled,correct,23900,0.0,1.0,200,0
N288_M144,random,shuffled,correct,24000,0.0,1.0,200,0
N288_M144,random,shuffled,correct,24100,0.0,1.0,200,0
N288_M144,random,shuffled,correct,24200,0.0,1.0,200,0
N288_M144,random,shuffled,correct,24300,0.0,1.0,200,0
N288_M144,random,shuffled,correct,24400,0.0,1.0,200,0
N288_M144,random,shuffled,correct,24500,0.0,1.0,200,0
N288_M144,random,shuffled,correct,24600,0.0,1.0,200,0
N288_M144,random,shuffled,correct,24700,0.0,1.0,200,0
N288_M144,random,shuffled,correct,24800,0.0,1.0,200,0
N288_M144,random,shuffled,correct,24900,0.0,1.0,200,0
N288_M144,random,shuffled,correct,25000,0.0,1.0,200,0
N288_M144,random,shuffled,correct,25100,0.0,1.0,200,0
N288_M144,random,shuffled,correct,25200,0.0,1.0,200,0
N288_M144,random,shuffled,correct,25300,0.0,1.0,200,0
N288_M144,random,shuffled,correct,25400,0.0,1.0,200,0
N288_M144,random,shuffled,correct,25500,0.0,1.0,200,0
N288_M144,random,shuffled,correct,25600,0.0,1.0,200,0
