size,initialization,variant,seed,n_trajectories,initial_BER_mean,initial_BER_n,initial_syndrome_weight_fraction_mean,initial_syndrome_weight_fraction_n,initial_channel_alignment_mean,initial_channel_alignment_n,initial_hard_channel_disagreement_rate_mean,initial_hard_channel_disagreement_rate_n,decoded_BER_mean,decoded_BER_n,decoded_FER_mean,decoded_FER_n,decoded_syndrome_weight_mean,decoded_syndrome_weight_n,final_state_BER_mean,final_state_BER_n,mean_state_BER_mean,mean_state_BER_n,late_state_BER_mean,late_state_BER_n,mean_syndrome_weight_fraction_mean,mean_syndrome_weight_fraction_n,late_syndrome_weight_fraction_mean,late_syndrome_weight_fraction_n,mean_bit_flip_rate_mean,mean_bit_flip_rate_n,late_bit_flip_rate_mean,late_bit_flip_rate_n,mean_backflip_rate_mean,mean_backflip_rate_n,late_backflip_rate_mean,late_backflip_rate_n,mean_channel_alignment_mean,mean_channel_alignment_n,late_channel_alignment_mean,late_channel_alignment_n,reached_correct_mean,reached_correct_n,first_correct_cycle_mean,first_correct_cycle_n,correct_residence_fraction_mean,correct_residence_fraction_n,correct_escape_probability_mean,correct_escape_probability_n,correct_return_probability_mean,correct_return_probability_n,correct_mean_return_time_mean,correct_mean_return_time_n
N192_M96,all_zero,additive,20260826,20,0.4911458333333333,20,0.0,20,0.0044528047410977495,20,0.4966145833333333,20,0.0,20,0.0,20,0.0,20,0.0,20,nan,0,0.0003363172743055556,20,0.009705349392361111,20,0.00032020399305555556,20,0.0013476562500000001,20,4.676649305555555e-05,20,0.0007125523249054795,20,2.2995889143427707e-05,20,0.6975754511120392,20,0.6989644202156787,20,1.0,20,2345.15,20,1.0,20,0.0,20,nan,0,nan,0
N192_M96,all_zero,additive,20268848,20,0.4885416666666666,20,0.0,20,0.017626180000153847,20,0.4898437499999999,20,0.0,20,0.0,20,0.0,20,0.0,20,nan,0,0.0006086154513888889,20,0.010767632378472222,20,0.000751953125,20,0.0014456922743055556,20,0.00010167100694444445,20,0.0007391196315448022,20,5.1023434530727206e-05,20,0.6904268795278331,20,0.6908073063390187,20,1.0,20,3061.15,20,0.9999946201850657,20,2.690341673392521e-06,20,1.0,1,2.0,1
N192_M96,all_zero,additive,20276870,20,0.5036458333333332,20,0.0,20,-0.001353896292259437,20,0.4958333333333333,20,0.0049479166666666664,20,0.05,20,0.05,20,0.0075520833333333325,20,nan,0,0.00565283203125,20,0.007283908420138889,20,0.004102756076388889,20,0.0010599365234375,20,0.0005394422743055556,20,0.0005591892493554036,20,0.00030431335895886297,20,0.7070323015969733,20,0.7081026168969115,20,0.95,20,726.1052631578947,19,0.999997228604131,19,2.771687763830029e-06,19,1.0,1,1.0,1
N192_M96,all_zero,additive,20284892,20,0.4942708333333333,20,0.0,20,0.004453338073342891,20,0.4971354166666666,20,0.016145833333333335,20,0.1,20,0.1,20,0.015625,20,nan,0,0.015979166666666666,20,0.010985243055555555,20,0.004329861111111112,20,0.0015603841145833334,20,0.0005938042534722222,20,0.0008500879789714073,20,0.0003460231694431615,20,0.6863191842015178,20,0.686583910946843,20,0.9,20,1125.6666666666667,18,0.9999181426568846,18,5.1241058435303035e-06,18,1.0,1,16.0,1
N192_M96,all_zero,additive,20292914,20,0.4942708333333333,20,0.0,20,0.022538082297949617,20,0.4888020833333334,20,0.007291666666666667,20,0.05,20,0.1,20,0.006770833333333333,20,nan,0,0.0074847005208333334,20,0.00895876736111111,20,0.005161024305555555,20,0.0012689344618055556,20,0.0007146267361111111,20,0.0006846346490645817,20,0.0004200291972293259,20,0.6949421751535763,20,0.6958821368272585,20,0.95,20,1101.2631578947369,19,0.9999722042883042,19,8.379594834858587e-06,19,1.0,3,3.3333333333333335,3
N192_M96,all_zero,additive,20300936,20,0.49479166666666663,20,0.0,20,0.008952856138774673,20,0.4979166666666668,20,0.0,20,0.0,20,0.0,20,0.0,20,nan,0,0.0,20,0.005481852213541667,20,0.0,20,0.0008431803385416667,20,0.0,20,0.00041624062158766113,20,0.0,20,0.6887856202472191,20,0.6903130396380525,20,1.0,20,1266.75,20,0.9999863356339876,20,8.156218268337868e-06,20,1.0,3,1.6666666666666667,3
N192_M96,all_zero,additive,20308958,20,0.5088541666666666,20,0.0,20,-0.005720453341430722,20,0.5028645833333332,20,0.017447916666666667,20,0.1,20,0.05,20,0.014322916666666668,20,nan,0,0.01566965060763889,20,0.010383816189236112,20,0.004972330729166667,20,0.0015184054904513887,20,0.00074072265625,20,0.0008195822804755682,20,0.0004285348154699687,20,0.6909804733970042,20,0.6926566718090369,20,0.9,20,1550.888888888889,18,0.9999784798520229,18,9.120007850383962e-06,18,1.0,2,2.0,2
N192_M96,all_zero,additive,20316980,20,0.4968749999999999,20,0.0,20,0.014606645203706844,20,0.49088541666666663,20,0.0,20,0.0,20,0.0,20,0.0,20,nan,0,0.0,20,0.0022825520833333335,20,0.0,20,0.00039575195312499994,20,0.0,20,0.00018550477177174722,20,0.0,20,0.7002193169815683,20,0.7012193145745398,20,1.0,20,446.65,20,0.9999920373081531,20,5.346832639331926e-06,20,1.0,2,1.5,2
N192_M96,all_zero,additive,20325002,20,0.4958333333333334,20,0.0,20,0.007782649414032922,20,0.4971354166666668,20,0.017708333333333333,20,0.1,20,0.2,20,0.012239583333333333,20,nan,0,0.012702799479166665,20,0.010573974609375,20,0.008709852430555557,20,0.0014847954644097222,20,0.0011724175347222223,20,0.0008146342092929971,20,0.0006742743599899512,20,0.6889834371300095,20,0.6902354204930398,20,0.9,20,636.3333333333334,18,0.9999941655194969,18,5.835093312480606e-06,18,1.0,2,1.0,2
N192_M96,all_zero,additive,20333024,20,0.5041666666666667,20,0.0,20,0.00031696548877917734,20,0.4984375,20,0.004427083333333333,20,0.05,20,0.15,20,0.008333333333333333,20,nan,0,0.007123263888888889,20,0.009025987413194443,20,0.0047345920138888884,20,0.001312038845486111,20,0.0006445312499999999,20,0.0007031171902492743,20,0.0003758670692111663,20,0.6958809973289154,20,0.6970695472264772,20,0.95,20,963.421052631579,19,0.9999916214881616,19,5.61919691015918e-06,19,1.0,2,1.5,2
N192_M96,all_zero,gain_only,20260826,20,0.4911458333333333,20,0.0,20,0.0044528047410977495,20,0.4966145833333333,20,0.4911458333333333,20,1.0,20,0.0,20,0.4911458333333333,20,nan,0,0.4911458333333333,20,0.0,20,0.0,20,0.0,20,0.0,20,0.0,20,0.0,20,0.004452804741097742,20,0.0044528047410977625,20,0.0,20,nan,0,nan,0,nan,0,nan,0,nan,0
N192_M96,all_zero,gain_only,20268848,20,0.4885416666666666,20,0.0,20,0.017626180000153847,20,0.4898437499999999,20,0.4885416666666666,20,1.0,20,0.0,20,0.4885416666666666,20,nan,0,0.4885416666666666,20,0.0,20,0.0,20,0.0,20,0.0,20,0.0,20,0.0,20,0.01762618000015381,20,0.017626180000153847,20,0.0,20,nan,0,nan,0,nan,0,nan,0,nan,0
N192_M96,all_zero,gain_only,20276870,20,0.5036458333333332,20,0.0,20,-0.001353896292259437,20,0.4958333333333333,20,0.5036458333333332,20,1.0,20,0.0,20,0.5036458333333332,20,nan,0,0.5036458333333332,20,0.0,20,0.0,20,0.0,20,0.0,20,0.0,20,0.0,20,-0.0013538962922594578,20,-0.001353896292259435,20,0.0,20,nan,0,nan,0,nan,0,nan,0,nan,0
N192_M96,all_zero,gain_only,20284892,20,0.4942708333333333,20,0.0,20,0.004453338073342891,20,0.4971354166666666,20,0.4942708333333333,20,1.0,20,0.0,20,0.4942708333333333,20,nan,0,0.4942708333333333,20,0.0,20,0.0,20,0.0,20,0.0,20,0.0,20,0.0,20,0.004453338073342859,20,0.0044533380733428884,20,0.0,20,nan,0,nan,0,nan,0,nan,0,nan,0
N192_M96,all_zero,gain_only,20292914,20,0.4942708333333333,20,0.0,20,0.022538082297949617,20,0.4888020833333334,20,0.4942708333333333,20,1.0,20,0.0,20,0.4942708333333333,20,nan,0,0.4942708333333333,20,0.0,20,0.0,20,0.0,20,0.0,20,0.0,20,0.0,20,0.022538082297949687,20,0.022538082297949572,20,0.0,20,nan,0,nan,0,nan,0,nan,0,nan,0
N192_M96,all_zero,gain_only,20300936,20,0.49479166666666663,20,0.0,20,0.008952856138774673,20,0.4979166666666668,20,0.49479166666666663,20,1.0,20,0.0,20,0.49479166666666663,20,nan,0,0.49479166666666663,20,0.0,20,0.0,20,0.0,20,0.0,20,0.0,20,0.0,20,0.008952856138774636,20,0.008952856138774654,20,0.0,20,nan,0,nan,0,nan,0,nan,0,nan,0
N192_M96,all_zero,gain_only,20308958,20,0.5088541666666666,20,0.0,20,-0.005720453341430722,20,0.5028645833333332,20,0.5088541666666666,20,1.0,20,0.0,20,0.5088541666666666,20,nan,0,0.5088541666666666,20,0.0,20,0.0,20,0.0,20,0.0,20,0.0,20,0.0,20,-0.005720453341430768,20,-0.005720453341430708,20,0.0,20,nan,0,nan,0,nan,0,nan,0,nan,0
N192_M96,all_zero,gain_only,20316980,20,0.4968749999999999,20,0.0,20,0.014606645203706844,20,0.49088541666666663,20,0.4968749999999999,20,1.0,20,0.0,20,0.4968749999999999,20,nan,0,0.4968749999999999,20,0.0,20,0.0,20,0.0,20,0.0,20,0.0,20,0.0,20,0.014606645203706881,20,0.014606645203706808,20,0.0,20,nan,0,nan,0,nan,0,nan,0,nan,0
N192_M96,all_zero,gain_only,20325002,20,0.4958333333333334,20,0.0,20,0.007782649414032922,20,0.4971354166666668,20,0.4958333333333334,20,1.0,20,0.0,20,0.4958333333333334,20,nan,0,0.4958333333333334,20,0.0,20,0.0,20,0.0,20,0.0,20,0.0,20,0.0,20,0.007782649414032924,20,0.007782649414032945,20,0.0,20,nan,0,nan,0,nan,0,nan,0,nan,0
N192_M96,all_zero,gain_only,20333024,20,0.5041666666666667,20,0.0,20,0.00031696548877917734,20,0.4984375,20,0.5041666666666667,20,1.0,20,0.0,20,0.5041666666666667,20,nan,0,0.5041666666666667,20,0.0,20,0.0,20,0.0,20,0.0,20,0.0,20,0.0,20,0.0003169654887792401,20,0.0003169654887792037,20,0.0,20,nan,0,nan,0,nan,0,nan,0,nan,0
N192_M96,all_zero,pSA,20260826,20,0.4911458333333333,20,0.0,20,0.0044528047410977495,20,0.4966145833333333,20,0.27656249999999993,20,1.0,20,20.8,20,0.3231770833333333,20,nan,0,0.3261676432291666,20,0.43150653754340274,20,0.43085763888888884,20,0.19389598253038196,20,0.19314073350694444,20,0.1442569258679262,20,0.14335811987243688,20,0.3270706574015564,20,0.3297121268527706,20,0.0,20,nan,0,nan,0,nan,0,nan,0,nan,0
N192_M96,all_zero,pSA,20268848,20,0.4885416666666666,20,0.0,20,0.017626180000153847,20,0.4898437499999999,20,0.30494791666666665,20,1.0,20,20.55,20,0.3244791666666667,20,nan,0,0.32949457465277776,20,0.43286672634548606,20,0.43232942708333333,20,0.19522626410590274,20,0.19448643663194448,20,0.14594472676055284,20,0.14506714801121806,20,0.32167950073684887,20,0.32415807844141914,20,0.0,20,nan,0,nan,0,nan,0,nan,0,nan,0
N192_M96,all_zero,pSA,20276870,20,0.5036458333333332,20,0.0,20,-0.001353896292259437,20,0.4958333333333333,20,0.2833333333333333,20,1.0,20,21.3,20,0.31354166666666666,20,nan,0,0.32363606770833336,20,0.43067971462673615,20,0.430056640625,20,0.1933616807725695,20,0.19251763237847225,20,0.14335120767970294,20,0.1423569331553273,20,0.32874407235450676,20,0.3319782955377428,20,0.0,20,nan,0,nan,0,nan,0,nan,0,nan,0
N192_M96,all_zero,pSA,20284892,20,0.4942708333333333,20,0.0,20,0.004453338073342891,20,0.4971354166666666,20,0.2864583333333333,20,1.0,20,20.5,20,0.3458333333333333,20,nan,0,0.33057047526041666,20,0.43304541015625003,20,0.4325600043402777,20,0.195373046875,20,0.19454318576388888,20,0.1462660213715427,20,0.14536595359639184,20,0.32124027158935176,20,0.32393401972295505,20,0.0,20,nan,0,nan,0,nan,0,nan,0,nan,0
N192_M96,all_zero,pSA,20292914,20,0.4942708333333333,20,0.0,20,0.022538082297949617,20,0.4888020833333334,20,0.2822916666666667,20,1.0,20,20.8,20,0.31770833333333337,20,nan,0,0.3269014756944444,20,0.43165896267361104,20,0.43107877604166667,20,0.19412646484375,20,0.19331315104166666,20,0.1446800212408088,20,0.14368826074155877,20,0.32567793977904946,20,0.32890165961305917,20,0.0,20,nan,0,nan,0,nan,0,nan,0,nan,0
N192_M96,all_zero,pSA,20300936,20,0.49479166666666663,20,0.0,20,0.008952856138774673,20,0.4979166666666668,20,0.3059895833333333,20,1.0,20,21.15,20,0.3328125,20,nan,0,0.32960622829861114,20,0.43341783311631943,20,0.43269596354166673,20,0.19593687608506943,20,0.19508040364583334,20,0.14660129127637037,20,0.14558260097021897,20,0.31764855252904967,20,0.3212743108803521,20,0.0,20,nan,0,nan,0,nan,0,nan,0,nan,0
N192_M96,all_zero,pSA,20308958,20,0.5088541666666666,20,0.0,20,-0.005720453341430722,20,0.5028645833333332,20,0.2752604166666667,20,1.0,20,20.75,20,0.31276041666666676,20,nan,0,0.32939160156249997,20,0.43306388346354163,20,0.43303884548611105,20,0.19540979003906248,20,0.19502544487847223,20,0.1459794787582078,20,0.14548152509652607,20,0.3203720963993731,20,0.3221754051389416,20,0.0,20,nan,0,nan,0,nan,0,nan,0,nan,0
N192_M96,all_zero,pSA,20316980,20,0.4968749999999999,20,0.0,20,0.014606645203706844,20,0.49088541666666663,20,0.28359375000000003,20,1.0,20,20.45,20,0.3330729166666667,20,nan,0,0.3264858940972222,20,0.43206030273437507,20,0.43167230902777776,20,0.19447413465711802,20,0.19384874131944446,20,0.14472436457760793,20,0.14394213366272063,20,0.32404612140706496,20,0.3265980873149358,20,0.0,20,nan,0,nan,0,nan,0,nan,0,nan,0
N192_M96,all_zero,pSA,20325002,20,0.4958333333333334,20,0.0,20,0.007782649414032922,20,0.4971354166666668,20,0.29531250000000003,20,1.0,20,21.1,20,0.3377604166666667,20,nan,0,0.32992925347222224,20,0.4328063422309028,20,0.432275390625,20,0.19523563639322913,20,0.19447422960069444,20,0.14609133695116724,20,0.1451923351142988,20,0.32095632748658054,20,0.3238614456479235,20,0.0,20,nan,0,nan,0,nan,0,nan,0,nan,0
N192_M96,all_zero,pSA,20333024,20,0.5041666666666667,20,0.0,20,0.00031696548877917734,20,0.4984375,20,0.2981770833333333,20,1.0,20,21.05,20,0.33151041666666664,20,nan,0,0.32717084418402786,20,0.43201698133680544,20,0.4313961588541667,20,0.19453031412760416,20,0.1937214626736111,20,0.14500210482611867,20,0.14403770159971802,20,0.3238233042879781,20,0.32685460503332464,20,0.0,20,nan,0,nan,0,nan,0,nan,0,nan,0
N192_M96,all_zero,shuffled,20260826,20,0.4911458333333333,20,0.0,20,0.0044528047410977495,20,0.4966145833333333,20,0.3966145833333333,20,1.0,20,28.55,20,0.38984375,20,nan,0,0.39825537109375003,20,0.48246044921875014,20,0.4824588758680557,20,0.24541635470920142,20,0.2453804253472222,20,0.20411076513522533,20,0.20390216592629357,20,0.19367297769538336,20,0.19461912328799646,20,0.0,20,nan,0,nan,0,nan,0,nan,0,nan,0
N192_M96,all_zero,shuffled,20268848,20,0.4885416666666666,20,0.0,20,0.017626180000153847,20,0.4898437499999999,20,0.38046875,20,1.0,20,28.25,20,0.41276041666666663,20,nan,0,0.39949408637152783,20,0.4824065212673612,20,0.48268674045138893,20,0.24548078070746532,20,0.2454611545138889,20,0.2045302797577499,20,0.20439204023318852,20,0.19198336785348047,20,0.1926703671219141,20,0.0,20,nan,0,nan,0,nan,0,nan,0,nan,0
N192_M96,all_zero,shuffled,20276870,20,0.5036458333333332,20,0.0,20,-0.001353896292259437,20,0.4958333333333333,20,0.3880208333333333,20,1.0,20,28.4,20,0.40390625,20,nan,0,0.3965244140625,20,0.4823997124565972,20,0.4823732638888889,20,0.2451953803168403,20,0.24493956163194439,20,0.2034250940895813,20,0.20295395340364145,20,0.19452800562234662,20,0.19592887211217963,20,0.0,20,nan,0,nan,0,nan,0,nan,0,nan,0
N192_M96,all_zero,shuffled,20284892,20,0.4942708333333333,20,0.0,20,0.004453338073342891,20,0.4971354166666666,20,0.39114583333333336,20,1.0,20,28.3,20,0.39114583333333336,20,nan,0,0.40009537760416675,20,0.48247474500868065,20,0.48241970486111113,20,0.2455629611545139,20,0.24544135199652778,20,0.2048058394089604,20,0.2045829792987044,20,0.19175134372449706,20,0.19294802876759115,20,0.0,20,nan,0,nan,0,nan,0,nan,0,nan,0
N192_M96,all_zero,shuffled,20292914,20,0.4942708333333333,20,0.0,20,0.022538082297949617,20,0.4888020833333334,20,0.3875,20,1.0,20,28.0,20,0.39322916666666663,20,nan,0,0.39834960937499997,20,0.48241300455729175,20,0.4826076388888888,20,0.24530547417534723,20,0.24543066406249997,20,0.20416043994583905,20,0.203980861941975,20,0.19330282639378718,20,0.1945848236457789,20,0.0,20,nan,0,nan,0,nan,0,nan,0,nan,0
N192_M96,all_zero,shuffled,20300936,20,0.49479166666666663,20,0.0,20,0.008952856138774673,20,0.4979166666666668,20,0.3901041666666666,20,1.0,20,28.1,20,0.40364583333333337,20,nan,0,0.3995520290798611,20,0.48258043077256946,20,0.4827763671875,20,0.2457623969184028,20,0.24573258463541672,20,0.20490817026771416,20,0.20464438821477965,20,0.18940983071082754,20,0.19061314273213745,20,0.0,20,nan,0,nan,0,nan,0,nan,0,nan,0
N192_M96,all_zero,shuffled,20308958,20,0.5088541666666666,20,0.0,20,-0.005720453341430722,20,0.5028645833333332,20,0.37395833333333334,20,1.0,20,28.0,20,0.40937499999999993,20,nan,0,0.39849810112847217,20,0.48239350043402773,20,0.4824345703125001,20,0.24532123480902776,20,0.24518473307291666,20,0.20411498277334433,20,0.20383914335775297,20,0.19196529751991823,20,0.1929019863458932,20,0.0,20,nan,0,nan,0,nan,0,nan,0,nan,0
N192_M96,all_zero,shuffled,20316980,20,0.4968749999999999,20,0.0,20,0.014606645203706844,20,0.49088541666666663,20,0.3786458333333334,20,1.0,20,28.0,20,0.3919270833333333,20,nan,0,0.3979326714409722,20,0.48252384440104173,20,0.48259884982638895,20,0.24533399793836813,20,0.24512776692708335,20,0.20392017902809517,20,0.20357830151724973,20,0.1925390246354048,20,0.19366472208838467,20,0.0,20,nan,0,nan,0,nan,0,nan,0,nan,0
N192_M96,all_zero,shuffled,20325002,20,0.4958333333333334,20,0.0,20,0.007782649414032922,20,0.4971354166666668,20,0.39192708333333337,20,1.0,20,28.05,20,0.39322916666666663,20,nan,0,0.39990760633680555,20,0.48253960503472226,20,0.48256694878472217,20,0.24550314670138884,20,0.24544379340277778,20,0.20470762271140136,20,0.2045247792241592,20,0.19121846414153085,20,0.19182563833813965,20,0.0,20,nan,0,nan,0,nan,0,nan,0,nan,0
N192_M96,all_zero,shuffled,20333024,20,0.5041666666666667,20,0.0,20,0.00031696548877917734,20,0.4984375,20,0.39088541666666665,20,1.0,20,27.85,20,0.3966145833333333,20,nan,0,0.3985125325520834,20,0.4825464680989583,20,0.4826732855902778,20,0.24558459472656252,20,0.24556222873263883,20,0.20440577745041716,20,0.2041491720188265,20,0.19209371784299561,20,0.19327104040343365,20,0.0,20,nan,0,nan,0,nan,0,nan,0,nan,0
N192_M96,channel_hard,additive,20260826,20,0.09557291666666665,20,0.36302083333333335,20,0.7733184639143758,20,0.0,20,0.0,20,0.0,20,0.0,20,0.0,20,0.0116593017578125,20,0.0003363172743055556,20,0.008093885633680555,20,0.00032020399305555556,20,0.0011158989800347224,20,4.676649305555555e-05,20,0.0005918444179571795,20,2.2995889143427707e-05,20,0.6981797759666255,20,0.6989644202156787,20,1.0,20,1918.3,20,0.9999919927400842,20,2.6696566821506755e-06,20,1.0,1,3.0,1
N192_M96,channel_hard,additive,20268848,20,0.09557291666666667,20,0.35677083333333337,20,0.7694395080781383,20,0.0,20,0.0036458333333333334,20,0.05,20,0.1,20,0.00390625,20,0.014753526475694442,20,0.004458821614583333,20,0.011071397569444443,20,0.0031650390625000005,20,0.0014493001302083334,20,0.000384765625,20,0.0007574115128755182,20,0.00020443823641402617,20,0.6913908944818938,20,0.6914128955493737,20,0.95,20,2370.8947368421054,19,1.0,19,0.0,19,nan,0,nan,0
N192_M96,channel_hard,additive,20276870,20,0.08645833333333333,20,0.3385416666666667,20,0.7756162600199163,20,0.0,20,0.0,20,0.0,20,0.0,20,0.0,20,0.006830742730034723,20,0.0,20,0.005122477213541666,20,0.0,20,0.0007081434461805554,20,0.0,20,0.00036060884107246835,20,0.0,20,0.7075776253883292,20,0.7076165282181225,20,1.0,20,1446.8,20,1.0,20,0.0,20,nan,0,nan,0
N192_M96,channel_hard,additive,20284892,20,0.09765625,20,0.3526041666666667,20,0.7668885758547704,20,0.0,20,0.00625,20,0.05,20,0.1,20,0.0075520833333333325,20,0.013811021592881945,20,0.007736490885416667,20,0.009512017144097221,20,0.0055315755208333334,20,0.0013302680121527778,20,0.0007878146701388889,20,0.0007276409099970637,20,0.00046617099226450116,20,0.6869710997347558,20,0.6874238622592137,20,0.95,20,1360.9473684210527,19,0.9999831154154696,19,8.494107652828096e-06,19,1.0,3,2.0,3
N192_M96,channel_hard,additive,20292914,20,0.09348958333333333,20,0.3536458333333333,20,0.7717259144326144,20,0.0,20,0.009895833333333333,20,0.05,20,0.0,20,0.009895833333333333,20,0.01721872287326389,20,0.010232421875,20,0.00834548611111111,20,0.0003799913194444444,20,0.001157538519965278,20,4.996744791666667e-05,20,0.0006279356770612073,20,2.4525521290228136e-05,20,0.6943218410705962,20,0.6934110393479165,20,0.95,20,1699.6842105263158,19,0.9999592678782753,19,2.0935917925126746e-05,19,1.0,3,2.1666666666666665,3
N192_M96,channel_hard,additive,20300936,20,0.09166666666666666,20,0.35833333333333334,20,0.7611849153394307,20,0.0,20,0.0,20,0.0,20,0.0,20,0.0,20,0.005799289279513889,20,0.0,20,0.004796440972222221,20,0.0,20,0.0007088758680555556,20,0.0,20,0.00035750019090490117,20,0.0,20,0.6891524143276773,20,0.6903130396380525,20,1.0,20,1088.55,20,1.0,20,0.0,20,nan,0,nan,0
N192_M96,channel_hard,additive,20308958,20,0.09296875000000002,20,0.3713541666666667,20,0.764904291091697,20,0.0,20,0.013802083333333335,20,0.1,20,0.15,20,0.014583333333333332,20,0.021781982421875002,20,0.015837456597222223,20,0.012731716579861111,20,0.00881814236111111,20,0.0017963189019097221,20,0.0012357313368055556,20,0.0009993845824744203,20,0.0007327517473077747,20,0.6920922535482071,20,0.6930187433866368,20,0.9,20,1396.6666666666667,18,0.9999297142813229,18,8.902782643066956e-06,18,1.0,3,8.0,3
N192_M96,channel_hard,additive,20316980,20,0.08411458333333335,20,0.3536458333333333,20,0.7720087926882825,20,0.0,20,0.0,20,0.0,20,0.0,20,0.0,20,0.0033443196614583335,20,0.0,20,0.003005316840277778,20,0.0,20,0.00046350097656249996,20,0.0,20,0.00023088965177214013,20,0.0,20,0.7003144406239645,20,0.7012193145745398,20,1.0,20,655.1,20,0.9999972704443717,20,2.72985367984276e-06,20,1.0,1,1.0,1
N192_M96,channel_hard,additive,20325002,20,0.09505208333333334,20,0.3692708333333333,20,0.7660890096086271,20,0.0,20,0.017708333333333333,20,0.1,20,0.2,20,0.012239583333333333,20,0.017532809787326388,20,0.012702799479166665,20,0.012477294921875,20,0.008709852430555557,20,0.001731879340277778,20,0.0011724175347222223,20,0.0009594097497694824,20,0.0006742743599899512,20,0.6891072607299149,20,0.6902354204930398,20,0.9,20,997.5,18,0.9999912744533445,18,2.9091247607244883e-06,18,1.0,1,3.0,1
N192_M96,channel_hard,additive,20333024,20,0.09114583333333334,20,0.346875,20,0.7695518121553273,20,0.0,20,0.0078125,20,0.05,20,0.1,20,0.01015625,20,0.011926595052083332,20,0.006887098524305556,20,0.008877061631944443,20,0.004550238715277778,20,0.001241848415798611,20,0.0005948893229166666,20,0.0006745439822052763,20,0.00034517733280984165,20,0.6964398916299738,20,0.6971021473174975,20,0.95,20,1055.0,19,0.9999964365891031,19,3.5638934823515993e-06,19,1.0,1,1.0,1
N192_M96,channel_hard,gain_only,20260826,20,0.09557291666666665,20,0.36302083333333335,20,0.7733184639143758,20,0.0,20,0.26041666666666663,20,1.0,20,20.4,20,0.3236979166666667,20,0.3187544487847223,20,0.31638134765625,20,0.42913151041666664,20,0.4287416449652778,20,0.189955810546875,20,0.18909098307291666,20,0.13948174564350582,20,0.13836268361062745,20,0.34370734569884714,20,0.34816486142432806,20,0.0,20,nan,0,nan,0,nan,0,nan,0,nan,0
N192_M96,channel_hard,gain_only,20268848,20,0.09557291666666667,20,0.35677083333333337,20,0.7694395080781383,20,0.0,20,0.2677083333333333,20,1.0,20,20.9,20,0.33645833333333336,20,0.3222073703342014,20,0.3195759006076389,20,0.4304949273003472,20,0.4298015407986111,20,0.19133350965711807,20,0.19017485894097225,20,0.14120426447176132,20,0.13980565159678807,20,0.33788029835381683,20,0.3426893484345132,20,0.0,20,nan,0,nan,0,nan,0,nan,0,nan,0
N192_M96,channel_hard,gain_only,20276870,20,0.08645833333333333,20,0.3385416666666667,20,0.7756162600199163,20,0.0,20,0.2697916666666666,20,1.0,20,20.2,20,0.3096354166666667,20,0.31593459743923613,20,0.31336686197916663,20,0.42824831814236103,20,0.4275542534722222,20,0.1892504475911458,20,0.18809098307291666,20,0.13838281862134974,20,0.13702138734989075,20,0.34612622023803286,20,0.3509443537949155,20,0.0,20,nan,0,nan,0,nan,0,nan,0,nan,0
N192_M96,channel_hard,gain_only,20284892,20,0.09765625,20,0.3526041666666667,20,0.7668885758547704,20,0.0,20,0.26223958333333336,20,1.0,20,21.15,20,0.3239583333333333,20,0.3230345865885417,20,0.3208291558159722,20,0.4302368706597222,20,0.4299647352430556,20,0.19113803439670138,20,0.19026915147569445,20,0.14124085817886572,20,0.14014936118774157,20,0.3380709691301217,20,0.3424705438909238,20,0.0,20,nan,0,nan,0,nan,0,nan,0,nan,0
N192_M96,channel_hard,gain_only,20292914,20,0.09348958333333333,20,0.3536458333333333,20,0.7717259144326144,20,0.0,20,0.27630208333333334,20,1.0,20,20.05,20,0.30364583333333334,20,0.31962048339843757,20,0.3171914605034722,20,0.4291686469184028,20,0.42858669704861113,20,0.1901214599609375,20,0.18907660590277778,20,0.13980796842238147,20,0.13855205045943292,20,0.34271205595564547,20,0.3474894354663691,20,0.0,20,nan,0,nan,0,nan,0,nan,0,nan,0
N192_M96,channel_hard,gain_only,20300936,20,0.09166666666666666,20,0.35833333333333334,20,0.7611849153394307,20,0.0,20,0.2752604166666667,20,1.0,20,20.25,20,0.3049479166666667,20,0.3225303412543402,20,0.3206072591145833,20,0.43127498372395834,20,0.43116612413194444,20,0.19208177354600695,20,0.19139501953125,20,0.14184325444691478,20,0.14093502230439775,20,0.3338136316153667,20,0.33760309234608427,20,0.0,20,nan,0,nan,0,nan,0,nan,0,nan,0
N192_M96,channel_hard,gain_only,20308958,20,0.09296875000000002,20,0.3713541666666667,20,0.764904291091697,20,0.0,20,0.27109375,20,1.0,20,20.65,20,0.30859375000000006,20,0.32169451226128476,20,0.31924679904513886,20,0.430510986328125,20,0.42993478732638896,20,0.1913852267795139,20,0.19028455946180556,20,0.14116905495473547,20,0.1398542985479695,20,0.336649708275372,20,0.3410545622817669,20,0.0,20,nan,0,nan,0,nan,0,nan,0,nan,0
N192_M96,channel_hard,gain_only,20316980,20,0.08411458333333335,20,0.3536458333333333,20,0.7720087926882825,20,0.0,20,0.25729166666666664,20,1.0,20,20.4,20,0.3229166666666667,20,0.3188412272135417,20,0.31656884765625004,20,0.4299014756944445,20,0.4297425130208333,20,0.19067207845052087,20,0.1899850802951389,20,0.14000603906031558,20,0.1390362065990842,20,0.3408161056600457,20,0.34477573282698804,20,0.0,20,nan,0,nan,0,nan,0,nan,0,nan,0
N192_M96,channel_hard,gain_only,20325002,20,0.09505208333333334,20,0.3692708333333333,20,0.7660890096086271,20,0.0,20,0.27604166666666663,20,1.0,20,20.0,20,0.3145833333333333,20,0.3225796983506945,20,0.31990635850694443,20,0.43038194444444444,20,0.42955924479166663,20,0.19122771538628472,20,0.19002473958333335,20,0.1412324688838468,20,0.139797944216083,20,0.33744595669846655,20,0.3422455160176433,20,0.0,20,nan,0,nan,0,nan,0,nan,0,nan,0
N192_M96,channel_hard,gain_only,20333024,20,0.09114583333333334,20,0.346875,20,0.7695518121553273,20,0.0,20,0.2713541666666667,20,1.0,20,20.9,20,0.3026041666666667,20,0.31953261990017356,20,0.31705349392361115,20,0.4293006456163194,20,0.4288344184027778,20,0.19029443359374998,20,0.18930354817708334,20,0.13992617492830253,20,0.1386892105540363,20,0.34100947460386594,20,0.34562906753011735,20,0.0,20,nan,0,nan,0,nan,0,nan,0,nan,0
N192_M96,channel_hard,pSA,20260826,20,0.09557291666666665,20,0.36302083333333335,20,0.7733184639143758,20,0.0,20,0.2864583333333333,20,1.0,20,20.4,20,0.3223958333333333,20,0.3277828233506944,20,0.32619569227430556,20,0.4313924153645833,20,0.4310001085069445,20,0.19389375813802082,20,0.19324842664930555,20,0.14426984971742154,20,0.1434425557520083,20,0.32696205127926825,20,0.32983534768076556,20,0.0,20,nan,0,nan,0,nan,0,nan,0,nan,0
N192_M96,channel_hard,pSA,20268848,20,0.09557291666666667,20,0.35677083333333337,20,0.7694395080781383,20,0.0,20,0.2885416666666667,20,1.0,20,21.4,20,0.33359374999999997,20,0.3309163953993055,20,0.32949945746527776,20,0.4327096354166667,20,0.4322076822916666,20,0.19509114583333334,20,0.19441026475694445,20,0.14583935579135415,20,0.14502041912599656,20,0.32165119284781724,20,0.3244419784813493,20,0.0,20,nan,0,nan,0,nan,0,nan,0,nan,0
N192_M96,channel_hard,pSA,20276870,20,0.08645833333333333,20,0.3385416666666667,20,0.7756162600199163,20,0.0,20,0.27447916666666666,20,1.0,20,20.5,20,0.3260416666666667,20,0.3253498263888889,20,0.3232197265625,20,0.4309988064236111,20,0.43005381944444443,20,0.19347086588541668,20,0.19233295355902774,20,0.14343271701162924,20,0.1421359740317008,20,0.32877430462103246,20,0.3327056521547703,20,0.0,20,nan,0,nan,0,nan,0,nan,0,nan,0
N192_M96,channel_hard,pSA,20284892,20,0.09765625,20,0.3526041666666667,20,0.7668885758547704,20,0.0,20,0.2861979166666667,20,1.0,20,20.95,20,0.32265625,20,0.3318102213541666,20,0.3306828342013889,20,0.43275927734374997,20,0.43211414930555553,20,0.19521644422743054,20,0.1945251193576389,20,0.14613471396314265,20,0.14537079091212765,20,0.3215469585542411,20,0.32398952065441333,20,0.0,20,nan,0,nan,0,nan,0,nan,0,nan,0
N192_M96,channel_hard,pSA,20292914,20,0.09348958333333333,20,0.3536458333333333,20,0.7717259144326144,20,0.0,20,0.26979166666666665,20,1.0,20,20.8,20,0.3255208333333333,20,0.32936697048611113,20,0.3275113932291666,20,0.43176795789930544,20,0.43100043402777777,20,0.19435700141059026,20,0.19347059461805555,20,0.1449768297117734,20,0.14391520754716905,20,0.32485104133583037,20,0.32794278564778184,20,0.0,20,nan,0,nan,0,nan,0,nan,0,nan,0
N192_M96,channel_hard,pSA,20300936,20,0.09166666666666666,20,0.35833333333333334,20,0.7611849153394307,20,0.0,20,0.28515625000000006,20,1.0,20,20.35,20,0.3234375,20,0.3313513183593749,20,0.3301354709201389,20,0.4333936089409722,20,0.43333539496527773,20,0.19586173502604165,20,0.19540657552083335,20,0.14653123401011797,20,0.14592523331043694,20,0.31766716135799933,20,0.3202685808555851,20,0.0,20,nan,0,nan,0,nan,0,nan,0,nan,0
N192_M96,channel_hard,pSA,20308958,20,0.09296875000000002,20,0.3713541666666667,20,0.764904291091697,20,0.0,20,0.28880208333333335,20,1.0,20,20.35,20,0.3315104166666667,20,0.33029151746961805,20,0.3289142795138889,20,0.4325328504774305,20,0.4320386284722223,20,0.1950881076388889,20,0.1943642578125,20,0.14573621630902225,20,0.14489188220850197,20,0.32075347150973993,20,0.323487041190185,20,0.0,20,nan,0,nan,0,nan,0,nan,0,nan,0
N192_M96,channel_hard,pSA,20316980,20,0.08411458333333335,20,0.3536458333333333,20,0.7720087926882825,20,0.0,20,0.28385416666666674,20,1.0,20,21.4,20,0.3341145833333334,20,0.32783352322048603,20,0.3264277886284722,20,0.4319565429687501,20,0.4316884765625,20,0.194434326171875,20,0.1938459201388889,20,0.14467269766313237,20,0.1439375714771618,20,0.3242743948221146,20,0.32698481047617817,20,0.0,20,nan,0,nan,0,nan,0,nan,0,nan,0
N192_M96,channel_hard,pSA,20325002,20,0.09505208333333334,20,0.3692708333333333,20,0.7660890096086271,20,0.0,20,0.28229166666666666,20,1.0,20,19.6,20,0.3338541666666667,20,0.33164451768663195,20,0.33025537109375,20,0.4325377332899306,20,0.4322427300347222,20,0.19513209364149306,20,0.19457693142361113,20,0.14605268699668947,20,0.1453298245116869,20,0.32075238003165496,20,0.3232035102608524,20,0.0,20,nan,0,nan,0,nan,0,nan,0,nan,0
N192_M96,channel_hard,pSA,20333024,20,0.09114583333333334,20,0.346875,20,0.7695518121553273,20,0.0,20,0.29036458333333337,20,1.0,20,19.85,20,0.33671875,20,0.3285513237847221,20,0.3269636501736112,20,0.4316850043402778,20,0.43119835069444445,20,0.1942347140842014,20,0.1934706488715278,20,0.14472257452730236,20,0.14380991786262828,20,0.32473611481758147,20,0.32752650950635526,20,0.0,20,nan,0,nan,0,nan,0,nan,0,nan,0
N192_M96,channel_hard,shuffled,20260826,20,0.09557291666666665,20,0.36302083333333335,20,0.7733184639143758,20,0.0,20,0.3997395833333333,20,1.0,20,28.85,20,0.3921875,20,0.39882080078125004,20,0.3983522135416667,20,0.48256136067708344,20,0.4825199652777778,20,0.2454415554470486,20,0.24532183159722226,20,0.20415498546315086,20,0.20389065052803698,20,0.19377832770638712,20,0.1944388901204202,20,0.0,20,nan,0,nan,0,nan,0,nan,0,nan,0
N192_M96,channel_hard,shuffled,20268848,20,0.09557291666666667,20,0.35677083333333337,20,0.7694395080781383,20,0.0,20,0.4002604166666667,20,1.0,20,27.75,20,0.4088541666666667,20,0.39964976671006947,20,0.39901356336805555,20,0.48236306423611114,20,0.4821812065972222,20,0.24539153374565975,20,0.24521240234375,20,0.20439341085270318,20,0.20402062811019572,20,0.1923655227186904,20,0.1936003612833315,20,0.0,20,nan,0,nan,0,nan,0,nan,0,nan,0
N192_M96,channel_hard,shuffled,20276870,20,0.08645833333333333,20,0.3385416666666667,20,0.7756162600199163,20,0.0,20,0.38203125,20,1.0,20,28.65,20,0.39218749999999997,20,0.3971112738715278,20,0.396517849392361,20,0.48238275824652777,20,0.48257107204861116,20,0.24509431966145828,20,0.24495990668402778,20,0.20328359678492403,20,0.20296614641102995,20,0.19503879041425068,20,0.19637594376863582,20,0.0,20,nan,0,nan,0,nan,0,nan,0,nan,0
N192_M96,channel_hard,shuffled,20284892,20,0.09765625,20,0.3526041666666667,20,0.7668885758547704,20,0.0,20,0.4065104166666666,20,1.0,20,27.65,20,0.38151041666666663,20,0.40038609483506943,20,0.39980078125000007,20,0.4822509223090278,20,0.48265516493055555,20,0.24541927083333337,20,0.2455119900173611,20,0.20466905180178646,20,0.20454195875286274,20,0.19195097018149423,20,0.1932409837268956,20,0.0,20,nan,0,nan,0,nan,0,nan,0,nan,0
N192_M96,channel_hard,shuffled,20292914,20,0.09348958333333333,20,0.3536458333333333,20,0.7717259144326144,20,0.0,20,0.3770833333333333,20,1.0,20,28.3,20,0.3966145833333334,20,0.39905639648437496,20,0.39852967664930555,20,0.4824705403645833,20,0.48258496093750003,20,0.24534054904513894,20,0.24536116536458336,20,0.20415321264914432,20,0.20398463690668459,20,0.19354659669289712,20,0.19446613113710648,20,0.0,20,nan,0,nan,0,nan,0,nan,0,nan,0
N192_M96,channel_hard,shuffled,20300936,20,0.09166666666666666,20,0.35833333333333334,20,0.7611849153394307,20,0.0,20,0.3809895833333333,20,1.0,20,28.35,20,0.41145833333333337,20,0.40030765787760414,20,0.39972932942708334,20,0.482522433810764,20,0.4825764973958333,20,0.24565893554687496,20,0.24557666015624996,20,0.20484408674859872,20,0.20457260376067002,20,0.1892637683946544,20,0.1903216801543295,20,0.0,20,nan,0,nan,0,nan,0,nan,0,nan,0
N192_M96,channel_hard,shuffled,20308958,20,0.09296875000000002,20,0.3713541666666667,20,0.764904291091697,20,0.0,20,0.3895833333333334,20,1.0,20,28.5,20,0.38723958333333336,20,0.3991897379557292,20,0.39864095052083326,20,0.4824086642795139,20,0.4826384548611111,20,0.24525173611111115,20,0.24504329427083332,20,0.20413393280040854,20,0.20376581328043372,20,0.19169043241713465,20,0.19266718113689527,20,0.0,20,nan,0,nan,0,nan,0,nan,0,nan,0
N192_M96,channel_hard,shuffled,20316980,20,0.08411458333333335,20,0.3536458333333333,20,0.7720087926882825,20,0.0,20,0.3872395833333333,20,1.0,20,28.05,20,0.40625,20,0.39822694227430555,20,0.3976242404513889,20,0.48238921440972227,20,0.4824453125,20,0.24531926812065968,20,0.24516981336805554,20,0.2038470233531667,20,0.2035104352926108,20,0.1929714542057306,20,0.19389731618874192,20,0.0,20,nan,0,nan,0,nan,0,nan,0,nan,0
N192_M96,channel_hard,shuffled,20325002,20,0.09505208333333334,20,0.3692708333333333,20,0.7660890096086271,20,0.0,20,0.3765625,20,1.0,20,28.4,20,0.4096354166666666,20,0.4002689751519098,20,0.3998189019097222,20,0.482489501953125,20,0.4824242621527778,20,0.24550884331597222,20,0.24539946831597223,20,0.20471029045895603,20,0.20445978067346351,20,0.1911161320584524,20,0.19173655333384437,20,0.0,20,nan,0,nan,0,nan,0,nan,0,nan,0
N192_M96,channel_hard,shuffled,20333024,20,0.09114583333333334,20,0.346875,20,0.7695518121553273,20,0.0,20,0.38567708333333334,20,1.0,20,28.35,20,0.4072916666666667,20,0.3992473280164931,20,0.3985640190972223,20,0.48243031141493053,20,0.48279709201388893,20,0.24540945095486114,20,0.24540809461805552,20,0.20427820667122415,20,0.20403781605262025,20,0.19206061237398941,20,0.1930960420944678,20,0.0,20,nan,0,nan,0,nan,0,nan,0,nan,0
N192_M96,random,additive,20260826,20,0.4973958333333333,20,0.5114583333333333,20,0.015750732474064544,20,0.4919270833333333,20,0.0,20,0.0,20,0.0,20,0.0,20,0.011610527886284723,20,0.0003363172743055556,20,0.007979627821180555,20,0.00032020399305555556,20,0.001129692925347222,20,4.676649305555555e-05,20,0.0005885984579309681,20,2.2995889143427707e-05,20,0.6979323171692697,20,0.6989644202156787,20,1.0,20,1929.1,20,1.0,20,0.0,20,nan,0,nan,0
N192_M96,random,additive,20268848,20,0.49765625,20,0.4953125000000001,20,0.02167926298867338,20,0.4848958333333333,20,0.0,20,0.0,20,0.0,20,0.0,20,0.012476725260416665,20,0.0006086154513888889,20,0.0096767578125,20,0.000751953125,20,0.001331448025173611,20,0.00010167100694444445,20,0.000676627513755663,20,5.1023434530727206e-05,20,0.690579609504588,20,0.6908073063390187,20,1.0,20,2630.75,20,0.9998230842208067,20,1.3971590406829304e-05,20,1.0,4,8.0,4
N192_M96,random,additive,20276870,20,0.4984375,20,0.4916666666666667,20,-0.003207648268652042,20,0.5,20,0.0,20,0.0,20,0.0,20,0.0,20,0.007164360894097221,20,0.0006048719618055555,20,0.006166069878472223,20,0.0007687717013888888,20,0.0009294162326388888,20,0.00010731336805555555,20,0.00047847122740177217,20,5.37657439168921e-05,20,0.7071983421504064,20,0.7077838034664334,20,1.0,20,1295.0,20,1.0,20,0.0,20,nan,0,nan,0
N192_M96,random,additive,20284892,20,0.5182291666666666,20,0.5072916666666667,20,-0.03406130462551828,20,0.5231770833333335,20,0.01666666666666667,20,0.1,20,0.1,20,0.01614583333333333,20,0.023264892578124998,20,0.016499999999999997,20,0.010480957031249998,20,0.004329861111111112,20,0.0014965277777777776,20,0.0005938042534722222,20,0.000804774261839786,20,0.0003460231694431615,20,0.6857061736607695,20,0.6868373765467152,20,0.9,20,1559.2777777777778,18,0.9999969994298917,18,3.0008942664914143e-06,18,1.0,1,1.0,1
N192_M96,random,additive,20292914,20,0.5041666666666668,20,0.50625,20,0.004237521257437954,20,0.4997395833333333,20,0.008072916666666666,20,0.1,20,0.15,20,0.0109375,20,0.020701076931423614,20,0.010582790798611111,20,0.012160780164930558,20,0.006038411458333333,20,0.0016859266493055556,20,0.0007753363715277777,20,0.000912894202870013,20,0.00043934959262565055,20,0.6950671951272775,20,0.6965361214187854,20,0.9,20,1831.7777777777778,18,0.9999538033976889,18,2.5300978676062573e-05,18,1.0,4,1.875,4
N192_M96,random,additive,20300936,20,0.50078125,20,0.5046875,20,-0.00821826956729461,20,0.4997395833333334,20,0.0,20,0.0,20,0.0,20,0.0,20,0.006007500542534722,20,0.0,20,0.00498537868923611,20,0.0,20,0.0007663709852430555,20,0.0,20,0.00037765663368239896,20,0.0,20,0.6893446340016796,20,0.6903130396380525,20,1.0,20,1243.0,20,0.9930388843031419,20,1.33608292220899e-05,20,1.0,4,634.5,4
N192_M96,random,additive,20308958,20,0.5059895833333333,20,0.4880208333333334,20,0.005897886976766912,20,0.4989583333333332,20,0.008854166666666666,20,0.05,20,0.0,20,0.008854166666666666,20,0.014661010742187494,20,0.008854166666666666,20,0.0049655761718750005,20,0.0,20,0.0007735324435763889,20,0.0,20,0.0003869865225966784,20,0.0,20,0.6918064655257944,20,0.6929669261844639,20,0.95,20,1146.1052631578948,19,0.9999967720589422,19,3.228337051301504e-06,19,1.0,1,1.0,1
N192_M96,random,additive,20316980,20,0.4958333333333333,20,0.50625,20,0.004806075567810201,20,0.4955729166666668,20,0.0,20,0.0,20,0.0,20,0.0,20,0.0058618570963541675,20,0.0,20,0.0044737684461805555,20,0.0,20,0.0006829155815972222,20,0.0,20,0.0003341874256057232,20,0.0,20,0.7001544232817183,20,0.7012193145745398,20,1.0,20,1175.25,20,0.9999973667579525,20,2.633519435373433e-06,20,1.0,1,1.0,1
N192_M96,random,additive,20325002,20,0.5005208333333334,20,0.5041666666666667,20,0.0033962239308565115,20,0.4934895833333333,20,0.017708333333333333,20,0.1,20,0.2,20,0.012239583333333333,20,0.015475097656250002,20,0.012702799479166665,20,0.010866644965277776,20,0.008709852430555557,20,0.0015745578342013888,20,0.0011724175347222223,20,0.0008660230607426198,20,0.0006742743599899512,20,0.6891432757873462,20,0.6902354204930398,20,0.9,20,559.5555555555555,18,0.9999764070259877,18,2.9505313907034656e-06,18,1.0,1,8.0,1
N192_M96,random,additive,20333024,20,0.49765625,20,0.4921875,20,-0.0087649672991046,20,0.5033854166666667,20,0.00703125,20,0.05,20,0.05,20,0.007291666666666667,20,0.010191962348090278,20,0.0066193033854166665,20,0.007454508463541666,20,0.003951714409722222,20,0.0010783013237847222,20,0.00048036024305555554,20,0.000573698526254975,20,0.00027676649687152554,20,0.6959438054545581,20,0.6972417383642663,20,0.95,20,860.5263157894736,19,0.9999915942185142,19,5.590647796315835e-06,19,1.0,2,1.5,2
N192_M96,random,gain_only,20260826,20,0.4973958333333333,20,0.5114583333333333,20,0.015750732474064544,20,0.4919270833333333,20,0.26067708333333334,20,1.0,20,19.55,20,0.32916666666666666,20,0.3186530354817708,20,0.31607926432291666,20,0.4287361382378473,20,0.42807411024305553,20,0.18979326714409722,20,0.18862380642361107,20,0.1393286908219415,20,0.1379531782300984,20,0.3439835397103381,20,0.34857045487647886,20,0.0,20,nan,0,nan,0,nan,0,nan,0,nan,0
N192_M96,random,gain_only,20268848,20,0.49765625,20,0.4953125000000001,20,0.02167926298867338,20,0.4848958333333333,20,0.26328125,20,1.0,20,20.85,20,0.3236979166666667,20,0.322376953125,20,0.32073795572916663,20,0.4306880425347222,20,0.4310460069444444,20,0.19140445963541666,20,0.1909057074652778,20,0.14127752775353603,20,0.14057172063927476,20,0.3377067241786308,20,0.3410145210823589,20,0.0,20,nan,0,nan,0,nan,0,nan,0,nan,0
N192_M96,random,gain_only,20276870,20,0.4984375,20,0.4916666666666667,20,-0.003207648268652042,20,0.5,20,0.2513020833333333,20,1.0,20,20.15,20,0.32083333333333336,20,0.31601652018229165,20,0.3134842664930556,20,0.4282752821180555,20,0.4280438368055554,20,0.18926171875,20,0.1885392252604167,20,0.13839579198337687,20,0.13736232365441486,20,0.34582388458174035,20,0.3503943134936151,20,0.0,20,nan,0,nan,0,nan,0,nan,0,nan,0
N192_M96,random,gain_only,20284892,20,0.5182291666666666,20,0.5072916666666667,20,-0.03406130462551828,20,0.5231770833333335,20,0.2713541666666667,20,1.0,20,20.5,20,0.31484375,20,0.3232152099609375,20,0.32040001085069447,20,0.43060739474826387,20,0.4294115668402778,20,0.1913929985894097,20,0.18988997395833332,20,0.14145533562627738,20,0.1397817058282697,20,0.33754807095534656,20,0.34282522554423195,20,0.0,20,nan,0,nan,0,nan,0,nan,0,nan,0
N192_M96,random,gain_only,20292914,20,0.5041666666666668,20,0.50625,20,0.004237521257437954,20,0.4997395833333333,20,0.26041666666666663,20,1.0,20,20.5,20,0.30677083333333327,20,0.3201226128472222,20,0.3175984157986111,20,0.4292967664930556,20,0.42834700520833335,20,0.19026673719618054,20,0.18897281901041668,20,0.14000464820017305,20,0.13854845816038214,20,0.3420145304172738,20,0.3466141301088078,20,0.0,20,nan,0,nan,0,nan,0,nan,0,nan,0
N192_M96,random,gain_only,20300936,20,0.50078125,20,0.5046875,20,-0.00821826956729461,20,0.4997395833333334,20,0.27057291666666666,20,1.0,20,21.45,20,0.3244791666666667,20,0.3229847412109375,20,0.32082340494791667,20,0.43172295464409727,20,0.4315185546875,20,0.19245522732204862,20,0.19172216796875,20,0.14220263123977345,20,0.14122970298264814,20,0.3331868036131165,20,0.337362631219118,20,0.0,20,nan,0,nan,0,nan,0,nan,0,nan,0
N192_M96,random,gain_only,20308958,20,0.5059895833333333,20,0.4880208333333334,20,0.005897886976766912,20,0.4989583333333332,20,0.2674479166666667,20,1.0,20,21.45,20,0.29921875,20,0.3215039333767361,20,0.31931271701388886,20,0.4304703776041666,20,0.43016644965277784,20,0.1913257921006944,20,0.19038113064236112,20,0.1410756003063464,20,0.13993898062783822,20,0.336936086472556,20,0.341318683431948,20,0.0,20,nan,0,nan,0,nan,0,nan,0,nan,0
N192_M96,random,gain_only,20316980,20,0.4958333333333333,20,0.50625,20,0.004806075567810201,20,0.4955729166666668,20,0.27057291666666666,20,1.0,20,19.55,20,0.3166666666666667,20,0.31868043348524305,20,0.3157603081597221,20,0.42938728841145835,20,0.4283546006944444,20,0.19027823893229168,20,0.18877012803819443,20,0.13967561831758907,20,0.13798914397115886,20,0.3409193181973579,20,0.3458827772835586,20,0.0,20,nan,0,nan,0,nan,0,nan,0,nan,0
N192_M96,random,gain_only,20325002,20,0.5005208333333334,20,0.5041666666666667,20,0.0033962239308565115,20,0.4934895833333333,20,0.27890625,20,1.0,20,20.65,20,0.3200520833333333,20,0.3228999701605903,20,0.3203125542534722,20,0.430690456814236,20,0.4297928602430555,20,0.1915083957248264,20,0.19021034071180556,20,0.14149442019266376,20,0.14002531502971338,20,0.33692244486227846,20,0.34178954777523984,20,0.0,20,nan,0,nan,0,nan,0,nan,0,nan,0
N192_M96,random,gain_only,20333024,20,0.49765625,20,0.4921875,20,-0.0087649672991046,20,0.5033854166666667,20,0.28385416666666663,20,1.0,20,20.9,20,0.3182291666666667,20,0.3197233208550347,20,0.3175246310763889,20,0.4295062662760416,20,0.42910286458333324,20,0.19047486707899305,20,0.18953857421875,20,0.14008229278294507,20,0.1389437687456396,20,0.3410173988009925,20,0.3452424207932506,20,0.0,20,nan,0,nan,0,nan,0,nan,0,nan,0
N192_M96,random,pSA,20260826,20,0.4973958333333333,20,0.5114583333333333,20,0.015750732474064544,20,0.4919270833333333,20,0.27734375,20,1.0,20,21.35,20,0.3296875,20,0.3280068766276042,20,0.32646766493055557,20,0.4313274468315972,20,0.4308237847222222,20,0.19387765842013888,20,0.19313557942708334,20,0.14430155285623344,20,0.143430393090414,20,0.3266151268423421,20,0.3291012888259716,20,0.0,20,nan,0,nan,0,nan,0,nan,0,nan,0
N192_M96,random,pSA,20268848,20,0.49765625,20,0.4953125000000001,20,0.02167926298867338,20,0.4848958333333333,20,0.27708333333333335,20,1.0,20,21.3,20,0.33671875000000007,20,0.33129315863715275,20,0.33013736979166663,20,0.4328897026909722,20,0.4326599392361111,20,0.19525729709201387,20,0.19477034505208335,20,0.14602832449502862,20,0.14541357032905625,20,0.3212277909484123,20,0.32368283049056495,20,0.0,20,nan,0,nan,0,nan,0,nan,0,nan,0
N192_M96,random,pSA,20276870,20,0.4984375,20,0.4916666666666667,20,-0.003207648268652042,20,0.5,20,0.2830729166666667,20,1.0,20,19.95,20,0.3223958333333334,20,0.32555786132812503,20,0.32376833767361113,20,0.43091650390625,20,0.43030078125,20,0.193461669921875,20,0.19257845052083336,20,0.1434612639574545,20,0.14243111167712563,20,0.328673979925301,20,0.3319039131977421,20,0.0,20,nan,0,nan,0,nan,0,nan,0,nan,0
N192_M96,random,pSA,20284892,20,0.5182291666666666,20,0.5072916666666667,20,-0.03406130462551828,20,0.5231770833333335,20,0.2807291666666666,20,1.0,20,20.6,20,0.33749999999999997,20,0.33183281792534725,20,0.33023030598958336,20,0.43279177517361117,20,0.43203331163194447,20,0.19523508029513886,20,0.19440055338541667,20,0.1461411649806051,20,0.1451858970660947,20,0.32140401239202054,20,0.3246978911022655,20,0.0,20,nan,0,nan,0,nan,0,nan,0,nan,0
N192_M96,random,pSA,20292914,20,0.5041666666666668,20,0.50625,20,0.004237521257437954,20,0.4997395833333333,20,0.28098958333333324,20,1.0,20,20.85,20,0.3171875,20,0.3290661078559028,20,0.32745317925347217,20,0.4317506510416666,20,0.43090136718750005,20,0.19424864366319447,20,0.19335601128472218,20,0.1448223745994401,20,0.14381653550865883,20,0.325352840421845,20,0.3282710015100213,20,0.0,20,nan,0,nan,0,nan,0,nan,0,nan,0
N192_M96,random,pSA,20300936,20,0.50078125,20,0.5046875,20,-0.00821826956729461,20,0.4997395833333334,20,0.29557291666666663,20,1.0,20,20.85,20,0.3252604166666667,20,0.33141073947482635,20,0.33020735677083335,20,0.4334086100260417,20,0.4330290798611111,20,0.19588444010416667,20,0.19525981987847224,20,0.1465485913382419,20,0.14583748580503578,20,0.3175596128003978,20,0.31995619843409373,20,0.0,20,nan,0,nan,0,nan,0,nan,0,nan,0
N192_M96,random,pSA,20308958,20,0.5059895833333333,20,0.4880208333333334,20,0.005897886976766912,20,0.4989583333333332,20,0.28098958333333335,20,1.0,20,20.85,20,0.32343750000000004,20,0.3304696180555556,20,0.32880539279513893,20,0.4330374348958334,20,0.43253938802083336,20,0.19532534450954858,20,0.19459933810763888,20,0.14593115050306926,20,0.14503956361196807,20,0.32037394676696745,20,0.32314437205549296,20,0.0,20,nan,0,nan,0,nan,0,nan,0,nan,0
N192_M96,random,pSA,20316980,20,0.4958333333333333,20,0.50625,20,0.004806075567810201,20,0.4955729166666668,20,0.28645833333333337,20,1.0,20,20.4,20,0.33463541666666674,20,0.32816357421875,20,0.32626209852430554,20,0.43258946397569453,20,0.43144759114583336,20,0.1948416205512153,20,0.19361176215277776,20,0.1450380461916561,20,0.1437222024590334,20,0.3236417843052024,20,0.32729140766641374,20,0.0,20,nan,0,nan,0,nan,0,nan,0,nan,0
N192_M96,random,pSA,20325002,20,0.5005208333333334,20,0.5041666666666667,20,0.0033962239308565115,20,0.4934895833333333,20,0.2875,20,1.0,20,20.9,20,0.32421875000000006,20,0.33144779459635415,20,0.3300767144097222,20,0.43253903537326394,20,0.4320963541666667,20,0.19504216851128475,20,0.19438319227430553,20,0.14592830520711825,20,0.14514640814204832,20,0.32108745984733267,20,0.3237112328997906,20,0.0,20,nan,0,nan,0,nan,0,nan,0,nan,0
N192_M96,random,pSA,20333024,20,0.49765625,20,0.4921875,20,-0.0087649672991046,20,0.5033854166666667,20,0.28125,20,1.0,20,21.1,20,0.33359375,20,0.3287497965494791,20,0.32760736762152776,20,0.4318398166232639,20,0.43173209635416665,20,0.19443391927083334,20,0.19410579427083335,20,0.144899295460093,20,0.14441539236804327,20,0.32409788709368087,20,0.32616604324333676,20,0.0,20,nan,0,nan,0,nan,0,nan,0,nan,0
N192_M96,random,shuffled,20260826,20,0.4973958333333333,20,0.5114583333333333,20,0.015750732474064544,20,0.4919270833333333,20,0.37552083333333336,20,1.0,20,28.9,20,0.39895833333333336,20,0.39859905327690975,20,0.3979386935763889,20,0.48238430447048614,20,0.48254123263888893,20,0.24532139756944446,20,0.2453170572916667,20,0.20397048122502173,20,0.20374526473050922,20,0.19406884284950837,20,0.1950754702093169,20,0.0,20,nan,0,nan,0,nan,0,nan,0,nan,0
N192_M96,random,shuffled,20268848,20,0.49765625,20,0.4953125000000001,20,0.02167926298867338,20,0.4848958333333333,20,0.3890625,20,1.0,20,28.2,20,0.396875,20,0.39990188259548615,20,0.3993409830729166,20,0.48255777994791665,20,0.4824886067708333,20,0.24549407280815974,20,0.24527891710069447,20,0.20455368583803488,20,0.2041870400423337,20,0.1919191031506927,20,0.19303001119202517,20,0.0,20,nan,0,nan,0,nan,0,nan,0,nan,0
N192_M96,random,shuffled,20276870,20,0.4984375,20,0.4916666666666667,20,-0.003207648268652042,20,0.5,20,0.3869791666666666,20,1.0,20,27.5,20,0.3848958333333333,20,0.3972067328559028,20,0.3964315321180556,20,0.48229730902777773,20,0.48236805555555556,20,0.24507058376736107,20,0.24484141710069443,20,0.2032867992552109,20,0.20283896690106165,20,0.1947796568616973,20,0.19616891172506326,20,0.0,20,nan,0,nan,0,nan,0,nan,0,nan,0
N192_M96,random,shuffled,20284892,20,0.5182291666666666,20,0.5072916666666667,20,-0.03406130462551828,20,0.5231770833333335,20,0.37421874999999993,20,1.0,20,27.95,20,0.38984375,20,0.4003362223307292,20,0.3996253255208333,20,0.4824002007378473,20,0.48260286458333335,20,0.2455231526692708,20,0.24548480902777778,20,0.20472728486180697,20,0.20445659762194035,20,0.19199445591008715,20,0.1934990867141643,20,0.0,20,nan,0,nan,0,nan,0,nan,0,nan,0
N192_M96,random,shuffled,20292914,20,0.5041666666666668,20,0.50625,20,0.004237521257437954,20,0.4997395833333333,20,0.3947916666666667,20,1.0,20,27.8,20,0.3825520833333334,20,0.3991372612847222,20,0.39842768012152774,20,0.4823992513020833,20,0.4823638237847221,20,0.2453116997612847,20,0.24536512586805553,20,0.20414513414270985,20,0.2039506316045135,20,0.1932180916899506,20,0.19450570567810838,20,0.0,20,nan,0,nan,0,nan,0,nan,0,nan,0
N192_M96,random,shuffled,20300936,20,0.50078125,20,0.5046875,20,-0.00821826956729461,20,0.4997395833333334,20,0.3888020833333333,20,1.0,20,28.15,20,0.39765624999999993,20,0.40048779296875,20,0.39987711588541663,20,0.4826329752604167,20,0.48250032552083344,20,0.24579332139756943,20,0.24545779079861108,20,0.20500778631765287,20,0.20451996954584323,20,0.18892011120165295,20,0.19017590663985168,20,0.0,20,nan,0,nan,0,nan,0,nan,0,nan,0
N192_M96,random,shuffled,20308958,20,0.5059895833333333,20,0.4880208333333334,20,0.005897886976766912,20,0.4989583333333332,20,0.3815104166666667,20,1.0,20,28.25,20,0.39713541666666663,20,0.3991726888020834,20,0.39885514322916665,20,0.4823731011284722,20,0.48248155381944435,20,0.24527685546875003,20,0.24529188368055554,20,0.20413831078429023,20,0.20404201628165897,20,0.19165561011193039,20,0.1925917144281734,20,0.0,20,nan,0,nan,0,nan,0,nan,0,nan,0
N192_M96,random,shuffled,20316980,20,0.4958333333333333,20,0.50625,20,0.004806075567810201,20,0.4955729166666668,20,0.37890625,20,1.0,20,28.35,20,0.4052083333333334,20,0.3984601779513889,20,0.39762011718749996,20,0.4825700954861111,20,0.482633029513889,20,0.2454811469184027,20,0.24523594835069443,20,0.20404956849811767,20,0.20356695145287934,20,0.1925323763101721,20,0.19393185228720586,20,0.0,20,nan,0,nan,0,nan,0,nan,0,nan,0
N192_M96,random,shuffled,20325002,20,0.5005208333333334,20,0.5041666666666667,20,0.0033962239308565115,20,0.4934895833333333,20,0.3885416666666667,20,1.0,20,28.7,20,0.4020833333333334,20,0.4003275553385417,20,0.3996965060763889,20,0.4824725477430555,20,0.4823721788194444,20,0.24548798285590276,20,0.24532698567708336,20,0.20470105844618453,20,0.20435649697028135,20,0.19109155512331538,20,0.1922028056968767,20,0.0,20,nan,0,nan,0,nan,0,nan,0,nan,0
N192_M96,random,shuffled,20333024,20,0.49765625,20,0.4921875,20,-0.0087649672991046,20,0.5033854166666667,20,0.39869791666666676,20,1.0,20,28.65,20,0.4033854166666667,20,0.3993106825086806,20,0.3987431098090278,20,0.4825216471354167,20,0.4829345703125,20,0.24555699327256947,20,0.24562217881944443,20,0.20441119459604212,20,0.20427500988632846,20,0.1919825597728346,20,0.1929383779755397,20,0.0,20,nan,0,nan,0,nan,0,nan,0,nan,0
N288_M144,all_zero,additive,20260826,20,0.507638888888889,20,0.0,20,-0.012337852223898996,20,0.5059027777777778,20,0.006770833333333333,20,0.05,20,0.15,20,0.006597222222222222,20,nan,0,0.0067422417534722225,20,0.005492906358506945,20,0.0016711154513888889,20,0.000924045138888889,20,0.00012822808159722223,20,0.00048155792532941067,20,7.39975681138208e-05,20,0.7278551889935367,20,0.728905625909926,20,0.95,20,762.4736842105264,19,0.999997913184293,19,2.0869812025603084e-06,19,1.0,1,1.0,1
N288_M144,all_zero,additive,20268848,20,0.49444444444444446,20,0.0,20,0.011068674293295094,20,0.4911458333333333,20,0.00798611111111111,20,0.05,20,0.2,20,0.00798611111111111,20,nan,0,0.007548583984375,20,0.005483656141493055,20,0.0016466471354166668,20,0.0009560818142361109,20,0.000193359375,20,0.0005017817579110473,20,0.00011406180808094364,20,0.7237489671224963,20,0.724004738985744,20,0.95,20,790.3684210526316,19,1.0,19,0.0,19,nan,0,nan,0
N288_M144,all_zero,additive,20276870,20,0.4864583333333333,20,0.0,20,0.03740802032413869,20,0.4781249999999999,20,0.0,20,0.0,20,0.0,20,0.0,20,nan,0,0.0,20,0.0038359646267361117,20,0.0,20,0.0007632649739583334,20,0.0,20,0.0003750627632721256,20,0.0,20,0.7286809995330031,20,0.7296282904264383,20,1.0,20,1152.95,20,0.9999953727155175,20,4.627722634068173e-06,20,1.0,2,1.0,2
N288_M144,all_zero,additive,20284892,20,0.4899305555555554,20,0.0,20,0.009704268216751143,20,0.49409722222222224,20,0.0036458333333333334,20,0.05,20,0.25,20,0.0036458333333333334,20,nan,0,0.005216878255208333,20,0.006127115885416667,20,0.0034783528645833334,20,0.001004035101996528,20,0.0004384223090277778,20,0.0005165151215175314,20,0.000244597561898993,20,0.7292247294092026,20,0.7297652724884782,20,0.95,20,1076.1052631578948,19,0.9999066334201685,19,8.330565360408096e-06,19,1.0,3,9.0,3
N288_M144,all_zero,additive,20292914,20,0.49861111111111117,20,0.0,20,0.007855211912368066,20,0.49409722222222224,20,0.0203125,20,0.15,20,0.75,20,0.018229166666666664,20,nan,0,0.017736300998263888,20,0.012046522352430554,20,0.008515353732638889,20,0.0016811726888020834,20,0.0009217664930555557,20,0.0009199028299946357,20,0.0005327432337171248,20,0.722021106643963,20,0.722425801679991,20,0.85,20,840.3529411764706,17,0.9999976906591783,17,2.309522159865124e-06,17,1.0,1,1.0,1
N288_M144,all_zero,additive,20300936,20,0.49305555555555564,20,0.0,20,0.006316470483301311,20,0.49878472222222225,20,0.0,20,0.0,20,0.0,20,0.0,20,nan,0,0.0,20,0.004571058485243055,20,0.0,20,0.0008120388454861113,20,0.0,20,0.00040185629705542867,20,0.0,20,0.7272701632433883,20,0.7279614159742968,20,1.0,20,1710.25,20,0.9999901048881853,20,1.9794924581337345e-06,20,1.0,1,5.0,1
N288_M144,all_zero,additive,20308958,20,0.5045138888888889,20,0.0,20,-0.003253149446749383,20,0.4989583333333334,20,0.01701388888888889,20,0.15,20,0.7,20,0.01666666666666667,20,nan,0,0.018762044270833333,20,0.013183281792534723,20,0.007177842881944445,20,0.0018788384331597224,20,0.000840087890625,20,0.0010088444439468951,20,0.0004793429265980538,20,0.7254927886648928,20,0.7257149008622583,20,0.85,20,2127.529411764706,17,0.9999953912696822,17,2.304636005789246e-06,17,1.0,1,2.0,1
N288_M144,all_zero,additive,20316980,20,0.501736111111111,20,0.0,20,-0.0012298837153197739,20,0.5006944444444443,20,0.0,20,0.0,20,0.0,20,0.0,20,nan,0,0.0,20,0.003967054578993055,20,0.0,20,0.0007733696831597222,20,0.0,20,0.00037975279953042143,20,0.0,20,0.7208819697119985,20,0.7219924177232537,20,1.0,20,1374.25,20,0.9999877874559138,20,6.016116159515216e-06,20,1.0,2,2.5,2
N288_M144,all_zero,additive,20325002,20,0.49340277777777775,20,0.0,20,0.0029391256008699613,20,0.4984375,20,0.0,20,0.0,20,0.0,20,0.0,20,nan,0,0.0,20,0.0036229112413194444,20,0.0,20,0.0006869303385416667,20,0.0,20,0.00033950157202306783,20,0.0,20,0.7315243709193943,20,0.7321739488319168,20,1.0,20,1206.55,20,1.0,20,0.0,20,nan,0,nan,0
N288_M144,all_zero,additive,20333024,20,0.49930555555555556,20,0.0,20,0.006997107328437549,20,0.49687500000000007,20,0.0038194444444444448,20,0.05,20,0.3,20,0.005729166666666666,20,nan,0,0.004938069661458333,20,0.007031955295138888,20,0.0029951714409722223,20,0.0011405775282118057,20,0.00037418619791666666,20,0.0005849997808719732,20,0.0002076552206972568,20,0.7234745797712355,20,0.7242335857592386,20,0.95,20,1599.578947368421,19,0.9999583450761952,19,6.3969574297926055e-06,19,1.0,3,6.333333333333333,3
N288_M144,all_zero,gain_only,20260826,20,0.507638888888889,20,0.0,20,-0.012337852223898996,20,0.5059027777777778,20,0.3227430555555556,20,1.0,20,46.35,20,0.3467013888888889,20,nan,0,0.33998242187500005,20,0.4508229573567708,20,0.4509112413194445,20,0.22976201036241323,20,0.22994230143229166,20,0.17401023537644533,20,0.17422617766884346,20,0.3165189002710868,20,0.31622436420945704,20,0.0,20,nan,0,nan,0,nan,0,nan,0,nan,0
N288_M144,all_zero,gain_only,20268848,20,0.49444444444444446,20,0.0,20,0.011068674293295094,20,0.4911458333333333,20,0.33003472222222224,20,1.0,20,46.95,20,0.3454861111111111,20,nan,0,0.34170472547743064,20,0.45126184082031245,20,0.45148334418402775,20,0.23025303819444445,20,0.23053727213541664,20,0.17472376984831617,20,0.17514386977396437,20,0.31483493509877797,20,0.31369259449640224,20,0.0,20,nan,0,nan,0,nan,0,nan,0,nan,0
N288_M144,all_zero,gain_only,20276870,20,0.4864583333333333,20,0.0,20,0.03740802032413869,20,0.4781249999999999,20,0.32743055555555556,20,1.0,20,47.0,20,0.3446180555555555,20,nan,0,0.3399462890625001,20,0.45104296875000005,20,0.4512174479166666,20,0.23003065999348965,20,0.23024603949652783,20,0.174163085837474,20,0.17446434808630823,20,0.3159489019407612,20,0.3150822456502088,20,0.0,20,nan,0,nan,0,nan,0,nan,0,nan,0
N288_M144,all_zero,gain_only,20284892,20,0.4899305555555554,20,0.0,20,0.009704268216751143,20,0.49409722222222224,20,0.32690972222222225,20,1.0,20,46.95,20,0.33524305555555556,20,nan,0,0.33968655056423613,20,0.45071337890625,20,0.4509239908854167,20,0.22952423095703126,20,0.2297082790798611,20,0.17375121390913942,20,0.17396560036759556,20,0.3183385269919982,20,0.3178170576968814,20,0.0,20,nan,0,nan,0,nan,0,nan,0,nan,0
N288_M144,all_zero,gain_only,20292914,20,0.49861111111111117,20,0.0,20,0.007855211912368066,20,0.49409722222222224,20,0.3220486111111111,20,1.0,20,47.65,20,0.3487847222222223,20,nan,0,0.34244468858506943,20,0.45145572916666665,20,0.45151991102430555,20,0.2305638224283854,20,0.2307111273871528,20,0.17526901559911406,20,0.17547760741494994,20,0.31328201613799633,20,0.3126006503888755,20,0.0,20,nan,0,nan,0,nan,0,nan,0,nan,0
N288_M144,all_zero,gain_only,20300936,20,0.49305555555555564,20,0.0,20,0.006316470483301311,20,0.49878472222222225,20,0.3036458333333333,20,1.0,20,47.05,20,0.3342013888888889,20,nan,0,0.34015581597222216,20,0.45107377115885416,20,0.4513390842013889,20,0.23018015543619788,20,0.23041805013020836,20,0.17437789971976042,20,0.17462849351011905,20,0.31442757517740144,20,0.3140903682790111,20,0.0,20,nan,0,nan,0,nan,0,nan,0,nan,0
N288_M144,all_zero,gain_only,20308958,20,0.5045138888888889,20,0.0,20,-0.003253149446749383,20,0.4989583333333334,20,0.3284722222222222,20,1.0,20,46.9,20,0.33454861111111117,20,nan,0,0.3413271755642361,20,0.4513225911458333,20,0.45118495008680554,20,0.2303245646158854,20,0.23034345160590278,20,0.17482144872577,20,0.1748958106956718,20,0.31450219303086313,20,0.3139649948250723,20,0.0,20,nan,0,nan,0,nan,0,nan,0,nan,0
N288_M144,all_zero,gain_only,20316980,20,0.501736111111111,20,0.0,20,-0.0012298837153197739,20,0.5006944444444443,20,0.3232638888888889,20,1.0,20,45.8,20,0.33697916666666666,20,nan,0,0.34143313259548613,20,0.45115539550781253,20,0.4506178927951388,20,0.23020507134331591,20,0.2298278537326389,20,0.17480410504858074,20,0.17452218345342344,20,0.31391444777445066,20,0.3141130463734004,20,0.0,20,nan,0,nan,0,nan,0,nan,0,nan,0
N288_M144,all_zero,gain_only,20325002,20,0.49340277777777775,20,0.0,20,0.0029391256008699613,20,0.4984375,20,0.321875,20,1.0,20,46.3,20,0.33472222222222225,20,nan,0,0.33880164930555556,20,0.45073319498697917,20,0.4506720920138889,20,0.2295724148220486,20,0.22959638129340282,20,0.17364046831403324,20,0.17365281260848625,20,0.3177927041568621,20,0.31770812704194007,20,0.0,20,nan,0,nan,0,nan,0,nan,0,nan,0
N288_M144,all_zero,gain_only,20333024,20,0.49930555555555556,20,0.0,20,0.006997107328437549,20,0.49687500000000007,20,0.31875,20,1.0,20,47.1,20,0.34322916666666664,20,nan,0,0.3411899685329861,20,0.45081404622395843,20,0.45095035807291667,20,0.22957634141710073,20,0.22982836914062502,20,0.17417139356227843,20,0.17445854867451813,20,0.31802112512090586,20,0.31740918207206753,20,0.0,20,nan,0,nan,0,nan,0,nan,0,nan,0
N288_M144,all_zero,pSA,20260826,20,0.507638888888889,20,0.0,20,-0.012337852223898996,20,0.5059027777777778,20,0.3211805555555556,20,1.0,20,47.4,20,0.34184027777777776,20,nan,0,0.3396799045138889,20,0.453158474392361,20,0.45173231336805564,20,0.23193134901258677,20,0.23035286458333334,20,0.1761033431515757,20,0.17446134826080156,20,0.3133723248846188,20,0.3166294666588381,20,0.0,20,nan,0,nan,0,nan,0,nan,0,nan,0
N288_M144,all_zero,pSA,20268848,20,0.49444444444444446,20,0.0,20,0.011068674293295094,20,0.4911458333333333,20,0.3324652777777778,20,1.0,20,47.45,20,0.3489583333333333,20,nan,0,0.34167629665798616,20,0.4534052327473958,20,0.45250374348958344,20,0.23224674479166674,20,0.23123174370659721,20,0.1766574234535199,20,0.1756590987355865,20,0.3119350309274468,20,0.31382282060931016,20,0.0,20,nan,0,nan,0,nan,0,nan,0,nan,0
N288_M144,all_zero,pSA,20276870,20,0.4864583333333333,20,0.0,20,0.03740802032413869,20,0.4781249999999999,20,0.3230902777777777,20,1.0,20,47.75,20,0.3404513888888889,20,nan,0,0.3399268391927083,20,0.45321919759114576,20,0.4523636610243056,20,0.2320905965169271,20,0.23111005316840277,20,0.1761598696910956,20,0.17510567802550386,20,0.3128155341086028,20,0.31503888317503803,20,0.0,20,nan,0,nan,0,nan,0,nan,0,nan,0
N288_M144,all_zero,pSA,20284892,20,0.4899305555555554,20,0.0,20,0.009704268216751143,20,0.49409722222222224,20,0.3090277777777778,20,1.0,20,46.9,20,0.35017361111111106,20,nan,0,0.3395912543402778,20,0.45299654134114586,20,0.45195648871527777,20,0.23160810682508687,20,0.23037459309895833,20,0.17573168078899137,20,0.17444554074955182,20,0.3154369822480155,20,0.31796149129511164,20,0.0,20,nan,0,nan,0,nan,0,nan,0,nan,0
N288_M144,all_zero,pSA,20292914,20,0.49861111111111117,20,0.0,20,0.007855211912368066,20,0.49409722222222224,20,0.3331597222222222,20,1.0,20,48.45,20,0.33663194444444444,20,nan,0,0.34262860785590277,20,0.4538118218315973,20,0.4528112521701389,20,0.23273904758029512,20,0.2316145562065972,20,0.17737170175246525,20,0.17620417885782902,20,0.30998584772625115,20,0.3122178759162558,20,0.0,20,nan,0,nan,0,nan,0,nan,0,nan,0
N288_M144,all_zero,pSA,20300936,20,0.49305555555555564,20,0.0,20,0.006316470483301311,20,0.49878472222222225,20,0.32986111111111116,20,1.0,20,47.3,20,0.34496527777777775,20,nan,0,0.33992824978298614,20,0.4534263102213541,20,0.4518929578993055,20,0.23234512668185764,20,0.23078757052951393,20,0.17646391004316161,20,0.17484878176396598,20,0.3113075665000325,20,0.3145990924956308,20,0.0,20,nan,0,nan,0,nan,0,nan,0,nan,0
N288_M144,all_zero,pSA,20308958,20,0.5045138888888889,20,0.0,20,-0.003253149446749383,20,0.4989583333333334,20,0.3164930555555555,20,1.0,20,47.55,20,0.3585069444444444,20,nan,0,0.341363525390625,20,0.45368682183159725,20,0.45239914279513876,20,0.23249433729383678,20,0.23126822916666664,20,0.17689641541840215,20,0.175605654472824,20,0.31144588948749524,20,0.31405504218717006,20,0.0,20,nan,0,nan,0,nan,0,nan,0,nan,0
N288_M144,all_zero,pSA,20316980,20,0.501736111111111,20,0.0,20,-0.0012298837153197739,20,0.5006944444444443,20,0.3300347222222223,20,1.0,20,47.85,20,0.3446180555555555,20,nan,0,0.34191788736979156,20,0.45380531141493063,20,0.4526621636284722,20,0.2326262953016493,20,0.23132769097222222,20,0.17712410902571768,20,0.17578765018790646,20,0.31055067695146643,20,0.31307269769088797,20,0.0,20,nan,0,nan,0,nan,0,nan,0,nan,0
N288_M144,all_zero,pSA,20325002,20,0.49340277777777775,20,0.0,20,0.0029391256008699613,20,0.4984375,20,0.33211805555555557,20,1.0,20,46.75,20,0.3328125,20,nan,0,0.33957736545138895,20,0.45313644748263887,20,0.4523631727430556,20,0.23176241726345484,20,0.23083582899305558,20,0.17575168960302293,20,0.1747912953617657,20,0.31462865564982334,20,0.3165156657920584,20,0.0,20,nan,0,nan,0,nan,0,nan,0,nan,0
N288_M144,all_zero,pSA,20333024,20,0.49930555555555556,20,0.0,20,0.006997107328437549,20,0.49687500000000007,20,0.31805555555555554,20,1.0,20,47.2,20,0.34010416666666665,20,nan,0,0.34088232421875003,20,0.45289157443576383,20,0.45124620225694434,20,0.23152994113498263,20,0.23000211588541672,20,0.1760507328815071,20,0.1745099756970815,20,0.3151875270305368,20,0.3179314475102878,20,0.0,20,nan,0,nan,0,nan,0,nan,0,nan,0
N288_M144,all_zero,shuffled,20260826,20,0.507638888888889,20,0.0,20,-0.012337852223898996,20,0.5059027777777778,20,0.4020833333333333,20,1.0,20,52.2,20,0.39826388888888886,20,nan,0,0.40025954861111107,20,0.4871469184027778,20,0.48705566406250006,20,0.27454182942708333,20,0.2744181586371527,20,0.22893145560781275,20,0.22879183837382877,20,0.19794589257147602,20,0.19811545116902632,20,0.0,20,nan,0,nan,0,nan,0,nan,0,nan,0
N288_M144,all_zero,shuffled,20268848,20,0.49444444444444446,20,0.0,20,0.011068674293295094,20,0.4911458333333333,20,0.38836805555555554,20,1.0,20,53.85,20,0.40763888888888894,20,nan,0,0.4007346733940973,20,0.4870964355468751,20,0.4869819335937501,20,0.274552001953125,20,0.2744800347222222,20,0.22911950200559406,20,0.22902780477998083,20,0.19732172009137366,20,0.19746326809140108,20,0.0,20,nan,0,nan,0,nan,0,nan,0,nan,0
N288_M144,all_zero,shuffled,20276870,20,0.4864583333333333,20,0.0,20,0.03740802032413869,20,0.4781249999999999,20,0.4022569444444445,20,1.0,20,53.75,20,0.39756944444444453,20,nan,0,0.39986778428819447,20,0.48705479600694446,20,0.4869625651041667,20,0.27433056640625,20,0.27421777343750003,20,0.228630954850277,20,0.22847662645053082,20,0.19829199687134824,20,0.19856319408030626,20,0.0,20,nan,0,nan,0,nan,0,nan,0,nan,0
N288_M144,all_zero,shuffled,20284892,20,0.4899305555555554,20,0.0,20,0.009704268216751143,20,0.49409722222222224,20,0.3902777777777778,20,1.0,20,53.1,20,0.4102430555555555,20,nan,0,0.4000456271701389,20,0.48696853298611115,20,0.48694086371527784,20,0.27440769449869784,20,0.27435633680555555,20,0.22876625458213132,20,0.22865740739495832,20,0.19884434588322922,20,0.19926650312153352,20,0.0,20,nan,0,nan,0,nan,0,nan,0,nan,0
N288_M144,all_zero,shuffled,20292914,20,0.49861111111111117,20,0.0,20,0.007855211912368066,20,0.49409722222222224,20,0.4010416666666667,20,1.0,20,54.2,20,0.4032986111111111,20,nan,0,0.40147306315104164,20,0.4870621202256945,20,0.48713590494791664,20,0.27454587809244796,20,0.2745487467447917,20,0.2293537039431782,20,0.22936675118515729,20,0.19670642517242604,20,0.1965498735342234,20,0.0,20,nan,0,nan,0,nan,0,nan,0,nan,0
N288_M144,all_zero,shuffled,20300936,20,0.49305555555555564,20,0.0,20,0.006316470483301311,20,0.49878472222222225,20,0.4,20,1.0,20,54.6,20,0.396875,20,nan,0,0.4000335828993055,20,0.4869483235677083,20,0.4871361762152778,20,0.2744695638020833,20,0.27453317599826393,20,0.2287940232618034,20,0.2287977803270691,20,0.19695177330207386,20,0.19711883793979673,20,0.0,20,nan,0,nan,0,nan,0,nan,0,nan,0
N288_M144,all_zero,shuffled,20308958,20,0.5045138888888889,20,0.0,20,-0.003253149446749383,20,0.4989583333333334,20,0.3975694444444444,20,1.0,20,52.7,20,0.4064236111111111,20,nan,0,0.40079714626736107,20,0.4870552571614583,20,0.48700303819444446,20,0.2745556165907118,20,0.2744933810763889,20,0.22918151987847288,20,0.22906159300762297,20,0.1971448339798453,20,0.19754007455466743,20,0.0,20,nan,0,nan,0,nan,0,nan,0,nan,0
N288_M144,all_zero,shuffled,20316980,20,0.501736111111111,20,0.0,20,-0.0012298837153197739,20,0.5006944444444443,20,0.4,20,1.0,20,54.3,20,0.40954861111111107,20,nan,0,0.4013024088541667,20,0.48699570041232637,20,0.48694867621527776,20,0.27448902045355905,20,0.2744953342013889,20,0.22922086576498205,20,0.22925432417726427,20,0.1967530287027755,20,0.19680584120420133,20,0.0,20,nan,0,nan,0,nan,0,nan,0,nan,0
N288_M144,all_zero,shuffled,20325002,20,0.49340277777777775,20,0.0,20,0.0029391256008699613,20,0.4984375,20,0.3866319444444445,20,1.0,20,53.55,20,0.39236111111111105,20,nan,0,0.39963015407986113,20,0.487089599609375,20,0.4869737413194445,20,0.27447502983940975,20,0.2742326388888888,20,0.22865158608457553,20,0.22839613436957312,20,0.198787847584058,20,0.19904566954890357,20,0.0,20,nan,0,nan,0,nan,0,nan,0,nan,0
N288_M144,all_zero,shuffled,20333024,20,0.49930555555555556,20,0.0,20,0.006997107328437549,20,0.49687500000000007,20,0.3927083333333333,20,1.0,20,53.7,20,0.4072916666666667,20,nan,0,0.4008827311197917,20,0.4869378119574653,20,0.4867070855034722,20,0.274353271484375,20,0.2742575141059027,20,0.22904327613550834,20,0.2288929287314549,20,0.19882707333133925,20,0.19905761279012676,20,0.0,20,nan,0,nan,0,nan,0,nan,0,nan,0
N288_M144,channel_hard,additive,20260826,20,0.0920138888888889,20,0.34305555555555556,20,0.8107560731668515,20,0.0,20,0.0,20,0.0,20,0.0,20,0.0,20,0.007572455512152777,20,0.0,20,0.005811252170138889,20,0.0,20,0.0009836290147569446,20,0.0,20,0.0004979508117122065,20,0.0,20,0.7277035459364554,20,0.7284227110949448,20,1.0,20,2079.45,20,1.0,20,0.0,20,nan,0,nan,0
N288_M144,channel_hard,additive,20268848,20,0.09496527777777777,20,0.3538194444444444,20,0.8099806586242486,20,0.0,20,0.0,20,0.0,20,0.0,20,0.0,20,0.0036469319661458334,20,0.0,20,0.003388699001736111,20,0.0,20,0.0006815931532118053,20,0.0,20,0.0003411192243292826,20,0.0,20,0.7233530682087794,20,0.7240736068072509,20,1.0,20,973.5,20,0.9999546172059984,20,1.9750355506399115e-06,20,1.0,1,23.0,1
N288_M144,channel_hard,additive,20276870,20,0.09340277777777778,20,0.35416666666666663,20,0.8091930082448832,20,0.0,20,0.0,20,0.0,20,0.0,20,0.0,20,0.0049059651692708334,20,0.0007298719618055555,20,0.004610243055555555,20,0.0006056857638888889,20,0.0008222113715277779,20,4.836697048611111e-05,20,0.0004132951812357206,20,2.4445475852659848e-05,20,0.7290482130334712,20,0.7299738867428422,20,1.0,20,2062.45,20,0.9999822493218458,20,3.9560983326224e-06,20,1.0,2,4.5,2
N288_M144,channel_hard,additive,20284892,20,0.09027777777777778,20,0.34513888888888883,20,0.814339607447155,20,0.0,20,0.00625,20,0.05,20,0.3,20,0.00625,20,0.01105318874782986,20,0.005570882161458334,20,0.007208075629340277,20,0.0029388563368055553,20,0.0011100667317708334,20,0.0003382975260416667,20,0.0005829508186336355,20,0.00019067610339370495,20,0.729901035739706,20,0.7300386372622184,20,0.95,20,1585.578947368421,19,0.9999895651220009,19,4.213988662653734e-06,19,1.0,2,2.5,2
N288_M144,channel_hard,additive,20292914,20,0.09583333333333334,20,0.3604166666666667,20,0.8066498060507963,20,0.0,20,0.011458333333333334,20,0.1,20,0.4,20,0.011805555555555555,20,0.017718627929687498,20,0.010813937717013888,20,0.01084011501736111,20,0.005295193142361111,20,0.0015439860026041667,20,0.0005730794270833333,20,0.0008320629281779408,20,0.0003307933777879013,20,0.7215878874277539,20,0.7223801082606799,20,0.9,20,1795.888888888889,18,0.9999693256910483,18,2.192318991182493e-06,18,1.0,1,14.0,1
N288_M144,channel_hard,additive,20300936,20,0.08871527777777778,20,0.3413194444444444,20,0.8062384082866183,20,0.0,20,0.0,20,0.0,20,0.0,20,0.0,20,0.003909566243489582,20,0.0,20,0.003555107964409722,20,0.0,20,0.0007000664605034722,20,0.0,20,0.00035031235929154425,20,0.0,20,0.7271242390083084,20,0.7279614159742968,20,1.0,20,1131.95,20,1.0,20,0.0,20,nan,0,nan,0
N288_M144,channel_hard,additive,20308958,20,0.09513888888888887,20,0.36111111111111116,20,0.8084384904009975,20,0.0,20,0.01111111111111111,20,0.1,20,0.4,20,0.010763888888888889,20,0.019409335666232635,20,0.012164035373263889,20,0.011685479058159722,20,0.005396104600694444,20,0.001681410047743055,20,0.000641574435763889,20,0.0009061987838187967,20,0.00036505931949865734,20,0.7255749134951213,20,0.7254150536022516,20,0.9,20,2336.6666666666665,18,0.9999978097553497,18,2.190417362124179e-06,18,1.0,1,1.0,1
N288_M144,channel_hard,additive,20316980,20,0.09166666666666667,20,0.3631944444444445,20,0.8082626671606207,20,0.0,20,0.005729166666666666,20,0.05,20,0.25,20,0.005555555555555555,20,0.00840432400173611,20,0.005608506944444445,20,0.005525580512152778,20,0.0025936414930555554,20,0.0009573703342013887,20,0.00032194010416666666,20,0.0005022988542292549,20,0.00018136798390664682,20,0.7212422000970726,20,0.7222531228564175,20,0.95,20,772.3157894736842,19,1.0,19,0.0,19,nan,0,nan,0
N288_M144,channel_hard,additive,20325002,20,0.09079861111111111,20,0.3496527777777777,20,0.8127899079373122,20,0.0,20,0.0,20,0.0,20,0.0,20,0.0,20,0.0052868381076388886,20,0.0,20,0.0040903320312499995,20,0.0,20,0.0007437405056423611,20,0.0,20,0.0003762200508644618,20,0.0,20,0.731549525222307,20,0.7321739488319168,20,1.0,20,1403.0,20,0.999751951550125,20,1.1896892858041166e-05,20,1.0,4,26.166666666666668,4
N288_M144,channel_hard,additive,20333024,20,0.096875,20,0.35,20,0.8131595581772663,20,0.0,20,0.0,20,0.0,20,0.0,20,0.0,20,0.008481750488281248,20,0.0030714246961805556,20,0.006515828450520833,20,0.0018736436631944444,20,0.0010672607421874998,20,0.00023092990451388892,20,0.0005513210402554947,20,0.00012274878667434315,20,0.7237064523994363,20,0.7241009530102432,20,1.0,20,2670.45,20,1.0,20,0.0,20,nan,0,nan,0
N288_M144,channel_hard,gain_only,20260826,20,0.0920138888888889,20,0.34305555555555556,20,0.8107560731668515,20,0.0,20,0.3164930555555555,20,1.0,20,47.15,20,0.3407986111111111,20,0.3398610500759548,20,0.3401775987413194,20,0.4511610107421875,20,0.4512625325520833,20,0.23002684868706597,20,0.2301636013454861,20,0.17426593445350197,20,0.17445013138262905,20,0.3162946249883737,20,0.31567464005708834,20,0.0,20,nan,0,nan,0,nan,0,nan,0,nan,0
N288_M144,channel_hard,gain_only,20268848,20,0.09496527777777777,20,0.3538194444444444,20,0.8099806586242486,20,0.0,20,0.32274305555555555,20,1.0,20,47.35,20,0.33993055555555557,20,0.3409339057074653,20,0.34144745551215283,20,0.45116175672743053,20,0.45131342230902777,20,0.2301682874891493,20,0.23040923394097224,20,0.17466091012832088,20,0.17497691031066503,20,0.314878496791518,20,0.31392828696817476,20,0.0,20,nan,0,nan,0,nan,0,nan,0,nan,0
N288_M144,channel_hard,gain_only,20276870,20,0.09340277777777778,20,0.35416666666666663,20,0.8091930082448832,20,0.0,20,0.325,20,1.0,20,46.5,20,0.33906249999999993,20,0.3394115600585938,20,0.33955769856770834,20,0.4508202175564236,20,0.45059120008680564,20,0.22986237928602432,20,0.22979421657986107,20,0.1740311827542047,20,0.17401659814059328,20,0.31613494556331345,20,0.31582916615210443,20,0.0,20,nan,0,nan,0,nan,0,nan,0,nan,0
N288_M144,channel_hard,gain_only,20284892,20,0.09027777777777778,20,0.34513888888888883,20,0.814339607447155,20,0.0,20,0.3130208333333334,20,1.0,20,46.25,20,0.35225694444444444,20,0.33930756293402775,20,0.3396881781684028,20,0.4506764594184027,20,0.4506592339409723,20,0.2294816419813368,20,0.22955414496527782,20,0.17369938113245198,20,0.17385119341369654,20,0.31843370733833465,20,0.3177294471680078,20,0.0,20,nan,0,nan,0,nan,0,nan,0,nan,0
N288_M144,channel_hard,gain_only,20292914,20,0.09583333333333334,20,0.3604166666666667,20,0.8066498060507963,20,0.0,20,0.33871527777777777,20,1.0,20,47.35,20,0.34114583333333337,20,0.3420273640950521,20,0.3422850748697916,20,0.4513367919921875,20,0.45141118706597216,20,0.2304562377929687,20,0.23057324218750003,20,0.17517335353285318,20,0.1753280719657744,20,0.31336776630280594,20,0.31268088156776813,20,0.0,20,nan,0,nan,0,nan,0,nan,0,nan,0
N288_M144,channel_hard,gain_only,20300936,20,0.08871527777777778,20,0.3413194444444444,20,0.8062384082866183,20,0.0,20,0.31875,20,1.0,20,46.7,20,0.34704861111111107,20,0.33984523518880205,20,0.34024590386284725,20,0.45122804090711793,20,0.45144753689236117,20,0.2302894151475694,20,0.23063772243923614,20,0.17445271122741876,20,0.17482050490841244,20,0.3145228310075026,20,0.31394493885851193,20,0.0,20,nan,0,nan,0,nan,0,nan,0,nan,0
N288_M144,channel_hard,gain_only,20308958,20,0.09513888888888887,20,0.36111111111111116,20,0.8084384904009975,20,0.0,20,0.3060763888888889,20,1.0,20,46.95,20,0.34131944444444445,20,0.3409558851453992,20,0.34106423611111114,20,0.4511271565755209,20,0.45080457899305565,20,0.23014596896701392,20,0.22990907118055554,20,0.17464817027224386,20,0.17449575188594266,20,0.31493624957096955,20,0.3147090090466054,20,0.0,20,nan,0,nan,0,nan,0,nan,0,nan,0
N288_M144,channel_hard,gain_only,20316980,20,0.09166666666666667,20,0.3631944444444445,20,0.8082626671606207,20,0.0,20,0.3197916666666667,20,1.0,20,47.3,20,0.3524305555555556,20,0.3415003255208334,20,0.34163378906249997,20,0.45148977322048617,20,0.45142252604166677,20,0.23046430121527775,20,0.23049210611979168,20,0.17502789933854815,20,0.17508396857281014,20,0.31373551795759647,20,0.3133219767410121,20,0.0,20,nan,0,nan,0,nan,0,nan,0,nan,0
N288_M144,channel_hard,gain_only,20325002,20,0.09079861111111111,20,0.3496527777777777,20,0.8127899079373122,20,0.0,20,0.3168402777777778,20,1.0,20,47.05,20,0.34479166666666666,20,0.3387822401258681,20,0.3389998101128472,20,0.45059667968749995,20,0.45034771050347217,20,0.22948009575737852,20,0.22936669921875003,20,0.17356317144377614,20,0.17353348032793786,20,0.3179866611272995,20,0.31766940808485006,20,0.0,20,nan,0,nan,0,nan,0,nan,0,nan,0
N288_M144,channel_hard,gain_only,20333024,20,0.096875,20,0.35,20,0.8131595581772663,20,0.0,20,0.3088541666666666,20,1.0,20,47.95,20,0.3505208333333333,20,0.34074270290798614,20,0.3412450629340278,20,0.4506668836805555,20,0.4507944878472222,20,0.22945404052734375,20,0.2297078721788195,20,0.17405967283393675,20,0.1743826077275813,20,0.3183216794565545,20,0.31733459260311203,20,0.0,20,nan,0,nan,0,nan,0,nan,0,nan,0
N288_M144,channel_hard,pSA,20260826,20,0.0920138888888889,20,0.34305555555555556,20,0.8107560731668515,20,0.0,20,0.33020833333333327,20,1.0,20,48.4,20,0.3446180555555556,20,0.3414189792209201,20,0.33992890082465277,20,0.45343688964843754,20,0.4519209526909722,20,0.2321602579752604,20,0.2305934516059028,20,0.17629512328505875,20,0.1747063814406425,20,0.31332928806382243,20,0.3162269275323042,20,0.0,20,nan,0,nan,0,nan,0,nan,0,nan,0
N288_M144,channel_hard,pSA,20268848,20,0.09496527777777777,20,0.3538194444444444,20,0.8099806586242486,20,0.0,20,0.32482638888888893,20,1.0,20,46.85,20,0.34375000000000006,20,0.34251364474826385,20,0.34140212673611114,20,0.4535504286024305,20,0.4522504340277778,20,0.23233123779296871,20,0.23104353841145833,20,0.17672443362340415,20,0.17544370548754634,20,0.3119018952419069,20,0.3141218343818176,20,0.0,20,nan,0,nan,0,nan,0,nan,0,nan,0
N288_M144,channel_hard,pSA,20276870,20,0.09340277777777778,20,0.35416666666666663,20,0.8091930082448832,20,0.0,20,0.3173611111111111,20,1.0,20,47.5,20,0.34027777777777773,20,0.3410643853081597,20,0.3397462022569445,20,0.4532054578993055,20,0.4520024956597221,20,0.23198909505208337,20,0.23070920138888887,20,0.17607919919915616,20,0.17475792780758242,20,0.3129255766547549,20,0.3153660570069254,20,0.0,20,nan,0,nan,0,nan,0,nan,0,nan,0
N288_M144,channel_hard,pSA,20284892,20,0.09027777777777778,20,0.34513888888888883,20,0.814339607447155,20,0.0,20,0.3133680555555556,20,1.0,20,47.75,20,0.3512152777777778,20,0.34103355577256944,20,0.3397213270399305,20,0.4529352756076389,20,0.4519749891493056,20,0.23160303412543404,20,0.2305057779947916,20,0.17576328773379615,20,0.17458145927241556,20,0.31522586733367886,20,0.3176510712314256,20,0.0,20,nan,0,nan,0,nan,0,nan,0,nan,0
N288_M144,channel_hard,pSA,20292914,20,0.09583333333333334,20,0.3604166666666667,20,0.8066498060507963,20,0.0,20,0.31649305555555557,20,1.0,20,47.95,20,0.34600694444444446,20,0.34351436360677085,20,0.34205078124999994,20,0.45366856553819446,20,0.45240223524305556,20,0.2325689765082465,20,0.2312785101996528,20,0.17717820698252562,20,0.1758006578149291,20,0.3105112978565098,20,0.31323762389339066,20,0.0,20,nan,0,nan,0,nan,0,nan,0,nan,0
N288_M144,channel_hard,pSA,20300936,20,0.08871527777777778,20,0.3413194444444444,20,0.8062384082866183,20,0.0,20,0.3234375,20,1.0,20,47.35,20,0.34687499999999993,20,0.3414427558051215,20,0.3400706380208333,20,0.453457533094618,20,0.4524542100694444,20,0.2323648613823785,20,0.231266357421875,20,0.1764507316233976,20,0.1752494409574934,20,0.31142905682978855,20,0.31415831510755565,20,0.0,20,nan,0,nan,0,nan,0,nan,0,nan,0
N288_M144,channel_hard,pSA,20308958,20,0.09513888888888887,20,0.36111111111111116,20,0.8084384904009975,20,0.0,20,0.32170138888888883,20,1.0,20,46.25,20,0.34513888888888894,20,0.342662360297309,20,0.34160723198784726,20,0.453459242078993,20,0.45244384765625006,20,0.23231216091579862,20,0.231183349609375,20,0.1767474649822714,20,0.17559997084901716,20,0.31173595008266236,20,0.3137655978629765,20,0.0,20,nan,0,nan,0,nan,0,nan,0,nan,0
N288_M144,channel_hard,pSA,20316980,20,0.09166666666666667,20,0.3631944444444445,20,0.8082626671606207,20,0.0,20,0.32760416666666664,20,1.0,20,47.75,20,0.3421875,20,0.3431490410698784,20,0.34184871419270835,20,0.4536080322265625,20,0.45248323567708343,20,0.23253489176432293,20,0.23127815755208334,20,0.17704010554711785,20,0.1757315367292282,20,0.31064479853559956,20,0.3131641032731931,20,0.0,20,nan,0,nan,0,nan,0,nan,0,nan,0
N288_M144,channel_hard,pSA,20325002,20,0.09079861111111111,20,0.3496527777777777,20,0.8127899079373122,20,0.0,20,0.3168402777777778,20,1.0,20,47.55,20,0.33159722222222227,20,0.3405350545247396,20,0.33906339518229167,20,0.4530093994140625,20,0.45160888671874994,20,0.23173089599609376,20,0.2302467719184028,20,0.17572881483196762,20,0.17420827478001719,20,0.3146468494202853,20,0.31749882689274944,20,0.0,20,nan,0,nan,0,nan,0,nan,0,nan,0
N288_M144,channel_hard,pSA,20333024,20,0.096875,20,0.35,20,0.8131595581772663,20,0.0,20,0.3163194444444444,20,1.0,20,46.9,20,0.3305555555555556,20,0.3425491333007812,20,0.34129220920138886,20,0.4531269124348959,20,0.4520464409722222,20,0.23174076334635413,20,0.2305826280381944,20,0.17627418947296317,20,0.17505638265058088,20,0.314926819485816,20,0.3172506094645182,20,0.0,20,nan,0,nan,0,nan,0,nan,0,nan,0
N288_M144,channel_hard,shuffled,20260826,20,0.0920138888888889,20,0.34305555555555556,20,0.8107560731668515,20,0.0,20,0.3907986111111111,20,1.0,20,53.15,20,0.3951388888888889,20,0.40041753472222225,20,0.400394287109375,20,0.48699606662326395,20,0.48699712456597233,20,0.2745019802517361,20,0.2745036078559028,20,0.22892723416781444,20,0.22891510503210938,20,0.19776364857992662,20,0.19795954335324073,20,0.0,20,nan,0,nan,0,nan,0,nan,0,nan,0
N288_M144,channel_hard,shuffled,20268848,20,0.09496527777777777,20,0.3538194444444444,20,0.8099806586242486,20,0.0,20,0.39583333333333326,20,1.0,20,54.6,20,0.40607638888888886,20,0.4007431369357639,20,0.40095903862847226,20,0.48704188368055557,20,0.4870069444444445,20,0.2744796006944445,20,0.27448006184895835,20,0.22903670068851523,20,0.22911481748984683,20,0.19746289039148052,20,0.19707761132014176,20,0.0,20,nan,0,nan,0,nan,0,nan,0,nan,0
N288_M144,channel_hard,shuffled,20276870,20,0.09340277777777778,20,0.35416666666666663,20,0.8091930082448832,20,0.0,20,0.4078125,20,1.0,20,53.95,20,0.4067708333333334,20,0.3999125094943576,20,0.39979296875000003,20,0.48710179307725704,20,0.4870559895833333,20,0.2743654988606771,20,0.27434133572048613,20,0.2286224223660827,20,0.2285531093006808,20,0.19830348775016768,20,0.19859296567180337,20,0.0,20,nan,0,nan,0,nan,0,nan,0,nan,0
N288_M144,channel_hard,shuffled,20284892,20,0.09027777777777778,20,0.34513888888888883,20,0.814339607447155,20,0.0,20,0.3850694444444444,20,1.0,20,54.7,20,0.4130208333333334,20,0.4001504448784723,20,0.4002309299045139,20,0.4870166015625001,20,0.48684554036458333,20,0.27438652208116315,20,0.2743189019097222,20,0.22872657108155336,20,0.22869740062514904,20,0.19894490504750756,20,0.19874410606624887,20,0.0,20,nan,0,nan,0,nan,0,nan,0,nan,0
N288_M144,channel_hard,shuffled,20292914,20,0.09583333333333334,20,0.3604166666666667,20,0.8066498060507963,20,0.0,20,0.4019097222222223,20,1.0,20,53.65,20,0.4131944444444445,20,0.40152109103732636,20,0.40149435763888885,20,0.48697604709201386,20,0.48682161458333334,20,0.2745693359375,20,0.27434396701388886,20,0.2294094025313554,20,0.22920354612660612,20,0.19661676680529747,20,0.196765204043853,20,0.0,20,nan,0,nan,0,nan,0,nan,0,nan,0
N288_M144,channel_hard,shuffled,20300936,20,0.08871527777777778,20,0.3413194444444444,20,0.8062384082866183,20,0.0,20,0.40121527777777777,20,1.0,20,54.45,20,0.40451388888888884,20,0.400215352376302,20,0.4001327311197917,20,0.4870728217230903,20,0.4870233832465278,20,0.274575419108073,20,0.27453342013888893,20,0.22890752295788355,20,0.22883625210978797,20,0.1969490729946287,20,0.19709542012950493,20,0.0,20,nan,0,nan,0,nan,0,nan,0,nan,0
N288_M144,channel_hard,shuffled,20308958,20,0.09513888888888887,20,0.36111111111111116,20,0.8084384904009975,20,0.0,20,0.3973958333333333,20,1.0,20,52.95,20,0.38993055555555556,20,0.40096504041883685,20,0.4009525282118056,20,0.4870181884765626,20,0.4870486111111111,20,0.27450092230902773,20,0.2744474012586805,20,0.22913844152712604,20,0.22908296390108066,20,0.19716935418936804,20,0.19730047288145736,20,0.0,20,nan,0,nan,0,nan,0,nan,0,nan,0
N288_M144,channel_hard,shuffled,20316980,20,0.09166666666666667,20,0.3631944444444445,20,0.8082626671606207,20,0.0,20,0.37569444444444444,20,1.0,20,54.5,20,0.39947916666666666,20,0.4013011203342014,20,0.4012876247829861,20,0.48712006293402776,20,0.48719699435763897,20,0.2745916408962674,20,0.27452785915798616,20,0.22933779597495701,20,0.22927494403531695,20,0.19657188731237815,20,0.19660568962468947,20,0.0,20,nan,0,nan,0,nan,0,nan,0,nan,0
N288_M144,channel_hard,shuffled,20325002,20,0.09079861111111111,20,0.3496527777777777,20,0.8127899079373122,20,0.0,20,0.39392361111111107,20,1.0,20,53.55,20,0.39826388888888886,20,0.3998204413519965,20,0.39953605143229165,20,0.4869905192057292,20,0.48683534071180556,20,0.27440065511067707,20,0.27414350043402774,20,0.22861295667301781,20,0.22828571992379101,20,0.1988234054858355,20,0.19932537666525685,20,0.0,20,nan,0,nan,0,nan,0,nan,0,nan,0
N288_M144,channel_hard,shuffled,20333024,20,0.096875,20,0.35,20,0.8131595581772663,20,0.0,20,0.3960069444444444,20,1.0,20,54.55,20,0.4067708333333333,20,0.40096575927734374,20,0.4008028971354166,20,0.48695642089843744,20,0.48703906250000006,20,0.2743603854709201,20,0.2744372558593751,20,0.2290157594991727,20,0.22901381791455674,20,0.19899364982782738,20,0.1991087080958287,20,0.0,20,nan,0,nan,0,nan,0,nan,0,nan,0
N288_M144,random,additive,20260826,20,0.5074652777777777,20,0.5100694444444444,20,-0.008629051805992903,20,0.5053819444444445,20,0.0,20,0.0,20,0.0,20,0.0,20,0.0028254937065972222,20,0.0,20,0.002965847439236111,20,0.0,20,0.0006426798502604167,20,0.0,20,0.0003125970307784628,20,0.0,20,0.7273890469365132,20,0.7284227110949448,20,1.0,20,709.0,20,0.9999921315603115,20,1.967496950379727e-06,20,1.0,1,4.0,1
N288_M144,random,additive,20268848,20,0.5032986111111111,20,0.4954861111111112,20,-0.0047622417897430405,20,0.5013888888888889,20,0.008506944444444445,20,0.05,20,0.15,20,0.00798611111111111,20,0.01114385986328125,20,0.0077409125434027785,20,0.006254055447048612,20,0.0026900499131944445,20,0.0010607842339409724,20,0.0003448079427083333,20,0.0005605432683862365,20,0.0002042550787749317,20,0.7237258910913418,20,0.7244580921064123,20,0.95,20,1116.1052631578948,19,1.0,19,0.0,19,nan,0,nan,0
N288_M144,random,additive,20276870,20,0.49409722222222224,20,0.49861111111111106,20,0.01838542401775084,20,0.4885416666666666,20,0.0,20,0.0,20,0.0,20,0.0,20,0.002529934353298611,20,0.0,20,0.0028356933593750005,20,0.0,20,0.0006317003038194444,20,0.0,20,0.00030740148198043495,20,0.0,20,0.7287487181257709,20,0.7296282904264383,20,1.0,20,698.0,20,1.0,20,0.0,20,nan,0,nan,0
N288_M144,random,additive,20284892,20,0.49861111111111106,20,0.4958333333333333,20,0.006282440484030369,20,0.49930555555555556,20,0.002604166666666667,20,0.05,20,0.05,20,0.0027777777777777775,20,0.008161132812499998,20,0.0026854383680555557,20,0.005291015625,20,0.0005151909722222222,20,0.0008813069661458333,20,5.409071180555556e-05,20,0.00044186751273475676,20,2.8580372479365945e-05,20,0.7293858863075597,20,0.7295366091032907,20,0.95,20,1533.0,19,0.999995801062751,19,2.0997198973656917e-06,19,1.0,1,2.0,1
N288_M144,random,additive,20292914,20,0.507986111111111,20,0.4965277777777778,20,-0.01381988874206203,20,0.5093750000000001,20,0.018229166666666668,20,0.15,20,0.95,20,0.01701388888888889,20,0.01990979682074653,20,0.017600124782986108,20,0.011816880967881947,20,0.008774685329861111,20,0.0016912027994791668,20,0.0010099012586805556,20,0.0009241840814058258,20,0.0005843575668032259,20,0.7219227587250223,20,0.7225198064042309,20,0.85,20,899.2941176470588,17,0.9999952854708011,17,4.7149071579223596e-06,17,1.0,2,1.0,2
N288_M144,random,additive,20300936,20,0.49201388888888886,20,0.49722222222222223,20,0.01159828875967658,20,0.4925347222222222,20,0.0,20,0.0,20,0.0,20,0.0,20,0.006758917914496528,20,0.0,20,0.0052703857421875,20,0.0,20,0.0008814832899305555,20,0.0,20,0.00043875837874165986,20,0.0,20,0.7273634797799682,20,0.7279614159742968,20,1.0,20,2004.45,20,0.9999960770468007,20,1.9617074701820464e-06,20,1.0,1,2.0,1
N288_M144,random,additive,20308958,20,0.4881944444444444,20,0.5159722222222222,20,0.023265270269134202,20,0.48749999999999993,20,0.016493055555555556,20,0.15,20,0.65,20,0.016145833333333335,20,0.023606472439236116,20,0.01885286458333333,20,0.013272271050347223,20,0.008047092013888889,20,0.0018825751410590278,20,0.0009478352864583332,20,0.0010195865952629705,20,0.0005418934763327776,20,0.7255815494093227,20,0.7263688653044897,20,0.85,20,1953.1176470588234,17,0.999997653066972,17,2.347120318081745e-06,17,1.0,1,1.0,1
N288_M144,random,additive,20316980,20,0.503125,20,0.4715277777777779,20,-0.005438180589509517,20,0.504861111111111,20,0.0,20,0.0,20,0.0,20,0.0,20,0.0031243760850694444,20,0.0,20,0.00313623046875,20,0.0,20,0.00063916015625,20,0.0,20,0.00031136782273949925,20,0.0,20,0.7211346131587143,20,0.7219924177232537,20,1.0,20,931.1,20,0.9999980144547692,20,1.9857029388403496e-06,20,1.0,1,1.0,1
N288_M144,random,additive,20325002,20,0.5097222222222222,20,0.4805555555555555,20,-0.015417003967076268,20,0.5081597222222223,20,0.0,20,0.0,20,0.0,20,0.0,20,0.002150689019097222,20,0.0,20,0.0024466688368055558,20,0.0,20,0.0005514051649305556,20,0.0,20,0.00026646222952719627,20,0.0,20,0.7312798124572192,20,0.7321739488319168,20,1.0,20,595.55,20,0.9999860919008018,20,5.9646623438247764e-06,20,1.0,2,2.25,2
N288_M144,random,additive,20333024,20,0.49149305555555556,20,0.5093750000000001,20,0.0031824751180116197,20,0.4994791666666667,20,0.0,20,0.0,20,0.0,20,0.0,20,0.008918233235677083,20,0.0030714246961805556,20,0.006872843424479168,20,0.0018736436631944444,20,0.001103617350260417,20,0.00023092990451388892,20,0.0005608279995725155,20,0.00012274878667434315,20,0.7237717439877308,20,0.7241009530102432,20,1.0,20,2959.65,20,1.0,20,0.0,20,nan,0,nan,0
N288_M144,random,gain_only,20260826,20,0.5074652777777777,20,0.5100694444444444,20,-0.008629051805992903,20,0.5053819444444445,20,0.33472222222222225,20,1.0,20,46.5,20,0.3407986111111111,20,0.33972020128038194,20,0.33989838324652777,20,0.45073882378472224,20,0.4508709852430555,20,0.2297381184895834,20,0.22987803819444444,20,0.1740027144596811,20,0.17416149957828764,20,0.316567527395606,20,0.3161365143620628,20,0.0,20,nan,0,nan,0,nan,0,nan,0,nan,0
N288_M144,random,gain_only,20268848,20,0.5032986111111111,20,0.4954861111111112,20,-0.0047622417897430405,20,0.5013888888888889,20,0.3276041666666666,20,1.0,20,47.25,20,0.35555555555555557,20,0.3409049479166667,20,0.34108978949652774,20,0.4511478949652778,20,0.4514560546875,20,0.23013564046223958,20,0.23036444769965278,20,0.17462121094610222,20,0.17484912760067575,20,0.31488801079013873,20,0.31443967794427585,20,0.0,20,nan,0,nan,0,nan,0,nan,0,nan,0
N288_M144,random,gain_only,20276870,20,0.49409722222222224,20,0.49861111111111106,20,0.01838542401775084,20,0.4885416666666666,20,0.32100694444444444,20,1.0,20,46.85,20,0.35277777777777775,20,0.3393396199544271,20,0.33950637478298606,20,0.45087471516927086,20,0.45089621310763883,20,0.2298634304470486,20,0.22994737413194444,20,0.17400174180998285,20,0.17411601735120893,20,0.3161018880937331,20,0.3155248215887486,20,0.0,20,nan,0,nan,0,nan,0,nan,0,nan,0
N288_M144,random,gain_only,20284892,20,0.49861111111111106,20,0.4958333333333333,20,0.006282440484030369,20,0.49930555555555556,20,0.32395833333333335,20,1.0,20,46.5,20,0.3329861111111111,20,0.33929432508680557,20,0.33930409071180556,20,0.45046747504340273,20,0.45046864149305554,20,0.2293604193793403,20,0.2294418131510417,20,0.17359781236558502,20,0.1736686426421707,20,0.31851921112241605,20,0.3184590887657258,20,0.0,20,nan,0,nan,0,nan,0,nan,0,nan,0
N288_M144,random,gain_only,20292914,20,0.507986111111111,20,0.4965277777777778,20,-0.01381988874206203,20,0.5093750000000001,20,0.3246527777777778,20,1.0,20,47.1,20,0.34444444444444444,20,0.3421769273546007,20,0.34274378797743055,20,0.45142525227864577,20,0.45158989800347227,20,0.2305477973090278,20,0.23076901584201387,20,0.17527576505960343,20,0.17559634263500842,20,0.3130509493758693,20,0.3120308483098066,20,0.0,20,nan,0,nan,0,nan,0,nan,0,nan,0
N288_M144,random,gain_only,20300936,20,0.49201388888888886,20,0.49722222222222223,20,0.01159828875967658,20,0.4925347222222222,20,0.32499999999999996,20,1.0,20,46.3,20,0.33836805555555555,20,0.3397490912543403,20,0.34016129557291663,20,0.45097734917534715,20,0.4511278211805555,20,0.23005466715494793,20,0.23030384657118055,20,0.17424167812556354,20,0.17454061652091948,20,0.31473788228431887,20,0.31387076860575885,20,0.0,20,nan,0,nan,0,nan,0,nan,0,nan,0
N288_M144,random,gain_only,20308958,20,0.4881944444444444,20,0.5159722222222222,20,0.023265270269134202,20,0.48749999999999993,20,0.3142361111111111,20,1.0,20,47.1,20,0.35434027777777777,20,0.340948004828559,20,0.34132535807291664,20,0.450911851671007,20,0.4507811414930555,20,0.2300314195421007,20,0.23007590060763894,20,0.17455374595512269,20,0.17469317567125542,20,0.31496523628675976,20,0.314461833411182,20,0.0,20,nan,0,nan,0,nan,0,nan,0,nan,0
N288_M144,random,gain_only,20316980,20,0.503125,20,0.4715277777777779,20,-0.005438180589509517,20,0.504861111111111,20,0.31024305555555554,20,1.0,20,47.45,20,0.35607638888888893,20,0.3415346950954862,20,0.3420188530815972,20,0.4514215223524306,20,0.45172824435763886,20,0.2304268595377604,20,0.23079798719618055,20,0.17499778355953116,20,0.17541326026512358,20,0.31366809666142115,20,0.312805784777642,20,0.0,20,nan,0,nan,0,nan,0,nan,0,nan,0
N288_M144,random,gain_only,20325002,20,0.5097222222222222,20,0.4805555555555555,20,-0.015417003967076268,20,0.5081597222222223,20,0.32361111111111107,20,1.0,20,45.8,20,0.3357638888888889,20,0.33896765814887153,20,0.3391397569444444,20,0.45070465766059026,20,0.4507776692708334,20,0.2295880533854167,20,0.22960785590277774,20,0.17368413196426202,20,0.1737488023244291,20,0.317678166374646,20,0.317111077152116,20,0.0,20,nan,0,nan,0,nan,0,nan,0,nan,0
N288_M144,random,gain_only,20333024,20,0.49149305555555556,20,0.5093750000000001,20,0.0031824751180116197,20,0.4994791666666667,20,0.32482638888888893,20,1.0,20,46.15,20,0.3453125,20,0.34078629557291673,20,0.34112068684895835,20,0.45059773763020833,20,0.4507841254340278,20,0.22944494628906248,20,0.22972656250000006,20,0.17405596588925926,20,0.17436381917307825,20,0.31814234615518605,20,0.31743804960794786,20,0.0,20,nan,0,nan,0,nan,0,nan,0,nan,0
N288_M144,random,pSA,20260826,20,0.5074652777777777,20,0.5100694444444444,20,-0.008629051805992903,20,0.5053819444444445,20,0.32065972222222217,20,1.0,20,47.45,20,0.34618055555555555,20,0.3414858873155382,20,0.3402889268663195,20,0.4533255615234374,20,0.45234629991319447,20,0.232115485297309,20,0.23103274197048615,20,0.17626982534195346,20,0.17513628826530017,20,0.31305155319174627,20,0.31526196632847653,20,0.0,20,nan,0,nan,0,nan,0,nan,0,nan,0
N288_M144,random,pSA,20268848,20,0.5032986111111111,20,0.4954861111111112,20,-0.0047622417897430405,20,0.5013888888888889,20,0.3227430555555555,20,1.0,20,48.45,20,0.3394097222222222,20,0.3426156751844618,20,0.3414849717881944,20,0.4535292290581598,20,0.45256467013888885,20,0.23238372124565973,20,0.23137456597222222,20,0.1767803680517592,20,0.17571583979669272,20,0.3117973414169747,20,0.3140518045996886,20,0.0,20,nan,0,nan,0,nan,0,nan,0,nan,0
N288_M144,random,pSA,20276870,20,0.49409722222222224,20,0.49861111111111106,20,0.01838542401775084,20,0.4885416666666666,20,0.31545138888888885,20,1.0,20,47.35,20,0.33888888888888885,20,0.341138427734375,20,0.33999159071180557,20,0.45330783420138887,20,0.4522267795138889,20,0.2320965440538195,20,0.23096839735243058,20,0.17617099145631876,20,0.17501796955030186,20,0.31276981816616395,20,0.31513369917367545,20,0.0,20,nan,0,nan,0,nan,0,nan,0,nan,0
N288_M144,random,pSA,20284892,20,0.49861111111111106,20,0.4958333333333333,20,0.006282440484030369,20,0.49930555555555556,20,0.3144097222222222,20,1.0,20,47.65,20,0.34305555555555556,20,0.3410091484917535,20,0.33974612087673617,20,0.4529763590494792,20,0.4517647026909722,20,0.23164027235243054,20,0.23035682508680555,20,0.1757764121718006,20,0.17447249150312089,20,0.3152376132213196,20,0.31790816126508964,20,0.0,20,nan,0,nan,0,nan,0,nan,0,nan,0
N288_M144,random,pSA,20292914,20,0.507986111111111,20,0.4965277777777778,20,-0.01381988874206203,20,0.5093750000000001,20,0.33038194444444435,20,1.0,20,47.95,20,0.34618055555555555,20,0.3436446601019965,20,0.342443115234375,20,0.45379903157552093,20,0.4528545464409722,20,0.2326910671657986,20,0.23159092881944449,20,0.1772977325602707,20,0.17614004989434096,20,0.3103363389809345,20,0.31251866793183086,20,0.0,20,nan,0,nan,0,nan,0,nan,0,nan,0
N288_M144,random,pSA,20300936,20,0.49201388888888886,20,0.49722222222222223,20,0.01159828875967658,20,0.4925347222222222,20,0.32152777777777775,20,1.0,20,47.0,20,0.3335069444444444,20,0.341508795844184,20,0.34039794921875,20,0.453375230577257,20,0.4522170138888889,20,0.2323280775282118,20,0.23109461805555553,20,0.17643188854562003,20,0.17520283403749184,20,0.31142898144815157,20,0.3137152942027048,20,0.0,20,nan,0,nan,0,nan,0,nan,0,nan,0
N288_M144,random,pSA,20308958,20,0.4881944444444444,20,0.5159722222222222,20,0.023265270269134202,20,0.48749999999999993,20,0.33350694444444445,20,1.0,20,48.05,20,0.3397569444444445,20,0.3426388685438368,20,0.3415828993055555,20,0.4534612765842014,20,0.45238650173611117,20,0.2322670423719618,20,0.2311421169704861,20,0.17669820411385861,20,0.17556713755113232,20,0.3116688351931749,20,0.3138420899808047,20,0.0,20,nan,0,nan,0,nan,0,nan,0,nan,0
N288_M144,random,pSA,20316980,20,0.503125,20,0.4715277777777779,20,-0.005438180589509517,20,0.504861111111111,20,0.3324652777777778,20,1.0,20,46.65,20,0.35260416666666666,20,0.3433247341579861,20,0.3421846245659722,20,0.4537770453559028,20,0.45280566406249995,20,0.23263922119140626,20,0.23150830078125004,20,0.17715702965112112,20,0.1759973288530384,20,0.3103354092188916,20,0.31248042672118187,20,0.0,20,nan,0,nan,0,nan,0,nan,0,nan,0
N288_M144,random,pSA,20325002,20,0.5097222222222222,20,0.4805555555555555,20,-0.015417003967076268,20,0.5081597222222223,20,0.3213541666666667,20,1.0,20,46.75,20,0.33420138888888895,20,0.34063922797309026,20,0.3391563042534722,20,0.4532584635416666,20,0.45189746093749994,20,0.23193171522352435,20,0.23051391601562501,20,0.1759015211707002,20,0.1744429348602864,20,0.3143558126332994,20,0.31716148276929296,20,0.0,20,nan,0,nan,0,nan,0,nan,0,nan,0
N288_M144,random,pSA,20333024,20,0.49149305555555556,20,0.5093750000000001,20,0.0031824751180116197,20,0.4994791666666667,20,0.3241319444444445,20,1.0,20,47.15,20,0.35555555555555557,20,0.34258776855468753,20,0.3415868326822916,20,0.4532282443576389,20,0.4524281141493055,20,0.23182155354817707,20,0.23098573133680556,20,0.17634135960626957,20,0.1754437077240521,20,0.3147602664350306,20,0.31664249657081556,20,0.0,20,nan,0,nan,0,nan,0,nan,0,nan,0
N288_M144,random,shuffled,20260826,20,0.5074652777777777,20,0.5100694444444444,20,-0.008629051805992903,20,0.5053819444444445,20,0.39774305555555556,20,1.0,20,53.95,20,0.4020833333333333,20,0.40036832004123263,20,0.40012429470486116,20,0.4869863959418403,20,0.48686523437500007,20,0.2745097724066841,20,0.2743895670572917,20,0.22890690674213662,20,0.22871633451734827,20,0.1977203437511108,20,0.1981793937297442,20,0.0,20,nan,0,nan,0,nan,0,nan,0,nan,0
N288_M144,random,shuffled,20268848,20,0.5032986111111111,20,0.4954861111111112,20,-0.0047622417897430405,20,0.5013888888888889,20,0.39062500000000006,20,1.0,20,53.0,20,0.4046875,20,0.40072350396050344,20,0.40070081922743067,20,0.48700023057725694,20,0.4869962565104166,20,0.2744537624782986,20,0.27440516493055556,20,0.22899912144867027,20,0.22895234249839103,20,0.19745749771006088,20,0.1975474657219518,20,0.0,20,nan,0,nan,0,nan,0,nan,0,nan,0
N288_M144,random,shuffled,20276870,20,0.49409722222222224,20,0.49861111111111106,20,0.01838542401775084,20,0.4885416666666666,20,0.39201388888888894,20,1.0,20,52.7,20,0.40329861111111115,20,0.4000327826605902,20,0.39993429904513894,20,0.48700729709201396,20,0.486896484375,20,0.2743658650716146,20,0.27431898328993054,20,0.2286627329603746,20,0.228588809553485,20,0.19815523999686116,20,0.1984367071310596,20,0.0,20,nan,0,nan,0,nan,0,nan,0,nan,0
N288_M144,random,shuffled,20284892,20,0.49861111111111106,20,0.4958333333333333,20,0.006282440484030369,20,0.49930555555555556,20,0.39565972222222223,20,1.0,20,52.85,20,0.4111111111111111,20,0.4002508341471354,20,0.40034760199652775,20,0.48707716200086815,20,0.4867958984375,20,0.274479994032118,20,0.27434917534722225,20,0.22883474257990533,20,0.22876639444330937,20,0.19881177478247386,20,0.19884959357525103,20,0.0,20,nan,0,nan,0,nan,0,nan,0,nan,0
N288_M144,random,shuffled,20292914,20,0.507986111111111,20,0.4965277777777778,20,-0.01381988874206203,20,0.5093750000000001,20,0.39791666666666664,20,1.0,20,53.7,20,0.4083333333333333,20,0.40146391465928827,20,0.4015538736979167,20,0.48709601508246525,20,0.4872016059027778,20,0.2745941840277778,20,0.2745934244791667,20,0.22939943343061642,20,0.2294346599388124,20,0.1967491330821421,20,0.19673639135655288,20,0.0,20,nan,0,nan,0,nan,0,nan,0,nan,0
N288_M144,random,shuffled,20300936,20,0.49201388888888886,20,0.49722222222222223,20,0.01159828875967658,20,0.4925347222222222,20,0.3848958333333333,20,1.0,20,54.35,20,0.3946180555555555,20,0.40026828342013887,20,0.4000829264322917,20,0.48697490776909724,20,0.48702620442708333,20,0.2745080769856771,20,0.27454212782118054,20,0.22886502309931706,20,0.22882642092674704,20,0.19680620636853924,20,0.1971340375029797,20,0.0,20,nan,0,nan,0,nan,0,nan,0,nan,0
N288_M144,random,shuffled,20308958,20,0.4881944444444444,20,0.5159722222222222,20,0.023265270269134202,20,0.48749999999999993,20,0.3942708333333333,20,1.0,20,53.75,20,0.38940972222222225,20,0.4009606526692709,20,0.40094314236111106,20,0.48712738715277776,20,0.4871334635416667,20,0.27456733534071176,20,0.2745172526041667,20,0.22918614977318136,20,0.2291378537573296,20,0.19724269489059648,20,0.197192950045597,20,0.0,20,nan,0,nan,0,nan,0,nan,0,nan,0
N288_M144,random,shuffled,20316980,20,0.503125,20,0.4715277777777779,20,-0.005438180589509517,20,0.504861111111111,20,0.3984375,20,1.0,20,53.15,20,0.3994791666666667,20,0.40123293050130215,20,0.40109459092881944,20,0.48699787055121524,20,0.4869182400173611,20,0.27455415174696174,20,0.2745280490451389,20,0.22927278039045929,20,0.22920054409395849,20,0.19679117510318161,20,0.19713811618943666,20,0.0,20,nan,0,nan,0,nan,0,nan,0,nan,0
N288_M144,random,shuffled,20325002,20,0.5097222222222222,20,0.4805555555555555,20,-0.015417003967076268,20,0.5081597222222223,20,0.40381944444444445,20,1.0,20,53.1,20,0.3965277777777778,20,0.39984519449869793,20,0.39965668402777776,20,0.4869451361762153,20,0.48698621961805555,20,0.2743741861979167,20,0.27429541015625,20,0.22859313374575363,20,0.22845978437870032,20,0.19874655818088663,20,0.19907953407424248,20,0.0,20,nan,0,nan,0,nan,0,nan,0,nan,0
N288_M144,random,shuffled,20333024,20,0.49149305555555556,20,0.5093750000000001,20,0.0031824751180116197,20,0.4994791666666667,20,0.38559027777777777,20,1.0,20,53.75,20,0.3940972222222222,20,0.4009894816080729,20,0.4008635525173611,20,0.4869883219401042,20,0.487022677951389,20,0.27440808783637155,20,0.2744192437065972,20,0.22905666249909246,20,0.22901953869345074,20,0.19891487506503136,20,0.19895757955617366,20,0.0,20,nan,0,nan,0,nan,0,nan,0,nan,0
