problem,size,mode,stage,candidate_id,rank,graph_type,instance_seed,EbNo_dB,kw,kr,alpha,alpha_mode,psa_p,lambda_mem,response_lambda,I0_min,I0_max,I0_schedule_type,I0_schedule_shape,I0_hold_fraction,decision_method,burn_in,sample_window,n_cycles,BER,FER,syndrome_violation,BP_BER,BP_FER,BER_ratio_to_BP,FER_ratio_to_BP,best_cut,normalized_cut,approximation_ratio,success_rate,score,seed
ldpc,N96_M48,tau_pSA,search,873,1,,,,5.173632282790846,6.587523834811779,2.7550690444738724,fixed,0.6342284434989774,0.0,0.17539200168714666,0.32389427791139863,10.13625089713824,linear,0.08293006628344324,0.3280536973009841,best_state,6200,18589,25600,0.019943576388888887,0.2354166666666667,0.1625,0.014404166666666668,0.15986666666666668,1.3845699546813228,1.472581317764804,,,,,0.24816405900341737,7173287
ldpc,N96_M48,tau_pSA,search,950,2,,,,5.804387172444352,7.604656627328572,2.2721629071776075,fixed,0.5755760932619262,0.0,0.14565703136798291,0.32045194581030123,8.871454788956804,cosine,0.05965771161696619,0.3463636761299496,best_state,7708,16321,25600,0.020355902777777775,0.25625000000000003,0.1625,0.014404166666666668,0.15986666666666668,1.4131954488477483,1.6028982485404504,,,,,0.2874004876344858,7783050
ldpc,N96_M48,tau_pSA,search,999,3,,,,5.869735124058636,8.076127451702684,2.769020099689114,fixed,0.5785302662564997,0.0,0.12905739752600312,0.41911950703686096,8.459402860745405,cosine,0.0641467126116853,0.37207946535135106,best_state,8146,17218,25600,0.02146267361111111,0.23958333333333337,0.15416666666666667,0.014404166666666668,0.15986666666666668,1.4900323016102592,1.4986447039199333,,,,,0.2968669731196938,8171081
ldpc,N96_M48,tau_pSA,search,977,4,,,,6.5160151034561595,6.696778830160041,2.6188724983300204,fixed,0.5530106030379555,0.0,0.13501560635216117,0.3939408463150126,7.469499901726124,cosine,0.050648169751177446,0.3750614501282953,best_state,7915,16533,25600,0.02263454861111111,0.23333333333333336,0.15833333333333333,0.014404166666666668,0.15986666666666668,1.5713889692411531,1.4595496246872395,,,,,0.30127632524367387,7996863
ldpc,N96_M48,tau_pSA,search,949,5,,,,5.659206886993596,7.422141580236559,2.3338659833936433,fixed,0.5679783767179507,0.0,0.14138281922049314,0.4488134572902859,8.924327928837299,cosine,0.0588443648590285,0.35524229496989923,best_state,7770,17284,25600,0.021592881944444444,0.23124999999999996,0.15208333333333332,0.014404166666666668,0.15986666666666668,1.4990719313470253,1.4465179316096743,,,,,0.3104348283031402,7775131
ldpc,N96_M48,tau_pSA,search,921,6,,,,4.743207604076826,6.796222073963347,2.8069656962487506,fixed,0.6010503006223487,0.0,0.16569692758950802,0.23067372988410484,10.2470267235856,cosine,0.0778165284595268,0.34157277989235857,best_state,6554,17713,25600,0.02144097222222222,0.25833333333333336,0.16666666666666666,0.014404166666666668,0.15986666666666668,1.4885256966541314,1.615929941618015,,,,,0.31549553498618527,7553399
ldpc,N96_M48,tau_pSA,search,840,7,,,,5.6523651151796654,5.992933186415865,2.805432533095599,fixed,0.6053692172908021,0.0,0.20134480854025288,0.17921601781469984,9.699724665449489,linear,0.09174654195770518,0.30976416529565876,best_state,5352,20018,25600,0.02163628472222222,0.2395833333333333,0.17708333333333334,0.014404166666666668,0.15986666666666668,1.5020851412592806,1.4986447039199329,,,,,0.3161970608604938,6911960
ldpc,N96_M48,tau_pSA,search,960,8,,,,5.8339181132400375,7.704446693219933,2.2743539928105867,fixed,0.563897407917542,0.0,0.1434121715968284,0.3324470570828958,8.693378721796451,cosine,0.05240924709537815,0.3451736072599923,best_state,7800,17038,25600,0.021961805555555557,0.23749999999999996,0.15833333333333333,0.014404166666666668,0.15986666666666668,1.5246842156011957,1.4856130108423682,,,,,0.3184566996798716,7862240
ldpc,N96_M48,tau_pSA,search,938,9,,,,5.1279050261630905,7.410636611135047,2.3601760744728515,fixed,0.585288418281209,0.0,0.18486994985949462,0.23853728851586764,9.14139047994827,cosine,0.06110082906514019,0.33141548745265065,best_state,7483,17766,25600,0.021440972222222226,0.22083333333333335,0.16666666666666666,0.014404166666666668,0.15986666666666668,1.4885256966541318,1.3813594662218516,,,,,0.32658724901923236,7688022
ldpc,N96_M48,tau_pSA,search,757,10,,,,3.2366141745512196,6.748034600358654,2.7470226652064156,fixed,0.6831573632226783,0.0,0.16315300247646072,2.4111622703039526,10.308342201395543,linear,0.15790566379231058,0.21513359398339982,best_state,7422,9190,25600,0.02228732638888889,0.25416666666666665,0.18333333333333332,0.014404166666666668,0.15986666666666668,1.5472832899431106,1.5898665554628855,,,,,0.32765375117463574,6254683
ldpc,N96_M48,tau_pSA,search,962,11,,,,7.155288901748181,7.834876854136116,2.284438653415443,fixed,0.5306384052711545,0.0,0.1420974908003124,0.28885102732813794,7.819979427124625,cosine,0.05008299079008706,0.3768417380843112,best_state,7926,16441,25600,0.022916666666666665,0.2416666666666666,0.18125,0.014404166666666668,0.15986666666666668,1.5909748336708127,1.5116763969974973,,,,,0.3292580698822217,7878078
ldpc,N96_M48,tau_pSA,search,968,12,,,,6.718148917303806,7.853006342944093,2.2922981553732886,fixed,0.5734836551600441,0.0,0.143174624945668,0.36793465704718586,8.012498535317189,cosine,0.052431268036420293,0.4009697990657471,best_state,7825,16205,25600,0.023133680555555553,0.24166666666666667,0.19374999999999998,0.014404166666666668,0.15986666666666668,1.6060408832320892,1.5116763969974978,,,,,0.3320627281118222,7925592
ldpc,N96_M48,tau_pSA,search,794,13,,,,4.99857366242142,6.415208345440495,2.5414755455665348,fixed,0.6456967992762264,0.0,0.18628643429102573,2.4713704939485908,11.238025237881084,linear,0.10449754855371045,0.25649504930984224,best_state,6866,8805,25600,0.022894965277777776,0.25833333333333336,0.19374999999999998,0.014404166666666668,0.15986666666666668,1.589468228714685,1.615929941618015,,,,,0.33261798167857004,6547686
ldpc,N96_M48,tau_pSA,search,951,14,,,,5.827871568702019,7.625114049506363,2.3249022559923764,fixed,0.5620781482006078,0.0,0.14168453218286373,0.42124900530482917,9.137356206188247,cosine,0.05049400413838709,0.3467566429869877,best_state,7683,16883,25600,0.0234375,0.26666666666666666,0.19791666666666666,0.014404166666666668,0.15986666666666668,1.6271333526178766,1.6680567139282734,,,,,0.33400249008781313,7790969
ldpc,N96_M48,tau_pSA,search,768,15,,,,3.3104599715883327,6.769298368557199,2.145515484143202,fixed,0.735431709745198,0.0,0.16088164354592144,2.276438787448586,10.395008788415865,linear,0.16259117310513818,0.21663512437651414,best_state,6937,9174,25600,0.021744791666666666,0.24791666666666665,0.16458333333333333,0.014404166666666668,0.15986666666666668,1.5096181660399188,1.5507714762301916,,,,,0.33437938501479053,6341792
ldpc,N96_M48,tau_pSA,search,465,16,,,,3.635907539600179,8.837709888490043,2.258919105924796,fixed,0.7501713467375324,0.0,0.1327689294741336,2.491030381545519,9.083869982521957,piecewise,0.2954945170132646,0.20953450922534814,majority,9622,697,12800,0.02126736111111111,0.26458333333333334,0.19583333333333333,0.014404166666666668,0.15986666666666668,1.4764728570051102,1.6550250208507087,,,,,0.33542805706102924,3942335
ldpc,N96_M48,tau_pSA,search,937,17,,,,4.924730548570653,7.504091593365511,2.4150508793512553,fixed,0.5920563750182,0.0,0.1764965564096964,0.32162434136585655,9.375336092344313,cosine,0.05549021743780197,0.37486967301805013,best_state,7565,17450,25600,0.024479166666666666,0.2604166666666667,0.19583333333333333,0.014404166666666668,0.15986666666666668,1.6994503905120044,1.6289616346955795,,,,,0.33746342012568903,7680103
ldpc,N96_M48,tau_pSA,search,574,18,,,,3.773992295410998,9.589261503553743,2.0519860193736426,fixed,0.75825620163564,0.0,0.09272812352634772,2.6478802261324494,10.60011073438656,piecewise,0.17893910448063316,0.2297329350768496,majority,8697,1400,19200,0.02261284722222222,0.26458333333333334,0.17916666666666667,0.014404166666666668,0.15986666666666668,1.5698823642850255,1.6550250208507087,,,,,0.3375829076291762,4805506
ldpc,N96_M48,tau_pSA,search,791,19,,,,4.519987339053339,7.950357132688706,2.2133325610698327,fixed,0.7035732215551692,0.0,0.10838815344825503,2.8430438068259174,11.71526922575369,linear,0.1904905669932132,0.27962055819594916,best_state,7461,8797,25600,0.023849826388888887,0.2604166666666667,0.16874999999999998,0.014404166666666668,0.15986666666666668,1.655758846784302,1.6289616346955795,,,,,0.33801053392642505,6523929
ldpc,N96_M48,tau_pSA,search,952,20,,,,5.856973484722374,7.838434829190445,2.3403728451325185,fixed,0.5590300299674763,0.0,0.1479499643833782,0.3329629573810494,8.622881892505116,cosine,0.0627078894686394,0.36135911988016245,best_state,7750,16947,25600,0.02243923611111111,0.26458333333333334,0.18125,0.014404166666666668,0.15986666666666668,1.557829524636004,1.6550250208507087,,,,,0.34225704745201796,7798888
ldpc,N96_M48,tau_pSA,search,906,21,,,,4.824353703336643,6.969628324635188,2.5197968280425886,fixed,0.6288589280847137,0.0,0.16202829404046334,0.20070146729908273,10.166063748416825,cosine,0.06246556710241401,0.31303669941235196,best_state,5851,19485,25600,0.025347222222222226,0.26666666666666666,0.18333333333333335,0.014404166666666668,0.15986666666666668,1.7597145887571113,1.6680567139282734,,,,,0.3467046414479979,7434614
ldpc,N96_M48,tau_pSA,search,943,22,,,,5.271650576367851,7.457723416903531,2.3522583236947536,fixed,0.5912726260378517,0.0,0.1712709425869216,0.244381898700198,9.297214849251219,cosine,0.06689989457736847,0.32877026059231684,best_state,6115,17070,25600,0.023350694444444445,0.23750000000000002,0.1729166666666667,0.014404166666666668,0.15986666666666668,1.621106932793366,1.4856130108423686,,,,,0.34727390248728496,7727617
ldpc,N96_M48,tau_pSA,search,628,23,,,,4.2505108044691,11.974029626569836,2.0748809536933677,fixed,0.7443559158504868,0.0,0.1712047345335572,2.70851596550006,11.526246952894926,linear,0.12957104420037832,0.2596951948167699,best_state,8425,8581,19200,0.021809895833333332,0.24583333333333335,0.17708333333333334,0.014404166666666668,0.15986666666666668,1.5141379809083018,1.5377397831526272,,,,,0.35039131559593373,5233132
ldpc,N96_M48,tau_pSA,search,838,24,,,,5.462932941800367,5.5725579007306445,3.1518314036400517,fixed,0.6161171962928702,0.0,0.18680676947118158,0.15302640321454325,9.687309543204599,linear,0.09022602873984663,0.2999049644257747,best_state,5599,12644,25600,0.02615017361111111,0.25416666666666665,0.17708333333333334,0.014404166666666668,0.15986666666666668,1.8154589721338343,1.5898665554628855,,,,,0.3515025229156881,6896122
ldpc,N96_M48,tau_pSA,search,979,25,,,,6.626794982754906,6.880616938977423,2.487563274205009,fixed,0.5508851614605603,0.0,0.13614188440765398,0.4033498629429195,7.412620330121587,cosine,0.05004464815389362,0.4141733508985609,best_state,7906,16525,25600,0.024652777777777777,0.25625,0.18541666666666667,0.014404166666666668,0.15986666666666668,1.7115032301610258,1.6028982485404502,,,,,0.35248758811866165,8012701
ldpc,N96_M48,tau_pSA,search,596,26,,,,4.12717057503112,10.167235658217107,1.9570267353272712,fixed,0.7301091404373158,0.0,0.10516806230567369,2.740406941810651,10.804369115064327,linear,0.1291569576754364,0.2450407676674915,best_state,8643,7983,19200,0.024175347222222223,0.24791666666666665,0.15833333333333333,0.014404166666666668,0.15986666666666668,1.6783579211262174,1.5507714762301916,,,,,0.3532897719375471,4979724
ldpc,N96_M48,tau_pSA,search,967,27,,,,6.280189625120453,7.685515757144888,2.3002391189196936,fixed,0.5769019371097686,0.0,0.1389752894412957,0.45855165374470125,8.074029667550793,cosine,0.05018951032148122,0.38510562413394156,best_state,7929,17159,25600,0.021896701388888887,0.25,0.1729166666666667,0.014404166666666668,0.15986666666666668,1.5201644007328126,1.5638031693077563,,,,,0.35422607701103,7917673
ldpc,N96_M48,tau_pSA,search,930,28,,,,4.600347893050424,7.375846211162104,2.4459321982208824,fixed,0.5667926554402898,0.0,0.15412656848898784,0.23400347160157692,9.301575161060263,cosine,0.059491295876084406,0.3280782234066791,best_state,6955,17116,25600,0.025151909722222223,0.25625000000000003,0.18333333333333335,0.014404166666666668,0.15986666666666668,1.746155144151962,1.6028982485404504,,,,,0.35532423955391024,7624670
ldpc,N96_M48,tau_pSA,refine,768,29,,,,3.3104599715883327,6.769298368557199,2.145515484143202,fixed,0.735431709745198,0.0,0.16088164354592144,2.276438787448586,10.395008788415865,linear,0.16259117310513818,0.21663512437651414,best_state,6937,9174,25600,0.023048611111111113,0.25466666666666665,0.17183333333333337,0.014404166666666668,0.15986666666666668,1.600134991804069,1.5929941618015009,,,,,0.3561581609503047,468785;468886;468987;469088;469189;469290
ldpc,N96_M48,tau_pSA,search,839,30,,,,5.666055176088179,5.856059596807654,2.887763475476806,fixed,0.6172509492372653,0.0,0.19650563065735452,0.15130552594590008,9.728504061114085,linear,0.09279530410275261,0.30691937987054935,best_state,5515,17496,25600,0.02476128472222222,0.23541666666666664,0.1729166666666667,0.014404166666666668,0.15986666666666668,1.719036254941664,1.4725813177648037,,,,,0.3567714569371352,6904041
ldpc,N96_M48,tau_pSA,refine,938,31,,,,5.1279050261630905,7.410636611135047,2.3601760744728515,fixed,0.585288418281209,0.0,0.18486994985949462,0.23853728851586764,9.14139047994827,cosine,0.06110082906514019,0.33141548745265065,best_state,7483,17766,25600,0.02371180555555556,0.2625,0.1855,0.014404166666666668,0.15986666666666668,1.6461768392633305,1.6419933277731442,,,,,0.35682673521010794,421271;421372;421473;421574;421675;421776
ldpc,N96_M48,tau_pSA,search,522,32,,,,4.290368476485767,9.133353547114362,2.177467399642738,fixed,0.7227038611380336,0.0,0.12951359526703243,1.8897244861680311,11.017094379220712,piecewise,0.4788232671778423,0.1829458067217451,majority,9738,869,12800,0.021180555555555553,0.26458333333333334,0.18541666666666667,0.014404166666666668,0.15986666666666668,1.4704464371805994,1.6550250208507087,,,,,0.3594022335055507,4393718
ldpc,N96_M48,tau_pSA,refine,937,33,,,,4.924730548570653,7.504091593365511,2.4150508793512553,fixed,0.5920563750182,0.0,0.1764965564096964,0.32162434136585655,9.375336092344313,cosine,0.05549021743780197,0.37486967301805013,best_state,7565,17450,25600,0.023887152777777778,0.2578333333333333,0.18600000000000003,0.014404166666666668,0.15986666666666668,1.6583502073088419,1.6128023352793992,,,,,0.3597415259900521,484623;484724;484825;484926;485027;485128
ldpc,N96_M48,tau_pSA,search,945,34,,,,5.182170401111595,7.50914073261594,2.391838365948903,fixed,0.5974787835114208,0.0,0.17611857897218472,0.4516817950168006,9.414955968815999,cosine,0.050519277280976355,0.32827748475283,best_state,7347,17808,25600,0.022764756944444447,0.2583333333333333,0.19166666666666668,0.014404166666666668,0.15986666666666668,1.5804285989779192,1.6159299416180146,,,,,0.35996707870367,7743455
ldpc,N96_M48,tau_pSA,search,801,35,,,,4.84460439588182,7.029785395691087,2.4383833105378243,fixed,0.6948451581800014,0.0,0.18468370812624496,2.480059602221895,11.205356770827017,linear,0.10614882307858504,0.2519411788313945,best_state,7704,8703,25600,0.024544270833333336,0.24375,0.16874999999999998,0.014404166666666668,0.15986666666666668,1.7039702053803878,1.5247080900750623,,,,,0.3610373813563746,6603119
ldpc,N96_M48,tau_pSA,search,635,36,,,,4.196850526701098,11.987201682726301,2.1007178554955446,fixed,0.7459739839432152,0.0,0.09545688195162752,2.7157833037555292,11.413940965647818,linear,0.17252934737335907,0.24473501016893381,best_state,8512,8583,19200,0.027213541666666664,0.28958333333333336,0.2041666666666667,0.014404166666666668,0.15986666666666668,1.88928261498409,1.8114053377814845,,,,,0.3627920546739784,5288565
ldpc,N96_M48,tau_pSA,search,944,37,,,,5.122072334208831,7.517696951995671,2.427736797895883,fixed,0.5868470632165643,0.0,0.17815731442938945,0.3261332473586488,9.395040847367845,cosine,0.07245798602867674,0.3279249587718081,best_state,7479,17668,25600,0.023502604166666666,0.23958333333333334,0.18125,0.014404166666666668,0.15986666666666668,1.6316531674862595,1.498644703919933,,,,,0.3651238826299771,7735536
ldpc,N96_M48,tau_pSA,refine,906,38,,,,4.824353703336643,6.969628324635188,2.5197968280425886,fixed,0.6288589280847137,0.0,0.16202829404046334,0.20070146729908273,10.166063748416825,cosine,0.06246556710241401,0.31303669941235196,best_state,5851,19485,25600,0.023225694444444445,0.2555,0.17833333333333334,0.014404166666666668,0.15986666666666668,1.6124288882460707,1.598206839032527,,,,,0.3667966525012334,516299;516400;516501;516602;516703;516804
ldpc,N96_M48,tau_pSA,search,901,39,,,,4.8706859366596795,7.003582763333272,2.5106792072512554,fixed,0.6142249794089752,0.0,0.16104221320053738,0.3259183776071442,10.257347978616917,linear,0.06533304324181104,0.3245204728561144,best_state,5949,19347,25600,0.023480902777777774,0.2520833333333333,0.17500000000000002,0.014404166666666668,0.15986666666666668,1.6301465625301317,1.5768348623853208,,,,,0.3672577587481884,7395019
ldpc,N96_M48,tau_pSA,search,682,40,,,,3.12865038440352,8.533871360301513,1.9189466270058981,fixed,0.7332437223409024,0.0,0.10932346381557712,2.475335937924209,10.78175907559007,linear,0.18174124671896497,0.2600924932489039,best_state,8427,8190,19200,0.023828125000000002,0.24999999999999997,0.18541666666666667,0.014404166666666668,0.15986666666666668,1.6542522418281747,1.563803169307756,,,,,0.36855265836447876,5660758
ldpc,N96_M48,tau_pSA,refine,967,41,,,,6.280189625120453,7.685515757144888,2.3002391189196936,fixed,0.5769019371097686,0.0,0.1389752894412957,0.45855165374470125,8.074029667550793,cosine,0.05018951032148122,0.38510562413394156,best_state,7929,17159,25600,0.02416840277777778,0.2598333333333333,0.18183333333333332,0.014404166666666668,0.15986666666666668,1.6778758075402567,1.625312760633861,,,,,0.370843527384235,563813;563914;564015;564116;564217;564318
ldpc,N96_M48,tau_pSA,search,920,42,,,,4.72251340085697,7.308480944611182,2.905863022406407,fixed,0.5962726751584484,0.0,0.16891118142898823,0.37178156297779424,10.51868662278254,cosine,0.05211205364906166,0.3061251531897724,best_state,6224,18103,25600,0.02486979166666667,0.25416666666666665,0.17916666666666667,0.014404166666666668,0.15986666666666668,1.7265692797223027,1.5898665554628855,,,,,0.3721496696656449,7545480
ldpc,N96_M48,tau_pSA,search,924,43,,,,4.743104058161519,7.18031485444531,2.8808569650149765,fixed,0.6095154849647801,0.0,0.16350265837442177,0.2738166204892832,10.37357781009493,cosine,0.06076514079048144,0.3661824097295515,best_state,6574,18107,25600,0.025086805555555553,0.275,0.19374999999999998,0.014404166666666668,0.15986666666666668,1.741635329283579,1.7201834862385321,,,,,0.3730971973372997,7577156
ldpc,N96_M48,tau_pSA,refine,801,44,,,,4.84460439588182,7.029785395691087,2.4383833105378243,fixed,0.6948451581800014,0.0,0.18468370812624496,2.480059602221895,11.205356770827017,linear,0.10614882307858504,0.2519411788313945,best_state,7704,8703,25600,0.024265625,0.2655,0.18483333333333332,0.014404166666666668,0.15986666666666668,1.6846253977437082,1.6607589658048372,,,,,0.37327095663616544,603408;603509;603610;603711;603812;603913
ldpc,N96_M48,tau_pSA,search,811,45,,,,5.5893960599069334,6.093852007493633,2.302990118192513,fixed,0.6051098722988766,0.0,0.2083884853667286,0.14984808772214922,9.469891732415801,linear,0.0851713614688345,0.29947938901885246,best_state,5530,9436,25600,0.02345920138888889,0.2708333333333333,0.17916666666666667,0.014404166666666668,0.15986666666666668,1.6286399575740043,1.6941201000834025,,,,,0.37545998977088907,6682309
ldpc,N96_M48,tau_pSA,search,800,46,,,,5.080296135987198,6.534015943895046,2.509809471132423,fixed,0.7044650427147258,0.0,0.18366866358180606,2.506240175389203,11.973718963544167,linear,0.10793994749223473,0.25888266615782235,best_state,7070,8812,25600,0.025325520833333334,0.2625,0.19583333333333333,0.014404166666666668,0.15986666666666668,1.7582079838009834,1.6419933277731442,,,,,0.37565973657944585,6595200
ldpc,N96_M48,tau_pSA,search,912,47,,,,4.795870891233554,6.6723937245677725,2.597421491726057,fixed,0.6327068484756376,0.0,0.16345600739052066,0.19831171200143705,10.148944293227878,linear,0.10009636471820368,0.31043632157195,best_state,5999,17794,25600,0.027235243055555556,0.2833333333333334,0.1958333333333333,0.014404166666666668,0.15986666666666668,1.8907892199402179,1.7723102585487907,,,,,0.3772231279344517,7482128
ldpc,N96_M48,tau_pSA,search,810,48,,,,5.57867826829316,6.543435222966329,2.8928258331194865,fixed,0.6240601859868649,0.0,0.18787196804178352,2.2733013535243245,10.7781058641376,linear,0.08801563808679992,0.30062360748656236,best_state,5895,19380,25600,0.02489149305555555,0.25625000000000003,0.18541666666666667,0.014404166666666668,0.15986666666666668,1.7280758846784299,1.6028982485404504,,,,,0.378449990526559,6674390
ldpc,N96_M48,tau_pSA,search,805,49,,,,5.524196495444405,6.032669217871355,2.6948685316489396,fixed,0.6548636943414883,0.0,0.21339946627904716,0.2120595067387474,9.433420603003498,linear,0.08820588012869655,0.30948161709208916,best_state,5970,17806,25600,0.02517361111111111,0.25,0.19166666666666668,0.014404166666666668,0.15986666666666668,1.7476617491080895,1.5638031693077563,,,,,0.37900536179844274,6634795
ldpc,N96_M48,tau_pSA,search,733,50,,,,3.1638776845613013,7.617261962535293,2.384213402574475,fixed,0.7822519483767005,0.0,0.17491666491705715,2.190385867892537,11.92830760315049,linear,0.1512693975583458,0.20144429441227518,best_state,6597,8629,19200,0.027256944444444445,0.2916666666666667,0.21666666666666667,0.014404166666666668,0.15986666666666668,1.8922958248963455,1.8244370308590492,,,,,0.3792869387204965,6064627
ldpc,N96_M48,tau_pSA,search,836,51,,,,5.5126863697292015,5.926940603141315,3.0198125562087905,fixed,0.6156074483498808,0.0,0.19511548406217383,0.23431796322527787,9.876559913312434,linear,0.09525734754335997,0.31591555448754194,best_state,5507,18307,25600,0.02291666666666667,0.25,0.18333333333333335,0.014404166666666668,0.15986666666666668,1.590974833670813,1.5638031693077563,,,,,0.3814125491896718,6880284
ldpc,N96_M48,tau_pSA,refine,921,52,,,,4.743207604076826,6.796222073963347,2.8069656962487506,fixed,0.6010503006223487,0.0,0.16569692758950802,0.23067372988410484,10.2470267235856,cosine,0.0778165284595268,0.34157277989235857,best_state,6554,17713,25600,0.02409548611111111,0.2581666666666667,0.18299999999999997,0.014404166666666668,0.15986666666666668,1.6728136148876673,1.61488740617181,,,,,0.3819158881921685,397514;397615;397716;397817;397918;398019
ldpc,N96_M48,tau_pSA,search,566,53,,,,3.776558218027807,10.422707788435886,2.070370147064168,fixed,0.7240953361380911,0.0,0.11328636163529124,2.5637942140859398,10.647960949800064,piecewise,0.21053447664634828,0.23476174231293115,majority,7078,7835,19200,0.02419704861111111,0.27291666666666664,0.20625000000000002,0.014404166666666668,0.15986666666666668,1.6798645260823446,1.7071517931609672,,,,,0.38373669722134407,4742154
ldpc,N96_M48,tau_pSA,search,885,54,,,,5.43236952452876,6.019120229028027,2.6968358582279817,fixed,0.6346954260919067,0.0,0.2082838215026231,0.14456615887609411,8.044349333168233,exponential,0.07311591404758293,0.2849604125071868,best_state,4822,19738,25600,0.025151909722222223,0.28125,0.17708333333333334,0.014404166666666668,0.15986666666666668,1.746155144151962,1.7592785654712257,,,,,0.38465265960745715,7268315
ldpc,N96_M48,tau_pSA,refine,930,55,,,,4.600347893050424,7.375846211162104,2.4459321982208824,fixed,0.5667926554402898,0.0,0.15412656848898784,0.23400347160157692,9.301575161060263,cosine,0.059491295876084406,0.3280782234066791,best_state,6955,17116,25600,0.024722222222222225,0.26683333333333337,0.18816666666666668,0.014404166666666668,0.15986666666666668,1.7163243660206347,1.6690992493744787,,,,,0.38518213314594973,571732;571833;571934;572035;572136;572237
ldpc,N96_M48,tau_pSA,refine,943,56,,,,5.271650576367851,7.457723416903531,2.3522583236947536,fixed,0.5912726260378517,0.0,0.1712709425869216,0.244381898700198,9.297214849251219,cosine,0.06689989457736847,0.32877026059231684,best_state,6115,17070,25600,0.024520833333333335,0.25966666666666666,0.18499999999999997,0.014404166666666668,0.15986666666666668,1.7023430720277697,1.6242702251876562,,,,,0.3853873399194017,524218;524319;524420;524521;524622;524723
ldpc,N96_M48,tau_pSA,search,830,57,,,,5.279207376193643,6.821195730259874,3.1474150489117694,fixed,0.6177501944252093,0.0,0.1940371147938093,0.18170356427673962,9.697233900195412,linear,0.09824600518012655,0.3013703054433407,best_state,5516,11818,25600,0.0283203125,0.28541666666666665,0.21250000000000002,0.014404166666666668,0.15986666666666668,1.966119467746601,1.785341951626355,,,,,0.3872403612751411,6832770
ldpc,N96_M48,tau_pSA,search,903,58,,,,4.8325966104217795,6.846918350317971,2.5252615620295,fixed,0.6128957313537531,0.0,0.1663763280958153,0.22165659736620077,10.240844029770955,cosine,0.06443581883736754,0.31246176051540914,best_state,5980,19303,25600,0.02419704861111111,0.24791666666666667,0.17916666666666667,0.014404166666666668,0.15986666666666668,1.6798645260823446,1.5507714762301916,,,,,0.3872444104541711,7410857
ldpc,N96_M48,tau_pSA,refine,951,59,,,,5.827871568702019,7.625114049506363,2.3249022559923764,fixed,0.5620781482006078,0.0,0.14168453218286373,0.42124900530482917,9.137356206188247,cosine,0.05049400413838709,0.3467566429869877,best_state,7683,16883,25600,0.02478125,0.26566666666666666,0.18633333333333332,0.014404166666666668,0.15986666666666668,1.7204223315013016,1.6618015012510423,,,,,0.3885036354287033,460866;460967;461068;461169;461270;461371
ldpc,N96_M48,tau_pSA,search,876,60,,,,5.127422941534609,6.635167488640271,2.7075068497268266,fixed,0.6352533125898595,0.0,0.17514162832567953,0.169806971601,9.116693935499296,linear,0.08314606729433492,0.31407171874520723,best_state,5905,13566,25600,0.02606336805555556,0.29791666666666666,0.19583333333333333,0.014404166666666668,0.15986666666666668,1.8094325523093242,1.8635321100917428,,,,,0.38978312334361626,7197044
ldpc,N96_M48,tau_pSA,refine,952,61,,,,5.856973484722374,7.838434829190445,2.3403728451325185,fixed,0.5590300299674763,0.0,0.1479499643833782,0.3329629573810494,8.622881892505116,cosine,0.0627078894686394,0.36135911988016245,best_state,7750,16947,25600,0.02434548611111111,0.26416666666666666,0.18716666666666668,0.014404166666666668,0.15986666666666668,1.690169703982258,1.6524186822351958,,,,,0.39059156859273214,508380;508481;508582;508683;508784;508885
ldpc,N96_M48,tau_pSA,search,732,62,,,,3.4100733239475467,8.372827452155525,1.8372800749351168,fixed,0.7761448034134558,0.0,0.15300653259496613,2.403083796908007,11.373867477031046,linear,0.09559114974192297,0.22545084861630155,best_state,8819,7677,19200,0.023936631944444443,0.25416666666666665,0.18333333333333332,0.014404166666666668,0.15986666666666668,1.6617852666088129,1.5898665554628855,,,,,0.3907895879808324,6056708
ldpc,N96_M48,tau_pSA,refine,968,63,,,,6.718148917303806,7.853006342944093,2.2922981553732886,fixed,0.5734836551600441,0.0,0.143174624945668,0.36793465704718586,8.012498535317189,cosine,0.052431268036420293,0.4009697990657471,best_state,7825,16205,25600,0.02454513888888889,0.25866666666666666,0.18516666666666667,0.014404166666666668,0.15986666666666668,1.7040304695786328,1.6180150125104251,,,,,0.39094475623805774,445028;445129;445230;445331;445432;445533
ldpc,N96_M48,tau_pSA,refine,838,64,,,,5.462932941800367,5.5725579007306445,3.1518314036400517,fixed,0.6161171962928702,0.0,0.18680676947118158,0.15302640321454325,9.687309543204599,linear,0.09022602873984663,0.2999049644257747,best_state,5599,12644,25600,0.025944444444444447,0.2591666666666667,0.1711666666666667,0.014404166666666668,0.15986666666666668,1.8011763571497446,1.621142618849041,,,,,0.39105978685194953,540056;540157;540258;540359;540460;540561
ldpc,N96_M48,tau_pSA,search,969,65,,,,6.705337359409558,7.724672242147311,2.3156358410997124,fixed,0.5211387938535661,0.0,0.1420966793033216,0.478637326708475,8.109669344387932,cosine,0.05471955223016379,0.3959499153653365,best_state,7191,16073,25600,0.023350694444444445,0.26666666666666666,0.18333333333333335,0.014404166666666668,0.15986666666666668,1.621106932793366,1.6680567139282734,,,,,0.39194781529437606,7933511
ldpc,N96_M48,tau_pSA,search,812,66,,,,5.648980491084523,6.0244273845946985,2.8699438407692743,fixed,0.6235568935043007,0.0,0.20332391379099182,0.23014778748277775,9.537423039508358,linear,0.09004113282569452,0.2991298565872774,best_state,5565,9379,25600,0.025021701388888887,0.27499999999999997,0.19374999999999998,0.014404166666666668,0.15986666666666668,1.737115514415196,1.7201834862385317,,,,,0.3920360068038094,6690228
ldpc,N96_M48,tau_pSA,search,954,67,,,,5.7880913302029455,8.28674720863709,2.2686910564501694,fixed,0.5681088829255693,0.0,0.14060229273742397,0.31261143072935615,8.596402305728647,cosine,0.058367347973605176,0.33047777428992775,best_state,7775,16884,25600,0.024522569444444444,0.27083333333333337,0.19791666666666666,0.014404166666666668,0.15986666666666668,1.70246360042426,1.694120100083403,,,,,0.39258410958609075,7814726
ldpc,N96_M48,tau_pSA,search,572,68,,,,3.799297280938534,9.785474092520234,2.0850912602503704,fixed,0.7235802171127204,0.0,0.11345989845450577,2.5112592841447112,10.573383919056798,piecewise,0.4898251108552235,0.2389997937222854,majority,8941,7900,19200,0.023697916666666666,0.2708333333333333,0.19999999999999998,0.014404166666666668,0.15986666666666668,1.6452126120914086,1.6941201000834025,,,,,0.39289315263748154,4789668
ldpc,N96_M48,tau_pSA,search,998,69,,,,5.958983055029917,8.131016089791311,2.8558367671048184,fixed,0.5780170406295895,0.0,0.12638157184575155,0.3667402556909265,8.460858359549535,cosine,0.06541355865303501,0.37019905523766455,best_state,6824,15116,25600,0.022786458333333332,0.2604166666666667,0.19166666666666665,0.014404166666666668,0.15986666666666668,1.5819352039340466,1.6289616346955795,,,,,0.3929112792743505,8163162
ldpc,N96_M48,tau_pSA,refine,873,70,,,,5.173632282790846,6.587523834811779,2.7550690444738724,fixed,0.6342284434989774,0.0,0.17539200168714666,0.32389427791139863,10.13625089713824,linear,0.08293006628344324,0.3280536973009841,best_state,6200,18589,25600,0.024664930555555558,0.256,0.18583333333333332,0.014404166666666668,0.15986666666666668,1.7123469289364575,1.6013344453711424,,,,,0.39298188782756727,357919;358020;358121;358222;358323;358424
ldpc,N96_M48,tau_pSA,search,957,71,,,,5.387123299679366,7.756614304342539,2.2794561875457924,fixed,0.5660748047560689,0.0,0.19465750856011405,0.312405235648577,8.711328046375998,cosine,0.05806817241704879,0.34956001900419476,best_state,7508,16936,25600,0.02484809027777778,0.26875,0.19791666666666666,0.014404166666666668,0.15986666666666668,1.725062674766175,1.6810884070058378,,,,,0.3930645425665258,7838483
ldpc,N96_M48,tau_pSA,search,815,72,,,,5.638804392802736,6.345653830602195,2.9955490773628997,fixed,0.5981649038525098,0.0,0.20749286349600954,0.21417248027740377,9.587821058032803,linear,0.09355571641273235,0.30195476417932804,best_state,6068,9422,25600,0.026085069444444442,0.27291666666666664,0.19583333333333333,0.014404166666666668,0.15986666666666668,1.8109391572654514,1.7071517931609672,,,,,0.39372239687187666,6713985
ldpc,N96_M48,tau_pSA,search,947,73,,,,5.224863165936587,7.455288507847074,2.388438207091966,fixed,0.5858732355817181,0.0,0.18357363965420614,0.2632618383230901,9.111336882243094,cosine,0.0677795125796679,0.3722566827699998,best_state,7430,17866,25600,0.02426215277777778,0.25625000000000003,0.17916666666666667,0.014404166666666668,0.15986666666666668,1.684384340950728,1.6028982485404504,,,,,0.39487114521831873,7759293
ldpc,N96_M48,tau_pSA,search,904,74,,,,4.894309867162485,7.134597550762094,2.456243777261596,fixed,0.6324907677388855,0.0,0.16316143543231712,0.2141453502415701,10.121736690730119,cosine,0.09310425291271425,0.31429649500388485,best_state,5961,14941,25600,0.024848090277777776,0.26666666666666666,0.17500000000000002,0.014404166666666668,0.15986666666666668,1.7250626747661748,1.6680567139282734,,,,,0.39500590161254834,7418776
ldpc,N96_M48,tau_pSA,refine,979,75,,,,6.626794982754906,6.880616938977423,2.487563274205009,fixed,0.5508851614605603,0.0,0.13614188440765398,0.4033498629429195,7.412620330121587,cosine,0.05004464815389362,0.4141733508985609,best_state,7906,16525,25600,0.024524305555555556,0.25866666666666666,0.1805,0.014404166666666668,0.15986666666666668,1.7025841288207502,1.6180150125104251,,,,,0.39579429791299464,547975;548076;548177;548278;548379;548480
ldpc,N96_M48,tau_pSA,final,768,76,,,,3.3104599715883327,6.769298368557199,2.145515484143202,fixed,0.735431709745198,0.0,0.16088164354592144,2.276438787448586,10.395008788415865,linear,0.16259117310513818,0.21663512437651414,best_state,6937,9174,25600,0.024732291666666666,0.26189999999999997,0.18376666666666666,0.014404166666666668,0.15986666666666668,1.7170234307202776,1.6382402001668053,,,,,0.3963618544936034,757919;765941;773963;781985;790007;798029;806051;814073;822095;830117
ldpc,N96_M48,tau_pSA,refine,950,77,,,,5.804387172444352,7.604656627328572,2.2721629071776075,fixed,0.5755760932619262,0.0,0.14565703136798291,0.32045194581030123,8.871454788956804,cosine,0.05965771161696619,0.3463636761299496,best_state,7708,16321,25600,0.024885416666666663,0.26566666666666666,0.18883333333333333,0.014404166666666668,0.15986666666666668,1.7276540352907142,1.6618015012510423,,,,,0.3971940356392572,365838;365939;366040;366141;366242;366343
ldpc,N96_M48,tau_pSA,search,946,78,,,,5.0245864604874395,7.685753363659214,2.2996015720675693,fixed,0.5909540782596672,0.0,0.1786767221068896,0.26684535952476657,9.231262061331709,cosine,0.05103940895256974,0.37704088249765033,best_state,7490,17538,25600,0.024110243055555553,0.2708333333333333,0.19166666666666665,0.014404166666666668,0.15986666666666668,1.673838106257834,1.6941201000834025,,,,,0.39810449961156985,7751374
ldpc,N96_M48,tau_pSA,search,631,79,,,,4.2528266778866595,11.977865318228323,2.0575853559515247,fixed,0.716563980994001,0.0,0.09443921714094156,2.8015201372729384,10.804139457984984,linear,0.1320717621403258,0.2535251861543406,best_state,8603,8616,19200,0.025303819444444448,0.24791666666666667,0.16874999999999998,0.014404166666666668,0.15986666666666668,1.756701378844856,1.5507714762301916,,,,,0.39813897261810227,5256889
ldpc,N96_M48,tau_pSA,search,832,80,,,,5.629357195279727,5.908168582109849,3.0584979117899542,fixed,0.6114861624697608,0.0,0.1915997055656465,0.1800212223044349,9.784458476505089,linear,0.08835230796919154,0.31554648052246775,best_state,5512,17533,25600,0.024826388888888887,0.2604166666666667,0.1875,0.014404166666666668,0.15986666666666668,1.723556069810047,1.6289616346955795,,,,,0.3988819188109429,6848608
ldpc,N96_M48,tau_pSA,search,674,81,,,,3.1896382843004023,8.326301429478173,1.918676878852537,fixed,0.7231648240555206,0.0,0.16662609235161913,0.1755350310170553,11.96172498711507,linear,0.17659182912159554,0.25816773272822957,best_state,8282,8814,19200,0.02552083333333333,0.2625,0.18541666666666667,0.014404166666666668,0.15986666666666668,1.771767428406132,1.6419933277731442,,,,,0.3994522584016888,5597406
ldpc,N96_M48,tau_pSA,refine,962,82,,,,7.155288901748181,7.834876854136116,2.284438653415443,fixed,0.5306384052711545,0.0,0.1420974908003124,0.28885102732813794,7.819979427124625,cosine,0.05008299079008706,0.3768417380843112,best_state,7926,16441,25600,0.025295138888888888,0.2695,0.19516666666666668,0.014404166666666668,0.15986666666666668,1.7560987368624046,1.6857798165137614,,,,,0.40068214325531704,437109;437210;437311;437412;437513;437614
ldpc,N96_M48,tau_pSA,search,781,83,,,,4.536409312454033,7.893961041391169,2.0292532664213145,fixed,0.7093187630857163,0.0,0.11219027311025653,2.703710054337062,11.250731652567872,linear,0.18925126886032018,0.2813792145877839,best_state,7562,8819,25600,0.02521701388888889,0.2520833333333334,0.15416666666666665,0.014404166666666668,0.15986666666666668,1.7506749590203452,1.5768348623853212,,,,,0.4009667687128091,6444739
ldpc,N96_M48,tau_pSA,refine,574,84,,,,3.773992295410998,9.589261503553743,2.0519860193736426,fixed,0.75825620163564,0.0,0.09272812352634772,2.6478802261324494,10.60011073438656,piecewise,0.17893910448063316,0.2297329350768496,majority,8697,1400,19200,0.024571180555555554,0.27799999999999997,0.20499999999999996,0.014404166666666668,0.15986666666666668,1.7058383955259857,1.7389491242702249,,,,,0.4013382306434116,492542;492643;492744;492845;492946;493047
ldpc,N96_M48,tau_pSA,refine,960,85,,,,5.8339181132400375,7.704446693219933,2.2743539928105867,fixed,0.563897407917542,0.0,0.1434121715968284,0.3324470570828958,8.693378721796451,cosine,0.05240924709537815,0.3451736072599923,best_state,7800,17038,25600,0.024307291666666665,0.26516666666666666,0.1875,0.014404166666666668,0.15986666666666668,1.6875180792594733,1.658673894912427,,,,,0.40144490146889616,413352;413453;413554;413655;413756;413857
ldpc,N96_M48,tau_pSA,refine,794,86,,,,4.99857366242142,6.415208345440495,2.5414755455665348,fixed,0.6456967992762264,0.0,0.18628643429102573,2.4713704939485908,11.238025237881084,linear,0.10449754855371045,0.25649504930984224,best_state,6866,8805,25600,0.024999999999999998,0.266,0.1935,0.014404166666666668,0.15986666666666668,1.7356089094590683,1.6638865721434528,,,,,0.4032624927798444,452947;453048;453149;453250;453351;453452
ldpc,N96_M48,tau_pSA,search,907,87,,,,4.890622334330352,6.9795084382875014,2.571426347431357,fixed,0.6280648802883187,0.0,0.2472623674525876,0.19169839361755303,1.2512109574647385,cosine,0.09859250484034578,0.3173325645530931,best_state,5857,17604,25600,0.024804687500000002,0.2916666666666667,0.19791666666666666,0.014404166666666668,0.15986666666666668,1.7220494648539195,1.8244370308590492,,,,,0.4059513697208652,7442533
ldpc,N96_M48,tau_pSA,search,461,88,,,,3.5473396054776445,9.195466216779119,2.2709802129532317,fixed,0.7490862043218464,0.0,0.13739391823803865,1.8273552389428844,11.988102167685655,piecewise,0.563392531605525,0.21409287136511754,majority,6961,568,12800,0.024609375000000003,0.2791666666666667,0.2354166666666667,0.014404166666666668,0.15986666666666668,1.7084900202487707,1.7462468723936613,,,,,0.4071413392528039,3910659
ldpc,N96_M48,tau_pSA,search,617,89,,,,3.8964865916186864,9.380166350163035,1.8369795550489234,fixed,0.7326536591635912,0.0,0.12125048425922438,2.5603513699259977,11.087765862631437,linear,0.19240577284890817,0.22896497206890715,best_state,9010,8260,19200,0.026388888888888892,0.2791666666666667,0.1979166666666667,0.014404166666666668,0.15986666666666668,1.832031626651239,1.7462468723936613,,,,,0.4074439388653022,5146023
ldpc,N96_M48,tau_pSA,search,871,90,,,,5.190279362919121,6.658025878980347,3.2896660368362434,fixed,0.6574358170880215,0.0,0.17606673280070817,0.163634379719747,9.060017818906013,linear,0.08556111144803466,0.3131872217941631,best_state,6251,12438,25600,0.024066840277777776,0.25833333333333336,0.20416666666666664,0.014404166666666668,0.15986666666666668,1.6708248963455787,1.615929941618015,,,,,0.40927094926583224,7157449
ldpc,N96_M48,tau_pSA,refine,757,91,,,,3.2366141745512196,6.748034600358654,2.7470226652064156,fixed,0.6831573632226783,0.0,0.16315300247646072,2.4111622703039526,10.308342201395543,linear,0.15790566379231058,0.21513359398339982,best_state,7422,9190,25600,0.025072916666666667,0.2678333333333333,0.19283333333333333,0.014404166666666668,0.15986666666666668,1.7406711021116574,1.6753544620517093,,,,,0.4094913238334746,429190;429291;429392;429493;429594;429695
ldpc,N96_M48,tau_pSA,search,870,92,,,,5.203493675003519,6.628890169283568,2.719360763888667,fixed,0.6473384796230407,0.0,0.1658822168027065,0.30675267551321644,10.070159139058484,linear,0.08522710984456296,0.32537818962840037,best_state,6171,18528,25600,0.025065104166666668,0.2625,0.18333333333333335,0.014404166666666668,0.15986666666666668,1.7401287243274515,1.6419933277731442,,,,,0.411266605690637,7149530
ldpc,N96_M48,tau_pSA,search,492,93,,,,3.429814945071441,8.595058474881741,2.1521975247725527,fixed,0.7566506213590075,0.0,0.11383154309404994,2.339239943842729,11.38009653553427,piecewise,0.2956699147894414,0.21741009256475016,majority,10193,697,12800,0.024131944444444442,0.26458333333333334,0.21250000000000002,0.014404166666666668,0.15986666666666668,1.6753447112139617,1.6550250208507087,,,,,0.41151882716254196,4156148
ldpc,N96_M48,tau_pSA,search,395,94,,,,4.400063660173816,8.668203760488007,1.9726634241364163,fixed,0.7642775881903862,0.0,0.12106566623617465,1.878437814031008,7.868509286799944,constant,0.9206249437262857,0.1637774913752327,majority,10837,753,12800,0.024934895833333335,0.29583333333333334,0.21666666666666667,0.014404166666666668,0.15986666666666668,1.7310890945906856,1.8505004170141783,,,,,0.41181034628621055,3388005
ldpc,N96_M48,tau_pSA,refine,791,95,,,,4.519987339053339,7.950357132688706,2.2133325610698327,fixed,0.7035732215551692,0.0,0.10838815344825503,2.8430438068259174,11.71526922575369,linear,0.1904905669932132,0.27962055819594916,best_state,7461,8797,25600,0.025319444444444447,0.2581666666666667,0.17733333333333334,0.014404166666666668,0.15986666666666668,1.7577861344132677,1.61488740617181,,,,,0.4119787846296374,500461;500562;500663;500764;500865;500966
ldpc,N96_M48,tau_pSA,search,942,96,,,,5.017300673884673,7.450437546226507,2.364439957052754,fixed,0.5983489609728287,0.0,0.17731983086637645,0.2581019037214829,9.339635401758233,cosine,0.06585137803345421,0.44282990790840426,best_state,7614,17556,25600,0.02719184027777778,0.27291666666666664,0.19791666666666666,0.014404166666666668,0.15986666666666668,1.8877760100279626,1.7071517931609672,,,,,0.41270561408048695,7719698
ldpc,N96_M48,tau_pSA,refine,949,97,,,,5.659206886993596,7.422141580236559,2.3338659833936433,fixed,0.5679783767179507,0.0,0.14138281922049314,0.4488134572902859,8.924327928837299,cosine,0.0588443648590285,0.35524229496989923,best_state,7770,17284,25600,0.025409722222222222,0.2688333333333333,0.18833333333333332,0.014404166666666668,0.15986666666666668,1.7640536110307588,1.6816096747289404,,,,,0.41283166524343323,389595;389696;389797;389898;389999;390100
ldpc,N96_M48,tau_pSA,refine,840,98,,,,5.6523651151796654,5.992933186415865,2.805432533095599,fixed,0.6053692172908021,0.0,0.20134480854025288,0.17921601781469984,9.699724665449489,linear,0.09174654195770518,0.30976416529565876,best_state,5352,20018,25600,0.025307291666666665,0.26833333333333337,0.19666666666666666,0.014404166666666668,0.15986666666666668,1.756942435637836,1.6784820683903252,,,,,0.41442684897840204,405433;405534;405635;405736;405837;405938
ldpc,N96_M48,tau_pSA,search,803,99,,,,4.890743826756646,6.506420870380399,2.476594028226562,fixed,0.633962834723997,0.0,0.18853762223115925,0.24410246001663832,9.66437720282164,linear,0.11082969672012692,0.2537290572349983,best_state,6965,8775,25600,0.02536892361111111,0.26666666666666666,0.19166666666666668,0.014404166666666668,0.15986666666666668,1.7612211937132387,1.6680567139282734,,,,,0.41568925905638027,6618957
ldpc,N96_M48,tau_pSA,search,917,100,,,,5.68547686790283,6.979565367222705,2.893310776096174,fixed,0.598969201005379,0.0,0.1648282690433797,0.28816777658686726,10.403493345554352,linear,0.050299498738330096,0.3672325983883073,best_state,6438,18634,25600,0.025781250000000002,0.2708333333333333,0.19999999999999998,0.014404166666666668,0.15986666666666668,1.7898466878796644,1.6941201000834025,,,,,0.4159499820029108,7521723
ldpc,N96_M48,tau_pSA,search,620,101,,,,3.921802123925206,9.349168470145434,1.8209710164119008,fixed,0.7305440121971735,0.0,0.1208915558662534,2.5389104549455745,10.137729292308745,linear,0.14484956880778532,0.2308987652160136,best_state,8962,8274,19200,0.025282118055555552,0.27499999999999997,0.19583333333333333,0.014404166666666668,0.15986666666666668,1.755194773888728,1.7201834862385317,,,,,0.4160710031970729,5169780
ldpc,N96_M48,tau_pSA,search,771,102,,,,3.543648312873331,6.857693435582054,2.197461779387985,fixed,0.6774840221621579,0.0,0.13885195959070076,2.1123960964453974,11.905648489194222,linear,0.14031472382158816,0.23281533645213617,best_state,7568,9182,25600,0.025629340277777777,0.2854166666666667,0.19374999999999998,0.014404166666666668,0.15986666666666668,1.7793004531867707,1.7853419516263553,,,,,0.41699210383702,6365549
ldpc,N96_M48,tau_pSA,search,905,103,,,,5.012010062222533,6.712314685439111,2.5098114047177664,fixed,0.5411147469625025,0.0,0.16168146018317028,0.20811622649306072,10.170546881955335,cosine,0.0679171990251822,0.32656831960053917,best_state,5918,19307,25600,0.027951388888888887,0.28958333333333336,0.21458333333333335,0.014404166666666668,0.15986666666666668,1.9405071834924306,1.8114053377814845,,,,,0.41764240132070757,7426695
ldpc,N96_M48,tau_pSA,search,388,104,,,,4.357333172787334,8.730774374311794,1.965937013553562,fixed,0.7628799047088725,0.0,0.1282260042981013,1.8493893497746945,8.609211997782081,piecewise,0.907609063637026,0.1602937390889951,majority,10782,810,12800,0.02495659722222222,0.27708333333333335,0.2104166666666667,0.014404166666666668,0.15986666666666668,1.732595699546813,1.7332151793160966,,,,,0.4180345133914034,3332572
ldpc,N96_M48,tau_pSA,refine,977,105,,,,6.5160151034561595,6.696778830160041,2.6188724983300204,fixed,0.5530106030379555,0.0,0.13501560635216117,0.3939408463150126,7.469499901726124,cosine,0.050648169751177446,0.3750614501282953,best_state,7915,16533,25600,0.026026041666666666,0.267,0.17799999999999996,0.014404166666666668,0.15986666666666668,1.8068411917847844,1.6701417848206839,,,,,0.4181625837822125,381676;381777;381878;381979;382080;382181
ldpc,N96_M48,tau_pSA,search,655,106,,,,4.1327780242860275,11.953585131752929,2.5361004066984245,fixed,0.6982945391487353,0.0,0.06988313261376175,2.7122602761269987,11.153964088043624,linear,0.1259328652104529,0.24479954868862708,best_state,9257,8014,19200,0.027756076388888887,0.26666666666666666,0.21666666666666667,0.014404166666666668,0.15986666666666668,1.9269477388872815,1.6680567139282734,,,,,0.4188530749924294,5446945
ldpc,N96_M48,tau_pSA,search,600,107,,,,4.166170959922472,10.0499540102184,1.935536287997854,fixed,0.7298862140574225,0.0,0.10483562480202556,2.7067239219366814,10.842337892517259,piecewise,0.19805292270550162,0.24353750792587067,majority,8816,8012,19200,0.02389322916666667,0.26458333333333334,0.19375,0.014404166666666668,0.15986666666666668,1.6587720566965578,1.6550250208507087,,,,,0.42001637698421457,5011400
ldpc,N96_M48,tau_pSA,search,701,108,,,,3.2740530370476324,9.469478095065876,2.0706761516486947,fixed,0.7629851119745094,0.0,0.121000691370406,2.588751710364139,11.146752788373266,linear,0.19441389501221054,0.29295751632568096,best_state,8960,9953,19200,0.025499131944444444,0.26875,0.22708333333333333,0.014404166666666668,0.15986666666666668,1.7702608234500048,1.6810884070058378,,,,,0.4201935744724015,5811219
ldpc,N96_M48,tau_pSA,search,990,109,,,,7.802680625352682,8.149119747828756,2.2119871906201274,fixed,0.5308247016191464,0.0,0.16138732321267085,0.3390259800584327,7.76993337728299,cosine,0.05526745247425616,0.3971514198670439,best_state,7274,15601,25600,0.025629340277777773,0.2708333333333333,0.1875,0.014404166666666668,0.15986666666666668,1.7793004531867704,1.6941201000834025,,,,,0.4210060206918498,8099810
ldpc,N96_M48,tau_pSA,refine,999,110,,,,5.869735124058636,8.076127451702684,2.769020099689114,fixed,0.5785302662564997,0.0,0.12905739752600312,0.41911950703686096,8.459402860745405,cosine,0.0641467126116853,0.37207946535135106,best_state,8146,17218,25600,0.025444444444444447,0.2668333333333333,0.19199999999999998,0.014404166666666668,0.15986666666666668,1.766464178960563,1.6690992493744785,,,,,0.4210195635196925,373757;373858;373959;374060;374161;374262
ldpc,N96_M48,tau_pSA,refine,839,111,,,,5.666055176088179,5.856059596807654,2.887763475476806,fixed,0.6172509492372653,0.0,0.19650563065735452,0.15130552594590008,9.728504061114085,linear,0.09279530410275261,0.30691937987054935,best_state,5515,17496,25600,0.025614583333333333,0.2681666666666667,0.18883333333333333,0.014404166666666668,0.15986666666666668,1.778275961816604,1.6774395329441203,,,,,0.4239775663237432,579651;579752;579853;579954;580055;580156
ldpc,N96_M48,tau_pSA,search,667,112,,,,3.6489204167750717,8.494057599766304,2.2386041827106804,fixed,0.7515379105057457,0.0,0.1438786320612447,2.287187477053287,10.231056560065497,linear,0.14761176566819986,0.2167427454527162,best_state,8735,9559,19200,0.02658420138888889,0.26458333333333334,0.19791666666666666,0.014404166666666668,0.15986666666666668,1.845591071256388,1.6550250208507087,,,,,0.42448477580822275,5541973
ldpc,N96_M48,tau_pSA,search,673,113,,,,3.2070022168089984,8.446339849611471,1.917767855276951,fixed,0.7317852302635691,0.0,0.18612679707684932,2.5240895417020806,10.794237327875111,linear,0.17540715026948908,0.19913726990979758,best_state,8326,10329,19200,0.02523871527777778,0.27708333333333335,0.2041666666666667,0.014404166666666668,0.15986666666666668,1.7521815639764728,1.7332151793160966,,,,,0.4248550407805899,5589487
ldpc,N96_M48,tau_pSA,search,798,114,,,,5.426837907682425,6.943520843725558,2.5490124762971336,fixed,0.68732627767431,0.0,0.17837367033882626,2.447939762137644,11.192132832084345,linear,0.10857194773983776,0.25854580473134325,best_state,6967,8797,25600,0.022135416666666668,0.25625000000000003,0.17500000000000002,0.014404166666666668,0.15986666666666668,1.5367370552502169,1.6028982485404504,,,,,0.4249320549238452,6579362
ldpc,N96_M48,tau_pSA,search,546,115,,,,4.217086045512716,9.07671712216523,2.3984768024673833,fixed,0.7696920202875932,0.0,0.09032099709983867,2.3259739740890835,10.611707792810089,piecewise,0.6874287999473454,0.15467255471901972,majority,9503,1429,19200,0.02439236111111111,0.28750000000000003,0.2020833333333333,0.014404166666666668,0.15986666666666668,1.6934239706874938,1.79837364470392,,,,,0.4254022796414163,4583774
ldpc,N96_M48,tau_pSA,search,809,116,,,,5.8212034186173165,6.286505847947623,3.1110191395941973,fixed,0.6107194316147961,0.0,0.18836925160332757,0.17035292404142552,9.464088823016533,linear,0.09026503464296755,0.2801074875888883,best_state,6215,9212,25600,0.02619357638888889,0.28125,0.20833333333333334,0.014404166666666668,0.15986666666666668,1.81847218204609,1.7592785654712257,,,,,0.4258413423851201,6666471
ldpc,N96_M48,tau_pSA,search,964,117,,,,6.749792606101262,7.914362909039412,2.2822607862252915,fixed,0.5292111278338152,0.0,0.14505820595734495,0.3987294052251354,8.598690903434878,cosine,0.05670423058169251,0.388499062332977,best_state,7825,16157,25600,0.024652777777777777,0.28541666666666665,0.19375,0.014404166666666668,0.15986666666666668,1.7115032301610258,1.785341951626355,,,,,0.42601071979128186,7893916
ldpc,N96_M48,tau_pSA,search,549,118,,,,4.048522754750145,9.23438309528542,2.3655054362011447,fixed,0.7686417052100903,0.0,0.09215072564106247,0.034439976897590506,9.214288002880409,piecewise,0.6794089625210228,0.18405723698259632,majority,8234,8196,19200,0.0244140625,0.2875,0.23125000000000004,0.014404166666666668,0.15986666666666668,1.6949305756436215,1.7983736447039196,,,,,0.42625971948962166,4607531
ldpc,N96_M48,tau_pSA,search,865,119,,,,5.2873421926992865,6.4997340099918315,3.2071643110446315,fixed,0.570721159586752,0.0,0.1778886863418649,0.16486859454037694,9.141424514487772,linear,0.08779778103359517,0.3247954159730138,best_state,6363,18180,25600,0.024804687500000002,0.2770833333333333,0.19999999999999998,0.014404166666666668,0.15986666666666668,1.7220494648539195,1.7332151793160964,,,,,0.4267052368873696,7109935
ldpc,N96_M48,tau_pSA,search,902,120,,,,4.860242669696321,7.108136280775763,2.6152187881243085,fixed,0.6149807917005761,0.0,0.16147670173943857,0.20091373270389412,9.844623416006792,cosine,0.06476424342724109,0.3116820305482385,best_state,5643,19358,25600,0.02456597222222222,0.2604166666666667,0.19166666666666668,0.014404166666666668,0.15986666666666668,1.7054768103365152,1.6289616346955795,,,,,0.4271416060052221,7402938
ldpc,N96_M48,tau_pSA,search,908,121,,,,5.868488263908159,7.174640051116073,2.6151006316232572,fixed,0.5399819785798077,0.0,0.1660942239392561,0.2174391259473383,10.197107890899849,cosine,0.09490467473811423,0.3153631020449197,best_state,5842,19303,25600,0.02328559027777778,0.27708333333333335,0.19999999999999998,0.014404166666666668,0.15986666666666668,1.616587117924983,1.7332151793160966,,,,,0.42916608744497875,7450452
ldpc,N96_M48,tau_pSA,refine,945,122,,,,5.182170401111595,7.50914073261594,2.391838365948903,fixed,0.5974787835114208,0.0,0.17611857897218472,0.4516817950168006,9.414955968815999,cosine,0.050519277280976355,0.32827748475283,best_state,7347,17808,25600,0.025979166666666668,0.2755,0.19533333333333333,0.014404166666666668,0.15986666666666668,1.8035869250795487,1.7233110925771475,,,,,0.43069149933380707,595489;595590;595691;595792;595893;595994
ldpc,N96_M48,tau_pSA,search,857,123,,,,5.832534796052607,6.421322552715169,2.9206486178208007,fixed,0.5994620284106097,0.0,0.19438991898760663,0.17901776047904344,9.429406809552162,linear,0.09876693722717196,0.29787154504248264,best_state,5497,18956,25600,0.025390625000000003,0.27499999999999997,0.20208333333333336,0.014404166666666668,0.15986666666666668,1.7627277986693666,1.7201834862385317,,,,,0.4309496335917747,7046583
ldpc,N96_M48,tau_pSA,search,627,124,,,,4.199827378795101,10.764096069120773,2.043129410268778,fixed,0.7472504327351651,0.0,0.09536807837064107,0.4055222845325747,9.538712980063602,linear,0.21006816234769082,0.2501568782606727,best_state,8542,9249,19200,0.02556423611111111,0.2833333333333333,0.19166666666666665,0.014404166666666668,0.15986666666666668,1.7747806383183877,1.7723102585487904,,,,,0.4328912635571546,5225213
ldpc,N96_M48,tau_pSA,search,519,125,,,,4.365653658338512,9.378330644440481,2.189651479930159,fixed,0.721109720965245,0.0,0.12286948122651813,1.878792443693498,9.478280359767412,piecewise,0.6499578589417208,0.16713874779118057,majority,9746,876,12800,0.024717881944444447,0.26458333333333334,0.21458333333333332,0.014404166666666668,0.15986666666666668,1.716023045029409,1.6550250208507087,,,,,0.4345079711089571,4369961
ldpc,N96_M48,tau_pSA,search,866,126,,,,5.201431455926219,6.522953351544588,3.239668699071631,fixed,0.6503988645876936,0.0,0.17465411585109739,0.11706827877713344,9.001845277805934,linear,0.0852286254697702,0.3190329568772443,best_state,6461,18412,25600,0.02638888888888889,0.27708333333333335,0.21666666666666667,0.014404166666666668,0.15986666666666668,1.8320316266512389,1.7332151793160966,,,,,0.4348431457088996,7117854
ldpc,N96_M48,tau_pSA,search,797,127,,,,4.818938731251897,6.540974062670775,2.4300309572770593,fixed,0.6982293432711533,0.0,0.09025672580994748,2.999304691791194,11.312310065919903,linear,0.12569161655963576,0.2572163711201712,best_state,6254,8741,25600,0.026692708333333332,0.2708333333333333,0.16874999999999998,0.014404166666666668,0.15986666666666668,1.853124096037026,1.6941201000834025,,,,,0.43660578767698577,6571443
ldpc,N96_M48,tau_pSA,search,773,128,,,,3.6598895281661865,6.519888571796002,3.0497835266289313,fixed,0.6816103824326099,0.0,0.14498161045205568,2.0747714948267015,11.951135745859563,linear,0.055576077634030135,0.23270155785100402,best_state,6651,9349,25600,0.026757812500000002,0.27708333333333335,0.19375,0.014404166666666668,0.15986666666666668,1.8576439109054093,1.7332151793160966,,,,,0.43676981345453536,6381387
ldpc,N96_M48,tau_pSA,search,953,129,,,,4.379758497739441,7.92742057898172,2.309540881854092,fixed,0.5687591458104417,0.0,0.14449892182504318,0.3150817383172375,8.632035948514826,cosine,0.05998419034150104,0.3487440834049327,best_state,7668,16971,25600,0.02552083333333333,0.25833333333333336,0.19583333333333333,0.014404166666666668,0.15986666666666668,1.771767428406132,1.615929941618015,,,,,0.4380731894613312,7806807
ldpc,N96_M48,tau_pSA,search,567,130,,,,3.771392932223535,9.976049958568073,2.0735865448899182,fixed,0.7229714208612797,0.0,0.10721321746937058,0.03175021897935802,9.586775044210796,piecewise,0.20960045030249647,0.23477864324485292,majority,8743,1258,19200,0.024717881944444447,0.30416666666666664,0.21458333333333335,0.014404166666666668,0.15986666666666668,1.716023045029409,1.9026271893244366,,,,,0.4405164528686588,4750073
ldpc,N96_M48,tau_pSA,search,792,131,,,,4.625176311755592,7.815982668326816,2.006225498962946,fixed,0.7097403155159814,0.0,0.11194513862697697,2.768239690768092,11.656689346252227,linear,0.1818967728706699,0.2794139000907229,best_state,6034,8716,25600,0.028016493055555553,0.30833333333333335,0.1875,0.014404166666666668,0.15986666666666668,1.9450269983608135,1.9286905754795662,,,,,0.44075977547502176,6531848
ldpc,N96_M48,tau_pSA,search,597,132,,,,4.422260381405849,10.168092994028639,1.972841678738339,fixed,0.7286217767053216,0.0,0.10159160550937238,2.695756534989422,10.921299831024509,linear,0.1798131263982659,0.24173266450682274,majority,8780,8413,19200,0.02654079861111111,0.30000000000000004,0.2020833333333333,0.014404166666666668,0.15986666666666668,1.8425778613441326,1.876563803169308,,,,,0.44105062082778734,4987643
ldpc,N96_M48,tau_pSA,search,664,133,,,,3.6017783621808652,8.88040889770467,2.2213349439917836,fixed,0.751557505938392,0.0,0.1418183253278908,2.373557449468557,10.235712857322836,linear,0.1419867755927361,0.21019473981662123,best_state,8743,1691,19200,0.026302083333333334,0.27708333333333335,0.18958333333333335,0.014404166666666668,0.15986666666666668,1.8260052068267283,1.7332151793160966,,,,,0.4417194082655241,5518216
ldpc,N96_M48,tau_pSA,search,551,134,,,,4.180416004642267,9.37502910557489,2.350430212522384,fixed,0.7654967812899844,0.0,0.09222666640468763,2.9978495800724536,8.968523757022515,piecewise,0.5150592003365961,0.15796730719237065,majority,8334,1347,19200,0.026258680555555563,0.2791666666666667,0.19166666666666668,0.014404166666666668,0.15986666666666668,1.8229919969144734,1.7462468723936613,,,,,0.44236517393686553,4623369
ldpc,N96_M48,tau_pSA,search,460,135,,,,3.703353721943597,8.882982110944587,2.314630418100874,fixed,0.749989382275741,0.0,0.13290109131611794,2.438934087390167,10.712996527685403,piecewise,0.5359175219259465,0.20861740038567178,majority,9635,702,12800,0.02619357638888889,0.3020833333333333,0.21458333333333332,0.014404166666666668,0.15986666666666668,1.81847218204609,1.8895954962468722,,,,,0.44370266537260067,3902740
ldpc,N96_M48,tau_pSA,search,763,136,,,,3.2080015035434504,6.793338708911488,2.099258191511173,fixed,0.5216103644988668,0.0,0.11066973077851698,2.3616139729301975,10.355498430298917,linear,0.16155953033750015,0.21676412372856155,best_state,8231,8472,19200,0.02463107638888889,0.3,0.21458333333333332,0.014404166666666668,0.15986666666666668,1.7099966252048984,1.8765638031693075,,,,,0.4442710571751133,6302197
ldpc,N96_M48,tau_pSA,search,598,137,,,,4.018227929660186,9.834447604827094,1.9579886634077484,fixed,0.7289970314393256,0.0,0.09980887617528647,2.732890743017356,10.8658677209693,linear,0.20562217903112612,0.2578537709004412,best_state,8714,7946,19200,0.025716145833333332,0.25,0.16666666666666666,0.014404166666666668,0.15986666666666668,1.7853268730112812,1.5638031693077563,,,,,0.44702842664867903,4995562
ldpc,N96_M48,tau_pSA,search,571,138,,,,3.717322333157852,9.992360265247202,2.144716453274337,fixed,0.7546227024903641,0.0,0.11033576651829227,2.4495354050456544,10.560662393180145,piecewise,0.18652407669386759,0.3041778264702868,majority,8680,8566,19200,0.025976562499999998,0.29583333333333334,0.22916666666666666,0.014404166666666668,0.15986666666666668,1.8034061324848132,1.8505004170141783,,,,,0.4472025215596908,4781749
ldpc,N96_M48,tau_pSA,refine,628,139,,,,4.2505108044691,11.974029626569836,2.0748809536933677,fixed,0.7443559158504868,0.0,0.1712047345335572,2.70851596550006,11.526246952894926,linear,0.12957104420037832,0.2596951948167699,best_state,8425,8581,19200,0.02720138888888889,0.2906666666666667,0.20899999999999996,0.014404166666666668,0.15986666666666668,1.8884389162086588,1.8181818181818181,,,,,0.4478529803831494,532137;532238;532339;532440;532541;532642
ldpc,N96_M48,tau_pSA,search,595,140,,,,4.0775420255296675,10.067559295771746,1.9317366397974571,fixed,0.7315802231374081,0.0,0.0989408373131667,2.9644502377640602,10.87193766621747,piecewise,0.14545988544755908,0.24520647667100226,majority,8831,8389,19200,0.02536892361111111,0.275,0.20208333333333336,0.014404166666666668,0.15986666666666668,1.7612211937132387,1.7201834862385321,,,,,0.4485968634836841,4971805
ldpc,N96_M48,tau_pSA,search,394,141,,,,4.3560023009176865,8.543528643979315,1.9928902762106124,fixed,0.762042732885287,0.0,0.1256169444457828,1.8629815716976363,8.673314873666591,piecewise,0.9148604877188009,0.1623781275896354,majority,10813,762,12800,0.026692708333333332,0.29375,0.22083333333333333,0.014404166666666668,0.15986666666666668,1.853124096037026,1.8374687239366136,,,,,0.4493675284145466,3380086
ldpc,N96_M48,tau_pSA,search,524,142,,,,4.445968634712153,9.037803180330704,2.212468579532335,fixed,0.7852478717767168,0.0,0.12005439113841533,1.8862206221358628,10.967564144130792,piecewise,0.48429314864868045,0.17693547462897802,majority,9700,874,12800,0.025347222222222226,0.3,0.21041666666666667,0.014404166666666668,0.15986666666666668,1.7597145887571113,1.8765638031693075,,,,,0.45058229017683094,4409556
ldpc,N96_M48,tau_pSA,search,835,143,,,,5.525809744746311,6.316639251467226,2.984572178554584,fixed,0.6255451271355009,0.0,0.18597806494123845,0.1562023859248894,9.540778654407795,linear,0.09165859623400581,0.3141995594725462,best_state,5558,17329,25600,0.029817708333333335,0.27291666666666664,0.21666666666666667,0.014404166666666668,0.15986666666666668,2.07007520971941,1.7071517931609672,,,,,0.4505868624063419,6872365
ldpc,N96_M48,tau_pSA,search,913,144,,,,4.729731848857123,7.031811993245781,2.407359152617047,fixed,0.5961017522221133,0.0,0.16695522590953477,0.3137479184643382,10.245815762224181,cosine,0.06173931485561454,0.3418724903590685,best_state,6422,18696,25600,0.02769097222222222,0.26875,0.19999999999999998,0.014404166666666668,0.15986666666666668,1.9224279240188986,1.6810884070058378,,,,,0.45129298850411365,7490047
ldpc,N96_M48,tau_pSA,search,547,145,,,,4.0280385778527705,9.322131375990859,2.359997186549016,fixed,0.7665435232161947,0.0,0.09185042555447796,2.358597108811677,10.670725517535478,piecewise,0.5003950995563734,0.3074247391374538,majority,8456,8071,19200,0.027256944444444445,0.2791666666666667,0.2104166666666667,0.014404166666666668,0.15986666666666668,1.8922958248963455,1.7462468723936613,,,,,0.4522837270705761,4591693
ldpc,N96_M48,tau_pSA,search,390,146,,,,4.364905498928751,8.420144258540343,1.9594819077578922,fixed,0.7555132810626709,0.0,0.1306902102073522,1.8594872109639184,7.799488054180905,constant,0.9031739737427424,0.16432667110020713,majority,10815,825,12800,0.026714409722222224,0.28750000000000003,0.24375000000000002,0.014404166666666668,0.15986666666666668,1.854630700993154,1.79837364470392,,,,,0.4531446008181196,3348410
ldpc,N96_M48,tau_pSA,search,831,147,,,,5.54063419045205,6.062803129044462,3.016030586878706,fixed,0.6519767599691829,0.0,0.19337220633361313,0.2338252004160709,9.904556883195959,linear,0.09641552441047703,0.3086653521810638,best_state,6175,17715,25600,0.026345486111111108,0.2916666666666667,0.22916666666666666,0.014404166666666668,0.15986666666666668,1.8290184167389834,1.8244370308590492,,,,,0.4532944954285552,6840689
ldpc,N96_M48,tau_pSA,search,652,148,,,,4.294428939899961,10.426950205570451,2.5341224692470945,fixed,0.6891368956374595,0.0,0.07370021341586996,0.5689317341564432,11.951774247330679,linear,0.12640966636788964,0.24139535393908332,best_state,9276,7930,19200,0.029014756944444445,0.26666666666666666,0.17916666666666667,0.014404166666666668,0.15986666666666668,2.0143308263426865,1.6680567139282734,,,,,0.455198456905923,5423188
ldpc,N96_M48,tau_pSA,search,638,149,,,,5.2532525324053205,11.607459309872588,2.3562695213721754,fixed,0.7162449681736827,0.0,0.02642521483718986,0.13810692509171987,9.340787052343229,linear,0.22674496143146816,0.2186141097067248,best_state,8112,9274,19200,0.02667100694444444,0.27499999999999997,0.18958333333333333,0.014404166666666668,0.15986666666666668,1.8516174910808982,1.7201834862385317,,,,,0.45558444378182567,5312322
ldpc,N96_M48,tau_pSA,search,630,150,,,,4.145819225390197,11.03459824948914,2.127393248097154,fixed,0.7446384325589743,0.0,0.0961285835234043,2.730632948130552,11.494954236565858,linear,0.19998805752206036,0.25036055442705285,best_state,8524,8603,19200,0.02955729166666667,0.2854166666666667,0.18333333333333335,0.014404166666666668,0.15986666666666668,2.0519959502458778,1.7853419516263553,,,,,0.45616099481829375,5248970
ldpc,N96_M48,tau_pSA,search,833,151,,,,5.599162433610602,6.157352223795699,3.0957575436611267,fixed,0.618395604519166,0.0,0.1939950101396013,0.18218595297205656,1.000949727720989,linear,0.09670244462157314,0.3144780101013277,best_state,5732,16752,25600,0.027300347222222226,0.27708333333333335,0.16458333333333333,0.014404166666666668,0.15986666666666668,1.895309034808601,1.7332151793160966,,,,,0.4564793715773559,6856527
ldpc,N96_M48,tau_pSA,refine,596,152,,,,4.12717057503112,10.167235658217107,1.9570267353272712,fixed,0.7301091404373158,0.0,0.10516806230567369,2.740406941810651,10.804369115064327,linear,0.1291569576754364,0.2450407676674915,best_state,8643,7983,19200,0.027690972222222224,0.2856666666666667,0.19899999999999998,0.014404166666666668,0.15986666666666668,1.9224279240188988,1.7869057547956628,,,,,0.4565695940077437,555894;555995;556096;556197;556298;556399
ldpc,N96_M48,tau_pSA,search,594,153,,,,4.0832327000247135,9.763145425673224,1.9210578660859572,fixed,0.7314611634589943,0.0,0.10403753330716463,2.814735441038507,10.853210984294872,linear,0.1452979250546881,0.2500021677153845,best_state,8616,7943,19200,0.027061631944444445,0.26875,0.17500000000000002,0.014404166666666668,0.15986666666666668,1.8787363802911965,1.6810884070058378,,,,,0.45671615797533605,4963886
ldpc,N96_M48,tau_pSA,search,469,154,,,,3.6104488834600423,9.031355933399944,2.3102067944590448,fixed,0.7836327265657771,0.0,0.13983820319771428,2.3372809075993475,11.552307088386023,piecewise,0.5704906168061917,0.24711939027064275,majority,9421,594,12800,0.026171875,0.30416666666666664,0.23749999999999996,0.014404166666666668,0.15986666666666668,1.8169655770899624,1.9026271893244366,,,,,0.45746100661443306,3974011
ldpc,N96_M48,tau_pSA,search,787,155,,,,4.421978532289099,7.721340969734936,2.0015370486838076,fixed,0.6705973209976327,0.0,0.11361312674574883,2.72851192350616,11.67760865686109,linear,0.19236700355097458,0.2743277523078706,best_state,7537,15465,25600,0.024999999999999998,0.2708333333333333,0.20625000000000002,0.014404166666666668,0.15986666666666668,1.7356089094590683,1.6941201000834025,,,,,0.45750369785721645,6492253
ldpc,N96_M48,tau_pSA,search,433,156,,,,4.725621515897203,9.917899310615232,2.214739266941193,fixed,0.7422099248327586,0.0,0.0877742808696994,1.6504336265164747,10.88897495040872,piecewise,0.8002354952118904,0.24108674339194774,majority,10164,966,12800,0.027452256944444448,0.30624999999999997,0.21041666666666667,0.014404166666666668,0.15986666666666668,1.9058552695014948,1.9156588824020013,,,,,0.45858224545302895,3688927
ldpc,N96_M48,tau_pSA,search,651,157,,,,4.142096614466293,10.47288089354362,2.5417503730515496,fixed,0.6974311673470186,0.0,0.07724634985807699,0.5815541502566451,11.994769022530589,linear,0.1992892197880947,0.24690469283639102,best_state,9295,8802,19200,0.027886284722222224,0.2604166666666667,0.17500000000000002,0.014404166666666668,0.15986666666666668,1.9359873686240479,1.6289616346955795,,,,,0.46104841037295397,5415269
ldpc,N96_M48,tau_pSA,search,790,158,,,,4.528431081157785,7.8211611009020965,2.214090051829265,fixed,0.6689695824291567,0.0,0.11873336036751736,2.7869698171832966,11.672249041594922,linear,0.18650268964272926,0.27990217759209796,best_state,23323,2236,25600,0.028927951388888887,0.27291666666666664,0.19583333333333333,0.014404166666666668,0.15986666666666668,2.0083044065181754,1.7071517931609672,,,,,0.46169711125960594,6516010
ldpc,N96_M48,tau_pSA,search,807,159,,,,5.7466887247686795,6.6543878938947145,2.894303911668425,fixed,0.6254274273639491,0.0,0.21897969712244966,0.23633119828103039,9.348659438939848,linear,0.09215344585652116,0.2867083473803101,best_state,6080,9395,25600,0.025954861111111116,0.2833333333333334,0.225,0.014404166666666668,0.15986666666666668,1.801899527528686,1.7723102585487907,,,,,0.4617972970721357,6650633
ldpc,N96_M48,tau_pSA,search,458,160,,,,3.502570381528832,9.121406094748123,2.2806973919958815,fixed,0.7500051121084953,0.0,0.13308879484314645,2.5157042516616173,9.009151128633302,piecewise,0.5641252205391769,0.20802296250922325,majority,9770,705,12800,0.025260416666666664,0.28750000000000003,0.2354166666666667,0.014404166666666668,0.15986666666666668,1.7536881689326003,1.79837364470392,,,,,0.4648776735639435,3886902
ldpc,N96_M48,tau_pSA,search,703,161,,,,3.256023152461588,9.574637217413578,2.103621418725096,fixed,0.7635694343255639,0.0,0.12400964619685337,2.5182652465877897,11.20390500562807,linear,0.19206674628655443,0.24312001633207317,best_state,8976,9932,19200,0.025694444444444447,0.2708333333333333,0.2333333333333333,0.014404166666666668,0.15986666666666668,1.7838202680551538,1.6941201000834025,,,,,0.4657767137514652,5827057
ldpc,N96_M48,tau_pSA,search,724,162,,,,3.4690746856267074,8.321980143990736,1.8524390866813703,fixed,0.7167694230147889,0.0,0.15423250720358558,2.406001561374668,11.36316918871204,linear,0.10145725515615005,0.22552073938901449,best_state,8615,9618,19200,0.025868055555555557,0.32708333333333334,0.23124999999999998,0.014404166666666668,0.15986666666666668,1.7958731077041752,2.0459758131776478,,,,,0.46596458459238965,5993356
ldpc,N96_M48,tau_pSA,search,940,163,,,,5.09462914091566,6.576207100788227,2.3386284202604073,fixed,0.5989624474666562,0.0,0.17510775722776278,0.26085193284407904,0.49524520680664896,cosine,0.06730342101722181,0.374127787054086,best_state,6388,17660,25600,0.02981770833333333,0.25625000000000003,0.22083333333333333,0.014404166666666668,0.15986666666666668,2.0700752097194095,1.6028982485404504,,,,,0.46803174567550615,7703860
ldpc,N96_M48,tau_pSA,search,834,164,,,,5.611551627590895,5.951905812921886,3.07472357248865,fixed,0.6042186385766339,0.0,0.19035889815877027,0.1565023754564746,9.660540039524397,linear,0.08984236605263832,0.32024428028862284,best_state,5789,9478,25600,0.02769097222222222,0.27499999999999997,0.21875,0.014404166666666668,0.15986666666666668,1.9224279240188986,1.7201834862385317,,,,,0.46812463738900567,6864446
ldpc,N96_M48,tau_pSA,search,491,165,,,,3.5090522986232373,8.410227978180755,2.0885228559061373,fixed,0.7558979827580001,0.0,0.1105263873407891,2.2796322198422723,11.197270280908592,piecewise,0.3048555586463623,0.22608114200580753,majority,5018,329,12800,0.027061631944444442,0.2916666666666667,0.22291666666666668,0.014404166666666668,0.15986666666666668,1.8787363802911963,1.8244370308590492,,,,,0.46899075604496704,4148229
ldpc,N96_M48,tau_pSA,search,392,166,,,,4.325971683310652,8.753909301629045,1.7788244502066688,fixed,0.763532095668604,0.0,0.1298593963734451,1.8841418068332632,7.733728067807153,constant,0.3450550632385377,0.17085929978752012,majority,10815,821,12800,0.0271484375,0.30624999999999997,0.2354166666666667,0.014404166666666668,0.15986666666666668,1.8847628001157073,1.9156588824020013,,,,,0.4698111504035233,3364248
ldpc,N96_M48,tau_pSA,search,784,167,,,,4.4943997262044295,8.068683003572996,2.0027581696510177,fixed,0.667924496175543,0.0,0.11402952585137115,2.7489543929751448,11.64178164963143,linear,0.1877452023051903,0.27908871730072843,best_state,7591,8926,25600,0.027473958333333336,0.2875,0.1958333333333333,0.014404166666666668,0.15986666666666668,1.9073618744576224,1.7983736447039196,,,,,0.47018862201455536,6468496
ldpc,N96_M48,tau_pSA,search,770,168,,,,3.556214595365964,6.862340303084635,3.0334410117539967,fixed,0.6871945357570113,0.0,0.13896899763864903,2.07395681674028,11.009254870691839,linear,0.1356330800635204,0.22896482958887693,best_state,6605,9179,25600,0.02921006944444444,0.3041666666666667,0.2125,0.014404166666666668,0.15986666666666668,2.027890270947835,1.902627189324437,,,,,0.4711596826949459,6357630
ldpc,N96_M48,tau_pSA,search,599,169,,,,4.172218849783949,10.01835438369784,1.93244419398542,fixed,0.7281127690110584,0.0,0.10333136193683168,2.616349515866721,10.945533470951188,linear,0.19544297317160553,0.24330596930493492,majority,8812,8435,19200,0.027213541666666664,0.3104166666666667,0.21458333333333332,0.014404166666666668,0.15986666666666668,1.88928261498409,1.9417222685571307,,,,,0.4719858648366549,5003481
ldpc,N96_M48,tau_pSA,search,786,170,,,,4.4567841026411115,8.023012498521998,2.009452010911701,fixed,0.6692405956907628,0.0,0.11624756015178472,2.7585366002037355,11.659908750518685,linear,0.18656774999153547,0.2673428173583868,best_state,7538,8694,25600,0.03209635416666667,0.3020833333333333,0.21666666666666667,0.014404166666666668,0.15986666666666668,2.2282687301128146,1.8895954962468722,,,,,0.47222451488339073,6484334
ldpc,N96_M48,tau_pSA,search,520,171,,,,4.33883373925417,9.258382940009332,2.1687066925064844,fixed,0.7826633043619389,0.0,0.12098205679524177,1.8753249584943867,10.867360814847757,piecewise,0.6511681460366319,0.17226371915850552,majority,10598,847,12800,0.02654079861111111,0.30624999999999997,0.23124999999999998,0.014404166666666668,0.15986666666666668,1.8425778613441326,1.9156588824020013,,,,,0.47288158402438535,4377880
ldpc,N96_M48,tau_pSA,search,796,172,,,,4.852398880965741,6.403864287980067,2.5334367744985378,fixed,0.6944415405747713,0.0,0.18607599733802854,2.5248998707925345,11.256473399684175,linear,0.10694552398556005,0.2579038995442659,best_state,6990,8787,25600,0.02884114583333333,0.2791666666666667,0.2020833333333333,0.014404166666666668,0.15986666666666668,2.002277986693665,1.7462468723936613,,,,,0.47306777092772845,6563524
ldpc,N96_M48,tau_pSA,refine,522,173,,,,4.290368476485767,9.133353547114362,2.177467399642738,fixed,0.7227038611380336,0.0,0.12951359526703243,1.8897244861680311,11.017094379220712,piecewise,0.4788232671778423,0.1829458067217451,majority,9738,869,12800,0.026930555555555555,0.3076666666666667,0.2285,0.014404166666666668,0.15986666666666668,1.8696364863561854,1.9245204336947457,,,,,0.4730837686688782,587570;587671;587772;587873;587974;588075
ldpc,N96_M48,tau_pSA,search,679,174,,,,3.188080251023401,8.466792666829711,1.906128851003943,fixed,0.7337518446390374,0.0,0.16453653254755163,2.5524189440549288,10.88156332959924,linear,0.18233571294500608,0.2625823760025882,best_state,8376,9455,19200,0.027582465277777777,0.30625,0.2270833333333333,0.014404166666666668,0.15986666666666668,1.9148948992382604,1.9156588824020016,,,,,0.4730872113808293,5637001
ldpc,N96_M48,tau_pSA,search,622,175,,,,3.7648511254691237,9.396330548627082,1.811562533925854,fixed,0.7313223728852171,0.0,0.12432884784531775,2.5453143387626382,11.009196718232522,linear,0.14818977026543756,0.22861903701190056,best_state,8841,8281,19200,0.02866753472222222,0.2708333333333333,0.20833333333333337,0.014404166666666668,0.15986666666666668,1.9902251470446435,1.6941201000834025,,,,,0.4732754497619308,5185618
ldpc,N96_M48,tau_pSA,search,428,176,,,,3.920678770153788,8.10458939906653,2.086064565482398,fixed,0.7619222366994165,0.0,0.10941270215423414,1.7508631633318434,9.708676551633664,piecewise,0.46285358774386687,0.20262418820855962,majority,9748,909,12800,0.025455729166666666,0.29583333333333334,0.22916666666666666,0.014404166666666668,0.15986666666666668,1.7672476135377493,1.8505004170141783,,,,,0.47597552222030043,3649332
ldpc,N96_M48,tau_pSA,search,413,177,,,,4.316697601127857,8.76112887392426,2.089317244843749,fixed,0.7511331367649379,0.0,0.0837122454869014,2.021409747053707,8.74231886785904,piecewise,0.8933753124520271,0.15705777250072,majority,10223,738,12800,0.027256944444444448,0.28750000000000003,0.18958333333333333,0.014404166666666668,0.15986666666666668,1.8922958248963457,1.79837364470392,,,,,0.47824648787955715,3530547
ldpc,N96_M48,tau_pSA,search,466,178,,,,3.808820188807972,8.980336633471607,2.3146388189766767,fixed,0.5462552945882971,0.0,0.14330427549369695,1.8706413165017155,11.702344300803912,piecewise,0.5013379110705961,0.20877495255020717,majority,10271,863,12800,0.02717013888888889,0.2916666666666667,0.23541666666666664,0.014404166666666668,0.15986666666666668,1.886269405071835,1.8244370308590492,,,,,0.4786566539708178,3950254
ldpc,N96_M48,tau_pSA,search,910,179,,,,4.793200311515457,7.01495738871304,2.601392184693572,fixed,0.6309498051599556,0.0,0.162090788399412,0.20690384252217459,10.11591348738305,cosine,0.09388070348873481,0.31731093129149573,best_state,5941,16011,25600,0.027864583333333335,0.28125,0.19999999999999998,0.014404166666666668,0.15986666666666668,1.9344807636679202,1.7592785654712257,,,,,0.4790738178254246,7466290
ldpc,N96_M48,tau_pSA,search,678,180,,,,3.1920802356105913,8.30319749680718,1.9403948300337859,fixed,0.7233864654703963,0.0,0.17818138036155176,2.5023445591150644,10.846171604721436,linear,0.17372742773192526,0.25698091161690023,best_state,7801,1892,19200,0.02641059027777778,0.275,0.22083333333333333,0.014404166666666668,0.15986666666666668,1.8335382316073667,1.7201834862385321,,,,,0.47986885647240385,5629082
ldpc,N96_M48,tau_pSA,search,459,181,,,,3.568577541509076,8.765736503714164,2.262827272174511,fixed,0.7486768537795047,0.0,0.13470943721131415,1.8884429635305202,10.687036152822069,piecewise,0.30121072259525017,0.21090962471468147,majority,10231,712,12800,0.026866319444444443,0.29375,0.23958333333333337,0.014404166666666668,0.15986666666666668,1.8651769356860475,1.8374687239366136,,,,,0.4800287202614615,3894821
ldpc,N96_M48,tau_pSA,search,570,182,,,,3.7921058122820854,9.995776413205729,2.0898161172430103,fixed,0.7574707142255526,0.0,0.11251205105676954,2.5197058936117522,10.70375817413908,piecewise,0.5261268408137229,0.23498909820668495,majority,8420,8646,19200,0.026063368055555553,0.3020833333333333,0.23958333333333337,0.014404166666666668,0.15986666666666668,1.8094325523093238,1.8895954962468722,,,,,0.48050327977013757,4773830
ldpc,N96_M48,tau_pSA,refine,465,183,,,,3.635907539600179,8.837709888490043,2.258919105924796,fixed,0.7501713467375324,0.0,0.1327689294741336,2.491030381545519,9.083869982521957,piecewise,0.2954945170132646,0.20953450922534814,majority,9622,697,12800,0.026859375,0.30666666666666664,0.23316666666666666,0.014404166666666668,0.15986666666666668,1.8646948221000867,1.9182652210175142,,,,,0.4808418833730416,476704;476805;476906;477007;477108;477209
ldpc,N96_M48,tau_pSA,search,695,184,,,,3.047112407776325,7.383639748674951,1.7448189377764922,fixed,0.7050654978958825,0.0,0.19759484523005066,2.19148003774664,11.52177558478099,linear,0.15590789752847814,0.19310760391833984,best_state,7091,10979,19200,0.028949652777777776,0.3125,0.22916666666666666,0.014404166666666668,0.15986666666666668,2.009811011474303,1.9547539616346954,,,,,0.48154091307956454,5763705
ldpc,N96_M48,tau_pSA,search,624,185,,,,3.794912909388895,9.417828360137433,1.8374048505866942,fixed,0.7311442028117643,0.0,0.12003641615337575,0.0376667791533466,8.97452883500132,linear,0.18810605479534342,0.23463854989581137,best_state,9057,7888,19200,0.027929687499999998,0.3,0.2041666666666667,0.014404166666666668,0.15986666666666668,1.939000578536303,1.8765638031693075,,,,,0.48184068258467916,5201456
ldpc,N96_M48,tau_pSA,search,550,186,,,,4.090273908827367,9.298936491353219,2.3792669089204286,fixed,0.7643015463075277,0.0,0.11352401582043996,2.3261641779783213,10.604740957462528,piecewise,0.6728715049641406,0.15314766174910363,majority,8858,8064,19200,0.029687500000000002,0.29583333333333334,0.21666666666666667,0.014404166666666668,0.15986666666666668,2.061035579982644,1.8505004170141783,,,,,0.4832185577194031,4615450
ldpc,N96_M48,tau_pSA,search,393,187,,,,4.4034186790209535,8.28829486555203,1.942852119857137,fixed,0.7556217779958148,0.0,0.13139761598048552,1.8449883380242074,8.662678418856649,piecewise,0.32393982438860264,0.16194924235702224,majority,10839,830,12800,0.025824652777777776,0.3104166666666667,0.21875,0.014404166666666668,0.15986666666666668,1.7928598977919195,1.9417222685571307,,,,,0.4833344656525316,3372167
ldpc,N96_M48,tau_pSA,search,420,188,,,,4.397860358603954,8.746859120639254,1.9988564905694266,fixed,0.7521393375709099,0.0,0.08801629858421378,1.9925055464117014,9.771669291635163,piecewise,0.3924035481260099,0.15646752353146073,majority,10424,746,12800,0.027842881944444443,0.29583333333333334,0.22083333333333335,0.014404166666666668,0.15986666666666668,1.9329741587117923,1.8505004170141783,,,,,0.48458119382778186,3585980
ldpc,N96_M48,tau_pSA,search,568,189,,,,3.78400963126059,9.889385707448852,2.077761544935342,fixed,0.7597992257293762,0.0,0.12426931826231592,2.517217710174619,10.566212131781421,piecewise,0.5280117323527478,0.22902762731537696,majority,8447,1490,19200,0.028797743055555557,0.3145833333333333,0.23958333333333334,0.014404166666666668,0.15986666666666668,1.9992647767814098,1.9677856547122599,,,,,0.48629129874652455,4757992
ldpc,N96_M48,tau_pSA,search,253,190,,,,5.968358103135722,6.61525214233232,2.5230899585675193,snr,0.7362677005674153,0.0,0.2514151882001534,1.4553907605846712,5.7100796687499695,constant,1.267552825159059,0.06945784172075836,majority,11186,1090,12800,0.029296875,0.3104166666666667,0.23958333333333337,0.014404166666666668,0.15986666666666668,2.033916690772346,1.9417222685571307,,,,,0.48667023150647365,2263507
ldpc,N96_M48,tau_pSA,search,527,191,,,,4.2628854911041,9.224262838580561,2.174880290473251,fixed,0.7844037049788608,0.0,0.12960504613779872,1.8615785885383451,8.717210745242157,piecewise,0.4932151459283019,0.16260336252064536,majority,9649,857,12800,0.02769097222222222,0.3125,0.23750000000000002,0.014404166666666668,0.15986666666666668,1.9224279240188986,1.9547539616346954,,,,,0.4870584752144067,4433313
ldpc,N96_M48,tau_pSA,search,576,192,,,,3.857093609197737,10.368739259524606,2.0947383614941955,fixed,0.7247578078800767,0.0,0.1033986956903532,2.508621846903585,10.529928518373762,piecewise,0.5139904384535504,0.24310352544264707,majority,8684,7504,19200,0.02743055555555556,0.31875000000000003,0.23958333333333334,0.014404166666666668,0.15986666666666668,1.9043486645453669,1.9938490408673895,,,,,0.4883151380954029,4821344
ldpc,N96_M48,tau_pSA,search,444,193,,,,4.685114576548486,9.203965315644115,2.2679030205236224,fixed,0.740208435501531,0.0,0.10332814220230631,1.6563328679246074,9.504310302289266,piecewise,0.4515288788697084,0.23887168924216068,majority,9760,976,12800,0.027083333333333334,0.29375,0.21458333333333332,0.014404166666666668,0.15986666666666668,1.8802429852473241,1.8374687239366136,,,,,0.48832352547933205,3776036
ldpc,N96_M48,tau_pSA,search,614,194,,,,3.8356013527545683,9.50268909461071,1.7864683904882561,fixed,0.7310849709668045,0.0,0.11887535186131075,2.555072501333294,10.162207898559432,linear,0.14434144533832166,0.2327339985670625,best_state,9012,8334,19200,0.03029513888888889,0.3020833333333333,0.20625000000000002,0.014404166666666668,0.15986666666666668,2.1032205187542186,1.8895954962468722,,,,,0.49248623354204585,5122266
ldpc,N96_M48,tau_pSA,search,700,195,,,,3.294493629313005,9.409399169431154,2.0889763897813176,fixed,0.7629268148947959,0.0,0.12760817154810786,0.07406828678708506,8.830311458273094,linear,0.20465898709650313,0.2922946201566795,best_state,9368,9490,19200,0.029644097222222224,0.2791666666666666,0.24791666666666667,0.014404166666666668,0.15986666666666668,2.058022370070389,1.7462468723936608,,,,,0.4935416774188151,5803300
ldpc,N96_M48,tau_pSA,search,396,196,,,,4.331397515054247,8.194496608029608,1.9970500273555745,fixed,0.7577888456884542,0.0,0.12547787046562275,1.9022053546154185,7.85442978683047,constant,0.9115830442785725,0.16547607902097025,majority,10789,817,12800,0.02697482638888889,0.3145833333333333,0.22708333333333333,0.014404166666666668,0.15986666666666668,1.872709960466686,1.9677856547122599,,,,,0.49486267511576976,3395924
ldpc,N96_M48,tau_pSA,search,354,197,,,,5.225424275817086,5.740272195344933,2.242686437840398,fixed,0.7409417554206145,0.0,0.21974353469405497,1.5808830612563591,5.900467415683603,constant,0.8288997375336593,0.14652031099189103,majority,10422,838,12800,0.029557291666666666,0.31666666666666665,0.23958333333333334,0.014404166666666668,0.15986666666666668,2.0519959502458778,1.9808173477898245,,,,,0.49512512134395664,3063326
ldpc,N96_M48,tau_pSA,search,350,198,,,,5.388109872408186,7.816887162942353,2.26183584372367,fixed,0.7363010965702638,0.0,0.137090212819095,1.5746138383893655,8.213608564671931,constant,0.8103917149635361,0.139470124470698,majority,10376,763,12800,0.028559027777777777,0.325,0.23541666666666664,0.014404166666666668,0.15986666666666668,1.9826921222640053,2.0329441201000833,,,,,0.4966018230881654,3031650
ldpc,N96_M48,tau_pSA,search,734,199,,,,3.9518040497678926,7.4890396192885555,2.4168288363481922,fixed,0.7780751380247518,0.0,0.17587172267116857,2.161511263752014,11.753893629325303,linear,0.07626414253538552,0.2008767017683814,best_state,9404,8477,19200,0.027951388888888887,0.28750000000000003,0.2125,0.014404166666666668,0.15986666666666668,1.9405071834924306,1.79837364470392,,,,,0.4975468745119609,6072546
ldpc,N96_M48,tau_pSA,search,829,200,,,,5.296152263967563,6.079734850965744,3.1008534932742067,fixed,0.5988628738863069,0.0,0.20087354878953165,0.18291045045346976,1.120298293029737,linear,0.09184262238330025,0.31734437790245523,best_state,5782,9415,25600,0.02912326388888889,0.28958333333333336,0.19583333333333333,0.014404166666666668,0.15986666666666668,2.0218638511233245,1.8114053377814845,,,,,0.4981650835499057,6824851
ldpc,N96_M48,tau_pSA,search,729,201,,,,3.5226463520612614,8.417180974782744,1.8585131653970404,fixed,0.720407125157525,0.0,0.15424594852246096,2.4146779877071993,11.266316280035051,linear,0.09824337634667071,0.22648760799099094,best_state,9391,9586,19200,0.029926215277777776,0.28541666666666665,0.22499999999999998,0.014404166666666668,0.15986666666666668,2.077608234500048,1.785341951626355,,,,,0.49830727765941535,6032951
ldpc,N96_M48,tau_pSA,search,778,202,,,,3.648671533265585,6.800807808641078,3.294398120596388,fixed,0.6877754553137261,0.0,0.14458901741792574,2.078980193839599,11.02796293714389,linear,0.14139887036350784,0.2307476531415745,best_state,6799,9150,25600,0.028363715277777774,0.31666666666666665,0.22708333333333333,0.014404166666666668,0.15986666666666668,1.969132677658856,1.9808173477898245,,,,,0.4985975760700072,6420982
ldpc,N96_M48,tau_pSA,search,883,203,,,,5.02997906989226,6.9386938065589705,2.7343176981938284,fixed,0.6074362490835109,0.0,0.2151650012951653,0.18013023590586544,10.083530063052791,exponential,0.07424697548893831,0.3414899824897016,best_state,4629,12942,25600,0.02903645833333333,0.28958333333333336,0.21875,0.014404166666666668,0.15986666666666668,2.015837431298814,1.8114053377814845,,,,,0.4988422694941915,7252477
ldpc,N96_M48,tau_pSA,search,521,204,,,,4.4004140765330755,9.216886069497775,2.168501287863111,fixed,0.7837623549666498,0.0,0.1227381462936695,1.878184973645884,9.448164363530266,piecewise,0.6740528663921828,0.17883645952285926,majority,9652,878,12800,0.028515625,0.28958333333333336,0.2354166666666667,0.014404166666666668,0.15986666666666668,1.97967891235175,1.8114053377814845,,,,,0.499263444566973,4385799
ldpc,N96_M48,tau_pSA,search,961,205,,,,7.372972415278118,7.863991665099895,2.348636548988003,fixed,0.5275099785440672,0.0,0.14232344713029604,0.4296199351408216,7.999356199546444,cosine,0.056976698808617936,0.37699925302205606,best_state,7847,16183,25600,0.027473958333333336,0.29583333333333334,0.23124999999999998,0.014404166666666668,0.15986666666666668,1.9073618744576224,1.8505004170141783,,,,,0.4995265945795157,7870159
ldpc,N96_M48,tau_pSA,search,421,206,,,,3.885136168253492,7.959333320187712,1.9036417266397816,fixed,0.7399672868181839,0.0,0.10346779599088286,1.756954898693078,10.046348589763678,piecewise,0.3368467507709301,0.19500433261178307,majority,10250,889,12800,0.029036458333333334,0.33125,0.22708333333333333,0.014404166666666668,0.15986666666666668,2.015837431298814,2.072039199332777,,,,,0.4995877124252577,3593899
ldpc,N96_M48,tau_pSA,search,897,207,,,,4.874992209308444,5.911660782976807,3.3998035860865863,fixed,0.6633137297697576,0.0,0.18576425576395966,0.15501545589238436,9.911270022722286,exponential,0.10940380098675878,0.4124027693768042,best_state,5829,18859,25600,0.030056423611111115,0.3,0.22083333333333333,0.014404166666666668,0.15986666666666668,2.0866478642368143,1.8765638031693075,,,,,0.5008176285693184,7363343
ldpc,N96_M48,tau_pSA,search,738,208,,,,3.850294034924501,7.323471429325321,2.425120549798764,fixed,0.7785747275308761,0.0,0.1738543761733963,2.1382480644149524,11.640257660627766,linear,0.1512686755397046,0.1989310669840404,best_state,1503,7991,9600,0.026736111111111113,0.325,0.2354166666666667,0.014404166666666668,0.15986666666666668,1.8561373059492816,2.0329441201000833,,,,,0.5011526741034823,6104222
ldpc,N96_M48,tau_pSA,search,722,209,,,,3.4789349031398364,8.36424777390181,1.818335756690809,fixed,0.7215863723870733,0.0,0.15564528359584284,2.369403908913484,11.3877972405627,linear,0.09066418171412097,0.22484398292922098,best_state,8628,7728,19200,0.029709201388888894,0.30833333333333335,0.23124999999999998,0.014404166666666668,0.15986666666666668,2.062542184938772,1.9286905754795662,,,,,0.5018589415085883,5977518
ldpc,N96_M48,tau_pSA,search,573,210,,,,4.492036567854698,10.13318454870014,2.077132524325861,fixed,0.7202482818950591,0.0,0.11526477274493295,2.5292605333340203,10.817081485728005,piecewise,0.21709884572521365,0.23866868030224062,majority,8851,7726,19200,0.030555555555555555,0.31875000000000003,0.22708333333333333,0.014404166666666668,0.15986666666666668,2.1212997782277503,1.9938490408673895,,,,,0.5036693654390081,4797587
ldpc,N96_M48,tau_pSA,search,783,211,,,,4.469470596926068,7.9816385786348665,2.001238176937369,fixed,0.7089212170949062,0.0,0.11486812739774122,2.794506161541965,11.714086729948969,linear,0.18676198394236712,0.280236539844311,best_state,7498,14380,25600,0.028407118055555555,0.30625,0.20625000000000002,0.014404166666666668,0.15986666666666668,1.9721458875711115,1.9156588824020016,,,,,0.5050111648951532,6460577
ldpc,N96_M48,tau_pSA,search,616,212,,,,3.8772130438413615,9.71372721314503,1.8746466252237854,fixed,0.7304431321814167,0.0,0.12147573701088216,2.5693559003645916,10.166220552661537,linear,0.14954431068415072,0.23149536474048196,best_state,9027,8337,19200,0.030316840277777774,0.32708333333333334,0.21666666666666667,0.014404166666666668,0.15986666666666668,2.104727123710346,2.0459758131776478,,,,,0.5067700507311703,5138104
ldpc,N96_M48,tau_pSA,search,615,213,,,,3.7382500770685447,9.444558400250086,1.783743773174711,fixed,0.7320330898818039,0.0,0.11847160309388659,2.542838325080454,11.119421952074585,linear,0.1880109222773878,0.22913091065920888,best_state,9058,8278,19200,0.029210069444444445,0.30833333333333335,0.21875,0.014404166666666668,0.15986666666666668,2.027890270947835,1.9286905754795662,,,,,0.5084958701099014,5130185
ldpc,N96_M48,tau_pSA,search,558,214,,,,3.211090406622248,8.404750393228351,2.8861370424617365,fixed,0.7722602938274711,0.0,0.06677978233682821,2.9749151117118164,11.2501766868619,piecewise,0.7110465074027551,0.1803734425189576,majority,7471,6576,19200,0.02749565972222222,0.31666666666666665,0.23750000000000002,0.014404166666666668,0.15986666666666668,1.9088684794137498,1.9808173477898245,,,,,0.509953040891744,4678802
ldpc,N96_M48,tau_pSA,search,900,215,,,,4.835815038710839,5.813827376371711,3.0897361295511088,fixed,0.5886714444676924,0.0,0.18036622093235521,0.20088621417902122,10.158032786272546,exponential,0.11389338661305604,0.28033409676616405,best_state,3625,20319,25600,0.028602430555555558,0.3125,0.22291666666666665,0.014404166666666668,0.15986666666666668,1.9857053321762608,1.9547539616346954,,,,,0.5100783897703015,7387100
ldpc,N96_M48,tau_pSA,search,544,216,,,,4.0003525653843175,9.289428546862544,2.3884327727916723,fixed,0.766684643106767,0.0,0.09368690826272957,2.4398824977587394,8.624252702663522,piecewise,0.6588648306333752,0.15311333616310688,majority,9640,740,12800,0.028081597222222223,0.32708333333333334,0.22083333333333333,0.014404166666666668,0.15986666666666668,1.9495468132291967,2.0459758131776478,,,,,0.5120423211046929,4567936
ldpc,N96_M48,tau_pSA,search,816,217,,,,5.950486153412545,6.995550574186536,2.9494390598082902,fixed,0.6056850085945401,0.0,0.18002060561153962,0.22646839287947962,9.563460424434098,linear,0.0878036895485599,0.31033212879952565,best_state,6059,9375,25600,0.03012152777777778,0.30416666666666664,0.21666666666666667,0.014404166666666668,0.15986666666666668,2.091167679105197,1.9026271893244366,,,,,0.5128350832766195,6721904
ldpc,N96_M48,tau_pSA,search,434,218,,,,4.631866195121307,9.682487482447257,2.267422884352704,fixed,0.7404188075612945,0.0,0.10418340633573595,2.088246129986628,9.282293137935358,piecewise,0.4331380265152297,0.21294028163024661,majority,6264,481,12800,0.027886284722222224,0.29583333333333334,0.23124999999999998,0.014404166666666668,0.15986666666666668,1.9359873686240479,1.8505004170141783,,,,,0.513400776965957,3696846
ldpc,N96_M48,tau_pSA,search,528,219,,,,4.3607960217725035,9.138426665719601,2.1810732786192073,fixed,0.7837969645263068,0.0,0.12625929646695724,1.9032839179957162,9.44487336201578,piecewise,0.4690703809969161,0.17561232151591244,majority,9774,866,12800,0.02756076388888889,0.3166666666666667,0.2354166666666667,0.014404166666666668,0.15986666666666668,1.913388294282133,1.980817347789825,,,,,0.5147523640394485,4441232
ldpc,N96_M48,tau_pSA,search,699,220,,,,3.462661436724846,9.244656272832147,2.023670203945735,fixed,0.7631767472307472,0.0,0.12424709181498328,0.049128270163554914,8.857340751535792,linear,0.19847174444884472,0.29003343734371123,best_state,9403,9463,19200,0.029817708333333335,0.31875000000000003,0.225,0.014404166666666668,0.15986666666666668,2.07007520971941,1.9938490408673895,,,,,0.5169840934130472,5795381
ldpc,N96_M48,tau_pSA,search,727,221,,,,3.5101731598146944,8.324954401560882,1.8601752787570507,fixed,0.7197862414652615,0.0,0.15590078050606515,0.4992521704047192,9.844243632072246,linear,0.09229965227403257,0.222023222431706,best_state,8754,7656,19200,0.029947916666666668,0.3020833333333333,0.22291666666666665,0.014404166666666668,0.15986666666666668,2.079114839456176,1.8895954962468722,,,,,0.5173320959344028,6017113
ldpc,N96_M48,tau_pSA,search,935,222,,,,4.668371611725109,7.336350689395873,3.6140719948754065,fixed,0.5598302461851139,0.0,0.16048231213394526,0.35175962618616485,10.429271105120863,cosine,0.05917599935846979,0.33226781732706423,best_state,6953,18065,25600,0.03001302083333333,0.3229166666666667,0.24166666666666667,0.014404166666666668,0.15986666666666668,2.0836346543245585,2.019912427022519,,,,,0.5178399221982547,7664265
ldpc,N96_M48,tau_pSA,search,590,223,,,,4.195202795309217,10.057670326201041,1.9394448669758915,fixed,0.7294164644395973,0.0,0.1092560021226107,0.0350905328856265,11.998793112181499,piecewise,0.12822501905664277,0.37794127518129683,best_state,8858,7996,19200,0.030164930555555556,0.3083333333333333,0.23333333333333336,0.014404166666666668,0.15986666666666668,2.0941808890174523,1.9286905754795658,,,,,0.5182200954732896,4932210
ldpc,N96_M48,tau_pSA,search,649,224,,,,4.104531736681331,10.480761015603756,2.547501530992251,fixed,0.6996697481867468,0.0,0.07461662988281301,2.729191793124881,11.675670722356735,linear,0.12010439216982831,0.2409243682677921,best_state,9183,7959,19200,0.029058159722222223,0.26875,0.17083333333333336,0.014404166666666668,0.15986666666666668,2.0173440362549417,1.6810884070058378,,,,,0.5193922098027537,5399431
ldpc,N96_M48,tau_pSA,search,591,225,,,,4.098446423825488,9.996424527279549,1.9587167099058262,fixed,0.7288716376047687,0.0,0.10261482199800336,2.990386177346434,10.987839996829493,piecewise,0.12495963528385118,0.24097524969756434,majority,8830,8004,19200,0.03029513888888889,0.30416666666666664,0.22083333333333333,0.014404166666666668,0.15986666666666668,2.1032205187542186,1.9026271893244366,,,,,0.5199045339246313,4940129
ldpc,N96_M48,tau_pSA,search,959,226,,,,6.020802791151499,7.719350168712751,2.2927342722645316,fixed,0.5656349452564271,0.0,0.14498812391139065,0.3261954096073739,8.710397682948264,cosine,0.06130388858099199,0.3547927923992057,best_state,7692,16902,25600,0.030555555555555555,0.28958333333333336,0.22083333333333333,0.014404166666666668,0.15986666666666668,2.1212997782277503,1.8114053377814845,,,,,0.5209299804625205,7854321
ldpc,N96_M48,tau_pSA,search,462,227,,,,3.532153123321185,8.65993220747874,2.3369847022413017,fixed,0.7544088718341256,0.0,0.13346982210831443,2.462501029718101,9.109874957978798,piecewise,0.5197753795523584,0.21444876284420417,majority,10244,860,12800,0.0271484375,0.3083333333333333,0.2416666666666667,0.014404166666666668,0.15986666666666668,1.8847628001157073,1.9286905754795658,,,,,0.5209343193819994,3918578
ldpc,N96_M48,tau_pSA,search,474,228,,,,3.2609439102552265,9.072449836824005,2.3584370462403537,fixed,0.7824443935973782,0.0,0.13539333310641583,2.7708872613258375,11.6083479981318,piecewise,0.23958277823495577,0.24429689432670648,majority,9346,583,12800,0.028081597222222223,0.32083333333333336,0.24166666666666667,0.014404166666666668,0.15986666666666668,1.9495468132291967,2.006880733944954,,,,,0.5222445767142275,4013606
ldpc,N96_M48,tau_pSA,search,542,229,,,,3.9750613889272577,9.283032714526367,2.3369972526179605,fixed,0.7642503581034769,0.0,0.08608617626647233,2.3965463963700087,9.018878504310877,piecewise,0.5141421744580896,0.1556625025051947,majority,9589,933,12800,0.029730902777777776,0.3041666666666667,0.21666666666666667,0.014404166666666668,0.15986666666666668,2.064048789894899,1.902627189324437,,,,,0.5230561798451357,4552098
ldpc,N96_M48,tau_pSA,search,916,230,,,,5.655895560912642,7.031898426476538,2.952138205204283,fixed,0.6107325901389037,0.0,0.41461668024873133,0.2951148997325558,10.340313593341723,cosine,0.055432422167023994,0.34594681993042314,best_state,6557,18609,25600,0.02834201388888889,0.3145833333333333,0.24166666666666667,0.014404166666666668,0.15986666666666668,1.9676260727027286,1.9677856547122599,,,,,0.5234398818448531,7513804
ldpc,N96_M48,tau_pSA,search,643,231,,,,5.011500873561229,11.691315610639402,1.6890850883042867,fixed,0.7168079007124466,0.0,0.15324201795719716,0.39989345504643814,9.681628644701629,linear,0.22957863942035572,0.27655526776732614,best_state,8061,8921,19200,0.029622395833333332,0.31666666666666665,0.2354166666666667,0.014404166666666668,0.15986666666666668,2.056515765114261,1.9808173477898245,,,,,0.5237471611884373,5351917
ldpc,N96_M48,tau_pSA,search,457,232,,,,3.4940018345568595,8.868091334847454,2.2993569186473253,fixed,0.7480702521786373,0.0,0.1333244354247135,1.8832137974342331,9.093829746314155,piecewise,0.5599600917945582,0.4658586905658834,majority,9621,859,12800,0.028428819444444448,0.32708333333333334,0.26458333333333334,0.014404166666666668,0.15986666666666668,1.9736524925272396,2.0459758131776478,,,,,0.5255156044928739,3878983
ldpc,N96_M48,tau_pSA,search,868,233,,,,5.277028536903404,6.645242702028653,3.2231649032833705,fixed,0.6512747208928304,0.0,0.17395451650815105,0.16011595838964576,8.841364385641231,linear,0.08500926992158288,0.33386148612669575,best_state,6209,13572,25600,0.02951388888888889,0.2875,0.22499999999999998,0.014404166666666668,0.15986666666666668,2.0489827403336225,1.7983736447039196,,,,,0.526192474809708,7133692
ldpc,N96_M48,tau_pSA,search,697,234,,,,3.2353659720964565,9.437039559842495,2.083420910626276,fixed,0.7614431410880633,0.0,0.1289077224516948,2.548522421303627,11.17129035056543,linear,0.19552010773593545,0.2909149407160525,best_state,8980,8138,19200,0.03090277777777778,0.29791666666666666,0.26666666666666666,0.014404166666666668,0.15986666666666668,2.145405457525793,1.8635321100917428,,,,,0.5283193275356615,5779543
ldpc,N96_M48,tau_pSA,search,665,235,,,,3.4876666346723977,8.418841548866443,2.270474738507982,fixed,0.7483556714587936,0.0,0.13889786982138347,2.3409704025489737,10.828380506947152,linear,0.15080849135226734,0.2134717386532739,best_state,8641,8410,19200,0.02907986111111111,0.3,0.22291666666666665,0.014404166666666668,0.15986666666666668,2.018850641211069,1.8765638031693075,,,,,0.5300699154487019,5526135
ldpc,N96_M48,tau_pSA,search,618,236,,,,3.8432535750878185,9.571899103645418,1.790859722598673,fixed,0.7286083768128926,0.0,0.11768798873449494,2.5843813205755803,11.14134272972264,linear,0.2014006621043527,0.2289278318313746,best_state,9081,7927,19200,0.030056423611111115,0.30625,0.22083333333333333,0.014404166666666668,0.15986666666666668,2.0866478642368143,1.9156588824020016,,,,,0.5314455026463059,5153942
ldpc,N96_M48,tau_pSA,search,680,237,,,,3.059702242083301,7.980863541648523,1.894599107792714,fixed,0.7321953991498465,0.0,0.17746967268345884,0.34353255304109587,9.764149438216677,linear,0.1764962730392812,0.2622933342627687,best_state,8387,10356,19200,0.02894965277777778,0.33125,0.23750000000000002,0.014404166666666668,0.15986666666666668,2.0098110114743033,2.072039199332777,,,,,0.5333607409113459,5644920
ldpc,N96_M48,tau_pSA,search,288,238,,,,5.126474473990297,5.863463842053936,2.5614662788276026,snr,0.6879241035204491,0.0,0.29153487413680956,1.4601095487873978,7.6967188212278295,constant,1.1959303780095636,0.0867992120694113,majority,11850,670,12800,0.031640625,0.32708333333333334,0.26875,0.014404166666666668,0.15986666666666668,2.1966300260341334,2.0459758131776478,,,,,0.5345804078767583,2540672
ldpc,N96_M48,tau_pSA,search,426,239,,,,3.933255554879054,8.069445109583683,2.082983974561365,fixed,0.763210824509506,0.0,0.1143310691699204,1.7346622703681132,8.012802787446715,piecewise,0.9307934212369013,0.1896209944078106,majority,9791,913,12800,0.02951388888888889,0.3,0.22916666666666663,0.014404166666666668,0.15986666666666668,2.0489827403336225,1.8765638031693075,,,,,0.5351971763542012,3633494
ldpc,N96_M48,tau_pSA,search,545,240,,,,4.177000536070967,9.269712756212423,2.3159326896122505,fixed,0.7688957738725902,0.0,0.09008644326427524,2.3636965749590844,10.68410987295913,piecewise,0.5286473328836887,0.1613451520353033,majority,9024,1307,19200,0.03042534722222222,0.2833333333333333,0.18541666666666667,0.014404166666666668,0.15986666666666668,2.1122601484909844,1.7723102585487904,,,,,0.536633078086806,4575855
ldpc,N96_M48,tau_pSA,search,358,241,,,,5.379989163423371,7.955571784593065,2.2714262892439843,fixed,0.7407279118200677,0.0,0.21085589879582167,1.5882972452240685,8.07848990698729,constant,0.8732725635996912,0.14289514888569765,majority,11292,773,12800,0.028602430555555558,0.30833333333333335,0.25,0.014404166666666668,0.15986666666666668,1.9857053321762608,1.9286905754795662,,,,,0.5366790633214468,3095002
ldpc,N96_M48,tau_pSA,search,351,242,,,,5.100453158643613,5.791552006478435,2.2490138102313533,fixed,0.7398170863957626,0.0,0.2241913444108981,1.619847522548836,5.833784278132211,constant,0.8410168608135128,0.14770867354101708,majority,11294,974,12800,0.028993055555555553,0.31875000000000003,0.2333333333333333,0.014404166666666668,0.15986666666666668,2.0128242213865586,1.9938490408673895,,,,,0.5371884391690163,3039569
ldpc,N96_M48,tau_pSA,search,419,243,,,,4.361309744363159,8.80405362442711,2.0516250125597693,fixed,0.7467369384867523,0.0,0.08712786128000223,2.0174619834016068,7.95254670121842,piecewise,0.8915952591077471,0.16310234885873356,majority,10449,737,12800,0.031141493055555552,0.3020833333333333,0.2333333333333333,0.014404166666666668,0.15986666666666668,2.161978112043197,1.8895954962468722,,,,,0.5376243345814595,3578061
ldpc,N96_M48,tau_pSA,search,490,244,,,,3.5921930741169263,8.466530694940655,2.0526042697360296,fixed,0.758503600506102,0.0,0.11224447378724149,2.37984303741064,10.696940189080642,piecewise,0.28361418566803515,0.2310538194337777,majority,7580,541,12800,0.029014756944444445,0.3416666666666666,0.23750000000000002,0.014404166666666668,0.15986666666666668,2.0143308263426865,2.1371976647206,,,,,0.537819989833167,4140310
ldpc,N96_M48,tau_pSA,search,785,245,,,,4.388370176328001,7.791918917728531,2.004226055789472,fixed,0.7075719450930774,0.0,0.11327643099830272,2.7597033401958337,11.145450610178088,linear,0.18882067811071576,0.2756585644248059,best_state,7499,8910,25600,0.030360243055555555,0.3104166666666666,0.22916666666666666,0.014404166666666668,0.15986666666666668,2.1077403336226013,1.9417222685571305,,,,,0.5388609158844986,6476415
ldpc,N96_M48,tau_pSA,search,686,246,,,,2.8125840785816445,7.175010348085079,1.7338111830167202,fixed,0.7016955115070963,0.0,0.18984645481569384,0.08809776832053612,9.101101485438553,linear,0.1194043663288314,0.20005523661048924,best_state,7021,8815,19200,0.028732638888888887,0.32708333333333334,0.24166666666666667,0.014404166666666668,0.15986666666666668,1.9947449619130264,2.0459758131776478,,,,,0.5396772070664755,5692434
ldpc,N96_M48,tau_pSA,search,1000,247,,,,6.601405703212275,8.097994176089218,2.87406589861955,fixed,0.5788901389588751,0.0,0.1288758641984619,0.420473359787462,8.490730235571359,cosine,0.06724674746200021,0.3673452820413303,best_state,6707,17320,25600,0.030815972222222224,0.3104166666666666,0.21666666666666667,0.014404166666666668,0.15986666666666668,2.1393790377012825,1.9417222685571305,,,,,0.5405666099157433,8179000
ldpc,N96_M48,tau_pSA,search,361,248,,,,4.172355460250185,7.95470255341186,1.7406569359844208,fixed,0.7604475223906922,0.0,0.1803303952056713,1.9719164857757392,8.501062972976207,constant,0.9096680563120675,0.18690959679080207,majority,10828,796,12800,0.029014756944444445,0.33749999999999997,0.2729166666666667,0.014404166666666668,0.15986666666666668,2.0143308263426865,2.111134278565471,,,,,0.541619473752228,3118759
ldpc,N96_M48,tau_pSA,search,806,249,,,,5.530315587302985,5.867101400700319,2.786345148678439,fixed,0.6101481702284923,0.0,0.20719595593847484,0.2326578252341331,9.658286173230477,linear,0.09794147815993332,0.2977298705049041,best_state,5596,9548,25600,0.03012152777777778,0.29375,0.21041666666666667,0.014404166666666668,0.15986666666666668,2.091167679105197,1.8374687239366136,,,,,0.5424370970144484,6642714
ldpc,N96_M48,tau_pSA,search,485,250,,,,3.5620592211005198,8.447054438222276,2.0476661916704075,fixed,0.754956448860788,0.0,0.11284531627510938,2.341257433413658,10.426069986024464,piecewise,0.3526049571817226,0.23138543647886659,majority,5139,1326,12800,0.029405381944444444,0.35000000000000003,0.26666666666666666,0.014404166666666668,0.15986666666666668,2.041449715552984,2.189324437030859,,,,,0.5425742572635721,4100715
ldpc,N96_M48,tau_pSA,search,626,251,,,,4.273575798205345,10.805012712237707,2.0771835317590894,fixed,0.7175195248345163,0.0,0.09460846402562713,2.7032342982544026,11.427173973347,linear,0.1290015628967662,0.2596187618781456,best_state,8643,8634,19200,0.031011284722222223,0.3,0.20625000000000002,0.014404166666666668,0.15986666666666668,2.1529384823064315,1.8765638031693075,,,,,0.5446835159608565,5217294
ldpc,N96_M48,tau_pSA,search,436,252,,,,3.6411477321877657,9.389957272498798,2.2720768429245846,fixed,0.7401883076687609,0.0,0.09675027440715536,1.6259840023768837,10.89394509219939,piecewise,0.4483366895683293,0.23396137548025114,majority,9825,948,12800,0.02868923611111111,0.3104166666666667,0.25416666666666665,0.014404166666666668,0.15986666666666668,1.9917317520007711,1.9417222685571307,,,,,0.5454131512185258,3712684
ldpc,N96_M48,tau_pSA,search,517,253,,,,4.326219353024999,9.281643472360619,2.1549302752501776,fixed,0.4793039476303684,0.0,0.11698274731670034,1.8544185381876819,9.538830900775771,piecewise,0.4837752235645884,0.17875976422581097,majority,10592,846,12800,0.02947048611111111,0.32708333333333334,0.25833333333333336,0.014404166666666668,0.15986666666666668,2.045969530421367,2.0459758131776478,,,,,0.5456069740088738,4354123
ldpc,N96_M48,tau_pSA,search,366,254,,,,4.2509535018428455,7.774044113501036,1.7908084665654782,fixed,0.7735257842692806,0.0,0.12054634616576074,1.9389945009700398,8.138611810530291,constant,0.8839511993155199,0.1732094521311221,majority,10601,807,12800,0.02894965277777778,0.33958333333333335,0.2625,0.014404166666666668,0.15986666666666668,2.0098110114743033,2.124165971643036,,,,,0.5468420729070538,3158354
ldpc,N96_M48,tau_pSA,search,481,255,,,,3.520426380253293,8.44924589324264,2.1026175659041684,fixed,0.7568842001666518,0.0,0.11131142156685292,2.24459763270119,10.976064143620524,piecewise,0.298127065088848,0.219210532311742,majority,9474,115,9600,0.032313368055555555,0.34375,0.24583333333333332,0.014404166666666668,0.15986666666666668,2.243334779674091,2.150229357798165,,,,,0.5492350950522484,4069039
ldpc,N96_M48,tau_pSA,search,467,256,,,,3.681390416004214,8.79304206249055,2.3219386097965162,fixed,0.7506948668709618,0.0,0.13645897043802072,1.858869612465154,11.795912371330509,piecewise,0.5551041666305265,0.20629598130984003,majority,9672,700,12800,0.029014756944444442,0.32083333333333336,0.24375000000000002,0.014404166666666668,0.15986666666666668,2.014330826342686,2.006880733944954,,,,,0.5498557181486785,3958173
ldpc,N96_M48,tau_pSA,search,483,257,,,,3.47568998532697,8.5367631046462,2.0858190588564223,fixed,0.7555906488850902,0.0,0.1126910401627424,2.3675542002444843,11.018411803959193,piecewise,0.29353702589965364,0.22502328916344,majority,9473,109,9600,0.02927517361111111,0.3104166666666667,0.2520833333333333,0.014404166666666668,0.15986666666666668,2.032410085816218,1.9417222685571307,,,,,0.5502169768122043,4084877
ldpc,N96_M48,tau_pSA,search,623,258,,,,3.81888467215074,9.394740467248162,1.8102012018087255,fixed,0.7331444801510264,0.0,0.12249034001552266,2.5262147395613255,10.101149217085403,linear,0.15693455396777192,0.22930386503361977,best_state,9086,8287,19200,0.031749131944444446,0.30416666666666664,0.2270833333333333,0.014404166666666668,0.15986666666666668,2.204163050814772,1.9026271893244366,,,,,0.5523353320456035,5193537
ldpc,N96_M48,tau_pSA,search,543,259,,,,4.12014039046139,9.340907508926161,2.3690458803984806,fixed,0.7668597391540148,0.0,0.09306303841483576,2.267690300161546,8.92009163277206,piecewise,0.6706543303078719,0.1557926725715162,majority,9608,915,12800,0.032421874999999996,0.30833333333333335,0.2333333333333333,0.014404166666666668,0.15986666666666668,2.250867804454729,1.9286905754795662,,,,,0.5524923146411939,4560017
ldpc,N96_M48,tau_pSA,search,764,260,,,,3.279649024621426,9.697270467966273,2.667489826282579,fixed,0.7315095385557733,0.0,0.1602391530683071,2.3705550331354592,10.349980858897158,linear,0.1658113322633534,0.30397659439497027,best_state,7261,13561,25600,0.031184895833333337,0.32708333333333334,0.2916666666666667,0.014404166666666668,0.15986666666666668,2.1649913219554526,2.0459758131776478,,,,,0.55532525275109,6310116
ldpc,N96_M48,tau_pSA,search,423,261,,,,3.93153435267137,7.907721264640461,2.059044890931009,fixed,0.7624591884378349,0.0,0.1052265009742436,1.7467865775365685,9.104435994162507,piecewise,0.9400456251351512,0.19101955168222762,majority,10170,893,12800,0.030316840277777774,0.2895833333333333,0.21458333333333335,0.014404166666666668,0.15986666666666668,2.104727123710346,1.8114053377814843,,,,,0.5562594345284891,3609737
ldpc,N96_M48,tau_pSA,search,484,262,,,,3.5586440418135976,8.309610847818107,2.1069756059506495,fixed,0.7509202599852555,0.0,0.1099773078689929,2.387494540529227,11.006421440710772,piecewise,0.34524867609581206,0.22610601329676205,majority,9462,121,9600,0.030338541666666666,0.32083333333333336,0.2416666666666667,0.014404166666666668,0.15986666666666668,2.106233728666474,2.006880733944954,,,,,0.5571146337197355,4092796
ldpc,N96_M48,tau_pSA,search,526,263,,,,4.397577306579892,9.267397665043735,2.2140048720738417,fixed,0.7834930061388792,0.0,0.12629285952816757,1.8807242207919046,9.505543544127761,piecewise,0.48060498208811575,0.1715620193288493,majority,9696,862,12800,0.030186631944444445,0.35625,0.23958333333333334,0.014404166666666668,0.15986666666666668,2.09568749397358,2.228419516263553,,,,,0.5585215500094626,4425394
ldpc,N96_M48,tau_pSA,search,795,264,,,,4.778917293974426,6.482272603357393,2.46137623379585,fixed,0.6949018974402802,0.0,0.08652920914658078,2.4688259770103587,11.276604111717196,linear,0.1213652599874171,0.2634074942500113,best_state,7073,8803,25600,0.034266493055555555,0.2916666666666667,0.18541666666666667,0.014404166666666668,0.15986666666666668,2.3789292257255807,1.8244370308590492,,,,,0.5612480348634982,6555605
ldpc,N96_M48,tau_pSA,search,648,265,,,,5.150532111765429,11.457660845853649,1.6413119869813524,fixed,0.7159135335681718,0.0,0.17427621395807522,0.10511265659638191,9.446375344916266,linear,0.15930900362657643,0.2853970594270402,best_state,8234,9128,19200,0.029014756944444445,0.3354166666666667,0.24375000000000002,0.014404166666666668,0.15986666666666668,2.0143308263426865,2.0981025854879065,,,,,0.5613278061915845,5391512
ldpc,N96_M48,tau_pSA,search,371,266,,,,4.260030282007223,7.827374267061384,1.7745081605060837,fixed,0.7755888294477931,0.0,0.15492582718990425,1.8043915944817073,7.599529704213081,constant,0.8873427669782598,0.20040566207936303,majority,10632,898,12800,0.02951388888888889,0.325,0.25416666666666665,0.014404166666666668,0.15986666666666668,2.0489827403336225,2.0329441201000833,,,,,0.5620743502588326,3197949
ldpc,N96_M48,tau_pSA,search,446,267,,,,4.904765223959883,10.464244800666876,1.9212621269510515,fixed,0.7318968672309534,0.0,0.13482078965937633,2.0933243818854197,9.72716263451307,piecewise,0.40688913454151576,0.2892377033316606,majority,6590,475,12800,0.0294921875,0.32083333333333336,0.24791666666666667,0.014404166666666668,0.15986666666666668,2.0474761353774946,2.006880733944954,,,,,0.5629250301870653,3791874
ldpc,N96_M48,tau_pSA,search,694,268,,,,2.9728206873537757,7.192679771658947,1.7662532887910825,fixed,0.7038359333106781,0.0,0.16626991253011222,0.18611009725976796,11.892556690172547,linear,0.11600247758896583,0.22462733676355817,best_state,7229,10209,19200,0.033702256944444446,0.3208333333333333,0.25625000000000003,0.014404166666666668,0.15986666666666668,2.3397574968662616,2.006880733944954,,,,,0.5653498311715526,5755786
ldpc,N96_M48,tau_pSA,search,793,269,,,,4.904658706219072,6.582975289580769,2.5049077912709046,fixed,0.6463805745255339,0.0,0.06742759745642565,2.5164425578883174,11.988831677355625,linear,0.11250983693609184,0.2601387060054663,best_state,6918,8761,25600,0.03372395833333333,0.26458333333333334,0.16041666666666668,0.014404166666666668,0.15986666666666668,2.341264101822389,1.6550250208507087,,,,,0.566422877053339,6539767
ldpc,N96_M48,tau_pSA,search,487,270,,,,3.5358113398863886,8.194799343576065,2.072518532048824,fixed,0.5304640094062973,0.0,0.10911973970285517,2.3040221521881223,10.858140030821414,piecewise,0.31074262088880483,0.22516836001974008,majority,9473,110,9600,0.030837673611111113,0.32083333333333336,0.25416666666666665,0.014404166666666668,0.15986666666666668,2.14088564265741,2.006880733944954,,,,,0.5674135203744393,4116553
ldpc,N96_M48,tau_pSA,search,427,271,,,,3.9848439629582573,7.740692093190385,2.0876366890201608,fixed,0.7623384904977991,0.0,0.10695128777462962,1.7611019605759564,10.923431048987615,piecewise,0.44838720415967265,0.19676406869754726,majority,10145,897,12800,0.03233506944444444,0.32916666666666666,0.24375000000000002,0.014404166666666668,0.15986666666666668,2.2448413846302184,2.0590075062552122,,,,,0.5681246929753079,3641413
ldpc,N96_M48,tau_pSA,search,486,272,,,,3.523535274988314,8.473220415869328,2.0432999116526305,fixed,0.7537860064315793,0.0,0.11135770440946387,0.17795269496643865,10.68316498669964,piecewise,0.35355022354654553,0.22659563818366657,majority,10185,691,12800,0.0302734375,0.3416666666666666,0.2708333333333333,0.014404166666666668,0.15986666666666668,2.1017139137980907,2.1371976647206,,,,,0.5685596474501108,4108634
ldpc,N96_M48,tau_pSA,search,955,273,,,,5.793798528752412,7.772966289944337,2.312490154382148,fixed,0.5628514043951588,0.0,0.5210034706953769,0.3148505335158013,8.593168328626435,cosine,0.05051872999143408,0.3521215197829101,best_state,7424,16919,25600,0.03222656250000001,0.36666666666666664,0.3020833333333333,0.014404166666666668,0.15986666666666668,2.237308359849581,2.2935779816513757,,,,,0.5705053174321644,7822645
ldpc,N96_M48,tau_pSA,search,923,274,,,,4.765953144610725,6.95432443129024,2.972514695248979,fixed,0.6019454633605607,0.0,0.42181124120275,0.22393796209857353,10.124155867715615,linear,0.0667481807618803,0.36174243073137496,best_state,6519,18041,25600,0.032834201388888894,0.3458333333333334,0.26875,0.014404166666666668,0.15986666666666668,2.2794932986211554,2.1632610508757297,,,,,0.5719826181926023,7569237
ldpc,N96_M48,tau_pSA,search,455,275,,,,4.746734297608329,10.326676145596327,1.8940220275697732,fixed,0.7323093850706623,0.0,0.08184301279519393,2.084655722114955,9.603983702010373,piecewise,0.42436010268264446,0.2870865565315103,majority,9852,879,12800,0.031336805555555555,0.30208333333333337,0.2020833333333333,0.014404166666666668,0.15986666666666668,2.1755375566483464,1.8895954962468724,,,,,0.5741225264881648,3863145
ldpc,N96_M48,tau_pSA,search,239,276,,,,4.720038973095931,5.86044916984327,2.551249719655915,snr,0.6745502270346313,0.0,0.2458376488843171,1.4117222050624096,7.5041844464064145,constant,0.6184564833190663,0.08306982400527131,majority,11299,1180,12800,0.029578993055555555,0.3458333333333334,0.27291666666666664,0.014404166666666668,0.15986666666666668,2.053502555202005,2.1632610508757297,,,,,0.5751371793573761,2152641
ldpc,N96_M48,tau_pSA,search,744,277,,,,3.8802482642087477,7.664220673447423,2.3952741091521563,fixed,0.7689705479972426,0.0,0.11061213927602438,2.2110229481479786,11.742714261371535,linear,0.15401433580017895,0.19595804708410403,best_state,9341,9653,19200,0.03181423611111111,0.29583333333333334,0.21250000000000002,0.014404166666666668,0.15986666666666668,2.2086828656831545,1.8505004170141783,,,,,0.5753848764402076,6151736
ldpc,N96_M48,tau_pSA,search,656,278,,,,4.106483757422815,10.625336595623269,2.553992938361377,fixed,0.7375087151250852,0.0,0.07835308637872308,2.7001040085279917,11.646534424061247,linear,0.1318539189016919,0.24296094718047417,best_state,9212,7988,19200,0.03435329861111112,0.2875,0.19583333333333333,0.014404166666666668,0.15986666666666668,2.3849556455500918,1.7983736447039196,,,,,0.5757166029846766,5454864
ldpc,N96_M48,tau_pSA,search,237,279,,,,4.800601209945456,6.084797023555076,2.4715975556570635,snr,0.6770268421378238,0.0,0.24631559250738513,1.3770784470948008,7.277166360768281,constant,0.6239124387073494,0.08041445644440903,majority,11378,1115,12800,0.03107638888888889,0.34583333333333327,0.28125,0.014404166666666668,0.15986666666666668,2.157458297174814,2.1632610508757293,,,,,0.5779543817096042,2136803
ldpc,N96_M48,tau_pSA,search,453,280,,,,4.76244680725225,10.445497956736213,1.8926129358549764,fixed,0.7345340778214604,0.0,0.07796452775338672,2.0479996667576184,9.651043186187788,piecewise,0.38016049945573355,0.22815488781280102,majority,5842,486,12800,0.03168402777777778,0.29583333333333334,0.20624999999999996,0.014404166666666668,0.15986666666666668,2.199643235946389,1.8505004170141783,,,,,0.5807112555116605,3847307
ldpc,N96_M48,tau_pSA,search,508,281,,,,3.331631942476145,7.570533116843381,1.9039660258526252,fixed,0.7427170520744866,0.0,0.09431331822688907,2.260463284205496,10.34068329435174,cosine,0.3489978516651209,0.1979338182791199,majority,10314,798,12800,0.03103298611111111,0.33125,0.24583333333333335,0.014404166666666668,0.15986666666666668,2.154445087262559,2.072039199332777,,,,,0.5811541577529609,4282852
ldpc,N96_M48,tau_pSA,search,451,282,,,,4.7710771971177675,8.996231201201333,1.89176461133138,fixed,0.7314910676004582,0.0,0.08240162786043057,2.0563061718644535,10.125171087810056,piecewise,0.4307290749790645,0.22249156612526844,majority,6293,501,12800,0.032769097222222224,0.30833333333333335,0.23124999999999998,0.014404166666666668,0.15986666666666668,2.274973483752772,1.9286905754795662,,,,,0.5817233498935755,3831469
ldpc,N96_M48,tau_pSA,search,372,283,,,,4.205751493344549,8.207900587459788,1.9296512965658614,fixed,0.7705645016509265,0.0,0.16179853318743845,2.0594496279312424,8.623454389677802,constant,0.3699305529553178,0.16815059906379362,majority,10591,788,12800,0.030577256944444447,0.3416666666666666,0.2708333333333333,0.014404166666666668,0.15986666666666668,2.122806383183878,2.1371976647206,,,,,0.5821233632967157,3205868
ldpc,N96_M48,tau_pSA,search,504,284,,,,3.9605727924033545,10.155080824710138,1.6328458619975923,fixed,0.7733897057797934,0.0,0.155093886351585,2.6178631081665475,11.985754898692761,piecewise,0.2524710853534079,0.2586718354477132,majority,8694,617,12800,0.030989583333333334,0.35000000000000003,0.29791666666666666,0.014404166666666668,0.15986666666666668,2.1514318773503036,2.189324437030859,,,,,0.5831171030367391,4251176
ldpc,N96_M48,tau_pSA,search,369,285,,,,4.253003315746177,7.709140091073694,1.7986978086465237,fixed,0.7636769434963036,0.0,0.15328620282339347,1.8735845825340907,7.66114200886867,constant,0.8881838121919152,0.14846262185261738,majority,10589,784,12800,0.03148871527777778,0.3687500000000001,0.2916666666666667,0.014404166666666668,0.15986666666666668,2.18608379134124,2.306609674728941,,,,,0.5833798371362431,3182111
ldpc,N96_M48,tau_pSA,search,740,286,,,,3.089568777590499,7.498346517551173,2.3889039705359263,fixed,0.7746557828233765,0.0,0.11093504905870367,2.243949491283088,11.962352702378107,linear,0.07984754553302942,0.19886303121671375,best_state,9458,124,9600,0.03244357638888889,0.3145833333333334,0.23541666666666664,0.014404166666666668,0.15986666666666668,2.252374409410857,1.9677856547122603,,,,,0.5835114186136288,6120060
ldpc,N96_M48,tau_pSA,search,261,287,,,,5.9066064087040635,6.469922532898184,2.773339967863367,snr,0.7389743048041464,0.0,0.24535129203357683,1.4564881117834485,5.5333631194589765,constant,1.274081786419859,0.07858386116542625,majority,11145,1057,12800,0.03231336805555555,0.35833333333333334,0.27499999999999997,0.014404166666666668,0.15986666666666668,2.2433347796740906,2.2414512093411174,,,,,0.5837173971295007,2326859
ldpc,N96_M48,tau_pSA,search,659,288,,,,4.170990358018188,10.584837069140784,2.5332929134310045,fixed,0.7391698813248704,0.0,0.07910367608057817,2.644159865989738,11.633031841780017,linear,0.13034580940452134,0.24317536282885666,best_state,9264,8003,19200,0.03834635416666667,0.2833333333333333,0.1875,0.014404166666666668,0.15986666666666668,2.662170957477582,1.7723102585487904,,,,,0.5841782438679033,5478621
ldpc,N96_M48,tau_pSA,search,386,289,,,,4.279598778852269,8.65575532689038,1.8937064473772638,fixed,0.7579105741603203,0.0,0.1969208184680106,1.8477337921376529,7.86787382067225,piecewise,0.9085537701688061,0.16239239448976325,majority,10845,812,12800,0.03103298611111111,0.35625,0.27499999999999997,0.014404166666666668,0.15986666666666668,2.154445087262559,2.228419516263553,,,,,0.5886346265814729,3316734
ldpc,N96_M48,tau_pSA,search,488,290,,,,3.4814993185412364,8.346276656388717,2.102301520012989,fixed,0.7550887888816028,0.0,0.11197395684374392,2.3789638282563366,10.798887086790053,piecewise,0.2954001764657684,0.2305051309205163,majority,9490,99,9600,0.032703993055555554,0.33749999999999997,0.2583333333333333,0.014404166666666668,0.15986666666666668,2.270453668884389,2.111134278565471,,,,,0.5893897667621323,4124472
ldpc,N96_M48,tau_pSA,search,875,291,,,,5.177981154139571,6.595069273940712,4.047178340158093,fixed,0.6437448312211741,0.0,0.17603293511055765,0.15918478202559816,8.97988601845433,linear,0.08961777492768523,0.32884081187495373,best_state,6047,13606,25600,0.031336805555555555,0.3520833333333333,0.27499999999999997,0.014404166666666668,0.15986666666666668,2.1755375566483464,2.202356130108423,,,,,0.5896572940506264,7189125
ldpc,N96_M48,tau_pSA,search,728,292,,,,3.4884650114237807,8.381963664212876,1.9002745765041251,fixed,0.7237160480614462,0.0,0.15507070878874563,2.41239618222296,11.301086864424649,linear,0.24200349292122206,0.22371219411407806,best_state,8760,7765,19200,0.03326822916666666,0.33749999999999997,0.25625000000000003,0.014404166666666668,0.15986666666666668,2.3096253977437082,2.111134278565471,,,,,0.5949897695296387,6025032
ldpc,N96_M48,tau_pSA,search,416,293,,,,4.25934360918911,8.77823164509523,2.0278247559991045,fixed,0.7533980568802503,0.0,0.08789948400222236,1.9853759264197357,8.88657791337618,piecewise,0.20749689116294456,0.1584383894224951,majority,10429,748,12800,0.035069444444444445,0.31875000000000003,0.2104166666666667,0.014404166666666668,0.15986666666666668,2.4346736091023042,1.9938490408673895,,,,,0.5950402149875496,3554304
ldpc,N96_M48,tau_pSA,search,723,294,,,,3.479873726494249,8.325885485285239,1.8803026142362376,fixed,0.7187387738282757,0.0,0.1537915844763656,2.3874934002519885,11.308782187531706,linear,0.23372063305705035,0.2235504911187808,best_state,8825,7780,19200,0.03237847222222222,0.33541666666666664,0.2416666666666667,0.014404166666666668,0.15986666666666668,2.2478545945424737,2.098102585487906,,,,,0.5959041258299546,5985437
ldpc,N96_M48,tau_pSA,search,333,295,,,,7.705361465624269,8.289176772791135,2.6428937343089434,snr,0.7525200526123021,0.0,0.2825634846892578,0.8752939837820964,7.339322142017645,constant,0.8525315289092028,0.13865731494182937,majority,11278,751,12800,0.03350694444444444,0.3416666666666666,0.26875,0.014404166666666668,0.15986666666666668,2.3261980522611125,2.1371976647206,,,,,0.5973969117007415,2897027
ldpc,N96_M48,tau_pSA,search,322,296,,,,6.699815898548561,6.899280839614448,2.052422445536091,snr,0.7217577566423851,0.0,0.24650877590206738,0.9594186946743841,7.265642332740716,constant,1.3136368269404668,0.11769470189171163,majority,10997,1087,12800,0.03402777777777778,0.33749999999999997,0.2520833333333334,0.014404166666666668,0.15986666666666668,2.362356571208177,2.111134278565471,,,,,0.597517530159029,2809918
ldpc,N96_M48,tau_pSA,search,411,297,,,,4.34848844678417,8.773360797927454,2.0564569344531223,fixed,0.7510068683420607,0.0,0.07921818989408087,1.9974421925526138,8.823161024369986,piecewise,0.206925938715979,0.15425560081000886,majority,10469,727,12800,0.03394097222222222,0.33125,0.22499999999999998,0.014404166666666668,0.15986666666666668,2.356330151383666,2.072039199332777,,,,,0.5979049859688983,3514709
ldpc,N96_M48,tau_pSA,search,684,298,,,,3.27178429494025,8.613180504162981,1.9293067072059813,fixed,0.7330441380510088,0.0,0.16857071542919547,2.49953183512343,11.303321643069726,linear,0.17756208429524273,0.25849508947606353,best_state,7744,10024,19200,0.0341796875,0.3354166666666667,0.25416666666666665,0.014404166666666668,0.15986666666666668,2.37290280590107,2.0981025854879065,,,,,0.6007867706721892,5676596
ldpc,N96_M48,tau_pSA,search,554,299,,,,2.9631431927700596,8.285466978302258,2.8545601816372375,fixed,0.7758117143370487,0.0,0.06418733815395986,2.9598606941986545,11.313981819895602,piecewise,0.6924412657967522,0.1786879119205888,majority,8109,6920,19200,0.029578993055555555,0.3625,0.2895833333333333,0.014404166666666668,0.15986666666666668,2.053502555202005,2.2675145954962463,,,,,0.6023438420821506,4647126
ldpc,N96_M48,tau_pSA,search,874,300,,,,5.02256611405318,6.4947289373185555,4.084538811723227,fixed,0.658519412078413,0.0,0.17644174764059434,0.16865540433832138,8.938294866056196,linear,0.087111283242153,0.324370047145265,best_state,6385,12624,25600,0.03151041666666667,0.35000000000000003,0.27499999999999997,0.014404166666666668,0.15986666666666668,2.187590396297368,2.189324437030859,,,,,0.6038012646502441,7181206
ldpc,N96_M48,tau_pSA,search,365,301,,,,4.219284036245948,8.248140925633912,1.7305869410459604,fixed,0.7287110609932406,0.0,0.1689096859349685,1.996309637049492,7.652586781563864,constant,0.8860585083388182,0.16442807115580596,majority,10548,795,12800,0.031184895833333337,0.37083333333333335,0.2770833333333333,0.014404166666666668,0.15986666666666668,2.1649913219554526,2.319641367806505,,,,,0.603893320288468,3150435
ldpc,N96_M48,tau_pSA,search,742,302,,,,3.0753584921011052,7.827149782038721,2.4274663614522947,fixed,0.7824844137284217,0.0,0.1953992123768669,2.179900928087141,11.063893436440587,linear,0.1492893175797658,0.19939213958032848,best_state,9350,234,9600,0.03313802083333333,0.3229166666666667,0.2625,0.014404166666666668,0.15986666666666668,2.300585768006942,2.019912427022519,,,,,0.6077037027457403,6135898
ldpc,N96_M48,tau_pSA,search,525,303,,,,4.499630699004899,9.6180695187585,2.1616395854279586,fixed,0.7192970586407782,0.0,0.12344316019255422,1.8354191178390715,8.794034778290577,piecewise,0.4878887238322547,0.1681122105749089,majority,9694,868,12800,0.03229166666666666,0.36250000000000004,0.2895833333333333,0.014404166666666668,0.15986666666666668,2.241828174717963,2.267514595496247,,,,,0.608506489906284,4417475
ldpc,N96_M48,tau_pSA,search,200,304,,,,4.226729765176308,5.5073441325668755,2.187526802983635,snr,0.6705355295899909,0.0,0.2978825181941034,1.4447328244221398,6.087928494415773,constant,1.1969570496251143,0.09616031827989865,last,12084,612,12800,0.03342013888888889,0.3229166666666667,0.27499999999999997,0.014404166666666668,0.15986666666666668,2.320171632436602,2.019912427022519,,,,,0.6090393583881276,1843800
ldpc,N96_M48,tau_pSA,search,449,305,,,,4.720373981767774,10.221011911446654,1.9022866851376588,fixed,0.7332989275328656,0.0,0.08386681528797006,2.091501409112649,10.17776126625475,piecewise,0.4121767991456399,0.2758346838906093,majority,9889,868,12800,0.03463541666666667,0.34375,0.26458333333333334,0.014404166666666668,0.15986666666666668,2.4045415099797514,2.150229357798165,,,,,0.6094193611802777,3815631
ldpc,N96_M48,tau_pSA,search,687,306,,,,2.475233683200539,7.029332542724503,1.7277062728378174,fixed,0.704274897367071,0.0,0.18845944817660557,2.2079404907872737,11.669719582028979,linear,0.1125257922970279,0.22646077930067132,best_state,7079,8789,19200,0.035004340277777775,0.3208333333333333,0.2833333333333333,0.014404166666666668,0.15986666666666668,2.430153794233921,2.006880733944954,,,,,0.6115556584140227,5700353
ldpc,N96_M48,tau_pSA,search,391,307,,,,4.354544206530032,8.377461177949304,1.983161980271878,fixed,0.7545190172257683,0.0,0.17725974555110882,1.8726713457327846,8.659466888804053,piecewise,0.8734818124270318,0.16232476009224342,majority,10522,831,12800,0.03381076388888889,0.34791666666666665,0.28750000000000003,0.014404166666666668,0.15986666666666668,2.3472905216468996,2.176292743953294,,,,,0.6126010777511226,3356329
ldpc,N96_M48,tau_pSA,search,180,308,,,,4.536992747860476,6.041075593983304,1.9366457791266418,snr,0.6009932897041927,0.0,0.08690997443220486,0.7022442382242842,6.265344588860324,constant,1.218994374163946,0.06983360916349499,last,10537,1006,12800,0.03559027777777778,0.3020833333333333,0.24583333333333332,0.014404166666666668,0.15986666666666668,2.4708321280493686,1.8895954962468722,,,,,0.6145512063399533,1685420
ldpc,N96_M48,tau_pSA,search,404,309,,,,4.2936580760178975,11.066545744650144,1.7611479359950946,fixed,0.7681904325901263,0.0,0.1282959840791272,2.154052293815034,8.353108424328786,piecewise,0.2713693331394494,0.18442998936877728,majority,10832,826,12800,0.032421875,0.375,0.29583333333333334,0.014404166666666668,0.15986666666666668,2.2508678044547294,2.3457047539616345,,,,,0.6162665138943128,3459276
ldpc,N96_M48,tau_pSA,search,279,310,,,,5.045938004008521,5.879697285607321,2.6735887935971414,snr,0.6825070135649891,0.0,0.28853655695410346,1.1246604229851238,7.72284475239689,constant,1.079948792788629,0.08810433929642204,majority,10702,940,12800,0.032595486111111106,0.36250000000000004,0.29375,0.014404166666666668,0.15986666666666668,2.26292064410375,2.267514595496247,,,,,0.6181596916544918,2469401
ldpc,N96_M48,tau_pSA,search,314,311,,,,6.433946771140867,6.989932252291063,1.9581783953564424,snr,0.723789815822876,0.0,0.36286838536907434,1.0117839960390234,6.092330403500861,constant,1.29441910004836,0.12039098127567294,majority,10995,763,12800,0.032703993055555554,0.35625,0.2770833333333333,0.014404166666666668,0.15986666666666668,2.270453668884389,2.228419516263553,,,,,0.6214512356823482,2746566
ldpc,N96_M48,tau_pSA,search,196,312,,,,4.199865491166697,5.464639471654766,2.1270049015704253,snr,0.6680173378953096,0.0,0.29415051031539846,1.1945808272560898,6.36109446953594,constant,2.483899308555383,0.098188454764263,last,12014,636,12800,0.03617621527777778,0.3354166666666667,0.27708333333333335,0.014404166666666668,0.15986666666666668,2.511510461864815,2.0981025854879065,,,,,0.621871793008762,1812124
ldpc,N96_M48,tau_pSA,search,175,313,,,,4.839428709733951,6.129680735726413,1.9050806745305648,snr,0.6504143137219527,0.0,0.3287567360085825,1.7053908072739212,5.667106999334469,constant,1.2007430448590801,0.06804596842457941,last,11138,1061,12800,0.034440104166666666,0.3416666666666666,0.2770833333333333,0.014404166666666668,0.15986666666666668,2.390982065374602,2.1371976647206,,,,,0.6222485877627908,1645825
ldpc,N96_M48,tau_pSA,search,282,314,,,,5.081173558820178,5.90048355524903,2.6011079296266444,snr,0.6876488742442448,0.0,0.26516260553558324,1.4259613780616505,7.628694988299933,constant,1.0334592151049609,0.09032752000751001,majority,11829,954,12800,0.03274739583333333,0.3666666666666667,0.29375,0.014404166666666668,0.15986666666666668,2.2734668787966443,2.293577981651376,,,,,0.6228446152384625,2493158
ldpc,N96_M48,tau_pSA,search,941,315,,,,5.080852635053108,7.2262884136950865,2.4465850026848117,fixed,0.5855985954866663,0.0,0.495307511736206,0.2704021703842768,9.273502679647951,cosine,0.07042510148514645,0.5218326723108958,best_state,7523,17598,25600,0.034201388888888885,0.3645833333333333,0.3083333333333333,0.014404166666666668,0.15986666666666668,2.3744094108571976,2.2805462885738113,,,,,0.6243301598752837,7711779
ldpc,N96_M48,tau_pSA,search,213,316,,,,4.903103080962148,6.381586690015645,1.881864085159501,snr,0.7383897417764067,0.0,0.27423827641579884,1.1887609439805686,6.679589032039209,constant,0.8964735755245512,0.12255199673089215,last,12357,242,12800,0.03532986111111111,0.33958333333333335,0.2708333333333333,0.014404166666666668,0.15986666666666668,2.4527528685758364,2.124165971643036,,,,,0.625585536278287,1946747
ldpc,N96_M48,tau_pSA,search,363,317,,,,4.3125031297613035,7.9849749707975,1.7513566564665246,fixed,0.7723117723966915,0.0,0.14465102448157904,1.9696478776046984,7.580892604655269,constant,0.7474914624380036,0.16778241837303837,majority,10625,892,12800,0.032486979166666666,0.3666666666666667,0.28541666666666665,0.014404166666666668,0.15986666666666668,2.255387619323112,2.293577981651376,,,,,0.6257963111905471,3134597
ldpc,N96_M48,tau_pSA,search,277,318,,,,5.0541967396627925,5.929841662862789,2.5503634759996463,snr,0.6872405054206624,0.0,0.28615174098965995,1.1546267418242784,6.454950438025336,constant,1.0317003515811156,0.08642575856216944,majority,11955,663,12800,0.03235677083333333,0.3625,0.27291666666666664,0.014404166666666668,0.15986666666666668,2.2463479895863463,2.2675145954962463,,,,,0.6285563284841628,2453563
ldpc,N96_M48,tau_pSA,search,387,319,,,,4.288309776308136,7.764982145897728,1.9492371841294622,fixed,0.7619436899609056,0.0,0.18216319741042392,1.8848460926794852,8.638306337089357,piecewise,0.9127064657064868,0.15279597166371414,majority,10831,796,12800,0.03359375,0.3666666666666667,0.2916666666666667,0.014404166666666668,0.15986666666666668,2.332224472085623,2.293577981651376,,,,,0.6288578285562628,3324653
ldpc,N96_M48,tau_pSA,search,683,320,,,,3.2081191255883263,8.167698387407672,1.9279737523673057,fixed,0.7289128162524046,0.0,0.18064040486508248,0.21455422625673398,1.6948104293866189,linear,0.17511471265780015,0.26141679378095695,best_state,7671,9591,19200,0.03428819444444444,0.34583333333333327,0.3208333333333333,0.014404166666666668,0.15986666666666668,2.380435830681708,2.1632610508757293,,,,,0.6308787988401425,5668677
ldpc,N96_M48,tau_pSA,search,495,321,,,,3.9541525860362476,9.62395992134966,1.59479910218076,fixed,0.7990177402565866,0.0,0.15713306876065916,2.641720340220268,10.468669581858954,piecewise,0.62104492694144,0.2530746767407091,majority,9958,742,12800,0.03307291666666667,0.38958333333333334,0.31875,0.014404166666666668,0.15986666666666668,2.296065953138559,2.436926605504587,,,,,0.631306609361046,4179905
ldpc,N96_M48,tau_pSA,search,238,322,,,,5.026549576154287,6.009448525748977,2.5213060523336757,snr,0.6778246409092112,0.0,0.23822637071192626,1.3190013319213285,7.439810111340831,constant,1.128103746446075,0.08263514297833491,majority,11331,1223,12800,0.033463541666666666,0.37083333333333335,0.30416666666666664,0.014404166666666668,0.15986666666666668,2.3231848423488572,2.319641367806505,,,,,0.6314559492414951,2144722
ldpc,N96_M48,tau_pSA,search,464,323,,,,3.487911891133456,8.931013731865423,2.2858545230010243,fixed,0.7503823793684302,0.0,0.13689864749649955,2.4416169150644973,10.707321045433169,piecewise,0.5181155954639496,0.208680039976408,majority,9711,698,12800,0.03218315972222222,0.3541666666666667,0.28750000000000003,0.014404166666666668,0.15986666666666668,2.234295149937325,2.215387823185988,,,,,0.6317829761407721,3934416
ldpc,N96_M48,tau_pSA,search,837,324,,,,5.28497484295459,5.575843500442806,3.2493963872641785,fixed,0.5591560337452866,0.0,0.19633079064038864,0.1593665284649672,0.9611756651857005,linear,0.08998051384491793,0.3154428810967968,best_state,5515,17978,25600,0.039084201388888885,0.3229166666666667,0.23124999999999998,0.014404166666666668,0.15986666666666668,2.7133955259859217,2.019912427022519,,,,,0.634178123906319,6888203
ldpc,N96_M48,tau_pSA,search,510,325,,,,2.831417219904679,7.887129041932427,1.8172448101264653,fixed,0.7435255785242225,0.0,0.0902349592963827,2.198464166760959,9.861626819775012,cosine,0.3600671542337493,0.1891486581351886,majority,4347,404,12800,0.03302951388888889,0.39166666666666666,0.3,0.014404166666666668,0.15986666666666668,2.293052743226304,2.4499582985821515,,,,,0.6343140645259325,4298690
ldpc,N96_M48,tau_pSA,search,286,326,,,,5.125881757252576,5.912271485145677,2.539623016896547,snr,0.689911777035076,0.0,0.2862942964620745,1.1416921604533024,6.415830479923696,constant,1.0360555956751551,0.08582008543174148,majority,11853,933,12800,0.03309461805555556,0.3625,0.2833333333333333,0.014404166666666668,0.15986666666666668,2.297572558094687,2.2675145954962463,,,,,0.6385225850417708,2524834
ldpc,N96_M48,tau_pSA,search,258,327,,,,5.955610832953671,6.302899561027498,2.6229610457429944,snr,0.7315164382064864,0.0,0.2545725122910675,1.4237250526600063,5.558669087092712,constant,1.2632313352655338,0.07661846826020559,majority,9326,1053,12800,0.034331597222222225,0.35000000000000003,0.26875,0.014404166666666668,0.15986666666666668,2.383449040593964,2.189324437030859,,,,,0.6388557019701405,2303102
ldpc,N96_M48,tau_pSA,search,804,328,,,,5.425802679155502,6.366659527996396,2.597365947481173,fixed,0.6952137100345824,0.0,0.06350506745081838,2.4577590469445765,11.215703347438959,linear,0.10717397162589766,0.2559583730398296,best_state,6937,8707,25600,0.04348958333333333,0.28958333333333336,0.16666666666666666,0.014404166666666668,0.15986666666666668,3.0192363320798377,1.8114053377814845,,,,,0.6405038225811752,6626876
ldpc,N96_M48,tau_pSA,search,344,329,,,,5.7606139554466855,6.937446513222701,2.23263220621405,snr,0.7172261304787539,0.0,0.35586314829379057,1.214068625202018,6.482032230101289,constant,0.8490231297576776,0.10737466193341597,majority,12028,656,12800,0.03372395833333333,0.37916666666666665,0.3208333333333333,0.014404166666666668,0.15986666666666668,2.341264101822389,2.3717681401167634,,,,,0.640820680726556,2984136
ldpc,N96_M48,tau_pSA,search,506,330,,,,3.3059694221935017,7.646995827612002,1.869485773342803,fixed,0.7432144019103566,0.0,0.054052235304666005,2.2017231443505394,10.300920877951269,piecewise,0.35806704354283586,0.2041150900902175,majority,10367,692,12800,0.03435329861111111,0.3458333333333334,0.275,0.014404166666666668,0.15986666666666668,2.3849556455500913,2.1632610508757297,,,,,0.6408571153105347,4267014
ldpc,N96_M48,tau_pSA,search,555,331,,,,2.973009713206121,8.4173085033164,2.891167679734227,fixed,0.770889648393411,0.0,0.06482491321634894,2.913611599716174,11.210935680133101,piecewise,0.6924721797905954,0.3656924928998009,majority,8553,8237,19200,0.03302951388888889,0.4270833333333333,0.3520833333333333,0.014404166666666668,0.15986666666666668,2.293052743226304,2.67149708090075,,,,,0.6408916243229795,4655045
ldpc,N96_M48,tau_pSA,search,226,332,,,,3.9834972270934688,6.9076412324455525,1.7281096071905504,snr,0.6879577325726162,0.0,0.31292720946474994,1.0534714671061463,6.310047425526021,constant,0.7404480546962673,0.15885395696465054,majority,11681,747,12800,0.034092881944444445,0.39999999999999997,0.3145833333333334,0.014404166666666668,0.15986666666666668,2.3668763860765596,2.50208507089241,,,,,0.64273346721367,2049694
ldpc,N96_M48,tau_pSA,search,511,333,,,,2.8131941276827557,7.930080683782129,1.851361757918969,fixed,0.7432854369260012,0.0,0.09366824733497577,2.1785956453262263,10.280470961500743,piecewise,0.36289126418952194,0.19551045641557466,majority,10308,800,12800,0.033572048611111106,0.3958333333333333,0.33125,0.014404166666666668,0.15986666666666668,2.3307178671294952,2.4760216847372805,,,,,0.643461115344862,4306609
ldpc,N96_M48,tau_pSA,search,448,334,,,,4.695372296842965,10.287936847762197,2.225377427900599,fixed,0.7319693941698115,0.0,0.07797611354496403,2.0262116586629686,10.165158043342304,piecewise,0.40950616156784553,0.22283598293054502,majority,6079,562,12800,0.03780381944444444,0.30833333333333335,0.1875,0.014404166666666668,0.15986666666666668,2.6245058335743896,1.9286905754795662,,,,,0.6439554466829651,3807712
ldpc,N96_M48,tau_pSA,search,607,335,,,,4.633097430359054,10.794107273096614,1.5952295309508018,fixed,0.7133416285783186,0.0,0.09762553737911037,2.992399128386818,10.561184545302998,linear,0.10785894177815161,0.3031144666997415,best_state,8498,8330,19200,0.034678819444444446,0.35625,0.27708333333333335,0.014404166666666668,0.15986666666666668,2.4075547198920066,2.228419516263553,,,,,0.6440112533607841,5066833
ldpc,N96_M48,tau_pSA,search,287,336,,,,4.932588399504813,5.93321970097917,2.564591302400828,snr,0.6910281615596532,0.0,0.2830532156652863,1.1437097009131223,6.497646646949316,constant,1.0086333384269532,0.08906148326750628,majority,11819,680,12800,0.03324652777777778,0.3416666666666666,0.30416666666666664,0.014404166666666668,0.15986666666666668,2.308118792787581,2.1371976647206,,,,,0.6447062969414167,2532753
ldpc,N96_M48,tau_pSA,search,244,337,,,,5.08220026487663,5.151418685763555,2.089863782348928,snr,0.7118652078175666,0.0,0.20392944297056154,1.4264010764750603,5.958360461561911,constant,0.661090547043859,0.10620982727167864,majority,10819,1146,12800,0.03500434027777778,0.3541666666666667,0.2520833333333333,0.014404166666666668,0.15986666666666668,2.4301537942339215,2.215387823185988,,,,,0.6465128543927483,2192236
ldpc,N96_M48,tau_pSA,search,284,338,,,,5.12853891102337,5.852562684820367,2.618761023411464,snr,0.6892344063840059,0.0,0.28592058307446405,1.1444939728273358,6.607308038031525,constant,1.014389032035342,0.08903332316334873,majority,11917,644,12800,0.03504774305555556,0.3645833333333333,0.28541666666666665,0.014404166666666668,0.15986666666666668,2.433167004146177,2.2805462885738113,,,,,0.6498970772701335,2508996
ldpc,N96_M48,tau_pSA,search,976,339,,,,7.028123236970007,7.074796867566089,2.515970349208377,fixed,0.5756889569943263,0.0,0.13553250785473375,0.28614630458316365,7.711229429146545,cosine,0.06257980336884371,0.4259959044995959,best_state,7944,16495,25600,0.038346354166666666,0.3333333333333333,0.2270833333333333,0.014404166666666668,0.15986666666666668,2.6621709574775814,2.0850708924103416,,,,,0.6516051863747362,7988944
ldpc,N96_M48,tau_pSA,search,264,340,,,,5.955211648495595,6.614772006633601,2.932502613373834,snr,0.741447518362946,0.0,0.2585769545791308,0.9295523873413745,5.409596397364495,constant,1.468848484285787,0.07097715309793859,majority,11204,1088,12800,0.034787326388888894,0.3666666666666667,0.2854166666666667,0.014404166666666668,0.15986666666666668,2.415087744672645,2.293577981651376,,,,,0.6529238829375402,2350616
ldpc,N96_M48,tau_pSA,search,939,341,,,,5.052561043743861,7.479150966712389,2.453051786694219,fixed,0.6036089314707278,0.0,0.5802203427868505,0.2754316772563762,9.329199221625725,cosine,0.06632721554379153,0.5127695342740844,best_state,7477,17633,25600,0.03582899305555556,0.35625,0.3229166666666667,0.014404166666666668,0.15986666666666668,2.4874047825667724,2.228419516263553,,,,,0.6535834708022473,7695941
ldpc,N96_M48,tau_pSA,search,456,342,,,,4.8755354587097965,10.308755320256203,1.9041960072827946,fixed,0.7328669270308914,0.0,0.0777222226324165,2.0810523371951835,9.593784105140491,piecewise,0.42570284829102356,0.26884693632510664,majority,5819,449,12800,0.036458333333333336,0.32083333333333336,0.225,0.014404166666666668,0.15986666666666668,2.531096326294475,2.006880733944954,,,,,0.6541110120237328,3871064
ldpc,N96_M48,tau_pSA,search,691,343,,,,2.4937565163631814,7.25170538427492,1.7406469506305962,fixed,0.700979715182301,0.0,0.16115822858075235,2.1580290667852573,11.550448559595146,linear,0.12031050938159002,0.19360599025679043,best_state,8205,8446,19200,0.03411458333333333,0.3458333333333334,0.325,0.014404166666666668,0.15986666666666668,2.368382991032687,2.1632610508757297,,,,,0.6560410440934317,5732029
ldpc,N96_M48,tau_pSA,search,201,344,,,,4.214379561148844,5.561966048459004,2.126611173896846,snr,0.6665843217954094,0.0,0.29686782901548553,0.9817148846813969,6.2597230490855,constant,1.1874996020067439,0.08892206919642545,last,11977,639,12800,0.035980902777777775,0.3458333333333334,0.27291666666666664,0.014404166666666668,0.15986666666666668,2.497951017259666,2.1632610508757297,,,,,0.6561021464569612,1851719
ldpc,N96_M48,tau_pSA,search,406,345,,,,4.281602942754605,10.99021928124376,1.641499990829667,fixed,0.7768319873156483,0.0,0.12630143977449598,2.2256083346802584,8.339681079415852,piecewise,0.3385741648886753,0.17633455613619564,majority,10637,825,12800,0.034375,0.37708333333333327,0.32083333333333336,0.014404166666666668,0.15986666666666668,2.386462250506219,2.3587364470391985,,,,,0.6564634614848183,3475114
ldpc,N96_M48,tau_pSA,search,359,346,,,,5.145439233085309,7.9247023252165905,3.9288227698174296,fixed,0.6862844886193457,0.0,0.21794650724939163,1.5823209821284285,5.846324713409077,constant,0.7866429399131093,0.15197315296240974,majority,10291,825,12800,0.03274739583333333,0.3666666666666667,0.32083333333333336,0.014404166666666668,0.15986666666666668,2.2734668787966443,2.293577981651376,,,,,0.6565017971845466,3102921
ldpc,N96_M48,tau_pSA,search,230,347,,,,4.758465498927832,6.090379996836312,2.4273976340204664,snr,0.6798625131700169,0.0,0.24007933476774052,1.319512184117854,5.689122049470141,constant,0.6198703727748803,0.0805545839503031,majority,11383,1180,12800,0.034375,0.39999999999999997,0.31875,0.014404166666666668,0.15986666666666668,2.386462250506219,2.50208507089241,,,,,0.6579773990116651,2081370
ldpc,N96_M48,tau_pSA,search,867,348,,,,5.315736948071246,6.512223752526355,4.540042804759744,fixed,0.5640794178462467,0.0,0.16966728505549145,0.16484526426197024,8.978195353608465,linear,0.08439817072109292,0.3282373453802059,best_state,6314,18324,25600,0.034505208333333336,0.36874999999999997,0.29791666666666666,0.014404166666666668,0.15986666666666668,2.395501880242985,2.30660967472894,,,,,0.6580761313269259,7125773
ldpc,N96_M48,tau_pSA,search,219,349,,,,4.005494963406454,6.874384493550624,1.744773429422405,snr,0.6559145840666911,0.0,0.30619695499985533,1.0504077807764558,6.290586399845829,constant,0.7503306492128314,0.08368245530414335,majority,11730,18,12800,0.03498263888888888,0.3520833333333333,0.28958333333333336,0.014404166666666668,0.15986666666666668,2.428647189277793,2.202356130108423,,,,,0.6606301466837834,1994261
ldpc,N96_M48,tau_pSA,search,233,350,,,,4.760724936301967,6.138222521619141,2.4894295559944153,snr,0.6839236309595774,0.0,0.2522804752407776,1.4362701084598233,5.615030599956725,constant,0.6478784427153383,0.08820057921157853,majority,11462,1095,12800,0.036111111111111115,0.3979166666666667,0.33958333333333335,0.014404166666666668,0.15986666666666668,2.5069906469964325,2.489053377814846,,,,,0.661652370311792,2105127
ldpc,N96_M48,tau_pSA,search,381,351,,,,3.9550055264245216,9.845904016760798,1.6139390679031387,fixed,0.7711726290560477,0.0,0.15190875694645214,2.7964919630934597,8.119495201968498,constant,0.4388941152836282,0.19922254792685334,majority,10237,875,12800,0.03435329861111111,0.39791666666666664,0.33125,0.014404166666666668,0.15986666666666668,2.3849556455500913,2.4890533778148454,,,,,0.6617863289385629,3277139
ldpc,N96_M48,tau_pSA,search,645,352,,,,5.143484318997247,11.996577856443603,1.6057083564384476,fixed,0.7147466006444563,0.0,0.15174787886849295,0.12490393564001605,0.8733326938654746,linear,0.15828464032241832,0.2794055782404906,best_state,7962,9139,19200,0.032552083333333336,0.3541666666666667,0.3333333333333333,0.014404166666666668,0.15986666666666668,2.2599074341914958,2.215387823185988,,,,,0.6622490064130268,5367755
ldpc,N96_M48,tau_pSA,search,164,353,,,,5.526824550239105,7.7097206524223605,1.3946345926140358,snr,0.6239001014535951,0.0,0.07126351148378757,0.9714028303838149,2.576022675115679,exponential,1.2784971153004097,0.10900297493690919,last,11631,792,12800,0.041341145833333336,0.3020833333333333,0.19791666666666666,0.014404166666666668,0.15986666666666668,2.8700824414231993,1.8895954962468722,,,,,0.6645439992145385,1558716
ldpc,N96_M48,tau_pSA,search,357,354,,,,5.2221421383759195,9.654104186270787,2.248035270186555,snr,0.7373223976211575,0.0,0.21535251543507677,1.3274177955623405,5.901673397473961,constant,0.8253376517159994,0.13767730538213152,majority,11292,1241,12800,0.03307291666666667,0.4041666666666666,0.3354166666666667,0.014404166666666668,0.15986666666666668,2.296065953138559,2.528148457047539,,,,,0.6663925626452505,3087083
ldpc,N96_M48,tau_pSA,search,329,355,,,,5.678325149898513,6.9470941483937425,2.628551512343276,snr,0.679743162313114,0.0,0.31709923863184764,0.8619348524145967,8.304966179036821,constant,1.4969101225204648,0.13985256677722036,majority,9480,74,9600,0.036154513888888885,0.375,0.3041666666666667,0.014404166666666668,0.15986666666666668,2.5100038569086873,2.3457047539616345,,,,,0.6669784421988393,2865351
ldpc,N96_M48,tau_pSA,search,452,356,,,,4.736644724610502,10.318941287046764,2.2908591657814905,fixed,0.7329046514787961,0.0,0.0723957032278314,2.0527289101092143,10.125927472481493,piecewise,0.4043780046220482,0.24306855202215422,majority,5547,387,12800,0.03986545138888889,0.3041666666666667,0.21458333333333335,0.014404166666666668,0.15986666666666668,2.7676333044065182,1.902627189324437,,,,,0.6678604216916681,3839388
ldpc,N96_M48,tau_pSA,search,704,357,,,,3.276895702593447,9.431304408061221,2.095006681282289,fixed,0.13970620719125149,0.0,0.10742113917601431,2.536607404907522,11.154436668444843,linear,0.19605497446796397,0.2434340836619588,best_state,8968,8169,19200,0.03344184027777778,0.3875,0.3729166666666666,0.014404166666666668,0.15986666666666668,2.32167823739273,2.423894912427022,,,,,0.6682763792876933,5834976
ldpc,N96_M48,tau_pSA,search,802,358,,,,4.975898813326282,7.342643938825781,2.4974997154568213,fixed,0.693916079328689,0.0,0.07014172573050145,2.458815612344373,11.231374811865424,linear,0.10907858424431258,0.34043137603550067,best_state,6980,8562,25600,0.040190972222222225,0.3020833333333333,0.17708333333333334,0.014404166666666668,0.15986666666666668,2.790232378748433,1.8895954962468722,,,,,0.6684092883663123,6611038
ldpc,N96_M48,tau_pSA,search,305,359,,,,4.669038347153769,6.26554039087452,2.474573319393771,snr,0.6610719142313507,0.0,0.2937273357139491,1.5291485867154502,6.905383334412832,linear,1.134006735153168,0.09727595596537382,majority,9952,915,12800,0.032248263888888885,0.38125000000000003,0.32916666666666666,0.014404166666666668,0.15986666666666668,2.238814964805708,2.3847998331943288,,,,,0.6687451053594041,2675295
ldpc,N96_M48,tau_pSA,search,499,360,,,,4.014249819838021,10.041619931638166,1.5463409813659172,fixed,0.718134453308976,0.0,0.16656424203844572,2.6680697790879995,11.575749750553067,piecewise,0.3122121670197425,0.253494802760914,majority,2823,326,12800,0.035177951388888885,0.3875,0.3333333333333333,0.014404166666666668,0.15986666666666668,2.4422066338829422,2.423894912427022,,,,,0.6734561636664137,4211581
ldpc,N96_M48,tau_pSA,search,660,361,,,,4.147190661528097,10.776766130208763,1.9720855550851297,fixed,0.7358501386280734,0.0,0.08110407732532432,2.9773385054963297,11.243693734645928,linear,0.1971309333904254,0.24125172101537232,best_state,9202,8108,19200,0.0400390625,0.31875000000000003,0.22083333333333335,0.014404166666666668,0.15986666666666668,2.7796861440555394,1.9938490408673895,,,,,0.673476858390526,5486540
ldpc,N96_M48,tau_pSA,search,335,362,,,,7.614860179047579,8.62118110983818,2.695149099135022,snr,0.6764951068923276,0.0,0.321103792505372,0.8862152986072358,7.3847066679280475,constant,0.8624791183893099,0.07607499847226531,majority,9496,86,9600,0.035481770833333336,0.3666666666666667,0.29375,0.014404166666666668,0.15986666666666668,2.46329910326873,2.293577981651376,,,,,0.677692852593133,2912865
ldpc,N96_M48,tau_pSA,search,199,363,,,,4.196784372570645,5.450910123848477,2.1745902676317397,snr,0.6698719509987715,0.0,0.2946987280590252,0.9674672591239789,6.092018989634132,constant,1.0973320183081663,0.1115145675666045,last,12003,632,12800,0.03849826388888889,0.33749999999999997,0.2770833333333333,0.014404166666666668,0.15986666666666668,2.6727171921704755,2.111134278565471,,,,,0.6781216256081088,1835881
ldpc,N96_M48,tau_pSA,search,178,364,,,,4.7793306980359676,5.259761459667195,2.9535060852731165,snr,0.6217991253708142,0.0,0.3212154693170828,1.844159047876935,5.752471007612391,constant,1.7094972839229157,0.06701157064407824,last,11996,554,12800,0.03917100694444444,0.35833333333333334,0.28125,0.014404166666666668,0.15986666666666668,2.7194219458104323,2.2414512093411174,,,,,0.6799355369489439,1669582
ldpc,N96_M48,tau_pSA,search,234,365,,,,4.709525564412522,6.013257283186045,2.3456115499960317,snr,0.678858515619284,0.0,0.2423163990777989,1.3384592000952518,5.744848679294565,constant,0.606658696098593,0.08431226325532541,majority,7242,1174,12800,0.03400607638888889,0.3854166666666667,0.3166666666666667,0.014404166666666668,0.15986666666666668,2.360849966252049,2.4108632193494577,,,,,0.6811559297463404,2113046
ldpc,N96_M48,tau_pSA,search,267,366,,,,6.115960610883796,7.666971089361922,2.6188497501633563,snr,0.7342275555122947,0.0,0.23783115035420657,1.2830433202309153,7.1435482759783895,constant,0.777221475487174,0.03177141670805322,majority,11453,1187,12800,0.03517795138888889,0.39375000000000004,0.3416666666666666,0.014404166666666668,0.15986666666666668,2.442206633882943,2.4629899916597164,,,,,0.6820886996458717,2374373
ldpc,N96_M48,tau_pSA,search,285,367,,,,5.092489179095028,6.137064415675706,2.6241509192834624,snr,0.6882851760590084,0.0,0.2916634831408716,1.4683221471226782,6.409401230088319,constant,1.0525402649876412,0.08932054929157332,majority,11850,936,12800,0.033224826388888885,0.3854166666666667,0.32708333333333334,0.014404166666666668,0.15986666666666668,2.3066121878314525,2.4108632193494577,,,,,0.6839763226675217,2516915
ldpc,N96_M48,tau_pSA,search,368,368,,,,4.209122378868953,7.996829481957899,1.7497693344335203,fixed,0.7730388010609848,0.0,0.17384056263459405,1.9439951725193694,7.6257778058747565,constant,0.8939758920298323,0.18144663809689943,majority,11530,779,12800,0.035655381944444446,0.3958333333333333,0.32708333333333334,0.014404166666666668,0.15986666666666668,2.4753519429177513,2.4760216847372805,,,,,0.6847086813420411,3174192
ldpc,N96_M48,tau_pSA,search,203,369,,,,4.259902537436431,5.564793691657269,2.170217405480162,snr,0.6595796025916882,0.0,0.28073751499443245,0.9695508488819181,6.346523136850242,constant,1.211703432627173,0.09785426453017294,last,11970,626,12800,0.03721788194444444,0.32708333333333334,0.27499999999999997,0.014404166666666668,0.15986666666666668,2.583827499758943,2.0459758131776478,,,,,0.6848316233355005,1867557
ldpc,N96_M48,tau_pSA,search,283,370,,,,4.9442208462382675,5.945187594901744,2.5760851074934648,snr,0.6910915193708497,0.0,0.28718099813066744,1.1399194030142146,7.671055338078873,constant,1.0160981764148334,0.05854779124639306,majority,10698,943,12800,0.03519965277777778,0.3687500000000001,0.3,0.014404166666666668,0.15986666666666668,2.4437132388390705,2.306609674728941,,,,,0.6870788226043683,2501077
ldpc,N96_M48,tau_pSA,search,430,371,,,,3.8896479466186125,7.815285374929423,2.1038739838663276,fixed,0.7640893287883043,0.0,0.06321693627477555,1.6969558959129512,9.300420824427023,piecewise,0.34097481368659754,0.19560979851243024,majority,11059,779,12800,0.041623263888888894,0.3,0.18333333333333335,0.014404166666666668,0.15986666666666668,2.889668305852859,1.8765638031693075,,,,,0.6875503415517896,3665170
ldpc,N96_M48,tau_pSA,search,280,372,,,,5.047873424541195,5.823413492653297,2.6254868080396077,snr,0.6942151749376755,0.0,0.28955672443770936,1.4548423945323237,6.421441860386379,constant,1.035203498145779,0.08695318556858403,majority,11829,957,12800,0.03441840277777778,0.3770833333333334,0.3229166666666667,0.014404166666666668,0.15986666666666668,2.3894754604184745,2.3587364470391994,,,,,0.6913992873934122,2477320
ldpc,N96_M48,tau_pSA,search,714,373,,,,3.8797531086227637,10.76976450586757,1.5240235816759193,fixed,0.7413667654751286,0.0,0.154601729246017,2.9988632560987343,10.690801152808067,linear,0.16512728873469948,0.26322162265658205,best_state,7820,10148,19200,0.037999131944444445,0.3875,0.3125,0.014404166666666668,0.15986666666666668,2.638065278179539,2.423894912427022,,,,,0.6933716983887077,5914166
ldpc,N96_M48,tau_pSA,search,332,374,,,,7.824983461769364,8.490250201087564,2.6819576892277164,snr,0.7505085856437526,0.0,0.3157338453090685,0.8742993194999215,7.472452579436321,constant,1.47482279926444,0.07604196072911258,majority,9468,94,9600,0.03784722222222222,0.34791666666666665,0.2916666666666667,0.014404166666666668,0.15986666666666668,2.627519043486645,2.176292743953294,,,,,0.6951538406228521,2889108
ldpc,N96_M48,tau_pSA,search,341,375,,,,6.97057522132751,7.031569380949354,3.1967035510068373,snr,0.7741762470665184,0.0,0.2815951509992678,1.2242621596533387,6.547423178910378,constant,1.0321340636081662,0.10776008822076243,majority,12450,348,12800,0.04008246527777778,0.3666666666666667,0.2708333333333333,0.014404166666666668,0.15986666666666668,2.7826993539677947,2.293577981651376,,,,,0.6957838617772009,2960379
ldpc,N96_M48,tau_pSA,search,498,376,,,,4.219488355159876,10.028570697520735,1.549508536944614,fixed,0.7694484770669291,0.0,0.16535143103716055,2.5902390728211615,11.432133983314118,piecewise,0.28061851704365537,0.27585701091823356,majority,8591,2072,12800,0.03504774305555555,0.3979166666666667,0.33749999999999997,0.014404166666666668,0.15986666666666668,2.4331670041461764,2.489053377814846,,,,,0.6964464597846318,4203662
ldpc,N96_M48,tau_pSA,search,370,377,,,,4.263988287378196,7.7406151045688505,1.7615295317873854,fixed,0.7646764865215774,0.0,0.24053720199299616,2.013215503732947,7.653966332668117,constant,0.38887219941708984,0.17435928355372404,majority,10519,795,12800,0.035720486111111116,0.40833333333333327,0.34375,0.014404166666666668,0.15986666666666668,2.4798717577861344,2.554211843202668,,,,,0.6981032682437435,3190030
ldpc,N96_M48,tau_pSA,search,260,378,,,,5.930819605172976,6.654165264907311,2.8157449145493754,snr,0.6714400248287774,0.0,0.25535374107123654,1.301802327797928,5.641631670636695,constant,1.493824336358159,0.06902577650681756,majority,11142,1072,12800,0.036154513888888885,0.3833333333333333,0.3229166666666667,0.014404166666666668,0.15986666666666668,2.5100038569086873,2.3978315262718928,,,,,0.7009779453834802,2318940
ldpc,N96_M48,tau_pSA,search,281,379,,,,5.078485530532165,5.940201474300787,2.5091799940443513,snr,0.6916382123928876,0.0,0.2891917169043862,1.1443922774773054,6.450050989943623,constant,1.0274489991123814,0.08821259371818496,majority,12038,658,12800,0.037022569444444445,0.37916666666666665,0.31249999999999994,0.014404166666666668,0.15986666666666668,2.570268055153794,2.3717681401167634,,,,,0.7013583207226346,2485239
ldpc,N96_M48,tau_pSA,search,150,380,,,,3.1853089747418415,5.161804199076206,2.3355859707378634,snr,0.2352192133717953,0.0,0.28534142704355464,1.3260943124805809,3.952641678650756,piecewise,0.7940016500201975,0.1043275429594127,last,12679,7759,25600,0.03797743055555556,0.37291666666666673,0.30833333333333335,0.014404166666666668,0.15986666666666668,2.6365586732234116,2.33267306088407,,,,,0.7014229032778647,1447850
ldpc,N96_M48,tau_pSA,search,227,381,,,,3.9356246690025274,6.934030993098576,2.4954881870472554,snr,0.6880532642961593,0.0,0.29707794992675524,1.3879312804007085,6.166339732177346,constant,1.047028206331544,0.172870272209954,majority,11517,1101,12800,0.03519965277777778,0.4104166666666667,0.34375,0.014404166666666668,0.15986666666666668,2.4437132388390705,2.5672435362802335,,,,,0.7050005920252572,2057613
ldpc,N96_M48,tau_pSA,search,169,382,,,,4.697185919991685,5.252543940343486,1.8840075595644044,snr,0.6461159826269165,0.0,0.09753287910743888,0.9405960827190628,3.6474617839081986,constant,1.6337670916534572,0.38344608279911374,last,11030,968,12800,0.046875,0.29791666666666666,0.2020833333333333,0.014404166666666668,0.15986666666666668,3.2542667052357532,1.8635321100917428,,,,,0.7079797816647256,1598311
ldpc,N96_M48,tau_pSA,search,356,383,,,,6.065242522533504,9.758343360138266,2.2864564388119084,snr,0.7387549877387967,0.0,0.22010320430841704,1.3453050219132252,8.144118560829195,constant,0.8764575556963744,0.1368030960271969,majority,11331,1243,12800,0.03543836805555555,0.39166666666666666,0.3458333333333334,0.014404166666666668,0.15986666666666668,2.4602858933564744,2.4499582985821515,,,,,0.7086930780854951,3079164
ldpc,N96_M48,tau_pSA,search,171,384,,,,4.607534452657355,6.009303229434369,1.8942083862435615,snr,0.6499036457853757,0.0,0.32111611211391644,1.746519496841996,2.713189163826616,constant,1.2240559758122245,0.07011767022792073,last,11978,563,12800,0.038064236111111115,0.3625,0.3145833333333334,0.014404166666666668,0.15986666666666668,2.642585093047922,2.2675145954962463,,,,,0.7104185415547029,1614149
ldpc,N96_M48,tau_pSA,search,293,385,,,,5.38161888274743,6.020122804491322,2.944590353705534,snr,0.7552162902848566,0.0,0.2667845662273618,1.1341506566321293,7.49631284226037,constant,0.9534549463586509,0.12671405307035738,majority,10768,712,12800,0.03704427083333333,0.38125000000000003,0.3,0.014404166666666668,0.15986666666666668,2.5717746601099214,2.3847998331943288,,,,,0.7112200119453674,2580267
ldpc,N96_M48,tau_pSA,search,647,386,,,,5.118806337326559,11.725438723710342,1.660940297138299,fixed,0.7158726409610525,0.0,0.17431959828485827,2.4255130142045127,10.008279084968175,linear,0.21984500394428025,0.2782456550745657,best_state,7801,8957,19200,0.03734809027777778,0.39166666666666666,0.33125000000000004,0.014404166666666668,0.15986666666666668,2.5928671294957093,2.4499582985821515,,,,,0.7134077160916331,5383593
ldpc,N96_M48,tau_pSA,search,39,387,,,,4.321229361981822,6.4994954357355805,1.7720375440574159,snr,0.336970430768815,0.0,0.477215867444485,0.7290986418524656,5.2526903827811005,exponential,1.3687998421645233,0.5849574441998476,best_state,4023,4062,12800,0.03739149305555555,0.4041666666666666,0.3604166666666666,0.014404166666666668,0.15986666666666668,2.595880339407964,2.528148457047539,,,,,0.7149880157501584,568841
ldpc,N96_M48,tau_pSA,search,130,388,,,,5.626356850253515,6.530376713381012,1.635952268380588,snr,0.32881057428844884,0.0,0.33752237444268096,1.0695184915750227,5.062100026167703,exponential,1.5408235659698934,0.5997173854746559,last,17379,3246,25600,0.04340277777777778,0.375,0.30625,0.014404166666666668,0.15986666666666668,3.0132099122553275,2.3457047539616345,,,,,0.719734117142981,1289470
ldpc,N96_M48,tau_pSA,search,225,389,,,,3.9554338245912146,6.924054624517636,2.4589101545033425,snr,0.6830751019874649,0.0,0.3083107161115698,1.048860420913462,7.374247143379324,constant,0.6593202995130065,0.1710565072962636,majority,11704,32,12800,0.03608940972222222,0.4083333333333334,0.35208333333333336,0.014404166666666668,0.15986666666666668,2.5054840420403046,2.554211843202669,,,,,0.7199052575029152,2041775
ldpc,N96_M48,tau_pSA,search,232,390,,,,4.732693493415375,5.889853094426766,2.5555751757511227,snr,0.686238804930616,0.0,0.23429020175412535,1.3908032540399844,7.371827157370879,constant,1.148753663992571,0.08022452064844757,majority,7219,176,12800,0.03721788194444444,0.38958333333333334,0.32708333333333334,0.014404166666666668,0.15986666666666668,2.583827499758943,2.436926605504587,,,,,0.7210608078970939,2097208
ldpc,N96_M48,tau_pSA,search,42,391,,,,4.115749077464215,6.675068646524701,1.9555682185100243,snr,0.3458890323703415,0.0,0.4814856870451225,0.828711505697272,5.177610170988765,exponential,5.646535680276863,0.5777546869672204,best_state,4178,4149,12800,0.0390625,0.4270833333333333,0.39375,0.014404166666666668,0.15986666666666668,2.7118889210297943,2.67149708090075,,,,,0.7276951147328091,592598
ldpc,N96_M48,tau_pSA,search,716,392,,,,3.7923393774590557,10.4839876828434,1.395867306393657,fixed,0.7411795294813386,0.0,0.1003887363045973,2.9977415511125645,10.741243052034307,cosine,0.16461333806325582,0.2659612723969481,best_state,8502,9850,19200,0.03854166666666667,0.39375,0.32708333333333334,0.014404166666666668,0.15986666666666668,2.675730402082731,2.462989991659716,,,,,0.7343995438860706,5930004
ldpc,N96_M48,tau_pSA,search,447,393,,,,4.693457677800613,10.36192920250026,1.9397191888253156,fixed,0.729996600721663,0.0,0.07157039775787759,2.0714070102129436,11.562508764287161,piecewise,0.42304019567159024,0.29077916389742187,majority,8568,976,12800,0.044097222222222225,0.32291666666666663,0.20000000000000004,0.014404166666666668,0.15986666666666668,3.0614212708514126,2.0199124270225184,,,,,0.7353719806975211,3799793
ldpc,N96_M48,tau_pSA,search,355,394,,,,5.1883810109152755,5.785863482948469,2.2589205293653434,fixed,0.7410336126602816,0.0,0.37627856560740264,1.3333257114952213,8.098900915123451,constant,0.837190869742877,0.1405243932979303,majority,10399,844,12800,0.0376953125,0.4312500000000001,0.35000000000000003,0.014404166666666668,0.15986666666666668,2.6169728087937516,2.69756046705588,,,,,0.7415134811327656,3071245
ldpc,N96_M48,tau_pSA,search,211,395,,,,3.5109938080810843,4.020569726384597,1.8523132912931928,snr,0.5861842737175201,0.0,0.2809039622840713,1.2183030225569134,6.558507397459724,constant,0.8562045346402868,0.12487295878954371,last,12313,313,12800,0.04644097222222222,0.32916666666666666,0.25625000000000003,0.014404166666666668,0.15986666666666668,3.2241346061132,2.0590075062552122,,,,,0.7439856024986932,1930909
ldpc,N96_M48,tau_pSA,search,154,396,,,,7.973591628751228,9.003133564077022,1.8265014883907482,snr,0.24044106916198882,0.0,0.15799792045631122,1.3155963180912817,5.72491634817023,exponential,1.82532055820512,0.042966274297464684,last,15904,2862,19200,0.04097222222222222,0.3666666666666667,0.3020833333333333,0.014404166666666668,0.15986666666666668,2.8444701571690287,2.293577981651376,,,,,0.7440352099047597,1479526
ldpc,N96_M48,tau_pSA,search,64,397,,,,4.757332365765473,5.762095032622156,2.3700233793796484,snr,0.3534299669347834,0.0,0.5388971237035866,1.1541976433322094,5.4648410350880985,cosine,0.944351930752949,0.650903927657174,best_state,11605,2147,25600,0.04027777777777778,0.42083333333333334,0.3854166666666667,0.014404166666666668,0.15986666666666668,2.7962587985729437,2.6324020016680563,,,,,0.7451954517231623,766816
ldpc,N96_M48,tau_pSA,search,255,398,,,,4.423488130837714,6.694856138990853,2.7973264872944132,snr,0.7520621517129167,0.0,0.25397920842133637,1.4746488817497017,5.581385866141293,constant,1.2840941178900265,0.07274660653595807,majority,11197,1062,12800,0.03665364583333333,0.4291666666666667,0.375,0.014404166666666668,0.15986666666666668,2.544655770899624,2.684528773978315,,,,,0.7456078978924252,2279345
ldpc,N96_M48,tau_pSA,search,304,399,,,,4.683431938305976,6.305256192114101,2.408146021700128,snr,0.6607321239469239,0.0,0.29206807231012144,1.412598320188726,6.077075961464695,linear,1.1342626399649194,0.09471309889912967,majority,11751,997,12800,0.03628472222222222,0.42083333333333334,0.3729166666666666,0.014404166666666668,0.15986666666666668,2.519043486645453,2.6324020016680563,,,,,0.7477006311340013,2667376
ldpc,N96_M48,tau_pSA,search,256,400,,,,4.485708804599295,6.742720624325059,2.7423083547269846,snr,0.6705286639108349,0.0,0.2593397781563371,1.4782165940467769,5.546311930282997,constant,1.43400015364747,0.2939043102934551,majority,11218,1056,12800,0.03693576388888889,0.4291666666666667,0.38125000000000003,0.014404166666666668,0.15986666666666668,2.5642416353292834,2.684528773978315,,,,,0.7479879080794295,2287264
ldpc,N96_M48,tau_pSA,search,240,401,,,,4.728363488520403,5.935054537018105,2.5154224744683544,snr,0.6757756726094477,0.0,0.24663141789293003,1.4120990162016862,5.806645163353291,constant,0.6019901196015027,0.08296865026909035,majority,11368,1083,12800,0.037586805555555554,0.4166666666666667,0.3583333333333334,0.014404166666666668,0.15986666666666668,2.609439784013113,2.6063386155129273,,,,,0.7521953755347144,2160560
ldpc,N96_M48,tau_pSA,search,326,402,,,,7.387005666318965,8.349204463899406,3.691118289307464,snr,0.7546673340684744,0.0,0.3206592290449293,0.836099673809416,7.17675893238593,constant,0.5496691294911864,0.13876357326695482,majority,11303,763,12800,0.039713541666666664,0.40416666666666673,0.3354166666666667,0.014404166666666668,0.15986666666666668,2.757087069713624,2.5281484570475397,,,,,0.7535880231282631,2841594
ldpc,N96_M48,tau_pSA,search,312,403,,,,4.676934730918408,6.163103487465089,2.461148405332867,snr,0.6548355891079057,0.0,0.30055653187157877,1.411465025831753,6.771592651744477,constant,1.128137945652959,0.094602182020933,majority,10044,955,12800,0.03817274305555555,0.42500000000000004,0.36041666666666666,0.014404166666666668,0.15986666666666668,2.6501181178285598,2.658465387823186,,,,,0.7561478173613468,2730728
ldpc,N96_M48,tau_pSA,search,383,404,,,,3.8774770761852633,9.624394332106467,1.9281273915747583,fixed,0.7984402422967662,0.0,0.11780146753891216,2.1282272105791726,8.532509005451983,constant,0.7886828230185257,0.19978123660779606,majority,10180,872,12800,0.03732638888888889,0.4708333333333334,0.39999999999999997,0.014404166666666668,0.15986666666666668,2.5913605245395814,2.945162635529608,,,,,0.7566985234301078,3292977
ldpc,N96_M48,tau_pSA,search,91,405,,,,3.562588724094178,7.546342576676429,2.7686221778275253,snr,0.40639951862083445,0.0,0.38602591338129066,0.9645190340412647,4.31535494590992,exponential,0.079400286627436,0.6125161877575599,best_state,17911,4551,25600,0.03838975694444444,0.4375,0.3729166666666666,0.014404166666666668,0.15986666666666668,2.6651841673898367,2.7366555462885733,,,,,0.7591958646144086,980629
ldpc,N96_M48,tau_pSA,search,206,406,,,,3.6101682234761174,4.077260175396737,1.9650355303543838,snr,0.6973605622333188,0.0,0.2697249335479796,1.1860912190659598,6.391718408051913,constant,0.9349788517124785,0.13745734353829833,last,12232,36,12800,0.04858940972222222,0.3458333333333334,0.2729166666666667,0.014404166666666668,0.15986666666666668,3.3732884967698387,2.1632610508757297,,,,,0.7628627172541507,1891314
ldpc,N96_M48,tau_pSA,search,380,407,,,,3.7431954662910205,9.37348999100818,1.5459945022072266,fixed,0.7992752319581662,0.0,0.150476869471407,2.677101680617978,8.101880265033985,constant,0.7444417981961735,0.20287725375855978,majority,10429,869,12800,0.03825954861111111,0.4604166666666667,0.39166666666666666,0.014404166666666668,0.15986666666666668,2.656144537653071,2.8800041701417847,,,,,0.7634826837587354,3269220
ldpc,N96_M48,tau_pSA,search,343,408,,,,5.925342477163465,6.886286186466989,3.1853851557357133,snr,0.7163479384469845,0.0,0.2828318591182994,1.7629413962737757,6.491735593412027,constant,1.0211265410158958,0.10743107798921374,majority,11997,798,12800,0.03910590277777778,0.39999999999999997,0.3645833333333333,0.014404166666666668,0.15986666666666668,2.7149021309420496,2.50208507089241,,,,,0.7638909129531098,2976217
ldpc,N96_M48,tau_pSA,search,141,409,,,,3.8289093065531326,7.827623224286388,1.2798093456467805,snr,0.2871362073826997,0.0,0.27997862391433664,0.8410292756240726,3.898443731731742,exponential,1.0768435748411431,0.03789865762853478,last,14693,1647,25600,0.04615885416666667,0.3520833333333333,0.3020833333333333,0.014404166666666668,0.15986666666666668,3.2045487416835408,2.202356130108423,,,,,0.767036824175038,1376579
ldpc,N96_M48,tau_pSA,search,235,410,,,,4.7668843322885195,6.042793943308903,2.429550035945895,snr,0.7997992925045081,0.0,0.33655227841007096,1.3187880472137128,5.702195635345403,constant,1.1277511047284678,0.08164320299994451,majority,7097,1259,12800,0.03875868055555556,0.4166666666666667,0.375,0.014404166666666668,0.15986666666666668,2.6907964516440073,2.6063386155129273,,,,,0.7673798762238815,2120965
ldpc,N96_M48,tau_pSA,search,163,411,,,,5.785892323412113,6.452215456626823,2.383129161532803,snr,0.21135214207453354,0.0,0.3335508533556569,0.9772215282623895,4.286865801815328,exponential,1.349210950019462,0.09778085673017874,last,11324,869,12800,0.04114583333333333,0.38958333333333334,0.3541666666666667,0.014404166666666668,0.15986666666666668,2.8565229968180503,2.436926605504587,,,,,0.7694235515207831,1550797
ldpc,N96_M48,tau_pSA,search,229,412,,,,4.741167589554834,6.856507091618997,2.4545388485953015,snr,0.6783250259969109,0.0,0.339117951764944,1.3603445669528265,7.457561911017971,constant,1.132880994854644,0.08603117482297809,majority,11329,1205,12800,0.037434895833333336,0.4395833333333334,0.3666666666666667,0.014404166666666668,0.15986666666666668,2.59889354932022,2.7496872393661382,,,,,0.7696502068418992,2073451
ldpc,N96_M48,tau_pSA,search,342,413,,,,5.7507793742842095,7.132421591677629,3.216813107426959,snr,0.7151130451845122,0.0,0.28355649258695775,1.2255045399344868,6.369242821563198,constant,0.8666658942221084,0.10364677693575085,majority,12116,653,12800,0.037109375,0.42500000000000004,0.37916666666666665,0.014404166666666668,0.15986666666666668,2.5762944749783045,2.658465387823186,,,,,0.7697211220730195,2968298
ldpc,N96_M48,tau_pSA,search,257,414,,,,4.363182209865132,6.56311058279288,2.934162254587674,snr,0.6711730215159701,0.0,0.25393186709666105,1.9795589371607172,5.556211078687652,constant,1.4823430641045627,0.07312337872917718,majority,11136,1060,12800,0.03708767361111111,0.4354166666666666,0.39166666666666666,0.014404166666666668,0.15986666666666668,2.5747878700221767,2.7236238532110084,,,,,0.7700169070379475,2295183
ldpc,N96_M48,tau_pSA,search,429,415,,,,3.9324019522873703,7.916869150806082,2.1114744369973573,fixed,0.7618923307251179,0.0,0.06339550850024218,1.7876450588074673,9.554680166080773,piecewise,0.3229395782516343,0.190130083955189,majority,9754,911,12800,0.05010850694444444,0.32708333333333334,0.1979166666666667,0.014404166666666668,0.15986666666666668,3.478750843698775,2.0459758131776478,,,,,0.7729738471957581,3657251
ldpc,N96_M48,tau_pSA,search,346,416,,,,5.760961986280435,6.930426440837796,3.1763961577708186,snr,0.7235801078058742,0.0,0.34933274326155195,1.7346281860681025,6.532458613970924,constant,1.0444092801871747,0.10850721826379184,majority,11997,651,12800,0.037109375,0.43333333333333335,0.3875,0.014404166666666668,0.15986666666666668,2.5762944749783045,2.7105921601334444,,,,,0.7760712502129882,2999974
ldpc,N96_M48,tau_pSA,search,489,417,,,,3.5417565179527775,8.284183014328685,2.1110500416657434,fixed,0.14371900891132122,0.0,0.11315151832645857,2.3307867505609674,10.849634647504084,piecewise,0.29805259795563005,0.22118489424232715,majority,10080,719,12800,0.039561631944444446,0.43333333333333335,0.3854166666666667,0.014404166666666668,0.15986666666666668,2.7465408350207308,2.7105921601334444,,,,,0.7787817535507697,4132391
ldpc,N96_M48,tau_pSA,search,634,418,,,,4.290074573615648,10.813635828757414,6.209251797115926,fixed,0.7438021237101926,0.0,0.0924654391101715,2.6754386500286023,11.443053185309758,linear,0.17422352473519742,0.2529897690089249,best_state,8592,8474,19200,0.04188368055555555,0.44375000000000003,0.39166666666666666,0.014404166666666668,0.15986666666666668,2.9077475653263907,2.7757506255212676,,,,,0.7833312895757787,5280646
ldpc,N96_M48,tau_pSA,search,243,419,,,,5.24686385830368,5.201496281943919,2.20289678194373,snr,0.7095794829985735,0.0,0.19440238757734182,1.6556430902447519,8.301554525163109,constant,0.4980028025114264,0.10371969116522604,majority,9874,1149,12800,0.04440104166666667,0.4166666666666667,0.28541666666666665,0.014404166666666668,0.15986666666666668,3.0825137402372,2.6063386155129273,,,,,0.78400744532797,2184317
ldpc,N96_M48,tau_pSA,search,259,420,,,,4.485152900147873,6.517791296590346,2.8980854526636013,snr,0.6692167588527275,0.0,0.25477582935907067,1.9420826715073383,5.506074467478337,constant,1.4545376951123583,0.07386033020637069,majority,11118,1060,12800,0.03825954861111111,0.46458333333333335,0.40625,0.014404166666666668,0.15986666666666668,2.656144537653071,2.906067556296914,,,,,0.7902560307242467,2311021
ldpc,N96_M48,tau_pSA,search,276,421,,,,6.089563491833437,7.505029509947123,3.362875574592094,snr,0.7346752416456654,0.0,0.2211596893317297,1.2885175699606308,7.105603232834562,constant,0.6766674241978539,0.039324030090767355,majority,11490,1177,12800,0.038693576388888894,0.4437499999999999,0.3979166666666667,0.014404166666666668,0.15986666666666668,2.6862766367756246,2.7757506255212667,,,,,0.7907178745511608,2445644
ldpc,N96_M48,tau_pSA,search,424,422,,,,3.7393059288868082,8.044515573116529,2.1020855697030987,fixed,0.7631638605440074,0.0,0.051977070955997,1.75427108149121,9.681732542597631,piecewise,0.3313403558313731,0.19099523492044237,majority,10229,900,12800,0.05164930555555555,0.3333333333333333,0.20625000000000002,0.014404166666666668,0.15986666666666668,3.585719795583839,2.0850708924103416,,,,,0.7937368382707854,3617656
ldpc,N96_M48,tau_pSA,search,177,423,,,,4.551676791933513,5.278507349499247,3.050979133690874,snr,0.7271427789307753,0.0,0.06564482952289738,0.6983456292438244,2.578481055268418,constant,1.690161860856557,0.0744521418661807,last,10985,973,12800,0.0482421875,0.35625,0.24791666666666665,0.014404166666666668,0.15986666666666668,3.349182817471796,2.228419516263553,,,,,0.7961261400745536,1661663
ldpc,N96_M48,tau_pSA,search,88,424,,,,5.17228331118486,7.975210202221312,2.5979828680359023,snr,0.41199322795275783,0.0,0.5699222956842188,0.9179324369762911,4.323096528880324,exponential,0.39321155772162864,0.8325397047503247,best_state,17852,4718,25600,0.03795572916666667,0.4541666666666666,0.4083333333333334,0.014404166666666668,0.15986666666666668,2.6350520682672838,2.8409090909090904,,,,,0.7966696032770809,956872
ldpc,N96_M48,tau_pSA,search,271,425,,,,6.0093079146182555,7.643530681800879,2.5551368780664974,snr,0.7301617583101379,0.0,0.22688659957775875,1.296610125735175,7.023468387800108,constant,0.6887666547969381,0.03700109827985047,majority,11365,1189,12800,0.041601562499999994,0.43541666666666673,0.38958333333333334,0.014404166666666668,0.15986666666666668,2.8881617008967306,2.7236238532110093,,,,,0.7971288631860701,2406049
ldpc,N96_M48,tau_pSA,search,328,426,,,,7.590146246575562,8.339703376855248,2.6661730500659346,snr,0.6806308877968379,0.0,0.32043071426420233,0.8918226191194059,7.275061403144358,constant,0.8524521822288338,0.07556230460067609,majority,9498,73,9600,0.04351128472222222,0.40833333333333327,0.3416666666666666,0.014404166666666668,0.15986666666666668,3.020742937035965,2.554211843202668,,,,,0.7977047781469279,2857432
ldpc,N96_M48,tau_pSA,search,502,427,,,,3.9283100245447504,10.409142367787203,1.5503498566053795,fixed,0.7677878902777482,0.0,0.16269643264567513,1.893042030646406,11.378833487585643,piecewise,0.6131286012026732,0.25998749063478155,majority,5093,389,12800,0.04025607638888889,0.45625,0.3729166666666666,0.014404166666666668,0.15986666666666668,2.794752193616816,2.8539407839866553,,,,,0.7991977576653089,4235338
ldpc,N96_M48,tau_pSA,search,513,428,,,,3.3781486222422945,7.413286689547359,1.8454643146214522,fixed,0.7417398391924823,0.0,0.05398747951715807,1.8797355979211934,9.777584423407351,piecewise,0.35116696201308173,0.19027923452459328,majority,10293,794,12800,0.04657118055555556,0.375,0.26666666666666666,0.014404166666666668,0.15986666666666668,3.233174235849966,2.3457047539616345,,,,,0.799826745830767,4322447
ldpc,N96_M48,tau_pSA,search,172,429,,,,4.464104686687201,4.979781271450047,3.0674029500246514,snr,0.640341985591989,0.0,0.2946870185826352,1.799361286227248,6.258815078411049,constant,1.691232806781084,0.07024814710211456,last,11113,642,12800,0.045138888888888895,0.40625,0.34791666666666665,0.014404166666666668,0.15986666666666668,3.133738308745541,2.541180150125104,,,,,0.8026341711984045,1622068
ldpc,N96_M48,tau_pSA,search,602,430,,,,4.7313271795867635,10.467261170841526,1.5326281154038395,fixed,0.7071278663163963,0.0,0.06292243975582229,2.9107410421821265,10.521609092892923,linear,0.09807988600952622,0.26988700087352085,majority,7288,7682,19200,0.04624565972222222,0.3833333333333333,0.26666666666666666,0.014404166666666668,0.15986666666666668,3.210575161508051,2.3978315262718928,,,,,0.8034060983137155,5027238
ldpc,N96_M48,tau_pSA,search,431,431,,,,3.8961387282535647,7.903919692713077,2.053483648753024,fixed,0.7374969932383824,0.0,0.05580742466011479,1.7839041145744299,9.83469221933015,piecewise,0.9246788307467624,0.19017805839509055,majority,10110,927,12800,0.05279947916666666,0.3354166666666667,0.2041666666666667,0.014404166666666668,0.15986666666666668,3.665569858258605,2.0981025854879065,,,,,0.8044031339271074,3673089
ldpc,N96_M48,tau_pSA,search,331,432,,,,5.747511040894334,8.340477148025695,2.691324425605635,snr,0.750599361729268,0.0,0.2827752406056702,0.8693425974370969,7.244851268981919,constant,1.5165682021176283,0.14604753740887494,majority,11213,757,12800,0.03990885416666667,0.44583333333333336,0.3979166666666667,0.014404166666666668,0.15986666666666668,2.7706465143187735,2.788782318598832,,,,,0.8069209626563204,2881189
ldpc,N96_M48,tau_pSA,search,157,433,,,,5.597204150515575,7.511951782739819,2.3466246940669917,snr,0.3221024583023367,0.0,0.06785625666117312,1.493079179127187,4.268712369403044,exponential,1.2359149325030017,0.20648390079677395,last,11741,702,12800,0.04756944444444444,0.375,0.29375,0.014404166666666668,0.15986666666666668,3.3024780638318383,2.3457047539616345,,,,,0.8079668390803152,1503283
ldpc,N96_M48,tau_pSA,search,273,434,,,,5.917360233756608,7.583041432111453,3.4493486883467877,snr,0.7242991553252989,0.0,0.22125409881361696,1.290834192287607,7.144456611061724,constant,0.6950707397202162,0.04595763164452846,majority,11450,1022,12800,0.03990885416666667,0.4479166666666667,0.40208333333333335,0.014404166666666668,0.15986666666666668,2.7706465143187735,2.801814011676397,,,,,0.808296748159368,2421887
ldpc,N96_M48,tau_pSA,search,275,435,,,,6.024349936564244,7.353102563462094,3.3695727782613325,snr,0.7386833717115865,0.0,0.22717956702513076,1.26216783091234,1.5464145058241456,constant,0.8103009147171341,0.03364450575017579,majority,11529,1016,12800,0.04233940972222222,0.46458333333333335,0.40416666666666673,0.014404166666666668,0.15986666666666668,2.9393862694050714,2.906067556296914,,,,,0.8106379484783196,2437725
ldpc,N96_M48,tau_pSA,search,134,436,,,,3.7955967920998366,9.004599931687927,1.3538971537976174,snr,0.2691057629195968,0.0,0.01198433389493797,1.1008236521307075,4.402611146674924,exponential,3.1125798118565524,0.07260896304719922,last,13835,1646,25600,0.04878472222222222,0.3958333333333333,0.3416666666666666,0.014404166666666668,0.15986666666666668,3.3868479413749877,2.4760216847372805,,,,,0.8128183807393653,1321146
ldpc,N96_M48,tau_pSA,search,348,437,,,,5.595892064132315,6.879199112722711,3.2224440679257853,snr,0.7183870844295829,0.0,0.35286031703700604,1.2172739617772663,6.520873841997105,constant,1.0468914899769888,0.10256430069909882,majority,11921,660,12800,0.04142795138888889,0.4583333333333333,0.3979166666666667,0.014404166666666668,0.15986666666666668,2.87610886124771,2.8669724770642198,,,,,0.8139023588030821,3015812
ldpc,N96_M48,tau_pSA,search,956,438,,,,5.814312056137211,8.074876257912507,6.813109033019144,fixed,0.5571872332464151,0.0,0.1448727267598049,0.3181849826178573,8.844092004496687,cosine,0.05744722551983387,0.35662626294791755,best_state,7809,16811,25600,0.04171006944444444,0.44999999999999996,0.4083333333333334,0.014404166666666668,0.15986666666666668,2.895694725677369,2.814845704753961,,,,,0.816075894353436,7830564
ldpc,N96_M48,tau_pSA,search,41,439,,,,4.18803534729449,6.875948786945611,1.851142270210632,snr,0.331021622423343,0.0,0.47984034471744375,0.8295243932202736,4.918447120409952,exponential,1.2115656889912079,0.618205876399165,best_state,4210,4145,12800,0.043446180555555554,0.4458333333333333,0.4145833333333333,0.014404166666666668,0.15986666666666668,3.0162231221675824,2.788782318598832,,,,,0.8162785289335904,584679
ldpc,N96_M48,tau_pSA,search,347,440,,,,5.734999977433351,7.110089788625716,3.141345480046056,snr,0.7213411801338473,0.0,0.2802858689783362,1.2247808814895955,6.470664617729201,constant,1.0401945818541587,0.10389416284483044,majority,12549,198,12800,0.041796875000000004,0.44166666666666665,0.4000000000000001,0.014404166666666668,0.15986666666666668,2.9017211455018805,2.7627189324437027,,,,,0.8163293879001482,3007893
ldpc,N96_M48,tau_pSA,search,978,441,,,,6.811692073239124,6.847301465160762,2.5475678351096387,fixed,0.5594887170822808,0.0,0.13486767171127018,0.38928020279433545,7.4310261535225735,cosine,0.050968044781786744,0.38162987921507385,best_state,7994,16560,25600,0.05162760416666667,0.375,0.27708333333333335,0.014404166666666668,0.15986666666666668,3.5842131906277115,2.3457047539616345,,,,,0.8166491150397455,8004782
ldpc,N96_M48,tau_pSA,search,269,442,,,,5.9347667673847475,7.630150646829702,3.231906396205438,snr,0.7335312328739187,0.0,0.2279043727418955,1.2876179389102789,5.813978397442742,constant,0.6970927412971942,0.04007635016623116,majority,11483,1017,12800,0.041384548611111106,0.46041666666666664,0.41041666666666665,0.014404166666666668,0.15986666666666668,2.873095651335454,2.8800041701417842,,,,,0.8186047412250875,2390211
ldpc,N96_M48,tau_pSA,search,675,443,,,,2.7266572655559793,8.055471877883395,1.9310223602639696,fixed,0.7286936359981745,0.0,0.17801263052694888,2.478619345988479,10.789929280188478,linear,0.12812916369388258,0.25976726635929676,best_state,7658,5543,19200,0.04064670138888888,0.47708333333333336,0.44583333333333336,0.014404166666666668,0.15986666666666668,2.8218710828271134,2.9842577147623017,,,,,0.8209569051198118,5605325
ldpc,N96_M48,tau_pSA,search,274,444,,,,5.971697597367399,7.580027628457707,3.404863645255866,snr,0.7742125143665236,0.0,0.2269613852207637,1.2632421294756566,5.322599636828015,constant,0.6904320162192211,0.03586055094838736,majority,10761,1202,12800,0.04210069444444445,0.45,0.3916666666666666,0.014404166666666668,0.15986666666666668,2.9228136148876676,2.8148457047539615,,,,,0.8211710639659847,2429806
ldpc,N96_M48,tau_pSA,search,90,445,,,,5.204689148677509,8.064238522229825,2.68377851448017,snr,0.4192267423674358,0.0,0.5695079523223834,0.8939993235194789,4.151838760026546,exponential,6.923022420276686,0.61837545102049,best_state,15901,4621,25600,0.040863715277777775,0.46875,0.42083333333333334,0.014404166666666668,0.15986666666666668,2.8369371323883903,2.932130942452043,,,,,0.8234364292520642,972710
ldpc,N96_M48,tau_pSA,search,270,446,,,,5.960167058916958,7.386176273151822,3.368662065557287,snr,0.7652076208921744,0.0,0.22432702162039803,1.2535953376989697,7.086584779568723,constant,0.7993018648072567,0.03769674176350503,majority,9340,1008,12800,0.041970486111111115,0.4708333333333334,0.38958333333333334,0.014404166666666668,0.15986666666666668,2.9137739851509017,2.945162635529608,,,,,0.8247405624876916,2398130
ldpc,N96_M48,tau_pSA,search,174,447,,,,4.474986977534105,6.110571573058517,3.110101148176585,snr,0.6298770780024324,0.0,0.2972510291811861,0.6987525206394946,6.313664918036031,constant,0.05108775338079577,0.06564360601809385,last,11105,1023,12800,0.04457465277777778,0.41875,0.3645833333333333,0.014404166666666668,0.15986666666666668,3.094566579886221,2.619370308590492,,,,,0.8261249375388665,1637906
ldpc,N96_M48,tau_pSA,search,159,448,,,,5.5819103362261835,7.377345984810239,2.3720962947783404,snr,0.36444901295266297,0.0,0.3258777441617766,1.5586901598394438,5.255588520288473,exponential,5.0859879466989355,0.07551902653552556,last,11489,889,12800,0.04383680555555556,0.4270833333333333,0.3791666666666667,0.014404166666666668,0.15986666666666668,3.043342011377881,2.67149708090075,,,,,0.8262247540623973,1519121
ldpc,N96_M48,tau_pSA,search,95,449,,,,3.395832761568543,8.379882842888488,2.648564749742889,snr,0.409292572253515,0.0,0.3866525017327029,0.8743391806691315,4.1142313411413385,exponential,6.597806753439867,0.6096589550950271,best_state,16131,4587,25600,0.04014756944444444,0.4604166666666667,0.4395833333333334,0.014404166666666668,0.15986666666666668,2.7872191688361774,2.8800041701417847,,,,,0.8283742197485706,1012305
ldpc,N96_M48,tau_pSA,search,127,450,,,,5.487589786447877,6.645411167733789,1.2210644823668981,snr,0.3265129978020305,0.0,0.34753156259081164,1.0639909429604415,5.10061378683337,exponential,1.0972024507304425,0.18561148397485844,last,12205,6186,25600,0.05390625000000001,0.39999999999999997,0.35000000000000003,0.014404166666666668,0.15986666666666668,3.742406711021117,2.50208507089241,,,,,0.8284033462171962,1265713
ldpc,N96_M48,tau_pSA,search,207,451,,,,3.4685831111672325,6.585004694063237,1.9162435596830554,snr,0.5744358565645208,0.0,0.27402072492974283,1.1924947728394313,6.696560984955205,constant,0.9099113324369983,0.12373305504752188,last,12347,253,12800,0.045421006944444446,0.4458333333333333,0.40208333333333335,0.014404166666666668,0.15986666666666668,3.1533241731752,2.788782318598832,,,,,0.8290433537060207,1899233
ldpc,N96_M48,tau_pSA,search,725,452,,,,3.5549846324647443,8.390770450514886,1.870367893547566,fixed,0.722334085132778,0.0,0.1479300450838522,0.1680013998835318,0.4586925308222432,linear,0.21370624768976657,0.22871568173222662,best_state,8808,7828,19200,0.03967013888888889,0.5,0.4770833333333333,0.014404166666666668,0.15986666666666668,2.7540738598013688,3.1276063386155126,,,,,0.831413330834541,6001275
ldpc,N96_M48,tau_pSA,search,241,453,,,,5.35046363132231,5.273689017198538,2.1870291156672526,snr,0.7058118263164833,0.0,0.19694987020154658,1.5110158652169072,5.92339349373325,constant,0.5254404879450602,0.10802251137459135,majority,10842,1150,12800,0.047873263888888885,0.43124999999999997,0.3229166666666667,0.014404166666666668,0.15986666666666668,3.3235705332176257,2.6975604670558795,,,,,0.833363954824184,2168479
ldpc,N96_M48,tau_pSA,search,123,454,,,,5.586760379758714,7.000987694431033,1.168428491682389,llr,0.32932362017496675,0.0,0.47023480630535547,0.5388709939172694,9.211118084931288,exponential,2.9136491262639153,0.25378639446355866,last,12295,2660,25600,0.0459201388888889,0.43333333333333335,0.39166666666666666,0.014404166666666668,0.15986666666666668,3.187976087166137,2.7105921601334444,,,,,0.8362692397946304,1234037
ldpc,N96_M48,tau_pSA,search,47,455,,,,4.144395737465511,7.233487079220435,2.0097549918928017,snr,0.3424292322502692,0.0,0.5035609927838076,0.9010007027756511,5.423819402756294,exponential,5.428091160705253,0.6050113844306482,best_state,6596,3789,12800,0.040364583333333336,0.4770833333333333,0.43958333333333327,0.014404166666666668,0.15986666666666668,2.8022852183974543,2.9842577147623013,,,,,0.838372283781473,632193
ldpc,N96_M48,tau_pSA,search,262,456,,,,4.3741001759117575,6.6074487041496095,2.887040863629152,snr,0.7397198839896736,0.0,0.25388571698935547,1.4553843138457931,5.550593666242601,constant,1.2635863699961285,0.07565761473559267,majority,11945,580,12800,0.04244791666666666,0.4708333333333334,0.42083333333333334,0.014404166666666668,0.15986666666666668,2.9469192941857094,2.945162635529608,,,,,0.8389851392462289,2334778
ldpc,N96_M48,tau_pSA,search,339,457,,,,5.867145175960518,7.026332907866628,3.2547941161881013,snr,0.7715937741973026,0.0,0.28460976418857975,1.736666085163075,6.4750396100406675,constant,1.0114223686246924,0.010525963648530853,majority,12467,331,12800,0.0439670138888889,0.4749999999999999,0.43124999999999997,0.014404166666666668,0.15986666666666668,3.052381641114647,2.9712260216847364,,,,,0.8392364615918275,2944541
ldpc,N96_M48,tau_pSA,search,374,458,,,,3.6758991677283395,9.561815896451263,1.9448505376294662,fixed,0.7851719297764937,0.0,0.14839401352869347,2.7235212920356915,8.121926808459293,constant,0.2689491238670237,0.2072347750999856,majority,10002,1580,19200,0.04123263888888889,0.4979166666666666,0.46249999999999997,0.014404166666666668,0.15986666666666668,2.862549416642561,3.1145746455379477,,,,,0.8424689280762995,3221706
ldpc,N96_M48,tau_pSA,search,65,459,,,,4.172919312745796,8.69618330036755,2.3606380568237713,snr,0.3126242542434052,0.0,0.5338779275668545,1.2411731748712436,5.525054974122233,cosine,0.5884023875870265,0.7695817264213096,best_state,14523,1904,25600,0.04114583333333333,0.48125,0.4270833333333333,0.014404166666666668,0.15986666666666668,2.8565229968180503,3.010321100917431,,,,,0.8467997889145256,774735
ldpc,N96_M48,tau_pSA,search,85,460,,,,3.5072368003596215,7.825712101888477,2.679008498941999,snr,0.4108356593962524,0.0,0.3979324663246617,0.9251584145992405,4.169521918876776,exponential,6.754915025266415,0.6201272851405486,best_state,16512,4665,25600,0.04440104166666666,0.4916666666666667,0.4458333333333333,0.014404166666666668,0.15986666666666668,3.082513740237199,3.0754795663052543,,,,,0.8472161440721249,933115
ldpc,N96_M48,tau_pSA,search,160,461,,,,5.6498574254245515,7.505106589517318,2.4314549163183705,snr,0.36642917890075155,0.0,0.34206095240623496,1.5547854547133952,4.305216447433925,exponential,1.37939643147935,0.106167270170794,last,11432,868,12800,0.04383680555555555,0.46249999999999997,0.40625,0.014404166666666668,0.15986666666666668,3.0433420113778804,2.893035863219349,,,,,0.8473336782546966,1527040
ldpc,N96_M48,tau_pSA,search,690,462,,,,2.4107899355561297,7.134997464606321,1.7295891142846518,fixed,0.7029887388923004,0.0,0.11838879166906595,0.09673732767396404,11.914551383391775,linear,0.15770591586639243,0.1980013613390079,best_state,7084,10704,19200,0.042469618055555554,0.4833333333333334,0.46249999999999997,0.014404166666666668,0.15986666666666668,2.9484258991418377,3.023352793994996,,,,,0.8473953398350345,5724110
ldpc,N96_M48,tau_pSA,search,209,463,,,,3.5011448773087346,6.274572690769949,1.9166093001538764,fixed,0.7042712412394435,0.0,0.279665110168839,1.204130039847278,6.567574970871657,constant,0.853933833254648,0.11728066785732866,last,12372,315,12800,0.05091145833333333,0.3958333333333333,0.33749999999999997,0.014404166666666668,0.15986666666666668,3.5344952270754986,2.4760216847372805,,,,,0.8479367133335545,1915071
ldpc,N96_M48,tau_pSA,search,133,464,,,,3.9339551325217874,8.216587422318895,1.2860235649584757,snr,0.26538075679858186,0.0,0.3635831993350124,0.8650864656148112,4.446408522293109,exponential,3.059845650996489,0.1566332062093352,last,15028,3223,25600,0.052126736111111106,0.42083333333333334,0.36874999999999997,0.014404166666666668,0.15986666666666668,3.6188651046186475,2.6324020016680563,,,,,0.8491413690563465,1313227
ldpc,N96_M48,tau_pSA,search,340,465,,,,7.158808244455797,7.144774940350912,3.138192385087873,snr,0.719009735535576,0.0,0.28446047390314577,1.7544588104667476,6.458454796919804,constant,1.0417594717316854,0.09702515920203558,majority,12018,661,12800,0.048502604166666664,0.45,0.35624999999999996,0.014404166666666668,0.15986666666666668,3.367262076945328,2.8148457047539615,,,,,0.8531198673247382,2952460
ldpc,N96_M48,tau_pSA,search,422,466,,,,3.7495256683762586,7.737063913873637,2.014467776373236,fixed,0.7599769320468922,0.0,0.05024020245550286,1.7310296298725707,10.339820089538584,piecewise,0.9174215298509463,0.1982554923225017,majority,10166,860,12800,0.06030815972222222,0.3520833333333333,0.2125,0.014404166666666668,0.15986666666666668,4.186855173078777,2.202356130108423,,,,,0.8567604058578803,3601818
ldpc,N96_M48,tau_pSA,search,74,467,,,,5.512018805189161,5.793500945593819,4.121094370695801,snr,0.40320003966472945,0.0,0.44192576453498555,0.6217670376574296,8.053499874481734,linear,0.9614845182487982,0.8923090125675073,best_state,4649,3509,12800,0.04498697916666667,0.4749999999999999,0.4270833333333333,0.014404166666666668,0.15986666666666668,3.1231920740526466,2.9712260216847364,,,,,0.8573326928286106,846006
ldpc,N96_M48,tau_pSA,search,338,468,,,,6.942022553527623,6.955459692037704,2.240378974686894,snr,0.713876788647123,0.0,0.28228632469660253,1.2288111854495256,6.439619527853677,constant,1.0402047326221222,0.10595481796827703,majority,12003,662,12800,0.04759114583333333,0.4604166666666667,0.3625,0.014404166666666668,0.15986666666666668,3.3039846687879657,2.8800041701417847,,,,,0.8596794376768938,2936622
ldpc,N96_M48,tau_pSA,search,124,469,,,,5.526361701897031,6.590235848535162,1.6494299632991143,llr,0.32824984378790495,0.0,0.4585629502156816,1.031438261974401,3.874288329790211,exponential,8.781494137655493,0.591967710796014,last,16875,2528,25600,0.045247395833333336,0.45,0.40625,0.014404166666666668,0.15986666666666668,3.141271333526179,2.8148457047539615,,,,,0.8601799177316358,1241956
ldpc,N96_M48,tau_pSA,search,272,470,,,,5.8305941736254585,7.370501740068027,3.415928093264798,snr,0.7675463142355079,0.0,0.23218693424294187,1.2957547374100022,7.090716177154947,constant,0.6847199505990657,0.03899684916341799,majority,9396,1278,12800,0.04303385416666666,0.4791666666666667,0.4270833333333333,0.014404166666666668,0.15986666666666668,2.9875976280011565,2.997289407839866,,,,,0.8605052124284115,2413968
ldpc,N96_M48,tau_pSA,search,249,471,,,,5.26078690939611,5.207755275108114,2.223824649261482,snr,0.6956391250559453,0.0,0.20896542728172357,1.6783418817638414,5.941101266301859,constant,0.5775775507021365,0.10878105460552803,majority,8007,1150,12800,0.04819878472222222,0.4604166666666667,0.3666666666666667,0.014404166666666668,0.15986666666666668,3.3461696075595406,2.8800041701417847,,,,,0.8647305608558624,2231831
ldpc,N96_M48,tau_pSA,search,779,472,,,,3.665185220784762,6.675699893099569,2.106737376209,llr,0.686793032702376,0.0,0.13773617721126644,2.1157766489007095,11.033477359595127,linear,0.13530639095143168,0.23119961267272612,best_state,7117,9219,25600,0.04190538194444444,0.50625,0.4583333333333333,0.014404166666666668,0.15986666666666668,2.909254170282518,3.1667014178482065,,,,,0.8721252370856372,6428901
ldpc,N96_M48,tau_pSA,search,414,473,,,,4.4075267898906505,8.886738587643231,1.3430485653413269,fixed,0.7515257787416677,0.0,0.10305917566634258,2.024335519032914,7.79488519710488,piecewise,0.4025371946716356,0.15614915181497574,majority,10306,727,12800,0.04555121527777778,0.4645833333333333,0.4083333333333334,0.014404166666666668,0.15986666666666668,3.162363802911966,2.9060675562969136,,,,,0.8730975542627005,3538466
ldpc,N96_M48,tau_pSA,search,263,474,,,,4.455519446652972,6.515090384662831,2.948478578931612,snr,0.7444573923354187,0.0,0.24638099606242192,1.4581138622302123,5.534025150100467,constant,1.4645470045911537,0.08042043720198469,majority,11157,1058,12800,0.04468315972222223,0.50625,0.4604166666666667,0.014404166666666668,0.15986666666666668,3.1020996046668596,3.1667014178482065,,,,,0.874067201315717,2342697
ldpc,N96_M48,tau_pSA,search,173,475,,,,4.5911338198589675,6.10234146010559,3.007075236509475,snr,0.6952329273696356,0.0,0.3255294958403805,1.7574122698173664,2.654042250020784,exponential,2.0829324193844143,0.06991068674054998,last,11208,596,12800,0.04565972222222223,0.47500000000000003,0.44166666666666665,0.014404166666666668,0.15986666666666668,3.1698968276926043,2.9712260216847373,,,,,0.8756074786582615,1629987
ldpc,N96_M48,tau_pSA,search,268,476,,,,5.494059754018165,7.60382898532606,3.2020393925352812,snr,0.7373937026046852,0.0,0.22628996285969333,1.3205816739858098,5.329560621172672,constant,0.675335274282511,0.030584777970860386,majority,11444,1187,12800,0.043164062499999996,0.4916666666666667,0.4479166666666667,0.014404166666666668,0.15986666666666668,2.9966372577379228,3.0754795663052543,,,,,0.8760960863118162,2382292
ldpc,N96_M48,tau_pSA,search,242,477,,,,5.2267224313004235,5.181504265708915,2.221468455076628,snr,0.7155562419447213,0.0,0.2505521192919375,1.6240195719558055,8.583122128706759,constant,0.531901984914375,0.1082016080714931,majority,10923,1136,12800,0.048676215277777775,0.4708333333333334,0.35624999999999996,0.014404166666666668,0.15986666666666668,3.3793149165943492,2.945162635529608,,,,,0.8762087866239463,2176398
ldpc,N96_M48,tau_pSA,search,330,478,,,,5.733509828087201,8.404124921878134,2.719572010722998,snr,0.7529973281829956,0.0,0.3242725862067501,0.8957427087025749,7.297071595037714,constant,1.5061012807549352,0.13671697125885227,majority,9461,90,9600,0.044140624999999996,0.4875,0.4291666666666667,0.014404166666666668,0.15986666666666668,3.0644344807636674,3.0494161801501245,,,,,0.8778284319823473,2873270
ldpc,N96_M48,tau_pSA,search,606,479,,,,4.285051428497078,10.228377697209886,1.5132508301848355,fixed,0.7284084995132221,0.0,0.058804789904844286,2.9703831733836408,10.512630446034022,linear,0.2136490372598081,0.25912649437579743,best_state,8297,7569,19200,0.05655381944444445,0.375,0.25833333333333336,0.014404166666666668,0.15986666666666668,3.926212515668692,2.3457047539616345,,,,,0.8819156132873305,5058914
ldpc,N96_M48,tau_pSA,search,247,480,,,,5.295054764020127,5.218156902333459,2.234193479122906,snr,0.7136326194445254,0.0,0.19866312102751835,1.64870523043253,5.6298059784220715,constant,0.6438924287905434,0.1065555708115577,majority,8067,1129,12800,0.05245225694444444,0.48333333333333334,0.3416666666666666,0.014404166666666668,0.15986666666666668,3.641464178960563,3.0233527939949956,,,,,0.8834033764924453,2215993
ldpc,N96_M48,tau_pSA,search,553,481,,,,3.050860457224512,8.584122776507266,2.931709594711728,fixed,0.05494700079608339,0.0,0.062346677368281755,0.05888058519179151,11.998282842771923,piecewise,0.7282254267524435,0.18494949572762875,majority,8322,9027,19200,0.04420572916666666,0.5,0.47708333333333336,0.014404166666666668,0.15986666666666668,3.06895429563205,3.1276063386155126,,,,,0.8874555408354429,4639207
ldpc,N96_M48,tau_pSA,search,125,482,,,,6.996368113639751,7.1605119630540335,1.6876962913677291,llr,0.3335513078427672,0.0,0.3467262381317029,0.554407471521573,6.587590303885464,exponential,1.541104446613818,0.6063296555903328,last,1175,6137,25600,0.050412326388888894,0.44375000000000003,0.3770833333333334,0.014404166666666668,0.15986666666666668,3.499843313084563,2.7757506255212676,,,,,0.890571889090971,1249875
ldpc,N96_M48,tau_pSA,search,306,483,,,,4.714048551431631,5.803294987732985,2.4505303570969303,llr,0.6587430738897534,0.0,0.30049869276224384,1.4098487834259992,6.777776359335522,constant,1.1445455254614496,0.09590066461570718,majority,9917,915,12800,0.04503038194444444,0.49791666666666673,0.44166666666666665,0.014404166666666668,0.15986666666666668,3.1262052839649015,3.114574645537948,,,,,0.8970708607491571,2683214
ldpc,N96_M48,tau_pSA,search,179,484,,,,4.604698922865288,6.269024452897527,3.1570116176994976,snr,0.19557263989608825,0.0,0.10156112435186065,1.870200893800769,2.358215289888874,constant,1.6519605654853327,0.025481181936702603,last,11150,987,12800,0.04780815972222222,0.4708333333333334,0.43333333333333335,0.014404166666666668,0.15986666666666668,3.319050718349243,2.945162635529608,,,,,0.9022385143327879,1677501
ldpc,N96_M48,tau_pSA,search,412,485,,,,4.366500266832034,9.049443187074894,1.3237204386591925,fixed,0.753998687340848,0.0,0.18536387218346834,1.9882409186355798,7.933130399317246,piecewise,0.8691778116294295,0.16004272190963004,majority,10434,750,12800,0.04535590277777777,0.5395833333333333,0.4791666666666667,0.014404166666666668,0.15986666666666668,3.1488043583068164,3.3752085070892406,,,,,0.9277552823762386,3522628
ldpc,N96_M48,tau_pSA,search,409,486,,,,4.39207597181609,8.679341366093661,1.3371338296074813,fixed,0.7526664156398876,0.0,0.07655502237660818,1.9911917759575115,8.782632300898658,piecewise,0.4167566658590401,0.2455417001984201,majority,10417,733,12800,0.05245225694444444,0.4854166666666666,0.4083333333333334,0.014404166666666668,0.15986666666666668,3.641464178960563,3.0363844870725596,,,,,0.9345473219489708,3498871
ldpc,N96_M48,tau_pSA,search,604,487,,,,4.690379446358006,10.5297704703876,1.457774595128565,fixed,0.7035986377024619,0.0,0.058017649255353125,2.896940461984871,10.50691130290738,linear,0.11214539331567595,0.2705891765346826,best_state,7468,7705,19200,0.06106770833333334,0.4145833333333333,0.3041666666666667,0.014404166666666668,0.15986666666666668,4.239586346543246,2.5933069224353624,,,,,0.9351945868475641,5043076
ldpc,N96_M48,tau_pSA,search,608,488,,,,4.610745391469381,10.567538217130389,1.7542708504055189,fixed,0.7020553879002228,0.0,0.05691867434912213,2.9883696581770645,10.5734994826818,linear,0.13519050099024368,0.26933087881897383,best_state,7462,8200,19200,0.07274305555555556,0.3520833333333333,0.18958333333333335,0.014404166666666668,0.15986666666666668,5.050139812939928,2.202356130108423,,,,,0.9392237298991736,5074752
ldpc,N96_M48,tau_pSA,search,210,489,,,,3.581618425137506,6.46382994623903,1.8980292259198035,fixed,0.5929140929453399,0.0,0.26494388195291957,1.1998928972710712,6.764335166690728,constant,0.8807352700605038,0.11637338442460543,last,12386,305,12800,0.055468750000000004,0.425,0.3875,0.014404166666666668,0.15986666666666668,3.8508822678623083,2.6584653878231856,,,,,0.94083426671735,1922990
ldpc,N96_M48,tau_pSA,search,493,490,,,,3.9369915283525816,10.36800538256575,6.919579541464349,fixed,0.7690994498597524,0.0,0.15235377434704245,2.571527934038616,11.377475058033683,piecewise,0.6179669666554737,0.2669585668881682,majority,9901,751,12800,0.045703125000000004,0.5750000000000001,0.51875,0.014404166666666668,0.15986666666666668,3.17291003760486,3.59674728940784,,,,,0.942155220305511,4164067
ldpc,N96_M48,tau_pSA,search,720,491,,,,3.809671615976732,10.67319505129123,1.4898286875228268,fixed,0.7419379738086701,0.0,0.044624012743622515,2.9854455569228358,10.698895529159335,linear,0.13323547072214806,0.22709108990324342,best_state,8405,9958,19200,0.06779513888888888,0.40208333333333335,0.2604166666666667,0.014404166666666668,0.15986666666666668,4.70663388294282,2.5151167639699747,,,,,0.942784966048006,5961680
ldpc,N96_M48,tau_pSA,search,364,492,,,,4.202101691829576,8.121990081920222,1.8130418978459975,fixed,0.09075573117273128,0.0,0.1375853901653231,1.9721210155425617,7.505536031187547,constant,0.8955081571842314,0.1799859413425955,majority,10855,796,12800,0.04828559027777778,0.5291666666666667,0.49374999999999997,0.014404166666666668,0.15986666666666668,3.3521960273840516,3.3100500417014174,,,,,0.9460524392049794,3142516
ldpc,N96_M48,tau_pSA,search,934,493,,,,4.616593085662662,6.360107554666494,2.6968953127117623,llr,0.5620269701761129,0.0,0.15906515716832367,0.35362614414350874,10.528831710047447,cosine,0.05248270409774836,0.33618568319006104,best_state,7104,17192,25600,0.0458984375,0.5708333333333333,0.5354166666666668,0.014404166666666668,0.15986666666666668,3.1864694822100086,3.57068390325271,,,,,0.9503093701403007,7656346
ldpc,N96_M48,tau_pSA,search,774,494,,,,3.5876805869040176,6.790028309634375,2.161913759751584,llr,0.685376824883186,0.0,0.14067593115389324,2.0906394156170585,11.991759288180665,linear,0.0564840221005858,0.22902563158735115,best_state,6636,9146,25600,0.04657118055555556,0.5645833333333333,0.5125000000000001,0.014404166666666668,0.15986666666666668,3.233174235849966,3.5315888240200164,,,,,0.9529711382105317,6389306
ldpc,N96_M48,tau_pSA,search,856,495,,,,5.86206312300692,5.860452761171444,2.9161192360679946,fixed,0.645215847915273,0.0,0.19755717001239187,0.25385483541462345,10.002139386102067,linear,0.09732539786745034,0.29709983447499244,best_state,5561,19025,25600,0.06508246527777778,0.42083333333333334,0.32083333333333336,0.014404166666666668,0.15986666666666668,4.518308263426863,2.6324020016680563,,,,,0.9564069257929749,7038664
ldpc,N96_M48,tau_pSA,search,418,496,,,,4.456450477760846,8.802809255158737,1.3647174512250853,fixed,0.7469960448844155,0.0,0.07909101850925723,1.8379603364490325,8.825822604514439,piecewise,0.38483518110288545,0.15562108083122247,majority,10453,742,12800,0.05256076388888889,0.5083333333333334,0.4145833333333333,0.014404166666666668,0.15986666666666668,3.6489972037412013,3.179733110925772,,,,,0.9578335003460505,3570142
ldpc,N96_M48,tau_pSA,search,721,497,,,,3.4794470850317123,8.248604322145804,1.8729982246748702,fixed,0.7226418997772579,0.0,0.6096100602132769,2.4591184795746686,11.316911975000925,linear,0.2469144812167837,0.22468574544615608,best_state,8773,7579,19200,0.048806423611111115,0.5625,0.5229166666666667,0.014404166666666668,0.15986666666666668,3.3883545463311155,3.5185571309424515,,,,,0.9587450380030689,5969599
ldpc,N96_M48,tau_pSA,search,415,498,,,,4.324267109653182,9.116721018327002,1.3382193772526927,fixed,0.7468348434441187,0.0,0.18630985846950276,1.8289192686625015,8.828462316512303,piecewise,0.37428583140334004,0.15788592500402296,majority,10440,743,12800,0.04798177083333333,0.5708333333333333,0.5,0.014404166666666668,0.15986666666666668,3.331103557998264,3.57068390325271,,,,,0.9601271504180926,3546385
ldpc,N96_M48,tau_pSA,search,176,499,,,,4.8542378512520274,5.093372199945404,1.9201452044880032,snr,0.716854291420733,0.0,0.3291348521373311,1.161779680659063,3.6785872000189324,constant,1.0189430732595117,0.06785176852622708,last,11116,1023,12800,0.0679470486111111,0.38333333333333336,0.32083333333333336,0.014404166666666668,0.15986666666666668,4.717180117635714,2.397831526271893,,,,,0.9615939442407512,1653744
ldpc,N96_M48,tau_pSA,search,711,500,,,,3.8068375833181416,10.468362941522273,1.5407446414749246,fixed,0.7409022058135399,0.0,0.048296320710701925,2.99119760328877,10.600540438778618,cosine,0.1348829697139974,0.7634443563761388,best_state,7919,10119,19200,0.06506076388888889,0.4270833333333333,0.29375,0.014404166666666668,0.15986666666666668,4.516801658470735,2.67149708090075,,,,,0.9628612937779395,5890409
ldpc,N96_M48,tau_pSA,search,37,501,,,,4.215698529332552,6.846140302884047,4.860395111115882,snr,0.3381519270464774,0.0,0.4901534906872318,0.8884387664877063,5.184650540365912,exponential,5.415693813775117,0.5843214260353199,best_state,4100,4018,12800,0.04633246527777777,0.5750000000000001,0.5375,0.014404166666666668,0.15986666666666668,3.216601581332561,3.59674728940784,,,,,0.969532204155173,553003
ldpc,N96_M48,tau_pSA,search,92,502,,,,3.5318130676522848,9.139141235181858,2.737895776352548,snr,0.40854227880911953,0.0,0.38784223457006184,0.9265076806993636,4.063058780788652,exponential,6.665681779558594,0.7522994325595411,best_state,15664,1145,25600,0.04641927083333334,0.5750000000000001,0.5458333333333334,0.014404166666666668,0.15986666666666668,3.222628001157073,3.59674728940784,,,,,0.9702705964957672,988548
ldpc,N96_M48,tau_pSA,search,375,503,,,,3.90872063893108,10.124042531991643,1.5286346693240331,fixed,0.7885123431208857,0.0,0.15298218603767189,2.5430129675904265,8.11129061818342,constant,0.7483134530618036,0.21383790511398737,majority,10204,880,12800,0.04694010416666666,0.6020833333333333,0.5604166666666667,0.014404166666666668,0.15986666666666668,3.258786520104136,3.7661592994161794,,,,,0.9731180495278207,3229625
ldpc,N96_M48,tau_pSA,search,609,504,,,,4.645313675613554,10.472764520719949,1.4282105389128268,fixed,0.7095345715914618,0.0,0.057128225175620884,2.9526697320034305,10.529873004309858,linear,0.22545530755852825,0.2666921889791751,best_state,7273,8933,19200,0.06534288194444444,0.42500000000000004,0.3125,0.014404166666666668,0.15986666666666668,4.536387522900395,2.658465387823186,,,,,0.9807946276424668,5082671
ldpc,N96_M48,tau_pSA,search,425,505,,,,3.9879600186586717,7.796827127180496,2.107954488748487,fixed,0.7628696275353174,0.0,0.04813652780719796,1.7371211212503175,10.02988270239149,piecewise,0.9174450983778315,0.2030891605995243,majority,10067,899,12800,0.07226562500000001,0.3916666666666666,0.21875,0.014404166666666668,0.15986666666666668,5.016994503905121,2.449958298582151,,,,,0.9825376362083011,3625575
ldpc,N96_M48,tau_pSA,search,136,506,,,,3.767935954276591,4.240135957284473,1.2309552411178333,snr,0.2878388737219072,0.0,0.3609718230378013,0.49506399532996215,9.41560199647426,exponential,2.8109827600191126,0.22128232795542646,last,15106,1579,25600,0.06351996527777777,0.4729166666666667,0.43124999999999997,0.014404166666666668,0.15986666666666668,4.409832706585671,2.9581943286071724,,,,,0.9877152884960061,1336984
ldpc,N96_M48,tau_pSA,search,933,507,,,,4.665629757459677,6.341043230095587,2.5998022095867324,llr,0.5630141167226216,0.0,0.15490372119770446,0.349496499719849,10.483593875158244,cosine,0.05420069214182415,0.3741578240312451,best_state,7124,18112,25600,0.04806857638888889,0.5979166666666668,0.55625,0.014404166666666668,0.15986666666666668,3.3371299778227748,3.740095913261051,,,,,0.989375091282372,7648427
ldpc,N96_M48,tau_pSA,search,117,508,,,,1.3908845240762902,3.7487139440524624,2.6415474518434716,snr,0.42779910359696305,0.0,0.568033505541904,0.7774032631875241,3.216092816130143,cosine,4.848448056147029,0.5585996992253375,best_state,3733,4122,9600,0.04694010416666666,0.6020833333333333,0.5895833333333333,0.014404166666666668,0.15986666666666668,3.258786520104136,3.7661592994161794,,,,,0.991554715960609,1186523
ldpc,N96_M48,tau_pSA,search,589,509,,,,4.136626113495579,10.171036140039073,2.019621795055737,fixed,0.7559822397225741,0.0,0.1081826930925139,0.034141304842260786,0.6372702172154893,linear,0.19700286900868025,0.2551655253563937,best_state,8777,1828,19200,0.05203993055555556,0.5916666666666667,0.56875,0.014404166666666668,0.15986666666666668,3.6128386847941374,3.7010008340283567,,,,,0.9919150108619053,4924291
ldpc,N96_M48,tau_pSA,search,603,510,,,,4.647457104778969,10.655408145389195,1.447888630505708,fixed,0.7253640685109027,0.0,0.05554450759341669,2.943303488218518,10.499724138077703,linear,0.11384004927215001,0.3030506506710625,best_state,8399,8936,19200,0.06790364583333335,0.4270833333333333,0.2875,0.014404166666666668,0.15986666666666668,4.7141669077234605,2.67149708090075,,,,,0.9947676659980322,5035157
ldpc,N96_M48,tau_pSA,search,309,511,,,,4.680100251048147,6.280150857230264,2.4405262590609,llr,0.6519528487296351,0.0,0.300771425266866,1.5007323170076992,6.716901254975936,constant,1.1492314250741165,0.08141741994982457,majority,11733,1039,12800,0.05095486111111111,0.5708333333333333,0.5312500000000001,0.014404166666666668,0.15986666666666668,3.537508436987754,3.57068390325271,,,,,0.9956086953339471,2706971
ldpc,N96_M48,tau_pSA,search,45,512,,,,4.427194893052009,6.27396554099897,4.799719335941914,snr,0.3372621671019829,0.0,0.4852297727804223,0.7579104573764741,5.665817166339285,exponential,5.544069865899243,0.568272646243662,best_state,6817,3822,12800,0.05086805555555555,0.5875,0.5416666666666666,0.014404166666666668,0.15986666666666668,3.531482017163243,3.6749374478732273,,,,,0.9986761529766177,616355
ldpc,N96_M48,tau_pSA,search,165,513,,,,5.551944589694687,7.339670231688613,2.382569061306082,snr,0.37052797279496574,0.0,0.04918004395638152,0.9867898805566369,4.271863766678719,exponential,1.4247412761995406,0.08657720127031497,last,11309,812,12800,0.07419704861111111,0.38958333333333334,0.25833333333333336,0.014404166666666668,0.15986666666666668,5.151082345000481,2.436926605504587,,,,,1.0039603147518088,1566635
ldpc,N96_M48,tau_pSA,search,170,514,,,,4.509724028356799,6.170186391545543,3.1125772898235984,snr,0.7257692023994649,0.0,0.07084500991119057,1.8783327871456528,2.781997950177767,constant,1.6789834233899377,0.06752534527384277,last,10977,714,12800,0.06256510416666666,0.4791666666666667,0.38125000000000003,0.014404166666666668,0.15986666666666668,4.343542088516054,2.997289407839866,,,,,1.00637784473193,1606230
ldpc,N96_M48,tau_pSA,search,345,515,,,,7.073189106699315,7.061622340605382,3.1038187376202333,snr,0.7231012084264925,0.0,0.3529589069636077,1.7344679531766911,6.439935972816877,constant,1.0229148841037636,0.014525361897358244,majority,12012,661,12800,0.05627170138888888,0.5437500000000001,0.47708333333333336,0.014404166666666668,0.15986666666666668,3.906626651239031,3.4012718932443704,,,,,1.0066744468920776,2992055
ldpc,N96_M48,tau_pSA,search,19,516,,,,7.77585530180206,11.72134106145024,4.117639633327073,snr,0.4341483357025736,0.0,0.596554803418557,0.5595301229680428,0.8500468494340586,piecewise,9.994603019930949,0.4767875949108809,best_state,5392,3085,9600,0.04997829861111112,0.59375,0.55625,0.014404166666666668,0.15986666666666668,3.4697112139620097,3.714032527105921,,,,,1.0100745051212465,410461
ldpc,N96_M48,tau_pSA,search,308,517,,,,4.667037329563187,6.152323963257022,2.4181665072500267,llr,0.6585757790747707,0.0,0.1749346104936036,1.4259100043542576,6.866543980793133,linear,1.1511574443259875,0.09140455330003842,majority,11727,1033,12800,0.05149739583333333,0.59375,0.54375,0.014404166666666668,0.15986666666666668,3.575173560890945,3.714032527105921,,,,,1.011148663352303,2699052
ldpc,N96_M48,tau_pSA,search,122,518,,,,3.2172973534647022,7.232840637928558,1.6081149056738158,llr,0.32826188134758605,0.0,0.47407608781393895,0.5617050688317355,6.607477380658309,exponential,1.5555345281694457,0.5959853900707003,last,17052,2428,25600,0.053927951388888895,0.5583333333333332,0.5187499999999999,0.014404166666666668,0.15986666666666668,3.7439133159772444,3.4924937447873217,,,,,1.0133029933081938,1226118
ldpc,N96_M48,tau_pSA,search,735,519,,,,3.910719459844654,7.533416770468438,1.2812768119738667,fixed,0.7814899436248636,0.0,0.18189806375116901,2.1799716969276095,11.692736297275882,linear,0.14802623598346107,0.19753679043630212,best_state,1193,8194,9600,0.05533854166666666,0.5812499999999999,0.50625,0.014404166666666668,0.15986666666666668,3.8418426381255415,3.635842368640533,,,,,1.0210047348386784,6080465
ldpc,N96_M48,tau_pSA,search,24,520,,,,5.223534114809211,7.0009847374864504,6.945847877111738,snr,0.4217476264717211,0.0,0.59796020432484,0.5293742697087581,0.932671583604036,piecewise,9.623041453502312,0.4768315022543126,best_state,5606,2879,9600,0.054340277777777786,0.5666666666666668,0.53125,0.014404166666666668,0.15986666666666668,3.7725388101436703,3.5446205170975813,,,,,1.0215371904637278,450056
ldpc,N96_M48,tau_pSA,search,89,521,,,,3.4757750247737964,8.107485479372718,5.871736227102136,snr,0.4008035155035309,0.0,0.3870317101047069,0.9216857261367769,4.258981924829202,exponential,0.43133539265368603,0.6144241890182368,best_state,16257,4608,25600,0.04913194444444444,0.6291666666666668,0.6,0.014404166666666668,0.15986666666666668,3.4109536206730304,3.9355713094245206,,,,,1.0245192767731353,964791
ldpc,N96_M48,tau_pSA,search,302,522,,,,4.654134708356173,6.103587042498721,2.4407916783902937,llr,0.6583704843198385,0.0,0.29633599904405206,1.4237603513907706,6.8298572490543705,linear,1.1428906995685106,0.09335776489300897,majority,11757,1023,12800,0.05141059027777778,0.6166666666666667,0.5562499999999999,0.014404166666666668,0.15986666666666668,3.569147141066435,3.8573811509591325,,,,,1.032495017740868,2651538
ldpc,N96_M48,tau_pSA,search,303,523,,,,4.661635457117051,6.307029802320781,2.421087774460633,llr,0.6591197803662021,0.0,0.2988589205531725,1.4596998544710005,6.801444544940365,linear,1.1414664755795594,0.09349295439460696,majority,11739,1035,12800,0.05043402777777778,0.6062500000000001,0.5708333333333333,0.014404166666666668,0.15986666666666668,3.5013499180406904,3.7922226855713093,,,,,1.03314613060693,2659457
ldpc,N96_M48,tau_pSA,search,205,524,,,,3.456881541355318,6.27390640636148,1.861389542611006,fixed,0.5791242357847329,0.0,0.27141844067488585,1.2052545120075344,6.788697206328881,constant,0.8883018957130054,0.1224779506388826,last,12333,320,12800,0.06410590277777777,0.48333333333333334,0.4375,0.014404166666666668,0.15986666666666668,4.450511040401118,3.0233527939949956,,,,,1.0337616290265055,1883395
ldpc,N96_M48,tau_pSA,search,1,525,,,,3.932577069451677,5.282775008026777,3.737406859581251,snr,0.40342018995747053,0.0,0.671250741894543,0.053691398309664164,0.6792748607646949,piecewise,0.33603513894879394,0.5877336654329763,best_state,5181,9092,19200,0.05694444444444444,0.5416666666666666,0.5187499999999999,0.014404166666666668,0.15986666666666668,3.9533314048789894,3.388240200166805,,,,,1.03398023928406,267919
ldpc,N96_M48,tau_pSA,search,707,526,,,,3.15334578098421,9.41209011077321,2.0955731999937854,fixed,0.7609869957103798,0.0,0.12717388311624978,2.4948299531564153,11.18629943665279,linear,0.1936947262351769,0.24371880065250523,best_state,9308,8201,19200,0.04973958333333334,0.65625,0.6354166666666666,0.014404166666666668,0.15986666666666668,3.4531385594446053,4.10498331943286,,,,,1.034615986029851,5858733
ldpc,N96_M48,tau_pSA,search,93,527,,,,5.185685754905688,8.963751154847218,5.561487749454487,snr,0.7805184460475916,0.0,0.37704738176061003,0.9645051475743143,4.124624060119639,exponential,6.38931638248616,0.6110423147928732,best_state,17622,4647,25600,0.05151909722222222,0.625,0.5916666666666667,0.014404166666666668,0.15986666666666668,3.576680165847073,3.909507923269391,,,,,1.03969250348332,996467
ldpc,N96_M48,tau_pSA,search,310,528,,,,4.656895276749583,6.264930114717374,2.4262549893989163,llr,0.6586478379443287,0.0,0.31941514156190826,1.4100929276813468,6.581542637914921,linear,1.141130586171445,0.0923362316815266,majority,11684,1046,12800,0.051605902777777775,0.6020833333333334,0.5666666666666668,0.014404166666666668,0.15986666666666668,3.5827065856715836,3.7661592994161803,,,,,1.0411946471845217,2714890
ldpc,N96_M48,tau_pSA,search,989,529,,,,6.1464526623988345,6.185506247651341,2.2487153928222496,fixed,0.5349192248074701,0.0,0.162756584059636,0.33782726314370815,7.016360427820821,cosine,0.0542496675584303,0.40576315350037734,best_state,7312,15856,25600,0.06529947916666666,0.5041666666666668,0.42916666666666664,0.014404166666666668,0.15986666666666668,4.53337431298814,3.1536697247706424,,,,,1.0412051491437235,8091891
ldpc,N96_M48,tau_pSA,search,710,530,,,,3.9033981171187095,10.48291405510452,1.4932119235816894,fixed,0.740852874017533,0.0,0.04227244951424834,2.854954173954341,10.700487131686264,cosine,0.13385074983860698,0.26285234853841327,best_state,7861,10101,19200,0.0828125,0.4270833333333333,0.2354166666666667,0.014404166666666668,0.15986666666666668,5.749204512583164,2.67149708090075,,,,,1.0445281333866567,5882490
ldpc,N96_M48,tau_pSA,search,929,531,,,,4.584235034153931,6.579941051489652,3.7106952911479154,llr,0.5515246358513772,0.0,0.1584268010435317,0.3618216255826946,1.6377588787657162,cosine,0.05413437597707679,0.3395539059389827,best_state,7081,18128,25600,0.05279947916666667,0.6208333333333332,0.5854166666666666,0.014404166666666668,0.15986666666666668,3.6655698582586056,3.883444537114261,,,,,1.0495944409063123,7616751
ldpc,N96_M48,tau_pSA,search,248,532,,,,5.41186956578176,5.2244305165050555,2.1923431315983866,snr,0.7140648296661943,0.0,0.20411392602714076,1.6320901617097525,5.948798135520508,constant,0.4790210648887572,0.10406497574251584,majority,7936,1127,12800,0.06273871527777777,0.5750000000000001,0.4270833333333333,0.014404166666666668,0.15986666666666668,4.355594928165075,3.59674728940784,,,,,1.0498045034850516,2223912
ldpc,N96_M48,tau_pSA,search,132,533,,,,5.5283731397539055,7.089827932197608,3.7361650597765754,llr,0.3925070245068099,0.0,0.4765645293534726,1.0206862007966253,5.062708167734123,exponential,7.966456803043955,0.5908926327098742,last,17042,5334,25600,0.05455729166666667,0.59375,0.5625,0.014404166666666668,0.15986666666666668,3.7876048597049463,3.714032527105921,,,,,1.0531188406626684,1305308
ldpc,N96_M48,tau_pSA,search,20,534,,,,6.8512089243468095,7.398387939683391,6.967885774421723,snr,0.3884939460104603,0.0,0.587156881964062,2.537499115584456,11.888399025424603,piecewise,9.535788603985687,0.5243183061761217,best_state,5500,3003,9600,0.056792534722222225,0.5729166666666666,0.5479166666666667,0.014404166666666668,0.15986666666666668,3.9427851701860956,3.5837155963302747,,,,,1.0545959198242636,418380
ldpc,N96_M48,tau_pSA,search,579,535,,,,4.622729600686176,11.949039315063098,2.4688518535179824,llr,0.7059359749847286,0.0,0.08141151143001349,0.03044646383858493,9.855883574779764,piecewise,0.1643800974760236,0.33349351918322,majority,7762,9402,19200,0.05243055555555556,0.6270833333333333,0.5854166666666666,0.014404166666666668,0.15986666666666668,3.6399575740044354,3.9225396163469552,,,,,1.05664463078616,4845101
ldpc,N96_M48,tau_pSA,search,476,536,,,,3.2299282112862917,9.289339653529693,7.7364294487728325,fixed,0.4992743698126958,0.0,0.13979432364259964,2.535014304293999,11.98793487473478,piecewise,0.5065910458728548,0.4287017750914513,majority,6871,566,12800,0.051171875,0.65625,0.6104166666666667,0.014404166666666668,0.15986666666666668,3.5525744865490307,4.10498331943286,,,,,1.0593328480603836,4029444
ldpc,N96_M48,tau_pSA,search,86,537,,,,3.5705228567134255,8.600861042096469,5.8384222491577855,snr,0.41110390175595407,0.0,0.3754539320159041,0.886292114277758,4.153169721515203,exponential,7.06910076233704,0.6165499327716903,best_state,16428,4501,25600,0.05151909722222223,0.6708333333333334,0.6291666666666667,0.014404166666666668,0.15986666666666668,3.5766801658470735,4.196205170975813,,,,,1.0641153364676037,941034
ldpc,N96_M48,tau_pSA,search,926,538,,,,4.587813588982532,7.426055257764926,2.6922412758530796,llr,0.5952864819004982,0.0,0.1542705403429132,0.3762360675001645,10.561738652380082,cosine,0.057785557013726355,0.3499064194290569,best_state,7113,18116,25600,0.054036458333333336,0.63125,0.6,0.014404166666666668,0.15986666666666668,3.7514463407578824,3.9486030025020846,,,,,1.0670362948408563,7592994
ldpc,N96_M48,tau_pSA,search,3,539,,,,2.2351198427079395,3.5096415564174754,0.734263609443229,snr,0.5969846088348896,0.0,0.12540764815010289,2.012070765731682,7.91106444231493,linear,4.055732274007484,0.6395134289526699,best_state,3581,4946,9600,0.06495225694444444,0.59375,0.55625,0.014404166666666668,0.15986666666666668,4.5092686336900965,3.714032527105921,,,,,1.0674525998546305,283757
ldpc,N96_M48,tau_pSA,search,741,540,,,,3.8945786315576583,7.505206503673134,1.234889734409238,fixed,0.7876816838315693,0.0,0.1745604406433786,2.6487751362923895,11.061227816024337,linear,0.10423448779773416,0.20400523424083739,best_state,9381,8542,19200,0.06265190972222222,0.5604166666666667,0.5,0.014404166666666668,0.15986666666666668,4.349568508340565,3.505525437864887,,,,,1.0714210455325073,6127979
ldpc,N96_M48,tau_pSA,search,216,541,,,,3.4240456073577668,4.177435146094876,1.9251909097739879,fixed,0.5667045479097726,0.0,0.2797278237524155,1.1560081496569912,6.867071341895284,constant,0.9513598109542806,0.014290315647746521,last,12373,321,12800,0.07565104166666667,0.46458333333333335,0.40416666666666673,0.014404166666666668,0.15986666666666668,5.252024877061036,2.906067556296914,,,,,1.074336172405386,1970504
ldpc,N96_M48,tau_pSA,search,67,542,,,,4.2979295191143505,8.620646018964635,4.90235277323781,snr,0.3160403532309276,0.0,0.5442687112018768,1.2508917646106579,5.455476106231775,cosine,0.4924401401305995,0.6381158023393413,best_state,14559,5884,25600,0.053059895833333336,0.6520833333333333,0.6124999999999999,0.014404166666666668,0.15986666666666668,3.6836491177321378,4.0789199332777315,,,,,1.0749926300201773,790573
ldpc,N96_M48,tau_pSA,search,17,543,,,,6.113325187004388,8.867127917039445,7.09314099835465,snr,0.45757374085715025,0.0,0.5926033933375243,0.6170357899689353,0.9024237401185876,piecewise,8.69240722830194,0.4948764408940911,best_state,5169,3172,9600,0.05575086805555556,0.6166666666666667,0.5812499999999999,0.014404166666666668,0.15986666666666668,3.8704681322919683,3.8573811509591325,,,,,1.0757134528563703,394623
ldpc,N96_M48,tau_pSA,search,162,544,,,,5.694673695807096,7.720749721888349,1.4122168614604922,snr,0.3620875232409304,0.0,0.5946389528438759,1.5467810403461069,5.009065494885311,exponential,1.394244053766952,0.19044737081537655,last,11686,835,12800,0.066796875,0.5395833333333333,0.5083333333333333,0.014404166666666668,0.15986666666666668,4.637330054960949,3.3752085070892406,,,,,1.0758973030697172,1542878
ldpc,N96_M48,tau_pSA,search,552,545,,,,4.0579103913240075,9.24817069585636,2.379878889871535,fixed,0.7647828812871773,0.0,0.040455285382090936,2.3748200375800748,8.941621569291437,piecewise,0.5149358081464018,0.15440340345308828,majority,3234,12907,19200,0.09273003472222223,0.41458333333333336,0.19375,0.014404166666666668,0.15986666666666668,6.437722977533507,2.593306922435363,,,,,1.0829852223317469,4631288
ldpc,N96_M48,tau_pSA,search,87,546,,,,5.044367471204297,7.950039845816407,5.635265183788375,snr,0.7591337927122422,0.0,0.5600884758950916,0.9102094461724949,4.010844915699402,exponential,6.906063044487973,0.8218762927579778,best_state,15687,1214,25600,0.0537109375,0.6729166666666666,0.6333333333333333,0.014404166666666668,0.15986666666666668,3.7288472664159675,4.209236864053377,,,,,1.0856569046747582,948953
ldpc,N96_M48,tau_pSA,search,776,547,,,,3.6214735082860603,6.390635104767088,3.431224829670749,llr,0.6860492997148606,0.0,0.13599066867899473,2.156813588038125,11.949948544988574,linear,0.14608453247677808,0.21599908118539962,best_state,6799,9131,25600,0.05399305555555555,0.68125,0.6458333333333333,0.014404166666666668,0.15986666666666668,3.7484331308456267,4.261363636363636,,,,,1.0949764430522713,6405144
ldpc,N96_M48,tau_pSA,search,384,548,,,,3.82710823559748,10.120788659418743,1.443315667469789,fixed,0.7958155511002118,0.0,0.1599422949878823,2.6954210613415945,8.118474653662002,constant,0.4183689351000644,0.2075780122794806,majority,9986,1511,19200,0.05247395833333333,0.6833333333333332,0.6687500000000001,0.014404166666666668,0.15986666666666668,3.6429707839166903,4.2743953294412,,,,,1.0950853800840064,3300896
ldpc,N96_M48,tau_pSA,search,936,549,,,,4.562742232696988,7.309322933335872,2.627027818997027,llr,0.5808235055468285,0.0,0.7755703031032777,0.3723430548732643,10.413092768375458,cosine,0.059803968853442004,0.3502462888473609,best_state,7115,17350,25600,0.05277777777777778,0.6729166666666666,0.6625,0.014404166666666668,0.15986666666666668,3.6640632533024777,4.209236864053377,,,,,1.0953213412168694,7672184
ldpc,N96_M48,tau_pSA,search,16,550,,,,7.73686955764972,8.698593051268082,6.3867100130220535,snr,0.41087425027744184,0.0,0.5879339156612367,2.6653489049546244,10.653934144114507,piecewise,7.795397979113465,0.49654729982757284,best_state,5380,2970,9600,0.053927951388888895,0.6687500000000001,0.6416666666666667,0.014404166666666668,0.15986666666666668,3.7439133159772444,4.183173477898248,,,,,1.0969787212681363,386704
ldpc,N96_M48,tau_pSA,search,121,551,,,,5.506069439777357,6.727299615344276,3.74561937407313,llr,0.488789939268721,0.0,0.46124792664130215,0.5572646048964229,8.829650452863035,exponential,1.5012168793799627,0.5971087846077061,last,11877,2709,25600,0.05859375,0.6166666666666666,0.5791666666666666,0.014404166666666668,0.15986666666666668,4.067833381544692,3.8573811509591316,,,,,1.1011254928543193,1218199
ldpc,N96_M48,tau_pSA,search,187,552,,,,5.081342465745047,5.146447847832665,1.5852309727639735,snr,0.6132098963023409,0.0,0.17410437403719553,1.7698006773906458,2.3454724608066613,constant,1.6918519815457032,0.020785401047312482,last,10325,488,12800,0.09670138888888889,0.46249999999999997,0.36874999999999997,0.014404166666666668,0.15986666666666668,6.71343168450487,2.893035863219349,,,,,1.1062417269595195,1740853
ldpc,N96_M48,tau_pSA,search,18,553,,,,7.685645036620335,10.952864682801122,6.942503783974256,snr,0.3828859196298962,0.0,0.5905952458728869,0.4871373148779547,1.0791009807219327,piecewise,9.731983466242356,0.48410246841986937,best_state,5488,2873,9600,0.060546875,0.6145833333333334,0.5958333333333333,0.014404166666666668,0.15986666666666668,4.203427827596181,3.8443494578815676,,,,,1.1079130861616187,402542
ldpc,N96_M48,tau_pSA,search,376,554,,,,3.689347232788005,9.762278661460387,1.6087585801375226,fixed,0.784585419154264,0.0,0.15408093862964076,2.5432296925137527,8.404439631729375,constant,0.7436639129207822,0.21037489790468888,majority,9941,1650,19200,0.05308159722222222,0.7145833333333332,0.6895833333333333,0.014404166666666668,0.15986666666666668,3.685155722688265,4.469870725604669,,,,,1.118360985359917,3237544
ldpc,N96_M48,tau_pSA,search,708,555,,,,3.2316685655339272,9.65422008053497,2.124255974083868,fixed,0.7628347400104357,0.0,0.1237712963317417,2.5177871897086677,11.23708404693994,linear,0.19513771313484404,0.29153870100676116,best_state,9030,8153,19200,0.05562065972222222,0.6895833333333333,0.6770833333333334,0.014404166666666668,0.15986666666666668,3.861428502555202,4.3134904086738945,,,,,1.1207560305089546,5866652
ldpc,N96_M48,tau_pSA,search,505,556,,,,2.559553930127541,7.399757826006033,1.91429654550671,fixed,0.7445561629830622,0.0,0.09285822529053313,2.2234005350880794,10.335177445518347,piecewise,0.3286503621277593,0.19163696653835682,majority,4269,377,12800,0.05457899305555556,0.7041666666666666,0.6749999999999999,0.014404166666666668,0.15986666666666668,3.789111464661074,4.404712260216846,,,,,1.1224999029385045,4259095
ldpc,N96_M48,tau_pSA,search,212,557,,,,3.489974173525232,4.027079891435852,1.8765034164611434,fixed,0.5985551169151587,0.0,0.27643804631420194,1.214517367056516,6.677800638563077,constant,0.8975449453012551,0.1337774260521357,last,5788,180,12800,0.08174913194444446,0.4625000000000001,0.40416666666666673,0.014404166666666668,0.15986666666666668,5.675380869732909,2.8930358632193496,,,,,1.122974262861374,1938828
ldpc,N96_M48,tau_pSA,search,23,558,,,,7.5252784828709665,11.349454678658441,7.559852586870304,snr,0.3825015041513729,0.0,0.6153819425172432,0.5387215096967349,0.9335945471071522,piecewise,9.875972145274144,0.4982921957070674,best_state,5313,3089,9600,0.05679253472222221,0.6749999999999999,0.6458333333333334,0.014404166666666668,0.15986666666666668,3.9427851701860948,4.222268557130942,,,,,1.1296328475889015,442137
ldpc,N96_M48,tau_pSA,search,706,559,,,,3.2452495238337584,9.276113621120205,2.080711818411937,fixed,0.7638770502005338,0.0,0.1255068728883101,0.3764469152356468,0.7751784916375117,linear,0.1965033652575412,0.2436841249267563,best_state,8955,8210,19200,0.05362413194444444,0.7270833333333333,0.71875,0.014404166666666668,0.15986666666666668,3.722820846591456,4.548060884070058,,,,,1.1300390197393404,5850814
ldpc,N96_M48,tau_pSA,search,637,560,,,,5.0637989095090905,10.924022647711768,1.6369262817220123,fixed,0.7163424144432291,0.0,0.032562657815330284,0.4401085946705563,9.792259490717088,linear,0.16160160483297045,0.21980486308245822,best_state,8247,9019,19200,0.10373263888888888,0.425,0.20833333333333334,0.014404166666666668,0.15986666666666668,7.201571690290232,2.6584653878231856,,,,,1.1378859325369965,5304403
ldpc,N96_M48,tau_pSA,search,777,561,,,,4.521810815995613,6.891351050431159,3.4028309701871304,llr,0.6812732753095104,0.0,0.12741874329065234,2.145683845315355,11.052889392523486,linear,0.10986257985278707,0.23223951253419647,best_state,6505,9096,25600,0.056315104166666664,0.7166666666666667,0.6749999999999999,0.014404166666666668,0.15986666666666668,3.909639861151287,4.482902418682235,,,,,1.1400255756227062,6413063
ldpc,N96_M48,tau_pSA,search,367,562,,,,4.249168724708751,11.144589134836458,1.7451164732672184,fixed,0.7664894309047766,0.0,0.11826811697249305,1.7512068714249451,8.650879626226649,constant,0.9015566361628292,0.17938776897907233,majority,11493,792,12800,0.052756076388888885,0.7479166666666667,0.7333333333333334,0.014404166666666668,0.15986666666666668,3.66255664834635,4.678377814845704,,,,,1.1426363194398652,3166273
ldpc,N96_M48,tau_pSA,search,142,563,,,,3.8508364889478486,8.2412368099509,1.219214197044839,snr,0.2849484144934907,0.0,0.5447520800321582,0.8642067597410107,4.4507062938651005,exponential,3.0638718936029763,0.5145563433186453,last,13934,1458,25600,0.07521701388888889,0.5604166666666667,0.5333333333333333,0.014404166666666668,0.15986666666666668,5.221892777938482,3.505525437864887,,,,,1.1437269672444348,1384498
ldpc,N96_M48,tau_pSA,search,373,564,,,,3.738170288605485,9.657153418021629,1.5146104780935357,fixed,0.7903327038622915,0.0,0.15850059878823694,2.123624794906343,8.511703575432092,constant,0.23739624656608996,0.21258677782663674,majority,13015,1441,19200,0.05529513888888888,0.7208333333333333,0.7020833333333334,0.014404166666666668,0.15986666666666668,3.838829428213286,4.508965804837364,,,,,1.1459990377820466,3213787
ldpc,N96_M48,tau_pSA,search,769,565,,,,3.5847528419574806,6.790438460939453,3.227380420822361,llr,0.6803660805972687,0.0,0.13558323370539568,2.102120308915769,11.960686812096657,linear,0.1443921572632073,0.2335407497466211,best_state,21332,4258,25600,0.05822482638888888,0.6875,0.6645833333333333,0.014404166666666668,0.15986666666666668,4.042221097290521,4.30045871559633,,,,,1.1480821488971455,6349711
ldpc,N96_M48,tau_pSA,search,140,566,,,,3.697544746202477,8.272668427088172,1.228802292962095,snr,0.25699990081327306,0.0,0.5486587338386671,1.1594395411977196,3.8190475381069313,exponential,3.0010488335835577,0.15380756229581594,last,15103,3098,25600,0.07473958333333335,0.5750000000000001,0.525,0.014404166666666668,0.15986666666666668,5.188747468903674,3.59674728940784,,,,,1.1484049617081395,1368660
ldpc,N96_M48,tau_pSA,search,13,567,,,,7.412069766568002,10.90225405898554,7.432473735854497,snr,0.4420262431723934,0.0,0.6031991540584685,0.41693203889797975,0.8577443391161965,piecewise,9.310821368231478,0.4878855081663848,best_state,5290,3058,9600,0.0626953125,0.6437499999999999,0.6291666666666668,0.014404166666666668,0.15986666666666668,4.352581718252821,4.026793160967472,,,,,1.1507204734517764,362947
ldpc,N96_M48,tau_pSA,search,14,568,,,,7.7574540326574475,10.86465776277688,7.239196151886878,snr,0.4139278015618832,0.0,0.5912343759517721,0.5033926762999793,0.8551684316707682,piecewise,9.516206116560443,0.47306918558406186,best_state,5285,3110,9600,0.06204427083333334,0.6604166666666668,0.6354166666666666,0.014404166666666668,0.15986666666666668,4.307383569568991,4.13104670558799,,,,,1.1535167135381352,370866
ldpc,N96_M48,tau_pSA,search,22,569,,,,5.734353466536945,9.479883602792205,5.9844616091146845,snr,0.4262925448748168,0.0,0.5954121438882497,2.9359703776310204,11.781819316687086,piecewise,7.484598576207511,0.45666201444629967,best_state,5385,3139,9600,0.05766059027777778,0.7229166666666668,0.7041666666666666,0.014404166666666668,0.15986666666666668,4.003049368431202,4.5219974979149296,,,,,1.1662098811871535,434218
ldpc,N96_M48,tau_pSA,search,754,570,,,,2.9386423582648526,8.809823508292723,3.579198198991884,fixed,0.7623075651276363,0.0,0.13983480365134937,2.639782869482863,11.507456290777785,linear,0.17639716135746225,0.2447574641791279,best_state,5804,7386,19200,0.05494791666666666,0.7604166666666666,0.74375,0.014404166666666668,0.15986666666666668,3.8147237489152435,4.756567973311092,,,,,1.1678435562424685,6230926
ldpc,N96_M48,tau_pSA,search,898,571,,,,6.547994711579438,6.10659046076914,5.381185656613139,fixed,0.6610367454846708,0.0,0.18306947609401805,0.11787610715409601,1.4031276396440042,exponential,0.0506291812907025,0.2838642888823401,best_state,3222,11240,25600,0.10434027777777778,0.48750000000000004,0.3041666666666667,0.014404166666666668,0.15986666666666668,7.2437566290618065,3.049416180150125,,,,,1.1732001534616199,7371262
ldpc,N96_M48,tau_pSA,search,480,572,,,,3.0419935412611547,8.946404269419894,2.415533527671533,fixed,0.781809820216349,0.0,0.1370733203481625,2.4766232703121345,11.252847390248508,piecewise,0.5746248517109188,0.47641890814293897,majority,9421,557,12800,0.05286458333333333,0.7979166666666666,0.7854166666666668,0.014404166666666668,0.15986666666666668,3.6700896731269883,4.991138448707255,,,,,1.1782685850185686,4061120
ldpc,N96_M48,tau_pSA,search,986,573,,,,6.236584915166901,6.274836825934934,2.186111600281453,fixed,0.5380103849714637,0.0,0.16344453737730588,0.350980998230144,6.947281153387995,cosine,0.055572410705820724,0.4031726408386038,best_state,25138,430,25600,0.09066840277777778,0.5270833333333333,0.4416666666666667,0.014404166666666668,0.15986666666666668,6.294595506701379,3.297018348623853,,,,,1.1791457447211573,8068134
ldpc,N96_M48,tau_pSA,search,772,574,,,,3.5276843376230897,6.371571781352208,3.335913260230667,llr,0.6851849334676448,0.0,0.13764819694009287,2.159571286843835,11.894789489439436,linear,0.13645348307109412,0.23115095568955787,best_state,22074,3517,25600,0.06037326388888889,0.7229166666666668,0.6833333333333332,0.014404166666666668,0.15986666666666668,4.19137498794716,4.5219974979149296,,,,,1.1830303264438928,6373468
ldpc,N96_M48,tau_pSA,search,166,575,,,,5.501829580221216,7.574818321592059,1.389453642346735,snr,0.21761867692673922,0.0,0.04430224593964378,1.599211329820324,4.277920678878567,exponential,1.3467320164707064,0.10543705382556925,last,11412,866,12800,0.10570746527777779,0.4666666666666666,0.30833333333333335,0.014404166666666668,0.15986666666666668,7.33867274129785,2.919099249374478,,,,,1.1889868471036662,1574554
ldpc,N96_M48,tau_pSA,search,377,576,,,,3.8323222229928686,10.183978623424075,1.4372253646726476,fixed,0.7925906112773026,0.0,0.15657095286039296,2.4452279876434257,9.085634463228525,constant,0.7301675540742968,0.1918208825749546,majority,13141,1403,19200,0.05690104166666667,0.7791666666666667,0.7708333333333334,0.014404166666666668,0.15986666666666668,3.9503181949667345,4.873853211009174,,,,,1.1949447656058672,3245463
ldpc,N96_M48,tau_pSA,search,15,577,,,,7.621972431971593,9.988696768841002,7.6748656614448985,snr,0.39225050850555265,0.0,0.5940910475710616,2.693261532398195,11.99667971348658,piecewise,7.17149144727527,0.46120505358621217,best_state,5368,3019,9600,0.05868055555555556,0.7770833333333332,0.75625,0.014404166666666668,0.15986666666666668,4.073859801369203,4.860821517931608,,,,,1.207994030803588,378785
ldpc,N96_M48,tau_pSA,search,113,578,,,,3.8037246157717948,4.923786453869978,2.7856680506147473,snr,0.3754552105528753,0.0,0.9652357204970003,0.7976857692825077,5.9242487250861995,cosine,0.11666214546451824,0.7426453831604766,best_state,3791,4102,9600,0.06180555555555556,0.7395833333333334,0.7270833333333334,0.014404166666666668,0.15986666666666668,4.290810915051586,4.626251042535446,,,,,1.2114039872203273,1154847
ldpc,N96_M48,tau_pSA,search,736,579,,,,3.926252212544956,7.231301514414061,2.4037171287459675,fixed,0.7751810061668042,0.0,0.7250692012814597,2.647499160947886,11.014834317541863,linear,0.08167713072132793,0.1924763946084215,best_state,9368,162,9600,0.06875,0.7000000000000001,0.6770833333333334,0.014404166666666668,0.15986666666666668,4.772924501012438,4.378648874061718,,,,,1.2199931702267919,6088384
ldpc,N96_M48,tau_pSA,search,215,580,,,,3.44971954844432,3.9580588011398454,1.8545565819432712,fixed,0.5862174290037938,0.0,0.23765594823135888,1.1923760517364232,6.63881446129149,constant,0.9242079386586137,0.12237903888012121,last,12335,286,12800,0.09344618055555555,0.50625,0.44999999999999996,0.014404166666666668,0.15986666666666668,6.487440941085719,3.1667014178482065,,,,,1.2212877180530293,1962585
ldpc,N96_M48,tau_pSA,search,644,581,,,,5.273341865743566,11.804709984168436,1.6794541935808982,fixed,0.7204112134219,0.0,0.028125922802980777,2.4292010550688787,9.89899581771451,linear,0.22500956134840092,0.22068797468665793,best_state,8137,9326,19200,0.1425130208333333,0.44375000000000003,0.13749999999999998,0.014404166666666668,0.15986666666666668,9.893874746890365,2.7757506255212676,,,,,1.2370597509042143,5359836
ldpc,N96_M48,tau_pSA,search,197,582,,,,4.190777976764028,5.6566453054312555,2.178497281899991,snr,0.6675641001323946,0.0,0.02416683181751841,0.941405837263003,6.181539613358399,constant,2.584261154956096,0.09503520089294054,last,11961,614,12800,0.12901475694444442,0.46875,0.2125,0.014404166666666668,0.15986666666666668,8.956766464178958,2.932130942452043,,,,,1.2395329744603605,1820043
ldpc,N96_M48,tau_pSA,search,753,583,,,,3.043695569353537,8.95953088707241,1.6332174666336552,fixed,0.7621518454839287,0.0,0.6598239165296678,2.6587843244933045,11.498349634501434,linear,0.1768007462818689,0.2482022447772852,best_state,6694,6847,19200,0.06623263888888889,0.7416666666666666,0.7374999999999999,0.014404166666666668,0.15986666666666668,4.598158326101629,4.63928273561301,,,,,1.2460580980678828,6223007
ldpc,N96_M48,tau_pSA,search,21,584,,,,5.503015469676064,11.132462140565698,7.889265896487353,snr,0.4436384316386349,0.0,0.5593113283329892,2.9885569677189916,10.59195309177163,piecewise,6.162663927985402,0.4796838166680952,best_state,5235,3238,9600,0.06252170138888889,0.78125,0.7687499999999999,0.014404166666666668,0.15986666666666668,4.340528878603799,4.886884904086738,,,,,1.2470349431582113,426299
ldpc,N96_M48,tau_pSA,search,639,585,,,,4.985177670965223,11.853039701053712,2.32729779686615,fixed,0.7160281534548303,0.0,0.0296513277797313,2.4574231924412606,9.843066952223133,linear,0.15819488869905493,0.2806725133204062,best_state,7915,9208,19200,0.14103732638888888,0.45625,0.15208333333333332,0.014404166666666668,0.15986666666666668,9.791425609873686,2.8539407839866553,,,,,1.2512217181360894,5320241
ldpc,N96_M48,tau_pSA,search,143,586,,,,3.80348503626463,4.30833007191501,1.2651945589947085,snr,0.2948308226865522,0.0,0.545295822755595,0.8389460863775106,4.456648104675333,exponential,2.4988474744672664,0.5088916118590693,last,14086,3235,25600,0.0851779513888889,0.6291666666666667,0.6041666666666666,0.014404166666666668,0.15986666666666668,5.91342445280108,3.9355713094245197,,,,,1.2543414081899886,1392417
ldpc,N96_M48,tau_pSA,search,278,587,,,,5.13424607554971,5.931477755303944,2.63966236558161,snr,0.6884067640806696,0.0,0.8193672322508025,1.1576292118135287,6.528190745506772,constant,1.0767806038183783,0.09571719097259676,majority,11817,671,12800,0.06597222222222222,0.7666666666666666,0.75,0.014404166666666668,0.15986666666666668,4.580079066628097,4.7956630525437856,,,,,1.2581237539757404,2461482
ldpc,N96_M48,tau_pSA,search,337,588,,,,7.019324736372344,6.681846541955285,3.1672087088322707,snr,0.7177646694042299,0.0,0.2864611497210798,0.7773460348445562,6.454375277396326,constant,1.0171050386680656,0.008782685643426151,majority,12508,210,12800,0.08734809027777778,0.6458333333333334,0.5583333333333333,0.014404166666666668,0.15986666666666668,6.0640849484138455,4.039824854045038,,,,,1.259464490913405,2928703
ldpc,N96_M48,tau_pSA,search,204,589,,,,4.2658936472215885,5.5180559833358505,2.182855067316304,snr,0.6660101273982497,0.0,0.02590018303028835,0.9914027169989483,2.14675846331497,constant,1.0168527642879648,0.09617908194094711,last,12040,624,12800,0.15023871527777777,0.4770833333333333,0.15208333333333335,0.014404166666666668,0.15986666666666668,10.430226111271814,2.9842577147623013,,,,,1.269464792470346,1875476
ldpc,N96_M48,tau_pSA,search,472,590,,,,3.10266801053678,9.1703180838374,2.4152632181944087,fixed,0.7816811986013293,0.0,0.13437572255591998,2.551838151817128,11.44390290571778,piecewise,0.503600024925705,0.24129072642032193,majority,10069,847,12800,0.05952690972222222,0.8666666666666667,0.8604166666666666,0.014404166666666668,0.15986666666666668,4.1326173946581815,5.421184320266889,,,,,1.2766090335845568,3997768
ldpc,N96_M48,tau_pSA,search,737,591,,,,3.9049282298912393,7.763336308705056,1.25517521256994,fixed,0.7766713409623937,0.0,0.17368000266718178,2.215440522895472,11.106681569480102,linear,0.15020145642979213,0.1993063316351234,best_state,9334,247,9600,0.08754340277777778,0.6437499999999999,0.6,0.014404166666666668,0.15986666666666668,6.077644393018995,4.026793160967472,,,,,1.2838850599288787,6096303
ldpc,N96_M48,tau_pSA,search,161,592,,,,5.697501241715454,6.254204150613605,2.3661927413926755,snr,0.3175635469388935,0.0,0.03267485352257633,0.9712697113367721,5.175710215990216,exponential,1.3581275432320834,0.19228305350007213,last,11794,675,12800,0.1341579861111111,0.5041666666666667,0.25416666666666665,0.014404166666666668,0.15986666666666668,9.313831838781216,3.1536697247706416,,,,,1.2867321406335033,1534959
ldpc,N96_M48,tau_pSA,search,535,593,,,,3.611661246198692,10.718546246899711,2.6446178852075537,fixed,0.786702693789228,0.0,0.1430866708153001,2.044969315307118,11.080934966488934,piecewise,0.5910509119170817,0.2112347117723239,majority,9101,2224,12800,0.06024305555555556,0.8937499999999999,0.8916666666666667,0.014404166666666668,0.15986666666666668,4.182335358210394,5.590596330275228,,,,,1.3020089514057036,4496665
ldpc,N96_M48,tau_pSA,search,470,594,,,,3.0251486861450076,8.919858132271868,2.407061041289148,fixed,0.7798304267922619,0.0,0.12975993737201547,2.502969657581185,9.185359070072272,piecewise,0.5222985522561782,0.4654980289946673,majority,403,1487,12800,0.06145833333333334,0.8854166666666666,0.8854166666666666,0.014404166666666668,0.15986666666666668,4.266705235753544,5.53846955796497,,,,,1.305766135710166,3981930
ldpc,N96_M48,tau_pSA,search,497,595,,,,3.9287253689609143,10.270068227248851,1.0565722318599957,fixed,0.7184456569923161,0.0,0.16342087512218503,2.7052703229932242,11.539208319357716,piecewise,0.25827512625893134,0.25740008873697917,majority,4978,353,12800,0.0705295138888889,0.8020833333333334,0.78125,0.014404166666666668,0.15986666666666668,4.896466107414907,5.017201834862385,,,,,1.311640527616015,4195743
ldpc,N96_M48,tau_pSA,search,114,596,,,,1.1348748165360418,3.636023604544841,2.621296403843452,snr,0.3732167300973944,0.0,0.41133542921959015,0.7412307769161003,3.1738122781144367,cosine,0.12330462374546419,0.5531862989035012,best_state,14886,5641,25600,0.061046006944444446,0.9104166666666668,0.9104166666666668,0.014404166666666668,0.15986666666666668,4.238079741587118,5.694849874895747,,,,,1.3155403055070896,1162766
ldpc,N96_M48,tau_pSA,search,194,597,,,,4.433060652950741,5.733641007107019,2.1677496003922463,snr,0.6637089753627484,0.0,0.028304510831979185,0.9758643295152544,6.110182101500362,constant,1.1881922108912402,0.09244141353629605,last,12005,642,12800,0.15394965277777778,0.5125000000000001,0.18541666666666665,0.014404166666666668,0.15986666666666668,10.687855558769646,3.2057964970809008,,,,,1.3172191421752621,1796286
ldpc,N96_M48,tau_pSA,search,561,598,,,,2.88266038958554,8.441163735751287,2.936042941023573,fixed,0.774231940865813,0.0,0.7088129381073219,2.7632175441604288,11.266564193708618,piecewise,0.7188504518420056,0.3552732548636043,majority,7907,8136,19200,0.06182725694444444,0.9,0.8979166666666666,0.014404166666666668,0.15986666666666668,4.292317520007713,5.629691409507923,,,,,1.3207490236114738,4702559
ldpc,N96_M48,tau_pSA,search,382,599,,,,3.698477241690338,10.078027595109054,1.5374749807948134,fixed,0.7890605181984629,0.0,0.1606442846717723,2.154028888432156,8.94926954396549,constant,0.3408106564390897,0.2322427584481915,majority,13108,897,19200,0.06373697916666667,0.8979166666666667,0.8916666666666666,0.014404166666666668,0.15986666666666668,4.4248987561469475,5.616659716430358,,,,,1.3238820786798793,3285058
ldpc,N96_M48,tau_pSA,search,762,600,,,,3.216260563394196,10.057871803340806,2.683891010734481,fixed,0.6879107993039775,0.0,0.16724221667629455,2.391654532564051,10.34448988892799,linear,0.16074907227927387,0.2157220852626164,best_state,7493,17141,25600,0.056163194444444446,0.9791666666666666,0.9791666666666666,0.014404166666666668,0.15986666666666668,3.8990936264583933,6.124895746455379,,,,,1.328705998691607,6294278
ldpc,N96_M48,tau_pSA,search,500,601,,,,3.8675150073790108,10.483088560731359,1.0340738002094831,fixed,0.796550161779597,0.0,0.15762451835807545,2.7054525504159566,11.481476409255945,piecewise,0.2582616709072756,0.2644698263631929,majority,9866,768,12800,0.07161458333333333,0.8312500000000002,0.80625,0.014404166666666668,0.15986666666666668,4.971796355221289,5.199645537948291,,,,,1.3325434049198197,4219500
ldpc,N96_M48,tau_pSA,search,861,602,,,,5.71871577542159,5.698758352165203,2.8694627650991316,fixed,0.6400708005978308,0.0,0.19232920056784603,0.24037608414162762,9.832748707212613,linear,0.09586950736167031,0.31967480780598895,best_state,5231,18738,25600,0.1117404513888889,0.5958333333333333,0.5020833333333333,0.014404166666666668,0.15986666666666668,7.75750891910134,3.7270642201834856,,,,,1.3331947739485086,7078259
ldpc,N96_M48,tau_pSA,search,918,603,,,,0.09952652038210857,7.0309675885718725,2.430362901846228,fixed,0.5985434409355799,0.0,0.16372736701955842,0.3045866514178243,10.397316198501986,cosine,0.057734172431954514,0.3368400167992359,best_state,6605,17870,25600,0.059006076388888884,0.9625,0.9625,0.014404166666666668,0.15986666666666668,4.096458875711117,6.020642201834862,,,,,1.3379296481255218,7529642
ldpc,N96_M48,tau_pSA,search,958,604,,,,0.3418996797402729,7.7657142334337825,2.3056397578937062,fixed,0.5637911930343616,0.0,0.14375226229422627,0.4429427261096173,8.660473428473082,cosine,0.060467064479136495,0.3543178424503468,best_state,7730,16781,25600,0.06002604166666666,0.9583333333333334,0.9583333333333334,0.014404166666666668,0.15986666666666668,4.167269308649117,5.994578815679732,,,,,1.3392616810310136,7846402
ldpc,N96_M48,tau_pSA,search,909,605,,,,0.20398481855906977,7.081687422411684,2.524800402938011,fixed,0.6312934318843237,0.0,0.16158304051893274,0.2044788251770238,10.199590067739988,linear,0.09660251095874865,0.32208411428917827,best_state,5717,19386,25600,0.05904947916666667,0.9666666666666667,0.9666666666666667,0.014404166666666668,0.15986666666666668,4.099472085623373,6.046705587989991,,,,,1.3398420537852616,7458371
ldpc,N96_M48,tau_pSA,search,767,606,,,,3.248210490032203,11.95091035709275,2.7915571434451327,fixed,0.7988970894056293,0.0,0.1136256328910352,2.358812458947452,11.074352275118294,linear,0.14266420122822412,0.846361150423208,best_state,7427,9132,25600,0.05889756944444444,0.9729166666666668,0.9729166666666668,0.014404166666666668,0.15986666666666668,4.088925850930479,6.085800667222686,,,,,1.3416187331288594,6333873
ldpc,N96_M48,tau_pSA,search,766,607,,,,3.2219618884423737,9.809645037120484,2.743619502210148,fixed,0.0862061108545219,0.0,0.16368272982935106,2.357251526565322,10.305739957624743,linear,0.16401207794785885,0.30461843389208837,best_state,6815,16828,25600,0.060503472222222215,0.9625,0.9625,0.014404166666666668,0.15986666666666668,4.200414617683926,6.020642201834862,,,,,1.3444524974470666,6325954
ldpc,N96_M48,tau_pSA,search,749,608,,,,2.582524931739276,8.93589855245811,3.6193139033441226,fixed,0.7539590238124817,0.0,0.13523162284188606,2.646075509216048,11.478353732519352,linear,0.18012918762471578,0.2489881836420508,best_state,7345,10634,19200,0.060047743055555554,0.9708333333333333,0.9708333333333333,0.014404166666666668,0.15986666666666668,4.168775913605245,6.07276897414512,,,,,1.3450400731970797,6191331
ldpc,N96_M48,tau_pSA,search,881,609,,,,5.225435015267809,5.04278438048824,2.6910661862746883,fixed,0.6302214533873128,0.0,0.2080735505515826,0.13432450176535424,0.349218693274362,linear,0.07505970598903897,0.34565450306497564,best_state,4879,12250,25600,0.10985243055555555,0.59375,0.5666666666666667,0.014404166666666668,0.15986666666666668,7.626434287918232,3.714032527105921,,,,,1.345500129771728,7236639
ldpc,N96_M48,tau_pSA,search,932,610,,,,1.0105023521272718,7.198767408057054,3.7439076228781367,fixed,0.57536667382912,0.0,0.1547643541020251,0.3596582948359736,10.493550836310586,cosine,0.05360607203355566,0.39219541509620864,best_state,7066,18028,25600,0.06061197916666666,0.9729166666666668,0.9708333333333333,0.014404166666666668,0.15986666666666668,4.207947642464564,6.085800667222686,,,,,1.3510772975820198,7640508
ldpc,N96_M48,tau_pSA,search,760,611,,,,3.239925336669898,11.981081791855456,2.75781834232515,fixed,0.7376165751939048,0.0,0.16362878817441617,2.366114734037796,10.369389916599795,linear,0.1628756420773209,0.3183689808309434,best_state,8145,8491,19200,0.06163194444444445,0.9625,0.9625,0.014404166666666668,0.15986666666666668,4.278758075402565,6.020642201834862,,,,,1.3513615697996042,6278440
ldpc,N96_M48,tau_pSA,search,654,612,,,,0.7193359480534824,11.92582015374664,2.535125100072711,fixed,0.6926712562127358,0.0,0.07486948017575153,2.7299287272471386,11.154197672173833,linear,0.12698163508390128,0.2429038678447119,best_state,9242,7986,19200,0.061545138888888885,0.9791666666666666,0.9791666666666666,0.014404166666666668,0.15986666666666668,4.2727316555780535,6.124895746455379,,,,,1.3627514400429976,5439026
ldpc,N96_M48,tau_pSA,search,478,613,,,,3.0580059218751585,9.092223266302193,2.3850095546341885,fixed,0.7798802718349055,0.0,0.12864235429404489,2.450514875253172,11.845388272981552,piecewise,0.2355542767328121,0.24570400341119605,majority,9248,613,12800,0.06475694444444444,0.94375,0.9416666666666668,0.014404166666666668,0.15986666666666668,4.495709189084947,5.90335696413678,,,,,1.3694161959602063,4045282
ldpc,N96_M48,tau_pSA,search,103,614,,,,2.310860645737926,10.585229604647413,2.0740386782705125,snr,0.44404293559675045,0.0,0.6750775428063722,1.961825718095664,4.829733202036954,exponential,0.18373167395031414,0.658516521424526,best_state,18520,4788,25600,0.06200086805555557,0.9874999999999999,0.9874999999999999,0.014404166666666668,0.15986666666666668,4.304370359656736,6.177022518765637,,,,,1.3724222877837635,1075657
ldpc,N96_M48,tau_pSA,search,761,615,,,,3.2718809268770386,9.907377708927182,2.7566400253017753,fixed,0.6790128168009363,0.0,0.1640879976398538,2.3589869773205567,10.383418602701118,linear,0.16368356162840741,0.22249331714874113,best_state,7448,7079,25600,0.06603732638888889,0.9541666666666666,0.9520833333333334,0.014404166666666668,0.15986666666666668,4.58459888149648,5.968515429524603,,,,,1.3730938149321765,6286359
ldpc,N96_M48,tau_pSA,search,887,616,,,,5.378261664058667,5.3444207833017865,2.6913265234415538,fixed,0.6364627689649935,0.0,0.2137825451941961,0.14978389671020714,8.27884579302904,exponential,0.07656185601227707,0.378389810688911,best_state,6615,18094,25600,0.11803385416666667,0.59375,0.5270833333333333,0.014404166666666668,0.15986666666666668,8.194424356378363,3.714032527105921,,,,,1.3739650327457773,7284153
ldpc,N96_M48,tau_pSA,search,788,617,,,,0.16397718949922263,7.760018927246922,3.9061350450599925,fixed,0.7092620365476014,0.0,0.1104909061150394,2.7508072556832546,11.701818214729728,linear,0.1909774408727296,0.2827432974263356,best_state,6074,15736,25600,0.06360677083333333,0.9750000000000001,0.9750000000000001,0.014404166666666668,0.15986666666666668,4.415859126410181,6.09883236030025,,,,,1.374081710915244,6500172
ldpc,N96_M48,tau_pSA,search,97,618,,,,2.1827127190123683,9.813920866863368,1.7530545175762715,snr,0.4724963064145548,0.0,0.6227420571169153,1.4353681110018823,4.772745886513682,exponential,0.07842705281214225,0.6816005039426349,best_state,19118,4432,25600,0.06310763888888889,0.9791666666666666,0.9770833333333334,0.014404166666666668,0.15986666666666668,4.381207212419246,6.124895746455379,,,,,1.3742106743106688,1028143
ldpc,N96_M48,tau_pSA,search,98,619,,,,2.2481931189940196,10.277726969622062,2.2220957209940604,snr,0.45207029955313394,0.0,0.678395025744623,2.125716329686033,4.825353106105379,exponential,8.197656151637654,0.6768203341515425,best_state,19211,4404,25600,0.06295572916666668,0.9812500000000001,0.9812500000000001,0.014404166666666668,0.15986666666666668,4.370660977726353,6.137927439532944,,,,,1.374664058283037,1036062
ldpc,N96_M48,tau_pSA,search,712,620,,,,2.6891266810081134,10.805300106052881,2.641774662793539,fixed,0.7429059975999205,0.0,0.10059024640372428,2.998565674335642,10.705166774576513,linear,0.16280041490807054,0.2713980423470771,best_state,8510,10215,19200,0.06401909722222222,0.9708333333333332,0.9708333333333332,0.014404166666666668,0.15986666666666668,4.444484620576608,6.072768974145119,,,,,1.374950148212132,5898328
ldpc,N96_M48,tau_pSA,search,195,621,,,,4.196704530270306,5.4541053738194485,2.1328131736397022,snr,0.655590519402616,0.0,0.02470256489290082,1.4386475454938448,5.97555236872239,constant,1.1673236471325659,0.10562737792946945,last,11972,619,12800,0.18355034722222222,0.5187499999999999,0.15,0.014404166666666668,0.15986666666666668,12.742864718927779,3.2448915763135937,,,,,1.376265494983971,1804205
ldpc,N96_M48,tau_pSA,search,101,622,,,,2.1473516678383087,10.456176041288309,2.0483026471487045,snr,0.46510071849314766,0.0,0.6297382404672671,2.0646260419417084,4.814442775367515,exponential,0.08228263495979399,0.677331892755568,best_state,18130,4860,25600,0.063671875,0.9729166666666668,0.9729166666666668,0.014404166666666668,0.15986666666666668,4.420378941278565,6.085800667222686,,,,,1.3764123795105518,1059819
ldpc,N96_M48,tau_pSA,search,718,623,,,,2.852556352441931,10.515489774113762,2.5754780126190875,fixed,0.7418502189280098,0.0,0.09571791619356101,2.7722031885689304,10.877574419789749,cosine,0.24597355433696913,0.26480495200757526,best_state,8458,9951,19200,0.06293402777777778,0.9812500000000001,0.9812500000000001,0.014404166666666668,0.15986666666666668,4.3691543727702244,6.137927439532944,,,,,1.3775576725236562,5945842
ldpc,N96_M48,tau_pSA,search,48,624,,,,0.4310725284220777,2.3046669345569377,1.9022371542990242,snr,0.3340621769591128,0.0,0.47312493209184364,1.0422307757573175,6.2830612366568115,exponential,4.955373071797276,0.5699440769717286,best_state,4142,4075,12800,0.06299913194444444,0.9874999999999999,0.9874999999999999,0.014404166666666668,0.15986666666666668,4.373674187638607,6.177022518765637,,,,,1.3780035763571905,640112
ldpc,N96_M48,tau_pSA,search,100,625,,,,0.0765747543152083,10.194281242237583,2.0356740522460055,snr,0.46731518632964264,0.0,0.6770223870168691,1.3766223429614142,4.797712382482508,exponential,0.08579382241778112,0.6667798034171118,best_state,19064,4842,25600,0.06351996527777777,0.975,0.975,0.014404166666666668,0.15986666666666668,4.409832706585671,6.098832360300249,,,,,1.3787504853905732,1051900
ldpc,N96_M48,tau_pSA,search,105,626,,,,2.300317875140313,11.967256928449492,2.0621684953757553,snr,0.461217965140602,0.0,0.6261484906608956,2.0356758458438757,4.795568745678848,exponential,0.08291169251719122,0.594711179907127,best_state,18824,4824,25600,0.06393229166666665,0.9770833333333334,0.975,0.014404166666666668,0.15986666666666668,4.4384582007520965,6.111864053377815,,,,,1.3788017655652178,1091495
ldpc,N96_M48,tau_pSA,search,40,627,,,,0.37257301526579023,6.796137704565347,1.8365127088082884,snr,0.342150673389997,0.0,0.4795661060933809,0.7393224450467979,6.546589412512386,exponential,5.744403850666281,0.5773513509023034,best_state,4091,4288,12800,0.06263020833333334,0.9916666666666666,0.9916666666666666,0.014404166666666668,0.15986666666666668,4.348061903384438,6.2030859049207665,,,,,1.3797138199459547,576760
ldpc,N96_M48,tau_pSA,search,765,628,,,,3.222802125845387,9.905935778602805,2.7252487977055826,fixed,0.683855299400998,0.0,0.16700400476454685,2.378046314821484,11.073070079330627,linear,0.16224079383953624,0.21551105135031684,best_state,7194,6605,25600,0.06315104166666667,0.9874999999999999,0.9874999999999999,0.014404166666666668,0.15986666666666668,4.384220422331501,6.177022518765637,,,,,1.3817428696848313,6318035
ldpc,N96_M48,tau_pSA,search,108,629,,,,2.3055915788082553,10.841148601864141,2.1459913796404018,snr,0.456391871807537,0.0,0.6458017356318574,0.4499058168329144,4.68601679026336,exponential,0.30058864567099797,0.6662569802368887,best_state,20390,4415,25600,0.06569010416666667,0.9666666666666667,0.9666666666666667,0.014404166666666668,0.15986666666666668,4.560493202198438,6.046705587989991,,,,,1.3840917745332166,1115252
ldpc,N96_M48,tau_pSA,search,759,630,,,,3.235007517585694,10.045564806532697,2.795673662010812,fixed,0.7876714209337942,0.0,0.902807485646417,2.3374417132669194,10.406200036957555,linear,0.15692037471282821,0.3149183340472226,best_state,20446,5138,25600,0.06310763888888889,0.9874999999999999,0.9874999999999999,0.014404166666666668,0.15986666666666668,4.381207212419246,6.177022518765637,,,,,1.3854228246029927,6270521
ldpc,N96_M48,tau_pSA,search,698,631,,,,3.1237084298921665,9.452745536581414,2.054454994375184,fixed,0.763042820562939,0.0,0.12863319858079347,0.38434446313248005,9.833773750237915,linear,0.1889513607300737,0.2919668450442569,best_state,8997,9947,19200,0.06777343749999999,0.9541666666666666,0.9520833333333334,0.014404166666666668,0.15986666666666668,4.705127277986692,5.968515429524603,,,,,1.3862573018095388,5787462
ldpc,N96_M48,tau_pSA,search,671,632,,,,3.600871570725125,11.853843265688123,2.2640629355725177,fixed,0.7491913833382767,0.0,0.13734095392457496,2.2890881870153494,10.164067799260877,linear,0.14987844245291532,0.213901364463512,best_state,6567,6954,19200,0.06371527777777779,0.9916666666666666,0.9916666666666666,0.014404166666666668,0.15986666666666668,4.4233921511908205,6.2030859049207665,,,,,1.3866312263257414,5573649
ldpc,N96_M48,tau_pSA,search,717,633,,,,2.8769973779373714,10.402592009497296,2.6329158647227255,fixed,0.7399373885449251,0.0,0.15251167912683836,2.8853380986117036,10.742335902204148,cosine,0.16730124186126563,0.2682901453038763,best_state,7927,9190,19200,0.06410590277777778,0.9854166666666667,0.9833333333333334,0.014404166666666668,0.15986666666666668,4.450511040401119,6.163990825688073,,,,,1.388354180098942,5937923
ldpc,N96_M48,tau_pSA,search,653,634,,,,0.27526066252363557,10.729144441548996,2.5370910998930785,fixed,0.691974977390229,0.0,0.08205244137677431,2.7455348371433073,11.135316013999327,linear,0.19723536154019009,0.2378940413572992,best_state,9180,7720,19200,0.06480034722222222,0.9812500000000001,0.9812500000000001,0.014404166666666668,0.15986666666666668,4.498722398997203,6.137927439532944,,,,,1.3894504788951596,5431107
ldpc,N96_M48,tau_pSA,search,106,635,,,,2.3605227663918216,10.434115270146503,2.181900777660054,snr,0.45248541004640797,0.0,0.62482553098477,1.3826967634393634,4.717033436211672,exponential,0.20591244611068488,0.5048506267791674,best_state,18514,4422,25600,0.06477864583333333,0.9854166666666666,0.9854166666666666,0.014404166666666668,0.15986666666666668,4.497215794041075,6.163990825688073,,,,,1.3895288777734907,1099414
ldpc,N96_M48,tau_pSA,search,104,636,,,,2.220486451449822,11.986864927865252,2.1198951818599,snr,0.46569972862279085,0.0,0.7008849522752847,2.100469294674069,4.636130679209992,exponential,0.22844585570628936,0.6684493119113885,best_state,20690,4406,25600,0.06529947916666666,0.9833333333333334,0.9833333333333334,0.014404166666666668,0.15986666666666668,4.53337431298814,6.150959132610509,,,,,1.3937024214362204,1083576
ldpc,N96_M48,tau_pSA,search,560,637,,,,3.022278341720961,8.493894623218319,2.9175853533159097,fixed,0.7766790026595948,0.0,0.0752632234103399,0.197358259661894,1.35154976189959,piecewise,0.6909113222601639,0.18237778381951586,majority,7656,6408,19200,0.06870659722222223,0.9479166666666666,0.9479166666666666,0.014404166666666668,0.15986666666666668,4.7699112911001835,5.929420350291909,,,,,1.3938164232506616,4694640
ldpc,N96_M48,tau_pSA,search,107,638,,,,2.315270154753826,10.216401365555939,2.073127875586761,snr,0.45664830429653425,0.0,0.6501355212069937,1.879044284087002,4.808693651270998,exponential,0.07161738355031022,0.6711573739911688,best_state,19039,4381,25600,0.0652126736111111,0.9854166666666666,0.9833333333333334,0.014404166666666668,0.15986666666666668,4.527347893163629,6.163990825688073,,,,,1.3946678637892165,1107333
ldpc,N96_M48,tau_pSA,search,379,639,,,,3.5505611913378043,9.88749171324906,1.4753415523293787,fixed,0.7918651849751931,0.0,0.15079571269935313,1.8976185857371282,8.965600470971578,constant,0.7451001116050708,0.19411115628100867,majority,13060,1484,19200,0.06705729166666667,0.9645833333333332,0.9645833333333332,0.014404166666666668,0.15986666666666668,4.655409314434481,6.033673894912425,,,,,1.3965858634448782,3261301
ldpc,N96_M48,tau_pSA,search,99,640,,,,2.3385808756926227,10.2166594246805,2.075185817834454,snr,0.4617410258644932,0.0,0.22173925494312288,1.3901324822487422,4.724678583214784,exponential,0.0844821789534919,0.6627047912370585,best_state,18639,4371,25600,0.06549479166666668,0.9874999999999999,0.9874999999999999,0.014404166666666668,0.15986666666666668,4.5469337575932895,6.177022518765637,,,,,1.3984324688862464,1043981
ldpc,N96_M48,tau_pSA,search,814,641,,,,0.6366877530989952,6.072248087142721,2.733595313246133,fixed,0.6163573818622814,0.0,0.20835885994717507,0.193463796727907,9.456459418139325,linear,0.09378119032634624,0.29428301884942926,best_state,6052,9231,25600,0.06597222222222222,0.9833333333333334,0.9833333333333334,0.014404166666666668,0.15986666666666668,4.580079066628097,6.150959132610509,,,,,1.3988127887175477,6706066
ldpc,N96_M48,tau_pSA,search,44,642,,,,0.3771184486584984,6.172245689516471,1.9907104729535148,snr,0.33137121934792746,0.0,0.49744795306922573,0.7497975460400987,4.614818728932104,piecewise,5.604044300447606,0.5761063870981913,best_state,6603,3920,12800,0.06564670138888888,0.9874999999999999,0.9874999999999999,0.014404166666666668,0.15986666666666668,4.557479992286182,6.177022518765637,,,,,1.3995626935933496,608436
ldpc,N96_M48,tau_pSA,search,676,643,,,,2.6715009865571404,8.251545028283834,1.988794844124751,fixed,0.7303444457287315,0.0,0.10670725910492977,2.492898122132089,3.0745572293665226,linear,0.17224485664421155,0.26463546061839865,best_state,7734,7344,19200,0.06848958333333334,0.9666666666666667,0.9666666666666667,0.014404166666666668,0.15986666666666668,4.754845241538907,6.046705587989991,,,,,1.4010945668123844,5613244
ldpc,N96_M48,tau_pSA,search,582,644,,,,4.671848483914869,11.957476909414167,1.667107963141177,llr,0.7173605833291589,0.0,0.08181493989232594,0.03300612528161105,0.45727517718985145,piecewise,0.16674565150975465,0.2903946391231782,majority,7776,10865,19200,0.06994357638888889,0.9416666666666665,0.9395833333333333,0.014404166666666668,0.15986666666666668,4.8557877735994595,5.890325271059215,,,,,1.4010972728667783,4868858
ldpc,N96_M48,tau_pSA,search,799,645,,,,1.2571181407575245,6.355988819139283,2.5056589212507534,fixed,0.6966240878466757,0.0,0.1864212268706681,2.484817370850998,11.279664364578776,linear,0.10521617941094641,0.25847312694200064,best_state,7050,8687,25600,0.06701388888888889,0.9729166666666668,0.9729166666666668,0.014404166666666668,0.15986666666666668,4.652396104522225,6.085800667222686,,,,,1.4026916330049648,6587281
ldpc,N96_M48,tau_pSA,search,670,646,,,,1.6950217214185137,11.851785436175275,2.2346974081498705,fixed,0.7470881503730468,0.0,0.14234995936869596,2.2821982917378114,10.156128892243563,linear,0.14825171525927477,0.211662481826042,best_state,8674,8378,19200,0.06649305555555556,0.9916666666666667,0.9916666666666667,0.014404166666666668,0.15986666666666668,4.616237585575162,6.2030859049207665,,,,,1.4060965695826042,5565730
ldpc,N96_M48,tau_pSA,search,102,647,,,,2.2521067735586953,10.021855883365335,2.0462263541706975,snr,0.4472919400351239,0.0,0.6329304336376291,2.2765776857976334,4.824858706198304,exponential,0.06679589059188863,0.6724878667640402,best_state,19131,4267,25600,0.06727430555555557,0.9854166666666666,0.9833333333333334,0.014404166666666668,0.15986666666666668,4.670475363995758,6.163990825688073,,,,,1.4063331783852409,1067738
ldpc,N96_M48,tau_pSA,search,669,648,,,,3.5998229122680696,11.98334317253253,2.2569479627835927,fixed,0.75256625227319,0.0,0.13260986235423058,2.3128352685119267,10.137099876036025,linear,0.14168835929725274,0.21885913724663347,best_state,8719,9551,19200,0.06733940972222223,0.9895833333333334,0.9895833333333334,0.014404166666666668,0.15986666666666668,4.67499517886414,6.1900542118432025,,,,,1.4068812236585189,5557811
ldpc,N96_M48,tau_pSA,search,43,649,,,,0.3872504925166744,6.750601974347373,1.8897518419243549,snr,0.4938539975599592,0.0,0.48769505666906915,1.0504755322358876,4.930309570541576,exponential,5.488026196861708,0.5878811133850639,best_state,6623,3703,12800,0.0689453125,0.9729166666666668,0.9729166666666668,0.014404166666666668,0.15986666666666668,4.7864839456175865,6.085800667222686,,,,,1.408393402569696,600517
ldpc,N96_M48,tau_pSA,search,119,650,,,,1.2347221733495186,7.255641470040876,2.777893545069437,snr,0.42980147776996575,0.0,0.5022668770252396,0.7295054992540455,3.286499703201524,cosine,0.6573063631946028,0.5538142861704363,best_state,3555,4120,9600,0.06888020833333332,0.9874999999999999,0.9874999999999999,0.014404166666666668,0.15986666666666668,4.781964130749203,6.177022518765637,,,,,1.4168852046362892,1202361
ldpc,N96_M48,tau_pSA,search,661,651,,,,3.586560983724969,11.978389110700395,2.2461561673199224,fixed,0.7465488586038979,0.0,0.14452529675520895,2.3240815066664435,10.25349562362283,linear,0.14068629116207063,0.2174181900552294,best_state,6527,7143,19200,0.06840277777777777,0.9833333333333334,0.9791666666666666,0.014404166666666668,0.15986666666666668,4.748818821714395,6.150959132610509,,,,,1.418506499344938,5494459
ldpc,N96_M48,tau_pSA,search,629,652,,,,0.9378075116693909,10.685431205251636,2.0660185062782435,fixed,0.7436730200107158,0.0,0.10035759061387378,2.707011389328046,11.3066753533698,linear,0.17518464274555143,0.2568573567884365,best_state,8551,8616,19200,0.06944444444444443,0.9874999999999999,0.9874999999999999,0.014404166666666668,0.15986666666666668,4.821135859608523,6.177022518765637,,,,,1.418901197366153,5241051
ldpc,N96_M48,tau_pSA,search,789,653,,,,1.5329588168382644,7.6815853665527,2.008244812879994,fixed,0.7102597387095081,0.0,0.10788233983994494,2.8074789194233594,3.382646241093152,linear,0.19024954097204327,0.2649189974444869,best_state,7518,8791,25600,0.06874999999999999,0.9875000000000002,0.9875000000000002,0.014404166666666668,0.15986666666666668,4.7729245010124375,6.1770225187656385,,,,,1.4211284922118508,6508091
ldpc,N96_M48,tau_pSA,search,636,654,,,,2.048833229939363,10.764883052684297,2.07414649983004,fixed,0.7450306884467,0.0,0.0952962610051659,2.7290680225417683,10.869537026660016,linear,0.21432987327655972,0.2597960102635417,best_state,6785,8718,19200,0.06742621527777777,0.9979166666666667,0.9979166666666667,0.014404166666666668,0.15986666666666668,4.68102159868865,6.24218098415346,,,,,1.4211496656547895,5296484
ldpc,N96_M48,tau_pSA,search,378,655,,,,3.644980233035139,10.446509837306277,1.5269707041381468,fixed,0.7878093792472867,0.0,0.1588686863857187,2.768164448810886,8.174851456839146,constant,0.7791081102431681,0.2218617053569829,majority,9932,428,19200,0.07057291666666667,0.9666666666666667,0.9666666666666667,0.014404166666666668,0.15986666666666668,4.899479317327162,6.046705587989991,,,,,1.4232433022155035,3253382
ldpc,N96_M48,tau_pSA,search,702,656,,,,3.0891259293768374,9.435976006713581,2.0938997516635625,fixed,0.7624460894346896,0.0,0.12504853586193568,2.506757210813218,10.605964499621923,linear,0.18795564365429915,0.2423528331707141,best_state,8927,8514,19200,0.06901041666666667,0.9874999999999999,0.9874999999999999,0.014404166666666668,0.15986666666666668,4.79100376048597,6.177022518765637,,,,,1.425297107512222,5819138
ldpc,N96_M48,tau_pSA,search,758,657,,,,3.0913600508693837,9.831655735941347,2.180629474546865,fixed,0.7341012987401585,0.0,0.16362764358082094,2.35344892734107,10.412257548139374,linear,0.07073590629722684,0.3025916057448642,best_state,7288,6516,25600,0.06990017361111112,0.9875000000000002,0.9875000000000002,0.014404166666666668,0.15986666666666668,4.852774563687205,6.1770225187656385,,,,,1.4253760700152094,6262602
ldpc,N96_M48,tau_pSA,search,633,658,,,,0.050866424820419295,10.591912366409385,2.061121651917537,fixed,0.7467048299232616,0.0,0.16940395835417582,2.6956302193650323,10.908033848075881,linear,0.17269115157130543,0.2555654428443196,best_state,8594,8587,19200,0.07037760416666666,0.9916666666666667,0.9916666666666667,0.014404166666666668,0.15986666666666668,4.885919872722012,6.2030859049207665,,,,,1.4284543744853329,5272727
ldpc,N96_M48,tau_pSA,search,681,659,,,,2.7003169263105717,8.43379544538451,1.9363166258919686,fixed,0.7285083821733569,0.0,0.17384644684965297,0.0800403021244068,8.800296756208972,linear,0.173673776146608,0.2611610187286347,best_state,7641,8794,19200,0.07157118055555556,0.9770833333333333,0.9770833333333333,0.014404166666666668,0.15986666666666668,4.968783145309034,6.111864053377814,,,,,1.4293352676922895,5652839
ldpc,N96_M48,tau_pSA,search,662,660,,,,3.5857843796054607,11.850265353811892,2.2754653386978645,fixed,0.7530891690032513,0.0,0.14529412604065126,0.2937720432335327,9.287848217214629,linear,0.14319382942168865,0.21486723648466702,best_state,6992,7149,19200,0.06942274305555556,0.99375,0.99375,0.014404166666666668,0.15986666666666668,4.819629254652396,6.216117597998331,,,,,1.43044545224001,5502378
ldpc,N96_M48,tau_pSA,search,677,661,,,,2.6910971737739278,8.356064882388123,1.9221804541314778,fixed,0.7311071284244288,0.0,0.1838215774420749,0.21521877248814547,9.332540527108803,linear,0.10641271073188308,0.26256234818553575,best_state,8309,9775,19200,0.07074652777777778,0.9916666666666666,0.9916666666666666,0.014404166666666668,0.15986666666666668,4.911532156976183,6.2030859049207665,,,,,1.4345078826106659,5621163
ldpc,N96_M48,tau_pSA,search,726,662,,,,0.41320165364844375,8.398862658501043,1.8545214640031762,fixed,0.7207752254859018,0.0,0.15397388985708546,2.409928401217356,11.359597959293362,linear,0.09495407872833887,0.22610331362985348,best_state,8816,7696,19200,0.07194010416666667,0.9812500000000001,0.9812500000000001,0.014404166666666668,0.15986666666666668,4.994395429563205,6.137927439532944,,,,,1.436387668674581,6009194
ldpc,N96_M48,tau_pSA,search,38,663,,,,0.5292373549335576,6.832732857651752,4.761766907704714,snr,0.49621092366748604,0.0,0.41345375528314926,0.8293160980765658,4.387964941649005,exponential,5.526074235736061,0.5789124479534262,best_state,4255,4187,12800,0.07159288194444445,0.9958333333333332,0.99375,0.014404166666666668,0.15986666666666668,4.970289750265162,6.229149291075895,,,,,1.4404749836275867,560922
ldpc,N96_M48,tau_pSA,search,775,664,,,,0.8183023422749149,7.0580904740610055,3.152517600459833,llr,0.6762548646133989,0.0,0.14019826217439008,2.0688279522294493,11.017677212834181,linear,0.14194482674203338,0.2310816216590686,best_state,6465,9157,25600,0.07096354166666667,0.9958333333333332,0.9958333333333332,0.014404166666666668,0.15986666666666668,4.92659820653746,6.229149291075895,,,,,1.4419873300001533,6397225
ldpc,N96_M48,tau_pSA,search,640,665,,,,5.053252416670956,11.854121589720881,1.6559200356401758,fixed,0.7156256541273561,0.0,0.018610547448711406,2.4485628042068113,9.837968447697783,linear,0.22851031779639783,0.2798428682179362,best_state,7885,9764,19200,0.21239149305555557,0.5854166666666667,0.1416666666666667,0.014404166666666668,0.15986666666666668,14.745142705621445,3.661905754795663,,,,,1.4481587137014353,5328160
ldpc,N96_M48,tau_pSA,search,532,666,,,,3.6361141138468938,10.870198983326226,2.5994930263866807,fixed,0.7924331612666268,0.0,0.1444992447845515,0.04487953434662923,11.78862744058042,piecewise,0.5882117749025405,0.211960823133727,majority,9065,933,12800,0.07217881944444444,0.99375,0.99375,0.014404166666666668,0.15986666666666668,5.010968084080609,6.216117597998331,,,,,1.4483931102092684,4472908
ldpc,N96_M48,tau_pSA,search,692,667,,,,2.396590228962157,7.55516523252728,1.7531136260259217,fixed,0.6992281865797995,0.0,0.16494820017927275,2.194715965787193,11.548178704887222,linear,0.16417729888102528,0.19694424214382925,best_state,7071,8744,19200,0.07361111111111111,0.99375,0.99375,0.014404166666666668,0.15986666666666668,5.110404011185035,6.216117597998331,,,,,1.455825787034693,5739948
ldpc,N96_M48,tau_pSA,search,668,668,,,,3.559607451707986,11.913289732527357,2.2304031409560365,fixed,0.7570229194218734,0.0,0.14232306058070285,0.28574372994458125,9.337219598516507,linear,0.08869711915817145,0.20753863463642336,best_state,8544,1672,19200,0.0738064236111111,1.0,1.0,0.014404166666666668,0.15986666666666668,5.123963455790183,6.255212677231025,,,,,1.4565245872233485,5549892
ldpc,N96_M48,tau_pSA,search,696,669,,,,2.3480098568683245,7.130566522263972,1.778187497005461,fixed,0.703500457422943,0.0,0.19913611295615818,0.1612434728462855,11.79741597850264,linear,0.11750583983969984,0.22548395341132865,best_state,8229,10282,19200,0.07588975694444444,0.9875000000000002,0.9875000000000002,0.014404166666666668,0.15986666666666668,5.26859753157844,6.1770225187656385,,,,,1.4570121854055527,5771624
ldpc,N96_M48,tau_pSA,search,666,670,,,,3.516249968295351,11.97561219733414,2.2259560863201373,fixed,0.753136045170829,0.0,0.1456388049012498,2.3727109780237186,10.275524848709427,linear,0.15587644141239065,0.21560470251842104,best_state,8683,1664,19200,0.07454427083333333,0.9958333333333332,0.9958333333333332,0.014404166666666668,0.15986666666666668,5.175188024298524,6.229149291075895,,,,,1.4600164098418407,5534054
ldpc,N96_M48,tau_pSA,search,318,671,,,,6.320946600223481,5.628414961763343,1.989116293123155,snr,0.6789657167610251,0.0,0.32781954547568387,0.42789899805435266,0.7155539339437028,constant,1.3490879906179107,0.11709653411899604,majority,11079,1114,12800,0.08433159722222222,0.9125,0.9020833333333332,0.014404166666666668,0.15986666666666668,5.8546668595121005,5.707881567973311,,,,,1.4620470802215209,2778242
ldpc,N96_M48,tau_pSA,search,202,672,,,,4.215275068685971,5.764718900552273,2.188595157541469,snr,0.674544136259311,0.0,0.030092055805382205,0.2931539324443965,7.059466244920723,constant,2.4728681967931045,0.0951751003674986,last,11916,647,12800,0.09544270833333335,0.8395833333333332,0.8229166666666666,0.014404166666666668,0.15986666666666668,6.626048597049466,5.251772310258548,,,,,1.4634719370995195,1859638
ldpc,N96_M48,tau_pSA,search,782,673,,,,0.1672751571887572,10.787895570798318,2.1996251054351195,fixed,0.7075518675544943,0.0,0.11366223918473227,2.8059552461032458,11.696210235448273,linear,0.18312562121161205,0.2797788224191472,best_state,24338,1228,25600,0.07515190972222223,0.9958333333333332,0.9958333333333332,0.014404166666666668,0.15986666666666668,5.217372963070099,6.229149291075895,,,,,1.4650989116555162,6452658
ldpc,N96_M48,tau_pSA,search,748,674,,,,2.989589229185865,9.023634654416648,1.6442530416745118,fixed,0.7568492986835397,0.0,0.20393906796587422,2.594365598678355,11.488050599390125,linear,0.12722867377624292,0.24211146741702605,best_state,6305,11764,19200,0.07760416666666665,0.9812500000000001,0.9812500000000001,0.014404166666666668,0.15986666666666668,5.387619323112524,6.137927439532944,,,,,1.4680022700570337,6183412
ldpc,N96_M48,tau_pSA,search,693,675,,,,2.3318758036924385,7.073077813726203,1.7417847238005604,fixed,0.7052618152295745,0.0,0.19039353272593046,0.08764563436907576,11.867567344509867,linear,0.15482558475225458,0.20117322191117754,best_state,8246,8784,19200,0.07601996527777777,0.9895833333333334,0.9895833333333334,0.014404166666666668,0.15986666666666668,5.277637161315205,6.1900542118432025,,,,,1.468317024041766,5747867
ldpc,N96_M48,tau_pSA,search,991,676,,,,6.223701460630655,6.236837893416279,2.2311412385580893,fixed,0.4835937745285776,0.0,0.15596285371745167,0.33299900381324304,6.929113857598076,cosine,0.0571784344630676,0.40889857015509795,best_state,7277,15810,25600,0.12057291666666665,0.7104166666666667,0.6687500000000001,0.014404166666666668,0.15986666666666668,8.370697136245298,4.443807339449541,,,,,1.4703697538816585,8107729
ldpc,N96_M48,tau_pSA,search,619,677,,,,1.3575019749894295,9.477490041445511,1.7990286845318555,fixed,0.7263371182985595,0.0,0.12057272240601921,0.038919642883647125,9.090628598275362,linear,0.14521920086955822,0.23315536418070057,best_state,8998,8242,19200,0.07608506944444443,0.9958333333333332,0.9958333333333332,0.014404166666666668,0.15986666666666668,5.282156976183588,6.229149291075895,,,,,1.4712402385310164,5161861
ldpc,N96_M48,tau_pSA,search,514,678,,,,2.562503010428545,7.567418281521478,1.8413685839872957,fixed,0.7429110597464031,0.0,0.9454210079709096,2.1740531146852407,9.896442200890956,cosine,0.36728659315665224,0.19874841930829196,majority,10309,692,12800,0.07673611111111112,0.99375,0.99375,0.014404166666666668,0.15986666666666668,5.3273551248674185,6.216117597998331,,,,,1.4746121960472118,4330366
ldpc,N96_M48,tau_pSA,search,151,679,,,,3.103797917205489,8.923916293993189,1.8307981304312384,snr,0.3442800379481236,0.0,0.1219139617741467,1.2991978927189332,3.8988570456140756,piecewise,1.9404594796808605,0.6423182584151383,last,12914,1426,19200,0.083984375,0.9375,0.9333333333333332,0.014404166666666668,0.15986666666666668,5.830561180214058,5.864261884904086,,,,,1.474640032319255,1455769
ldpc,N96_M48,tau_pSA,search,751,680,,,,2.732978291339854,9.057597503948466,1.689210123598645,fixed,0.7984721838188156,0.0,0.13147378923884764,2.6554535647917987,11.491576794462487,linear,0.12443505661346875,0.24816077034979955,best_state,6259,7331,19200,0.07753906249999999,0.99375,0.99375,0.014404166666666668,0.15986666666666668,5.3830995082441415,6.216117597998331,,,,,1.4758640161173011,6207169
ldpc,N96_M48,tau_pSA,search,569,681,,,,3.800446381393268,10.023830658789997,2.0905357976096,fixed,0.7226602305266235,0.0,0.11317662293308095,0.08299820109062198,0.2775425007104359,piecewise,0.21575378092992983,0.23011245385607698,majority,7161,7473,19200,0.07719184027777777,0.99375,0.99375,0.014404166666666668,0.15986666666666668,5.358993828946099,6.216117597998331,,,,,1.4759683314935295,4765911
ldpc,N96_M48,tau_pSA,search,780,682,,,,0.12518720242136475,6.996290212126346,4.634020331091438,llr,0.7121047959498847,0.0,0.14292225734872577,2.1437927894568047,11.94334144799637,linear,0.14169131385526743,0.23177279768405917,best_state,6482,9098,25600,0.07690972222222221,1.0,1.0,0.014404166666666668,0.15986666666666668,5.339407964516439,6.255212677231025,,,,,1.479091408247462,6436820
ldpc,N96_M48,tau_pSA,search,685,683,,,,2.2136237751857677,7.484267842476758,1.704440199551871,fixed,0.698180332783102,0.0,0.16658810809462057,2.286728885896084,11.545191438068024,linear,0.11482366771592319,0.2285926836692544,best_state,8354,8774,19200,0.07779947916666667,1.0,1.0,0.014404166666666668,0.15986666666666668,5.401178767717674,6.255212677231025,,,,,1.4808515602127224,5684515
ldpc,N96_M48,tau_pSA,search,755,684,,,,2.786979491435104,8.817657980539247,1.629122005873561,fixed,0.7577513852876526,0.0,0.6695961991786299,2.5552595650869283,11.479246514401746,linear,0.1278394930065464,0.23618088330158593,best_state,6633,11448,19200,0.07905815972222223,0.9895833333333334,0.9895833333333334,0.014404166666666668,0.15986666666666668,5.488561855173079,6.1900542118432025,,,,,1.4814778846486116,6238845
ldpc,N96_M48,tau_pSA,search,565,685,,,,3.7920270673377665,10.001984415259145,2.114368484880662,fixed,0.7586509446606743,0.0,0.11792906012796137,0.15240130345730837,0.24589454660085772,piecewise,0.5354930338867575,0.23974101973988216,majority,8656,1370,19200,0.07934027777777779,0.9958333333333332,0.9958333333333332,0.014404166666666668,0.15986666666666668,5.508147719602738,6.229149291075895,,,,,1.491571549600726,4734235
ldpc,N96_M48,tau_pSA,search,537,686,,,,3.645870086853032,10.939543084756297,2.624871778709271,fixed,0.7992695113110649,0.0,0.1477397678010197,1.9999973689527475,11.102578428733409,piecewise,0.6127673586520981,0.21125427640232428,majority,8914,2311,12800,0.07981770833333333,0.9979166666666667,0.9979166666666667,0.014404166666666668,0.15986666666666668,5.541293028637547,6.24218098415346,,,,,1.4950670611549441,4512503
ldpc,N96_M48,tau_pSA,search,719,687,,,,2.8782581518307215,10.717215710731814,1.5202251791900379,fixed,0.7420033336160506,0.0,0.04641136633528097,2.998951874530158,10.730159880918075,linear,0.17218337078478166,0.2692320920416507,best_state,7836,10205,19200,0.07992621527777777,0.9979166666666667,0.9979166666666667,0.014404166666666668,0.15986666666666668,5.548826053418185,6.24218098415346,,,,,1.4956356938272763,5953761
ldpc,N96_M48,tau_pSA,search,752,688,,,,2.8359909751690306,8.930788404799808,1.6548227078646998,fixed,0.7589204920123475,0.0,0.6514256205909509,2.6394422517298466,11.464617577185342,linear,0.1249986253717935,0.2521093863663641,best_state,5910,9006,19200,0.0802734375,0.9958333333333332,0.9958333333333332,0.014404166666666668,0.15986666666666668,5.572931732716228,6.229149291075895,,,,,1.4958097555730836,6215088
ldpc,N96_M48,tau_pSA,search,641,689,,,,3.521441494403581,11.597600418027922,1.6388034511989522,fixed,0.7159349180238961,0.0,0.014841349529647857,0.13058561547442524,9.085455873982294,linear,0.22103093685193004,0.28618280838159077,best_state,8242,9195,19200,0.08033854166666667,0.9979166666666667,0.9979166666666667,0.014404166666666668,0.15986666666666668,5.5774515475846105,6.24218098415346,,,,,1.4975667456412982,5336079
ldpc,N96_M48,tau_pSA,search,892,690,,,,6.5992840921105,6.345624900162269,3.216692782346516,fixed,0.6666313177120573,0.0,0.18585579414239026,0.17263706161915088,10.13156273293853,exponential,0.11373861502674125,0.2846688388357952,best_state,6686,18407,25600,0.17992621527777777,0.6895833333333332,0.3833333333333333,0.014404166666666668,0.15986666666666668,12.491261691254458,4.313490408673894,,,,,1.499338542927401,7323748
ldpc,N96_M48,tau_pSA,search,564,691,,,,2.874908028890205,8.578230892517272,2.800185424887737,fixed,0.7749488017463847,0.0,0.03229192586823134,0.23385962204924648,1.8584560311539318,piecewise,0.7091006469374297,0.18289425000857543,majority,8290,1773,19200,0.08092447916666667,0.9979166666666667,0.9979166666666667,0.014404166666666668,0.15986666666666668,5.618129881400058,6.24218098415346,,,,,1.5004403134056354,4726316
ldpc,N96_M48,tau_pSA,search,747,692,,,,2.5794622426956457,8.833390452181723,1.6062150953841565,fixed,0.757675381395946,0.0,0.1343802030927744,2.621774403965046,11.509559130866018,linear,0.0651955397142809,0.250500145909551,best_state,6374,7486,19200,0.08059895833333335,1.0,1.0,0.014404166666666668,0.15986666666666668,5.595530807058143,6.255212677231025,,,,,1.5006797236361344,6175493
ldpc,N96_M48,tau_pSA,search,745,693,,,,2.808796599184732,8.928223470988042,1.6019637666620123,fixed,0.7562965588988796,0.0,0.20496714579169065,2.6331387761919025,11.486259624119073,linear,0.12436886950566294,0.24250912643929892,best_state,5534,7318,19200,0.08125,1.0,1.0,0.014404166666666668,0.15986666666666668,5.640728955741973,6.255212677231025,,,,,1.50107626388256,6159655
ldpc,N96_M48,tau_pSA,search,756,694,,,,2.6256479428052626,9.003497209098976,1.606574162970406,fixed,0.7606032958565335,0.0,0.19588377009125854,2.648443815914375,11.470122446646139,linear,0.1758302712757905,0.24813807209922767,best_state,6792,8983,19200,0.08190104166666666,1.0,1.0,0.014404166666666668,0.15986666666666668,5.685927104425802,6.255212677231025,,,,,1.5015729505107713,6246764
ldpc,N96_M48,tau_pSA,search,325,695,,,,5.587294932062515,8.445510750973138,2.2487166454746084,snr,0.7535835813341639,0.0,0.31771736393847705,0.1286484094264622,9.515152263001385,constant,1.4569055018630637,0.07567765415695293,majority,11280,677,12800,0.08231336805555556,0.9874999999999999,0.9874999999999999,0.014404166666666668,0.15986666666666668,5.7145525985922285,6.177022518765637,,,,,1.5017295863469817,2833675
ldpc,N96_M48,tau_pSA,search,715,696,,,,2.8836278843694614,10.432603029775962,1.5109671472884891,fixed,0.7413230927473902,0.0,0.10027849422295908,2.7452824632041146,10.71076039800011,linear,0.13358017911854506,0.2679906585093627,best_state,8489,10100,19200,0.08216145833333333,0.9979166666666667,0.9979166666666667,0.014404166666666668,0.15986666666666668,5.7040063638993335,6.24218098415346,,,,,1.503148675181459,5922085
ldpc,N96_M48,tau_pSA,search,746,697,,,,2.817217169485213,8.9402491004957,1.5995594269426199,fixed,0.7579839933307165,0.0,0.20424546622465178,2.6252483494848122,11.480629937759478,linear,0.12757665923412315,0.24425818634789756,best_state,5806,7304,19200,0.08142361111111111,1.0,1.0,0.014404166666666668,0.15986666666666668,5.652781795390994,6.255212677231025,,,,,1.5049529790277703,6167574
ldpc,N96_M48,tau_pSA,search,147,698,,,,3.163510906843113,9.142737285511384,1.7849578127101446,snr,0.23340434888751424,0.0,0.14338457999560944,1.2933194639260648,3.9060403415231923,piecewise,0.8836720093776884,0.030547434203202467,last,16048,2791,19200,0.08980034722222223,0.9604166666666667,0.9583333333333334,0.014404166666666668,0.15986666666666668,6.234331308456272,6.007610508757297,,,,,1.5109248426245763,1424093
ldpc,N96_M48,tau_pSA,search,389,699,,,,2.921659787341474,8.827887481056042,1.951577619679158,fixed,0.7598345408310296,0.0,0.1798170725216586,1.9016422212668083,7.8564627982244195,piecewise,0.15247724050635378,0.15240428221457963,majority,10530,757,12800,0.08283420138888889,1.0,1.0,0.014404166666666668,0.15986666666666668,5.750711117539292,6.255212677231025,,,,,1.5121376165352727,3340491
ldpc,N96_M48,tau_pSA,search,198,700,,,,4.541076776505394,5.5023929205713324,2.2432918728917146,snr,0.6773051070333256,0.0,0.2990913392016602,0.2993952849948443,2.062558019038533,constant,1.2327904492380626,0.090962563372609,last,12014,607,12800,0.1220920138888889,0.7875,0.7541666666666668,0.014404166666666668,0.15986666666666668,8.476159483174236,4.925979983319432,,,,,1.5236496125895789,1827962
ldpc,N96_M48,tau_pSA,search,709,701,,,,2.862732857714533,10.53845562677251,1.4747328068109213,fixed,0.7401922881594325,0.0,0.0977783046425428,2.99869294733971,10.721175978911845,cosine,0.15722898828466336,0.2772920341960949,best_state,7910,9954,19200,0.08626302083333333,0.9979166666666667,0.9979166666666667,0.014404166666666668,0.15986666666666668,5.988754700607463,6.24218098415346,,,,,1.5248987441759028,5874571
ldpc,N96_M48,tau_pSA,search,54,702,,,,2.8206819318362992,3.098583190417501,0.9427220405073857,fixed,0.15050702825002513,0.0,0.3135455476811761,0.35505590622966265,3.463377161822928,exponential,1.2067565447784263,0.7101300615141433,majority,1943,5030,12800,0.08500434027777777,1.0,1.0,0.014404166666666668,0.15986666666666668,5.901371613152058,6.255212677231025,,,,,1.5249021708266595,687626
ldpc,N96_M48,tau_pSA,search,743,703,,,,0.06842751411073526,7.526091547098546,2.394895903703898,fixed,0.7805637152901161,0.0,0.17492421060038843,2.2018179685986667,11.680116239296375,linear,0.10569306643579601,0.20195940819574568,best_state,9433,146,9600,0.08528645833333333,1.0,1.0,0.014404166666666668,0.15986666666666668,5.920957477581718,6.255212677231025,,,,,1.5253548147387472,6143817
ldpc,N96_M48,tau_pSA,search,713,704,,,,2.6779726452965207,10.609720230890304,1.4304842143961343,fixed,0.7390727893876491,0.0,0.1019879262887923,2.75391318750761,10.687840447784353,cosine,0.13505630600215526,0.27183319114943666,best_state,7970,9941,19200,0.08732638888888888,0.9958333333333332,0.9958333333333332,0.014404166666666668,0.15986666666666668,6.062578343457718,6.229149291075895,,,,,1.5305510231011696,5906247
ldpc,N96_M48,tau_pSA,search,593,705,,,,4.053893866145517,9.899782547249272,1.9598327545725351,fixed,0.7297160617601494,0.0,0.10306747669671285,0.03495492615519134,0.09729569404535474,linear,0.11577095058931809,0.24630493774169804,majority,8842,8294,19200,0.0871310763888889,1.0,1.0,0.014404166666666668,0.15986666666666668,6.0490188988525695,6.255212677231025,,,,,1.5340645121884524,4955967
ldpc,N96_M48,tau_pSA,search,49,706,,,,2.742846580276594,3.173166957083505,0.5522202656905327,fixed,0.16863266807107138,0.0,0.3237536872494903,0.35574913628707855,2.8303658108487446,exponential,1.2794871504228984,0.7058643084367315,majority,2041,5084,12800,0.08726128472222222,1.0,1.0,0.014404166666666668,0.15986666666666668,6.058058528589335,6.255212677231025,,,,,1.53622539716299,648031
ldpc,N96_M48,tau_pSA,search,51,707,,,,2.841233360392469,3.033607918386163,0.974870421718025,fixed,0.18168623283450025,0.0,0.3067791389229122,0.35881621325784924,2.93090885900501,exponential,1.6900012315676611,0.6908696141732756,majority,2069,5387,12800,0.08752170138888889,1.0,1.0,0.014404166666666668,0.15986666666666668,6.0761377880628675,6.255212677231025,,,,,1.536632932813117,663869
ldpc,N96_M48,tau_pSA,search,583,708,,,,3.2649712940024482,11.734989630372294,1.662298939579798,llr,0.7060449339751322,0.0,0.07918864283728574,0.032867281185766095,0.12917532579876534,piecewise,0.13644536905371143,0.3379555440401978,majority,8081,8580,19200,0.08897569444444443,1.0,1.0,0.014404166666666668,0.15986666666666668,6.17708032012342,6.255212677231025,,,,,1.5418849920363447,4876777
ldpc,N96_M48,tau_pSA,search,57,709,,,,2.9301571039696355,3.110340858015683,0.8944987036605966,fixed,0.18060215400926682,0.0,0.3486984418888749,1.5727511518678752,3.676737187819239,exponential,1.248336346948112,0.6980937564421529,majority,1921,5112,12800,0.08884548611111111,1.0,1.0,0.014404166666666668,0.15986666666666668,6.168040690386655,6.255212677231025,,,,,1.543166572999164,711383
ldpc,N96_M48,tau_pSA,search,581,710,,,,3.378972685523557,11.257028257197009,2.468328764895494,llr,0.7229616049538634,0.0,0.08263537503950005,0.03136082171477269,9.431687685778432,piecewise,0.18887908787839608,0.2765288134377739,majority,7017,7875,19200,0.0888671875,1.0,1.0,0.014404166666666668,0.15986666666666668,6.169547295342783,6.255212677231025,,,,,1.5434739113436824,4860939
ldpc,N96_M48,tau_pSA,search,290,711,,,,5.3064079002619025,4.787604089531218,2.9151275406401362,snr,0.7053107918932966,0.0,0.26611464888352904,1.107252149314829,7.534583480223053,constant,0.9376587447458465,0.1283022573821527,majority,10674,719,12800,0.12539062499999998,0.8562500000000001,0.7312500000000001,0.014404166666666668,0.15986666666666668,8.70516343650564,5.356025854879066,,,,,1.5453366112020155,2556510
ldpc,N96_M48,tau_pSA,search,585,712,,,,3.2711713722480766,11.268718008866072,2.496299238995939,llr,0.7069569476598369,0.0,0.07995008252010387,0.0314301652940087,0.19157344139266816,piecewise,0.17016327143858975,0.3268888508613764,majority,7936,9948,19200,0.08947482638888889,0.9979166666666667,0.9979166666666667,0.014404166666666668,0.15986666666666668,6.211732234114357,6.24218098415346,,,,,1.5455625050535167,4892615
ldpc,N96_M48,tau_pSA,search,523,713,,,,0.10498021590946123,9.148078296931422,2.135144829983505,fixed,0.7844059494595915,0.0,0.12569985021194421,1.854167938681467,10.91228035759679,piecewise,0.4913633799140428,0.17040887666973606,majority,9833,864,12800,0.08947482638888889,1.0,1.0,0.014404166666666668,0.15986666666666668,6.211732234114357,6.255212677231025,,,,,1.546084433722196,4401637
ldpc,N96_M48,tau_pSA,search,353,714,,,,0.147242731381586,9.482637915035788,2.2626134096397923,fixed,0.7401119885255328,0.0,0.2165438612337697,1.567073281427118,8.230501005173197,constant,0.8057067401308867,0.1407498533575869,majority,10442,849,12800,0.08949652777777778,1.0,1.0,0.014404166666666668,0.15986666666666668,6.213238839070485,6.255212677231025,,,,,1.5464633678315614,3055407
ldpc,N96_M48,tau_pSA,search,56,715,,,,2.7835471733126758,2.9548058046107055,1.0256597085550856,fixed,0.2052886002671364,0.0,0.3112050118445898,0.37944643288762225,2.887780359165881,exponential,1.3194581354433663,0.6980325885827396,majority,2476,5101,12800,0.08925781249999999,1.0,1.0,0.014404166666666668,0.15986666666666668,6.19666618455308,6.255212677231025,,,,,1.5465535021120953,703464
ldpc,N96_M48,tau_pSA,search,289,716,,,,5.1627085538497814,4.685988418820864,2.9308269225907977,snr,0.7013513409234221,0.0,0.2669314780271175,1.1324396362949694,7.753269195156146,constant,0.9717648736551626,0.05884767942413956,majority,12154,632,12800,0.11833767361111112,0.8562500000000001,0.7854166666666668,0.014404166666666668,0.15986666666666668,8.215516825764151,5.356025854879066,,,,,1.546810493521616,2548591
ldpc,N96_M48,tau_pSA,search,578,717,,,,3.334540588390871,11.705117132496591,2.461244862308257,llr,0.7097418543599097,0.0,0.08014377208277214,0.03065910981432407,9.487568767959408,piecewise,0.1616661256801591,0.3167730020071387,majority,7979,8732,19200,0.08982204861111111,1.0,1.0,0.014404166666666668,0.15986666666666668,6.235837913412399,6.255212677231025,,,,,1.5474780026998443,4837182
ldpc,N96_M48,tau_pSA,search,580,718,,,,3.3591802368456207,11.953779962677924,5.10940782240494,llr,0.7105911600245014,0.0,0.08295372111773246,0.038025470317952545,9.478235225812524,piecewise,0.16458328800296537,0.2766598905658528,majority,7952,9700,19200,0.08980034722222223,1.0,1.0,0.014404166666666668,0.15986666666666668,6.234331308456272,6.255212677231025,,,,,1.547971294024744,4853020
ldpc,N96_M48,tau_pSA,search,307,719,,,,0.44748110144875264,6.225689007188765,2.469699548182258,snr,0.6502572659951061,0.0,0.2944724850900902,1.5301962887262195,6.756612691122148,linear,1.1447742160762011,0.09438019429790373,majority,9995,952,12800,0.0900390625,1.0,1.0,0.014404166666666668,0.15986666666666668,6.250903962973676,6.255212677231025,,,,,1.5489108736888793,2691133
ldpc,N96_M48,tau_pSA,search,245,720,,,,0.5830952914067135,5.21699995193104,2.1756798425715145,snr,0.7137805132113869,0.0,0.1927254097492206,1.587356279796039,5.918167362594364,constant,0.6457056463345326,0.10811719030374482,majority,10943,1158,12800,0.09042968750000001,1.0,1.0,0.014404166666666668,0.15986666666666668,6.278022852183975,6.255212677231025,,,,,1.5489165298071792,2200155
ldpc,N96_M48,tau_pSA,search,397,721,,,,3.3568968108128496,11.354751861601683,1.7095592012320786,fixed,0.7726233049941383,0.0,0.14134464907197122,2.251381029165447,8.302396410482338,piecewise,0.28045605662036166,0.17451224464615067,majority,10729,823,12800,0.08993055555555556,1.0,1.0,0.014404166666666668,0.15986666666666668,6.243370938193038,6.255212677231025,,,,,1.5491218940854998,3403843
ldpc,N96_M48,tau_pSA,search,251,722,,,,0.6860598030554101,5.1773076671442055,2.1553223144805265,snr,0.7100627403700627,0.0,0.19824552047934899,1.6540261135131837,5.937328432525854,constant,0.6347779061013517,0.06118832615824221,majority,8030,1149,12800,0.08995225694444443,1.0,1.0,0.014404166666666668,0.15986666666666668,6.2448775431491645,6.255212677231025,,,,,1.550107881543246,2247669
ldpc,N96_M48,tau_pSA,search,586,723,,,,3.2238832162991344,11.82999158183052,1.6953179271430245,llr,0.7076848726933176,0.0,0.08040149873996608,2.8058887996810844,10.441080395566992,piecewise,0.1808073620735333,0.3063281910638675,majority,6913,11063,19200,0.09049479166666667,1.0,1.0,0.014404166666666668,0.15986666666666668,6.282542667052358,6.255212677231025,,,,,1.551033472024081,4900534
ldpc,N96_M48,tau_pSA,search,475,724,,,,3.092921309531929,11.93328149515381,2.404780637177136,fixed,0.7816057091462503,0.0,0.13992305708079994,2.9510832616223706,11.95716335071829,piecewise,0.5337216860285758,0.45032357025387576,majority,9252,631,12800,0.09042968750000001,1.0,1.0,0.014404166666666668,0.15986666666666668,6.278022852183975,6.255212677231025,,,,,1.5512330679860802,4021525
ldpc,N96_M48,tau_pSA,search,254,725,,,,0.11379112494700984,6.779537106830084,2.89225268535312,snr,0.7617483874567764,0.0,0.2563348499720026,1.4727654562769608,5.602648350626971,constant,1.2667769817182075,0.07073722936845801,majority,8771,1285,12800,0.09075520833333334,0.9979166666666667,0.9979166666666667,0.014404166666666668,0.15986666666666668,6.300621926525889,6.24218098415346,,,,,1.5518232930332756,2271426
ldpc,N96_M48,tau_pSA,search,405,726,,,,3.251086524964696,11.43871144143873,1.668009698905073,fixed,0.7746639233506541,0.0,0.1262770879081826,2.3163538847865226,8.310785670301403,piecewise,0.2687956022318298,0.17756056455604446,majority,10810,824,12800,0.0906467013888889,1.0,1.0,0.014404166666666668,0.15986666666666668,6.293088901745252,6.255212677231025,,,,,1.5521731177322429,3467195
ldpc,N96_M48,tau_pSA,search,473,727,,,,3.0721465514793955,11.848334072618366,2.4145098771596207,fixed,0.7774606039007121,0.0,0.13535096003173158,2.9182813470705455,9.080364328902089,piecewise,0.24462832115878788,0.43077326954225303,majority,9346,869,12800,0.09073350694444444,1.0,1.0,0.014404166666666668,0.15986666666666668,6.2991153215697615,6.255212677231025,,,,,1.5535130417404175,4005687
ldpc,N96_M48,tau_pSA,search,557,728,,,,2.9120316856847515,9.733166445136096,2.903392228465208,fixed,0.7789155046911836,0.0,0.042910593186205714,0.05622325413494238,11.873166579683405,piecewise,0.6975574944641705,0.39954013320027254,majority,7741,8825,19200,0.09084201388888889,1.0,1.0,0.014404166666666668,0.15986666666666668,6.3066483463504,6.255212677231025,,,,,1.5535966573671152,4670883
ldpc,N96_M48,tau_pSA,search,311,729,,,,0.29980117807124945,6.2890839035182085,2.421658276934784,llr,0.6589472513273044,0.0,0.2997858367132947,1.4774637390169805,6.776042844253494,linear,1.1397418163996473,0.09336335721586128,majority,11756,995,12800,0.09086371527777777,1.0,1.0,0.014404166666666668,0.15986666666666668,6.308154951306527,6.255212677231025,,,,,1.5537211191502207,2722809
ldpc,N96_M48,tau_pSA,search,437,730,,,,2.8645909281906774,9.605199832834565,2.2557012934880887,fixed,0.7410718711613913,0.0,0.09862891733530466,1.6377247546854152,11.203325906767883,piecewise,0.7897476097563856,0.25753781517851554,majority,9011,958,12800,0.09075520833333334,1.0,1.0,0.014404166666666668,0.15986666666666668,6.300621926525889,6.255212677231025,,,,,1.5537266103453038,3720603
ldpc,N96_M48,tau_pSA,search,479,731,,,,3.04627422938995,11.901690191295646,2.393626179560825,fixed,0.5487319370005781,0.0,0.1399701526547845,2.879707996952761,11.414655740136064,piecewise,0.5751235363793729,0.249734785134981,majority,9264,557,12800,0.09123263888888888,1.0,1.0,0.014404166666666668,0.15986666666666668,6.333767235560697,6.255212677231025,,,,,1.5542744562431765,4053201
ldpc,N96_M48,tau_pSA,search,438,732,,,,2.9370659762667937,9.811159913051911,2.2949753314401358,fixed,0.7397123252446955,0.0,0.10653285302294846,1.672377046838483,11.247069519493682,piecewise,0.46808477919143865,0.2179573406432222,majority,10177,945,12800,0.09092881944444443,1.0,1.0,0.014404166666666668,0.15986666666666668,6.31267476617491,6.255212677231025,,,,,1.5549003197624347,3728522
ldpc,N96_M48,tau_pSA,search,512,733,,,,2.441588508969615,7.467248083397527,2.5919875100758136,fixed,0.7431855766230313,0.0,0.09030198161697389,0.09603746355989372,10.10288224258587,cosine,0.3522062429728423,0.1958645544568229,majority,10150,795,12800,0.09142795138888889,1.0,1.0,0.014404166666666668,0.15986666666666668,6.347326680165846,6.255212677231025,,,,,1.5558424067719088,4314528
ldpc,N96_M48,tau_pSA,search,518,734,,,,0.37335296080640706,9.248953963631529,2.180264571454324,fixed,0.7835740234015368,0.0,0.12615484075944614,1.8877958755855548,9.499984511525883,piecewise,0.468467363595095,0.17674034282031315,majority,9710,871,12800,0.09155815972222221,1.0,1.0,0.014404166666666668,0.15986666666666668,6.356366309902612,6.255212677231025,,,,,1.555898598954125,4362042
ldpc,N96_M48,tau_pSA,search,410,735,,,,0.08317472808738179,8.699388595168616,1.3343335197644592,fixed,0.7519668777416304,0.0,0.1891393524088665,1.7945439910315855,9.951786219832872,piecewise,0.3914814930582576,0.16035276491780587,majority,10429,738,12800,0.09151475694444444,1.0,1.0,0.014404166666666668,0.15986666666666668,6.353353099990358,6.255212677231025,,,,,1.5561132897724876,3506790
ldpc,N96_M48,tau_pSA,search,584,736,,,,3.2289771336061257,11.287364155130634,1.691586999055487,llr,0.7119807691260848,0.0,0.07739834234323276,2.963406598481576,10.39543435493566,piecewise,0.17188574320976593,0.2991672396224938,majority,8065,7825,19200,0.09177517361111111,0.9979166666666667,0.9979166666666667,0.014404166666666668,0.15986666666666668,6.371432359463889,6.24218098415346,,,,,1.5564467801498678,4884696
ldpc,N96_M48,tau_pSA,search,539,737,,,,3.436875712507929,11.027969340944527,2.625661915865885,fixed,0.7982880636072756,0.0,0.14839579546580314,2.058773822398059,10.92382235453812,piecewise,0.6006154522166413,0.2094178446888663,majority,9176,604,12800,0.09144965277777778,1.0,1.0,0.014404166666666668,0.15986666666666668,6.348833285121975,6.255212677231025,,,,,1.5566748168815736,4528341
ldpc,N96_M48,tau_pSA,search,477,738,,,,3.1082409820770733,11.819998091530438,2.444496400222599,fixed,0.7815718683248403,0.0,0.12745820074584846,2.5387829443122514,11.642313327686365,piecewise,0.5076291048216148,0.4871795338387239,majority,9453,556,12800,0.09151475694444444,1.0,1.0,0.014404166666666668,0.15986666666666668,6.353353099990358,6.255212677231025,,,,,1.5572141059035363,4037363
ldpc,N96_M48,tau_pSA,search,548,739,,,,4.0505258948727665,9.148795788837994,0.7762804770211594,fixed,0.7662295642149227,0.0,0.09138130148824201,2.2377424835220476,10.649581179363079,piecewise,0.096027660793523,0.15789889508240929,majority,9657,924,12800,0.09427083333333335,0.9916666666666667,0.975,0.014404166666666668,0.15986666666666668,6.544691929418572,6.2030859049207665,,,,,1.5576034205557847,4599612
ldpc,N96_M48,tau_pSA,search,439,740,,,,2.575964505495799,9.539439853908249,2.2850755347708582,fixed,0.7840331888262155,0.0,0.10344496031367215,1.6746192579749317,9.23886221531546,piecewise,0.5206793864981246,0.21018346907654895,majority,9808,960,12800,0.09190538194444443,1.0,1.0,0.014404166666666668,0.15986666666666668,6.380471989200655,6.255212677231025,,,,,1.5576945836037956,3736441
ldpc,N96_M48,tau_pSA,search,587,741,,,,3.283507220618503,11.900694214481673,1.7421514662898474,fixed,0.7179825757991453,0.0,0.07776271368495814,0.0318430537719175,9.523367285299694,piecewise,0.1811263250888828,0.28427320505476233,majority,8039,7797,19200,0.09177517361111111,1.0,1.0,0.014404166666666668,0.15986666666666668,6.371432359463889,6.255212677231025,,,,,1.557883269240956,4908453
ldpc,N96_M48,tau_pSA,search,441,742,,,,2.5949474783769,9.54002410782524,2.1939362639357496,fixed,0.783638680097458,0.0,0.1024457968349892,1.6622284019263982,10.261919677464816,piecewise,0.4599787212753342,0.23595080796660103,majority,9104,969,12800,0.09166666666666666,1.0,1.0,0.014404166666666668,0.15986666666666668,6.363899334683251,6.255212677231025,,,,,1.5579893196888857,3752279
ldpc,N96_M48,tau_pSA,search,385,743,,,,2.723592044971289,8.699197979292155,1.9548741863676444,fixed,0.008641462432148694,0.0,0.1779699335533376,1.9267151623082979,8.596770640255729,piecewise,0.3479191525769094,0.1696905834299433,majority,10830,765,12800,0.0919921875,0.9979166666666667,0.9979166666666667,0.014404166666666668,0.15986666666666668,6.386498409025166,6.24218098415346,,,,,1.5580652073348933,3308815
ldpc,N96_M48,tau_pSA,search,398,744,,,,3.3211875059208626,11.17917205181377,1.751289153056331,fixed,0.7771537024910099,0.0,0.11742120095219319,2.3029701105006377,9.289043580823689,piecewise,0.846988108744084,0.1743427409622188,majority,10785,826,12800,0.09184027777777777,1.0,1.0,0.014404166666666668,0.15986666666666668,6.375952174332272,6.255212677231025,,,,,1.5586044608236822,3411762
ldpc,N96_M48,tau_pSA,search,336,745,,,,0.056524098525109714,8.467137510461383,2.6576357392429766,snr,0.7564685456327253,0.0,0.32240399222120986,0.126790151843689,10.491996279967978,constant,1.0480959479023042,0.07623427307225122,majority,12506,240,12800,0.09214409722222222,1.0,1.0,0.014404166666666668,0.15986666666666668,6.3970446437180595,6.255212677231025,,,,,1.5588789986426064,2920784
ldpc,N96_M48,tau_pSA,search,250,746,,,,0.7026800673023123,5.183052457446479,2.1691675631829574,snr,0.7022785954218524,0.0,0.2036205927141161,1.4893629917071274,8.401170812489939,constant,0.6091748140972235,0.06112284693791287,majority,7838,1132,12800,0.09184027777777777,1.0,1.0,0.014404166666666668,0.15986666666666668,6.375952174332272,6.255212677231025,,,,,1.5589137559665898,2239750
ldpc,N96_M48,tau_pSA,search,400,747,,,,3.248245779502522,11.31678933294455,1.709743237217942,fixed,0.7737488474793273,0.0,0.1259339548883033,2.118474681835844,8.423891439729625,piecewise,0.3337898160692883,0.176618995674422,majority,10802,824,12800,0.09194878472222223,1.0,1.0,0.014404166666666668,0.15986666666666668,6.383485199112911,6.255212677231025,,,,,1.558921922303242,3427600
ldpc,N96_M48,tau_pSA,search,536,748,,,,3.5851328313715487,11.302933241881679,2.6146773614735084,fixed,0.7984740743790131,0.0,0.06666708583676709,0.04279415835578628,11.7586813716946,piecewise,0.582013085587386,0.21527011226085177,majority,9993,784,12800,0.09190538194444443,1.0,1.0,0.014404166666666668,0.15986666666666668,6.380471989200655,6.255212677231025,,,,,1.558934880088628,4504584
ldpc,N96_M48,tau_pSA,search,515,749,,,,0.22708853603106774,7.736373179638353,2.6786416616870494,fixed,0.7454264375051464,0.0,0.09620963389644102,2.2033143828868225,10.345848549813777,cosine,0.32382777509929395,0.1989283320776714,majority,10273,699,12800,0.09197048611111112,1.0,1.0,0.014404166666666668,0.15986666666666668,6.384991804069039,6.255212677231025,,,,,1.5590161743057775,4338285
ldpc,N96_M48,tau_pSA,search,7,750,,,,0.1318414226298098,0.19006146280928207,0.6060293085253237,snr,0.6488294962254634,0.0,0.41891359124583805,1.394235071015599,3.347348384563557,exponential,0.05898770988046626,0.29365913556643514,majority,22394,1543,25600,0.09203559027777779,1.0,1.0,0.014404166666666668,0.15986666666666668,6.389511618937422,6.255212677231025,,,,,1.5590851385938915,315433
ldpc,N96_M48,tau_pSA,search,246,751,,,,0.8187857688534572,5.269117899987481,2.1929215580796697,snr,0.7149155773914293,0.0,0.19801949629572532,1.628538901374883,8.447436360585058,constant,0.4894097136843055,0.06034782554016262,majority,8175,1143,12800,0.09225260416666665,1.0,1.0,0.014404166666666668,0.15986666666666668,6.404577668498697,6.255212677231025,,,,,1.561110690608229,2208074
ldpc,N96_M48,tau_pSA,search,407,752,,,,3.2499921574792583,11.96647782058372,1.813393961315481,fixed,0.773432974672938,0.0,0.11868987232830092,2.316357315755868,8.308087475628344,piecewise,0.2972330019519069,0.16950444752892108,majority,10780,819,12800,0.09268663194444444,1.0,1.0,0.014404166666666668,0.15986666666666668,6.434709767621251,6.255212677231025,,,,,1.5611832309998381,3483033
ldpc,N96_M48,tau_pSA,search,588,753,,,,3.5065513682387097,11.601862935597719,1.6954636459719659,llr,0.7137247263935784,0.0,0.07970330462237764,0.2606289442774725,9.632047467995351,piecewise,0.20417729448185173,0.2943787371990866,majority,8069,8423,19200,0.09264322916666667,1.0,1.0,0.014404166666666668,0.15986666666666668,6.431696557708996,6.255212677231025,,,,,1.5614534829193234,4916372
ldpc,N96_M48,tau_pSA,search,538,754,,,,3.4064389877378036,11.070286650931058,2.6381367772566353,fixed,0.7993766000414474,0.0,0.14634727776735224,2.0600156240734404,11.069471158720365,piecewise,0.5897314656491754,0.2108631341219059,majority,9692,638,12800,0.09246961805555555,1.0,1.0,0.014404166666666668,0.15986666666666668,6.419643718059974,6.255212677231025,,,,,1.5619482720863092,4520422
ldpc,N96_M48,tau_pSA,search,556,755,,,,2.9786536726835475,9.956988179078193,2.778111904709668,fixed,0.7780795854540091,0.0,0.04892353481345225,0.06800897408691683,11.997403308640992,piecewise,0.7018856595976876,0.17992252966042802,majority,7511,8408,19200,0.0925564236111111,1.0,1.0,0.014404166666666668,0.15986666666666668,6.4256701378844845,6.255212677231025,,,,,1.5619827409143512,4662964
ldpc,N96_M48,tau_pSA,search,471,756,,,,3.139708596406597,11.96519378816912,2.3870775644110935,fixed,0.5062175347993426,0.0,0.13603846701947042,2.974490003840676,11.920403814421661,piecewise,0.5537114215128842,0.47081542821220757,majority,9140,616,12800,0.09253472222222221,1.0,1.0,0.014404166666666668,0.15986666666666668,6.424163532928357,6.255212677231025,,,,,1.5620161696378476,3989849
ldpc,N96_M48,tau_pSA,search,529,757,,,,3.5936982245230964,11.038111947280026,2.6457510064764787,fixed,0.7957075713870133,0.0,0.1478177053049541,2.0451623458268537,11.0286790671516,piecewise,0.5784055330816767,0.21097015886215623,majority,9073,631,12800,0.0925998263888889,1.0,1.0,0.014404166666666668,0.15986666666666668,6.428683347796741,6.255212677231025,,,,,1.5620321087480353,4449151
ldpc,N96_M48,tau_pSA,search,516,758,,,,0.48784949583012205,7.309967540324297,1.8463203763434493,fixed,0.7436921974911326,0.0,0.092457655118756,1.8575684138973394,9.98023009079502,piecewise,0.3596642800135253,0.19585465734820467,majority,10270,694,12800,0.0925998263888889,1.0,1.0,0.014404166666666668,0.15986666666666668,6.428683347796741,6.255212677231025,,,,,1.5624745347434015,4346204
ldpc,N96_M48,tau_pSA,search,509,759,,,,0.47031638683572285,7.3565959429481955,1.8937804097900874,fixed,0.7446263973197503,0.0,0.05832909845583468,2.1636657129330126,9.93616501912815,cosine,0.36004485636893857,0.1964463032506029,majority,10287,692,12800,0.09292534722222223,1.0,1.0,0.014404166666666668,0.15986666666666668,6.451282422138656,6.255212677231025,,,,,1.5632275011906858,4290771
ldpc,N96_M48,tau_pSA,search,408,760,,,,3.3934853976209864,11.127770495774518,1.7173262572547328,fixed,0.7703168323665276,0.0,0.11950692315449077,2.297974516490037,8.332154523922384,piecewise,0.3691173251415293,0.1744464444018941,majority,10751,829,12800,0.09292534722222223,1.0,1.0,0.014404166666666668,0.15986666666666668,6.451282422138656,6.255212677231025,,,,,1.5633309404993914,3490952
ldpc,N96_M48,tau_pSA,search,450,761,,,,1.127963441102788,10.267615173046485,1.8948086717922,fixed,0.7345569584683568,0.0,0.08497716391765632,2.049084275007612,9.511901623451301,piecewise,0.3802467178005794,0.25015914293346503,majority,6413,465,12800,0.09301215277777779,1.0,1.0,0.014404166666666668,0.15986666666666668,6.457308841963167,6.255212677231025,,,,,1.5633599829336826,3823550
ldpc,N96_M48,tau_pSA,search,399,762,,,,3.2578649089064333,11.10640419013565,1.7311459590834168,fixed,0.7735377646533937,0.0,0.12642101085335017,2.3310098052955417,8.362544733596074,piecewise,0.3051353987842006,0.17663651966414698,majority,10719,798,12800,0.09275173611111111,1.0,1.0,0.014404166666666668,0.15986666666666668,6.4392295824896335,6.255212677231025,,,,,1.5633779373064711,3419681
ldpc,N96_M48,tau_pSA,search,252,763,,,,0.8982381987413101,5.1967279079306925,2.1945145900392644,snr,0.7078046811524904,0.0,0.2035239468621001,1.6136895140103025,5.94518038842725,constant,0.47409035096877294,0.10836787279993183,majority,10863,1122,12800,0.09327256944444444,1.0,1.0,0.014404166666666668,0.15986666666666668,6.475388101436698,6.255212677231025,,,,,1.563603715777662,2255588
ldpc,N96_M48,tau_pSA,search,507,764,,,,0.17661218702903275,7.577913099032325,1.8410428012958833,fixed,0.7485890500244536,0.0,0.9324797050247788,2.1718229982038015,9.947631636738356,piecewise,0.3711119318341361,0.1938641678882439,majority,10341,693,12800,0.09327256944444444,1.0,1.0,0.014404166666666668,0.15986666666666668,6.475388101436698,6.255212677231025,,,,,1.563936082296431,4274933
ldpc,N96_M48,tau_pSA,search,540,765,,,,3.380178105466026,11.160210111171542,2.6789796435792983,fixed,0.7931379479377731,0.0,0.8484657293029909,2.0449702630442737,11.074515576738401,piecewise,0.5871086123608439,0.21785492149418595,majority,8938,624,12800,0.09322916666666665,1.0,1.0,0.014404166666666668,0.15986666666666668,6.472374891524442,6.255212677231025,,,,,1.5642576720466361,4536260
ldpc,N96_M48,tau_pSA,search,55,766,,,,2.780855044390364,2.774003399762138,0.8825066344677237,fixed,0.19792685233390891,0.0,0.3237350577522555,1.5452470055181466,3.6452777620937624,exponential,1.2969150618875345,0.7074744940724208,majority,1919,5043,12800,0.09322916666666665,1.0,1.0,0.014404166666666668,0.15986666666666668,6.472374891524442,6.255212677231025,,,,,1.5644130660730275,695545
ldpc,N96_M48,tau_pSA,search,403,767,,,,3.085683029961235,11.378579503559314,1.7160507491819923,fixed,0.7710954408882373,0.0,0.11996157207902194,2.306624179446637,9.272399273426892,piecewise,0.31068287775130765,0.17494207858513738,majority,10808,836,12800,0.09312065972222222,1.0,1.0,0.014404166666666668,0.15986666666666668,6.464841866743805,6.255212677231025,,,,,1.5645260782488042,3451357
ldpc,N96_M48,tau_pSA,search,4,768,,,,0.15807733490786174,0.5663350084007656,0.14038808563272687,fixed,0.11800201351065445,0.0,0.2470654597623905,0.04224891845920436,7.240377870135171,linear,1.5041395042075814,0.09095320791312045,majority,2414,6086,12800,0.09351128472222221,1.0,1.0,0.014404166666666668,0.15986666666666668,6.491960755954102,6.255212677231025,,,,,1.5659116058378606,291676
ldpc,N96_M48,tau_pSA,search,417,769,,,,1.4991705723015283,8.946196260069552,2.0615538293029427,fixed,0.7554527925506015,0.0,0.08267011900804117,2.0129063553992808,7.926419321401321,piecewise,0.3869181566657016,0.1566182435748921,majority,10451,738,12800,0.09351128472222221,1.0,1.0,0.014404166666666668,0.15986666666666668,6.491960755954102,6.255212677231025,,,,,1.566167968601441,3562223
ldpc,N96_M48,tau_pSA,search,577,770,,,,3.4604703434865547,11.33916048181399,1.6900286056732152,fixed,0.7260760760263559,0.0,0.0018388803037084067,2.821780811779611,10.344737208584265,piecewise,0.17590542579111737,0.291604914207089,majority,8141,7406,19200,0.09364149305555557,1.0,1.0,0.014404166666666668,0.15986666666666668,6.501000385690869,6.255212677231025,,,,,1.5662105015584378,4829263
ldpc,N96_M48,tau_pSA,search,442,771,,,,2.686629969385704,9.795066050075118,2.266143692685488,fixed,0.7402702717530779,0.0,0.10365360911630325,1.6534366177859194,10.58066297338468,piecewise,0.45747834877838156,0.2309355074526094,majority,9005,916,12800,0.09348958333333333,1.0,1.0,0.014404166666666668,0.15986666666666668,6.490454150997975,6.255212677231025,,,,,1.566769611690686,3760198
ldpc,N96_M48,tau_pSA,search,482,772,,,,1.9583954632817675,8.56161307011258,2.1026743283319465,fixed,0.7558305501465294,0.0,0.1125941456917943,2.3593155394009035,10.591759168920927,piecewise,0.3274477845535082,0.22603615447637376,majority,10148,687,12800,0.09411892361111111,1.0,1.0,0.014404166666666668,0.15986666666666668,6.5341456947256775,6.255212677231025,,,,,1.5683819247258266,4076958
ldpc,N96_M48,tau_pSA,search,401,773,,,,3.2543776705611394,11.067449583248369,1.6847756562118072,fixed,0.773107042679588,0.0,0.12741230138370088,2.265351518829711,8.313716021735365,piecewise,0.3063181546255472,0.17810279578632351,majority,10807,824,12800,0.09457465277777777,1.0,1.0,0.014404166666666668,0.15986666666666668,6.565784398804357,6.255212677231025,,,,,1.5687523203933926,3435519
ldpc,N96_M48,tau_pSA,search,300,774,,,,5.209626667339569,4.754928005847339,2.918795375550093,snr,0.7040494784921896,0.0,0.2692761563495432,1.1347547608237194,7.839639131930672,constant,1.168623895778235,0.058815411295777435,majority,12132,407,12800,0.13046875,0.8333333333333334,0.75625,0.014404166666666668,0.15986666666666668,9.057708996239514,5.212677231025855,,,,,1.5690647295299658,2635700
ldpc,N96_M48,tau_pSA,search,440,775,,,,2.8785301581695766,9.934540463359001,0.6714346792531276,fixed,0.7999626592039871,0.0,0.11020193293801255,1.6588753665754694,11.22369761025494,piecewise,0.4694502994879713,0.23192132861162507,majority,9817,957,12800,0.09474826388888889,1.0,1.0,0.014404166666666668,0.15986666666666668,6.577837238453379,6.255212677231025,,,,,1.5705159904388415,3744360
ldpc,N96_M48,tau_pSA,search,541,776,,,,0.33469894365354635,9.299720716917431,2.389611378815944,fixed,0.7641808279458938,0.0,0.09308033798747141,2.385368668475006,10.711351805743496,piecewise,0.6593437291338108,0.15462654694387645,majority,5395,353,12800,0.09485677083333333,1.0,1.0,0.014404166666666668,0.15986666666666668,6.585370263234017,6.255212677231025,,,,,1.5725741431833997,4544179
ldpc,N96_M48,tau_pSA,search,349,777,,,,5.222703084337862,7.957326679788226,0.6093173359069665,fixed,0.7386576093938373,0.0,0.25123366303161193,1.5867201887795848,5.949326900817496,constant,0.8143509425447246,0.13719925581065762,majority,10298,833,12800,0.09522569444444444,1.0,1.0,0.014404166666666668,0.15986666666666668,6.610982547488187,6.255212677231025,,,,,1.5747276067043603,3023731
ldpc,N96_M48,tau_pSA,search,402,778,,,,3.4254946114140314,11.7272880685202,1.7286272872062007,fixed,0.772478858023241,0.0,0.13179224984577131,2.2565108975232184,9.369174062558221,piecewise,0.26512164947126193,0.17353420559823035,majority,10756,840,12800,0.09526909722222222,1.0,1.0,0.014404166666666668,0.15986666666666668,6.613995757400443,6.255212677231025,,,,,1.5747632166228898,3443438
ldpc,N96_M48,tau_pSA,search,152,779,,,,3.1215882476792425,9.1789271831486,1.7725362537898526,snr,0.2419093285661287,0.0,0.21962729959835556,1.107226072821685,3.945102934840662,piecewise,0.7515973707833811,0.03848930097740483,last,12403,3719,19200,0.09822048611111112,0.9854166666666666,0.9854166666666666,0.014404166666666668,0.15986666666666668,6.818894031433806,6.163990825688073,,,,,1.5757335848020217,1463688
ldpc,N96_M48,tau_pSA,search,454,780,,,,1.143666350808137,10.222832307720726,1.9034290263778069,fixed,0.7322067702427953,0.0,0.07370774662015464,2.0544355417445797,10.046733098408716,piecewise,0.4315314234156764,0.3234946344949146,majority,6355,492,12800,0.09563802083333334,1.0,1.0,0.014404166666666668,0.15986666666666668,6.639608041654614,6.255212677231025,,,,,1.5771548671169828,3855226
ldpc,N96_M48,tau_pSA,search,533,781,,,,3.589295731505546,11.8785709412908,2.4106631762229815,fixed,0.7886004624050508,0.0,0.14430220909541416,2.0066294550410815,11.001265140133109,piecewise,0.5714087498986656,0.20492555038057986,majority,9218,607,12800,0.09652777777777777,1.0,1.0,0.014404166666666668,0.15986666666666668,6.701378844855847,6.255212677231025,,,,,1.5794272909148233,4480827
ldpc,N96_M48,tau_pSA,search,317,782,,,,6.596519288621789,5.464106993176933,1.9877446844178013,snr,0.7885820535755843,0.0,0.3591968875365216,0.06654530022770452,0.2393215508809371,constant,1.3235380625333433,0.12161140507449504,majority,10991,1092,12800,0.09672309027777777,1.0,1.0,0.014404166666666668,0.15986666666666668,6.714938289460996,6.255212677231025,,,,,1.5803784303291115,2770323
ldpc,N96_M48,tau_pSA,search,145,783,,,,4.4923717362537054,9.015830849372735,0.7681281577699837,snr,0.08912676707134448,0.0,0.25957411695286176,1.0971818248543583,3.922642658126877,piecewise,1.90110069926694,0.031685533109453254,last,12707,1351,19200,0.14635416666666665,0.7666666666666666,0.7583333333333333,0.014404166666666668,0.15986666666666668,10.160543824124963,4.7956630525437856,,,,,1.5969678425526268,1408255
ldpc,N96_M48,tau_pSA,search,531,784,,,,3.3864372217982788,11.143987947199845,0.4223407210454727,fixed,0.7838094259953273,0.0,0.14426569186773405,0.04903109344657613,1.0543558932488422,piecewise,0.5824881485494092,0.20653930489614358,majority,10010,779,12800,0.10251736111111111,1.0,1.0,0.014404166666666668,0.15986666666666668,7.117201812747083,6.255212677231025,,,,,1.6073785916657064,4464989
ldpc,N96_M48,tau_pSA,search,899,785,,,,6.739726631235748,6.408283525241361,3.1567246976702434,fixed,0.6542159189675083,0.0,0.18731787750602674,0.15260058223449563,9.856199301059089,exponential,0.11310591685670297,0.2901941386086384,best_state,6673,18536,25600,0.20401475694444446,0.75625,0.4854166666666666,0.014404166666666668,0.15986666666666668,14.163593192556167,4.730504587155963,,,,,1.6180256698295727,7379181
ldpc,N96_M48,tau_pSA,search,148,786,,,,0.2541026762219527,9.26438898320587,1.8352250070977394,snr,0.3442225802672261,0.0,0.27652166975558595,1.2948944075498896,3.895050749387163,piecewise,6.080419776672192,0.0500924434592773,last,12504,1457,19200,0.10744357638888889,1.0,1.0,0.014404166666666668,0.15986666666666668,7.459201137788063,6.255212677231025,,,,,1.627166756887871,1432012
ldpc,N96_M48,tau_pSA,search,888,787,,,,5.42909041338437,5.233354357620755,2.6651183464650683,fixed,0.6415060960574533,0.0,0.21324800720933063,0.12962994763949384,8.305602365799734,exponential,0.07716039238299606,0.34366993598800377,best_state,4776,19563,25600,0.23554687500000002,0.7979166666666666,0.3666666666666667,0.014404166666666668,0.15986666666666668,16.35269019380966,4.991138448707255,,,,,1.6283330993593086,7292072
ldpc,N96_M48,tau_pSA,search,144,788,,,,3.822060671625957,4.331558814592778,1.2295671767410163,snr,0.2882902163520197,0.0,0.00885094400471742,0.8713342776491376,10.061882155898248,exponential,1.1001183387245275,0.08382939986246599,last,14070,1720,25600,0.3220703125,0.7416666666666666,0.11249999999999999,0.014404166666666668,0.15986666666666668,22.359524153890657,4.63928273561301,,,,,1.6327924346971483,1400336
ldpc,N96_M48,tau_pSA,search,435,789,,,,2.622527920600383,9.233209827469455,0.26360667255749926,fixed,0.741028832154091,0.0,0.10455334565537965,1.6461275966247548,10.980743159180404,piecewise,0.45785735503566094,0.2657448315054196,majority,9834,966,12800,0.10935329861111111,1.0,1.0,0.014404166666666668,0.15986666666666668,7.5917823739272965,6.255212677231025,,,,,1.635602902184417,3704765
ldpc,N96_M48,tau_pSA,search,155,790,,,,0.20336170451139707,5.031590185764217,1.5309421990281205,snr,0.35264918158538483,0.0,0.2540123988798964,1.3343329922544895,3.817376475238526,piecewise,0.8320862308798203,0.1196280095542379,last,12502,3713,19200,0.11032986111111111,1.0,1.0,0.014404166666666668,0.15986666666666668,7.659579596953042,6.255212677231025,,,,,1.63826479243449,1487445
ldpc,N96_M48,tau_pSA,search,530,791,,,,3.3574195350580154,11.042007872542122,0.38593366433123694,fixed,0.7710443605282291,0.0,0.865437269764569,0.32696060263379223,11.975798852314467,piecewise,0.5720590486613593,0.21287825545228328,majority,9200,618,12800,0.11269531249999999,1.0,1.0,0.014404166666666668,0.15986666666666668,7.823799537170957,6.255212677231025,,,,,1.6488710578807106,4457070
ldpc,N96_M48,tau_pSA,search,534,792,,,,3.594560510114285,10.967096172492127,0.3601079730438993,fixed,0.7977840575686169,0.0,0.14369010166473062,2.0595796729905134,10.780854854136438,piecewise,0.5755361713205858,0.20898502760498538,majority,9197,639,12800,0.11391059027777778,1.0,1.0,0.014404166666666668,0.15986666666666668,7.908169414714107,6.255212677231025,,,,,1.6526496838765419,4488746
ldpc,N96_M48,tau_pSA,search,6,793,,,,0.9864928403049879,4.455030226713997,0.09147035849814458,snr,0.37318931520074916,0.0,0.7043153635969013,0.07512241188376942,1.138524065679863,cosine,0.5834237480251785,0.8104306700370126,majority,5291,980,25600,0.11608072916666667,1.0,1.0,0.014404166666666668,0.15986666666666668,8.058829910326873,6.255212677231025,,,,,1.659520322978644,307514
ldpc,N96_M48,tau_pSA,search,443,794,,,,2.797639205344543,9.313971912689974,0.2569467220776274,fixed,0.7999382043234351,0.0,0.10393031984111983,1.6495614354948624,10.50000591480272,piecewise,0.7983816877415404,0.25298632425007817,majority,9717,958,12800,0.11710069444444444,1.0,1.0,0.014404166666666668,0.15986666666666668,8.129640343264873,6.255212677231025,,,,,1.6655503068375959,3768117
ldpc,N96_M48,tau_pSA,search,808,795,,,,5.809863874414742,5.75455472172948,2.9277052369807395,fixed,0.6680318926671063,0.0,0.1925927439228276,0.18228402948227376,9.54818470724411,linear,0.08937626751471908,0.2954788936608673,best_state,5941,9295,25600,0.20052083333333334,0.8062499999999999,0.5875,0.014404166666666668,0.15986666666666668,13.921029794619612,5.0432652210175135,,,,,1.6710981194002235,6658552
ldpc,N96_M48,tau_pSA,search,705,796,,,,3.259421023412079,9.52962663211537,1.1482911086693157,fixed,0.7625985498146209,0.0,0.1190015464762655,0.06348621807852309,0.7491045593877028,linear,0.19419574768925096,0.24440415962355452,best_state,9402,8234,19200,0.12167968749999998,0.9916666666666666,0.9916666666666666,0.014404166666666668,0.15986666666666668,8.447533989007809,6.2030859049207665,,,,,1.673279267776737,5842895
ldpc,N96_M48,tau_pSA,search,316,797,,,,6.353972773729398,5.520049322225329,2.0066136675232142,snr,0.7843674085468189,0.0,0.2529944049327783,1.0150675818550294,8.948946375858743,constant,1.322005738596937,0.11880629185074462,majority,11029,1105,12800,0.22256944444444446,0.8874999999999998,0.4916666666666667,0.014404166666666668,0.15986666666666668,15.45174043004532,5.5515012510425334,,,,,1.677871897712743,2762404
ldpc,N96_M48,tau_pSA,search,334,798,,,,7.553205942192046,7.190532978625182,2.7054546430909663,snr,0.7564006463268359,0.0,0.32196904659109665,0.8818212733944992,7.121014367777798,constant,1.0373404782985238,0.14659351954413102,majority,9502,86,9600,0.17243923611111112,0.7854166666666665,0.74375,0.014404166666666668,0.15986666666666668,11.971482981390416,4.912948290241867,,,,,1.6779866933293686,2904946
ldpc,N96_M48,tau_pSA,search,168,799,,,,5.292673221826734,7.48686095085585,2.345776562817131,snr,0.36959571031947525,0.0,0.006638905632539247,1.4798483248693795,5.321212573568769,exponential,1.4133900404410498,0.09255212602136355,last,11630,821,12800,0.3681640625,0.8291666666666666,0.09791666666666667,0.014404166666666668,0.15986666666666668,25.55955308070581,5.186613844870725,,,,,1.6964158809783303,1590392
ldpc,N96_M48,tau_pSA,search,884,800,,,,5.249774785786966,5.187205519477275,2.6685685955635443,fixed,0.6088364649994013,0.0,0.21386449461908053,0.13243344260515677,8.298604383241877,exponential,0.060763923414718465,0.28610153442685526,best_state,4734,17759,25600,0.19242621527777778,0.7416666666666667,0.7062499999999999,0.014404166666666668,0.15986666666666668,13.359066145983993,4.63928273561301,,,,,1.7004984851244755,7260396
ldpc,N96_M48,tau_pSA,search,931,801,,,,4.630659709422116,7.2986309919579995,0.8986945100226099,fixed,0.5769355676802024,0.0,0.15668527469238838,0.3527243105322051,10.542200768623664,cosine,0.05555262561534426,0.32991359821875105,best_state,7123,17368,25600,0.14368489583333333,0.9520833333333334,0.9479166666666666,0.014404166666666668,0.15986666666666668,9.97523141452126,5.9554837364470385,,,,,1.7233949093882288,7632589
ldpc,N96_M48,tau_pSA,search,824,802,,,,6.388152982353207,6.288434313095803,3.7801414153309922,fixed,0.631918808160086,0.0,0.20820973044436236,0.20314376292346792,8.902362589220779,linear,0.0769122592443088,0.33356006691322254,best_state,5308,9699,25600,0.2745225694444444,0.9333333333333332,0.4166666666666667,0.014404166666666668,0.15986666666666668,19.058552695014942,5.838198498748956,,,,,1.7377584512543134,6785256
ldpc,N96_M48,tau_pSA,search,886,803,,,,5.319085154055936,5.041107077200378,2.7103642776611085,fixed,0.6302299395562536,0.0,0.20467974110187837,0.13171327263844634,8.017529492925469,exponential,0.10920833263354436,0.3934057001769806,best_state,4730,12443,25600,0.2631293402777778,0.8541666666666666,0.48124999999999996,0.014404166666666668,0.15986666666666668,18.267585093047924,5.3429941618015,,,,,1.7433939707677797,7276234
ldpc,N96_M48,tau_pSA,search,983,804,,,,6.862675789502271,6.682078597234373,2.5717734202383298,fixed,0.5086161020989765,0.0,0.13344226544658283,0.41017285802070697,7.382365224983263,cosine,0.06357079206869384,0.4323336455888239,best_state,7909,16548,25600,0.36812065972222224,1.0,0.16041666666666668,0.014404166666666668,0.15986666666666668,25.556539870793557,6.255212677231025,,,,,1.7438871328673926,8044377
ldpc,N96_M48,tau_pSA,search,319,805,,,,6.434551663417087,5.519108387026972,1.9740077686010744,snr,0.7221966070848115,0.0,0.24583708411672367,0.9531121388603871,6.1842155568219095,constant,0.8412656050936137,0.12737694839727973,majority,10996,1108,12800,0.24292534722222223,0.9500000000000001,0.5354166666666667,0.014404166666666668,0.15986666666666668,16.864935878893068,5.9424520433694745,,,,,1.7457560077260261,2786161
ldpc,N96_M48,tau_pSA,search,995,806,,,,6.278466810493216,6.266391904257357,2.2165527289757345,fixed,0.5365113741907069,0.0,0.17356895554064744,0.33649971897773173,7.3754802948679,cosine,0.05583942412167713,0.41244576763737567,best_state,7241,16266,25600,0.18773871527777777,0.8375,0.8145833333333333,0.014404166666666668,0.15986666666666668,13.033639475460417,5.238740617180984,,,,,1.7594385995849848,8139405
ldpc,N96_M48,tau_pSA,search,299,807,,,,5.2585790145898255,4.543503532595273,2.9237067609794005,snr,0.702944040826964,0.0,0.26758423138561405,1.1036898383669145,7.895180077053108,constant,0.9595117349307665,0.0570511208758078,majority,10667,721,12800,0.21308593750000002,0.94375,0.69375,0.014404166666666668,0.15986666666666668,14.79335406421753,5.90335696413678,,,,,1.7668202595034328,2627781
ldpc,N96_M48,tau_pSA,search,192,808,,,,4.992168725150228,4.707548745692747,1.899002199946816,snr,0.6104684133880092,0.0,0.08682241278941134,1.774507615552331,2.580365400262987,constant,1.7082457692777147,0.1568882762014134,last,10749,530,12800,0.2614366319444444,0.8354166666666666,0.5833333333333334,0.014404166666666668,0.15986666666666668,18.15006990646996,5.225708924103419,,,,,1.7832726686041889,1780448
ldpc,N96_M48,tau_pSA,search,882,809,,,,5.361121598023984,5.088528318847041,2.7892742681663165,fixed,0.6355824813151574,0.0,0.20769600274748581,0.18377023431634598,10.039414646483849,exponential,0.07663050847562473,0.28368871409198054,best_state,6645,14779,25600,0.2565104166666667,0.8604166666666666,0.5875,0.014404166666666668,0.15986666666666668,17.808070581428986,5.382089241034194,,,,,1.7844588515582174,7244558
ldpc,N96_M48,tau_pSA,search,320,810,,,,6.545799401252607,5.53048135816779,2.024740306809076,snr,0.7249576676772966,0.0,0.2439548964603339,1.0081010194844453,6.132312255236157,constant,1.3558190082411494,0.12178008827283418,majority,11069,1096,12800,0.2620659722222222,0.9645833333333332,0.5583333333333333,0.014404166666666668,0.15986666666666668,18.193761450197666,6.033673894912425,,,,,1.7912857971692744,2794080
ldpc,N96_M48,tau_pSA,search,296,811,,,,5.249583462533547,4.587026087489614,2.8476365345246326,snr,0.7013884111592952,0.0,0.265675881742116,1.5156626869288548,7.829546701403216,constant,1.1882749583351928,0.058616973546659845,majority,10693,710,12800,0.27651909722222223,0.9583333333333334,0.5166666666666666,0.014404166666666668,0.15986666666666668,19.19716035097869,5.994578815679732,,,,,1.7925770198504347,2604024
ldpc,N96_M48,tau_pSA,search,672,812,,,,3.5851695956575695,11.955150926075532,0.8559663532931397,fixed,0.7487820649762763,0.0,0.15061005428522561,2.288062406026793,10.176881936633277,linear,0.14168991625876973,0.21672328661653542,best_state,8741,8773,19200,0.15703124999999998,1.0,1.0,0.014404166666666668,0.15986666666666668,10.901793462539773,6.255212677231025,,,,,1.7930241359140693,5581568
ldpc,N96_M48,tau_pSA,search,298,813,,,,5.387581759624893,4.561158900534686,2.938530229852654,snr,0.7006155786541212,0.0,0.2658428852792259,1.116780852535328,7.724980738355771,constant,0.9832945430602577,0.06018347916026624,majority,10667,701,12800,0.26126302083333336,0.9541666666666666,0.5812499999999999,0.014404166666666668,0.15986666666666668,18.138017066820943,5.968515429524603,,,,,1.801099888697982,2619862
ldpc,N96_M48,tau_pSA,search,186,814,,,,4.916265281129277,4.556130667824981,1.631856194737672,snr,0.6115115292030838,0.0,0.10127829869260586,2.257981808014512,2.647571271970038,constant,1.2146765950418081,0.384481933261089,last,10541,554,12800,0.32862413194444445,0.9625,0.4083333333333334,0.014404166666666668,0.15986666666666668,22.81451885064121,6.020642201834862,,,,,1.8148154583358878,1732934
ldpc,N96_M48,tau_pSA,search,890,815,,,,6.534067975853551,5.9160456556698815,3.0277221050937597,fixed,0.6651705676076017,0.0,0.1812856567563247,0.1465755358445988,9.953025758426152,exponential,0.10764696511870213,0.2915443652622088,best_state,3434,20995,25600,0.2560763888888889,0.8770833333333333,0.6708333333333334,0.014404166666666668,0.15986666666666668,17.777938482306432,5.486342785654712,,,,,1.8292649567174128,7307910
ldpc,N96_M48,tau_pSA,search,214,816,,,,4.935774144909788,4.101700239234844,1.9481817427939283,snr,0.7428856794986615,0.0,0.2739077448096184,1.223491153418266,6.879891514591429,constant,1.0532716369797424,0.11396014828760065,last,12422,287,12800,0.28543836805555556,0.9791666666666666,0.575,0.014404166666666668,0.15986666666666668,19.81637498794716,6.124895746455379,,,,,1.8380954248063768,1954666
ldpc,N96_M48,tau_pSA,search,971,817,,,,7.8799401238488604,7.7524452519632705,2.3647612683415105,fixed,0.5301990240747411,0.0,0.1431830209968625,0.4825849791001802,8.370258855026464,cosine,0.0507501504676452,0.39614886009559963,best_state,19869,5636,25600,0.3599392361111111,0.9979166666666667,0.375,0.014404166666666668,0.15986666666666668,24.988549802333427,6.24218098415346,,,,,1.8412920742750916,7949349
ldpc,N96_M48,tau_pSA,search,895,818,,,,6.249741936715949,5.906231219342692,3.2807418479050314,fixed,0.5795970816390782,0.0,0.18604941780749895,0.15465704535707944,9.900432322933547,exponential,0.10765385509298585,0.28924895492190955,best_state,3294,19806,25600,0.28713107638888885,0.9249999999999999,0.61875,0.014404166666666668,0.15986666666666668,19.933890174525114,5.786071726438698,,,,,1.8571482077058459,7347505
ldpc,N96_M48,tau_pSA,search,32,819,,,,1.804235793927281,5.250353831297659,3.0283883397438967,llr,0.28427384667708083,0.0,0.7433163003686861,0.21766832086280616,0.5339789178831319,constant,3.591197544103095,0.34518830467847633,last,7805,10345,19200,0.18272569444444442,1.0,1.0,0.014404166666666668,0.15986666666666668,12.685613730594925,6.255212677231025,,,,,1.8584075997495142,513408
ldpc,N96_M48,tau_pSA,search,894,820,,,,6.383637470863495,5.9926493619728545,3.2347541635725463,fixed,0.5770055579570569,0.0,0.1842706735447634,0.11242100419911631,9.229615571424615,exponential,0.11060903797770179,0.2746534283648854,best_state,6640,18586,25600,0.2842881944444445,0.9083333333333332,0.6375,0.014404166666666668,0.15986666666666668,19.736524925272395,5.681818181818181,,,,,1.8610710669949153,7339586
ldpc,N96_M48,tau_pSA,search,27,821,,,,1.8210723664042843,4.792190851338317,3.336555746156513,llr,0.299607491064588,0.0,0.7597219640027018,0.23991960899474793,0.5561795703439397,constant,3.4422822375965545,0.31415650873895007,last,8341,10288,19200,0.1851128472222222,1.0,1.0,0.014404166666666668,0.15986666666666668,12.851340275768969,6.255212677231025,,,,,1.8636854372802851,473813
ldpc,N96_M48,tau_pSA,search,980,822,,,,6.90926351711892,6.675646584301962,2.5392246260503377,fixed,0.5491878870305916,0.0,0.1387388605808846,0.37938612801642563,7.60147516825676,cosine,0.06183596323689548,0.4172951795153907,best_state,7873,16580,25600,0.3191189236111111,1.0,0.5395833333333333,0.014404166666666668,0.15986666666666668,22.154625879857292,6.255212677231025,,,,,1.8714644181226527,8020620
ldpc,N96_M48,tau_pSA,search,9,823,,,,3.4590830853592878,1.4658647330219423,2.696548230514871,fixed,0.6306694185522442,0.0,0.384625902589844,0.03805620170008514,0.0709088729920377,linear,0.1643895819210067,0.12422722764176683,majority,2522,919,12800,0.18919270833333332,1.0,1.0,0.014404166666666668,0.15986666666666668,13.13458200752097,6.255212677231025,,,,,1.874549033492962,331271
ldpc,N96_M48,tau_pSA,search,880,824,,,,5.448980827578729,5.127522343985187,2.623649290949719,fixed,0.6079668426903967,0.0,0.2193165390561434,0.15546405826281467,9.975626743338637,exponential,0.07437598073911351,0.28572484052468433,best_state,4838,19912,25600,0.29776475694444443,0.9458333333333334,0.6229166666666667,0.014404166666666668,0.15986666666666668,20.67212660302767,5.916388657214345,,,,,1.8779456755407677,7228720
ldpc,N96_M48,tau_pSA,search,321,825,,,,6.628048853755046,5.381099918323836,2.0700724277864353,snr,0.7916250931930217,0.0,0.2434990196279738,0.9963677649679441,8.782852983823165,constant,1.3092396471472945,0.12030472148016066,majority,11042,1104,12800,0.2755642361111111,0.99375,0.69375,0.014404166666666668,0.15986666666666668,19.13086973290907,6.216117597998331,,,,,1.8836382722178637,2801999
ldpc,N96_M48,tau_pSA,search,30,826,,,,1.7860624195333463,4.453637215255238,3.104816458237884,llr,0.5182548728029086,0.0,0.7641500713599739,0.25055562793711145,0.5478086016334477,constant,0.2877620757736524,0.30642090119443244,last,8865,10201,19200,0.19383680555555557,1.0,1.0,0.014404166666666668,0.15986666666666668,13.456995468132293,6.255212677231025,,,,,1.8838719755141118,497570
ldpc,N96_M48,tau_pSA,search,208,827,,,,4.939396763606655,4.114869849081803,1.9925246680784747,snr,0.7034261026447659,0.0,0.2755968445725252,1.2121049705919253,6.656734576343867,constant,0.8816267512738623,0.12768868466953584,last,12200,131,12800,0.3210720486111111,0.9833333333333334,0.5625,0.014404166666666668,0.15986666666666668,22.29022032590878,6.150959132610509,,,,,1.8839497976242,1907152
ldpc,N96_M48,tau_pSA,search,324,828,,,,6.471565394135127,5.498878833098781,2.0034361658668365,snr,0.7218447926043559,0.0,0.332291536548991,0.9635704296211152,6.090306604526185,constant,1.3022845879069522,0.12098380335619233,majority,11018,1122,12800,0.2502387152777778,0.9958333333333332,0.7833333333333333,0.014404166666666668,0.15986666666666668,17.37266174910809,6.229149291075895,,,,,1.8870899968949164,2825756
ldpc,N96_M48,tau_pSA,search,34,829,,,,1.562749051471476,4.532312259446429,3.276767671828148,llr,0.2800924001958721,0.0,0.7570429639387721,0.2317157145376306,0.5300560210704074,constant,3.3786368463849565,0.3613404597503894,last,36,12380,19200,0.19542100694444445,1.0,1.0,0.014404166666666668,0.15986666666666668,13.56697762992961,6.255212677231025,,,,,1.8880873883668914,529246
ldpc,N96_M48,tau_pSA,search,879,830,,,,5.4649721493887595,5.106825311250424,2.7220254886413286,fixed,0.6114592210786308,0.0,0.22064153736830738,0.14489394804651962,8.202443382699197,exponential,0.06869924102651147,0.3464379386778661,best_state,4858,13121,25600,0.2995659722222222,0.93125,0.6479166666666667,0.014404166666666668,0.15986666666666668,20.797174814386267,5.825166805671392,,,,,1.889943251181129,7220801
ldpc,N96_M48,tau_pSA,search,877,831,,,,5.58488901059794,5.218150478069076,2.698431211382742,fixed,0.6109484561462585,0.0,0.2106092216685773,0.12926522493565634,8.11767086626245,exponential,0.07041855633002757,0.3715849527606604,best_state,5791,11483,25600,0.30575086805555557,0.93125,0.6541666666666667,0.014404166666666668,0.15986666666666668,21.226557226882655,5.825166805671392,,,,,1.9039494185070012,7204963
ldpc,N96_M48,tau_pSA,search,323,832,,,,6.511594417378738,5.366356180520301,2.022487491730204,snr,0.7499431169031575,0.0,0.33547807165483673,1.0008706891259938,6.084519653603003,constant,1.308706393543317,0.11705457478219937,majority,11037,1108,12800,0.30885416666666665,0.9958333333333332,0.6583333333333333,0.014404166666666668,0.15986666666666668,21.44200173560891,6.229149291075895,,,,,1.9158806853548673,2817837
ldpc,N96_M48,tau_pSA,search,35,833,,,,1.8279212486680259,4.765429728392445,3.241029786747968,llr,0.2809922537335209,0.0,0.7509998266562943,0.2208660941473573,0.36941605465013705,constant,3.6731025582804686,0.3568977121325601,last,7541,10262,19200,0.20848524305555557,1.0,1.0,0.014404166666666668,0.15986666666666668,14.473953813518465,6.255212677231025,,,,,1.916325721789774,537165
ldpc,N96_M48,tau_pSA,search,494,834,,,,3.9589889527722306,10.202481288373852,0.1669732201711833,fixed,0.7690137697468002,0.0,0.1597978027974247,2.619738959531313,11.514053126850884,piecewise,0.2537068016612148,0.2719331800157423,majority,8747,588,12800,0.20913628472222223,1.0,1.0,0.014404166666666668,0.15986666666666668,14.519151962202296,6.255212677231025,,,,,1.9179699292286068,4171986
ldpc,N96_M48,tau_pSA,search,315,835,,,,6.370106560482372,5.438079267303852,2.0305072088865597,snr,0.7244034100697816,0.0,0.36711962661572783,1.0180348566011632,6.108833194179439,constant,1.2699752248507297,0.12446592867115691,majority,10967,1092,12800,0.22847222222222222,1.0,0.9291666666666667,0.014404166666666668,0.15986666666666668,15.861536978112042,6.255212677231025,,,,,1.921009649200382,2754485
ldpc,N96_M48,tau_pSA,search,236,836,,,,4.753375463275264,6.054733233259764,0.051465457724284215,snr,0.6468838775477391,0.0,0.23949995543923303,1.3570017903145812,7.389733172197321,constant,0.6010464882099545,0.08434299884350312,majority,11346,1240,12800,0.21126302083333334,1.0,1.0,0.014404166666666668,0.15986666666666668,14.666799247902805,6.255212677231025,,,,,1.9210747409262752,2128884
ldpc,N96_M48,tau_pSA,search,658,837,,,,0.28002703872924756,0.1288374404697556,0.31073962116824266,fixed,0.6946848798471625,0.0,0.07438909552576475,2.7108384332672104,11.693100164091092,linear,0.12529449575692658,0.24023378721077032,best_state,9155,7974,19200,0.4335286458333334,1.0,0.3854166666666667,0.014404166666666668,0.15986666666666668,30.09744720856234,6.255212677231025,,,,,1.9274659323065366,5470702
ldpc,N96_M48,tau_pSA,search,218,838,,,,4.030002891925619,3.3488142017701525,1.7656831490945457,snr,0.654432245249084,0.0,0.31307204372144704,1.3920803634346088,6.287607532464987,constant,0.7489329461821665,0.16069519092937382,majority,11922,751,12800,0.24424913194444445,0.9979166666666667,0.8958333333333334,0.014404166666666668,0.15986666666666668,16.956838781216852,6.24218098415346,,,,,1.9330541340310738,1986342
ldpc,N96_M48,tau_pSA,search,889,839,,,,6.667957689132179,6.110662836069789,3.097609859232814,fixed,0.5843912698927521,0.0,0.1799417739516569,0.12311834511215872,9.211052115152505,exponential,0.11871099075566613,0.28159369547880714,best_state,3620,20443,25600,0.30672743055555557,0.9562500000000002,0.7208333333333333,0.014404166666666668,0.15986666666666668,21.294354449908397,5.981547122602168,,,,,1.9397066427749978,7299991
ldpc,N96_M48,tau_pSA,search,183,840,,,,4.156926276015865,5.493528782408972,1.6250852350872234,snr,0.6406837068373014,0.0,0.09677163854219756,0.18787855274906773,2.4635122710055324,constant,1.7096178878123334,0.05357567018135402,last,10471,495,12800,0.22376302083333333,0.9979166666666667,0.9958333333333332,0.014404166666666668,0.15986666666666668,15.534603702632339,6.24218098415346,,,,,1.9440277236317003,1709177
ldpc,N96_M48,tau_pSA,search,33,841,,,,1.751743072101214,4.13655894803051,3.4653489698068007,llr,0.24912479201329962,0.0,0.7590452763580418,0.24907435659847718,0.5359582919301031,constant,3.643264106078934,0.34958819751497283,last,271,12467,19200,0.22235243055555554,1.0,1.0,0.014404166666666668,0.15986666666666668,15.436674380484039,6.255212677231025,,,,,1.9444657610053353,521327
ldpc,N96_M48,tau_pSA,search,156,842,,,,3.205276387387423,9.046791895327578,0.5399803198178282,snr,0.23702131892619027,0.0,0.1043252208217404,1.3303293454305316,3.867603069543267,exponential,6.040734354472624,0.12931291151220314,last,12866,1350,19200,0.23122829861111108,1.0,1.0,0.014404166666666668,0.15986666666666668,16.052875807540254,6.255212677231025,,,,,1.9601420661475932,1495364
ldpc,N96_M48,tau_pSA,search,28,843,,,,1.8052608921234783,4.038847227716521,3.303508740800109,llr,0.28318829928838696,0.0,0.7532941761027288,0.23933266408941828,0.5277606834833188,constant,2.9256793896126365,0.36341531070012156,last,196,14118,19200,0.23253038194444442,1.0,1.0,0.014404166666666668,0.15986666666666668,16.143272104907915,6.255212677231025,,,,,1.9639299819684986,481732
ldpc,N96_M48,tau_pSA,search,973,844,,,,6.970400920518297,6.706522351528893,2.565553596836342,fixed,0.5481277753994722,0.0,0.1399583838155684,0.39449664630803394,7.4198876379097625,cosine,0.05039338431261238,0.38411782168609027,best_state,7762,16667,25600,0.32493489583333335,1.0,0.7145833333333332,0.014404166666666668,0.15986666666666668,22.558396008099507,6.255212677231025,,,,,1.966801544741666,7965187
ldpc,N96_M48,tau_pSA,search,327,845,,,,7.62347881455182,7.018328630282602,2.6929624037331017,snr,0.7455498568428882,0.0,0.3246831382854398,0.8737556508339046,7.340304539908874,constant,1.533442342962699,0.07335179763521561,majority,9503,75,9600,0.26588541666666665,0.9354166666666667,0.9041666666666667,0.014404166666666668,0.15986666666666668,18.45892392247613,5.851230191826522,,,,,1.9669331965989174,2849513
ldpc,N96_M48,tau_pSA,search,739,846,,,,3.9429950941305303,7.606084180161736,0.6427721242175137,fixed,0.771611102656218,0.0,0.19530086114774953,2.1827616028344297,11.994412639764203,linear,0.1494187593068404,0.19909349756249,best_state,9304,9687,19200,0.23465711805555556,1.0,1.0,0.014404166666666668,0.15986666666666668,16.290919390608426,6.255212677231025,,,,,1.9679019181814024,6112141
ldpc,N96_M48,tau_pSA,search,153,847,,,,3.268895056629859,9.259715348657972,0.5073404135318317,snr,0.3427238640982952,0.0,0.2820802235807173,1.3411440811687243,3.9158663591703813,piecewise,6.013262662204288,0.05873432253762581,last,10214,3730,19200,0.23621961805555558,1.0,1.0,0.014404166666666668,0.15986666666666668,16.39939494744962,6.255212677231025,,,,,1.969474826663548,1471607
ldpc,N96_M48,tau_pSA,search,149,848,,,,3.1366355134910875,8.817093989685539,0.51342156268871,snr,0.2411349478637908,0.0,0.20720258153135757,1.266140241270108,3.4825059662584135,piecewise,1.8610843921804108,0.12703093969340162,last,13418,1375,25600,0.2390842013888889,1.0,1.0,0.014404166666666668,0.15986666666666668,16.59826680165847,6.255212677231025,,,,,1.97477065245281,1439931
ldpc,N96_M48,tau_pSA,search,919,849,,,,4.787568594803215,4.595927872134001,2.9357479269047615,fixed,0.6060849393414147,0.0,0.1665823729199268,0.22941230124618214,10.316098173624061,cosine,0.06229706352258356,0.3538432723650177,best_state,6429,18738,25600,0.3105034722222222,1.0,0.775,0.014404166666666668,0.15986666666666668,21.55650371227461,6.255212677231025,,,,,1.977195286744931,7537561
ldpc,N96_M48,tau_pSA,search,970,850,,,,7.837232287237717,7.6920614499743145,0.19680014290779715,fixed,0.5186603501520525,0.0,0.1448968154347161,0.5249476727061118,8.148622264534177,cosine,0.053798444083341945,0.3953200463794567,best_state,7834,17226,25600,0.44481336805555555,1.0,0.4770833333333333,0.014404166666666668,0.15986666666666668,30.88088178574872,6.255212677231025,,,,,1.984473387356979,7941430
ldpc,N96_M48,tau_pSA,search,29,851,,,,1.6616504095212823,3.802981449158183,3.1410174931747554,llr,0.24499738192122134,0.0,0.7465689591377063,0.2364427667297696,0.604558607764293,constant,3.816784351942068,0.35429327250755954,last,7653,10599,19200,0.24717881944444445,1.0,1.0,0.014404166666666668,0.15986666666666668,17.160230450294087,6.255212677231025,,,,,1.9903968377499646,489651
ldpc,N96_M48,tau_pSA,search,146,852,,,,3.2149095082906096,5.11348963405962,0.4916076782447099,snr,0.22407296556508333,0.0,0.16700025618261988,1.103336392585165,5.7217030189017954,piecewise,0.8288791957132294,0.6232520839101121,last,12766,1853,19200,0.25002170138888885,0.9979166666666667,0.9979166666666667,0.014404166666666668,0.15986666666666668,17.35759569954681,6.24218098415346,,,,,1.992662631047847,1416174
ldpc,N96_M48,tau_pSA,search,915,853,,,,4.773643058127249,4.5747639370488695,2.935605647093887,fixed,0.593621462284308,0.0,0.1581379006901402,0.3505038485328248,10.402164297502013,cosine,0.06073951144746614,0.3500486379488751,best_state,6474,17872,25600,0.3216145833333333,1.0,0.7833333333333333,0.014404166666666668,0.15986666666666668,22.327885449811973,6.255212677231025,,,,,1.9966300356082414,7505885
ldpc,N96_M48,tau_pSA,search,997,854,,,,7.982086930470754,7.741335950355694,2.8634815347693507,fixed,0.5811435518222253,0.0,0.13307559076737546,0.42817217446290834,8.744697539816315,cosine,0.06436830688698487,0.36727879766839316,best_state,8018,16986,25600,0.3189670138888889,1.0,0.8104166666666667,0.014404166666666668,0.15986666666666668,22.1440796451644,6.255212677231025,,,,,2.0065900325139823,8155243
ldpc,N96_M48,tau_pSA,search,575,855,,,,3.8003278813975485,2.5456760799396703,2.0842001504711463,fixed,0.7233654650360724,0.0,0.11390478660278353,0.4883101627464614,10.48111453318222,piecewise,0.5333676930141782,0.23735070064666722,majority,8436,8450,19200,0.3003689236111111,0.9708333333333333,0.8895833333333334,0.014404166666666668,0.15986666666666668,20.852919197762994,6.07276897414512,,,,,2.017220268976427,4813425
ldpc,N96_M48,tau_pSA,search,863,856,,,,6.047551589994535,5.8335705632633,3.031246199575513,fixed,0.6511464138720654,0.0,0.19389573306071503,0.243769683314144,9.826974784773036,linear,0.09975774705531218,0.29828829841556387,best_state,5073,18986,25600,0.3220703125,1.0,0.8312499999999999,0.014404166666666668,0.15986666666666668,22.359524153890657,6.255212677231025,,,,,2.021289740491962,7094097
ldpc,N96_M48,tau_pSA,search,231,857,,,,4.825451390250443,5.903443979131289,0.05303661920711009,snr,0.6715023677847987,0.0,0.2340499027747271,1.3750838935650331,7.402422419684084,constant,0.5792796435094762,0.08163091695302785,majority,11321,675,12800,0.2672092013888889,1.0,1.0,0.014404166666666668,0.15986666666666668,18.55082682479992,6.255212677231025,,,,,2.023614427352922,2089289
ldpc,N96_M48,tau_pSA,search,988,858,,,,6.2070448613917995,6.171181037917073,2.2153347436526496,fixed,0.5044916533142882,0.0,0.16106875094525108,0.342256369755679,7.712960187870428,cosine,0.05762062523835756,0.4080838049875228,best_state,7271,15717,25600,0.2734157986111111,0.9874999999999999,0.9812500000000001,0.014404166666666668,0.15986666666666668,18.98171584225243,6.177022518765637,,,,,2.024061315783872,8083972
ldpc,N96_M48,tau_pSA,search,8,859,,,,0.06852786505755523,0.49036892851311786,0.1293864284560461,fixed,0.0016796277393285486,0.0,0.7630251032600931,0.14423801425888608,0.1646471898036254,constant,0.7719459438965246,0.8866350582325683,majority,10876,5753,19200,0.27254774305555557,1.0,1.0,0.014404166666666668,0.15986666666666668,18.921451644007327,6.255212677231025,,,,,2.0331647429254094,323352
ldpc,N96_M48,tau_pSA,search,501,860,,,,3.951108955281411,10.237158382373954,0.09990454729050431,fixed,0.7192637337614375,0.0,0.16656508407682621,2.643186276026816,11.257748440053515,piecewise,0.2639180950271742,0.25872084655920297,majority,8785,577,12800,0.2745876736111111,1.0,1.0,0.014404166666666668,0.15986666666666668,19.063072509883327,6.255212677231025,,,,,2.036378087663241,4227419
ldpc,N96_M48,tau_pSA,search,503,861,,,,3.8901752660538103,10.669799879651244,0.09629137115794917,fixed,0.7687703648476201,0.0,0.15895765985897062,1.8947074518495013,11.456004702603826,piecewise,0.2484576425314717,0.25235216794754395,majority,9955,745,12800,0.2770182291666667,1.0,1.0,0.014404166666666668,0.15986666666666668,19.231812264969626,6.255212677231025,,,,,2.0402664008169697,4243257
ldpc,N96_M48,tau_pSA,search,562,862,,,,3.1750556200766096,1.34543957930621,2.786339052845806,fixed,0.7787017392580973,0.0,0.04249320790052468,2.642995683880861,11.252618749915532,piecewise,0.7203745546680044,0.32036000582924345,majority,8408,5909,19200,0.5045355902777778,1.0,0.48125,0.014404166666666668,0.15986666666666668,35.02705862501205,6.255212677231025,,,,,2.0412737219908643,4710478
ldpc,N96_M48,tau_pSA,search,36,863,,,,1.8105699728762987,3.2576308803583838,3.5882293544934734,llr,0.26419009114205727,0.0,0.7770946471243759,0.2495009033062132,0.5262738570383596,constant,2.812990160633837,0.34222641041702406,last,8084,10577,19200,0.28148871527777775,1.0,1.0,0.014404166666666668,0.15986666666666668,19.542172885931922,6.255212677231025,,,,,2.0471364621705996,545084
ldpc,N96_M48,tau_pSA,search,158,864,,,,7.787960700547848,6.236778102556578,2.3578650226338085,snr,0.21760992155572878,0.0,0.04180233581394095,1.619422217009239,5.355590697152453,exponential,1.3269241322592331,0.10491697617649563,last,11828,728,12800,0.4903211805555556,1.0,0.5229166666666667,0.014404166666666668,0.15986666666666668,34.040232378748435,6.255212677231025,,,,,2.049683868309888,1511202
ldpc,N96_M48,tau_pSA,search,813,865,,,,5.819953618526981,5.944971384661188,0.5676283523596032,fixed,0.6359512343676841,0.0,0.22181012992842875,0.13594554847486892,9.58844311325623,linear,0.1046440583490189,0.3065456837545338,best_state,6034,9460,25600,0.28789062499999996,1.0,1.0,0.014404166666666668,0.15986666666666668,19.986621347989583,6.255212677231025,,,,,2.0569792256168995,6698147
ldpc,N96_M48,tau_pSA,search,650,866,,,,4.186472975947636,10.57715095817866,0.47160585403741506,fixed,0.6998100446106829,0.0,0.07442158527194193,2.988492778013951,11.231805186636924,linear,0.13783056432000867,0.2365393128952711,best_state,9200,8058,19200,0.3039930555555555,1.0,0.9729166666666668,0.014404166666666668,0.15986666666666668,21.10452222543631,6.255212677231025,,,,,2.0670627378465802,5407350
ldpc,N96_M48,tau_pSA,search,610,867,,,,4.644219295522692,0.7394373725460662,1.5539966040559303,fixed,0.7062161922327536,0.0,0.04936448136930692,2.89139482391637,10.438195434089186,linear,0.2239308629880963,0.27644124051646607,majority,7477,7227,19200,0.4998263888888889,1.0,0.5416666666666666,0.014404166666666668,0.15986666666666668,34.70012534953235,6.255212677231025,,,,,2.0674041703191346,5090590
ldpc,N96_M48,tau_pSA,search,496,868,,,,3.8295092282336824,10.133879417034517,0.08984435223206584,fixed,0.7992961654580834,0.0,0.15972281891717893,2.64208826365387,11.424051480512393,piecewise,0.25734610299023275,0.25657477007535107,majority,9965,768,12800,0.2966796875,1.0,1.0,0.014404166666666668,0.15986666666666668,20.59679635522129,6.255212677231025,,,,,2.069972692893515,4187824
ldpc,N96_M48,tau_pSA,search,731,869,,,,4.566122146196392,2.875634426633824,1.8895616157398119,fixed,0.7250694290491728,0.0,0.1454531044825096,0.5111920153770073,1.301149427558838,linear,0.21971338217069236,0.22429376778616222,best_state,9370,9436,19200,0.3545572916666666,1.0,0.8479166666666668,0.014404166666666668,0.15986666666666668,24.614911773213763,6.255212677231025,,,,,2.0713498074121834,6048789
ldpc,N96_M48,tau_pSA,search,621,870,,,,3.8732719372595175,9.53936547444203,1.8061452478297695,fixed,0.7306550679433453,0.0,0.12259051506694363,0.03955172152487237,0.05905380489341912,linear,0.1872452256567161,0.23308209496401439,best_state,8955,8253,19200,0.2983072916666667,1.0,1.0,0.014404166666666668,0.15986666666666668,20.709791726930867,6.255212677231025,,,,,2.072422063843317,5177699
ldpc,N96_M48,tau_pSA,search,292,871,,,,5.216577102940188,4.5090262556089895,0.3978433518640147,snr,0.6944659075065581,0.0,0.26732513480643544,1.128030667688709,7.9821402359183,constant,0.9502953119118636,0.061893588548191616,majority,12127,376,12800,0.3213324652777778,1.0,0.9416666666666668,0.014404166666666668,0.15986666666666668,22.30829958538232,6.255212677231025,,,,,2.075428605842657,2572348
ldpc,N96_M48,tau_pSA,search,820,872,,,,6.646034742283419,4.8557288084484345,3.3443891364659053,fixed,0.5760125172089089,0.0,0.21800858758410938,0.14684840002769703,0.34384941458227336,linear,0.07682550376099162,0.3033198320292983,best_state,4686,14401,25600,0.31158854166666666,0.9916666666666666,0.9791666666666666,0.014404166666666668,0.15986666666666668,21.631833960080993,6.2030859049207665,,,,,2.080069198115716,6753580
ldpc,N96_M48,tau_pSA,search,972,873,,,,7.7850040029939604,7.491411969891227,2.3033156158953076,fixed,0.5391951081641111,0.0,0.14255350672939596,0.4669827055792513,8.153333544272291,cosine,0.05813239973769744,0.400141399156958,best_state,7241,16430,25600,0.36560329861111107,1.0,0.85,0.014404166666666668,0.15986666666666668,25.381773695882746,6.255212677231025,,,,,2.085666889615723,7957268
ldpc,N96_M48,tau_pSA,search,445,874,,,,1.1055387298389998,0.16358940525509363,1.8849814649549042,fixed,0.7322472377471955,0.0,0.07546962238411559,2.0928196295697172,10.072720672981285,piecewise,0.4245034710227492,0.21606622681062332,majority,5932,487,12800,0.47324218749999997,1.0,0.6375000000000001,0.014404166666666668,0.15986666666666668,32.854534278275956,6.255212677231025,,,,,2.0915865729092875,3783955
ldpc,N96_M48,tau_pSA,search,10,875,,,,3.012458750185732,1.207492092374258,1.2384669824546846,fixed,0.7125972463227317,0.0,0.12150943485481017,0.0647135364360308,9.266723589815907,linear,1.636923437594622,0.17583771081534924,majority,24995,281,25600,0.36469184027777773,1.0,0.86875,0.014404166666666668,0.15986666666666668,25.318496287725385,6.255212677231025,,,,,2.0940418250973822,339190
ldpc,N96_M48,tau_pSA,search,992,876,,,,6.242438572188514,8.200474859780364,0.4388161485615203,fixed,0.5673176441240427,0.0,0.1620499556545508,0.406316990458148,7.087652299056504,cosine,0.056304095450636554,0.3957949589890673,best_state,7249,16042,25600,0.3177300347222222,1.0,1.0,0.014404166666666668,0.15986666666666668,22.058203162665123,6.255212677231025,,,,,2.0998145800508725,8115648
ldpc,N96_M48,tau_pSA,search,611,877,,,,4.638313035349962,0.2649217243436593,1.4628158678184071,fixed,0.7025652896483593,0.0,0.059377472671928874,2.7664558148817515,10.447228459767503,linear,0.09923056223654204,0.3091417001144155,best_state,7414,7591,19200,0.5009765625,1.0,0.6145833333333334,0.014404166666666668,0.15986666666666668,34.779975412207115,6.255212677231025,,,,,2.1048612192354548,5098509
ldpc,N96_M48,tau_pSA,search,116,878,,,,4.936104306503837,4.781871287154071,2.723583942524161,snr,0.4294071988250997,0.0,0.4065799865553786,0.1092688141929302,1.9694747630954497,cosine,4.178304917403166,0.5558530130308026,best_state,17245,5578,25600,0.3287326388888889,0.9958333333333332,0.9958333333333332,0.014404166666666668,0.15986666666666668,22.822051875421845,6.229149291075895,,,,,2.112078797372524,1178604
ldpc,N96_M48,tau_pSA,search,605,879,,,,4.632014295653749,0.2652111674098051,1.5943264015759608,fixed,0.7042426463609514,0.0,0.062178070430003715,2.9745586920568567,10.473983557871541,linear,0.11126793086533375,0.27357517262277525,best_state,8389,7611,19200,0.4968967013888889,1.0,0.6375,0.014404166666666668,0.15986666666666668,34.496733680455115,6.255212677231025,,,,,2.1127552765160265,5050995
ldpc,N96_M48,tau_pSA,search,96,880,,,,3.515602437805251,8.089249351531823,0.22597279483966284,snr,0.37958109702447707,0.0,0.3844059997485874,0.9030405257338063,4.140293843164424,exponential,0.43925199197631604,0.8287119910899227,best_state,15794,4624,25600,0.34045138888888893,1.0,1.0,0.014404166666666668,0.15986666666666668,23.63561855173079,6.255212677231025,,,,,2.129329323607827,1020224
ldpc,N96_M48,tau_pSA,search,612,881,,,,4.560945347144413,0.16426280236544114,1.5168098544684165,fixed,0.7105163297382063,0.0,0.0641848283307043,2.7027941302657563,10.408259378356258,linear,0.1113559831254631,0.27162929293181165,best_state,7406,8634,19200,0.49691840277777777,1.0,0.6749999999999999,0.014404166666666668,0.15986666666666668,34.49824028541124,6.255212677231025,,,,,2.1315299411434836,5106428
ldpc,N96_M48,tau_pSA,search,224,882,,,,4.10923122530303,3.4087487929367404,1.7849834050627202,snr,0.6887512403438439,0.0,0.3084753290400808,1.0714692723874895,6.247213603147981,constant,0.7378401102135811,0.1433752026945877,majority,11690,45,12800,0.3585720486111111,0.9958333333333332,0.9645833333333332,0.014404166666666668,0.15986666666666668,24.893633690097385,6.229149291075895,,,,,2.1342525295076094,2033856
ldpc,N96_M48,tau_pSA,search,987,883,,,,6.227321437809996,6.233920200606877,0.7620252243784106,fixed,0.4981984448654581,0.0,0.16353793187933913,0.3399875523491268,7.1276456210060015,cosine,0.05698745271914827,0.4495017754307311,best_state,25358,226,25600,0.3490017361111111,1.0,1.0,0.014404166666666668,0.15986666666666668,24.229220904445086,6.255212677231025,,,,,2.140579591342541,8076053
ldpc,N96_M48,tau_pSA,search,948,884,,,,5.0965110716918325,7.415925097400206,0.31295384927562336,fixed,0.5870573359280151,0.0,0.17531627310298015,0.26394219418162984,9.398684748420978,cosine,0.06960494561456743,0.32460452240620197,best_state,7376,17779,25600,0.35980902777777773,1.0,1.0,0.014404166666666668,0.15986666666666668,24.979510172596658,6.255212677231025,,,,,2.153772075418434,7767212
ldpc,N96_M48,tau_pSA,search,221,885,,,,3.9939386326270157,3.308757533595194,1.7520805390266319,snr,0.6851102434956532,0.0,0.3109053292355194,1.0633140773016438,6.261934481619151,constant,0.6472929987268736,0.16544238542979295,last,11591,1097,12800,0.38359375,0.9958333333333332,0.9562500000000002,0.014404166666666668,0.15986666666666668,26.630749204512583,6.229149291075895,,,,,2.159223783220436,2010099
ldpc,N96_M48,tau_pSA,search,12,886,,,,1.1015566320247105,2.0577594228989495,0.34655881328715965,fixed,0.21738315667410096,0.0,0.06500189039768182,0.15922442060315217,2.1021948276426476,cosine,0.7151379327276927,0.6838452566858804,best_state,21148,2217,25600,0.36716579861111115,1.0,1.0,0.014404166666666668,0.15986666666666668,25.49024925272394,6.255212677231025,,,,,2.162618420791274,355028
ldpc,N96_M48,tau_pSA,search,975,887,,,,7.093284842375196,6.682102095834832,2.5719434812201376,fixed,0.5516414359073625,0.0,0.13659934015249103,0.29289933782943883,7.044038649175725,cosine,0.060464628636594867,0.3798295480307,best_state,7668,16500,25600,0.4069878472222223,1.0,0.9125,0.014404166666666668,0.15986666666666668,28.254869347218207,6.255212677231025,,,,,2.163528753102735,7981025
ldpc,N96_M48,tau_pSA,search,181,888,,,,6.63269175794177,4.864764250529014,1.583357195732216,snr,0.6374553610379138,0.0,0.09101626432559386,2.3295916640457834,5.697360979371216,constant,1.6835776644730824,0.14695622170709258,last,10367,421,12800,0.4896484374999999,1.0,0.7666666666666666,0.014404166666666668,0.15986666666666668,33.99352762510847,6.255212677231025,,,,,2.1709720153880827,1693339
ldpc,N96_M48,tau_pSA,search,891,889,,,,6.791317937176094,2.2185414258112335,5.310517266031507,fixed,0.660199846766174,0.0,0.18231897231873187,0.11665158619258456,9.183312069340602,exponential,0.11593334857517953,0.4119348669053322,best_state,5825,19163,25600,0.38851996527777777,1.0,0.96875,0.014404166666666668,0.15986666666666668,26.97274852955356,6.255212677231025,,,,,2.171515034335898,7315829
ldpc,N96_M48,tau_pSA,search,189,890,,,,6.621979727837538,5.183220613425616,1.5966479844749473,snr,0.6318366679462086,0.0,0.09854691646581014,2.213213843929467,2.5461365793933513,constant,1.2087334631532716,0.14533641438400707,last,10550,498,12800,0.47738715277777777,1.0,0.7937499999999998,0.014404166666666668,0.15986666666666668,33.142295824896344,6.255212677231025,,,,,2.1734980351937443,1756691
ldpc,N96_M48,tau_pSA,search,223,891,,,,3.986175942487508,3.4313948012861277,1.7768386683150812,snr,0.6551136578971469,0.0,0.30441894280736514,1.0405817915140745,6.1645360827979605,constant,0.7859702810226954,0.16604450768111093,last,11673,21,12800,0.38226996527777773,0.9979166666666667,0.99375,0.014404166666666668,0.15986666666666668,26.53884630218879,6.24218098415346,,,,,2.1768053867735624,2025937
ldpc,N96_M48,tau_pSA,search,559,892,,,,2.990824367506941,0.8756319470970659,2.904526460549895,fixed,0.7766184445589579,0.0,0.041050674380617366,0.05555284751716321,9.93831759860317,piecewise,0.7299564320667757,0.18321072986850906,majority,8286,8071,19200,0.3916015625,1.0,0.9791666666666666,0.014404166666666668,0.15986666666666668,27.18668643332369,6.255212677231025,,,,,2.180095936601019,4686721
ldpc,N96_M48,tau_pSA,search,984,893,,,,7.114066753416812,6.713240600793208,2.573737677383228,fixed,0.5478992402028703,0.0,0.13642036697202067,0.37715871309729176,7.449178339035016,cosine,0.06124563158576492,0.42711176946423,best_state,7949,16688,25600,0.4110894097222222,1.0,0.9395833333333332,0.014404166666666668,0.15986666666666668,28.53961768392633,6.255212677231025,,,,,2.1814830669605874,8052296
ldpc,N96_M48,tau_pSA,search,188,894,,,,6.585365396750596,4.668532056221558,1.5929381125663071,snr,0.6184407406312171,0.0,0.09845402679595248,1.784325716448034,2.5087379069842854,constant,1.7068459510684506,0.052214721276699724,last,10388,542,12800,0.48359375,1.0,0.8020833333333334,0.014404166666666668,0.15986666666666668,33.57318484234885,6.255212677231025,,,,,2.1832759360551983,1748772
ldpc,N96_M48,tau_pSA,search,563,895,,,,2.9652116587057904,0.9794090570523935,2.978280976972653,fixed,0.04117260047536231,0.0,0.06447869037255094,2.821576299039946,11.186207491786144,piecewise,0.6524433364610198,0.1845932128110481,majority,8376,8149,19200,0.5013454861111112,1.0,0.7708333333333334,0.014404166666666668,0.15986666666666668,34.80558769646129,6.255212677231025,,,,,2.183277041008536,4718397
ldpc,N96_M48,tau_pSA,search,228,896,,,,4.0250621863568705,3.4290885669560556,1.758636546716946,snr,0.6573730984027963,0.0,0.3162286202478645,1.073338271744617,6.140468382713712,constant,0.7452813096274152,0.13676668569503247,majority,11668,6,12800,0.39153645833333334,1.0,0.9979166666666667,0.014404166666666668,0.15986666666666668,27.182166618455305,6.255212677231025,,,,,2.189482670115714,2065532
ldpc,N96_M48,tau_pSA,search,982,897,,,,7.096437272389721,6.698061793250499,2.609891613601413,fixed,0.5501342925155335,0.0,0.13219889941109325,0.2909554125051969,7.719582665927161,cosine,0.05973630327002654,0.37986935946482825,best_state,8000,16531,25600,0.42454427083333335,1.0,0.9395833333333333,0.014404166666666668,0.15986666666666668,29.473712756725483,6.255212677231025,,,,,2.1954523462567597,8036458
ldpc,N96_M48,tau_pSA,search,2,898,,,,0.21897904488015454,0.17636945534726683,0.8620352238389108,fixed,0.5846979414496142,0.0,0.18996001983501534,1.1721017231504125,7.440411700873019,piecewise,0.13616830295629614,0.8526413010166123,last,10425,7001,19200,0.39798177083333336,1.0,1.0,0.014404166666666668,0.15986666666666668,27.629628290425224,6.255212677231025,,,,,2.1976209374984172,275838
ldpc,N96_M48,tau_pSA,search,878,899,,,,5.44921839747613,5.104726650169266,2.6980663169068158,fixed,0.6124175779419684,0.0,0.21202112865565428,0.1289929018908775,8.21013387870382,linear,0.07064081631958999,0.28626923118848496,best_state,4826,19747,25600,0.4268446180555556,1.0,0.9395833333333333,0.014404166666666668,0.15986666666666668,29.63341288207502,6.255212677231025,,,,,2.1978018633998393,7212882
ldpc,N96_M48,tau_pSA,search,182,900,,,,6.588861747539946,4.588324300160549,1.6157794458931833,snr,0.6443200698971591,0.0,0.0947304576835597,2.1551286770652416,2.548243038882695,constant,1.705382049010793,0.04962443564789519,last,10330,494,12800,0.49277343749999997,1.0,0.8166666666666668,0.014404166666666668,0.15986666666666668,34.210478738790854,6.255212677231025,,,,,2.1987140722774052,1701258
ldpc,N96_M48,tau_pSA,search,657,901,,,,4.20296615357623,10.578723053486476,0.17492622951440875,fixed,0.6964288286784199,0.0,0.07676600387345586,2.677529023235681,11.147109374241968,linear,0.12291983797441747,0.242526876417958,best_state,9181,7909,19200,0.41506076388888885,1.0,0.9812500000000001,0.014404166666666668,0.15986666666666668,28.81532639089769,6.255212677231025,,,,,2.2064667853015902,5462783
ldpc,N96_M48,tau_pSA,search,592,902,,,,0.5665872936512787,0.07455612216405308,1.9269257784722655,fixed,0.7523675592334169,0.0,0.10467278555550726,2.6511687506311237,10.805146179914257,piecewise,0.1496244581737612,0.2500952055133208,best_state,8612,8062,19200,0.44557291666666665,1.0,0.9249999999999999,0.014404166666666668,0.15986666666666668,30.93361295921319,6.255212677231025,,,,,2.209171865468472,4948048
ldpc,N96_M48,tau_pSA,search,632,903,,,,2.006884354687024,0.5683211501016782,2.040245987698994,fixed,0.7481150594675813,0.0,0.09446344923188159,2.713451314013571,11.516542727210885,linear,0.17607852527223386,0.2541019902708975,best_state,8565,8563,19200,0.49843750000000003,1.0,0.8312500000000002,0.014404166666666668,0.15986666666666668,34.60370263234018,6.255212677231025,,,,,2.2109863654390898,5264808
ldpc,N96_M48,tau_pSA,search,184,904,,,,6.746391916030341,4.6297699404686465,1.6359265647131451,snr,0.6213228533424501,0.0,0.10398227876968309,2.233503130013476,2.566955776511644,constant,2.081375709975478,0.04703560444309995,last,10049,517,12800,0.4984157986111111,1.0,0.8395833333333332,0.014404166666666668,0.15986666666666668,34.60219602738405,6.255212677231025,,,,,2.2151295685518537,1717096
ldpc,N96_M48,tau_pSA,search,191,905,,,,6.502400541229774,4.553812606310588,1.6393609487624763,snr,0.6229972853665361,0.0,0.10193824730652642,2.5251747526692983,5.789909633287267,constant,1.6831050380898092,0.43459533148923135,last,10731,500,12800,0.5004123263888889,1.0,0.8416666666666667,0.014404166666666668,0.15986666666666668,34.74080368334779,6.255212677231025,,,,,2.2179172380929133,1772529
ldpc,N96_M48,tau_pSA,search,190,906,,,,6.459422015530579,4.895290473748698,1.5495811921052747,snr,0.6252896862059085,0.0,0.14577095747582014,1.714274973335472,2.3434404396109256,constant,1.7148338272562327,0.049845885418268884,last,10513,554,12800,0.45700954861111115,1.0,0.9208333333333334,0.014404166666666668,0.15986666666666668,31.72759377109247,6.255212677231025,,,,,2.218096851627407,1764610
ldpc,N96_M48,tau_pSA,search,625,907,,,,4.150493121346279,1.5509795846261387,2.036543056511974,fixed,0.745488418695107,0.0,0.09630226757562715,2.7840176051766283,11.556558964671863,linear,0.13097708723273677,0.256375368864192,best_state,8549,8588,19200,0.5037109375000001,1.0,0.8375,0.014404166666666668,0.15986666666666668,34.96980763667921,6.255212677231025,,,,,2.2186768030056774,5209375
ldpc,N96_M48,tau_pSA,search,60,908,,,,3.0958389899292915,2.8668973366062076,0.9688777178525178,fixed,0.1727591973178518,0.0,0.3147012894336587,0.3555178701280022,3.0633811353626093,exponential,1.2716013768759293,0.7073951670333642,best_state,1800,5107,12800,0.4185329861111111,1.0,1.0,0.014404166666666668,0.15986666666666668,29.056383183878122,6.255212677231025,,,,,2.2194828996830207,735140
ldpc,N96_M48,tau_pSA,search,222,909,,,,3.9786859852709147,6.902973521744066,0.11881016316487425,snr,0.5349790064420199,0.0,0.30979818073944676,1.0751294181312172,6.342603512455825,constant,0.718204985167136,0.1610120606980428,last,11771,772,12800,0.4210069444444445,1.0,1.0,0.014404166666666668,0.15986666666666668,29.228136148876676,6.255212677231025,,,,,2.2219629144155526,2018018
ldpc,N96_M48,tau_pSA,search,110,910,,,,0.8080736872143388,0.387298881820448,2.7671998805145543,snr,0.5651988377566779,0.0,0.41114291957281734,0.09185447037230006,1.9202462113598728,cosine,4.389928683944715,0.5565869113406324,best_state,8856,367,9600,0.4216362847222222,1.0,1.0,0.014404166666666668,0.15986666666666668,29.271827692604376,6.255212677231025,,,,,2.2226690949254975,1131090
ldpc,N96_M48,tau_pSA,search,981,911,,,,7.217874663241175,6.713827531397868,2.5710019137818367,fixed,0.547489538563692,0.0,0.13376053775781432,0.2886326461205898,7.687443439172382,cosine,0.05009124043457318,0.3687231458450424,best_state,7904,16546,25600,0.46490885416666666,1.0,0.9166666666666666,0.014404166666666668,0.15986666666666668,32.275997975122934,6.255212677231025,,,,,2.2234538015582124,8028539
ldpc,N96_M48,tau_pSA,search,872,912,,,,5.137548091045645,4.808514635250848,4.163357632172381,fixed,0.6439965757141891,0.0,0.17341307672262052,0.28572046826408887,9.995467591575357,linear,0.08380713457980181,0.31266110475081116,best_state,6282,18386,25600,0.44383680555555555,1.0,0.9729166666666668,0.014404166666666668,0.15986666666666668,30.813084562722974,6.255212677231025,,,,,2.23143355746865,7165368
ldpc,N96_M48,tau_pSA,search,193,913,,,,4.241595284074358,5.670370953583389,2.142612555001374,snr,0.6886186389629407,0.0,0.02041883879014786,0.03096130869724343,7.006848674946926,constant,1.033606798206935,0.09397700593754892,last,12127,590,12800,0.4304253472222222,1.0,1.0,0.014404166666666668,0.15986666666666668,29.88200269983608,6.255212677231025,,,,,2.231598403744491,1788367
ldpc,N96_M48,tau_pSA,search,167,914,,,,7.812566826307259,7.552601801016009,1.3823369509443462,snr,0.36677174820968733,0.0,0.06732662032156932,1.5044396737474277,4.2733563729051465,exponential,1.3848701278561732,0.19678420053174084,last,11480,895,12800,0.46325954861111107,1.0,0.9375,0.014404166666666668,0.15986666666666668,32.161495998457234,6.255212677231025,,,,,2.232331516470251,1582473
ldpc,N96_M48,tau_pSA,search,730,915,,,,3.4354581753765716,2.7424440028567147,2.437233504577024,fixed,0.7743531254105472,0.0,0.14681044286970793,0.16867169707514645,9.649376522938763,linear,0.2433284112627274,0.22907629038411595,best_state,8854,7728,19200,0.44763454861111107,1.0,0.975,0.014404166666666668,0.15986666666666668,31.076740430045312,6.255212677231025,,,,,2.236156754610821,6040870
ldpc,N96_M48,tau_pSA,search,862,916,,,,6.053870239914895,5.680695436977954,2.9908459777392222,fixed,0.603614650714548,0.0,0.19395567512309528,0.25151853488923287,9.856131080919841,linear,0.10138456024724818,0.295731163592351,best_state,5144,16562,25600,0.45073784722222227,1.0,0.9708333333333332,0.014404166666666668,0.15986666666666668,31.292184938771577,6.255212677231025,,,,,2.237088492281125,7086178
ldpc,N96_M48,tau_pSA,search,893,917,,,,6.49538821447041,6.06262334608781,3.290569080591568,fixed,0.5759252988782186,0.0,0.18543052607191254,0.10665291493599811,9.198164583319723,linear,0.1119722719311814,0.28470797890634475,best_state,6797,18311,25600,0.4527126736111111,1.0,0.96875,0.014404166666666668,0.15986666666666668,31.429285989779192,6.255212677231025,,,,,2.2379565806065074,7331667
ldpc,N96_M48,tau_pSA,search,94,918,,,,5.1161577989329565,7.9035146793589615,0.07440137149061832,snr,0.4107068881391221,0.0,0.5647717273576547,0.9120041199896186,4.1269974436834875,exponential,7.076380707643032,0.832195799127116,best_state,18868,4592,25600,0.43695746527777773,1.0,1.0,0.014404166666666668,0.15986666666666668,30.3354907916305,6.255212677231025,,,,,2.2381804643103234,1004386
ldpc,N96_M48,tau_pSA,search,432,919,,,,3.885748551705036,2.122618120725015,1.8966084389732556,fixed,0.7658210637473419,0.0,0.13457836387357297,1.7418919743869965,9.838006000547995,piecewise,0.3396365643298915,0.19148032879894583,majority,10133,909,12800,0.48767361111111107,1.0,0.9125,0.014404166666666668,0.15986666666666668,33.85642657410085,6.255212677231025,,,,,2.242130050742114,3681008
ldpc,N96_M48,tau_pSA,search,860,920,,,,6.0795006533667895,5.699534862230342,2.8656080503313937,fixed,0.5913827833531569,0.0,0.19931314883841467,0.19074533489707407,9.423858358087317,linear,0.10064677763115475,0.29662275788599746,best_state,5441,16965,25600,0.44863281250000003,1.0,0.9854166666666666,0.014404166666666668,0.15986666666666668,31.146044258027192,6.255212677231025,,,,,2.2423530095179522,7070340
ldpc,N96_M48,tau_pSA,search,297,921,,,,7.030008405234915,4.6018139025509965,2.883845722326025,snr,0.6970892119507256,0.0,0.2715251310679401,1.1304384799179084,7.867369745543669,constant,0.9876840652637628,0.06038011420653562,majority,12153,632,12800,0.4598307291666666,1.0,0.9645833333333332,0.014404166666666668,0.15986666666666668,31.92345241538906,6.255212677231025,,,,,2.242638744672063,2611943
ldpc,N96_M48,tau_pSA,search,853,922,,,,6.032923948678959,5.598622692735256,2.883817733369058,fixed,0.5970704700046996,0.0,0.18789690490116057,0.1922872219270171,9.48593807905766,linear,0.10455948918765569,0.3056337160009802,best_state,5466,19213,25600,0.46206597222222223,1.0,0.975,0.014404166666666668,0.15986666666666668,32.078632725870214,6.255212677231025,,,,,2.249946230895891,7014907
ldpc,N96_M48,tau_pSA,search,613,923,,,,3.733992689267307,0.0533836579762281,1.7943466197351323,fixed,0.7337917087197109,0.0,0.12145438340054693,2.5535800127559263,10.096842561613046,linear,0.14467371350515643,0.22777424949304464,best_state,8841,8257,19200,0.4998914930555555,1.0,0.9125,0.014404166666666668,0.15986666666666668,34.70464516440073,6.255212677231025,,,,,2.2528795884709765,5114347
ldpc,N96_M48,tau_pSA,search,974,924,,,,7.006124897505515,0.20969668436240918,2.6067380068227415,fixed,0.5516211531689166,0.0,0.13533720411245484,0.29171143030403246,7.631900273827549,cosine,0.05055134178159646,0.3822598237457789,best_state,8017,16708,25600,0.5003038194444445,1.0,0.9125,0.014404166666666668,0.15986666666666668,34.73327065856716,6.255212677231025,,,,,2.2532370487273243,7973106
ldpc,N96_M48,tau_pSA,search,858,925,,,,6.133424046571299,5.718564335979539,2.870502445233148,fixed,0.5654582304851951,0.0,0.1931820272403477,0.24486645194305334,9.816293228943803,linear,0.0965452586455615,0.29906175542999563,best_state,5362,18846,25600,0.4659288194444444,1.0,0.975,0.014404166666666668,0.15986666666666668,32.34680840806094,6.255212677231025,,,,,2.2535660196288902,7054502
ldpc,N96_M48,tau_pSA,search,217,926,,,,3.9556312706306582,3.223069314291638,0.13867024497005967,snr,0.6611825302586436,0.0,0.2971876947956453,1.0811771035433635,6.251316715894083,constant,0.7513823198590177,0.1623731470583941,majority,11604,54,12800,0.4563802083333333,1.0,0.99375,0.014404166666666668,0.15986666666666668,31.683902227364765,6.255212677231025,,,,,2.2539320271065573,1978423
ldpc,N96_M48,tau_pSA,search,688,927,,,,2.2700340725738264,7.41668233522459,0.06627502820700722,fixed,0.7000929656300673,0.0,0.1868370678861911,2.190529857867437,11.482821570112412,linear,0.16324628437629063,0.19535252977701673,best_state,8101,10478,19200,0.45464409722222227,1.0,1.0,0.014404166666666668,0.15986666666666668,31.563373830874554,6.255212677231025,,,,,2.2554260964284225,5708272
ldpc,N96_M48,tau_pSA,search,294,928,,,,7.1341193100043085,4.6032519817408035,2.422587716445037,snr,0.6956779942576906,0.0,0.2666986892317929,1.133306797432456,7.822621946750311,constant,0.942226322959459,0.05922157334473409,majority,12207,577,12800,0.4638671875,1.0,0.9833333333333334,0.014404166666666668,0.15986666666666668,32.20368093722881,6.255212677231025,,,,,2.2557936396000255,2588186
ldpc,N96_M48,tau_pSA,search,864,929,,,,6.061951582186004,5.579227922703296,2.866519048094881,fixed,0.5987895777556076,0.0,0.19470741196183922,0.19023757777650155,9.625407359063397,linear,0.09807201055978362,0.3005324444815819,best_state,5387,19074,25600,0.46994357638888884,1.0,0.9812500000000001,0.014404166666666668,0.15986666666666668,32.62553032494455,6.255212677231025,,,,,2.260429274903486,7102016
ldpc,N96_M48,tau_pSA,search,11,930,,,,0.95639201074156,0.28666934049843,2.645037973896957,llr,0.025506568264045095,0.0,0.9098072266058573,1.3966482076616507,1.5474884288521116,piecewise,0.14304799735441848,0.05960025800322275,best_state,3237,714,9600,0.4611328125,1.0,1.0,0.014404166666666668,0.15986666666666668,32.013848712756726,6.255212677231025,,,,,2.2615713578360355,347109
ldpc,N96_M48,tau_pSA,search,689,931,,,,2.9127397798027186,7.847967029866088,0.059473917300689697,fixed,0.7019282208142539,0.0,0.11692701506781618,2.253660754019994,11.593695732168202,linear,0.11614312006470622,0.19125627283868496,best_state,8286,10505,19200,0.46152343749999997,1.0,1.0,0.014404166666666668,0.15986666666666668,32.04096760196702,6.255212677231025,,,,,2.261943649059721,5716191
ldpc,N96_M48,tau_pSA,search,463,932,,,,3.5596911534188376,0.47896433101744834,2.315527875344042,fixed,0.7495154443645081,0.0,0.1335179664225289,1.8160596369455908,8.844581843441615,piecewise,0.550862607722139,0.21240587454776655,majority,9695,703,12800,0.4959635416666666,1.0,0.9395833333333333,0.014404166666666668,0.15986666666666668,34.43194966734162,6.255212677231025,,,,,2.2629782340384983,3926497
ldpc,N96_M48,tau_pSA,search,295,933,,,,7.075053075751547,4.4910328236205865,2.9042602359331218,snr,0.6991961691824822,0.0,0.27385096702827816,1.1388159956502641,7.704376232417214,constant,0.9392779900887867,0.05795250103894458,majority,10745,698,12800,0.46901041666666665,1.0,0.9895833333333334,0.014404166666666668,0.15986666666666668,32.56074631183107,6.255212677231025,,,,,2.2637319862480205,2596105
ldpc,N96_M48,tau_pSA,search,220,934,,,,3.940513819668263,3.281061191527564,0.14932634794515456,snr,0.6545701779149329,0.0,0.3106260201134804,1.0912588066440476,6.308071261675844,constant,0.7145461823172525,0.14802298807334074,majority,11702,11,12800,0.4674913194444444,1.0,0.9979166666666667,0.014404166666666668,0.15986666666666668,32.45528396490212,6.255212677231025,,,,,2.266464318959342,2002180
ldpc,N96_M48,tau_pSA,search,468,935,,,,3.7068106364327615,0.46979518665457815,2.224568406432987,fixed,0.7499745773727114,0.0,0.13523861350532912,1.8678725181545814,9.158968601309791,piecewise,0.5296828069827889,0.2173343181843791,majority,9703,705,12800,0.49611545138888885,1.0,0.9479166666666666,0.014404166666666668,0.15986666666666668,34.442495902034516,6.255212677231025,,,,,2.26728985704792,3966092
ldpc,N96_M48,tau_pSA,search,663,936,,,,3.5690811935955224,1.1010346288417368,2.242607367963919,fixed,0.7527308979762162,0.0,0.14675952784553095,2.264034922881106,10.208934172766725,linear,0.14057999050838166,0.21329906036127075,best_state,8736,9598,19200,0.4979166666666666,1.0,0.9479166666666666,0.014404166666666668,0.15986666666666668,34.56754411339311,6.255212677231025,,,,,2.268863134939734,5510297
ldpc,N96_M48,tau_pSA,search,925,937,,,,4.6357072274520705,1.3075640029793354,2.5692677089692877,llr,0.5510032979335596,0.0,0.1550866877027564,0.28286084876158857,1.7289516942110965,cosine,0.05331729164080399,0.38952510122572126,best_state,6910,18252,25600,0.4935329861111111,1.0,0.9666666666666667,0.014404166666666668,0.15986666666666668,34.26320991225533,6.255212677231025,,,,,2.2743941685200872,7585075
ldpc,N96_M48,tau_pSA,search,118,938,,,,4.835131244248134,3.849655940754068,2.578271924165057,snr,0.43080557550219756,0.0,0.5046162859416743,0.7329851897067876,3.270317405777946,cosine,4.390649046545435,0.5546497903098195,best_state,3517,3969,9600,0.47578125,1.0,1.0,0.014404166666666668,0.15986666666666668,33.0308070581429,6.255212677231025,,,,,2.275153364133052,1194442
ldpc,N96_M48,tau_pSA,search,927,939,,,,4.761363684661412,0.13977069509640855,3.756221675123878,fixed,0.6157700215052291,0.0,0.15549088736400368,0.34457286198425646,10.483337917002565,cosine,0.08530395470274302,0.33151729537623875,best_state,7003,17297,25600,0.49813368055555546,1.0,0.9604166666666667,0.014404166666666668,0.15986666666666668,34.58261016295438,6.255212677231025,,,,,2.2753064423383274,7600913
ldpc,N96_M48,tau_pSA,search,301,940,,,,4.671700243078087,2.482580830435281,2.5123604473963486,llr,0.6740966522788969,0.0,0.17580130966790325,1.420851650468174,6.803440114735452,linear,1.1467503476554837,0.09669899977557778,majority,10002,913,12800,0.48934461805555557,1.0,0.9770833333333333,0.014404166666666668,0.15986666666666668,33.972435155722685,6.255212677231025,,,,,2.2759000846794812,2643619
ldpc,N96_M48,tau_pSA,search,646,941,,,,4.926836946966479,1.9165119347144648,2.352622011842675,fixed,0.7167168249829404,0.0,0.143652179682269,2.4019545057619998,9.861206575702585,linear,0.22275540560381193,0.2788075229077142,best_state,8184,9255,19200,0.5004774305555556,1.0,0.9604166666666667,0.014404166666666668,0.15986666666666668,34.74532349821618,6.255212677231025,,,,,2.2773475525637923,5375674
ldpc,N96_M48,tau_pSA,search,996,942,,,,7.85489326134298,6.186564873751106,2.2176169327266395,fixed,0.5345033111421587,0.0,0.16300290739806367,0.33650424161292725,7.609269399181669,cosine,0.055395878732708195,0.4013299281706328,best_state,7397,15679,25600,0.5018012152777778,1.0,0.9583333333333334,0.014404166666666668,0.15986666666666668,34.83722640053996,6.255212677231025,,,,,2.2774461866987354,8147324
ldpc,N96_M48,tau_pSA,search,985,943,,,,6.254317540214806,1.712318831862867,2.2518777665201934,fixed,0.5322687796943347,0.0,0.1606501639294599,0.3339689761337587,7.535862036273011,cosine,0.05758795565866151,0.4275540897176971,best_state,7059,15597,25600,0.49863281249999997,1.0,0.9666666666666667,0.014404166666666668,0.15986666666666668,34.61726207694532,6.255212677231025,,,,,2.278868815671287,8060215
ldpc,N96_M48,tau_pSA,search,911,944,,,,7.999340534533326,7.1790607943949025,2.571232069910415,fixed,0.630102446608815,0.0,0.15783899909874802,0.1994156747123681,10.199688047824086,cosine,0.05928554126446362,0.3025205111621331,best_state,5790,19392,25600,0.5012586805555556,1.0,0.9625,0.014404166666666668,0.15986666666666668,34.79956127663677,6.255212677231025,,,,,2.2790534180183832,7474209
ldpc,N96_M48,tau_pSA,search,922,945,,,,4.7789897719555,0.7972138641780084,2.9333097294977613,fixed,0.6070566669817281,0.0,0.16162692667569356,0.18497160330066556,9.206159901350176,cosine,0.05934808208412194,0.36405943300886023,best_state,6541,17894,25600,0.4967881944444444,1.0,0.9708333333333333,0.014404166666666668,0.15986666666666668,34.48920065567447,6.255212677231025,,,,,2.279337624550056,7561318
ldpc,N96_M48,tau_pSA,search,966,946,,,,7.583767975551317,0.09482003790407813,2.3453133290184978,fixed,0.544565810524826,0.0,0.14478259328928225,0.37533997187289014,8.414565565885649,cosine,0.050643518319099703,0.4121984389047104,best_state,7297,17131,25600,0.5011501736111111,1.0,0.9645833333333332,0.014404166666666668,0.15986666666666668,34.79202825185614,6.255212677231025,,,,,2.2800030845910726,7909754
ldpc,N96_M48,tau_pSA,search,76,947,,,,6.147705944258769,5.83188076511909,4.407029951586795,snr,0.30343345247600034,0.0,0.4346595612230705,0.6594239135000785,7.869060884247876,linear,0.9523453087140041,0.8678504054849339,best_state,4835,3741,12800,0.4812065972222223,1.0,1.0,0.014404166666666668,0.15986666666666668,33.40745829717482,6.255212677231025,,,,,2.2800629044216407,861844
ldpc,N96_M48,tau_pSA,search,963,948,,,,6.840686886962624,0.09295672976671583,0.11776532200937206,fixed,0.5278989069675926,0.0,0.14142404816756,0.43386312080588185,8.062356809663696,cosine,0.05088121839221872,0.39994499272334433,best_state,7953,16419,25600,0.5013454861111111,1.0,0.9645833333333332,0.014404166666666668,0.15986666666666668,34.80558769646128,6.255212677231025,,,,,2.2801839093856784,7885997
ldpc,N96_M48,tau_pSA,search,601,949,,,,4.830883810812948,0.3402771431916696,1.437773963691222,fixed,0.7013496055891894,0.0,0.7990318087423176,2.6757812751504346,10.342403612037247,linear,0.10070453957374773,0.2788310313152379,best_state,7455,7249,19200,0.4814453125,1.0,1.0,0.014404166666666668,0.15986666666666668,33.42403095169222,6.255212677231025,,,,,2.2803028910547,5019319
ldpc,N96_M48,tau_pSA,search,965,950,,,,7.239441125615912,0.09954090396453197,2.282937521820722,fixed,0.5456627116457284,0.0,0.1480365595412898,0.4253987890668295,7.945739454354749,cosine,0.05271819589177684,0.36663829235496503,best_state,7887,15876,25600,0.5014539930555556,1.0,0.9666666666666668,0.014404166666666668,0.15986666666666668,34.81312072124192,6.255212677231025,,,,,2.2813192577672226,7901835
ldpc,N96_M48,tau_pSA,search,914,951,,,,4.736992739936005,0.644809176381943,2.85863402936652,fixed,0.5975696813976719,0.0,0.16302233483186945,0.3196318767685948,10.321074773184995,cosine,0.06657084578162241,0.3618016154466141,best_state,6524,17786,25600,0.4993055555555555,1.0,0.9708333333333332,0.014404166666666668,0.15986666666666668,34.66396683058528,6.255212677231025,,,,,2.281534947040651,7497966
ldpc,N96_M48,tau_pSA,search,823,952,,,,6.107467477520581,5.4755707536084355,3.3393210545497407,fixed,0.5995191483463053,0.0,0.20657033174874279,0.20353363018893086,9.040248204438335,linear,0.08457224822355311,0.3243028580026026,best_state,5190,19567,25600,0.49105902777777777,1.0,0.9854166666666666,0.014404166666666668,0.15986666666666668,34.09145694725677,6.255212677231025,,,,,2.2815867459968757,6777337
ldpc,N96_M48,tau_pSA,search,129,953,,,,7.1745841625142734,6.412016236877643,3.6928838877572097,llr,0.33171748435646814,0.0,0.3510405362120895,1.1056599521629937,6.529794220380221,exponential,1.4687197867679243,0.7978995797525181,last,16881,5302,25600,0.4877604166666667,1.0,0.9916666666666667,0.014404166666666668,0.15986666666666668,33.862452993925366,6.255212677231025,,,,,2.281792030221551,1281551
ldpc,N96_M48,tau_pSA,search,855,954,,,,6.105880192096613,5.4866371062020045,2.8699638447815023,fixed,0.5955165898225294,0.0,0.9866260806130804,0.2605677922308595,10.023095028276567,linear,0.09822909135942516,0.29477919613606335,best_state,5442,18996,25600,0.48422309027777777,1.0,1.0,0.014404166666666668,0.15986666666666668,33.616876386076555,6.255212677231025,,,,,2.2827951952885037,7030745
ldpc,N96_M48,tau_pSA,search,78,955,,,,6.467936183238257,5.645952420442189,4.178452034366669,snr,0.3126839566864605,0.0,0.43702311874803,0.6322397163476349,8.10365011296166,linear,4.600472234182137,0.8591659357766712,best_state,3651,3574,12800,0.48504774305555554,1.0,1.0,0.014404166666666668,0.15986666666666668,33.67412737440941,6.255212677231025,,,,,2.2835328225004137,877682
ldpc,N96_M48,tau_pSA,search,71,956,,,,4.223425003047392,1.7133052743906798,1.5117471521313142,snr,0.3573659328179,0.0,0.520149375341795,0.9583840743597627,5.479209394053131,cosine,0.5187635768881311,0.6515929696876263,best_state,12126,7040,25600,0.4851345486111111,1.0,1.0,0.014404166666666668,0.15986666666666668,33.68015379423392,6.255212677231025,,,,,2.283586072425317,822249
ldpc,N96_M48,tau_pSA,search,72,957,,,,4.3493324269416105,1.7618882010483756,2.3504331455745757,snr,0.3638144152818348,0.0,0.5148090051917376,1.2017118246780931,5.408743675725629,cosine,0.5836666575610824,0.6493496669951344,best_state,14102,1911,25600,0.4853081597222222,1.0,1.0,0.014404166666666668,0.15986666666666668,33.69220663388294,6.255212677231025,,,,,2.283763816563848,830168
ldpc,N96_M48,tau_pSA,search,819,958,,,,5.858494994776026,5.214309266336917,3.635726896706188,fixed,0.6375236295039879,0.0,0.2216609030890233,0.2093507402226203,9.01313542643127,linear,0.08264748857557162,0.33336313961476116,best_state,5310,19179,25600,0.4904730902777778,1.0,0.9916666666666667,0.014404166666666668,0.15986666666666668,34.050778613441324,6.255212677231025,,,,,2.2842046649542613,6745661
ldpc,N96_M48,tau_pSA,search,75,959,,,,6.2754411528692815,5.812956539950194,4.491056736439108,snr,0.39246755558737734,0.0,0.4477670297935697,0.6288509733570605,7.895759563432927,exponential,1.0014550343961763,0.5325953431318952,best_state,4547,3557,12800,0.48580729166666664,1.0,1.0,0.014404166666666668,0.15986666666666668,33.726858547873874,6.255212677231025,,,,,2.2842150697314754,853925
ldpc,N96_M48,tau_pSA,search,120,960,,,,1.3886460690488787,0.27423675907325645,2.8012197573908617,snr,0.42858549238786087,0.0,0.5703586322898007,0.7309270909209412,5.905568459094792,cosine,4.530749712756877,0.5597051922446012,best_state,3834,4108,9600,0.4861545138888889,1.0,1.0,0.014404166666666668,0.15986666666666668,33.75096422717192,6.255212677231025,,,,,2.2845314302944724,1210280
ldpc,N96_M48,tau_pSA,search,993,961,,,,7.86890536905825,6.0968241090482715,2.171959561805622,fixed,0.48334389347447054,0.0,0.1670991706341496,0.3353678178642512,7.364161130760919,cosine,0.056274282440646146,0.41195483753064827,best_state,7260,15815,25600,0.49826388888888884,1.0,0.9791666666666666,0.014404166666666668,0.15986666666666668,34.59164979269115,6.255212677231025,,,,,2.284790939501024,8123567
ldpc,N96_M48,tau_pSA,search,69,962,,,,4.065338589156154,1.695518299775079,2.425824254335086,snr,0.35193971214755204,0.0,0.5242588593058094,1.2015629182543952,5.504958719544692,cosine,0.5888359196520093,0.4114681815629506,best_state,10854,1946,25600,0.4866319444444444,1.0,1.0,0.014404166666666668,0.15986666666666668,33.78410953620673,6.255212677231025,,,,,2.2849470984345226,806411
ldpc,N96_M48,tau_pSA,search,46,963,,,,4.108130545111073,2.3893236295055424,1.7816483791243287,snr,0.514709021142245,0.0,0.46835638312197425,0.7999915063117204,6.0406000799280966,exponential,5.5500326418269585,0.610709574677911,best_state,4096,4267,12800,0.4889756944444445,1.0,0.9958333333333332,0.014404166666666668,0.15986666666666668,33.94682287146852,6.255212677231025,,,,,2.2849493766279423,624274
ldpc,N96_M48,tau_pSA,search,928,964,,,,4.664628906914661,0.3078623679179363,2.654954358939667,llr,0.5701945710295094,0.0,0.1554620553044896,0.3110248187830103,10.390083530323073,cosine,0.054424595280434626,0.38917799230861067,best_state,6890,17301,25600,0.5009331597222223,1.0,0.975,0.014404166666666668,0.15986666666666668,34.77696220229486,6.255212677231025,,,,,2.2850371967847187,7608832
ldpc,N96_M48,tau_pSA,search,81,965,,,,6.186869518013485,5.634316228231917,4.167641159104328,snr,0.31157375899100165,0.0,0.4366030416910749,0.6339736866324119,8.022514787109806,linear,0.740377761019912,0.5295481785459639,best_state,4696,3479,12800,0.48693576388888893,1.0,1.0,0.014404166666666668,0.15986666666666668,33.80520200559252,6.255212677231025,,,,,2.2852161132160163,901439
ldpc,N96_M48,tau_pSA,search,62,966,,,,4.381511391690894,1.8634772358304053,1.3987038640479692,snr,0.3531036541723036,0.0,0.6435112879039788,1.1625857677820859,5.646011993431695,cosine,2.2485770710700375,0.41598699837005015,best_state,13237,2180,25600,0.4870225694444445,1.0,1.0,0.014404166666666668,0.15986666666666668,33.81122842541703,6.255212677231025,,,,,2.285291369081876,750978
ldpc,N96_M48,tau_pSA,search,61,967,,,,4.4836660371390815,1.4770313860813522,2.3400110683541366,snr,0.35029053324884335,0.0,0.5343717486166514,1.193839329648696,5.381512367722501,cosine,2.1611679019644594,0.7734701205271717,best_state,13439,2043,25600,0.48723958333333334,1.0,1.0,0.014404166666666668,0.15986666666666668,33.826294474978305,6.255212677231025,,,,,2.285501274724634,743059
ldpc,N96_M48,tau_pSA,search,82,968,,,,6.330527385792084,5.889084163694059,4.258796755877475,snr,0.30239612300809804,0.0,0.43118167086461767,0.6236562808428687,7.716409350120077,linear,0.9353896499967629,0.5451724706689971,best_state,4739,3492,12800,0.48728298611111115,1.0,1.0,0.014404166666666668,0.15986666666666668,33.82930768489056,6.255212677231025,,,,,2.285537941041217,909358
ldpc,N96_M48,tau_pSA,search,994,969,,,,7.604884571885944,6.081376765355862,2.1824373301702624,fixed,0.5394025110351426,0.0,0.16507760942731334,0.3396359793408187,7.238620139379259,cosine,0.05413802875894402,0.41423134515602006,best_state,6951,15869,25600,0.49809027777777776,1.0,0.9812500000000001,0.014404166666666668,0.15986666666666668,34.579596953042135,6.255212677231025,,,,,2.28569016942796,8131486
ldpc,N96_M48,tau_pSA,search,362,970,,,,6.353584979706454,0.08517983643567577,1.748299828573292,fixed,0.7622027645925544,0.0,0.17898964273169088,1.5732556014689731,7.514217907237859,constant,0.8901380233182207,0.18442062297239323,majority,10626,787,12800,0.5007812500000001,1.0,0.9770833333333333,0.014404166666666668,0.15986666666666668,34.76641596760197,6.255212677231025,,,,,2.2859412001012274,3126678
ldpc,N96_M48,tau_pSA,search,66,971,,,,4.1055231672168135,1.452729958981089,1.383664637206512,snr,0.36110504508139846,0.0,0.5338948115519381,1.0934249241981957,5.491760554961806,cosine,2.32010884075698,0.5387747622921076,best_state,13122,2021,25600,0.48784722222222215,1.0,1.0,0.014404166666666668,0.15986666666666668,33.868479413749874,6.255212677231025,,,,,2.2860423033052193,782654
ldpc,N96_M48,tau_pSA,search,63,972,,,,4.304074549473211,1.774862770702424,1.4665248322568103,snr,0.35541864394243006,0.0,0.5383932570973332,1.2112982428600525,5.51376451870637,cosine,2.3302838768227914,0.41112553260826357,best_state,6168,4622,12800,0.4884765625,1.0,1.0,0.014404166666666668,0.15986666666666668,33.91217095747758,6.255212677231025,,,,,2.2865940292273743,758897
ldpc,N96_M48,tau_pSA,search,642,973,,,,5.142037943405566,1.882413509933774,2.289343920853392,fixed,0.7142376264709855,0.0,0.17287708227350068,0.11767151627121256,9.46378262553788,linear,0.2305691223052736,0.28212800469292837,best_state,8130,8956,19200,0.49700520833333334,1.0,0.9854166666666666,0.014404166666666668,0.15986666666666668,34.50426670523575,6.255212677231025,,,,,2.2868166319989394,5343998
ldpc,N96_M48,tau_pSA,search,84,974,,,,6.317970615814545,5.728949755672161,5.3200277142450485,snr,0.3103613724930455,0.0,0.44845278445180775,0.6499384309179137,7.045134460905289,linear,0.9314029506960725,0.5364199031557615,best_state,4567,2591,12800,0.48882378472222215,1.0,1.0,0.014404166666666668,0.15986666666666668,33.93627663677562,6.255212677231025,,,,,2.2869085365718895,925196
ldpc,N96_M48,tau_pSA,search,68,975,,,,4.272173480991741,1.620181272941231,1.492682695233044,snr,0.3481335753884589,0.0,0.5198036587968626,1.2272890677793782,5.519155017295435,cosine,0.5316846162083888,0.422401841832916,best_state,10862,7670,25600,0.4892578125,1.0,1.0,0.014404166666666668,0.15986666666666668,33.96640873589818,6.255212677231025,,,,,2.2872883721509227,798492
ldpc,N96_M48,tau_pSA,search,109,976,,,,4.801925614684545,3.757186239500774,2.8185808860146344,snr,0.42695486322600185,0.0,0.5741395914560034,0.7789127412097409,3.236913313280176,cosine,0.6749945550100307,0.5552920851329471,best_state,3845,3961,9600,0.4895399305555556,1.0,1.0,0.014404166666666668,0.15986666666666668,33.98599460032784,6.255212677231025,,,,,2.2875120763602537,1123171
ldpc,N96_M48,tau_pSA,search,77,977,,,,6.21797427011748,5.650290175196494,4.520117070377116,snr,0.3118688835088849,0.0,0.44333198294701426,0.6530118823319399,7.756539671186465,linear,0.948588892840517,0.5328551240220768,best_state,9584,1674,12800,0.4895833333333333,1.0,1.0,0.014404166666666668,0.15986666666666668,33.98900781024009,6.255212677231025,,,,,2.287574381061252,869763
ldpc,N96_M48,tau_pSA,search,131,978,,,,7.063294739856188,6.741109991892651,3.6339372815916033,snr,0.39344748112871286,0.0,0.4707229706689017,1.0093431125917336,5.111900477804628,exponential,1.532288979310155,0.2282719298965098,last,16984,2371,25600,0.48964843750000003,1.0,1.0,0.014404166666666668,0.15986666666666668,33.99352762510848,6.255212677231025,,,,,2.2876387634305066,1297389
ldpc,N96_M48,tau_pSA,search,80,979,,,,6.177032946241749,5.6271202434359155,4.275597798667176,snr,0.31291843542920433,0.0,0.4423024693757598,0.6387956105327854,7.073205647024786,linear,0.9580890061131617,0.8777539113233048,best_state,4613,3513,12800,0.48969184027777785,1.0,1.0,0.014404166666666668,0.15986666666666668,33.99654083502073,6.255212677231025,,,,,2.287674987692295,893520
ldpc,N96_M48,tau_pSA,search,111,980,,,,4.736070190312596,3.65776990899054,2.6704657724264975,snr,0.3744604672966804,0.0,0.4030610675539387,0.8113287158447029,6.001921520821572,cosine,4.1892312467038835,0.63210721040221,best_state,3661,3905,9600,0.4899088541666667,1.0,1.0,0.014404166666666668,0.15986666666666668,34.01160688458201,6.255212677231025,,,,,2.2878719026892274,1139009
ldpc,N96_M48,tau_pSA,search,821,981,,,,6.414678260263939,5.765810797887317,4.0808880340559295,fixed,0.6352899532771318,0.0,0.22604996286073953,0.19799001578878714,8.8255570871553,linear,0.07555208999534255,0.3636714679313474,best_state,5828,15440,25600,0.49355468750000003,1.0,0.99375,0.014404166666666668,0.15986666666666668,34.264716517211454,6.255212677231025,,,,,2.2879652155859027,6761499
ldpc,N96_M48,tau_pSA,search,83,982,,,,6.271738484479749,5.514536832708247,4.555852839238136,snr,0.30498840005104005,0.0,0.4323459990516366,0.6410304113215567,7.864763328478263,linear,0.8132416750624339,0.8565953625303815,best_state,4548,2621,12800,0.490234375,1.0,1.0,0.014404166666666668,0.15986666666666668,34.03420595892392,6.255212677231025,,,,,2.2881537843339306,917277
ldpc,N96_M48,tau_pSA,search,70,983,,,,4.244774377551437,1.6335664742420264,1.4345806062580329,snr,0.3597643972586207,0.0,0.5306193453082972,1.272997618815064,5.262476790645031,cosine,0.5566539431922766,0.7900512135604781,best_state,3148,2129,12800,0.49079861111111106,1.0,1.0,0.014404166666666668,0.15986666666666668,34.073377687783236,6.255212677231025,,,,,2.2886597671177853,814330
ldpc,N96_M48,tau_pSA,search,112,984,,,,4.8248822322487435,0.5733117713100498,2.5859862570022663,snr,0.37947784193302286,0.0,0.40852265182259084,0.737049615562321,5.980896486818306,cosine,4.535255961253129,0.5550524026612574,best_state,3254,4040,9600,0.49095052083333335,1.0,1.0,0.014404166666666668,0.15986666666666668,34.08392392247613,6.255212677231025,,,,,2.2887897882947943,1146928
ldpc,N96_M48,tau_pSA,search,115,985,,,,4.878838282723147,0.6504842273238637,2.7330312631476907,snr,0.4232870526223966,0.0,0.5002278081816495,0.7796983042444078,4.378572184317844,cosine,4.376055655163878,0.6300517582651499,best_state,9157,220,9600,0.4915364583333333,1.0,1.0,0.014404166666666668,0.15986666666666668,34.12460225629158,6.255212677231025,,,,,2.289310219601515,1170685
ldpc,N96_M48,tau_pSA,search,79,986,,,,6.118741798542198,5.66100885297324,4.33465865803479,snr,0.31090951225289903,0.0,0.45355608057345687,0.635314365689849,7.8720510253820155,linear,1.0566260232262061,0.8669067912221788,best_state,4732,3460,12800,0.4916666666666667,1.0,1.0,0.014404166666666668,0.15986666666666668,34.13364188602835,6.255212677231025,,,,,2.289427096361221,885601
ldpc,N96_M48,tau_pSA,search,352,987,,,,5.375507093791633,0.06207795357355218,2.281325070783683,snr,0.7368022268237225,0.0,0.2121433112037964,1.581462615834494,5.83158754968889,constant,0.8103940309046042,0.14398883665964662,majority,11291,746,12800,0.5000217013888889,1.0,0.9854166666666666,0.014404166666666668,0.15986666666666668,34.7136847941375,6.255212677231025,,,,,2.2894523718572604,3047488
ldpc,N96_M48,tau_pSA,search,50,988,,,,2.9303162764215593,0.9599915263374035,1.0205178778607062,fixed,0.20467875648582604,0.0,0.30970521910154425,1.4971840489271717,3.7239761004999714,exponential,1.8293596096566487,0.7185063943149008,majority,2521,5301,12800,0.4933376736111111,1.0,0.9979166666666667,0.014404166666666668,0.15986666666666668,34.24965046765018,6.255212677231025,,,,,2.289855913352398,655950
ldpc,N96_M48,tau_pSA,search,825,989,,,,6.690894963353479,4.825451745920142,3.5652410590558965,fixed,0.5871698403154315,0.0,0.235658246741895,0.21028348099834968,9.781235602450389,linear,0.0823681914529167,0.3398375832413602,best_state,4811,17783,25600,0.4960069444444444,1.0,0.99375,0.014404166666666668,0.15986666666666668,34.434962877253874,6.255212677231025,,,,,2.2900964697969797,6793175
ldpc,N96_M48,tau_pSA,search,185,990,,,,6.736086597514471,4.676046317843609,1.5669551508153396,snr,0.6356023725846097,0.0,0.23911516913724662,2.2979770675422175,2.580915549220981,constant,1.6524650952437239,0.04677593302916261,last,10398,485,12800,0.49624565972222223,1.0,0.99375,0.014404166666666668,0.15986666666666668,34.451535531771285,6.255212677231025,,,,,2.2903267978338597,1725015
ldpc,N96_M48,tau_pSA,search,58,991,,,,2.7123400743401436,0.9024665983680007,0.8708051397209978,fixed,0.18236581623763376,0.0,0.2990275002647026,0.37208085284329595,2.9127842645569664,exponential,1.2055019597281929,0.7060004863415611,majority,2175,5067,12800,0.49422743055555557,1.0,0.9979166666666667,0.014404166666666668,0.15986666666666668,34.31142127085141,6.255212677231025,,,,,2.290641901293137,719302
ldpc,N96_M48,tau_pSA,search,869,992,,,,5.091513687270917,0.43460829509558163,3.1475521158466644,fixed,0.6509420785641413,0.0,0.20725801114094944,0.1706275613213777,9.063567406089275,linear,0.08876080682204139,0.31461304099540294,best_state,6426,17351,25600,0.49904513888888896,1.0,0.9895833333333334,0.014404166666666668,0.15986666666666668,34.64588757111176,6.255212677231025,,,,,2.2906784023506055,7141611
ldpc,N96_M48,tau_pSA,search,859,993,,,,6.198800927312227,5.510752271414587,2.8797751562096,fixed,0.6457885925750323,0.0,0.19761240170023692,0.1879581155182862,9.385077542358033,linear,0.09919392966182686,0.2959299736620292,best_state,5472,16407,25600,0.4969401041666666,1.0,0.99375,0.014404166666666668,0.15986666666666668,34.49974689036736,6.255212677231025,,,,,2.2909272053187495,7062421
ldpc,N96_M48,tau_pSA,search,266,994,,,,6.1237944565732265,1.2404288450599856,2.455996691839105,snr,0.7322635424807213,0.0,0.2277439459271254,1.3030084533263964,5.338929313715836,constant,0.6839183785482706,0.04052329740269562,majority,11414,1180,12800,0.49704861111111115,1.0,0.99375,0.014404166666666668,0.15986666666666668,34.50727991514801,6.255212677231025,,,,,2.2910245412693415,2366454
ldpc,N96_M48,tau_pSA,search,842,995,,,,7.426626515372127,4.948561790587971,3.462206251169576,fixed,0.6170145015171681,0.0,0.23282173147419646,0.13933407998216946,8.601986632230776,linear,0.06285377965370344,0.3473273609453087,best_state,4752,20344,25600,0.49624565972222223,1.0,0.9958333333333332,0.014404166666666668,0.15986666666666668,34.451535531771285,6.255212677231025,,,,,2.291353253045479,6927798
ldpc,N96_M48,tau_pSA,search,850,996,,,,7.263403014201654,4.343222394475062,3.4680370002157237,fixed,0.6222150101288031,0.0,0.23637197927646914,0.17305825431852243,2.155645045052355,linear,0.06269654841025822,0.3010509785822607,best_state,4236,20571,25600,0.49520399305555557,1.0,0.9979166666666667,0.014404166666666668,0.15986666666666668,34.379218493877154,6.255212677231025,,,,,2.291491440397243,6991150
ldpc,N96_M48,tau_pSA,search,73,997,,,,6.431990133924899,5.645126487270366,4.1773991519573475,snr,0.4586080858977315,0.0,0.4376730175862455,0.6449496552890467,7.415018900592448,linear,0.056768915375476604,0.8944267729648682,best_state,4839,3395,12800,0.4942708333333334,1.0,1.0,0.014404166666666668,0.15986666666666668,34.314434480763666,6.255212677231025,,,,,2.2917222721789026,838087
ldpc,N96_M48,tau_pSA,search,828,998,,,,6.1886499607075285,5.3461668418610735,4.232977998495755,fixed,0.6456268355722355,0.0,0.2263303480908522,0.14589641154229158,8.567731070503662,linear,0.07565921551845006,0.3418546420759316,best_state,4948,18578,25600,0.49911024305555557,1.0,0.9916666666666667,0.014404166666666668,0.15986666666666668,34.65040738598014,6.255212677231025,,,,,2.2917838743586634,6816932
ldpc,N96_M48,tau_pSA,search,818,999,,,,6.364920130834104,5.193233985429636,3.472952613519444,fixed,0.5887013019931597,0.0,0.21853961283619425,0.21504917739013485,9.792735727075993,linear,0.07166623177779778,0.3344597668852391,best_state,5285,19855,25600,0.5015190972222222,1.0,0.9874999999999999,0.014404166666666668,0.15986666666666668,34.817640536110304,6.255212677231025,,,,,2.2917925798809335,6737742
ldpc,N96_M48,tau_pSA,search,291,1000,,,,5.149082685481348,0.22020513055408328,2.868495144119275,snr,0.6977177173598055,0.0,0.27047297068210735,1.1242775146380375,7.822438176971943,constant,0.9658589725217852,0.06105877909101787,majority,10691,727,12800,0.4967881944444445,1.0,0.9958333333333332,0.014404166666666668,0.15986666666666668,34.48920065567448,6.255212677231025,,,,,2.2918430558512872,2564429
ldpc,N96_M48,tau_pSA,search,843,1001,,,,5.582052706770207,4.364122811627045,3.4997666760327073,fixed,0.6284229302406266,0.0,0.22880677533850338,0.15177105658744952,8.40755005949053,linear,0.0824089272905561,0.32078319532205296,best_state,4517,18442,25600,0.4945312499999999,1.0,1.0,0.014404166666666668,0.15986666666666668,34.33251374023719,6.255212677231025,,,,,2.291949758306668,6935717
ldpc,N96_M48,tau_pSA,search,848,1002,,,,7.14467919116826,3.73897299146184,3.117356749028516,fixed,0.6202711163891031,0.0,0.23598868790615288,0.11488032894999564,8.466023219779036,linear,0.0805681024778581,0.30305341330462865,best_state,4285,18124,25600,0.49691840277777777,1.0,0.9958333333333332,0.014404166666666668,0.15986666666666668,34.49824028541124,6.255212677231025,,,,,2.291959166781385,6975312
ldpc,N96_M48,tau_pSA,search,896,1003,,,,6.406254777720672,2.230829121858608,3.2190222678429192,fixed,0.6412062278703764,0.0,0.18439808738994368,0.15334464806667267,9.94651415132768,linear,0.11282372457973448,0.3040085100723074,best_state,3497,20871,25600,0.5029513888888889,1.0,0.9854166666666666,0.014404166666666668,0.15986666666666668,34.917076463214734,6.255212677231025,,,,,2.291992298126188,7355424
ldpc,N96_M48,tau_pSA,search,844,1004,,,,5.57582867218181,4.032335505516679,3.3384640888153347,fixed,0.6222418965818782,0.0,0.20876170042365827,0.14024877870192287,8.420676439384557,linear,0.06770059098927275,0.34846336630707503,best_state,3722,20335,25600,0.5005642361111111,1.0,0.9895833333333334,0.014404166666666668,0.15986666666666668,34.75134991804069,6.255212677231025,,,,,2.2920095379262957,6943636
ldpc,N96_M48,tau_pSA,search,59,1005,,,,3.077500332852449,0.8491013731030846,0.8749231103806377,fixed,0.23353542720638207,0.0,0.26403150421577504,1.6839949724541126,3.671183055675684,exponential,1.3318582670232515,0.7287606469832886,majority,2192,5031,12800,0.49704861111111115,1.0,0.9958333333333332,0.014404166666666668,0.15986666666666668,34.50727991514801,6.255212677231025,,,,,2.292068889423166,727221
ldpc,N96_M48,tau_pSA,search,846,1006,,,,6.893254653482946,4.893838835027682,3.5797408033575246,fixed,0.6216599659966456,0.0,0.2275926736202438,0.15788464404708893,8.374051806296098,linear,0.08242092609681473,0.353735958911215,best_state,4437,19340,25600,0.4986979166666667,1.0,0.99375,0.014404166666666668,0.15986666666666668,34.62178189181371,6.255212677231025,,,,,2.292467850228079,6959474
ldpc,N96_M48,tau_pSA,search,849,1007,,,,7.116844966187997,4.453132895259596,3.185765104106094,fixed,0.628350082123107,0.0,0.2311276816007976,0.1663671966206217,8.519991993282119,linear,0.07061286746434352,0.34907291229151055,best_state,3912,12306,25600,0.49639756944444446,1.0,0.9979166666666667,0.014404166666666668,0.15986666666666668,34.46208176646418,6.255212677231025,,,,,2.292538894439766,6983231
ldpc,N96_M48,tau_pSA,search,826,1008,,,,6.21574088499326,5.2982858641184025,3.8958510092290064,fixed,0.5902008106130265,0.0,0.21072827004891836,0.268099569745729,9.805911704421597,linear,0.10239880797788015,0.3350033198407959,best_state,4813,15395,25600,0.498828125,1.0,0.99375,0.014404166666666668,0.15986666666666668,34.63082152155047,6.255212677231025,,,,,2.292581302673214,6801094
ldpc,N96_M48,tau_pSA,search,26,1009,,,,1.6937049839741043,0.06624450535365828,3.3917060019529406,llr,0.2661725538950425,0.0,0.7330485662561227,0.20471104827867473,0.5158790350297326,constant,3.517413893890134,0.32646565552774764,last,8404,9976,19200,0.49548611111111107,1.0,1.0,0.014404166666666668,0.15986666666666668,34.39880435830681,6.255212677231025,,,,,2.292785682657172,465894
ldpc,N96_M48,tau_pSA,search,845,1010,,,,6.9337246442542275,5.019936908949879,3.55043257659144,fixed,0.6150088472131986,0.0,0.23520302074271332,0.14319398850233564,8.50521291231869,linear,0.07848650248709137,0.3713502321821781,best_state,4279,18121,25600,0.49789496527777777,1.0,0.9958333333333332,0.014404166666666668,0.15986666666666668,34.566037508436985,6.255212677231025,,,,,2.2928096911140496,6951555
ldpc,N96_M48,tau_pSA,search,817,1011,,,,6.51430586449186,5.3806125722611675,4.025245795945341,fixed,0.578120841664697,0.0,0.2104882895320967,0.20514199473453137,8.876492697057436,linear,0.08318330811196054,0.3308557353935185,best_state,4702,9693,25600,0.49796006944444443,1.0,0.9958333333333332,0.014404166666666668,0.15986666666666668,34.570557323305366,6.255212677231025,,,,,2.2928683927492126,6729823
ldpc,N96_M48,tau_pSA,search,360,1012,,,,5.0977431500751305,0.685080184684492,2.1955192227361375,fixed,0.6907641358452803,0.0,0.214538940880391,1.6153769099221702,5.947265547289109,constant,0.7908111835674618,0.140824995848241,majority,10262,862,12800,0.5017578125000001,1.0,0.9895833333333334,0.014404166666666668,0.15986666666666668,34.834213190627715,6.255212677231025,,,,,2.2930339683107586,3110840
ldpc,N96_M48,tau_pSA,search,750,1013,,,,2.6269793962837293,0.2229889432134602,1.6181642327839558,fixed,0.7589368047107992,0.0,0.20561841706313677,2.645818607639439,11.022992339935396,linear,0.06323344138568421,0.7327273613759118,best_state,7314,10773,19200,0.49943576388888883,1.0,0.99375,0.014404166666666668,0.15986666666666668,34.67300646032204,6.255212677231025,,,,,2.293112854135981,6199250
ldpc,N96_M48,tau_pSA,search,128,1014,,,,7.169327928913233,6.640871937529131,1.654487952693803,llr,0.489034204999294,0.0,0.46701880710556287,1.0259046523265707,5.112412136960724,exponential,8.94113941861683,0.7980515122716293,last,12140,6641,25600,0.4962239583333334,1.0,1.0,0.014404166666666668,0.15986666666666668,34.45002892681516,6.255212677231025,,,,,2.2934268971972553,1273632
ldpc,N96_M48,tau_pSA,search,53,1015,,,,2.726909044375874,0.8023454268139688,0.9294270781553148,fixed,0.17300150086631316,0.0,0.28757826092586386,1.658442421398477,3.5398679616293083,exponential,1.794119161561516,0.7064515407572358,majority,1572,6455,12800,0.4964843749999999,1.0,1.0,0.014404166666666668,0.15986666666666668,34.46810818628868,6.255212677231025,,,,,2.293661954588482,679707
ldpc,N96_M48,tau_pSA,search,126,1016,,,,7.213838925441614,6.782232862405443,3.685611149630028,llr,0.3991461831575717,0.0,0.4693852006551732,1.046603223494411,5.124815620119118,exponential,7.993493028153499,0.23328812519872927,last,16701,2371,25600,0.49685329861111116,1.0,1.0,0.014404166666666668,0.15986666666666668,34.49372047054286,6.255212677231025,,,,,2.2939778247668867,1257794
ldpc,N96_M48,tau_pSA,search,852,1017,,,,5.69265896951998,4.165858736878297,3.5988862876578107,fixed,0.6400177282859023,0.0,0.2385670044128403,0.1435231274811755,8.78900801861607,linear,0.0802416066657962,0.3563366038335866,best_state,4164,21183,25600,0.5005859375,1.0,0.99375,0.014404166666666668,0.15986666666666668,34.752856522996815,6.255212677231025,,,,,2.294086208060126,7006988
ldpc,N96_M48,tau_pSA,search,265,1018,,,,5.760936169143086,1.1403589681344641,3.2509104504515363,snr,0.7344731378921485,0.0,0.23302836717946498,1.2739012497618005,5.284893576838903,constant,0.7947178616960697,0.045737689016873674,majority,11482,1210,12800,0.49737413194444446,1.0,1.0,0.014404166666666668,0.15986666666666668,34.52987898948992,6.255212677231025,,,,,2.294428190681061,2358535
ldpc,N96_M48,tau_pSA,search,52,1019,,,,2.757604629128166,0.9924798988269788,1.0681325241171442,fixed,0.17967134199766577,0.0,0.347516590568113,1.7504076631726342,3.6045982976854445,exponential,1.7376280340204622,0.720220155308298,majority,1914,5179,12800,0.4974609374999999,1.0,1.0,0.014404166666666668,0.15986666666666668,34.535905409314424,6.255212677231025,,,,,2.294512398560295,671788
ldpc,N96_M48,tau_pSA,search,135,1020,,,,3.8308793942796977,0.09941431281095785,1.2024623407251747,snr,0.2974917033785286,0.0,0.553169232613226,1.1390502032648075,4.45282671707958,exponential,2.985478990273594,0.2682277402468957,last,15170,3221,25600,0.49767795138888893,1.0,1.0,0.014404166666666668,0.15986666666666668,34.550971458875715,6.255212677231025,,,,,2.2946982125721638,1329065
ldpc,N96_M48,tau_pSA,search,313,1021,,,,6.125702420859172,0.36011086823543353,0.22667481195132735,snr,0.7198668483061139,0.0,0.24922002515660155,1.0180360887480324,7.2622148571136576,constant,1.3069267374005624,0.12292945180955808,majority,11042,1099,12800,0.5013888888888889,1.0,0.99375,0.014404166666666668,0.15986666666666668,34.80860090637354,6.255212677231025,,,,,2.294797828425918,2738647
ldpc,N96_M48,tau_pSA,search,854,1022,,,,6.145842685322056,5.332935592981107,2.865440754621254,fixed,0.5981872719406253,0.0,0.19685332938880246,0.18046864735820078,9.316136678085007,linear,0.09672849909571853,0.3101103244609159,best_state,5495,19065,25600,0.5027994791666667,1.0,0.9916666666666667,0.014404166666666668,0.15986666666666668,34.90653022852184,6.255212677231025,,,,,2.294979893311747,7022826
ldpc,N96_M48,tau_pSA,search,31,1023,,,,1.8458553850491994,0.05295322786461385,3.139496445956999,llr,0.27392168663100636,0.0,0.7769058171015856,0.2685493362708906,0.5471481887871457,constant,3.6807721045633075,0.33709834318417264,last,150,13216,19200,0.49858940972222215,1.0,1.0,0.014404166666666668,0.15986666666666668,34.61424886703307,6.255212677231025,,,,,2.2954974200580436,505489
ldpc,N96_M48,tau_pSA,search,137,1024,,,,3.7459680409711957,0.10931646215123302,0.7525512839095743,snr,0.28788916115514224,0.0,0.547396941757474,0.8469245255986548,4.5254440251267,exponential,1.0992732117578687,0.07554045544097299,last,14204,3234,25600,0.49887152777777777,1.0,1.0,0.014404166666666668,0.15986666666666668,34.63383473146273,6.255212677231025,,,,,2.295735732118257,1344903
ldpc,N96_M48,tau_pSA,search,851,1025,,,,7.103431659043844,5.051677481911633,3.4879070662779093,fixed,0.6275239681624266,0.0,0.2360726558646164,0.14365842653137742,8.862460344596975,linear,0.06964438034065773,0.34549498573115345,best_state,5124,20170,25600,0.5014973958333334,1.0,0.9958333333333332,0.014404166666666668,0.15986666666666668,34.816133931154184,6.255212677231025,,,,,2.2959202371754603,6999069
ldpc,N96_M48,tau_pSA,search,841,1026,,,,7.099735842904406,4.264816132323717,3.6516105577041027,fixed,0.6205781291821036,0.0,0.21179322461558758,0.13258103751491981,8.483034926098217,linear,0.0805174254317591,0.35886793592456423,best_state,4393,11689,25600,0.5030598958333333,1.0,0.99375,0.014404166666666668,0.15986666666666668,34.92460948799537,6.255212677231025,,,,,2.296250147768371,6919879
ldpc,N96_M48,tau_pSA,search,847,1027,,,,7.584426424996681,4.090100844572604,3.6218321468901107,fixed,0.6228048958833969,0.0,0.2317191261562499,0.14688782289774682,8.432833119609281,linear,0.06796683665097997,0.3589630978524105,best_state,3986,21087,25600,0.5020616319444445,1.0,0.9958333333333332,0.014404166666666668,0.15986666666666668,34.85530566001351,6.255212677231025,,,,,2.2964023169663967,6967393
ldpc,N96_M48,tau_pSA,search,139,1028,,,,3.787388246734121,0.11674534326982043,1.1460141768349468,snr,0.2667525276579719,0.0,0.5515980473914476,0.045301209189378196,9.651328272683335,exponential,1.1220535987759424,0.004407647867692099,last,11530,2996,25600,0.5,1.0,1.0,0.014404166666666668,0.15986666666666668,34.71217818918137,6.255212677231025,,,,,2.2967221852575603,1360741
ldpc,N96_M48,tau_pSA,search,827,1029,,,,6.462332052017135,4.9609974282220355,3.7515091616353184,fixed,0.5792253528934369,0.0,0.2196955395307628,0.2004216609835997,8.851537201685394,linear,0.08656833064536687,0.3228573542391433,best_state,5169,18710,25600,0.5027343750000001,1.0,0.9958333333333332,0.014404166666666668,0.15986666666666668,34.90201041365346,6.255212677231025,,,,,2.297002933881245,6809013
ldpc,N96_M48,tau_pSA,search,25,1030,,,,2.369704272127266,0.05665400282859172,3.3139375456917284,llr,0.5197590744354555,0.0,0.7529496042964905,0.2308601343976045,0.5583849560019138,constant,0.33428482728672443,0.34022613659023576,last,8330,9736,19200,0.5004774305555556,1.0,1.0,0.014404166666666668,0.15986666666666668,34.74532349821618,6.255212677231025,,,,,2.2971066877456705,457975
ldpc,N96_M48,tau_pSA,search,822,1031,,,,6.422527869890637,4.894383923318452,3.8111713470225097,fixed,0.6240874397374655,0.0,0.21882078030042937,0.26572900020135426,9.802571611275429,linear,0.07458673273834618,0.33150918621953984,best_state,5216,19566,25600,0.5024088541666667,1.0,0.9979166666666667,0.014404166666666668,0.15986666666666668,34.879411339311545,6.255212677231025,,,,,2.2977741467852852,6769418
ldpc,N96_M48,tau_pSA,search,5,1032,,,,3.2974407400949928,0.5168923263544449,1.2439021626166002,snr,0.5548753903320631,0.0,0.8792504168041462,0.466257973383396,3.8679426985965524,exponential,0.8211479800497417,0.6371777176128516,last,3148,3219,25600,0.5023654513888889,1.0,1.0,0.014404166666666668,0.15986666666666668,34.876398129399284,6.255212677231025,,,,,2.298770423535956,299595
ldpc,N96_M48,tau_pSA,search,138,1033,,,,3.798372781034212,0.12706051598541057,1.1683155388455886,snr,0.2567558013637672,0.0,0.5492605922767624,0.8562448621747029,4.4839465828153555,exponential,1.1169855245128928,0.00839933965616535,last,17827,1758,25600,0.5027777777777778,1.0,1.0,0.014404166666666668,0.15986666666666668,34.90502362356571,6.255212677231025,,,,,2.2991229064538334,1352822
