problem,size,mode,stage,candidate_id,rank,graph_type,instance_seed,EbNo_dB,kw,kr,alpha,alpha_mode,psa_p,lambda_mem,response_lambda,I0_min,I0_max,I0_schedule_type,I0_schedule_shape,I0_hold_fraction,decision_method,burn_in,sample_window,n_cycles,BER,FER,syndrome_violation,BP_BER,BP_FER,BER_ratio_to_BP,FER_ratio_to_BP,best_cut,normalized_cut,approximation_ratio,best_unsat,mean_unsat,mean_unsat_rate,best_unsat_rate,std_unsat,valid_assignment_rate,success_rate,score,seed
ldpc,N288_M144,lambda_pSA,refine,882,1,,,,0.1704565400035984,0.16929051772556775,1.7203595365825695,fixed,0.40757725802361194,0.8537798351076193,0.0,0.2268291997922201,8.368513046598743,cosine,0.06910328208417126,0.3833464231826391,best_state,25389,196,25600,0.007225694444444444,0.06416666666666666,0.0625,0.0047143518518518515,0.0618,1.532701561425906,1.0382955771305284,,,,,,,,,,,0.19164056810869962,395028;395129;395230;395331;395432;395533
ldpc,N288_M144,lambda_pSA,refine,856,2,,,,0.13571283148574467,0.13601389774834463,1.7889527442496838,fixed,0.4700760352498929,0.8911576651325762,0.0,0.26710553437275925,7.070672901118014,cosine,0.06830245747751106,0.4597987931560208,best_state,13666,5101,25600,0.007671296296296295,0.07016666666666667,0.06916666666666667,0.0047143518518518515,0.0618,1.6272218403221053,1.1353829557713053,,,,,,,,,,,0.19316909609943572,347514;347615;347716;347817;347918;348019
ldpc,N288_M144,lambda_pSA,final,882,3,,,,0.1704565400035984,0.16929051772556775,1.7203595365825695,fixed,0.40757725802361194,0.8537798351076193,0.0,0.2268291997922201,8.368513046598743,cosine,0.06910328208417126,0.3833464231826391,best_state,25389,196,25600,0.0074837962962962966,0.06683333333333334,0.06533333333333333,0.0047143518518518515,0.0618,1.587449671020328,1.0814455231930962,,,,,,,,,,,0.2059479747463468,707919;715941;723963;731985;740007;748029;756051;764073;772095;780117
ldpc,N288_M144,lambda_pSA,search,976,4,,,,0.2247712223819891,0.22802359151336143,1.9214889255326157,fixed,0.33688261633805544,0.7644958612778278,0.0,0.22188443055892187,9.827047872033539,cosine,0.11699679633404012,0.2827288976977117,best_state,21674,3887,25600,0.009309895833333333,0.08333333333333333,0.08125,0.0047143518518518515,0.0618,1.974798684081312,1.3484358144552318,,,,,,,,,,,0.22973562447017215,7938944
ldpc,N288_M144,lambda_pSA,refine,986,5,,,,0.21726704494241295,0.22281841530497076,1.710874931964948,fixed,0.2935286492507305,0.7652777030552909,0.0,0.1316507171521523,8.405858534485903,cosine,0.14403614945604615,0.2628642688256349,best_state,21591,3938,25600,0.008506944444444445,0.076,0.07566666666666666,0.0047143518518518515,0.0618,1.804478051654719,1.2297734627831716,,,,,,,,,,,0.2516802078128523,371271;371372;371473;371574;371675;371776
ldpc,N288_M144,lambda_pSA,search,975,6,,,,0.21741176309890434,0.22199815875197387,2.010284468628528,fixed,0.336514803772864,0.7644824462451686,0.0,0.2294884739413668,9.963225661143463,cosine,0.11495448674073709,0.28086836907778717,best_state,20107,5157,25600,0.007957175925925927,0.07916666666666666,0.07708333333333332,0.0047143518518518515,0.0618,1.6878621231464208,1.2810140237324703,,,,,,,,,,,0.2570028498768584,7931025
ldpc,N288_M144,lambda_pSA,refine,877,7,,,,0.168521712468233,0.17424002641519332,1.9771106603208377,fixed,0.4147361342521476,0.8534735414781152,0.0,0.22380614475106053,9.26872677669301,cosine,0.07069259217016802,0.41371342149315066,best_state,22403,180,25600,0.008354166666666666,0.07916666666666668,0.07833333333333334,0.0047143518518518515,0.0618,1.7720710988903075,1.2810140237324705,,,,,,,,,,,0.2577050623067015,537570;537671;537772;537873;537974;538075
ldpc,N288_M144,lambda_pSA,refine,976,8,,,,0.2247712223819891,0.22802359151336143,1.9214889255326157,fixed,0.33688261633805544,0.7644958612778278,0.0,0.22188443055892187,9.827047872033539,cosine,0.11699679633404012,0.2827288976977117,best_state,21674,3887,25600,0.008584490740740741,0.07966666666666666,0.0785,0.0047143518518518515,0.0618,1.8209270352548368,1.2891046386192015,,,,,,,,,,,0.26066169349861873,307919;308020;308121;308222;308323;308424
ldpc,N288_M144,lambda_pSA,refine,894,9,,,,0.2114519014345862,0.20388133328522914,1.659252278887478,fixed,0.36103648913365444,0.8234661003839187,0.0,0.19831713769188045,10.735531690385152,cosine,0.079863294385464,0.3368808570288076,best_state,22204,3343,25600,0.008396990740740741,0.07383333333333335,0.07150000000000001,0.0047143518518518515,0.0618,1.7811548659530592,1.1947141316073357,,,,,,,,,,,0.26114342096356113,474218;474319;474420;474521;474622;474723
ldpc,N288_M144,lambda_pSA,search,874,10,,,,0.14773697735025326,0.14227838248630653,1.7244146376276537,fixed,0.42981288821645885,0.8802058764550628,0.0,0.2476547702669429,7.791145904585518,cosine,0.060370669785536,0.37541178948192777,best_state,19629,5244,25600,0.008709490740740742,0.08333333333333333,0.08125,0.0047143518518518515,0.0618,1.8474418147893552,1.3484358144552318,,,,,,,,,,,0.2712676552650236,7131206
ldpc,N288_M144,lambda_pSA,search,926,11,,,,0.22226142409063307,0.21063699634162145,2.1089155094221725,fixed,0.32949676791797944,0.7614772792312269,0.0,0.15944052641804723,11.066230042796747,cosine,0.12916957536102344,0.3754055457600029,best_state,21001,4530,25600,0.008203125,0.07708333333333334,0.075,0.0047143518518518515,0.0618,1.7400324069527646,1.2473031283710896,,,,,,,,,,,0.2833679104555406,7542994
ldpc,N288_M144,lambda_pSA,search,995,12,,,,0.21274587124242378,0.2229804349587187,1.7370028795424985,fixed,0.29731598357922606,0.7335702692078108,0.0,0.13732722616957127,8.507551016044411,cosine,0.12659317654744653,0.28636496038578796,best_state,22706,2842,25600,0.010228587962962964,0.09166666666666666,0.09166666666666666,0.0047143518518518515,0.0618,2.169670038299126,1.483279395900755,,,,,,,,,,,0.28790169546428046,8089405
ldpc,N288_M144,lambda_pSA,refine,874,13,,,,0.14773697735025326,0.14227838248630653,1.7244146376276537,fixed,0.42981288821645885,0.8802058764550628,0.0,0.2476547702669429,7.791145904585518,cosine,0.060370669785536,0.37541178948192777,best_state,19629,5244,25600,0.008519675925925925,0.07733333333333332,0.0765,0.0047143518518518515,0.0618,1.807178631051753,1.251348435814455,,,,,,,,,,,0.2977156444421344,323757;323858;323959;324060;324161;324262
ldpc,N288_M144,lambda_pSA,search,856,14,,,,0.13571283148574467,0.13601389774834463,1.7889527442496838,fixed,0.4700760352498929,0.8911576651325762,0.0,0.26710553437275925,7.070672901118014,cosine,0.06830245747751106,0.4597987931560208,best_state,13666,5101,25600,0.009266493055555556,0.07916666666666666,0.07708333333333334,0.0047143518518518515,0.0618,1.9655921634096043,1.2810140237324703,,,,,,,,,,,0.3026891908669459,6988664
ldpc,N288_M144,lambda_pSA,refine,975,15,,,,0.21741176309890434,0.22199815875197387,2.010284468628528,fixed,0.336514803772864,0.7644824462451686,0.0,0.2294884739413668,9.963225661143463,cosine,0.11495448674073709,0.28086836907778717,best_state,20107,5157,25600,0.009696180555555555,0.09050000000000001,0.08916666666666667,0.0047143518518518515,0.0618,2.056736718059511,1.464401294498382,,,,,,,,,,,0.31407941335878253,315838;315939;316040;316141;316242;316343
ldpc,N288_M144,lambda_pSA,search,910,16,,,,0.23424757845947547,0.22437886924203054,1.8578352103234796,fixed,0.33140875631873884,0.842342766150887,0.0,0.23822556230116462,9.778415659166898,cosine,0.09152929276848482,0.32537121375773104,best_state,21982,3602,25600,0.009194155092592594,0.08749999999999998,0.08541666666666665,0.0047143518518518515,0.0618,1.9502479622900917,1.4158576051779932,,,,,,,,,,,0.3164033636390267,7416290
ldpc,N288_M144,lambda_pSA,refine,903,17,,,,0.22492257254788575,0.22881965275427163,2.314886172410575,fixed,0.3169304534159162,0.8122171376468332,0.0,0.2126758537540554,10.96880841800896,cosine,0.074266425515237,0.3258193223720797,best_state,19495,5328,25600,0.009862268518518518,0.09499999999999999,0.09399999999999999,0.0047143518518518515,0.0618,2.0919670038299127,1.5372168284789642,,,,,,,,,,,0.31981132980266375,418785;418886;418987;419088;419189;419290
ldpc,N288_M144,lambda_pSA,refine,864,18,,,,0.13566442289348382,0.13548589214119353,1.1839811397805127,fixed,0.46872786766163727,0.8891763506188721,0.0,0.28210857923247656,7.227578086547445,cosine,0.06879804333852725,0.8221573685199902,best_state,13545,3301,25600,0.009074074074074073,0.07233333333333333,0.071,0.0047143518518518515,0.0618,1.9247765884316999,1.1704422869471414,,,,,,,,,,,0.32457705867182474,490056;490157;490258;490359;490460;490561
ldpc,N288_M144,lambda_pSA,search,916,19,,,,0.2138167073578183,0.22201916852293607,2.2012291884740187,fixed,0.3033452397135183,0.7785321167024565,0.0,0.17965906608040638,10.336832862746668,cosine,0.11161451887768974,0.33508279538515,best_state,19766,5373,25600,0.008883101851851852,0.09166666666666666,0.08958333333333333,0.0047143518518518515,0.0618,1.884267897476186,1.483279395900755,,,,,,,,,,,0.3342509255007977,7463804
ldpc,N288_M144,lambda_pSA,refine,885,20,,,,0.1656415718951942,0.17222430915572798,2.1514657596553293,fixed,0.4040948967455978,0.8567389654037927,0.0,0.23427892037520553,9.264949886321245,cosine,0.06899537111936131,0.39258784894610815,best_state,13880,5300,25600,0.009944444444444445,0.09999999999999999,0.09916666666666668,0.0047143518518518515,0.0618,2.1093980163016797,1.6181229773462782,,,,,,,,,,,0.33664966900496296,410866;410967;411068;411169;411270;411371
ldpc,N288_M144,lambda_pSA,search,986,21,,,,0.21726704494241295,0.22281841530497076,1.710874931964948,fixed,0.2935286492507305,0.7652777030552909,0.0,0.1316507171521523,8.405858534485903,cosine,0.14403614945604615,0.2628642688256349,best_state,21591,3938,25600,0.010633680555555554,0.09375,0.09375,0.0047143518518518515,0.0618,2.255597564568398,1.5169902912621358,,,,,,,,,,,0.3382447722756827,8018134
ldpc,N288_M144,lambda_pSA,search,977,22,,,,0.21707184062294094,0.22416468240245876,1.9937182294566023,fixed,0.3960985962043945,0.7649909240423609,0.0,0.1602845703707351,9.830430304800462,cosine,0.08379437635224754,0.32692744586119743,best_state,21482,4090,25600,0.011653645833333332,0.09791666666666665,0.09583333333333333,0.0047143518518518515,0.0618,2.47195080035353,1.5844120819848972,,,,,,,,,,,0.33904999192101376,7946863
ldpc,N288_M144,lambda_pSA,refine,977,23,,,,0.21707184062294094,0.22416468240245876,1.9937182294566023,fixed,0.3960985962043945,0.7649909240423609,0.0,0.1602845703707351,9.830430304800462,cosine,0.08379437635224754,0.32692744586119743,best_state,21482,4090,25600,0.010167824074074074,0.09533333333333334,0.09450000000000001,0.0047143518518518515,0.0618,2.1567809093587353,1.5426105717367855,,,,,,,,,,,0.34283545440208846,379190;379291;379392;379493;379594;379695
ldpc,N288_M144,lambda_pSA,search,898,24,,,,0.20835764962796935,0.2015772557964736,1.9776858746732413,fixed,0.3695983573991176,0.8300184463652167,0.0,0.19889055378119475,9.841594975940279,cosine,0.081947536476461,0.3403580191815366,best_state,24986,595,25600,0.009375,0.08958333333333333,0.08750000000000001,0.0047143518518518515,0.0618,1.9886084650888738,1.4495685005393744,,,,,,,,,,,0.35031818826666117,7321262
ldpc,N288_M144,lambda_pSA,refine,999,25,,,,0.27101315663393516,0.27392201334824506,1.680627284519496,fixed,0.2724027644435756,0.7605407896945873,0.0,0.11735735921243026,8.221174878269789,cosine,0.14272665175126062,0.2853072324432803,best_state,22298,3271,25600,0.009070023148148148,0.07683333333333332,0.07516666666666666,0.0047143518518518515,0.0618,1.9239173131690073,1.2432578209277236,,,,,,,,,,,0.351170715800875,402947;403048;403149;403250;403351;403452
ldpc,N288_M144,lambda_pSA,search,882,26,,,,0.1704565400035984,0.16929051772556775,1.7203595365825695,fixed,0.40757725802361194,0.8537798351076193,0.0,0.2268291997922201,8.368513046598743,cosine,0.06910328208417126,0.3833464231826391,best_state,25389,196,25600,0.009143518518518518,0.08333333333333333,0.07916666666666668,0.0047143518518518515,0.0618,1.9395070215064323,1.3484358144552318,,,,,,,,,,,0.354402766078136,7194558
ldpc,N288_M144,lambda_pSA,refine,916,27,,,,0.2138167073578183,0.22201916852293607,2.2012291884740187,fixed,0.3033452397135183,0.7785321167024565,0.0,0.17965906608040638,10.336832862746668,cosine,0.11161451887768974,0.33508279538515,best_state,19766,5373,25600,0.010145833333333335,0.10216666666666667,0.10183333333333335,0.0047143518518518515,0.0618,2.1521162722184037,1.6531823085221145,,,,,,,,,,,0.361607678171762,363352;363453;363554;363655;363756;363857
ldpc,N288_M144,lambda_pSA,search,999,28,,,,0.27101315663393516,0.27392201334824506,1.680627284519496,fixed,0.2724027644435756,0.7605407896945873,0.0,0.11735735921243026,8.221174878269789,cosine,0.14272665175126062,0.2853072324432803,best_state,22298,3271,25600,0.009751157407407408,0.07708333333333334,0.07708333333333334,0.0047143518518518515,0.0618,2.068398310910341,1.2473031283710896,,,,,,,,,,,0.3720860322265468,8121081
ldpc,N288_M144,lambda_pSA,search,885,29,,,,0.1656415718951942,0.17222430915572798,2.1514657596553293,fixed,0.4040948967455978,0.8567389654037927,0.0,0.23427892037520553,9.264949886321245,cosine,0.06899537111936131,0.39258784894610815,best_state,13880,5300,25600,0.009483506944444444,0.08333333333333333,0.08333333333333333,0.0047143518518518515,0.0618,2.011624766768143,1.3484358144552318,,,,,,,,,,,0.377799197871554,7218315
ldpc,N288_M144,lambda_pSA,search,903,30,,,,0.22492257254788575,0.22881965275427163,2.314886172410575,fixed,0.3169304534159162,0.8122171376468332,0.0,0.2126758537540554,10.96880841800896,cosine,0.074266425515237,0.3258193223720797,best_state,19495,5328,25600,0.011074942129629629,0.10416666666666667,0.09791666666666667,0.0047143518518518515,0.0618,2.349197191397427,1.68554476806904,,,,,,,,,,,0.3779711836119196,7360857
ldpc,N288_M144,lambda_pSA,search,998,31,,,,0.25561213739073896,0.2666075741248859,1.7247993871499774,fixed,0.2650994490739818,0.7670602308433935,0.0,0.12097285603732989,8.351017557712902,cosine,0.14128223331943518,0.25990387625335054,best_state,23072,2491,25600,0.010908564814814815,0.09791666666666667,0.09791666666666667,0.0047143518518518515,0.0618,2.3139055288225476,1.5844120819848975,,,,,,,,,,,0.38488586265920055,8113162
ldpc,N288_M144,lambda_pSA,refine,870,32,,,,0.14507072422146786,0.1410884625624596,2.0986113878078108,fixed,0.42512434282734773,0.8810038912633399,0.0,0.2404953398889997,7.870411968679702,cosine,0.0603518142862208,0.37989095363454056,best_state,13515,376,25600,0.010583333333333333,0.10216666666666667,0.09966666666666667,0.0047143518518518515,0.0618,2.2449180005892173,1.6531823085221145,,,,,,,,,,,0.38704942685933735,545489;545590;545691;545792;545893;545994
ldpc,N288_M144,lambda_pSA,search,638,33,,,,0.11982141187601593,0.11951034154102474,1.2820065612813156,snr,0.4805077802993193,0.8701014217885122,0.0,0.38057119867452494,5.391194148536532,cosine,0.05620943339499874,0.7800472469017333,best_state,16216,2931,19200,0.0130859375,0.11458333333333333,0.11041666666666666,0.0047143518518518515,0.0618,2.775765982519886,1.854099244875944,,,,,,,,,,,0.38860752781550256,5262322
ldpc,N288_M144,lambda_pSA,refine,998,34,,,,0.25561213739073896,0.2666075741248859,1.7247993871499774,fixed,0.2650994490739818,0.7670602308433935,0.0,0.12097285603732989,8.351017557712902,cosine,0.14128223331943518,0.25990387625335054,best_state,23072,2491,25600,0.010473379629629631,0.09566666666666668,0.09450000000000001,0.0047143518518518515,0.0618,2.221594814887558,1.5480043149946063,,,,,,,,,,,0.3949004810389169,426704;426805;426906;427007;427108;427209
ldpc,N288_M144,lambda_pSA,search,510,35,,,,0.1486518328977088,0.1338245779267583,1.124192351854135,snr,0.5028664671499944,0.9216915391085565,0.0,0.030695999340835372,4.50885884917124,cosine,0.06024653806792856,0.8000313141436707,last,16030,2976,19200,0.012174479166666669,0.10625,0.09999999999999999,0.0047143518518518515,0.0618,2.5824290484140238,1.7192556634304206,,,,,,,,,,,0.39735821871841953,4248690
ldpc,N288_M144,lambda_pSA,refine,513,36,,,,0.14977638852560357,0.13323990231860902,1.088753028854169,snr,0.5044556081105858,0.9204506963511286,0.0,0.030313014141004055,4.592425187676293,cosine,0.06212714702281389,0.795953737478994,last,16098,2976,19200,0.011905671296296294,0.10366666666666667,0.10149999999999999,0.0047143518518518515,0.0618,2.525409997053913,1.6774541531823086,,,,,,,,,,,0.39889735792836994,505894;505995;506096;506197;506298;506399
ldpc,N288_M144,lambda_pSA,search,837,37,,,,0.11904679040339905,0.13945655534939697,1.0858188492533773,snr,0.4231696383525858,0.8689917014335449,0.0,0.24785165010360805,7.001269793970616,cosine,0.05654618721393222,0.8021071359140102,best_state,12757,41,12800,0.013411458333333334,0.12291666666666667,0.12291666666666667,0.0047143518518518515,0.0618,2.8448148875576944,1.9889428263214672,,,,,,,,,,,0.4196981610522181,6838203
ldpc,N288_M144,lambda_pSA,refine,898,38,,,,0.20835764962796935,0.2015772557964736,1.9776858746732413,fixed,0.3695983573991176,0.8300184463652167,0.0,0.19889055378119475,9.841594975940279,cosine,0.081947536476461,0.3403580191815366,best_state,24986,595,25600,0.010210648148148148,0.09416666666666666,0.09150000000000001,0.0047143518518518515,0.0618,2.165864676421487,1.523732470334412,,,,,,,,,,,0.4221160253263033,387109;387210;387311;387412;387513;387614
ldpc,N288_M144,lambda_pSA,search,961,39,,,,0.22716932091683514,0.215305051639263,2.247891888245811,fixed,0.31061677323165765,0.7911479514058525,0.0,0.17553298549233304,8.527071087953734,cosine,0.07391511825645394,0.3470365141556401,best_state,21138,4439,25600,0.012022569444444443,0.11041666666666666,0.11041666666666666,0.0047143518518518515,0.0618,2.5502062260630463,1.7866774541531822,,,,,,,,,,,0.42222658718021044,7820159
ldpc,N288_M144,lambda_pSA,search,884,40,,,,0.16928136701245403,0.16567686890441716,2.397684701256403,fixed,0.41218535873197343,0.8602250268114606,0.0,0.2302277670275498,8.34105214570087,cosine,0.06929787908282363,0.36493496610519793,best_state,20673,4729,25600,0.013042534722222221,0.12083333333333333,0.11874999999999998,0.0047143518518518515,0.0618,2.7665594618481784,1.9552319309600863,,,,,,,,,,,0.4259350952590443,7210396
ldpc,N288_M144,lambda_pSA,search,894,41,,,,0.2114519014345862,0.20388133328522914,1.659252278887478,fixed,0.36103648913365444,0.8234661003839187,0.0,0.19831713769188045,10.735531690385152,cosine,0.079863294385464,0.3368808570288076,best_state,22204,3343,25600,0.008789062500000002,0.07916666666666668,0.07708333333333334,0.0047143518518518515,0.0618,1.8643204360208194,1.2810140237324705,,,,,,,,,,,0.42969280875306914,7289586
ldpc,N288_M144,lambda_pSA,search,996,42,,,,0.20920555269419125,0.2257966913109707,1.7344838847462867,fixed,0.3037105323746501,0.7780355900288233,0.0,0.12377216752685385,8.559356299751308,cosine,0.11817595195549603,0.28594361203863367,best_state,21413,4143,25600,0.011624710648148148,0.12083333333333333,0.11875000000000001,0.0047143518518518515,0.0618,2.465813119905725,1.9552319309600863,,,,,,,,,,,0.43117659334680764,8097324
ldpc,N288_M144,lambda_pSA,search,864,43,,,,0.13566442289348382,0.13548589214119353,1.1839811397805127,fixed,0.46872786766163727,0.8891763506188721,0.0,0.28210857923247656,7.227578086547445,cosine,0.06879804333852725,0.8221573685199902,best_state,13545,3301,25600,0.011089409722222223,0.08541666666666668,0.08541666666666668,0.0047143518518518515,0.0618,2.3522660316213297,1.382146709816613,,,,,,,,,,,0.4361368631538793,7052016
ldpc,N288_M144,lambda_pSA,search,989,44,,,,0.21320490549628313,0.23354329138405128,1.7675866341005269,fixed,0.2788452530270351,0.7483919162776348,0.0,0.12622895823052568,8.43083353893104,cosine,0.12319825896654213,0.2857253222987313,best_state,22745,2808,25600,0.012167245370370372,0.125,0.125,0.0047143518518518515,0.0618,2.5808946283020724,2.0226537216828477,,,,,,,,,,,0.43706518723928106,8041891
ldpc,N288_M144,lambda_pSA,search,513,45,,,,0.14977638852560357,0.13323990231860902,1.088753028854169,snr,0.5044556081105858,0.9204506963511286,0.0,0.030313014141004055,4.592425187676293,cosine,0.06212714702281389,0.795953737478994,last,16098,2976,19200,0.01277488425925926,0.10416666666666667,0.10416666666666667,0.0047143518518518515,0.0618,2.709785917705981,1.68554476806904,,,,,,,,,,,0.43818802582724653,4272447
ldpc,N288_M144,lambda_pSA,search,511,46,,,,0.15008588998552871,0.1389468484015393,1.1032327593853881,snr,0.4954244253011415,0.9191810618654365,0.0,0.03065326018014041,4.4006519517312865,cosine,0.05973566383769949,0.8011809264241999,last,13505,4361,19200,0.014272280092592592,0.11666666666666665,0.11666666666666665,0.0047143518518518515,0.0618,3.027410880879898,1.8878101402373244,,,,,,,,,,,0.4397958673210561,4256609
ldpc,N288_M144,lambda_pSA,search,505,47,,,,0.1491126568672627,0.13446357337721893,1.0926782478938388,snr,0.4935882833748263,0.9197286607319465,0.0,0.030072666813573647,4.549812102154497,cosine,0.06037496153799748,0.8111980534406141,last,16101,2896,19200,0.012919560185185183,0.10416666666666667,0.10416666666666667,0.0047143518518518515,0.0618,2.7404743199450063,1.68554476806904,,,,,,,,,,,0.44512811815224773,4209095
ldpc,N288_M144,lambda_pSA,search,664,48,,,,0.11755076746896814,0.10780197463261526,1.0881164663401806,snr,0.4710918919224677,0.8818781342241916,0.0,0.46267945224673473,5.880797075412637,cosine,0.05520531569320109,0.6785620639993705,best_state,12740,34,12800,0.01236979166666667,0.10416666666666667,0.10000000000000002,0.0047143518518518515,0.0618,2.623858391436709,1.68554476806904,,,,,,,,,,,0.44824244993208445,5468216
ldpc,N288_M144,lambda_pSA,refine,750,49,,,,0.1255443124601182,0.12762237830074202,1.0249139055224565,snr,0.44956992096498244,0.854919660591602,0.0,0.4049568725436949,6.477972378145969,cosine,0.07504613223634182,0.67451087861047,best_state,12058,524,12800,0.011992476851851853,0.10633333333333334,0.10533333333333333,0.0047143518518518515,0.0618,2.5438230383973295,1.720604099244876,,,,,,,,,,,0.4483898211268542,553408;553509;553610;553711;553812;553913
ldpc,N288_M144,lambda_pSA,search,877,50,,,,0.168521712468233,0.17424002641519332,1.9771106603208377,fixed,0.4147361342521476,0.8534735414781152,0.0,0.22380614475106053,9.26872677669301,cosine,0.07069259217016802,0.41371342149315066,best_state,22403,180,25600,0.009389467592592593,0.08750000000000001,0.08750000000000001,0.0047143518518518515,0.0618,1.9916773053127765,1.4158576051779936,,,,,,,,,,,0.4568816855551759,7154963
ldpc,N288_M144,lambda_pSA,search,870,51,,,,0.14507072422146786,0.1410884625624596,2.0986113878078108,fixed,0.42512434282734773,0.8810038912633399,0.0,0.2404953398889997,7.870411968679702,cosine,0.0603518142862208,0.37989095363454056,best_state,13515,376,25600,0.009049479166666667,0.08958333333333333,0.08541666666666668,0.0047143518518518515,0.0618,1.9195595600510658,1.4495685005393744,,,,,,,,,,,0.45864673794366806,7099530
ldpc,N288_M144,lambda_pSA,search,750,52,,,,0.1255443124601182,0.12762237830074202,1.0249139055224565,snr,0.44956992096498244,0.854919660591602,0.0,0.4049568725436949,6.477972378145969,cosine,0.07504613223634182,0.67451087861047,best_state,12058,524,12800,0.011458333333333334,0.10208333333333335,0.10208333333333335,0.0047143518518518515,0.0618,2.430521457330846,1.6518338727076594,,,,,,,,,,,0.46739630241461116,6149250
ldpc,N288_M144,lambda_pSA,search,725,53,,,,0.1217994819423828,0.134304911434988,0.9664187011015025,snr,0.4162518710685366,0.8779995930248103,0.0,0.19222207838007815,6.5089941189700875,cosine,0.058411545415475156,0.7574116569059723,best_state,12750,31,12800,0.015415219907407409,0.12083333333333333,0.11874999999999998,0.0047143518518518515,0.0618,3.2698492585682026,1.9552319309600863,,,,,,,,,,,0.4701304928850861,5951275
ldpc,N288_M144,lambda_pSA,refine,926,54,,,,0.22226142409063307,0.21063699634162145,2.1089155094221725,fixed,0.32949676791797944,0.7614772792312269,0.0,0.15944052641804723,11.066230042796747,cosine,0.12916957536102344,0.3754055457600029,best_state,21001,4530,25600,0.012235532407407407,0.10466666666666669,0.10233333333333335,0.0047143518518518515,0.0618,2.5953795541588924,1.6936353829557715,,,,,,,,,,,0.471168767011101,331676;331777;331878;331979;332080;332181
ldpc,N288_M144,lambda_pSA,refine,995,55,,,,0.21274587124242378,0.2229804349587187,1.7370028795424985,fixed,0.29731598357922606,0.7335702692078108,0.0,0.13732722616957127,8.507551016044411,cosine,0.12659317654744653,0.28636496038578796,best_state,22706,2842,25600,0.014164351851851852,0.12416666666666666,0.12316666666666666,0.0047143518518518515,0.0618,3.0045173328095847,2.0091693635382954,,,,,,,,,,,0.4724754655493263,339595;339696;339797;339898;339999;340100
ldpc,N288_M144,lambda_pSA,refine,910,56,,,,0.23424757845947547,0.22437886924203054,1.8578352103234796,fixed,0.33140875631873884,0.842342766150887,0.0,0.23822556230116462,9.778415659166898,cosine,0.09152929276848482,0.32537121375773104,best_state,21982,3602,25600,0.01080787037037037,0.10233333333333335,0.09816666666666668,0.0047143518518518515,0.0618,2.2925464008641856,1.655879180151025,,,,,,,,,,,0.4742470231661029,355433;355534;355635;355736;355837;355938
ldpc,N288_M144,lambda_pSA,search,911,57,,,,0.23499858240440677,0.2510552853007575,2.009183901617923,fixed,0.35855514970617886,0.7963736340597195,0.0,0.210496710548042,10.750721627653114,cosine,0.0758473219398833,0.3207051972454637,best_state,19631,5364,25600,0.011697048611111113,0.13333333333333333,0.13333333333333333,0.0047143518518518515,0.0618,2.481157321025239,2.157497303128371,,,,,,,,,,,0.4750391905857785,7424209
ldpc,N288_M144,lambda_pSA,search,599,58,,,,0.13428644812647278,0.12802834315386932,1.2281984765303526,snr,0.5147097952673159,0.9129217527159502,0.0,0.43146676562667513,4.44043839845744,cosine,0.05049695137222049,0.7970566056587788,last,16046,2899,19200,0.01392505787037037,0.11458333333333333,0.11249999999999999,0.0047143518518518515,0.0618,2.953758715506236,1.854099244875944,,,,,,,,,,,0.48120297694746916,4953481
ldpc,N288_M144,lambda_pSA,search,755,59,,,,0.1235456694494381,0.12487234280148989,1.0251779399507144,snr,0.44777510689086797,0.8588682100907921,0.0,0.3974771104318322,6.189907960676602,cosine,0.07444353547117105,0.7979578260612579,best_state,12151,572,12800,0.014105902777777776,0.125,0.12291666666666667,0.0047143518518518515,0.0618,2.9921192183050183,2.0226537216828477,,,,,,,,,,,0.4902727403887983,6188845
ldpc,N288_M144,lambda_pSA,refine,505,60,,,,0.1491126568672627,0.13446357337721893,1.0926782478938388,snr,0.4935882833748263,0.9197286607319465,0.0,0.030072666813573647,4.549812102154497,cosine,0.06037496153799748,0.8111980534406141,last,16101,2896,19200,0.011950231481481484,0.10300000000000002,0.10150000000000002,0.0047143518518518515,0.0618,2.534862024943534,1.666666666666667,,,,,,,,,,,0.4922296220096399,521732;521833;521934;522035;522136;522237
ldpc,N288_M144,lambda_pSA,refine,511,61,,,,0.15008588998552871,0.1389468484015393,1.1032327593853881,snr,0.4954244253011415,0.9191810618654365,0.0,0.03065326018014041,4.4006519517312865,cosine,0.05973566383769949,0.8011809264241999,last,13505,4361,19200,0.011911458333333333,0.09899999999999999,0.09750000000000002,0.0047143518518518515,0.0618,2.5266375331434747,1.6019417475728153,,,,,,,,,,,0.49487482086262463,513813;513914;514015;514116;514217;514318
ldpc,N288_M144,lambda_pSA,search,670,62,,,,0.1191486756304297,0.10203269840332665,1.03735627487972,snr,0.473042028174821,0.8810629978954785,0.0,0.45667989868990394,5.658022264642654,cosine,0.050013675170922686,0.6965024175988344,best_state,12741,38,12800,0.014351851851851852,0.125,0.12083333333333333,0.0047143518518518515,0.0618,3.0442895021113623,2.0226537216828477,,,,,,,,,,,0.5036175168740172,5515730
ldpc,N288_M144,lambda_pSA,search,807,63,,,,0.11549112572274094,0.1213173786355446,1.3254274289048003,snr,0.46282548015799296,0.8811686953312527,0.0,0.49722303015454494,6.0674357971636175,cosine,0.06544032846282329,0.8083540034596258,best_state,12098,632,12800,0.011588541666666667,0.11458333333333333,0.11458333333333333,0.0047143518518518515,0.0618,2.458141019345969,1.854099244875944,,,,,,,,,,,0.5036262896439292,6600633
ldpc,N288_M144,lambda_pSA,refine,996,64,,,,0.20920555269419125,0.2257966913109707,1.7344838847462867,fixed,0.3037105323746501,0.7780355900288233,0.0,0.12377216752685385,8.559356299751308,cosine,0.11817595195549603,0.28594361203863367,best_state,21413,4143,25600,0.012291666666666666,0.12350000000000001,0.12300000000000001,0.0047143518518518515,0.0618,2.6072866542276345,1.9983818770226538,,,,,,,,,,,0.5086468215800228,482137;482238;482339;482440;482541;482642
ldpc,N288_M144,lambda_pSA,search,987,65,,,,0.21336928340729888,0.22365198385712742,2.4605260072758997,fixed,0.29147308354738144,0.7325367549340441,0.0,0.22948449004296578,8.471309489808645,cosine,0.1429554092249286,0.23094591760739974,best_state,22712,2823,25600,0.011422164351851852,0.10625,0.10625,0.0047143518518518515,0.0618,2.4228493567710894,1.7192556634304206,,,,,,,,,,,0.5126054431002882,8026053
ldpc,N288_M144,lambda_pSA,refine,510,66,,,,0.1486518328977088,0.1338245779267583,1.124192351854135,snr,0.5028664671499944,0.9216915391085565,0.0,0.030695999340835372,4.50885884917124,cosine,0.06024653806792856,0.8000313141436707,last,16030,2976,19200,0.012185185185185186,0.105,0.102,0.0047143518518518515,0.0618,2.5846999901797116,1.6990291262135921,,,,,,,,,,,0.5139920514236844,442542;442643;442744;442845;442946;443047
ldpc,N288_M144,lambda_pSA,search,979,67,,,,0.22506118727822555,0.21637133426912564,2.0919074875175863,fixed,0.38683392151951573,0.7670038489111596,0.0,0.22587360686356187,10.376413573624324,cosine,0.1127659611248777,0.32718116249836393,best_state,25078,482,25600,0.012037037037037039,0.11041666666666666,0.10833333333333334,0.0047143518518518515,0.0618,2.5532750662869494,1.7866774541531822,,,,,,,,,,,0.5149751952581559,7962701
ldpc,N288_M144,lambda_pSA,search,858,68,,,,0.13890626748293483,0.13449025546795665,1.196721726064839,snr,0.4323567422219336,0.8890347209133499,0.0,0.27698315212213254,7.142623285370935,cosine,0.06672200131958737,0.8259649617423284,best_state,13650,5023,25600,0.009447337962962963,0.08750000000000001,0.08750000000000001,0.0047143518518518515,0.0618,2.0039526662083866,1.4158576051779936,,,,,,,,,,,0.5186803467495459,7004502
ldpc,N288_M144,lambda_pSA,search,861,69,,,,0.13948835759538908,0.1352867140121723,1.689010059593262,fixed,0.47221979431094624,0.8931507550313589,0.0,0.2672197626587078,7.132589711435056,cosine,0.06720555856673553,0.4221838611344031,best_state,12763,17,12800,0.01254340277777778,0.11458333333333331,0.11249999999999999,0.0047143518518518515,0.0618,2.66068447412354,1.8540992448759437,,,,,,,,,,,0.520236164206167,7028259
ldpc,N288_M144,lambda_pSA,search,709,70,,,,0.10511314636910471,0.11932576170164091,1.2961399039798511,snr,0.4887914371839624,0.9078700619365148,0.0,0.3751419762602128,6.247708344462292,cosine,0.0694692062737996,0.7374360659206319,best_state,12742,40,12800,0.014185474537037035,0.13333333333333333,0.13333333333333333,0.0047143518518518515,0.0618,3.008997839536482,2.157497303128371,,,,,,,,,,,0.5287185216147077,5824571
ldpc,N288_M144,lambda_pSA,search,666,71,,,,0.11589313504369855,0.09958259413754575,1.0612258141031574,snr,0.46680727217958734,0.8823604507491241,0.0,0.48615677381792577,5.794280894945475,cosine,0.05040490355440814,0.7058971224511796,best_state,12742,56,12800,0.018033854166666665,0.14166666666666664,0.14166666666666664,0.0047143518518518515,0.0618,3.825309339094569,2.292340884573894,,,,,,,,,,,0.5299507327145101,5484054
ldpc,N288_M144,lambda_pSA,search,927,72,,,,0.2245343129243259,0.21239968615577837,2.054653441115096,fixed,0.3188961460093022,0.7555749533513221,0.0,0.23080847335113802,11.509453552791955,cosine,0.13310348499938127,0.36997553602336974,best_state,21497,4082,25600,0.013642939814814813,0.11458333333333333,0.11458333333333333,0.0047143518518518515,0.0618,2.8939163311401352,1.854099244875944,,,,,,,,,,,0.5322308885656475,7550913
ldpc,N288_M144,lambda_pSA,refine,884,73,,,,0.16928136701245403,0.16567686890441716,2.397684701256403,fixed,0.41218535873197343,0.8602250268114606,0.0,0.2302277670275498,8.34105214570087,cosine,0.06929787908282363,0.36493496610519793,best_state,20673,4729,25600,0.012751157407407407,0.1245,0.124,0.0047143518518518515,0.0618,2.7047530197387806,2.0145631067961163,,,,,,,,,,,0.5379373320150331,466299;466400;466501;466602;466703;466804
ldpc,N288_M144,lambda_pSA,search,900,74,,,,0.1915303934944376,0.19940934447485384,2.5294179160600034,fixed,0.38775755672184575,0.819487918530482,0.0,0.1694338397514189,9.55188102664916,cosine,0.08336235871035064,0.349208992546218,best_state,23980,1589,25600,0.011530671296296298,0.11875000000000002,0.11875000000000002,0.0047143518518518515,0.0618,2.445865658450359,1.9215210355987058,,,,,,,,,,,0.5383481408494926,7337100
ldpc,N288_M144,lambda_pSA,search,868,75,,,,0.14683596793016412,0.14073199634386546,2.146362923636565,fixed,0.4100015820229889,0.8785542686353552,0.0,0.29393676182717077,7.552969601025794,cosine,0.06016034317301004,0.396351589479761,best_state,13402,333,25600,0.010807291666666668,0.11041666666666668,0.10208333333333332,0.0047143518518518515,0.0618,2.2924236472552297,1.7866774541531825,,,,,,,,,,,0.5487194918263857,7083692
ldpc,N288_M144,lambda_pSA,search,955,76,,,,0.18517079814176043,0.1958979471897356,2.6462525775180548,fixed,0.2606104349252492,0.8219524635658478,0.0,0.2527283053897273,10.753431748331511,cosine,0.09363016746161816,0.38674690077757,best_state,23305,2265,25600,0.013129340277777776,0.12291666666666666,0.12083333333333333,0.0047143518518518515,0.0618,2.7849725031915935,1.988942826321467,,,,,,,,,,,0.5539465491594892,7772645
ldpc,N288_M144,lambda_pSA,search,854,77,,,,0.13795783570297002,0.13557766637765903,1.2038626857031987,fixed,0.47061416916017845,0.8932951515395808,0.0,0.2852341412919442,7.239235781588532,cosine,0.06841518847076189,0.818105646232961,best_state,12740,16,12800,0.01283275462962963,0.10208333333333332,0.09791666666666667,0.0047143518518518515,0.0618,2.722061278601591,1.651833872707659,,,,,,,,,,,0.5545469592736516,6972826
ldpc,N288_M144,lambda_pSA,search,991,78,,,,0.2195190583632422,0.24075464249777417,2.514675847135694,fixed,0.27533639577781277,0.7303491763372183,0.0,0.2755506057328877,9.073104671437713,cosine,0.09839509709038471,0.23969128125778624,best_state,21559,3939,25600,0.013462094907407407,0.15208333333333332,0.15208333333333332,0.0047143518518518515,0.0618,2.855555828341353,2.460895361380798,,,,,,,,,,,0.5576673169121827,8057729
ldpc,N288_M144,lambda_pSA,search,667,79,,,,0.11555057826392236,0.10766281016718407,1.0565918679587454,snr,0.46763817204087327,0.8824230857077299,0.0,0.454364497726839,5.847553597676259,cosine,0.05003388606246104,0.6828031635139806,best_state,12742,23,12800,0.01375144675925926,0.11041666666666666,0.10416666666666667,0.0047143518518518515,0.0618,2.9169326328194054,1.7866774541531822,,,,,,,,,,,0.5579939596934426,5491973
ldpc,N288_M144,lambda_pSA,refine,638,80,,,,0.11982141187601593,0.11951034154102474,1.2820065612813156,snr,0.4805077802993193,0.8701014217885122,0.0,0.38057119867452494,5.391194148536532,cosine,0.05620943339499874,0.7800472469017333,best_state,16216,2931,19200,0.013522569444444445,0.12316666666666669,0.12166666666666666,0.0047143518518518515,0.0618,2.8683835804772664,1.9929881337648332,,,,,,,,,,,0.5619127084448974,434623;434724;434825;434926;435027;435128
ldpc,N288_M144,lambda_pSA,search,953,81,,,,0.1930468716480576,0.1990155642030726,2.534468018113011,fixed,0.3717701425451909,0.8129067153113226,0.0,0.26534941070960527,10.97859619462983,cosine,0.09513183569886927,0.3906718321827538,best_state,22275,3228,25600,0.013122106481481481,0.13333333333333333,0.13333333333333333,0.0047143518518518515,0.0618,2.7834380830796426,2.157497303128371,,,,,,,,,,,0.5697697928960975,7756807
ldpc,N288_M144,lambda_pSA,refine,961,82,,,,0.22716932091683514,0.215305051639263,2.247891888245811,fixed,0.31061677323165765,0.7911479514058525,0.0,0.17553298549233304,8.527071087953734,cosine,0.07391511825645394,0.3470365141556401,best_state,21138,4439,25600,0.013843171296296294,0.12833333333333333,0.12583333333333332,0.0047143518518518515,0.0618,2.936389079838947,2.076591154261057,,,,,,,,,,,0.580151382578874,458380;458481;458582;458683;458784;458885
ldpc,N288_M144,lambda_pSA,search,834,83,,,,0.12417151827912672,0.142760057609176,1.0213179887450852,snr,0.4766014599093514,0.8704904740176704,0.0,0.24898707084121788,7.223118674079916,cosine,0.05642075087318793,0.8005444984219314,best_state,12757,41,12800,0.01592158564814815,0.13749999999999998,0.13749999999999998,0.0047143518518518515,0.0618,3.3772586664047934,2.2249190938511325,,,,,,,,,,,0.5804590719488182,6814446
ldpc,N288_M144,lambda_pSA,search,839,84,,,,0.12409429449991569,0.14111726169470504,1.0296146340355392,snr,0.4205051168799216,0.895873788121272,0.0,0.43185445763771746,6.526928630121825,cosine,0.05531188098242604,0.7998236920938347,best_state,12755,41,12800,0.014908854166666666,0.13749999999999998,0.13749999999999998,0.0047143518518518515,0.0618,3.1624398507316114,2.2249190938511325,,,,,,,,,,,0.5897504535643001,6854041
ldpc,N288_M144,lambda_pSA,refine,664,85,,,,0.11755076746896814,0.10780197463261526,1.0881164663401806,snr,0.4710918919224677,0.8818781342241916,0.0,0.46267945224673473,5.880797075412637,cosine,0.05520531569320109,0.6785620639993705,best_state,12740,34,12800,0.014057870370370372,0.11766666666666668,0.116,0.0047143518518518515,0.0618,2.9819306687616622,1.9039913700107878,,,,,,,,,,,0.5938100226018929,529651;529752;529853;529954;530055;530156
ldpc,N288_M144,lambda_pSA,search,883,86,,,,0.1693424415332942,0.16869929056285804,2.448097600347345,fixed,0.4076373494450369,0.8531819252025048,0.0,0.2301192721786518,9.35355851586504,cosine,0.06919771090064934,0.34838772310575106,best_state,13965,5141,25600,0.012666377314814814,0.11666666666666665,0.11666666666666665,0.0047143518518518515,0.0618,2.6867696160267114,1.8878101402373244,,,,,,,,,,,0.5950594958937107,7202477
ldpc,N288_M144,lambda_pSA,search,507,87,,,,0.15308916297092823,0.13319317229551966,1.1085094023477338,snr,0.5014811940087115,0.9191861107845102,0.0,0.030287515910683124,4.580517830542119,cosine,0.062411452290598066,0.7695396450574277,last,16135,2924,19200,0.013498263888888888,0.12083333333333333,0.11666666666666665,0.0047143518518518515,0.0618,2.8632279289011096,1.9552319309600863,,,,,,,,,,,0.597013040147194,4224933
ldpc,N288_M144,lambda_pSA,search,774,88,,,,0.10753255116155308,0.11769192107489412,1.2498026611013169,snr,0.514450732846826,0.8475274307532285,0.0,0.36779160537535877,6.7440403717093735,cosine,0.07116250895510169,0.7757216586226641,best_state,11160,1593,12800,0.014800347222222223,0.13958333333333334,0.13958333333333334,0.0047143518518518515,0.0618,3.1394235490523426,2.2586299892125137,,,,,,,,,,,0.6002147667231696,6339306
ldpc,N288_M144,lambda_pSA,search,980,89,,,,0.3079734447639605,0.29097751659281335,1.9184969504794573,fixed,0.38659761077973365,0.76853614150062,0.0,0.16269143954204443,9.499333277424043,cosine,0.11554009169976716,0.32514924411031526,best_state,21536,3966,25600,0.013758680555555555,0.13125,0.12708333333333333,0.0047143518518518515,0.0618,2.9184670529313563,2.1237864077669903,,,,,,,,,,,0.6068336426769423,7970620
ldpc,N288_M144,lambda_pSA,search,639,90,,,,0.11781602536646114,0.11228649945679567,1.2915042714129503,snr,0.48067613713380986,0.872622695697661,0.0,0.36767416091143656,5.3348256030124945,cosine,0.05669925652799397,0.7772308314491232,best_state,16167,2975,19200,0.012348090277777779,0.11041666666666668,0.11041666666666668,0.0047143518518518515,0.0618,2.619255131100855,1.7866774541531825,,,,,,,,,,,0.6103947819308476,5270241
ldpc,N288_M144,lambda_pSA,search,876,91,,,,0.14840479306201773,0.13956567188136237,2.160623360164708,fixed,0.4214399400706124,0.8839908152224384,0.0,0.19005689371976847,8.015350151857223,cosine,0.060343078936903466,0.4291797775591109,best_state,13446,4995,25600,0.012232349537037036,0.12291666666666667,0.12291666666666667,0.0047143518518518515,0.0618,2.594704409309634,1.9889428263214672,,,,,,,,,,,0.613739997712833,7147044
ldpc,N288_M144,lambda_pSA,search,816,92,,,,0.11266855994026305,0.1199837839771195,1.2935524602972714,snr,0.46510923992555137,0.8648497373842291,0.0,0.5040641163374305,6.126308406411665,cosine,0.06520241444892642,0.8055285143473289,best_state,12072,688,12800,0.013512731481481481,0.13333333333333333,0.13333333333333333,0.0047143518518518515,0.0618,2.8662967691250123,2.157497303128371,,,,,,,,,,,0.6152430190477811,6671904
ldpc,N288_M144,lambda_pSA,search,785,93,,,,0.10269032020902419,0.10198679364711742,1.6661864861741593,snr,0.4903568937717113,0.8090355722507121,0.0,0.3317770891000162,7.6348114898660455,cosine,0.07992438048863514,0.7850929466091392,best_state,11327,1432,12800,0.017267071759259258,0.16666666666666666,0.16458333333333333,0.0047143518518518515,0.0618,3.6626608072277325,2.6968716289104635,,,,,,,,,,,0.6210259592389461,6426415
ldpc,N288_M144,lambda_pSA,search,993,94,,,,0.21739934227897836,0.23601463290767657,1.7148988209675462,fixed,0.2980919859307549,0.7705665861023471,0.0,0.22913360832368385,9.159372259198788,cosine,0.12462222825183357,0.28350932708553006,best_state,21576,3957,25600,0.012109375,0.13333333333333333,0.13333333333333333,0.0047143518518518515,0.0618,2.568619267406462,2.157497303128371,,,,,,,,,,,0.6245575807562879,8073567
ldpc,N288_M144,lambda_pSA,search,872,95,,,,0.14992623295788493,0.1683543940457382,1.68527767111187,fixed,0.43024234075637663,0.8773944593905549,0.0,0.252092252571447,7.890601417835145,cosine,0.05926069735527275,0.36904559250994884,best_state,13417,5416,25600,0.010062210648148147,0.11249999999999999,0.10833333333333332,0.0047143518518518515,0.0618,2.1343783757242463,1.820388349514563,,,,,,,,,,,0.627205188892354,7115368
ldpc,N288_M144,lambda_pSA,search,860,96,,,,0.14162316861618685,0.1346566251078203,1.1853164466678634,snr,0.47245845340195103,0.8909992162946632,0.0,0.265319565371188,7.288275672081957,cosine,0.06781615091423217,0.8217398034714698,best_state,12766,16,12800,0.012717013888888887,0.14375000000000002,0.13541666666666666,0.0047143518518518515,0.0618,2.69751055681037,2.326051779935275,,,,,,,,,,,0.6285824670171131,7020340
ldpc,N288_M144,lambda_pSA,search,557,97,,,,0.12957678484359317,0.14596088989678785,1.227454808384309,snr,0.4346674321131253,0.9459570082929126,0.0,0.5454858022184993,4.267194153539616,cosine,0.07190289651699884,0.8093501636473518,last,16370,2621,19200,0.019480613425925927,0.15208333333333332,0.15208333333333332,0.0047143518518518515,0.0618,4.132193361484828,2.460895361380798,,,,,,,,,,,0.63014056452004,4620883
ldpc,N288_M144,lambda_pSA,search,508,98,,,,0.1513374242063302,0.1371631264491781,1.1278752619579084,snr,0.499093233392582,0.9207085286610284,0.0,0.27858080465621693,4.518706234815867,cosine,0.060542824442616126,0.7740218389531331,last,13702,4348,19200,0.015509259259259259,0.125,0.125,0.0047143518518518515,0.0618,3.2897967200235687,2.0226537216828477,,,,,,,,,,,0.6331844050252284,4232852
ldpc,N288_M144,lambda_pSA,search,745,99,,,,0.12284936031842503,0.13008991766382344,0.9855379752176636,snr,0.5102788187729813,0.8589874088043714,0.0,0.40603873432600995,6.250822286915549,cosine,0.07415203058654564,0.7950225431893293,best_state,12101,494,12800,0.015617766203703703,0.12291666666666667,0.12083333333333335,0.0047143518518518515,0.0618,3.312813021702838,1.9889428263214672,,,,,,,,,,,0.6413321623019592,6109655
ldpc,N288_M144,lambda_pSA,search,658,100,,,,0.11776289341967058,0.12160694661290515,1.1406046072953464,snr,0.49980314960302236,0.9098451431380505,0.0,0.4441148658761995,5.363445060967101,cosine,0.06458037994654818,0.7209937004318399,best_state,17172,2017,19200,0.013917824074074074,0.12916666666666665,0.12916666666666665,0.0047143518518518515,0.0618,2.9522242953942848,2.090075512405609,,,,,,,,,,,0.6420620788465613,5420702
ldpc,N288_M144,lambda_pSA,search,743,101,,,,0.12470600929039569,0.11081981547511738,1.17450052273744,snr,0.47802071908007693,0.9172319653318906,0.0,0.5379118455981561,5.913445665867157,cosine,0.06548930638627097,0.8253679411388082,best_state,11708,819,12800,0.01407696759259259,0.125,0.12291666666666667,0.0047143518518518515,0.0618,2.9859815378572128,2.0226537216828477,,,,,,,,,,,0.648561386173724,6093817
ldpc,N288_M144,lambda_pSA,search,951,102,,,,0.18999722460353202,0.1953644709392761,2.8412160336622985,fixed,0.36621956281515466,0.8213592093744875,0.0,0.2513574042432659,10.49927866932847,cosine,0.09538109529070385,0.38551374508482245,best_state,23434,2097,25600,0.0164134837962963,0.16458333333333333,0.16458333333333333,0.0047143518518518515,0.0618,3.481599234017481,2.663160733549083,,,,,,,,,,,0.6512174836323839,7740969
ldpc,N288_M144,lambda_pSA,search,775,103,,,,0.10664805155739067,0.11900945539283193,1.2377713041633935,snr,0.5189643173019708,0.8446104304834552,0.0,0.3703720559026784,6.81742459808538,cosine,0.07034950900935229,0.7742213632073546,best_state,11245,1472,12800,0.015075231481481481,0.16458333333333333,0.16458333333333333,0.0047143518518518515,0.0618,3.197731513306491,2.663160733549083,,,,,,,,,,,0.6557270792105669,6347225
ldpc,N288_M144,lambda_pSA,refine,989,104,,,,0.21320490549628313,0.23354329138405128,1.7675866341005269,fixed,0.2788452530270351,0.7483919162776348,0.0,0.12622895823052568,8.43083353893104,cosine,0.12319825896654213,0.2857253222987313,best_state,22745,2808,25600,0.015354745370370371,0.15733333333333335,0.15683333333333335,0.0047143518518518515,0.0618,3.2570215064322894,2.545846817691478,,,,,,,,,,,0.6567648184884584,497975;498076;498177;498278;498379;498480
ldpc,N288_M144,lambda_pSA,search,773,105,,,,0.10640837460679493,0.11891146428964003,1.2648513018876653,snr,0.5141131429702528,0.8469227132788368,0.0,0.4334733287012728,6.726630574318043,cosine,0.07367026492860478,0.7793207840022319,best_state,12739,57,12800,0.017216435185185185,0.14583333333333334,0.14583333333333334,0.0047143518518518515,0.0618,3.6519198664440737,2.359762675296656,,,,,,,,,,,0.6589937474253662,6331387
ldpc,N288_M144,lambda_pSA,search,495,106,,,,0.14437875175454926,0.13867893669211542,0.9758346539143751,llr,0.4961124751217203,0.916648833123085,0.0,0.039959524078223126,4.465689359345834,cosine,0.06689506688931351,0.8108171212931258,last,14037,4075,19200,0.017491319444444445,0.16666666666666666,0.16666666666666666,0.0047143518518518515,0.0618,3.710227830698223,2.6968716289104635,,,,,,,,,,,0.665216899125343,4129905
ldpc,N288_M144,lambda_pSA,search,806,107,,,,0.11218410826786246,0.1225925856872748,1.3222211913575235,snr,0.4596462385174359,0.8616697072316044,0.0,0.48526996914849474,6.201830924064386,cosine,0.10299399586236961,0.808484096180613,best_state,12076,667,12800,0.014872685185185183,0.15,0.15,0.0047143518518518515,0.0618,3.154767750171855,2.4271844660194173,,,,,,,,,,,0.6673653744972401,6592714
ldpc,N288_M144,lambda_pSA,search,652,108,,,,0.11609331281205756,0.12114230481719387,1.1492711171353323,snr,0.505406177160093,0.9088840449722309,0.0,0.4313970068489353,5.596649424767205,cosine,0.050122150969189073,0.7121665014843191,best_state,12724,71,12800,0.01487991898148148,0.12708333333333335,0.12708333333333335,0.0047143518518518515,0.0618,3.1563021702838063,2.056364617044229,,,,,,,,,,,0.6685038990156492,5373188
ldpc,N288_M144,lambda_pSA,search,833,109,,,,0.1252155417668201,0.1449699112641954,1.0182616549529098,snr,0.4214768408972553,0.8970281206736933,0.0,1.7486219677831538,6.304536174832976,cosine,0.05573840385369081,0.800076219879526,best_state,12764,33,12800,0.017180266203703703,0.15416666666666667,0.15416666666666667,0.0047143518518518515,0.0618,3.644247765884317,2.494606256742179,,,,,,,,,,,0.6699113972270656,6806527
ldpc,N288_M144,lambda_pSA,search,840,110,,,,0.12229663882563258,0.14130699798311364,1.0057483147899706,snr,0.4241917721941503,0.8976806347794483,0.0,0.26027921788016306,7.002385793921295,cosine,0.055104181902988665,0.7971684420963923,best_state,12761,35,12800,0.014677372685185186,0.12708333333333333,0.12708333333333333,0.0047143518518518515,0.0618,3.1133384071491705,2.0563646170442285,,,,,,,,,,,0.67438442877333,6861960
ldpc,N288_M144,lambda_pSA,search,512,111,,,,0.1488789426843757,0.13262591828159917,1.1725541817133383,snr,0.5010840607257651,0.9173167084688613,0.0,0.03178221488352156,4.55500005971632,cosine,0.06180710398471398,0.8013942379950659,last,15979,3057,19200,0.014243344907407406,0.12291666666666667,0.12083333333333335,0.0047143518518518515,0.0618,3.0212732004320926,1.9889428263214672,,,,,,,,,,,0.6756009800806824,4264528
ldpc,N288_M144,lambda_pSA,search,814,112,,,,0.1157033913594669,0.12220170862493761,1.285814286041197,snr,0.46399511590475506,0.8598135410417868,0.0,0.4973746849279122,6.158662746661813,cosine,0.06560616114609052,0.8102080990745374,best_state,12146,627,12800,0.014033564814814816,0.12916666666666668,0.12916666666666668,0.0047143518518518515,0.0618,2.976775017185506,2.0900755124056096,,,,,,,,,,,0.680486225844558,6656066
ldpc,N288_M144,lambda_pSA,search,815,113,,,,0.11669123326226365,0.123306667814823,1.321964869000259,snr,0.46729100542529817,0.8700679287170551,0.0,0.4969156363232567,6.159805404764295,cosine,0.10338545488007798,0.8083930747286374,best_state,12113,641,12800,0.013519965277777777,0.13333333333333333,0.13333333333333333,0.0047143518518518515,0.0618,2.8678311892369637,2.157497303128371,,,,,,,,,,,0.6870231371934139,6663985
ldpc,N288_M144,lambda_pSA,search,867,114,,,,0.1536499117206181,0.14344464717936228,2.1351261820201275,fixed,0.45477046262849563,0.8804777829764111,0.0,0.18945398634600932,7.92480609741302,cosine,0.060893397094423034,0.46275787850970856,best_state,13512,4853,25600,0.013881655092592591,0.14375000000000002,0.14166666666666664,0.0047143518518518515,0.0618,2.944552194834528,2.326051779935275,,,,,,,,,,,0.6881019928344227,7075773
ldpc,N288_M144,lambda_pSA,search,932,115,,,,0.22052197021073228,0.20474926938172858,2.1436135214996987,fixed,0.32067633057904305,0.8074933179238714,0.0,0.22892981335334864,9.77819738013719,cosine,0.11226890828168667,0.3617591660679675,best_state,20603,4889,25600,0.013317418981481479,0.13333333333333333,0.12916666666666668,0.0047143518518518515,0.0618,2.824867426102327,2.157497303128371,,,,,,,,,,,0.6890857722365197,7590508
ldpc,N288_M144,lambda_pSA,refine,837,116,,,,0.11904679040339905,0.13945655534939697,1.0858188492533773,snr,0.4231696383525858,0.8689917014335449,0.0,0.24785165010360805,7.001269793970616,cosine,0.05654618721393222,0.8021071359140102,best_state,12757,41,12800,0.016825810185185187,0.15433333333333335,0.15416666666666667,0.0047143518518518515,0.0618,3.5690611803987045,2.49730312837109,,,,,,,,,,,0.69091391571772,450461;450562;450663;450764;450865;450966
ldpc,N288_M144,lambda_pSA,search,835,117,,,,0.12223301372356549,0.1424622251137549,1.0592235136957164,snr,0.41672580752310756,0.9006052694817726,0.0,0.4454291263412214,6.5301944551249544,cosine,0.05592296896603437,0.7956185710071153,best_state,12392,392,12800,0.014539930555555554,0.14583333333333331,0.14583333333333331,0.0047143518518518515,0.0618,3.0841844250220958,2.3597626752966554,,,,,,,,,,,0.6920760684796616,6822365
ldpc,N288_M144,lambda_pSA,search,777,118,,,,0.10634286100861011,0.12260922021066302,1.0989739296373386,snr,0.5189323458424259,0.8461980927076466,0.0,0.4362117762997024,6.543937465328437,cosine,0.07392978143915069,0.7749197726752,best_state,12753,25,12800,0.019697627314814815,0.16041666666666668,0.16041666666666668,0.0047143518518518515,0.0618,4.178225964843366,2.595738942826322,,,,,,,,,,,0.6934595995019385,6363063
ldpc,N288_M144,lambda_pSA,search,818,119,,,,0.12875489002025353,0.14239692199319595,1.4363495843232863,snr,0.4418745536376639,0.8858853611491502,0.0,0.5737653950315327,5.711750603694155,cosine,0.061154609959742194,0.8274219156721458,best_state,12752,44,12800,0.01353443287037037,0.13125,0.13125,0.0047143518518518515,0.0618,2.8709000294608664,2.1237864077669903,,,,,,,,,,,0.6959790092109801,6687742
ldpc,N288_M144,lambda_pSA,search,896,120,,,,0.1972440049455553,0.19061625047197855,2.4978927430424984,fixed,0.3898526982985163,0.8286735115634916,0.0,0.19952009638177565,8.94060246787421,cosine,0.07972426443112798,0.36885837228395185,best_state,25366,208,25600,0.0140625,0.13125,0.13125,0.0047143518518518515,0.0618,2.982912697633311,2.1237864077669903,,,,,,,,,,,0.6971594199672144,7305424
ldpc,N288_M144,lambda_pSA,search,771,121,,,,0.10620808795475037,0.11987408830735133,1.083599894355994,snr,0.5173233248689089,0.8620131918464345,0.0,0.42983544819654673,6.817578795868877,cosine,0.07372709935782627,0.7773520119314667,best_state,12744,52,12800,0.01607349537037037,0.1416666666666667,0.13958333333333334,0.0047143518518518515,0.0618,3.4094814887557696,2.292340884573895,,,,,,,,,,,0.6993468301373247,6315549
ldpc,N288_M144,lambda_pSA,search,645,122,,,,0.12042405150247777,0.11950978506045913,1.2656878024318226,snr,0.47490221619823564,0.870480246160693,0.0,0.362900952162408,5.311579703103031,cosine,0.056585547875371935,0.719974227498647,best_state,16095,3078,19200,0.015733506944444444,0.15208333333333332,0.14791666666666667,0.0047143518518518515,0.0618,3.337363743494059,2.460895361380798,,,,,,,,,,,0.700304314736467,5317755
ldpc,N288_M144,lambda_pSA,search,649,123,,,,0.11776410282355972,0.12353269165586268,1.1291769674902106,snr,0.501393461874836,0.9087916202074844,0.0,0.34450420016077543,5.495878077903404,cosine,0.06485249139601887,0.7124671205983341,best_state,12723,74,12800,0.017433449074074073,0.14375000000000002,0.14166666666666666,0.0047143518518518515,0.0618,3.6979524698026123,2.326051779935275,,,,,,,,,,,0.7040245950080938,5349431
ldpc,N288_M144,lambda_pSA,search,672,124,,,,0.11716118935568608,0.099893487537434,1.0606391686662662,snr,0.4686101874414682,0.8761964942336806,0.0,0.4576953434720926,5.737257965599371,cosine,0.05077366492440718,0.7167400640305112,best_state,12730,30,12800,0.016478587962962966,0.12291666666666667,0.12291666666666667,0.0047143518518518515,0.0618,3.4954090150250425,1.9889428263214672,,,,,,,,,,,0.7060233805215383,5531568
ldpc,N288_M144,lambda_pSA,search,930,125,,,,0.22411041438575713,0.2097194472417719,2.127987204707269,fixed,0.24886130846751442,0.766660723529591,0.0,0.22520621854867703,11.683588734717608,cosine,0.12103770995813347,0.3640077341879052,best_state,20968,4579,25600,0.016652199074074076,0.12083333333333333,0.11874999999999998,0.0047143518518518515,0.0618,3.5322350977118733,1.9552319309600863,,,,,,,,,,,0.7091724677619173,7574670
ldpc,N288_M144,lambda_pSA,search,810,126,,,,0.11356669406644052,0.12040413065231939,1.3239341353526106,snr,0.46497326704592773,0.8543278656796807,0.0,0.48914130484311014,6.269937434154739,cosine,0.06547244950101758,0.814674095935086,best_state,12140,573,12800,0.01720920138888889,0.1625,0.1625,0.0047143518518518515,0.0618,3.650385446332123,2.6294498381877025,,,,,,,,,,,0.7151449985065119,6624390
ldpc,N288_M144,lambda_pSA,search,899,127,,,,0.19813878772083768,0.1925049285744094,2.571565732577495,fixed,0.3798474434363485,0.8315404779571977,0.0,0.18347153451385567,11.196260237881955,cosine,0.07730533517565057,0.35045341148859915,best_state,23722,1865,25600,0.015010127314814816,0.13958333333333334,0.13958333333333334,0.0047143518518518515,0.0618,3.18392173229893,2.2586299892125137,,,,,,,,,,,0.7185861164315472,7329181
ldpc,N288_M144,lambda_pSA,search,949,128,,,,0.1940430120607299,0.19239751913229247,2.703636460929371,fixed,0.3590924441008448,0.8218083226067808,0.0,0.24681947331203413,10.79678663767055,cosine,0.09847445066279828,0.33415855700413144,best_state,19938,5407,25600,0.014460358796296294,0.15,0.14791666666666667,0.0047143518518518515,0.0618,3.067305803790631,2.4271844660194173,,,,,,,,,,,0.7231462244007061,7725131
ldpc,N288_M144,lambda_pSA,search,595,129,,,,0.13383486869150452,0.12949287941568577,1.254946322339428,snr,0.5040601642919478,0.9126266236352476,0.0,0.4504384272197481,3.955373030731442,cosine,0.050075654094783505,0.7924298624162112,last,15823,2786,19200,0.025260416666666664,0.1625,0.1625,0.0047143518518518515,0.0618,5.358195030933909,2.6294498381877025,,,,,,,,,,,0.7273648105338845,4921805
ldpc,N288_M144,lambda_pSA,search,529,130,,,,0.13125181608907882,0.15050657543943444,1.1924830014758483,snr,0.5160265807782585,0.9004384473829427,0.0,0.539180391032754,4.747031307770022,cosine,0.06012670401185689,0.8011762655155716,last,16526,2600,19200,0.015292245370370371,0.13125,0.13125,0.0047143518518518515,0.0618,3.24376411666503,2.1237864077669903,,,,,,,,,,,0.7305227767632971,4399151
ldpc,N288_M144,lambda_pSA,search,778,131,,,,0.1054421685023679,0.11524198606833355,1.2305015320720813,snr,0.5180572435533863,0.8549916581955584,0.0,0.4300150741243081,6.538610174605034,cosine,0.0697207458995597,0.8395305103291624,best_state,11256,1492,12800,0.014742476851851852,0.14583333333333334,0.14583333333333334,0.0047143518518518515,0.0618,3.127148188156732,2.359762675296656,,,,,,,,,,,0.7334046482587735,6370982
ldpc,N288_M144,lambda_pSA,search,879,132,,,,0.18941095304342426,0.1750929044265341,2.334780417984815,fixed,0.40026324849419503,0.8530314308590237,0.0,0.21699819272365775,9.678714449497575,cosine,0.21252999361579517,0.41672201006650444,best_state,19449,5225,25600,0.014641203703703705,0.1416666666666667,0.1416666666666667,0.0047143518518518515,0.0618,3.105666306589414,2.292340884573895,,,,,,,,,,,0.7344948639661736,7170801
ldpc,N288_M144,lambda_pSA,search,606,133,,,,0.10983143275304384,0.12223404878489395,1.3905170628369878,snr,0.552025508670783,0.8911520918165823,0.0,0.3663888605083863,4.48791148794369,cosine,0.056450229243344155,0.7385812177094241,best_state,15461,3568,19200,0.01957465277777778,0.19375,0.19375,0.0047143518518518515,0.0618,4.152140822940195,3.135113268608414,,,,,,,,,,,0.7402229189866912,5008914
ldpc,N288_M144,lambda_pSA,search,603,134,,,,0.11074032465006833,0.10661205280163268,1.444597692670094,snr,0.5306922545434529,0.8954745851629,0.0,0.36541561918949167,4.454707146908587,cosine,0.050602141255079724,0.7342203634090988,best_state,15528,3611,19200,0.020674189814814812,0.18333333333333335,0.18333333333333335,0.0047143518518518515,0.0618,4.385372679956791,2.9665587918015106,,,,,,,,,,,0.7407669021284955,4985157
ldpc,N288_M144,lambda_pSA,search,718,135,,,,0.10342719385328576,0.11649949920924586,1.3097939242441383,snr,0.496097627169968,0.9125901494046772,0.0,1.223833427177475,5.82311899426529,cosine,0.06960697925287018,0.7375036400454706,best_state,11980,755,12800,0.01691261574074074,0.16666666666666666,0.16666666666666666,0.0047143518518518515,0.0618,3.587474221742119,2.6968716289104635,,,,,,,,,,,0.7417601473673874,5895842
ldpc,N288_M144,lambda_pSA,search,677,136,,,,0.10310978053527846,0.08776746595958751,1.0516462274060725,snr,0.48671101368251884,0.8460503890181041,0.0,0.41090177409462286,6.027047165801421,cosine,0.05519399044700281,0.6487510998512191,best_state,12380,403,12800,0.030859374999999998,0.18958333333333335,0.18958333333333335,0.0047143518518518515,0.0618,6.545836197584209,3.0676914778856528,,,,,,,,,,,0.7505696262521898,5571163
ldpc,N288_M144,lambda_pSA,search,663,137,,,,0.11669295892381826,0.10004885413935967,1.0396683979402441,snr,0.4693987487600667,0.8787342642213457,0.0,0.2473519125842101,5.8700820895969485,cosine,0.05001917582579183,0.7043735181826076,best_state,12736,36,12800,0.017809606481481482,0.14583333333333334,0.14583333333333334,0.0047143518518518515,0.0618,3.7777423156240797,2.359762675296656,,,,,,,,,,,0.7528904501510382,5460297
ldpc,N288_M144,lambda_pSA,search,811,138,,,,0.11607038804179644,0.12379105346828462,1.287662592528329,snr,0.4660883974298478,0.8623665350453844,0.0,0.5076283299559796,6.14370855033516,cosine,0.09839879623289778,0.8135758215879947,best_state,12147,574,12800,0.015031828703703703,0.16458333333333333,0.16458333333333333,0.0047143518518518515,0.0618,3.188524992634784,2.663160733549083,,,,,,,,,,,0.7592074987114573,6632309
ldpc,N288_M144,lambda_pSA,search,830,139,,,,0.12274550449067911,0.14203421872596997,1.0062273980439873,snr,0.42060522686968965,0.8974674910913856,0.0,0.4600588442047033,5.399284004069222,cosine,0.05636415041323821,0.7976818873429731,best_state,12751,47,12800,0.024725115740740742,0.19791666666666666,0.19791666666666666,0.0047143518518518515,0.0618,5.2446479426495145,3.2025350593311757,,,,,,,,,,,0.7596640232401395,6782770
ldpc,N288_M144,lambda_pSA,search,776,140,,,,0.10762037432427558,0.11388407753236175,1.2572201070190416,snr,0.5131850729068256,0.8419196091019627,0.0,0.43321566128376066,6.663481441822845,cosine,0.07049919034055009,0.7643786471118527,best_state,12758,35,12800,0.01697771990740741,0.15625,0.15208333333333332,0.0047143518518518515,0.0618,3.6012840027496815,2.52831715210356,,,,,,,,,,,0.7647234381498103,6355144
ldpc,N288_M144,lambda_pSA,search,550,141,,,,0.11316158442818629,0.11731364093684453,1.3618794603788775,snr,0.4509088807762235,0.9037048000804454,0.0,0.7777584016994206,4.702806449296629,cosine,0.05773574291976004,0.7770715390395571,last,16997,2084,19200,0.017455150462962962,0.14166666666666666,0.13958333333333334,0.0047143518518518515,0.0618,3.7025557301384664,2.2923408845738944,,,,,,,,,,,0.7667088237857334,4565450
ldpc,N288_M144,lambda_pSA,search,988,142,,,,0.21775195070017805,0.24254976693617952,1.7429960761790564,fixed,0.2805979388859837,0.7441291496730199,0.0,0.12743109483033385,8.506369376124397,cosine,0.132446500648701,0.281793692685076,best_state,21752,3776,25600,0.013519965277777777,0.15208333333333332,0.15208333333333332,0.0047143518518518515,0.0618,2.8678311892369637,2.460895361380798,,,,,,,,,,,0.7673647688161013,8033972
ldpc,N288_M144,lambda_pSA,search,590,143,,,,0.13323482692854557,0.12639295762650832,1.415063164800714,snr,0.5058410820265692,0.9124888929878474,0.0,0.4528174902769042,3.9747633102556357,cosine,0.05558828094298817,0.7965011236498585,last,16034,2749,19200,0.02229456018518518,0.16041666666666668,0.16041666666666668,0.0047143518518518515,0.0618,4.72908278503388,2.595738942826322,,,,,,,,,,,0.7689143534163881,4882210
ldpc,N288_M144,lambda_pSA,search,954,144,,,,0.2086430173472363,0.19887788986960345,2.5309157866637477,fixed,0.3563957736521416,0.8192897044455985,0.0,0.2489060725018154,10.791121477493581,cosine,0.0927449550287207,0.3900125965526039,best_state,22345,3217,25600,0.01728877314814815,0.15208333333333332,0.15208333333333332,0.0047143518518518515,0.0618,3.667264067563587,2.460895361380798,,,,,,,,,,,0.7713150893729812,7764726
ldpc,N288_M144,lambda_pSA,search,805,145,,,,0.1131970444246824,0.11995389786356325,1.2893558926539765,snr,0.5215084602936965,0.8624766947998985,0.0,0.482067752151923,6.116071702163889,cosine,0.06515414179757015,0.8082839027317076,best_state,12201,561,12800,0.016015625000000002,0.1625,0.1625,0.0047143518518518515,0.0618,3.39720612786016,2.6294498381877025,,,,,,,,,,,0.7735673981631833,6584795
ldpc,N288_M144,lambda_pSA,search,604,146,,,,0.10727304635100152,0.10657319534599408,1.4116241548354722,snr,0.5545850189993357,0.8976296866686021,0.0,0.5228959305794665,4.471519277734771,cosine,0.05779362981317536,0.7496348302540093,best_state,15584,3519,19200,0.020695891203703704,0.18958333333333335,0.1875,0.0047143518518518515,0.0618,4.389975940292645,3.0676914778856528,,,,,,,,,,,0.774655238601317,4993076
ldpc,N288_M144,lambda_pSA,search,701,147,,,,0.11872954304045749,0.09870720113557115,1.0757876331635594,snr,0.4616766537093408,0.9025602810545096,0.0,0.4380293708916008,5.184766232211375,cosine,0.05115792989013564,0.7277723575704638,best_state,12731,55,12800,0.02588252314814815,0.16874999999999998,0.16666666666666666,0.0047143518518518515,0.0618,5.490155160561722,2.7305825242718442,,,,,,,,,,,0.7764548097920271,5761219
ldpc,N288_M144,lambda_pSA,search,909,148,,,,0.18080593185882435,0.21040038566591404,1.9345382900215853,fixed,0.40810913722389475,0.7956213840663546,0.0,0.21391605007656453,9.868319279732974,cosine,0.08879473936763228,0.3080329822609682,best_state,21725,3839,25600,0.01609519675925926,0.20625000000000002,0.20625000000000002,0.0047143518518518515,0.0618,3.4140847490916233,3.3373786407766994,,,,,,,,,,,0.781631261654049,7408371
ldpc,N288_M144,lambda_pSA,search,710,149,,,,0.10508547142657414,0.11981457075743278,1.3627822367304991,snr,0.4926524350423859,0.9123332254911748,0.0,0.3778948777353212,6.283837487759557,cosine,0.0699155882240179,0.7304721357906869,best_state,12746,41,12800,0.01539351851851852,0.13333333333333333,0.13333333333333333,0.0047143518518518515,0.0618,3.2652459982323485,2.157497303128371,,,,,,,,,,,0.7837868164817557,5832490
ldpc,N288_M144,lambda_pSA,search,889,150,,,,0.198983972136834,0.19108176741855304,2.6015720245967335,fixed,0.37125269824736684,0.824460390323746,0.0,0.19942350146280038,10.672199977773703,cosine,0.08036340083916717,0.3484674170570053,best_state,13561,4796,25600,0.017100694444444443,0.16666666666666666,0.16458333333333333,0.0047143518518518515,0.0618,3.6273691446528527,2.6968716289104635,,,,,,,,,,,0.788211996314566,7249991
ldpc,N288_M144,lambda_pSA,search,769,151,,,,0.10378356125163964,0.11709735177422255,1.2535118610549472,snr,0.5111458353297365,0.8437535472697856,0.0,0.42449754374747817,6.4449219502022075,cosine,0.07124934994443802,0.7775231791508901,best_state,10962,1755,12800,0.01715133101851852,0.18333333333333335,0.18125000000000002,0.0047143518518518515,0.0618,3.6381100854365123,2.9665587918015106,,,,,,,,,,,0.7900380169859285,6299711
ldpc,N288_M144,lambda_pSA,search,468,152,,,,0.1514988574779568,0.15654983617356846,0.8584594874210828,llr,0.45518248036012515,0.9288471370153726,0.0,0.03878697084162664,4.880033090300479,exponential,0.06754968022700612,0.8995351053900263,last,14928,4255,19200,0.01695601851851852,0.18541666666666667,0.18541666666666667,0.0047143518518518515,0.0618,3.5966807424138274,3.0002696871628913,,,,,,,,,,,0.7903607677458302,3916092
ldpc,N288_M144,lambda_pSA,search,553,153,,,,0.12625517365296857,0.14520774548029847,1.234644852653523,snr,0.4348260552118248,0.9449996294034936,0.0,0.594905603466655,4.280221932944289,cosine,0.07136885655120702,0.8069892972746742,last,16328,2778,19200,0.019827835648148148,0.15833333333333333,0.15833333333333333,0.0047143518518518515,0.0618,4.20584552685849,2.5620280474649406,,,,,,,,,,,0.7924956548333697,4589207
ldpc,N288_M144,lambda_pSA,search,531,154,,,,0.13004290800434,0.14563846017823637,1.2096930238718475,snr,0.5114914358198402,0.9137191284922263,0.0,0.033588650858299145,3.972957565348531,cosine,0.05992333473520579,0.7906162916007076,last,16544,2579,19200,0.02154224537037037,0.16041666666666668,0.15833333333333335,0.0047143518518518515,0.0618,4.569503093390947,2.595738942826322,,,,,,,,,,,0.7944487799375892,4414989
ldpc,N288_M144,lambda_pSA,search,668,155,,,,0.11641560403434048,0.10030333883756908,1.0410214566380525,snr,0.4667473154959858,0.8804704117386183,0.0,0.41304359567340476,5.116159524711438,cosine,0.050199479420195224,0.706988563568291,best_state,18290,878,19200,0.03502604166666667,0.2104166666666666,0.2083333333333333,0.0047143518518518515,0.0618,7.429662182068154,3.4048004314994595,,,,,,,,,,,0.7947076124922889,5499892
ldpc,N288_M144,lambda_pSA,search,607,156,,,,0.11083779526918575,0.10646790298419168,1.410014455292116,snr,0.5548137032405552,0.887130799778536,0.0,0.36079983732879634,4.507134862499162,cosine,0.05578535717685598,0.7449342283029065,best_state,15551,2547,19200,0.021571180555555555,0.18125000000000002,0.18125000000000002,0.0047143518518518515,0.0618,4.575640773838751,2.93284789644013,,,,,,,,,,,0.7954469561204565,5016833
ldpc,N288_M144,lambda_pSA,search,836,157,,,,0.12058637111406063,0.14348072146932234,1.0093565799051951,snr,0.41798984741177625,0.9005524131935365,0.0,0.45473411075164294,6.4397707985317885,cosine,0.05645399537315695,0.7939334891918607,best_state,12752,45,12800,0.018547453703703705,0.1708333333333333,0.1708333333333333,0.0047143518518518515,0.0618,3.934253167043112,2.764293419633225,,,,,,,,,,,0.7957026515423253,6830284
ldpc,N288_M144,lambda_pSA,search,661,158,,,,0.11670442772838738,0.10103780106254039,1.023971174806721,snr,0.4666821768543981,0.8789147957424268,0.0,0.4591164659052351,5.8073742872656675,cosine,0.05051133493902583,0.6760674188164679,best_state,12737,60,12800,0.020182291666666668,0.16458333333333333,0.16458333333333333,0.0047143518518518515,0.0618,4.2810321123441035,2.663160733549083,,,,,,,,,,,0.7967951709467797,5444459
ldpc,N288_M144,lambda_pSA,search,562,159,,,,0.1294598048047441,0.14340333318266504,1.2194892616498212,snr,0.5438617945730372,0.9494896134321581,0.0,0.6479419252187136,4.334920106840835,cosine,0.0730748504131574,0.813692477843655,last,16215,2853,19200,0.019545717592592594,0.15833333333333333,0.15833333333333333,0.0047143518518518515,0.0618,4.14600314249239,2.5620280474649406,,,,,,,,,,,0.7992825518491462,4660478
ldpc,N288_M144,lambda_pSA,search,671,160,,,,0.11318662313587871,0.10192955869397101,1.0298608790636308,snr,0.4655183633492531,0.8797559392936882,0.0,0.4539775401712853,5.750125442039845,cosine,0.05502311772266348,0.7063935673982096,best_state,12741,34,12800,0.025137442129629626,0.16875000000000004,0.16875000000000004,0.0047143518518518515,0.0618,5.332109889030737,2.730582524271845,,,,,,,,,,,0.800894917779536,5523649
ldpc,N288_M144,lambda_pSA,search,919,161,,,,0.22812674732368207,0.2620683882994581,2.30788773452946,fixed,0.3008962020854194,0.8136688936075843,0.0,0.18932859141786554,9.775729904491966,cosine,0.10798179486464043,0.2952683293444628,best_state,19961,5318,25600,0.01712962962962963,0.2270833333333333,0.2270833333333333,0.0047143518518518515,0.0618,3.633506825100658,3.6744875943905067,,,,,,,,,,,0.8030036641912812,7487561
ldpc,N288_M144,lambda_pSA,search,959,162,,,,0.19066188169037496,0.19647713650254112,2.849024208273295,fixed,0.36808792488248426,0.8177398967663639,0.0,0.2495301100634719,10.770869707902849,cosine,0.09103486901298392,0.39309249977821975,best_state,23597,1912,25600,0.01487991898148148,0.15208333333333332,0.15208333333333332,0.0047143518518518515,0.0618,3.1563021702838063,2.460895361380798,,,,,,,,,,,0.8042823131103695,7804321
ldpc,N288_M144,lambda_pSA,search,466,163,,,,0.15181211830237118,0.15643308227117209,0.8572972745085407,llr,0.533784769107784,0.9288319602091144,0.0,0.04088756969561177,4.933412017872951,cosine,0.0800455216281872,0.8975513866976925,last,6926,4073,19200,0.01548755787037037,0.16458333333333333,0.16458333333333333,0.0047143518518518515,0.0618,3.285193459687715,2.663160733549083,,,,,,,,,,,0.8046705921836034,3900254
ldpc,N288_M144,lambda_pSA,search,635,164,,,,0.10908165788645512,0.11548635372727192,1.525300495889539,snr,0.5285197203574105,0.8941597333748441,0.0,0.41917606114744904,4.502441591957965,cosine,0.06057772639289579,0.7481268265703358,best_state,15601,3525,19200,0.023314525462962962,0.21458333333333335,0.2125,0.0047143518518518515,0.0618,4.945436020819012,3.4722222222222223,,,,,,,,,,,0.8073216642884627,5238565
ldpc,N288_M144,lambda_pSA,search,611,165,,,,0.13535507270668326,0.10795458702914262,1.390652827647561,snr,0.5485561640022725,0.9315228222728993,0.0,0.36982010027637213,4.469925640967472,cosine,0.05688551811368809,0.8132760336648774,best_state,15554,3555,19200,0.01863425925925926,0.1708333333333333,0.1708333333333333,0.0047143518518518515,0.0618,3.952666208386527,2.764293419633225,,,,,,,,,,,0.8094214116058364,5048509
ldpc,N288_M144,lambda_pSA,search,920,166,,,,0.2136377365740601,0.24636829094927445,2.3204771807703577,fixed,0.2886850887350251,0.7634292061319218,0.0,0.19014855406662265,10.37669009890973,cosine,0.09513582661270888,0.264557954471203,best_state,19284,5276,25600,0.014149305555555556,0.19166666666666665,0.19166666666666665,0.0047143518518518515,0.0618,3.001325738976726,3.101402373247033,,,,,,,,,,,0.8106548721822081,7495480
ldpc,N288_M144,lambda_pSA,search,560,167,,,,0.1302745099722621,0.1530627762947281,1.2420217953803159,snr,0.5300712663613527,0.9491917938589378,0.0,0.44258934192069027,4.272033278921007,cosine,0.07323867193563051,0.8104199687667728,last,16517,2588,19200,0.01882233796296296,0.16874999999999998,0.16874999999999998,0.0047143518518518515,0.0618,3.99256113129726,2.7305825242718442,,,,,,,,,,,0.8199131923989972,4644640
ldpc,N288_M144,lambda_pSA,search,419,168,,,,0.1436720811003157,0.1490114547046821,0.7949065883290412,llr,0.4178557313339397,0.880727237353085,0.0,0.047057762383636764,4.488547748777263,exponential,0.07036379633583897,0.06854848817742044,last,7168,6605,19200,0.02118055555555556,0.21875,0.21875,0.0047143518518518515,0.0618,4.492782087793382,3.5396440129449838,,,,,,,,,,,0.8212855135246544,3528061
ldpc,N288_M144,lambda_pSA,search,871,169,,,,0.15062163449190255,0.13887567981655155,2.556184641584306,fixed,0.4257202710665099,0.8788399438336155,0.0,0.28507133724724504,7.229106525704457,cosine,0.06032908933744485,0.4300319765443909,best_state,13444,5647,25600,0.018178530092592595,0.16666666666666666,0.16249999999999998,0.0047143518518518515,0.0618,3.855997741333596,2.6968716289104635,,,,,,,,,,,0.8266436373232362,7107449
ldpc,N288_M144,lambda_pSA,search,427,170,,,,0.17621839327539388,0.1528608512845213,0.837093225866468,llr,0.6280561735019087,0.8848578761826744,0.0,0.04740305255673402,3.918509047320896,exponential,0.07038956998050425,0.7399600523385423,last,6963,6449,19200,0.020818865740740742,0.21875,0.21666666666666667,0.0047143518518518515,0.0618,4.416061082195817,3.5396440129449838,,,,,,,,,,,0.8342067576196857,3591413
ldpc,N288_M144,lambda_pSA,search,554,171,,,,0.12800252145907745,0.1477290809309904,1.2115946430455213,snr,0.4334381885180714,0.9381441030646162,0.0,0.5164365293048271,4.322768357542378,cosine,0.07275939117782629,0.8099255802067256,last,16330,2748,19200,0.02094184027777778,0.16458333333333333,0.16458333333333333,0.0047143518518518515,0.0618,4.442146224098989,2.663160733549083,,,,,,,,,,,0.8379606724506522,4597126
ldpc,N288_M144,lambda_pSA,search,890,172,,,,0.19434547377609762,0.1892348533521374,2.7573544963531824,fixed,0.3842501861679129,0.8262124610576969,0.0,0.19999696108631948,11.233351215900138,cosine,0.08349198761366665,0.35892030937526925,best_state,24866,663,25600,0.018945312500000002,0.17916666666666667,0.17916666666666667,0.0047143518518518515,0.0618,4.018646273200432,2.8991370010787487,,,,,,,,,,,0.8418390982734393,7257910
ldpc,N288_M144,lambda_pSA,search,780,173,,,,0.10821339653796648,0.11763744030909402,1.2121832680510793,snr,0.5147931038146388,0.8478231426523605,0.0,0.37469970828033283,6.722795411990802,cosine,0.07109807390577842,0.5280749646716988,best_state,10994,1774,12800,0.014908854166666666,0.15625,0.15625,0.0047143518518518515,0.0618,3.1624398507316114,2.52831715210356,,,,,,,,,,,0.8423993237651859,6386820
ldpc,N288_M144,lambda_pSA,search,802,174,,,,0.09391063636837202,0.0790678383846337,1.118315631047534,snr,0.5371130995309428,0.8349459702033798,0.0,0.39193856668811666,6.4972661371548135,cosine,0.07643185827063655,0.7566895631928233,best_state,11366,1386,12800,0.0281177662037037,0.21250000000000002,0.20833333333333334,0.0047143518518518515,0.0618,5.964290975154669,3.4385113268608416,,,,,,,,,,,0.8427363683989151,6561038
ldpc,N288_M144,lambda_pSA,search,678,175,,,,0.09952435286118833,0.08635731749907406,1.0782120610452106,snr,0.4835679612600615,0.8460594643668594,0.0,0.4102390842686631,6.057468294762308,cosine,0.05548231059476856,0.6623407946188715,best_state,11848,3287,25600,0.024189814814814817,0.1625,0.1625,0.0047143518518518515,0.0618,5.131100854365119,2.6294498381877025,,,,,,,,,,,0.8441053242521444,5579082
ldpc,N288_M144,lambda_pSA,search,608,176,,,,0.11607963986904905,0.10948952646171763,1.4087033865962109,snr,0.528975233377449,0.8874837855731896,0.0,0.349091848543093,4.520904477757683,cosine,0.050125623190000565,0.7216292146074272,best_state,15477,3502,19200,0.017614293981481483,0.16041666666666665,0.16041666666666665,0.0047143518518518515,0.0618,3.736312972601395,2.5957389428263213,,,,,,,,,,,0.8442346768323223,5024752
ldpc,N288_M144,lambda_pSA,search,532,177,,,,0.12996619263622297,0.14956704818342753,1.1851675035992157,snr,0.5158654921624422,0.904417908764834,0.0,0.033548645158751084,4.04025886454578,cosine,0.059615171102953425,0.787142509270467,last,16612,2514,19200,0.02328559027777778,0.17916666666666667,0.17916666666666667,0.0047143518518518515,0.0618,4.939298340371208,2.8991370010787487,,,,,,,,,,,0.8491123872051038,4422908
ldpc,N288_M144,lambda_pSA,search,502,178,,,,0.14858326790648982,0.13650849994184797,0.9436003683023755,llr,0.49786334743588406,0.9186032319149104,0.0,0.04018138493923742,4.580547093178495,cosine,0.06903017028495192,0.8120292089997381,last,14326,4840,19200,0.017614293981481483,0.17500000000000002,0.17500000000000002,0.0047143518518518515,0.0618,3.736312972601395,2.8317152103559873,,,,,,,,,,,0.8498574490034224,4185338
ldpc,N288_M144,lambda_pSA,search,985,179,,,,0.21356339857151713,0.24170371814239774,1.7235250804640279,fixed,0.29290119144242177,0.7391786548166298,0.0,0.22699191297188728,9.003537192696005,cosine,0.13558566520468884,0.5048209940521404,best_state,21263,4282,25600,0.02141203703703704,0.22083333333333333,0.22083333333333333,0.0047143518518518515,0.0618,4.541883531375823,3.5733549083063645,,,,,,,,,,,0.8597687473630211,8010215
ldpc,N288_M144,lambda_pSA,search,564,180,,,,0.12522481061158794,0.14596571627747548,1.2220795197704128,snr,0.4315782001208577,0.9477653298506721,0.0,0.5949492965651686,4.242355236820838,cosine,0.07200154834161263,0.8069114897843302,last,16320,2772,19200,0.02047164351851852,0.16041666666666668,0.16041666666666668,0.0047143518518518515,0.0618,4.342408916822156,2.595738942826322,,,,,,,,,,,0.8627444788804637,4676316
ldpc,N288_M144,lambda_pSA,search,708,181,,,,0.11641879772152312,0.09545467147178058,1.0891749041236498,snr,0.4645122198485564,0.8914512136867162,0.0,0.32783452023494936,5.330414289007536,cosine,0.05012199322165395,0.72427505966091,best_state,12748,24,12800,0.025679976851851857,0.18125000000000002,0.18125000000000002,0.0047143518518518515,0.0618,5.447191397427086,2.93284789644013,,,,,,,,,,,0.8632278799911357,5816652
ldpc,N288_M144,lambda_pSA,search,713,182,,,,0.10509846662632201,0.12122014774611908,1.3073293042274932,snr,0.49252744274228777,0.8270266327446432,0.0,0.5520198180434224,5.808552810536988,cosine,0.06925520721475824,0.7420947313343582,best_state,12057,649,12800,0.01812789351851852,0.1875,0.1875,0.0047143518518518515,0.0618,3.8452568005499366,3.0339805825242716,,,,,,,,,,,0.8643543972658043,5856247
ldpc,N288_M144,lambda_pSA,search,598,183,,,,0.1332891233040788,0.12374837041839323,1.2950651185017434,snr,0.5055078347912206,0.9109281569272556,0.0,0.4685496418452658,3.872757996937859,cosine,0.0501387010019962,0.7970936801096791,last,16038,2917,19200,0.024667245370370367,0.16041666666666668,0.16041666666666668,0.0047143518518518515,0.0618,5.2323725817539035,2.595738942826322,,,,,,,,,,,0.864872059762291,4945562
ldpc,N288_M144,lambda_pSA,search,681,184,,,,0.10161117467679212,0.09064132445397464,1.1003676724297722,snr,0.482518638008107,0.8477325441576047,0.0,0.4039972348058846,6.103670207228192,cosine,0.05613697280041759,0.6631158176616667,best_state,12249,458,12800,0.025737847222222218,0.18541666666666665,0.18541666666666665,0.0047143518518518515,0.0618,5.459466758322694,3.000269687162891,,,,,,,,,,,0.8655161308772142,5602839
ldpc,N288_M144,lambda_pSA,search,764,185,,,,0.15599818476583324,0.1344450267513277,1.0958136951530086,snr,0.4038692327308027,0.8014210070614537,0.0,0.4617961472082584,7.039486020577031,cosine,0.09569813135095441,0.6789230342181529,best_state,11788,797,12800,0.015350115740740739,0.1625,0.15833333333333333,0.0047143518518518515,0.0618,3.2560394775606403,2.6294498381877025,,,,,,,,,,,0.8661238027009164,6260116
ldpc,N288_M144,lambda_pSA,search,705,186,,,,0.11580318731241132,0.09743273527928323,1.0770546400369017,snr,0.4618052514577541,0.8915552144465565,0.0,0.31939197069976005,5.2723647505180224,cosine,0.050607343727625244,0.7201534851593032,best_state,12744,34,12800,0.02721354166666667,0.16041666666666665,0.16041666666666665,0.0047143518518518515,0.0618,5.772488461160759,2.5957389428263213,,,,,,,,,,,0.8691765475318824,5792895
ldpc,N288_M144,lambda_pSA,search,627,187,,,,0.10896675520166334,0.11410961365461395,1.4883286657725892,snr,0.5381554295238594,0.8915716670599451,0.0,0.5076747855690654,4.534432266027703,cosine,0.06148724856179175,0.7537661453132003,best_state,15803,3342,19200,0.01697048611111111,0.17500000000000002,0.17500000000000002,0.0047143518518518515,0.0618,3.5997495826377297,2.8317152103559873,,,,,,,,,,,0.8737543731472539,5175213
ldpc,N288_M144,lambda_pSA,search,540,188,,,,0.13357209999266656,0.14737341540321225,1.1942810864370483,snr,0.5122871497563438,0.9063031758644381,0.0,0.03389982542230506,3.957659805545054,cosine,0.058393269414235054,0.7853865664393322,last,16494,2632,19200,0.025028935185185185,0.18333333333333335,0.18333333333333335,0.0047143518518518515,0.0618,5.309093587351469,2.9665587918015106,,,,,,,,,,,0.8757472346463309,4486260
ldpc,N288_M144,lambda_pSA,search,464,189,,,,0.15329467037159272,0.15804584013890613,0.8631895847309997,llr,0.44542658175295924,0.9358664679512123,0.0,0.03796987324441972,4.862637755363634,exponential,0.08435705090272909,0.8370904153506374,last,6747,6248,19200,0.01793258101851852,0.1875,0.1875,0.0047143518518518515,0.0618,3.8038274575272517,3.0339805825242716,,,,,,,,,,,0.8781649683223847,3884416
ldpc,N288_M144,lambda_pSA,search,767,190,,,,0.15610199220881518,0.1360238186097982,0.9192129844570937,snr,0.3800738038326805,0.8235895701981092,0.0,0.33998000706739157,6.99832268871397,cosine,0.09845556304197567,0.6712072478584326,best_state,11645,822,12800,0.015241608796296297,0.14166666666666666,0.1395833333333333,0.0047143518518518515,0.0618,3.233023175881371,2.2923408845738944,,,,,,,,,,,0.8798588650081693,6283873
ldpc,N288_M144,lambda_pSA,search,759,191,,,,0.157188785161969,0.13612937531798167,0.9373587046744388,snr,0.4015781864875204,0.829830831809894,0.0,0.14433024694857527,7.623078095867353,cosine,0.0831098300098301,0.8423307276978413,best_state,11768,910,12800,0.02196903935185185,0.19166666666666665,0.1875,0.0047143518518518515,0.0618,4.660033879996072,3.101402373247033,,,,,,,,,,,0.8804740742776845,6220521
ldpc,N288_M144,lambda_pSA,search,895,192,,,,0.16984245823042188,0.1993879027551752,2.6428445912759377,fixed,0.3518717218497137,0.6423385390410179,0.0,0.19646920232632253,8.704440548573677,cosine,0.07970180128196443,0.35252373496848316,best_state,24750,836,25600,0.02007378472222222,0.22291666666666665,0.22291666666666665,0.0047143518518518515,0.0618,4.258015810664833,3.607065803667745,,,,,,,,,,,0.8824489611262551,7297505
ldpc,N288_M144,lambda_pSA,search,779,193,,,,0.1020391517944376,0.11847249418576773,1.2444136119563254,snr,0.5168370089721771,0.8436349131502484,0.0,0.27885339751768085,6.817969611525504,cosine,0.0717032400575541,0.7767427426850718,best_state,11149,1572,12800,0.01877170138888889,0.20000000000000004,0.20000000000000004,0.0047143518518518515,0.0618,3.981820190513602,3.2362459546925573,,,,,,,,,,,0.8867576065661624,6378901
ldpc,N288_M144,lambda_pSA,search,538,194,,,,0.13248395067392518,0.1480021054752111,1.2094805592431297,snr,0.5229233589199687,0.9023783329064029,0.0,0.03308501175008494,4.089716514978119,cosine,0.05950037081158719,0.7881606389581053,last,16506,2619,19200,0.02232349537037037,0.1729166666666667,0.1729166666666667,0.0047143518518518515,0.0618,4.735220465481685,2.7980043149946066,,,,,,,,,,,0.8874662840315133,4470422
ldpc,N288_M144,lambda_pSA,search,530,195,,,,0.13157133899542392,0.15379354523993286,1.1833604953321337,snr,0.5127395170893498,0.9040095874204703,0.0,0.0339297378996173,3.970394447739548,cosine,0.05992843014945541,0.7828098457343082,last,16426,2690,19200,0.028414351851851854,0.21458333333333335,0.21458333333333335,0.0047143518518518515,0.0618,6.027202199744673,3.4722222222222223,,,,,,,,,,,0.8894956105826587,4407070
ldpc,N288_M144,lambda_pSA,search,931,196,,,,0.25322947941087204,0.2802884200513463,1.8543757330689015,fixed,0.32881361885512217,0.7785073874807568,0.0,0.16032922669791388,11.872895523227191,cosine,0.09626723419203159,0.3640351318393509,best_state,21319,4224,25600,0.018619791666666666,0.22499999999999998,0.22499999999999998,0.0047143518518518515,0.0618,3.949597368162624,3.640776699029126,,,,,,,,,,,0.891190527237802,7582589
ldpc,N288_M144,lambda_pSA,search,633,197,,,,0.11363729251557184,0.11465488913772608,1.4969870181248055,snr,0.5298059436994457,0.8937948120565177,0.0,0.5216618411557644,4.466012279536893,cosine,0.06114857646000674,0.7828529052630391,best_state,15719,3417,19200,0.018511284722222222,0.1708333333333333,0.16874999999999998,0.0047143518518518515,0.0618,3.926581066483355,2.764293419633225,,,,,,,,,,,0.8924129626066717,5222727
ldpc,N288_M144,lambda_pSA,search,772,198,,,,0.10844929051034044,0.12082004141072211,1.2659609221534855,snr,0.5140086689202547,0.8418489283128707,0.0,0.4410801258067992,6.8798663125050865,cosine,0.06998471447154435,0.7682832172687554,best_state,12757,39,12800,0.01950954861111111,0.18333333333333332,0.18125,0.0047143518518518515,0.0618,4.138331041932633,2.96655879180151,,,,,,,,,,,0.8931268384199564,6323468
ldpc,N288_M144,lambda_pSA,search,555,199,,,,0.1289966001953543,0.1493275521202356,1.7913284575614818,snr,0.4295027811252517,0.9464458191264888,0.0,0.553275710978508,4.348897626345855,cosine,0.07119468325658365,0.808047037411603,last,16378,2619,19200,0.018981481481481485,0.19375,0.19375,0.0047143518518518515,0.0618,4.02631837376019,3.135113268608414,,,,,,,,,,,0.8961382067018223,4605045
ldpc,N288_M144,lambda_pSA,search,757,200,,,,0.15531953322314768,0.1362437722498093,0.9216242203333266,snr,0.3777205604543314,0.812494923084223,0.0,0.4739786874099258,7.412694964103964,cosine,0.10312964250962835,0.81196309393657,best_state,12416,152,12800,0.018012152777777776,0.1625,0.16041666666666668,0.0047143518518518515,0.0618,3.8207060787587155,2.6294498381877025,,,,,,,,,,,0.896824562115219,6204683
ldpc,N288_M144,lambda_pSA,search,632,201,,,,0.10674253485526232,0.11403076065249661,1.4893169862298914,snr,0.5302650496968205,0.8949394134377433,0.0,0.5173431747789993,4.474234101031535,cosine,0.0613245567879277,0.744145488848168,best_state,15619,2975,19200,0.023517071759259257,0.21666666666666667,0.21458333333333335,0.0047143518518518515,0.0618,4.988399783953648,3.505933117583603,,,,,,,,,,,0.9010958966781017,5214808
ldpc,N288_M144,lambda_pSA,search,504,202,,,,0.1432304276268819,0.1355582815010857,0.9610447381224562,llr,0.580063406060715,0.9196553131363411,0.0,0.03902449312825096,4.612122467065104,cosine,0.06791709760516901,0.8709329235382339,last,14456,4228,19200,0.01939380787037037,0.1875,0.1875,0.0047143518518518515,0.0618,4.113780320141412,3.0339805825242716,,,,,,,,,,,0.9037935112506776,4201176
ldpc,N288_M144,lambda_pSA,search,662,203,,,,0.11881107523510054,0.09659072074129195,1.0362855786234264,snr,0.4679352517533942,0.878166999302166,0.0,0.46626969870104046,5.182083592211992,cosine,0.05033366843306313,0.6866745018262209,best_state,12732,65,12800,0.034765625,0.2041666666666667,0.2041666666666667,0.0047143518518518515,0.0618,7.374423058037907,3.3036677454153187,,,,,,,,,,,0.904046322909885,5452378
ldpc,N288_M144,lambda_pSA,search,787,204,,,,0.09751883715483749,0.1033501789249717,1.6289219141894533,snr,0.48921093451956194,0.816927015459488,0.0,0.3394786407436779,7.527448706177838,cosine,0.08867487349179784,0.7863661468479464,best_state,12420,281,12800,0.01808449074074074,0.18541666666666665,0.18333333333333332,0.0047143518518518515,0.0618,3.8360502798782288,3.000269687162891,,,,,,,,,,,0.9048645594093094,6442253
ldpc,N288_M144,lambda_pSA,search,796,205,,,,0.09162964088887847,0.10113464206331221,1.1140059979834578,snr,0.436816703032763,0.836696712163687,0.0,0.30109291139359123,6.984920403840004,cosine,0.07373049799685737,0.7594415802887072,best_state,11263,1422,12800,0.018713831018518517,0.19375,0.19166666666666665,0.0047143518518518515,0.0618,3.9695448296179907,3.135113268608414,,,,,,,,,,,0.9050172327195899,6513524
ldpc,N288_M144,lambda_pSA,search,800,206,,,,0.09385531938261603,0.07858012027183345,1.895900279167665,snr,0.43944782687068623,0.8376993874126687,0.0,0.294124323425225,6.917749191082509,cosine,0.07638890236965988,0.7635212955127939,best_state,11335,1411,12800,0.021889467592592592,0.2020833333333333,0.2020833333333333,0.0047143518518518515,0.0618,4.643155258764608,3.269956850053937,,,,,,,,,,,0.9081262780508261,6545200
ldpc,N288_M144,lambda_pSA,search,763,207,,,,0.157736141513926,0.1321364195826351,0.922844657886966,snr,0.395546576616379,0.7876477130069537,0.0,0.46722652062535625,6.055962781443192,cosine,0.08392222431897944,0.6774863760426264,best_state,11835,798,12800,0.026229745370370372,0.2020833333333333,0.19999999999999998,0.0047143518518518515,0.0618,5.563807325935383,3.269956850053937,,,,,,,,,,,0.9103943711338408,6252197
ldpc,N288_M144,lambda_pSA,search,922,208,,,,0.2180797892612057,0.2583029453037268,2.3044352355293864,fixed,0.29700715822222845,0.7717757434661091,0.0,0.1830466348070845,9.890462669895257,cosine,0.1006596786552647,0.324398405715104,best_state,20010,5335,25600,0.01736111111111111,0.24375,0.24375,0.0047143518518518515,0.0618,3.682608268683099,3.9441747572815533,,,,,,,,,,,0.9116631741526744,7511318
ldpc,N288_M144,lambda_pSA,search,711,209,,,,0.1056855672946916,0.11906649079193835,1.3393427812294696,snr,0.4940803894120414,0.8295727259688672,0.0,0.37630408146579575,5.750607160806808,cosine,0.0698571801223843,0.7446016477457779,best_state,12750,40,12800,0.023871527777777776,0.2125,0.2125,0.0047143518518518515,0.0618,5.063586369439261,3.438511326860841,,,,,,,,,,,0.9146777808324731,5840409
ldpc,N288_M144,lambda_pSA,search,501,210,,,,0.1466737464317131,0.14628662233982132,0.9604476916416238,llr,0.4967480751385012,0.9151363346196099,0.0,0.030133404127932514,4.535962784389242,cosine,0.06772924270812514,0.811832226840537,last,15987,2962,19200,0.020348668981481483,0.19999999999999998,0.19999999999999998,0.0047143518518518515,0.0618,4.316323774918983,3.2362459546925564,,,,,,,,,,,0.9186442214792199,4177419
ldpc,N288_M144,lambda_pSA,search,361,211,,,,0.1580489039968502,0.12971891119172482,0.74871842407747,llr,0.6826172041403166,0.8725313550756926,0.0,0.03509407873879136,5.357336440238806,exponential,0.7985982333650846,0.03711554085851358,last,7675,7209,19200,0.026171874999999997,0.2520833333333333,0.2520833333333333,0.0047143518518518515,0.0618,5.551531965039772,4.079018338727076,,,,,,,,,,,0.9238808170134172,3068759
ldpc,N288_M144,lambda_pSA,search,497,212,,,,0.14678584749160936,0.13647739076169002,0.9782122207215577,llr,0.495272546606972,0.9186434304057196,0.0,0.04006314746058929,4.542019764754121,cosine,0.06750809921330408,0.8166299991510219,last,16079,2734,19200,0.019878472222222224,0.19791666666666666,0.1958333333333333,0.0047143518518518515,0.0618,4.216586467642149,3.2025350593311757,,,,,,,,,,,0.9255358472028663,4145743
ldpc,N288_M144,lambda_pSA,search,720,213,,,,0.1060243113742784,0.11897002489785621,1.3277892406675098,snr,0.5004930029525775,0.8301986602224594,0.0,0.37885355053719094,6.339448873187368,cosine,0.06888496845654853,0.7431627410084974,best_state,12754,1,12800,0.022019675925925925,0.19166666666666668,0.19166666666666668,0.0047143518518518515,0.0618,4.670774820779731,3.1014023732470335,,,,,,,,,,,0.9257956620944742,5911680
ldpc,N288_M144,lambda_pSA,search,583,214,,,,0.11940558043306156,0.13586214725427537,1.158588747378105,snr,0.4443851367800416,0.9259074331522452,0.0,0.6728412375208624,4.189586781504288,cosine,0.06566679306076267,0.7660441606827052,last,16736,2434,19200,0.032957175925925924,0.21458333333333335,0.21458333333333335,0.0047143518518518515,0.0618,6.990818030050083,3.4722222222222223,,,,,,,,,,,0.9274050580378781,4826777
ldpc,N288_M144,lambda_pSA,search,939,215,,,,0.21522513101312268,0.2470597254313439,1.8469952548424595,fixed,0.301260205055996,0.7292717871558796,0.0,0.20781974569115083,9.138681071039082,piecewise,0.14816026976217953,0.3071472229790737,best_state,21111,4425,25600,0.019372106481481483,0.225,0.225,0.0047143518518518515,0.0618,4.109177059805559,3.6407766990291264,,,,,,,,,,,0.931729093994122,7645941
ldpc,N288_M144,lambda_pSA,search,992,216,,,,0.21407997532277398,0.24080747760317048,1.7105922129709834,fixed,0.29266628455569904,0.7391226897516088,0.0,0.13617189398480833,8.428516844856377,cosine,0.12927907485615173,0.24779347835920634,best_state,21637,3880,25600,0.02218605324074074,0.22916666666666666,0.22916666666666666,0.0047143518518518515,0.0618,4.706066483354611,3.708198489751888,,,,,,,,,,,0.9328700989674792,8065648
ldpc,N288_M144,lambda_pSA,search,704,217,,,,0.11339057918311177,0.09982933500341121,1.0851015294375939,snr,0.46364014020846284,0.8958714461361501,0.0,0.32067372538223116,5.248840044715112,cosine,0.05049586595021016,0.7260774939664351,best_state,12744,37,12800,0.030049189814814817,0.18541666666666667,0.18125000000000002,0.0047143518518518515,0.0618,6.373981145045665,3.0002696871628913,,,,,,,,,,,0.9330965245281673,5784976
ldpc,N288_M144,lambda_pSA,search,968,218,,,,0.17977326022234927,0.176382477524486,3.5739443753537756,fixed,0.30843326326527604,0.7910051811111355,0.0,0.17629586939070516,8.588776534183333,cosine,0.07563843447605086,0.41247170372747244,best_state,21127,4402,25600,0.021484375,0.19583333333333333,0.19583333333333333,0.0047143518518518515,0.0618,4.557227732495336,3.168824163969795,,,,,,,,,,,0.9333556859310523,7875592
ldpc,N288_M144,lambda_pSA,search,921,219,,,,0.2965849948171108,0.28245553136484947,3.0908213671791316,fixed,0.3191662006652243,0.8050762980362872,0.0,0.17601693841848398,10.369827285984423,cosine,0.09984578739471815,0.3354358769245911,best_state,19496,5280,25600,0.019220196759259258,0.2020833333333333,0.19999999999999998,0.0047143518518518515,0.0618,4.076954237454581,3.269956850053937,,,,,,,,,,,0.9334197352068453,7503399
ldpc,N288_M144,lambda_pSA,search,498,220,,,,0.14572390882623934,0.13817764623318698,0.9872545633250339,llr,0.5814010376704181,0.9191322715224743,0.0,0.04048476021984671,4.697043410532964,cosine,0.06759165600841706,0.8133557673881214,last,14608,4571,19200,0.017766203703703704,0.17500000000000002,0.17500000000000002,0.0047143518518518515,0.0618,3.768535794952372,2.8317152103559873,,,,,,,,,,,0.9346754622523296,4153662
ldpc,N288_M144,lambda_pSA,search,591,221,,,,0.13478906658542664,0.12737291836262343,1.2928996154438408,snr,0.5115479555988077,0.9119215928456983,0.0,0.45064868089784715,3.899704607469861,cosine,0.05477836153364687,0.7920436997685506,last,15891,3094,19200,0.023509837962962965,0.16874999999999998,0.16874999999999998,0.0047143518518518515,0.0618,4.986865363841698,2.7305825242718442,,,,,,,,,,,0.9465801057794717,4890129
ldpc,N288_M144,lambda_pSA,search,500,222,,,,0.14633346094625857,0.13882710244817836,0.9692247328256693,llr,0.49842726703663187,0.9165425319249743,0.0,0.030000499723675623,4.425399676658926,cosine,0.06690024465197571,0.8068238738365461,last,15905,2996,19200,0.018178530092592595,0.17500000000000002,0.1729166666666667,0.0047143518518518515,0.0618,3.855997741333596,2.8317152103559873,,,,,,,,,,,0.9488097431932083,4169500
ldpc,N288_M144,lambda_pSA,search,490,223,,,,0.18089451112628122,0.16540784399522668,0.9457787552094431,llr,0.5521822752205098,0.9187090363398991,0.0,0.03371576583455123,3.5821976038622476,cosine,0.0918572791442543,0.8504897329447676,last,14576,3178,19200,0.0203125,0.19166666666666665,0.19166666666666665,0.0047143518518518515,0.0618,4.3086516743592265,3.101402373247033,,,,,,,,,,,0.9495847899300699,4090310
ldpc,N288_M144,lambda_pSA,search,561,224,,,,0.12462992356753667,0.145741650786478,1.2410386799431046,snr,0.435048733587267,0.9464592821294286,0.0,0.44095618272064036,4.2471392910620445,cosine,0.07269778967778118,0.8094275018731688,last,16219,2824,19200,0.024095775462962963,0.18958333333333333,0.18958333333333333,0.0047143518518518515,0.0618,5.111153392909752,3.0676914778856523,,,,,,,,,,,0.9497463302366236,4652559
ldpc,N288_M144,lambda_pSA,search,459,225,,,,0.15584325575605523,0.15764772098058502,0.8673122433737108,llr,0.5350467577625018,0.9357231081933605,0.0,0.038661534518236895,4.887208046956038,cosine,0.08501228302084331,0.836500290968548,last,15107,4079,19200,0.018569155092592594,0.1729166666666667,0.16458333333333333,0.0047143518518518515,0.0618,3.9388564273789655,2.7980043149946066,,,,,,,,,,,0.9502102004467494,3844821
ldpc,N288_M144,lambda_pSA,search,703,226,,,,0.11502918197115697,0.09648770956495333,1.0875850524319064,snr,0.4659235853682709,0.8946706163935407,0.0,0.30703182866269646,5.3666009344561205,cosine,0.0537203420923982,0.7171195562039641,best_state,12738,49,12800,0.027748842592592592,0.19166666666666665,0.19166666666666665,0.0047143518518518515,0.0618,5.886035549445154,3.101402373247033,,,,,,,,,,,0.9505371173653901,5777057
ldpc,N288_M144,lambda_pSA,search,543,227,,,,0.111588249729747,0.11892099354415286,1.2249073998972535,snr,0.5149414780414504,0.8998940824059959,0.0,0.7217712088727667,4.674922891723999,cosine,0.060253535527012216,0.7762946923319096,last,17046,2015,19200,0.024920428240740745,0.17708333333333334,0.17708333333333334,0.0047143518518518515,0.0618,5.2860772856722,2.865426105717368,,,,,,,,,,,0.953924293765392,4510017
ldpc,N288_M144,lambda_pSA,search,941,228,,,,0.20566665991645866,0.2468571062748498,1.8187645122549094,fixed,0.3412453543991471,0.7768470340673409,0.0,0.25354262293821195,9.581975708416298,cosine,0.1390421593436918,0.31137419591068605,best_state,18868,5481,25600,0.02150607638888889,0.27291666666666664,0.27291666666666664,0.0047143518518518515,0.0618,4.561830992831189,4.416127292340884,,,,,,,,,,,0.9570398215711355,7661779
ldpc,N288_M144,lambda_pSA,search,625,229,,,,0.112135797735372,0.1109713209050071,1.4381916827935837,snr,0.5293908842135565,0.893280831814925,0.0,0.8157948766594735,4.572804712896078,cosine,0.06082023485431103,0.7502877519418659,best_state,15746,3390,19200,0.020753761574074072,0.19166666666666668,0.19166666666666668,0.0047143518518518515,0.0618,4.4022513011882545,3.1014023732470335,,,,,,,,,,,0.9589336325600547,5159375
ldpc,N288_M144,lambda_pSA,search,463,230,,,,0.15071554750405666,0.15000323518153105,0.8435469942129828,llr,0.6189535207173162,0.9313475598013163,0.0,0.040278595065688226,4.882796030941551,exponential,0.08658299392639006,0.8330972128950632,last,15582,3610,19200,0.023003472222222224,0.2333333333333333,0.2333333333333333,0.0047143518518518515,0.0618,4.879455956005107,3.775620280474649,,,,,,,,,,,0.9615656744194926,3876497
ldpc,N288_M144,lambda_pSA,search,893,231,,,,0.17860506611567298,0.2171344970917696,2.950266986583266,fixed,0.36941689603034866,0.8299342167857648,0.0,0.1689317384696599,10.013708165298501,cosine,0.08084808973267943,0.4178321217272739,best_state,24311,1267,25600,0.020666956018518517,0.2770833333333333,0.27499999999999997,0.0047143518518518515,0.0618,4.38383825984484,4.483549083063646,,,,,,,,,,,0.9631971129056477,7281667
ldpc,N288_M144,lambda_pSA,search,928,232,,,,0.23785565263638858,0.27951093453152337,2.0965447462411264,fixed,0.31035995614701645,0.799953643573332,0.0,0.22842899724956794,11.82447084457135,cosine,0.10543181082169027,0.3663875317932299,best_state,20682,4689,25600,0.022395833333333334,0.29166666666666663,0.29166666666666663,0.0047143518518518515,0.0618,4.750564666601198,4.719525350593311,,,,,,,,,,,0.9635634101449242,7558832
ldpc,N288_M144,lambda_pSA,search,592,233,,,,0.13653817619783626,0.13205223226856774,1.29348000296631,snr,0.5055960449837529,0.9099231165394602,0.0,0.4411201076347917,3.852153851770935,cosine,0.05505706721351917,0.7929474575016697,last,15763,2918,19200,0.028002025462962963,0.18958333333333333,0.18958333333333333,0.0047143518518518515,0.0618,5.939740253363449,3.0676914778856523,,,,,,,,,,,0.967684984503806,4898048
ldpc,N288_M144,lambda_pSA,search,944,234,,,,0.28282052125730184,0.25579507719950145,1.8100661227056516,fixed,0.3507071029962106,0.7155632211264529,0.0,0.20512939160414637,9.469621803390405,cosine,0.15665394913809966,0.39252374149370767,best_state,21092,4484,25600,0.02357494212962963,0.1729166666666667,0.1729166666666667,0.0047143518518518515,0.0618,5.000675144849259,2.7980043149946066,,,,,,,,,,,0.9687574838839748,7685536
ldpc,N288_M144,lambda_pSA,search,417,235,,,,0.14471398499633628,0.14322438464723994,0.7673998145965057,llr,0.6577542872455996,0.8838508187466779,0.0,0.042456133128919625,4.6727080342539375,exponential,0.06649317030878736,0.07339908419783148,last,7216,6644,19200,0.02282986111111111,0.23541666666666664,0.23333333333333336,0.0047143518518518515,0.0618,4.842629873318276,3.8093311758360295,,,,,,,,,,,0.9706319030912411,3512223
ldpc,N288_M144,lambda_pSA,search,957,236,,,,0.21116570943870855,0.19521259800189583,2.5239835531327426,fixed,0.3735939753816187,0.8208177211499407,0.0,0.2522323229995531,8.576475012883662,cosine,0.08815903222020362,0.3860639770288034,best_state,22024,3555,25600,0.019444444444444445,0.18958333333333333,0.18958333333333333,0.0047143518518518515,0.0618,4.124521260925071,3.0676914778856523,,,,,,,,,,,0.9759009333213178,7788483
ldpc,N288_M144,lambda_pSA,search,804,237,,,,0.09450939877747985,0.07460747335987081,1.098618627891703,snr,0.5400634742838398,0.8430745971205098,0.0,0.294566151379876,8.231504848004873,cosine,0.07592851837025544,0.6229443806927868,best_state,11404,1322,12800,0.02635995370370371,0.2333333333333333,0.22916666666666666,0.0047143518518518515,0.0618,5.591426887950507,3.775620280474649,,,,,,,,,,,0.9779361554218294,6576876
ldpc,N288_M144,lambda_pSA,search,857,238,,,,0.1388769900750531,0.13176302292725156,1.7391157776649282,snr,0.470327209613218,0.8898820675876328,0.0,0.26855391937299083,7.204962438438059,cosine,0.0679372815520783,0.48265774321053473,best_state,13549,8979,25600,0.018243634259259258,0.18541666666666667,0.18541666666666667,0.0047143518518518515,0.0618,3.8698075223411568,3.0002696871628913,,,,,,,,,,,0.9781774868362387,6996583
ldpc,N288_M144,lambda_pSA,search,630,239,,,,0.10819295771889649,0.1096297756321758,1.4829702467187371,snr,0.5322996919201448,0.8934692996953995,0.0,0.8561709222692495,4.479173508969616,cosine,0.06119406176119892,0.748756315984233,best_state,15824,3319,19200,0.02322048611111111,0.21041666666666667,0.2083333333333333,0.0047143518518518515,0.0618,4.925488559363645,3.4048004314994604,,,,,,,,,,,0.979804584322699,5198970
ldpc,N288_M144,lambda_pSA,search,411,240,,,,0.14366286267964992,0.14758196551715977,0.7798160678023095,llr,0.6556185575635896,0.8818603664046274,0.0,0.04329762547078511,4.409102573822368,exponential,0.06356293695949622,0.8276434567598465,last,7194,6522,19200,0.02195457175925926,0.21666666666666667,0.21666666666666667,0.0047143518518518515,0.0618,4.656965039772169,3.505933117583603,,,,,,,,,,,0.9899142366370468,3464709
ldpc,N288_M144,lambda_pSA,search,594,241,,,,0.13321407483726347,0.1290725280548623,1.2833996496789908,snr,0.5064858787990965,0.911159414165362,0.0,0.4745080367477393,3.9286972947097567,cosine,0.05429091320714045,0.7987868690840962,last,16043,2759,19200,0.028356481481481483,0.18958333333333333,0.1875,0.0047143518518518515,0.0618,6.014926838849063,3.0676914778856523,,,,,,,,,,,0.9915457219407182,4913886
ldpc,N288_M144,lambda_pSA,search,589,242,,,,0.1344456169094331,0.12604708749689386,1.355211635263433,snr,0.5052144377460519,0.9122536878987305,0.0,0.48088458197068784,3.897201626476461,cosine,0.050024841049730796,0.8027171753946082,last,16075,2781,19200,0.028002025462962963,0.1875,0.1875,0.0047143518518518515,0.0618,5.939740253363449,3.0339805825242716,,,,,,,,,,,0.9917966280672609,4874291
ldpc,N288_M144,lambda_pSA,search,958,243,,,,0.2087438791688303,0.19727574512176924,2.793965205497428,fixed,0.3699585755922383,0.8174314895647563,0.0,0.24441396297955878,10.90587573290218,cosine,0.08670840018144226,0.38306595515367453,best_state,21954,3624,25600,0.022272858796296296,0.2166666666666667,0.21458333333333335,0.0047143518518518515,0.0618,4.724479524698026,3.5059331175836035,,,,,,,,,,,0.9924625656759414,7796402
ldpc,N288_M144,lambda_pSA,search,684,244,,,,0.09771961876765953,0.08825586620481025,1.0314413460083256,snr,0.4824165681250579,0.8471668576865311,0.0,0.4210549889031315,6.135504778490181,cosine,0.05012532957492921,0.6681576690517524,best_state,12440,240,12800,0.04015480324074074,0.22291666666666668,0.22291666666666668,0.0047143518518518515,0.0618,8.517566041441619,3.6070658036677457,,,,,,,,,,,0.9978752273181348,5626596
ldpc,N288_M144,lambda_pSA,search,947,245,,,,0.20836535446502563,0.24758746991992056,1.7614764389441964,fixed,0.34199000592177153,0.8029543469747807,0.0,0.20290531426799735,9.393543112448967,cosine,0.16049762844129378,0.3103444604940127,best_state,18747,5419,25600,0.01880787037037037,0.23541666666666664,0.23541666666666664,0.0047143518518518515,0.0618,3.9894922910733577,3.8093311758360295,,,,,,,,,,,1.0006540373099553,7709293
ldpc,N288_M144,lambda_pSA,search,412,246,,,,0.144366391615658,0.13705453187492722,0.8058542086110131,llr,0.6553801701508779,0.8862001722234902,0.0,0.04289124615145632,4.456346610778111,exponential,0.0646254733436049,0.0751466220539971,last,7200,6670,19200,0.025014467592592595,0.24583333333333332,0.24166666666666667,0.0047143518518518515,0.0618,5.306024747127567,3.977885652642934,,,,,,,,,,,1.0020400850244764,3472628
ldpc,N288_M144,lambda_pSA,search,620,247,,,,0.0883477459016796,0.09545579323407913,1.68675712630412,snr,0.564387386209719,0.9301831258993541,0.0,0.3176131598969096,4.936604936654368,cosine,0.053743665011687376,0.6967353206430895,best_state,15104,3649,19200,0.02398003472222222,0.23958333333333334,0.23958333333333334,0.0047143518518518515,0.0618,5.086602671118531,3.876752966558792,,,,,,,,,,,1.0068821706570898,5119780
ldpc,N288_M144,lambda_pSA,search,539,248,,,,0.13181114983485376,0.14934277905247242,1.1616734987868433,snr,0.5159524884320592,0.9030719026696151,0.0,0.033841294975674716,3.97167463793223,cosine,0.059513868127470976,0.7948187676613853,last,16565,2533,19200,0.026931423611111106,0.19791666666666666,0.19791666666666666,0.0047143518518518515,0.0618,5.712646076794657,3.2025350593311757,,,,,,,,,,,1.0074263099479892,4478341
ldpc,N288_M144,lambda_pSA,search,994,249,,,,0.2072353363614089,0.22588121357695734,1.6896964861773893,fixed,0.28963072236321963,0.7202141588544828,0.0,0.27592726194650335,9.083816545759753,cosine,0.13130668296033024,0.26011809808137243,best_state,22726,2822,25600,0.024399594907407406,0.21666666666666665,0.21666666666666665,0.0047143518518518515,0.0618,5.175599037611706,3.5059331175836026,,,,,,,,,,,1.0107553576977728,8081486
ldpc,N288_M144,lambda_pSA,search,534,250,,,,0.12183700789200723,0.14765863995369957,1.185192804454306,snr,0.5168343971491522,0.9001446685608746,0.0,0.9046252181574458,4.719967709196086,cosine,0.05934287850835258,0.7862842118310754,last,15074,3034,19200,0.024457465277777774,0.2041666666666667,0.2041666666666667,0.0047143518518518515,0.0618,5.187874398507316,3.3036677454153187,,,,,,,,,,,1.0135764247678714,4438746
ldpc,N288_M144,lambda_pSA,search,602,251,,,,0.10712232386710496,0.10261289202098885,1.4121699425826726,snr,0.5500894774923225,0.8928618953652265,0.0,0.35965782503487775,4.483332418129294,cosine,0.05622603525573937,0.811478081643359,best_state,15563,3541,19200,0.02754629629629629,0.22916666666666666,0.22916666666666666,0.0047143518518518515,0.0618,5.843071786310516,3.708198489751888,,,,,,,,,,,1.0175860151023781,4977238
ldpc,N288_M144,lambda_pSA,search,637,252,,,,0.12121012293674212,0.12118021744555828,1.3073611755660568,snr,0.4752598879735799,0.8742614209507069,0.0,0.36267596628343923,4.0577688066265845,cosine,0.056024977204378865,0.7856112105168696,best_state,16140,2963,19200,0.030302372685185184,0.25416666666666665,0.2520833333333333,0.0047143518518518515,0.0618,6.42768584896396,4.112729234088457,,,,,,,,,,,1.021520130772442,5254403
ldpc,N288_M144,lambda_pSA,search,399,253,,,,0.14285686279187443,0.12206285266781476,0.7978873821719833,llr,0.659732005976279,0.8738630482197345,0.0,0.04261398341338076,4.885671851897532,exponential,0.12152994182577063,0.07164391841445174,last,7282,6891,19200,0.028862847222222224,0.26458333333333334,0.26458333333333334,0.0047143518518518515,0.0618,6.122336246685653,4.281283710895361,,,,,,,,,,,1.0263688539743914,3369681
ldpc,N288_M144,lambda_pSA,search,416,254,,,,0.1445997846162568,0.15030500067264155,0.8526047286098466,llr,0.6562171381912791,0.8771724382154799,0.0,0.042570482718895804,4.327008894279281,exponential,0.0641869639712709,0.07425311845690699,last,7143,6739,19200,0.02310474537037037,0.2416666666666667,0.2416666666666667,0.0047143518518518515,0.0618,4.900937837572425,3.910463861920173,,,,,,,,,,,1.0267166716016742,3504304
ldpc,N288_M144,lambda_pSA,search,717,255,,,,0.14154512015474588,0.11637617281655616,1.342485001330309,snr,0.4962971277078354,0.8236723529045514,0.0,0.3762828262822056,6.117174676233193,cosine,0.06789278767504398,0.735338261957594,best_state,12742,4,12800,0.02136863425925926,0.19999999999999998,0.19583333333333333,0.0047143518518518515,0.0618,4.532677010704115,3.2362459546925564,,,,,,,,,,,1.0269798004611352,5887923
ldpc,N288_M144,lambda_pSA,search,798,256,,,,0.09253284907216022,0.08098052089206,1.9858864638544427,snr,0.4372344176747503,0.8395784858837179,0.0,0.3816824331475333,6.806470041641238,cosine,0.07512137612104837,0.7618206172402645,best_state,10860,1826,12800,0.022699652777777777,0.21875,0.21666666666666667,0.0047143518518518515,0.0618,4.815010311303152,3.5396440129449838,,,,,,,,,,,1.0280837114359027,6529362
ldpc,N288_M144,lambda_pSA,search,474,257,,,,0.15922571182325043,0.1939495762549337,1.0151372050821674,llr,0.33366252386692125,0.929065073277505,0.0,0.03234688225445723,5.10253672991422,cosine,0.06886350745945655,0.898855842797056,last,14868,4309,19200,0.020826099537037037,0.225,0.22291666666666665,0.0047143518518518515,0.0618,4.417595502307768,3.6407766990291264,,,,,,,,,,,1.0288407533832562,3963606
ldpc,N288_M144,lambda_pSA,search,494,258,,,,0.14681167425896155,0.13439795864841617,0.9546299586694945,llr,0.5787153628672611,0.9117670379350024,0.0,0.039623515272582614,4.452219230590895,cosine,0.06900883297073783,0.8322488422882932,last,15894,3300,19200,0.023517071759259264,0.2125,0.2125,0.0047143518518518515,0.0618,4.98839978395365,3.438511326860841,,,,,,,,,,,1.0321530080994588,4121986
ldpc,N288_M144,lambda_pSA,search,584,259,,,,0.12340500983155706,0.15630869857659,1.0895559634028444,snr,0.44533350657814297,0.9240763408193648,0.0,0.6659980349054334,4.178188792846319,cosine,0.06791133627602094,0.7747922718549489,last,16731,2436,19200,0.030193865740740743,0.22083333333333335,0.22083333333333335,0.0047143518518518515,0.0618,6.4046695472846915,3.573354908306365,,,,,,,,,,,1.0336235826818332,4834696
ldpc,N288_M144,lambda_pSA,search,749,260,,,,0.12193262276283778,0.09147598004758996,1.019258428260953,snr,0.44963547164891493,0.8515372667562949,0.0,0.403168701876673,6.139267804835617,cosine,0.07597299195230339,0.7950496144827497,best_state,12000,765,12800,0.027748842592592592,0.25833333333333336,0.24999999999999997,0.0047143518518518515,0.0618,5.886035549445154,4.180151024811219,,,,,,,,,,,1.035500438770647,6141331
ldpc,N288_M144,lambda_pSA,search,706,261,,,,0.11744718292292121,0.0953397127132652,1.068872085956402,snr,0.45959444430744584,0.8932359101864608,0.0,0.37192042344978177,5.309986717821001,cosine,0.05000522893375205,0.7096871875119996,best_state,12745,24,12800,0.025658275462962964,0.1875,0.18541666666666667,0.0047143518518518515,0.0618,5.4425881370912315,3.0339805825242716,,,,,,,,,,,1.0355077687952907,5800814
ldpc,N288_M144,lambda_pSA,search,563,262,,,,0.12668739459496697,0.14446284646388136,1.755232625645669,snr,0.5362860370553931,0.9475946652159752,0.0,0.4730143898707827,4.312410802142591,cosine,0.07324944562601989,0.8127030143464069,last,16401,2694,19200,0.02183159722222222,0.21875,0.21875,0.0047143518518518515,0.0618,4.630879897868997,3.5396440129449838,,,,,,,,,,,1.0401146179060075,4668397
ldpc,N288_M144,lambda_pSA,search,578,263,,,,0.12235880644819387,0.15557280018698658,1.0937536904226117,snr,0.446397657110715,0.9247330751877415,0.0,0.6975555377451145,4.25306590914547,cosine,0.06506400046903603,0.7743444165783353,last,16719,2439,19200,0.029600694444444447,0.2395833333333333,0.2395833333333333,0.0047143518518518515,0.0618,6.278847098104685,3.876752966558791,,,,,,,,,,,1.040976012964336,4787182
ldpc,N288_M144,lambda_pSA,search,426,264,,,,0.14937391119070606,0.15116542019841853,0.859160748585817,llr,0.5411737039799249,0.8865314867209836,0.0,0.04817213775747643,3.986617627299762,exponential,0.06295987349833113,0.8155333648096152,last,7080,6404,19200,0.02413917824074074,0.2291666666666667,0.22708333333333333,0.0047143518518518515,0.0618,5.12035991358146,3.7081984897518887,,,,,,,,,,,1.0411381995532734,3583494
ldpc,N288_M144,lambda_pSA,search,420,265,,,,0.14414250651379226,0.15177957484820345,0.8030074690726211,llr,0.6569422710940007,0.8812921835618385,0.0,0.04281460592877862,4.382120383818862,exponential,0.07174401479970798,0.0732351030881967,last,7251,6628,19200,0.022866030092592592,0.21875,0.21875,0.0047143518518518515,0.0618,4.850301973878032,3.5396440129449838,,,,,,,,,,,1.0442720974587218,3535980
ldpc,N288_M144,lambda_pSA,search,437,266,,,,0.1791667630524937,0.17741710187162113,0.9295069387227858,llr,0.4745178732004617,0.8551967044809516,0.0,0.052511107349408497,3.353561221966377,exponential,0.06903534015429087,0.8256887419902256,last,17779,1420,19200,0.02591869212962963,0.24583333333333332,0.24375,0.0047143518518518515,0.0618,5.497827261121477,3.977885652642934,,,,,,,,,,,1.0449629390764152,3670603
ldpc,N288_M144,lambda_pSA,search,441,267,,,,0.1704224393679878,0.17728466406849286,0.9192791947885031,llr,0.46822701482194556,0.8579712267072708,0.0,0.051895006850601146,3.5171215904638498,exponential,0.07177193805642741,0.8128948876655103,last,6508,5942,19200,0.02405960648148148,0.2541666666666667,0.2520833333333333,0.0047143518518518515,0.0618,5.103481292349995,4.112729234088458,,,,,,,,,,,1.0506277849042263,3702279
ldpc,N288_M144,lambda_pSA,search,338,268,,,,0.12515981801039186,0.10618959183284113,0.6685900181253583,llr,0.6914066726151977,0.911495318396967,0.0,0.0472264719898912,6.853860609783592,exponential,0.6652431704395416,0.042405214557690744,last,6059,1209,19200,0.023191550925925928,0.24166666666666667,0.24166666666666667,0.0047143518518518515,0.0618,4.919350878915841,3.9104638619201726,,,,,,,,,,,1.0507672106842043,2886622
ldpc,N288_M144,lambda_pSA,search,960,269,,,,0.20779530158042644,0.19403959595031983,2.8178396738360054,fixed,0.3660262782846189,0.8226365684887225,0.0,0.25374218887979505,10.857830313332517,cosine,0.09214789229419829,0.3374228968062018,best_state,21999,3515,25600,0.023697916666666666,0.22916666666666666,0.22916666666666666,0.0047143518518518515,0.0618,5.026760286752431,3.708198489751888,,,,,,,,,,,1.0520452974916679,7812240
ldpc,N288_M144,lambda_pSA,search,409,270,,,,0.1394157580389035,0.1382520074692881,0.8042242117236336,llr,0.6552967466157341,0.8846798097418663,0.0,0.042599809775708625,4.3106540042807,exponential,0.06911052883570905,0.07626843339650488,last,7227,6650,19200,0.02309027777777778,0.24166666666666667,0.24166666666666667,0.0047143518518518515,0.0618,4.897868997348523,3.9104638619201726,,,,,,,,,,,1.0565149207836064,3448871
ldpc,N288_M144,lambda_pSA,search,499,271,,,,0.14511844412755706,0.13717305915833716,0.9977102965713628,llr,0.5588813413739345,0.9179125220714025,0.0,0.0399762597453059,4.492273532315013,cosine,0.06716612129364391,0.8130329943862975,last,14091,4130,19200,0.024189814814814817,0.23749999999999996,0.23749999999999996,0.0047143518518518515,0.0618,5.131100854365119,3.8430420711974103,,,,,,,,,,,1.0573023004147957,4161581
ldpc,N288_M144,lambda_pSA,search,653,272,,,,0.09290444470492115,0.11975174991995163,1.1500042285665224,snr,0.5035630310854882,0.91157287915784,0.0,0.3402018604139966,5.546791079435547,cosine,0.06459962126098319,0.727348603503618,best_state,12725,71,12800,0.029390914351851854,0.2520833333333333,0.2520833333333333,0.0047143518518518515,0.0618,6.2343489148580975,4.079018338727076,,,,,,,,,,,1.0582720958454923,5381107
ldpc,N288_M144,lambda_pSA,search,644,273,,,,0.12024289031422426,0.08867093920869842,1.3076461348490702,snr,0.4722568871404257,0.8711820928096977,0.0,0.3757933639035541,5.376714573077429,cosine,0.05608586635004669,0.7761557513298174,best_state,16229,2912,19200,0.027835648148148148,0.23958333333333334,0.23958333333333334,0.0047143518518518515,0.0618,5.9044485907885695,3.876752966558792,,,,,,,,,,,1.0615339987608123,5309836
ldpc,N288_M144,lambda_pSA,search,356,274,,,,0.1218464472063159,0.12745181583351256,0.8541681879581354,llr,0.7494597827221534,0.937056970610256,0.0,0.03812623618725111,6.898911716608988,exponential,0.719078883349008,0.12912439931346711,last,6247,7234,19200,0.02119502314814815,0.24166666666666667,0.24166666666666667,0.0047143518518518515,0.0618,4.495850928017284,3.9104638619201726,,,,,,,,,,,1.0620609519964561,3029164
ldpc,N288_M144,lambda_pSA,search,760,275,,,,0.15821663073099054,0.13519455378166706,0.9309093496521418,snr,0.4131563122319545,0.851783472932342,0.0,0.15853420953562367,7.346719982806318,cosine,0.08272287833079121,0.6710066756616817,best_state,11768,849,12800,0.022757523148148148,0.19583333333333333,0.18958333333333333,0.0047143518518518515,0.0618,4.827285672198763,3.168824163969795,,,,,,,,,,,1.0629086529124994,6228440
ldpc,N288_M144,lambda_pSA,search,479,276,,,,0.1607600561365404,0.1643349570262173,1.057902178906681,llr,0.5480410412651949,0.9341343032739295,0.0,0.03850920493750378,4.930378883166449,cosine,0.07758566218597446,0.836141003457606,last,15961,3233,19200,0.0224537037037037,0.23958333333333334,0.23958333333333334,0.0047143518518518515,0.0618,4.762840027496808,3.876752966558792,,,,,,,,,,,1.0634973340715204,4003201
ldpc,N288_M144,lambda_pSA,search,990,277,,,,0.2061597629626905,0.2480687826602202,1.7189178211758955,fixed,0.2714021249196976,0.7248800880850006,0.0,0.1124297954279045,8.3802725784369,cosine,0.12329701026960191,0.21956086322619445,best_state,21622,3946,25600,0.026135706018518518,0.3041666666666667,0.3041666666666667,0.0047143518518518515,0.0618,5.543859864480016,4.921790722761597,,,,,,,,,,,1.06614221578167,8049810
ldpc,N288_M144,lambda_pSA,search,306,278,,,,0.13941989054372148,0.12834685380833505,0.9436401249369429,llr,0.7025361939973153,0.9086173475241083,0.0,0.035856259583793466,5.904916367091292,exponential,0.787501093613317,0.06904848137082627,last,6494,2110,19200,0.0263599537037037,0.2833333333333334,0.2833333333333334,0.0047143518518518515,0.0618,5.591426887950505,4.58468176914779,,,,,,,,,,,1.0675557707139756,2633214
ldpc,N288_M144,lambda_pSA,search,626,279,,,,0.10584147032607166,0.1115308324117626,1.5118383939929878,snr,0.5291625531870034,0.8929597416067017,0.0,0.5220775753137021,4.5105376497301695,cosine,0.0616766338732225,0.7485104624701768,best_state,15706,3399,19200,0.024819155092592592,0.2520833333333334,0.2520833333333334,0.0047143518518518515,0.0618,5.264595404104881,4.079018338727077,,,,,,,,,,,1.0694176244954783,5167294
ldpc,N288_M144,lambda_pSA,search,413,280,,,,0.14274581596133143,0.14748814972612387,0.8082723571226631,llr,0.6535217622892413,0.8858690575443888,0.0,0.04178774581145605,4.551097148843795,exponential,0.06276538365385548,0.8400306250868212,last,7272,6705,19200,0.024370659722222226,0.25,0.24791666666666665,0.0047143518518518515,0.0618,5.169461357163902,4.0453074433656955,,,,,,,,,,,1.0699711980257576,3480547
ldpc,N288_M144,lambda_pSA,search,615,281,,,,0.09642126932492763,0.09797741738015918,1.8529110423491046,snr,0.5746943027326259,0.9298869320174858,0.0,0.40793910021946406,4.907169503033593,cosine,0.05232635159857901,0.7262868680656781,best_state,14947,4054,19200,0.02241753472222222,0.2104166666666667,0.2104166666666667,0.0047143518518518515,0.0618,4.755167926937052,3.404800431499461,,,,,,,,,,,1.0715020747253494,5080185
ldpc,N288_M144,lambda_pSA,search,544,282,,,,0.11537084597058533,0.11531893261374708,1.3808672509498325,snr,0.45934835410925456,0.9038164777691732,0.0,0.27065416191933306,4.334369917006907,cosine,0.059288465407147245,0.7780932953024451,last,17242,1923,19200,0.039163773148148145,0.23541666666666664,0.23541666666666664,0.0047143518518518515,0.0618,8.30735048610429,3.8093311758360295,,,,,,,,,,,1.074208347510745,4517936
ldpc,N288_M144,lambda_pSA,search,312,283,,,,0.1392863821167285,0.14304756334517799,0.9268650078246701,llr,0.6981790788871449,0.8299620137712453,0.0,0.03621572029743263,5.809831135439144,exponential,0.38725206002996304,0.06429073495512044,last,7377,1019,19200,0.026613136574074076,0.25833333333333336,0.25833333333333336,0.0047143518518518515,0.0618,5.645131591868802,4.180151024811219,,,,,,,,,,,1.0743827892850775,2680728
ldpc,N288_M144,lambda_pSA,search,768,284,,,,0.15789894501754848,0.13501553875441638,0.9231576719799834,snr,0.4133646474369543,0.8348079951643868,0.0,0.3461949170411545,7.209901555618114,cosine,0.08384290616662032,0.8134642780424546,best_state,11516,1149,12800,0.023567708333333336,0.22083333333333333,0.21666666666666665,0.0047143518518518515,0.0618,4.999140724737308,3.5733549083063645,,,,,,,,,,,1.0753119060748748,6291792
ldpc,N288_M144,lambda_pSA,search,766,285,,,,0.15481773210486607,0.12960154977437777,0.9447291921415498,snr,0.4161140235417808,0.8176464763106698,0.0,0.13594443894658226,7.24338993446074,cosine,0.07187715462750821,0.6707276377463464,best_state,11710,819,12800,0.021809895833333332,0.2166666666666667,0.21458333333333335,0.0047143518518518515,0.0618,4.626276637533143,3.5059331175836035,,,,,,,,,,,1.0773510401980777,6275954
ldpc,N288_M144,lambda_pSA,search,410,286,,,,0.1419224583785683,0.1488042052799251,0.8113494035732128,llr,0.6549356429683864,0.8853727504587346,0.0,0.04244553195796596,4.377344317985139,exponential,0.06549262845753956,0.07487902767370012,last,7127,6641,19200,0.024667245370370374,0.25833333333333336,0.25833333333333336,0.0047143518518518515,0.0618,5.232372581753904,4.180151024811219,,,,,,,,,,,1.0777668071254045,3456790
ldpc,N288_M144,lambda_pSA,search,654,287,,,,0.08963026779684372,0.12226715513253007,1.1040197021331213,snr,0.49862726912649147,0.9129215746885514,0.0,0.42477982631020234,5.507816897764923,cosine,0.06286881799685058,0.7192445960801311,best_state,16976,2201,19200,0.025144675925925928,0.3020833333333333,0.3020833333333333,0.0047143518518518515,0.0618,5.33364430914269,4.888079827400215,,,,,,,,,,,1.080027573843515,5389026
ldpc,N288_M144,lambda_pSA,search,462,288,,,,0.15325537133520026,0.15402916608283476,0.8638993986811382,llr,0.35969794482236817,0.8404882830375019,0.0,0.03962218240838569,4.84392074659159,exponential,0.06661534525966986,0.8240157007448283,last,18029,810,19200,0.023032407407407404,0.2333333333333333,0.23124999999999998,0.0047143518518518515,0.0618,4.885593636452912,3.775620280474649,,,,,,,,,,,1.0805306691027692,3868578
ldpc,N288_M144,lambda_pSA,search,401,289,,,,0.1463553271265309,0.12102751661865556,0.8048164344444344,llr,0.6509664288179389,0.8710794174622704,0.0,0.04262717727545298,4.812096141091574,exponential,0.0728817004118006,0.06212343028487784,last,7310,6896,19200,0.026106770833333334,0.25833333333333336,0.25833333333333336,0.0047143518518518515,0.0618,5.537722184032211,4.180151024811219,,,,,,,,,,,1.0819593487817127,3385519
ldpc,N288_M144,lambda_pSA,search,475,290,,,,0.1604007901651485,0.1850978303181179,1.0957390584350184,llr,0.3552117470295692,0.9283457690665854,0.0,0.037892701924931244,4.989464462360376,cosine,0.07717041107090492,0.8398380050371668,last,12746,45,12800,0.020384837962962962,0.2416666666666667,0.2416666666666667,0.0047143518518518515,0.0618,4.323995875478739,3.910463861920173,,,,,,,,,,,1.0826982165669834,3971525
ldpc,N288_M144,lambda_pSA,search,582,291,,,,0.12320557228629192,0.13274310052950497,1.1259466421437754,snr,0.4430799928449466,0.925271875402298,0.0,0.5028486510592155,4.093783398414812,cosine,0.06564088008808064,0.7655145211350006,last,16758,2404,19200,0.0388599537037037,0.2354166666666667,0.2354166666666667,0.0047143518518518515,0.0618,8.242904841402337,3.8093311758360304,,,,,,,,,,,1.0833083888724089,4818858
ldpc,N288_M144,lambda_pSA,search,765,292,,,,0.1595678559228552,0.13518741642918922,0.9169923155308853,snr,0.3728574865391201,0.8131940954073286,0.0,0.15136644096645643,7.081346967684562,cosine,0.08080692153913781,0.8078370400107469,best_state,11849,859,12800,0.0253833912037037,0.22291666666666665,0.21875,0.0047143518518518515,0.0618,5.384280172837081,3.607065803667745,,,,,,,,,,,1.0855001179257324,6268035
ldpc,N288_M144,lambda_pSA,search,424,293,,,,0.17420185063677923,0.15645135962222048,0.8281153754318581,llr,0.45476661281609587,0.8827086935361035,0.0,0.04946083167574144,3.950679241754124,exponential,0.06133594356283679,0.5603921409303395,last,7078,6425,19200,0.026041666666666668,0.24166666666666667,0.24166666666666667,0.0047143518518518515,0.0618,5.523912403024649,3.9104638619201726,,,,,,,,,,,1.0873540687586467,3567656
ldpc,N288_M144,lambda_pSA,search,617,294,,,,0.08645136541759886,0.1004193137713702,1.629356667945894,snr,0.5368405508542002,0.9325013090429586,0.0,0.3061258947290682,4.999732260028877,cosine,0.05089044947142055,0.6939411095187241,best_state,14913,3849,19200,0.023668981481481485,0.2520833333333333,0.2520833333333333,0.0047143518518518515,0.0618,5.020622606304626,4.079018338727076,,,,,,,,,,,1.0878251594143196,5096023
ldpc,N288_M144,lambda_pSA,search,414,295,,,,0.13885101283817514,0.14980176519304583,0.8159530647508747,llr,0.6556002861108802,0.880711677669539,0.0,0.04211163568441329,4.6005769573364566,exponential,0.0642437318568085,0.5891929019812135,last,7283,6652,19200,0.024674479166666666,0.24791666666666667,0.24791666666666667,0.0047143518518518515,0.0618,5.233907001865855,4.011596548004315,,,,,,,,,,,1.0906902788496569,3488466
ldpc,N288_M144,lambda_pSA,search,588,296,,,,0.12137374660080506,0.1558011263347739,1.1202352830037252,snr,0.44988077952894595,0.9253246272654545,0.0,0.662176381891266,4.235636808127435,cosine,0.06501042456741067,0.7692654326160572,last,16738,2428,19200,0.030519386574074072,0.23958333333333334,0.23958333333333334,0.0047143518518518515,0.0618,6.473718452322498,3.876752966558792,,,,,,,,,,,1.0953051785775423,4866372
ldpc,N288_M144,lambda_pSA,search,533,297,,,,0.12585130488517038,0.14807986626111963,1.1789540804418852,snr,0.520644306313023,0.9033961925397012,0.0,0.03370317240626273,4.0185895572767905,cosine,0.05984935780228977,0.7958369615734412,last,16565,2553,19200,0.03187934027777777,0.25,0.25,0.0047143518518518515,0.0618,6.762189433369341,4.0453074433656955,,,,,,,,,,,1.1007856879755589,4430827
ldpc,N288_M144,lambda_pSA,search,473,298,,,,0.15809634538080672,0.18449472724496047,1.1026306427563997,llr,0.35095917534230076,0.9344847733664904,0.0,0.038581157885111766,5.13113543010616,cosine,0.0773370233295498,0.8800527626418768,last,17287,1881,19200,0.020941840277777776,0.2604166666666667,0.2604166666666667,0.0047143518518518515,0.0618,4.442146224098988,4.2138619201726,,,,,,,,,,,1.1011454848927253,3955687
ldpc,N288_M144,lambda_pSA,search,403,299,,,,0.14329665085632076,0.12299270838307962,0.7949322522316872,llr,0.6592612190815174,0.872398036637922,0.0,0.042156567939417765,4.988735509921724,exponential,0.07271851850055307,0.05802882704755265,last,7208,6855,19200,0.025954861111111113,0.25,0.25,0.0047143518518518515,0.0618,5.505499361681234,4.0453074433656955,,,,,,,,,,,1.1018685209780659,3401357
ldpc,N288_M144,lambda_pSA,search,384,300,,,,0.13816111187282176,0.11224837160432707,0.7288727396774151,llr,0.636893260058839,0.8896911302323538,0.0,0.04506868579984289,4.6256344866877654,exponential,0.10562769873511753,0.0543925173856445,last,6757,6826,19200,0.027256944444444445,0.26666666666666666,0.2625,0.0047143518518518515,0.0618,5.781694981832467,4.314994606256742,,,,,,,,,,,1.1023361643078131,3250896
ldpc,N288_M144,lambda_pSA,search,878,301,,,,0.19847894815428893,0.17758537885612466,2.2875755911237414,fixed,0.40855328153533255,0.8566439860550552,0.0,0.23145185296316728,8.389105771628426,cosine,0.06993657113063946,0.38558697058579405,best_state,22596,139,25600,0.02218605324074074,0.225,0.22083333333333333,0.0047143518518518515,0.0618,4.706066483354611,3.6407766990291264,,,,,,,,,,,1.1061993869804223,7162882
ldpc,N288_M144,lambda_pSA,search,405,302,,,,0.1434929611963987,0.12073509832556499,0.7777378612069831,llr,0.6566038468675677,0.8702468633343643,0.0,0.04382718240998338,4.7399165530696,exponential,0.13690755505059354,0.06439070747821235,last,7369,6841,19200,0.02768373842592593,0.2583333333333333,0.2583333333333333,0.0047143518518518515,0.0618,5.872225768437593,4.180151024811218,,,,,,,,,,,1.1080867725789638,3417195
ldpc,N288_M144,lambda_pSA,search,601,303,,,,0.10508705253238522,0.10505260556215065,1.3973599461433606,snr,0.4728011841471337,0.8905433488910955,0.0,0.4279790560847501,4.39776182705165,cosine,0.05060265302252822,0.7369407303108163,best_state,15366,3720,19200,0.03621238425925926,0.2875,0.2875,0.0047143518518518515,0.0618,7.681307080428165,4.652103559870549,,,,,,,,,,,1.1105226985286054,4969319
ldpc,N288_M144,lambda_pSA,search,558,304,,,,0.12940114693586036,0.14302919893002405,1.7055265128859711,snr,0.5418877953778753,0.9374928895523307,0.0,0.030094850940967036,3.8891222385803292,cosine,0.07124417989094585,0.8111743315485328,last,16341,2766,19200,0.0283130787037037,0.24583333333333332,0.24583333333333332,0.0047143518518518515,0.0618,6.005720318177354,3.977885652642934,,,,,,,,,,,1.111064732891127,4628802
ldpc,N288_M144,lambda_pSA,search,828,305,,,,0.1253242767375699,0.09907758065484137,1.5152055555980344,snr,0.45002742211278357,0.8850162230699231,0.0,0.5917861438070451,5.849841789990421,cosine,0.06159673859568451,0.6537755190773602,best_state,12758,39,12800,0.026620370370370374,0.25625000000000003,0.25416666666666665,0.0047143518518518515,0.0618,5.646666011980753,4.1464401294498385,,,,,,,,,,,1.1122702081581068,6766932
ldpc,N288_M144,lambda_pSA,search,471,306,,,,0.1619528095004883,0.1867816772620731,1.0113990503340087,llr,0.31535179965937954,0.9342569617605795,0.0,0.037938090428914516,5.015966046499411,cosine,0.07722793211520755,0.8954090916549088,last,12744,51,12800,0.022214988425925924,0.25,0.25,0.0047143518518518515,0.0618,4.712204163802416,4.0453074433656955,,,,,,,,,,,1.1152778642605745,3939849
ldpc,N288_M144,lambda_pSA,search,503,307,,,,0.14585741785847547,0.14221858222637845,0.9730955302429898,llr,0.5526972709505916,0.9151718963248143,0.0,0.03006124331272519,3.1793179211216356,cosine,0.0668357517047065,0.8761247932777297,last,14516,4160,19200,0.027907986111111113,0.23333333333333336,0.23333333333333336,0.0047143518518518515,0.0618,5.919792791908083,3.7756202804746497,,,,,,,,,,,1.1159974132537727,4193257
ldpc,N288_M144,lambda_pSA,search,432,308,,,,0.17546238687111984,0.15538958641386702,0.8612617066011079,llr,0.46497528902056223,0.8828939832529945,0.0,0.04831272772498056,3.8758511294847295,exponential,0.06155719367051446,0.8307163745180747,last,6978,6381,19200,0.0236328125,0.24375,0.24375,0.0047143518518518515,0.0618,5.012950505744869,3.9441747572815533,,,,,,,,,,,1.1197396448034842,3631008
ldpc,N288_M144,lambda_pSA,search,801,309,,,,0.09201463694510062,0.07352816469762645,1.0904349496067054,snr,0.5415389949630435,0.8353118519771193,0.0,0.3841884390526291,6.727068328698756,cosine,0.07365059824159921,0.7588442847800165,best_state,11251,1502,12800,0.030570023148148148,0.24166666666666667,0.24166666666666667,0.0047143518518518515,0.0618,6.484459393106158,3.9104638619201726,,,,,,,,,,,1.1234167432742501,6553119
ldpc,N288_M144,lambda_pSA,search,597,310,,,,0.13336134904693606,0.12992293634468496,1.201642821716302,snr,0.5035366439736539,0.8903739115940966,0.0,0.47491583333852516,3.9389690239116266,cosine,0.056327870414833496,0.7965876577195177,last,16034,2782,19200,0.03381799768518518,0.19791666666666666,0.19791666666666666,0.0047143518518518515,0.0618,7.1734140233722865,3.2025350593311757,,,,,,,,,,,1.1236860620405442,4937643
ldpc,N288_M144,lambda_pSA,search,506,311,,,,0.14998670596785244,0.13702876915198026,1.1339994150813713,llr,0.498987603491136,0.9180174200944093,0.0,0.03083336566969062,4.469905029183247,cosine,0.05840148576704607,0.8013284866212341,last,16146,2721,19200,0.02492042824074074,0.2354166666666667,0.23124999999999998,0.0047143518518518515,0.0618,5.286077285672199,3.8093311758360304,,,,,,,,,,,1.1239588217548502,4217014
ldpc,N288_M144,lambda_pSA,search,535,312,,,,0.12617843263629935,0.15006695642356593,1.172188072668202,snr,0.5177620244260196,0.9049876096634982,0.0,0.03423997608930406,3.952060856992142,cosine,0.06095859543045728,0.7807827157203586,last,15151,3032,19200,0.031712962962962964,0.24375,0.24375,0.0047143518518518515,0.0618,6.726897770794462,3.9441747572815533,,,,,,,,,,,1.1240463778473597,4446665
ldpc,N288_M144,lambda_pSA,search,402,313,,,,0.1414477680510869,0.11953135600682395,0.7979810001224144,llr,0.6568455128659485,0.8695423446340216,0.0,0.043219878868017494,4.79364079847767,exponential,0.07582267979216126,0.06079064125875905,last,7266,7693,19200,0.024377893518518517,0.25625000000000003,0.2541666666666667,0.0047143518518518515,0.0618,5.170995777275852,4.1464401294498385,,,,,,,,,,,1.1301105865992047,3393438
ldpc,N288_M144,lambda_pSA,search,406,314,,,,0.14493071535817276,0.1195942475097725,0.7883229948680672,llr,0.6546667568216558,0.8775003353966455,0.0,0.04261938975501755,4.848475031319294,exponential,0.07474121351698279,0.0639341441212345,last,5012,7040,19200,0.02554253472222222,0.26041666666666663,0.25833333333333336,0.0047143518518518515,0.0618,5.41803741530001,4.213861920172599,,,,,,,,,,,1.1324143526846802,3425114
ldpc,N288_M144,lambda_pSA,search,950,315,,,,0.20431772519122804,0.18635779845032086,2.7652817256382503,fixed,0.35495034888646587,0.816263322092395,0.0,0.25192713080664086,10.738075711583107,cosine,0.09071839312411584,0.40024449557751646,best_state,19819,5442,25600,0.02591869212962963,0.2520833333333333,0.24791666666666667,0.0047143518518518515,0.0618,5.497827261121477,4.079018338727076,,,,,,,,,,,1.1333915767136193,7733050
ldpc,N288_M144,lambda_pSA,search,521,316,,,,0.16592015288843334,0.1283959183074211,1.1443083566765,snr,0.4856049024331264,0.9282507152585504,0.0,0.031119265342909493,5.178697072315811,cosine,0.05052952125296291,0.7677017702792541,last,14196,4423,19200,0.027785011574074075,0.25833333333333336,0.25416666666666665,0.0047143518518518515,0.0618,5.89370765000491,4.180151024811219,,,,,,,,,,,1.1337414706744617,4335799
ldpc,N288_M144,lambda_pSA,search,429,317,,,,0.14602467382299705,0.1564878625501236,0.8475481144490931,llr,0.6290033156108623,0.8872387122417807,0.0,0.045548973431089455,3.9310019349385588,exponential,0.06295734775460604,0.5588205191935325,last,6971,6453,19200,0.026331018518518517,0.2625,0.2625,0.0047143518518518515,0.0618,5.585289207502701,4.247572815533981,,,,,,,,,,,1.135285334519192,3607251
ldpc,N288_M144,lambda_pSA,search,784,318,,,,0.07792476874338308,0.10912685033969824,1.419706554622262,snr,0.4903298771480229,0.8108406360171663,0.0,0.3482622376063996,7.664886623654478,cosine,0.08143434364210807,0.7883273405155272,best_state,12407,343,12800,0.02722077546296296,0.31041666666666673,0.31041666666666673,0.0047143518518518515,0.0618,5.774022881272709,5.02292340884574,,,,,,,,,,,1.1382862819517867,6418496
ldpc,N288_M144,lambda_pSA,search,373,319,,,,0.13486369408898424,0.11085410555249427,0.7212902607173707,llr,0.6398487168066672,0.9113647049225884,0.0,0.04573053173686046,4.414676691226294,exponential,0.10399213539745793,0.057535605320228826,last,6784,7583,19200,0.02833478009259259,0.27083333333333337,0.27083333333333337,0.0047143518518518515,0.0618,6.0103235785132085,4.3824163969795045,,,,,,,,,,,1.1424171610816702,3163787
ldpc,N288_M144,lambda_pSA,search,587,320,,,,0.12271201118400758,0.15547409165600207,1.1138717379334082,snr,0.45124956943966743,0.9247707366848325,0.0,0.6949757883708618,4.250793854240096,cosine,0.06484907255216514,0.7657088771614601,last,16704,2452,19200,0.029976851851851852,0.24583333333333332,0.24583333333333332,0.0047143518518518515,0.0618,6.358636943926152,3.977885652642934,,,,,,,,,,,1.1447550693965656,4858453
ldpc,N288_M144,lambda_pSA,search,469,321,,,,0.1615132854977233,0.18735480174985814,1.086926749460214,llr,0.32129255919651134,0.9263178254761308,0.0,0.03738703082983589,5.161358107841841,cosine,0.078544867628354,0.8376181722296144,last,12311,430,12800,0.022851562499999995,0.27083333333333337,0.27083333333333337,0.0047143518518518515,0.0618,4.847233133654129,4.3824163969795045,,,,,,,,,,,1.1457670191267113,3924011
ldpc,N288_M144,lambda_pSA,search,371,322,,,,0.1577748628545318,0.12788905670153913,0.6534752556670834,llr,0.6751148072381444,0.8709564311530752,0.0,0.03565990589305795,4.476858248795134,exponential,0.07987401349577611,0.03960352740663198,last,7614,877,19200,0.02557146990740741,0.24583333333333335,0.24583333333333335,0.0047143518518518515,0.0618,5.424175095747816,3.9778856526429345,,,,,,,,,,,1.147374102773827,3147949
ldpc,N288_M144,lambda_pSA,search,651,323,,,,0.09321698514750427,0.12235333905395408,1.1393570463488407,snr,0.49774809382141305,0.9134115711464847,0.0,0.34787323608668685,5.618761605338648,cosine,0.06426079154887393,0.7301551426117813,best_state,12733,64,12800,0.027669270833333332,0.2520833333333333,0.2520833333333333,0.0047143518518518515,0.0618,5.869156928213689,4.079018338727076,,,,,,,,,,,1.151045377586222,5365269
ldpc,N288_M144,lambda_pSA,search,364,324,,,,0.1581003017401962,0.12793535583011706,0.6614020656722671,llr,0.6751981746565656,0.8713524528067024,0.0,0.04972812154759744,5.571946792139647,exponential,0.6431134919083072,0.037627790916791096,last,7580,7374,19200,0.02980324074074074,0.2791666666666667,0.2791666666666667,0.0047143518518518515,0.0618,6.321810861239321,4.517259978425027,,,,,,,,,,,1.1556032786448016,3092516
ldpc,N288_M144,lambda_pSA,search,609,325,,,,0.10576416642395214,0.10718267896921814,1.429349931180553,snr,0.5503940811799737,0.8937518165891704,0.0,0.3604866487560054,4.357471193069598,cosine,0.056093563187220766,0.745913324557784,last,15684,2862,19200,0.04080584490740741,0.25833333333333336,0.25833333333333336,0.0047143518518518515,0.0618,8.655663851517236,4.180151024811219,,,,,,,,,,,1.1588542048844652,5032671
ldpc,N288_M144,lambda_pSA,search,646,326,,,,0.11995010488453933,0.08663178663568162,1.2907361430754032,snr,0.4792445378793589,0.8709591140931187,0.0,0.3692322697917859,5.287433761206296,cosine,0.05761226285819857,0.7760996419038534,best_state,16240,2900,19200,0.026916956018518515,0.23541666666666664,0.23124999999999998,0.0047143518518518515,0.0618,5.709577236570755,3.8093311758360295,,,,,,,,,,,1.1609437972090104,5325674
ldpc,N288_M144,lambda_pSA,search,407,327,,,,0.11102172793830162,0.1176863414794802,0.8023354150535591,llr,0.6511404260389563,0.8725827552240106,0.0,0.0421170667310354,4.909594241645725,exponential,0.06699573189615005,0.06397522247112238,last,7218,6852,19200,0.027596932870370367,0.2625,0.2625,0.0047143518518518515,0.0618,5.853812727094176,4.247572815533981,,,,,,,,,,,1.1613547922491785,3433033
ldpc,N288_M144,lambda_pSA,search,268,328,,,,0.16730791435750084,0.1648486241660887,0.7221394732643109,llr,0.6833354593638213,0.9052334563903133,0.0,0.05990399847355758,7.441493503886978,linear,0.9275360053113256,0.05321327756199097,last,7854,589,9600,0.025036168981481487,0.27291666666666664,0.27291666666666664,0.0047143518518518515,0.0618,5.310628007463421,4.416127292340884,,,,,,,,,,,1.1666249466329857,2332292
ldpc,N288_M144,lambda_pSA,search,887,329,,,,0.19047265426691087,0.17053391656016068,2.052581930619631,fixed,0.4004137259753211,0.8494734708917312,0.0,0.21932932976091812,9.003004833623626,cosine,0.06866324962289053,0.39081714484436597,best_state,13911,4983,25600,0.024363425925925927,0.22916666666666666,0.2270833333333333,0.0047143518518518515,0.0618,5.16792693705195,3.708198489751888,,,,,,,,,,,1.1669293116615438,7234153
ldpc,N288_M144,lambda_pSA,search,423,330,,,,0.17140591000064245,0.1514213470565816,0.8358806427231478,llr,0.3977044621404463,0.885525630309541,0.0,0.04973082865470007,3.906396187202776,exponential,0.06259492014487505,0.8222225192927554,last,7150,6387,19200,0.02650462962962963,0.26458333333333334,0.2625,0.0047143518518518515,0.0618,5.622115290189532,4.281283710895361,,,,,,,,,,,1.1685117017340747,3559737
ldpc,N288_M144,lambda_pSA,search,457,331,,,,0.15498090452705174,0.15441424512558485,0.8805875773750865,llr,0.4451567207296502,0.9488445532635374,0.0,0.031964898615316824,3.616133192601505,exponential,0.08376355128948698,0.6108052412405256,last,6872,6190,19200,0.02648292824074074,0.26875,0.26875,0.0047143518518518515,0.0618,5.617512029853677,4.348705501618123,,,,,,,,,,,1.1725137519237314,3828983
ldpc,N288_M144,lambda_pSA,search,430,332,,,,0.14882263880673485,0.14925714920614502,0.8817101386856242,llr,0.38667936556149063,0.8832568312573377,0.0,0.04052273252402207,3.929225031860214,exponential,0.061006813216244606,0.8531052456513344,last,7161,6393,19200,0.02670717592592593,0.26666666666666666,0.26666666666666666,0.0047143518518518515,0.0618,5.665079053324169,4.314994606256742,,,,,,,,,,,1.1752362329321822,3615170
ldpc,N288_M144,lambda_pSA,search,381,333,,,,0.136294441260185,0.10940932163857633,0.725822392303076,llr,0.634501138724874,0.8956825599946167,0.0,0.04537751468221059,4.464501802111007,exponential,0.10993841059913624,0.053726487092317504,last,6739,7595,19200,0.031286168981481476,0.275,0.275,0.0047143518518518515,0.0618,6.636366984189334,4.449838187702266,,,,,,,,,,,1.1757353275551838,3227139
ldpc,N288_M144,lambda_pSA,search,322,334,,,,0.12566748694978222,0.11355016892479244,0.7743922889586661,llr,0.6611953149343865,0.8018129447929113,0.0,0.04296500932696422,5.776417646916448,exponential,0.42158374703405743,0.07091081457372611,last,6538,1002,19200,0.027690972222222224,0.27708333333333335,0.27499999999999997,0.0047143518518518515,0.0618,5.873760188549544,4.483549083063647,,,,,,,,,,,1.1819817658328728,2759918
ldpc,N288_M144,lambda_pSA,search,679,335,,,,0.09854068793084673,0.0830613284357593,1.0653957164468337,snr,0.4792889535543659,0.8531943627682156,0.0,0.4024993497946795,6.01519550956132,cosine,0.05002072370371261,0.6745623566635665,best_state,12368,407,12800,0.0517578125,0.27291666666666664,0.26875,0.0047143518518518515,0.0618,10.97877590101149,4.416127292340884,,,,,,,,,,,1.1820463793298557,5587001
ldpc,N288_M144,lambda_pSA,search,422,336,,,,0.14971989788452722,0.15421700269299202,0.8531063064557678,llr,0.34526356528185537,0.8838495195212819,0.0,0.049925172473727956,3.921778772005263,exponential,0.06079811744932308,0.8091737604073298,last,7060,6485,19200,0.030049189814814813,0.29791666666666666,0.29791666666666666,0.0047143518518518515,0.0618,6.373981145045664,4.820658036677454,,,,,,,,,,,1.1827884494529828,3551818
ldpc,N288_M144,lambda_pSA,search,648,337,,,,0.11946655229320684,0.08351289381146425,1.3321614078058204,snr,0.4828803951353279,0.8706033332580542,0.0,0.3744466375932145,5.297599816477199,cosine,0.056525699381525435,0.7807572220691528,best_state,16228,2918,19200,0.030085358796296296,0.26458333333333334,0.2604166666666667,0.0047143518518518515,0.0618,6.381653245605421,4.281283710895361,,,,,,,,,,,1.1914132230648888,5341512
ldpc,N288_M144,lambda_pSA,search,363,338,,,,0.16100106346850443,0.12682970589339357,0.663408124542248,llr,0.6799096835647268,0.8924130597510466,0.0,0.0352749797861703,4.562125283810153,exponential,0.8137041118086198,0.0390243331622314,last,7563,7104,19200,0.03334780092592592,0.3145833333333333,0.3145833333333333,0.0047143518518518515,0.0618,7.073676716095453,5.0903451995685005,,,,,,,,,,,1.1914944472414877,3084597
ldpc,N288_M144,lambda_pSA,search,425,339,,,,0.1496119029986299,0.15111998334684665,0.8318140470720697,llr,0.6287803087595513,0.8839426468697106,0.0,0.04841694730723963,3.988674503864605,exponential,0.06145059281875649,0.8437074025640915,last,4284,6388,19200,0.027162905092592598,0.28541666666666665,0.28541666666666665,0.0047143518518518515,0.0618,5.7617475203771,4.618392664509169,,,,,,,,,,,1.1916372743353367,3575575
ldpc,N288_M144,lambda_pSA,search,418,340,,,,0.14409112853118333,0.14808058371853225,0.8126833080992212,llr,0.653726683339846,0.8817565602568984,0.0,0.04247270868317131,4.5250113251002935,exponential,0.06458626249751014,0.06986502964190096,last,7279,6626,19200,0.026092303240740744,0.2708333333333333,0.2708333333333333,0.0047143518518518515,0.0618,5.534653343808309,4.382416396979504,,,,,,,,,,,1.1918884835277044,3520142
ldpc,N288_M144,lambda_pSA,search,669,341,,,,0.11466643765229877,0.10080813341825223,1.0399508158691777,snr,0.468102936629681,0.8788120514975334,0.0,0.4635397326492248,5.0328262131492,cosine,0.05015187776190149,0.7007655711522189,best_state,12737,61,12800,0.05552662037037037,0.26666666666666666,0.26666666666666666,0.0047143518518518515,0.0618,11.778208779338113,4.314994606256742,,,,,,,,,,,1.1936952298276726,5507811
ldpc,N288_M144,lambda_pSA,search,308,342,,,,0.13826830455086667,0.13082678778561357,0.9335660445592838,llr,0.6993569947918112,0.8442809748078429,0.0,0.034552556237578205,5.691693679539296,exponential,0.9735896222490392,0.06766758218609381,last,6413,2002,19200,0.0281177662037037,0.28958333333333336,0.28958333333333336,0.0047143518518518515,0.0618,5.964290975154669,4.685814455231931,,,,,,,,,,,1.1941778064972608,2649052
ldpc,N288_M144,lambda_pSA,search,486,343,,,,0.18697249390326798,0.16522330282641015,1.210411707740044,llr,0.5250066253772223,0.947233642326086,0.0,0.034285630161182475,3.629119442073202,cosine,0.06696460459669616,0.851667747984378,last,15285,3369,19200,0.025622106481481482,0.26458333333333334,0.26249999999999996,0.0047143518518518515,0.0618,5.434916036531474,4.281283710895361,,,,,,,,,,,1.1953551454716558,4058634
ldpc,N288_M144,lambda_pSA,search,439,344,,,,0.17319664106677335,0.1780118603637547,0.9047937404671326,llr,0.5899786982710431,0.8562274295668444,0.0,0.05189695052184264,3.6680681061660922,exponential,0.07116702705361257,0.8087929693736907,last,6523,6068,19200,0.029058159722222227,0.2833333333333333,0.28125,0.0047143518518518515,0.0618,6.163765589708339,4.584681769147789,,,,,,,,,,,1.1954374425564749,3686441
ldpc,N288_M144,lambda_pSA,search,650,345,,,,0.09695811349381354,0.12372279563795475,1.139332691418149,snr,0.49751823252273925,0.9106331214325057,0.0,0.3380571092165918,5.557548237312088,cosine,0.06413740662091758,0.7222862475291854,best_state,12717,76,12800,0.02963686342592593,0.27291666666666664,0.27291666666666664,0.0047143518518518515,0.0618,6.2865191986644415,4.416127292340884,,,,,,,,,,,1.196065601795768,5357350
ldpc,N288_M144,lambda_pSA,search,447,346,,,,0.13057976259065684,0.16744127142038043,0.7606627950743461,llr,0.4084943279484658,0.9062714376114767,0.0,0.04797260281616742,4.15944436133442,exponential,0.05517653677488068,0.8642337406481928,last,7360,6769,19200,0.028197337962962962,0.30416666666666664,0.30416666666666664,0.0047143518518518515,0.0618,5.981169596386134,4.921790722761596,,,,,,,,,,,1.196081918028824,3749793
ldpc,N288_M144,lambda_pSA,search,585,347,,,,0.11793179387127635,0.1581890819561835,1.1105958196127201,snr,0.4450574773008605,0.9251506087112773,0.0,0.7128290005965771,4.251967556265647,cosine,0.06552687340990673,0.7655069097288997,last,16739,2432,19200,0.03349971064814815,0.28541666666666665,0.28541666666666665,0.0047143518518518515,0.0618,7.1058995384464305,4.618392664509169,,,,,,,,,,,1.1975230948619906,4842615
ldpc,N288_M144,lambda_pSA,search,489,348,,,,0.17748413020848322,0.16652566941574035,1.217013325059296,llr,0.5059502241455142,0.9435626388451431,0.0,0.03647359738469799,3.716387512438416,cosine,0.09142159366991787,0.855886350510295,last,14853,3271,19200,0.02672164351851852,0.26875,0.26666666666666666,0.0047143518518518515,0.0618,5.668147893548071,4.348705501618123,,,,,,,,,,,1.197563138136854,4082391
ldpc,N288_M144,lambda_pSA,search,452,349,,,,0.12989274900262618,0.1692179997339879,0.76497799344887,llr,0.5414916041626864,0.9040921934319637,0.0,0.04638984327770696,4.169023389516896,exponential,0.05469495046350419,0.6725959355839811,last,7214,6716,19200,0.029680266203703703,0.31875000000000003,0.31875000000000003,0.0047143518518518515,0.0618,6.295725719336149,5.157766990291263,,,,,,,,,,,1.1989763805120393,3789388
ldpc,N288_M144,lambda_pSA,search,404,350,,,,0.14036674099189492,0.11977556344915521,0.805956037367863,llr,0.650432095600066,0.8766345298869227,0.0,0.0438615266882037,5.154018250964408,exponential,0.37098774650331484,0.06271364238446525,last,7224,6838,19200,0.02763310185185185,0.2604166666666667,0.25625000000000003,0.0047143518518518515,0.0618,5.861484827653933,4.2138619201726,,,,,,,,,,,1.1992567461971533,3409276
ldpc,N288_M144,lambda_pSA,search,483,351,,,,0.18282921549071926,0.16722883260639806,1.2613342544536061,llr,0.5144152590889992,0.9485161351372137,0.0,0.035471587406989274,3.7304859062952227,cosine,0.09158016088813183,0.8506759941967371,last,15523,3248,19200,0.025998263888888887,0.26458333333333334,0.2625,0.0047143518518518515,0.0618,5.514705882352941,4.281283710895361,,,,,,,,,,,1.2018752582733134,4034877
ldpc,N288_M144,lambda_pSA,search,380,352,,,,0.14024040949543967,0.11011143932560846,0.682210820966685,llr,0.707998051834899,0.8992086879452506,0.0,0.043901293028036206,4.484416049148178,exponential,0.08364003777274479,0.06144139864026749,last,6792,7803,19200,0.032993344907407414,0.29583333333333334,0.29375,0.0047143518518518515,0.0618,6.9984901306098415,4.786947141316073,,,,,,,,,,,1.2051597981181115,3219220
ldpc,N288_M144,lambda_pSA,search,431,353,,,,0.17700349515284053,0.1494450106925958,0.8364156318631956,llr,0.3818391670156448,0.8828585878441157,0.0,0.04820715125668624,3.8707050142129376,exponential,0.06254242417025734,0.8777427546275545,last,6902,6545,19200,0.03190104166666667,0.29375,0.2916666666666667,0.0047143518518518515,0.0618,6.766792693705196,4.753236245954692,,,,,,,,,,,1.2057236294886449,3623089
ldpc,N288_M144,lambda_pSA,search,826,354,,,,0.12939266891035425,0.10249470023797924,1.491323973632077,snr,0.4473719292060718,0.8879020395582691,0.0,0.5595349843858503,5.783749975037012,cosine,0.06178317531263201,0.8378043667727738,best_state,11823,953,12800,0.02730034722222222,0.2770833333333333,0.2770833333333333,0.0047143518518518515,0.0618,5.790901502504173,4.483549083063646,,,,,,,,,,,1.2077010469638774,6751094
ldpc,N288_M144,lambda_pSA,search,398,355,,,,0.1429796254083402,0.1207354835689251,0.8006891190263358,llr,0.6529835725425331,0.8701921610284379,0.0,0.042091516890556915,4.613266914884802,exponential,0.08308869011265366,0.3950443418279632,last,7302,6894,19200,0.02884837962962963,0.26666666666666666,0.26666666666666666,0.0047143518518518515,0.0618,6.11926740646175,4.314994606256742,,,,,,,,,,,1.2088268251686785,3361762
ldpc,N288_M144,lambda_pSA,search,280,356,,,,0.13414524113487283,0.1127144023435895,1.033255750036786,llr,0.7170860120581424,0.8301099398740741,0.0,0.07530104123348356,6.574676784358979,exponential,0.8846417964256551,0.08201497412094623,last,7656,1258,19200,0.02865306712962963,0.2854166666666667,0.2833333333333333,0.0047143518518518515,0.0618,6.077838063439065,4.61839266450917,,,,,,,,,,,1.214257534028164,2427320
ldpc,N288_M144,lambda_pSA,search,415,357,,,,0.1462353859210785,0.14765479498500456,0.8240464008391075,llr,0.6522344920270228,0.8873206778127956,0.0,0.042317221725530645,4.74999712329651,exponential,0.06523190434929445,0.5814536672154653,last,7284,6575,19200,0.026844618055555557,0.28125,0.28125,0.0047143518518518515,0.0618,5.694233035451243,4.550970873786408,,,,,,,,,,,1.214287494599777,3496385
ldpc,N288_M144,lambda_pSA,search,761,358,,,,0.1543341930655748,0.12748747248690234,0.920028062940863,snr,0.41838606193111316,0.8333765250995112,0.0,0.34863615657957997,7.357020348783836,cosine,0.09728399123249747,0.8141356859388156,best_state,11743,495,12800,0.03127893518518519,0.28124999999999994,0.28124999999999994,0.0047143518518518515,0.0618,6.634832564077385,4.550970873786407,,,,,,,,,,,1.2145223445768558,6236359
ldpc,N288_M144,lambda_pSA,search,682,359,,,,0.09899221923828871,0.08385974773222485,1.0448343533000866,snr,0.48199852925064507,0.8419816870186505,0.0,0.40715139898838676,6.110919018845457,cosine,0.05541711840619655,0.6378122182152857,best_state,12395,365,12800,0.050303819444444446,0.2625,0.2625,0.0047143518518518515,0.0618,10.670357458509281,4.247572815533981,,,,,,,,,,,1.215357019888719,5610758
ldpc,N288_M144,lambda_pSA,search,491,360,,,,0.18294150474023319,0.1686579790395932,1.3501246874273545,llr,0.5625204189765146,0.949592946802097,0.0,0.030124648074241152,3.669278496632898,cosine,0.08759258421620486,0.8571490806079015,last,15338,3044,19200,0.02730034722222222,0.28958333333333336,0.28750000000000003,0.0047143518518518515,0.0618,5.790901502504173,4.685814455231931,,,,,,,,,,,1.2183298681331525,4098229
ldpc,N288_M144,lambda_pSA,search,822,361,,,,0.1298817201840417,0.10235781378043209,1.5195299401288587,snr,0.44393543995414514,0.8839923822361223,0.0,0.6078143017756875,5.780086055228124,cosine,0.06223921079455138,0.8426921247020183,best_state,12743,53,12800,0.02976707175925926,0.2833333333333334,0.2833333333333334,0.0047143518518518515,0.0618,6.3141387606795645,4.58468176914779,,,,,,,,,,,1.2191815374825166,6719418
ldpc,N288_M144,lambda_pSA,search,869,362,,,,0.147935753710003,0.13722161223932064,2.0947273581281873,fixed,0.9439078283353288,0.8815297009911458,0.0,0.23725554971565677,6.994144848561555,cosine,0.060384025618851186,0.4423783768124286,best_state,23542,112,25600,0.0316333912037037,0.31666666666666665,0.3145833333333333,0.0047143518518518515,0.0618,6.710019149562996,5.124056094929881,,,,,,,,,,,1.219715469096379,7091611
ldpc,N288_M144,lambda_pSA,search,223,363,,,,0.20589764316023185,0.21751090614698232,0.602950368912303,llr,0.6255660465977787,0.4606004467870931,0.0,0.06285955331234906,8.10116181076556,linear,1.3129495633947867,0.02297649102102737,majority,8696,681,9600,0.028059895833333334,0.37083333333333335,0.37083333333333335,0.0047143518518518515,0.0618,5.95201561425906,6.000539374325783,,,,,,,,,,,1.2217297868045565,1975937
ldpc,N288_M144,lambda_pSA,search,304,364,,,,0.10088124341052021,0.12755189531675332,0.9145682677928257,llr,0.7007154297940296,0.8433423240803146,0.0,0.03720599159149765,5.875886265904896,exponential,0.11967253364081805,0.07134030906000409,last,7601,1809,19200,0.028132233796296296,0.31666666666666665,0.31666666666666665,0.0047143518518518515,0.0618,5.967359815378573,5.124056094929881,,,,,,,,,,,1.2246073546997254,2617376
ldpc,N288_M144,lambda_pSA,search,683,365,,,,0.10028426411355051,0.07903053621331216,1.0540291717387191,snr,0.48419174659055375,0.845493128056668,0.0,0.4134339040942117,6.114631496699782,cosine,0.054850912681043876,0.6722958768115641,best_state,12311,444,12800,0.04797453703703703,0.25625,0.25416666666666665,0.0047143518518518515,0.0618,10.176274182460963,4.146440129449838,,,,,,,,,,,1.226941479969006,5618677
ldpc,N288_M144,lambda_pSA,search,485,366,,,,0.1840247937173837,0.16540553228257263,1.254761230822758,llr,0.541744726449435,0.9499988939495178,0.0,0.03450290638207514,3.7047380178207505,cosine,0.09085336173178357,0.8579570225203752,last,15472,3437,19200,0.02698929398148148,0.26666666666666666,0.26666666666666666,0.0047143518518518515,0.0618,5.724921437690268,4.314994606256742,,,,,,,,,,,1.2273661111862604,4050715
ldpc,N288_M144,lambda_pSA,search,516,367,,,,0.14877235621571266,0.13545652738688238,1.1178120910350864,llr,0.4973272322605182,0.9169054019490429,0.0,0.03296399437845445,4.329724205944275,cosine,0.05978791851148745,0.7708920319004487,last,16253,2623,19200,0.028544560185185187,0.26666666666666666,0.26666666666666666,0.0047143518518518515,0.0618,6.054821761759796,4.314994606256742,,,,,,,,,,,1.2283121900742942,4296204
ldpc,N288_M144,lambda_pSA,search,400,368,,,,0.11360109953401867,0.12249713954302713,0.8153956983111343,llr,0.6501812586976488,0.8718895499043008,0.0,0.04272486430655571,4.782883351063717,exponential,0.08022324207474357,0.06515102666244309,last,7354,6935,19200,0.029622395833333332,0.2833333333333333,0.2833333333333333,0.0047143518518518515,0.0618,6.283450358440539,4.584681769147789,,,,,,,,,,,1.229680299357877,3377600
ldpc,N288_M144,lambda_pSA,search,369,369,,,,0.16128701028878628,0.1291914918186954,0.7521208146937965,llr,0.6821843242543429,0.7336947187858984,0.0,0.05166821074593424,5.626188212340774,exponential,0.8261520913666293,0.0378374714996797,last,7676,7195,19200,0.0322265625,0.2854166666666667,0.28125,0.0047143518518518515,0.0618,6.835841598743004,4.61839266450917,,,,,,,,,,,1.2345189233798282,3132111
ldpc,N288_M144,lambda_pSA,search,832,370,,,,0.12001431434316655,0.1439469762502289,1.0172239444433653,snr,0.4225499249296569,0.6911415073153853,0.0,0.251737887768391,6.961609544608859,cosine,0.055405654326775446,0.7984799539846861,best_state,12756,42,12800,0.03830295138888889,0.2833333333333334,0.2833333333333334,0.0047143518518518515,0.0618,8.124754492782088,4.58468176914779,,,,,,,,,,,1.23469936864197,6798608
ldpc,N288_M144,lambda_pSA,search,690,371,,,,0.13187638887116643,0.11147248571944543,1.1921901222598854,snr,0.5141855498556951,0.8661726560605418,0.0,0.47790855609536664,5.527421578586487,piecewise,0.06072082641336088,0.6954150590862673,best_state,12737,21,12800,0.029072627314814817,0.3020833333333333,0.3,0.0047143518518518515,0.0618,6.166834429932241,4.888079827400215,,,,,,,,,,,1.2376620535612881,5674110
ldpc,N288_M144,lambda_pSA,search,935,372,,,,0.23195350889273064,0.20596580121931843,2.1262318231510084,fixed,0.33049476504372216,0.7607500096728468,0.0,0.2257210937103281,11.761165740330522,cosine,0.11157205017089428,0.3701378795145227,best_state,21677,3908,25600,0.03243634259259259,0.29375,0.2875,0.0047143518518518515,0.0618,6.8803397819895915,4.753236245954692,,,,,,,,,,,1.238719143205431,7614265
ldpc,N288_M144,lambda_pSA,search,586,373,,,,0.12047309196411049,0.15513109663417773,1.1004782785969824,snr,0.4447020181967743,0.9295788974020688,0.0,0.6907696641005341,4.293402924173608,cosine,0.06571193297355322,0.7624297755899991,last,16742,2434,19200,0.03648003472222222,0.2833333333333333,0.2833333333333333,0.0047143518518518515,0.0618,7.738080624570363,4.584681769147789,,,,,,,,,,,1.243582920680978,4850534
ldpc,N288_M144,lambda_pSA,search,477,374,,,,0.15846907904683064,0.19485095530677055,1.0864391751552913,llr,0.3590206984430575,0.9315647572793672,0.0,0.03271545112190591,5.211802052960853,cosine,0.07653209982085085,0.8957372748943515,last,12774,12,12800,0.027546296296296294,0.30624999999999997,0.30624999999999997,0.0047143518518518515,0.0618,5.843071786310517,4.955501618122977,,,,,,,,,,,1.2481792559937304,3987363
ldpc,N288_M144,lambda_pSA,search,907,375,,,,0.1817496510197121,0.22916107971723917,1.8996551285848213,fixed,0.3062962514567594,0.8433907021306708,0.0,0.2396821869681445,11.164967786401839,cosine,0.08813726168560819,0.40232328007084184,best_state,22877,2665,25600,0.028537326388888885,0.3833333333333333,0.38125000000000003,0.0047143518518518515,0.0618,6.053287341647844,6.202804746494066,,,,,,,,,,,1.2488669569714643,7392533
ldpc,N288_M144,lambda_pSA,search,754,376,,,,0.12110895613709527,0.09104091510219305,1.011452160312008,snr,0.4521677483482002,0.9271386758237841,0.0,0.4003280126919033,6.292903518985679,cosine,0.07490116881989825,0.7904603159808187,best_state,12749,26,12800,0.030910011574074078,0.2916666666666667,0.2854166666666667,0.0047143518518518515,0.0618,6.556577138367869,4.719525350593312,,,,,,,,,,,1.2505197235851433,6180926
ldpc,N288_M144,lambda_pSA,search,342,377,,,,0.125625641605901,0.10166212973299538,0.7051624838930508,llr,0.6992890025957029,0.8185185006804041,0.0,0.03845698965105186,5.106248163721275,exponential,0.15115620102273153,0.042802964262975945,last,6054,7087,19200,0.031061921296296296,0.29583333333333334,0.29166666666666663,0.0047143518518518515,0.0618,6.588799960718846,4.786947141316073,,,,,,,,,,,1.2517243810724603,2918298
ldpc,N288_M144,lambda_pSA,search,821,378,,,,0.129676204752315,0.09929724627093726,1.480850133205541,snr,0.45059139493214784,0.8848414729110584,0.0,0.6243986766287214,5.672092601633611,cosine,0.06170359471391441,0.8402881757635177,best_state,11589,1090,12800,0.03127893518518519,0.2791666666666666,0.2791666666666666,0.0047143518518518515,0.0618,6.634832564077385,4.5172599784250265,,,,,,,,,,,1.2519794055660767,6711499
ldpc,N288_M144,lambda_pSA,search,376,379,,,,0.1407505632030273,0.11011964881155155,0.7487641210442844,llr,0.6360618907938386,0.8966450361355235,0.0,0.044801447141057264,4.679580267184878,exponential,0.07647692799824309,0.05326142107387989,last,6847,6874,19200,0.030772569444444443,0.28750000000000003,0.28541666666666665,0.0047143518518518515,0.0618,6.527423156240793,4.65210355987055,,,,,,,,,,,1.25387947460902,3187544
ldpc,N288_M144,lambda_pSA,search,741,380,,,,0.14339282366963443,0.10956226648506218,1.1581773818103562,snr,0.4754374349254026,0.9207967604841344,0.0,0.29282304106071017,5.724877830759378,cosine,0.07218690243125345,0.831808012958581,best_state,11706,1065,12800,0.032204861111111115,0.31875000000000003,0.30833333333333335,0.0047143518518518515,0.0618,6.83123833840715,5.157766990291263,,,,,,,,,,,1.2546399227207674,6077979
ldpc,N288_M144,lambda_pSA,search,719,381,,,,0.14440564585068377,0.12011264587237672,1.2821068414534422,snr,0.49482709364708655,0.9101456148127425,0.0,0.3609342209062264,6.356459668142098,cosine,0.06503725869837668,0.7435375042138033,best_state,12037,648,12800,0.029202835648148146,0.2833333333333333,0.28125,0.0047143518518518515,0.0618,6.194453991947364,4.584681769147789,,,,,,,,,,,1.2555468818449769,5903761
ldpc,N288_M144,lambda_pSA,search,892,382,,,,0.20282574374755202,0.18111975057725527,2.7124815976306995,fixed,0.3717256856051832,0.8240072358731088,0.0,0.2027192424411466,9.262358369344309,cosine,0.08079171741112216,0.3714946201347379,best_state,25165,160,25600,0.028710937500000002,0.28125,0.2791666666666666,0.0047143518518518515,0.0618,6.090113424334676,4.550970873786408,,,,,,,,,,,1.2565214373209594,7273748
ldpc,N288_M144,lambda_pSA,search,428,383,,,,0.14852610834849886,0.15478318534174307,0.8649748671154358,llr,0.43839349992923726,0.8894401551485762,0.0,0.0460730293767892,3.9941561697755796,exponential,0.06049840038161999,0.8448099358426366,last,7051,6539,19200,0.029058159722222223,0.3,0.3,0.0047143518518518515,0.0618,6.163765589708338,4.854368932038835,,,,,,,,,,,1.2591910014190877,3599332
ldpc,N288_M144,lambda_pSA,search,657,384,,,,0.0953092496432782,0.12155124336611836,1.1451237650921913,snr,0.4987124659898436,0.85589385753951,0.0,0.4378140411157523,5.40407814282065,cosine,0.06489305496477796,0.6557090831538709,best_state,12726,71,12800,0.03598813657407408,0.31249999999999994,0.31249999999999994,0.0047143518518518515,0.0618,7.633740056957675,5.056634304207119,,,,,,,,,,,1.259915085034418,5412783
ldpc,N288_M144,lambda_pSA,search,945,385,,,,0.27586798499249643,0.24967483474608057,1.823559136991286,fixed,0.303699443205271,0.7849111830721586,0.0,0.20558616731131157,9.584708324242659,piecewise,0.16612405283423534,0.32930225108670647,best_state,25561,6,25600,0.03705873842592592,0.2520833333333333,0.24791666666666667,0.0047143518518518515,0.0618,7.860834233526465,4.079018338727076,,,,,,,,,,,1.2601035799833684,7693455
ldpc,N288_M144,lambda_pSA,search,470,386,,,,0.16314291770690822,0.19374230733378536,1.0909328259602145,llr,0.4741717387955153,0.9253215309308225,0.0,0.032380423855722325,5.112445686275104,cosine,0.07965653763649855,0.8761967991130594,last,11315,820,12800,0.027437789351851854,0.31458333333333327,0.31458333333333327,0.0047143518518518515,0.0618,5.820055484631249,5.0903451995685,,,,,,,,,,,1.2605302214864258,3931930
ldpc,N288_M144,lambda_pSA,search,629,387,,,,0.10756546360248037,0.08492080101637171,1.4845121907799415,snr,0.5328921330117401,0.8977221406622768,0.0,0.5332385730539797,4.508436074019527,cosine,0.061576313737703475,0.7486727776858706,best_state,15704,3413,19200,0.046542245370370376,0.2833333333333333,0.2833333333333333,0.0047143518518518515,0.0618,9.87245900029461,4.584681769147789,,,,,,,,,,,1.260731254345559,5191051
ldpc,N288_M144,lambda_pSA,search,282,388,,,,0.12717695939587267,0.11599684563685428,1.0240002509784971,llr,0.720151469357338,0.8465546751982376,0.0,0.04362117620107365,6.446099440252583,linear,0.8919051848299657,0.08800216233931557,last,7838,551,9600,0.028190104166666664,0.3104166666666667,0.3104166666666667,0.0047143518518518515,0.0618,5.979635176274182,5.022923408845739,,,,,,,,,,,1.2612358912027033,2443158
ldpc,N288_M144,lambda_pSA,search,302,389,,,,0.1406928446554458,0.12682997219151854,0.9549363302559146,llr,0.6982157683952668,0.8206668591522822,0.0,0.03616883342615315,5.938773682337167,exponential,0.4101878677062922,0.06816974646856563,last,6667,1105,19200,0.028030960648148143,0.28958333333333336,0.28750000000000003,0.0047143518518518515,0.0618,5.9458779338112535,4.685814455231931,,,,,,,,,,,1.262929727598655,2601538
ldpc,N288_M144,lambda_pSA,search,344,390,,,,0.12509422066102466,0.1024435639031877,0.6899805657363434,llr,0.6947527692237414,0.8638851962664968,0.0,0.04648861557336228,5.176364410950745,exponential,0.6798341581565688,0.13763970208982207,last,6194,6991,19200,0.03361545138888889,0.3125,0.3083333333333333,0.0047143518518518515,0.0618,7.130450260237652,5.05663430420712,,,,,,,,,,,1.2646709530028166,2934136
ldpc,N288_M144,lambda_pSA,search,254,391,,,,0.15571485000068858,0.16750411383537364,0.7015571454817799,llr,0.6479188015440603,0.5534157388230099,0.0,0.05766827204923302,6.268652903415137,linear,1.1969657611423195,0.0015552344344269744,last,8383,302,9600,0.03367332175925926,0.30833333333333335,0.30833333333333335,0.0047143518518518515,0.0618,7.142725621133262,4.989212513484358,,,,,,,,,,,1.2669764468696059,2221426
ldpc,N288_M144,lambda_pSA,search,454,392,,,,0.128373396980418,0.17161088764581703,0.7851585703516766,llr,0.494675122740594,0.9037959256408966,0.0,0.04750249918854525,4.192536349105777,exponential,0.05157636235911567,0.8640733165634469,last,7308,6724,19200,0.029578993055555555,0.3333333333333333,0.3333333333333333,0.0047143518518518515,0.0618,6.2742438377688305,5.393743257820927,,,,,,,,,,,1.267967387225832,3805226
ldpc,N288_M144,lambda_pSA,search,733,393,,,,0.14281756796026818,0.11320088981583933,1.1665462440160452,snr,0.4479132586632259,0.9138529220391088,0.0,0.5267638248213423,5.936530690866913,cosine,0.06342412593308812,0.8237253041502255,best_state,12747,31,12800,0.03025173611111111,0.2916666666666667,0.2833333333333333,0.0047143518518518515,0.0618,6.416944908180301,4.719525350593312,,,,,,,,,,,1.2688079465177173,6014627
ldpc,N288_M144,lambda_pSA,search,943,394,,,,0.27435135849120307,0.24962190380915303,1.8475434788068932,fixed,0.3615259483460753,0.8080630232380125,0.0,0.20019975509365504,9.47509702964174,piecewise,0.12006898278241214,0.33787387670555274,best_state,18938,5546,25600,0.03012152777777778,0.26458333333333334,0.2604166666666667,0.0047143518518518515,0.0618,6.389325346165178,4.281283710895361,,,,,,,,,,,1.2749618391343849,7677617
ldpc,N288_M144,lambda_pSA,search,290,395,,,,0.11389565461258162,0.10445662804882228,0.8709460127921002,llr,0.7326740287706135,0.8826674984436689,0.0,0.033738533072418114,4.850525543915446,exponential,0.7098232304734051,0.09320061138223101,last,10073,1324,19200,0.035481770833333336,0.3354166666666667,0.33125,0.0047143518518518515,0.0618,7.5263306491210855,5.427454153182309,,,,,,,,,,,1.275916068565608,2506510
ldpc,N288_M144,lambda_pSA,search,694,396,,,,0.12935631997687244,0.10815203555588783,1.1840793321628302,snr,0.5198038943005363,0.8698917497363059,0.0,0.4947563335814175,5.52269478629288,piecewise,0.05936433563549767,0.6879485523453961,best_state,11489,1289,12800,0.032190393518518524,0.3145833333333333,0.3145833333333333,0.0047143518518518515,0.0618,6.828169498183248,5.0903451995685005,,,,,,,,,,,1.2778875563249137,5705786
ldpc,N288_M144,lambda_pSA,search,509,397,,,,0.15126228444769887,0.13474738718257642,1.1630258664149002,llr,0.5021550252543011,0.9191295294142933,0.0,0.030297076562633366,4.601884919236171,cosine,0.05988745573499994,0.8002187091618633,last,13535,4279,19200,0.029730902777777776,0.29583333333333334,0.29583333333333334,0.0047143518518518515,0.0618,6.306466660119808,4.786947141316073,,,,,,,,,,,1.2783106005279856,4240771
ldpc,N288_M144,lambda_pSA,search,478,398,,,,0.1612369716124439,0.19528531876695482,1.025782411292176,llr,0.35535643025996255,0.9290834971930013,0.0,0.03834363518822887,5.020470397634326,exponential,0.07673031338438555,0.8853811797379209,last,12411,324,12800,0.02734375,0.32708333333333334,0.32708333333333334,0.0047143518518518515,0.0618,5.8001080231758815,5.292610571736786,,,,,,,,,,,1.2789231580023395,3995282
ldpc,N288_M144,lambda_pSA,search,205,399,,,,0.20803755023386086,0.17584434944910918,0.49221989568092517,llr,0.6720813002522222,0.5455510188013518,0.0,0.04814462319945098,6.8132124623012436,linear,0.05111510632222736,0.04690567670468218,majority,8195,1013,9600,0.03687789351851852,0.3354166666666667,0.3333333333333333,0.0047143518518518515,0.0618,7.822473730727685,5.427454153182309,,,,,,,,,,,1.2799552209916605,1833395
ldpc,N288_M144,lambda_pSA,search,374,400,,,,0.1351682617166315,0.10943804461620955,0.7203719764285891,llr,0.6393212809897967,0.9130205651627061,0.0,0.045134096829703096,4.608810375397318,exponential,0.6343148477715416,0.056562520852805005,last,6874,6867,19200,0.03292100694444444,0.3125,0.3125,0.0047143518518518515,0.0618,6.983145929490327,5.05663430420712,,,,,,,,,,,1.2802730435889316,3171706
ldpc,N288_M144,lambda_pSA,search,286,401,,,,0.13487279806551497,0.1181158909362543,1.0405073229883424,llr,0.7198818283156837,0.82936581062324,0.0,0.051872954755943106,6.59051210474526,linear,0.7016652230811005,0.09395523867826566,last,7774,523,9600,0.0298900462962963,0.3208333333333333,0.3208333333333333,0.0047143518518518515,0.0618,6.340223902582737,5.191477885652643,,,,,,,,,,,1.281691536871685,2474834
ldpc,N288_M144,lambda_pSA,search,225,402,,,,0.20281209775882544,0.21965493039356426,0.5951847774091096,llr,0.7542780015291457,0.5994550523939159,0.0,0.06489254331568232,5.3855184736892046,linear,1.3610322732055837,0.015061237866492097,majority,8712,679,9600,0.028551793981481482,0.3854166666666667,0.3854166666666667,0.0047143518518518515,0.0618,6.056356181871748,6.236515641855448,,,,,,,,,,,1.2841692929976276,1991775
ldpc,N288_M144,lambda_pSA,search,281,403,,,,0.12826282367786768,0.11456634758682657,1.1016064989965957,llr,0.7119970356213315,0.865895297243503,0.0,0.03794999376566421,6.448004036264949,exponential,0.7539872268979275,0.08536952406085795,last,7641,1163,19200,0.029535590277777777,0.30416666666666664,0.30416666666666664,0.0047143518518518515,0.0618,6.265037317097123,4.921790722761596,,,,,,,,,,,1.2841843827633994,2435239
ldpc,N288_M144,lambda_pSA,search,823,404,,,,0.12875655434141395,0.09865048346916237,1.4829243767609535,snr,0.4476251654908392,0.885896753499952,0.0,0.5931378643824838,5.819064803221249,cosine,0.06283696429661818,0.8436957463302432,best_state,12740,55,12800,0.032740162037037036,0.3041666666666667,0.3,0.0047143518518518515,0.0618,6.944785426691545,4.921790722761597,,,,,,,,,,,1.2871096800546042,6727337
ldpc,N288_M144,lambda_pSA,search,659,405,,,,0.09208286995746745,0.1248130812407529,1.1194969548463114,snr,0.5030130555489197,0.9085071480637169,0.0,0.3402027368936933,5.376211620746965,cosine,0.06549460405923077,0.7662170482500303,best_state,12725,71,12800,0.036516203703703703,0.3541666666666667,0.3541666666666667,0.0047143518518518515,0.0618,7.745752725130119,5.730852211434736,,,,,,,,,,,1.2898587559230779,5428621
ldpc,N288_M144,lambda_pSA,search,492,406,,,,0.1782510102771367,0.16742963722829432,1.3050142199448935,llr,0.5341491590525308,0.9204872649426399,0.0,0.03505738124712059,3.7353370430173216,cosine,0.08899529967999943,0.8520217332459878,last,15227,3269,19200,0.031524884259259256,0.30624999999999997,0.3041666666666667,0.0047143518518518515,0.0618,6.687002847883727,4.955501618122977,,,,,,,,,,,1.2983400959493778,4106148
ldpc,N288_M144,lambda_pSA,search,382,407,,,,0.13329479429723623,0.11116515842300428,0.7223291044495433,llr,0.6438300901570706,0.8966381883997074,0.0,0.04499187139218909,4.48163451041299,exponential,0.45981443195781113,0.0598832003499634,last,6628,6853,19200,0.03438946759259259,0.32916666666666666,0.32916666666666666,0.0047143518518518515,0.0618,7.29463321221644,5.326321467098166,,,,,,,,,,,1.2993509539414405,3235058
ldpc,N288_M144,lambda_pSA,search,421,408,,,,0.1757389942251123,0.15027780633374246,0.8561213243941734,llr,0.6383592854631787,0.8831780140819814,0.0,0.04795102723492851,3.3185618539359965,exponential,0.06366818596600433,0.7426467676427841,last,7001,6426,19200,0.03060619212962963,0.30416666666666664,0.3020833333333333,0.0047143518518518515,0.0618,6.492131493665915,4.921790722761596,,,,,,,,,,,1.3010743324835623,3543899
ldpc,N288_M144,lambda_pSA,search,450,409,,,,0.1293590107678975,0.17500874894195104,0.7779718161617019,llr,0.4113003553500152,0.9094689505399908,0.0,0.047404966400958794,4.162915999337479,exponential,0.057279111428736124,0.8611314725388886,last,7277,6834,19200,0.03357204861111111,0.3520833333333333,0.3520833333333333,0.0047143518518518515,0.0618,7.121243739565944,5.697141316073354,,,,,,,,,,,1.3039951039423543,3773550
ldpc,N288_M144,lambda_pSA,search,273,410,,,,0.13914296805546428,0.16462589829666574,0.8996891857692894,llr,0.6902734003678495,0.5846437929320278,0.0,0.059262253141645474,7.447316144636907,linear,0.8789993292222427,0.05145451258883832,last,7993,618,9600,0.03619791666666667,0.35624999999999996,0.35624999999999996,0.0047143518518518515,0.0618,7.678238240204263,5.764563106796116,,,,,,,,,,,1.305749559186276,2371887
ldpc,N288_M144,lambda_pSA,search,622,411,,,,0.0820371155999865,0.10671175462451021,1.8125151106995945,snr,0.569135435212686,0.9316656210779563,0.0,0.3261266641898194,4.932069688388578,cosine,0.05383533639776243,0.7008273425091319,last,15069,4025,19200,0.033051215277777775,0.32708333333333334,0.32708333333333334,0.0047143518518518515,0.0618,7.01076549150545,5.292610571736786,,,,,,,,,,,1.3064637524917608,5135618
ldpc,N288_M144,lambda_pSA,search,303,412,,,,0.10211402646240951,0.12660174430587282,0.9535393511457612,llr,0.6990575520443548,0.8165778144587584,0.0,0.03574192655286704,5.920888211499814,exponential,0.8113019134369147,0.06754830873729349,last,7592,1727,19200,0.0294849537037037,0.3229166666666667,0.32083333333333336,0.0047143518518518515,0.0618,6.254296376313463,5.225188781014024,,,,,,,,,,,1.3079357252709265,2609457
ldpc,N288_M144,lambda_pSA,search,307,413,,,,0.10186019561126756,0.12798868785253795,0.7773216029376604,llr,0.6636549613656003,0.8498541260843894,0.0,0.03467752316247101,5.8414784203113825,exponential,0.7819419607257966,0.07031127258894458,last,7378,971,19200,0.03232060185185186,0.3458333333333334,0.3458333333333334,0.0047143518518518515,0.0618,6.855789060198371,5.596008629989213,,,,,,,,,,,1.3080797001817248,2641133
ldpc,N288_M144,lambda_pSA,search,738,414,,,,0.14455557896363072,0.11241982537193974,1.153975949890481,snr,0.47636554939151354,0.9130963705140293,0.0,0.545060429149892,5.8255920078966,cosine,0.0633623084689388,0.7078566708915061,best_state,12752,30,12800,0.032581018518518516,0.32083333333333336,0.31875000000000003,0.0047143518518518515,0.0618,6.911028184228616,5.191477885652644,,,,,,,,,,,1.3115063253754824,6054222
ldpc,N288_M144,lambda_pSA,search,220,415,,,,0.20788887348529525,0.22296923295720564,0.5810382715084504,llr,0.758693680379547,0.4549147569631866,0.0,0.07660962646282468,8.154859951124156,linear,1.2875616133934789,0.02012218637700727,majority,8733,704,9600,0.03134403935185185,0.3916666666666666,0.3916666666666666,0.0047143518518518515,0.0618,6.648642345084945,6.337648327939589,,,,,,,,,,,1.3164392716985502,1952180
ldpc,N288_M144,lambda_pSA,search,258,416,,,,0.15687692567627978,0.16241594674232476,0.8901443577432432,llr,0.6838365728125235,0.5603791608224485,0.0,0.07005899014120759,6.286486774920146,linear,0.9136639034575197,0.0015480065795283947,last,8331,600,9600,0.03514178240740741,0.30624999999999997,0.30624999999999997,0.0047143518518518515,0.0618,7.454212903859374,4.955501618122977,,,,,,,,,,,1.3171461624557126,2253102
ldpc,N288_M144,lambda_pSA,search,283,417,,,,0.1349241328127517,0.1210240018583485,0.9723549180567035,llr,0.718163942430973,0.5523887251760267,0.0,0.04001716807098082,6.547012886591549,exponential,0.7258793388954383,0.07746124890930657,last,10084,1375,19200,0.0363353587962963,0.32083333333333336,0.32083333333333336,0.0047143518518518515,0.0618,7.707392222331338,5.191477885652644,,,,,,,,,,,1.3174856555351322,2451077
ldpc,N288_M144,lambda_pSA,search,323,418,,,,0.12683086350097836,0.11365265960619965,0.7830893970704218,llr,0.6591013189041879,0.8147104445242248,0.0,0.043985663684455306,4.156272618936245,exponential,0.28316057187188226,0.07396672417568552,last,6610,2341,19200,0.03830295138888889,0.32916666666666666,0.32916666666666666,0.0047143518518518515,0.0618,8.124754492782088,5.326321467098166,,,,,,,,,,,1.3178790163738867,2767837
ldpc,N288_M144,lambda_pSA,search,699,419,,,,0.11723513890384527,0.09459610952487474,2.208632157665088,snr,0.4656408441122726,0.8939806993415288,0.0,0.3221202140102879,5.248412412314671,cosine,0.050509897549514356,0.7077669037860965,best_state,12736,49,12800,0.031980613425925924,0.29791666666666666,0.29791666666666666,0.0047143518518518515,0.0618,6.783671314936659,4.820658036677454,,,,,,,,,,,1.3180020703253215,5745381
ldpc,N288_M144,lambda_pSA,search,656,420,,,,0.0945314879989006,0.12476990985266181,1.1279026967559531,snr,0.500601825257939,0.9086693876797202,0.0,1.021862521476646,4.7397509770855395,cosine,0.050132376359058234,0.719715619565911,best_state,12723,74,12800,0.04111689814814815,0.3333333333333333,0.3333333333333333,0.0047143518518518515,0.0618,8.721643916331141,5.393743257820927,,,,,,,,,,,1.318425108075085,5404864
ldpc,N288_M144,lambda_pSA,search,936,421,,,,0.2333744751304582,0.209813805311938,2.091372077301059,fixed,0.32510531616850624,0.7611165500048429,0.0,0.16176323539161308,10.991688453591687,cosine,0.0752050006759492,0.36016223535516345,best_state,21230,4317,25600,0.034027777777777775,0.29375,0.28958333333333336,0.0047143518518518515,0.0618,7.217912206618874,4.753236245954692,,,,,,,,,,,1.3206326774642343,7622184
ldpc,N288_M144,lambda_pSA,search,600,422,,,,0.13470458489410592,0.20177637659237413,1.2992012558180444,snr,0.5007528652152883,0.9145863529589409,0.0,0.4661948703265763,4.048942337964265,cosine,0.05269286170586862,0.8000362467546084,last,16013,2769,19200,0.03368778935185185,0.3333333333333333,0.3333333333333333,0.0047143518518518515,0.0618,7.145794461357164,5.393743257820927,,,,,,,,,,,1.320844145667955,4961400
ldpc,N288_M144,lambda_pSA,search,680,423,,,,0.09942020195280844,0.07646776628484522,1.021953205387267,snr,0.4898889452015678,0.8479814008607478,0.0,0.4291738034391145,6.178472006021496,cosine,0.054906382125433986,0.6591318877395951,best_state,12363,378,12800,0.054441550925925924,0.325,0.3229166666666667,0.0047143518518518515,0.0618,11.548045762545419,5.258899676375405,,,,,,,,,,,1.3210789188126508,5594920
ldpc,N288_M144,lambda_pSA,search,692,424,,,,0.13287573062453734,0.1085525181003165,1.198892295833293,snr,0.5153511183434524,0.8661876580095406,0.0,0.4980405271383031,5.483713162205337,piecewise,0.0606826598668369,0.6897189749617586,best_state,12736,29,12800,0.031763599537037036,0.325,0.325,0.0047143518518518515,0.0618,6.73763871157812,5.258899676375405,,,,,,,,,,,1.3239306708846839,5689948
ldpc,N288_M144,lambda_pSA,search,481,425,,,,0.1806279156083428,0.16456307821168853,1.3562898011950635,llr,0.5294913217261263,0.946421592521023,0.0,0.03493630945474484,3.8215888235231645,cosine,0.08613993628494858,0.8537079037141606,last,15644,3295,19200,0.031763599537037036,0.3208333333333333,0.31875000000000003,0.0047143518518518515,0.0618,6.73763871157812,5.191477885652643,,,,,,,,,,,1.3244693638348664,4019039
ldpc,N288_M144,lambda_pSA,search,379,426,,,,0.1356257645266236,0.10697721783889,0.7315316640764075,llr,0.6352810829454558,0.8982510323637026,0.0,0.045344805991716794,4.469258706219579,exponential,0.07976371281912048,0.06059607159928148,last,6850,7508,19200,0.03190104166666667,0.29583333333333334,0.29583333333333334,0.0047143518518518515,0.0618,6.766792693705196,4.786947141316073,,,,,,,,,,,1.3271116232897437,3211301
ldpc,N288_M144,lambda_pSA,search,446,427,,,,0.1301921764642099,0.1742660835760466,0.7839459172426663,llr,0.4129871622946786,0.9020169542055526,0.0,0.20509313297098059,4.320627014707957,exponential,0.05571614082877549,0.7261903454373944,last,18633,534,19200,0.03331886574074074,0.35000000000000003,0.35000000000000003,0.0047143518518518515,0.0618,7.067539035647649,5.6634304207119746,,,,,,,,,,,1.3296771157039995,3741874
ldpc,N288_M144,lambda_pSA,search,696,428,,,,0.13019146496831355,0.10778077113700966,1.1964511941196547,snr,0.5172205658361116,0.8643076312237237,0.0,0.5034843301220329,5.642882132810408,piecewise,0.05658427221553096,0.6894829405612982,best_state,12736,28,12800,0.03253038194444444,0.31666666666666665,0.31666666666666665,0.0047143518518518515,0.0618,6.900287243444957,5.124056094929881,,,,,,,,,,,1.330208002777677,5721624
ldpc,N288_M144,lambda_pSA,search,433,429,,,,0.17504059500304195,0.1392542392112914,0.928981079102619,llr,0.481137013375379,0.8574570174613236,0.0,0.04026439529328889,3.6860569731611963,exponential,0.06985697141770027,0.8402291403435979,last,16888,2310,19200,0.0337890625,0.3104166666666667,0.30833333333333335,0.0047143518518518515,0.0618,7.167276342924483,5.022923408845739,,,,,,,,,,,1.331025207091896,3638927
ldpc,N288_M144,lambda_pSA,search,266,430,,,,0.1367223762293326,0.16307843408878692,0.9129543336714214,llr,0.6787908193857981,0.5783574716341626,0.0,0.05969416660503698,7.41370010917351,linear,0.8955045055795445,0.05013679384118325,last,7994,617,9600,0.03430989583333333,0.34583333333333327,0.34375,0.0047143518518518515,0.0618,7.2777545909849755,5.596008629989211,,,,,,,,,,,1.332777889316267,2316454
ldpc,N288_M144,lambda_pSA,search,253,431,,,,0.14657740928239338,0.1675253245044222,0.708107400936735,llr,0.650693116096167,0.5469872552172879,0.0,0.06904717131510679,6.40651314783583,linear,1.1856034104059803,0.009607478115019306,last,8404,602,9600,0.03797743055555556,0.3354166666666667,0.3354166666666667,0.0047143518518518515,0.0618,8.055705587744281,5.427454153182309,,,,,,,,,,,1.3348553913061878,2213507
ldpc,N288_M144,lambda_pSA,search,488,432,,,,0.18743029423101054,0.16728800889803558,1.3388929470844333,llr,0.5292628021769393,0.9450543110543331,0.0,0.03484203934085777,3.7136618818257885,cosine,0.08911993929945869,0.8593413046243628,last,15215,3141,19200,0.03294994212962963,0.30833333333333335,0.3041666666666667,0.0047143518518518515,0.0618,6.989283609938132,4.989212513484358,,,,,,,,,,,1.3370590326645528,4074472
ldpc,N288_M144,lambda_pSA,search,799,433,,,,0.09227059296432652,0.08307345840199115,2.6764691878157008,snr,0.4374889364779827,0.8385846838053832,0.0,0.30188467539750935,8.518531215714873,cosine,0.07558785808178271,0.7641949930907407,best_state,11346,1397,12800,0.03206741898148148,0.325,0.325,0.0047143518518518515,0.0618,6.802084356280075,5.258899676375405,,,,,,,,,,,1.3423760275905974,6537281
ldpc,N288_M144,lambda_pSA,search,357,434,,,,0.11992904336250787,0.12425695692458572,1.143304868101998,llr,0.7551427290701147,0.9459128454802818,0.0,0.0391678460578291,6.926479079207746,exponential,0.5368698670879286,0.1392212483961412,last,6197,918,19200,0.030729166666666665,0.34583333333333327,0.34583333333333327,0.0047143518518518515,0.0618,6.518216635569086,5.596008629989211,,,,,,,,,,,1.3451386536846186,3037083
ldpc,N288_M144,lambda_pSA,search,735,435,,,,0.13831605968274194,0.11061184851827467,1.1632358545443209,snr,0.44747651830918056,0.9120019353890672,0.0,0.2333512729592883,7.284818262931053,cosine,0.06573953615465977,0.8308979367252334,best_state,12749,42,12800,0.03266782407407408,0.32916666666666666,0.32499999999999996,0.0047143518518518515,0.0618,6.929441225572033,5.326321467098166,,,,,,,,,,,1.3487088260414146,6030465
ldpc,N288_M144,lambda_pSA,search,339,436,,,,0.1251836347834711,0.10524121755802289,0.6954416982322046,llr,0.6941469276556643,0.9098945105928747,0.0,0.03770454058953136,5.162226283413946,exponential,0.6632538708156894,0.04279985096923015,last,5579,1207,19200,0.03412181712962963,0.3229166666666667,0.3229166666666667,0.0047143518518518515,0.0618,7.237859668074242,5.225188781014024,,,,,,,,,,,1.34898227603912,2894541
ldpc,N288_M144,lambda_pSA,search,346,437,,,,0.12502407531510765,0.09915934362651695,0.719056158196822,llr,0.6959056551032119,0.9027581638366298,0.0,0.04694042967162822,5.141515764016949,exponential,0.669256165796588,0.04747032177742203,last,10742,939,19200,0.035308159722222225,0.325,0.3229166666666667,0.0047143518518518515,0.0618,7.489504566434254,5.258899676375405,,,,,,,,,,,1.35001490015101,2949974
ldpc,N288_M144,lambda_pSA,search,542,438,,,,0.11771935494156364,0.11369879590938382,1.400801885814644,snr,0.45606136167926853,0.9018583550927616,0.0,0.13339525209756167,4.052572378415824,cosine,0.058222231685548555,0.7811457938783419,last,17090,2022,19200,0.05091869212962963,0.2604166666666667,0.2604166666666667,0.0047143518518518515,0.0618,10.80078316802514,4.2138619201726,,,,,,,,,,,1.3502698566308309,4502098
ldpc,N288_M144,lambda_pSA,search,527,439,,,,0.17040183701903466,0.13046848645822134,1.2595089296310682,snr,0.48450476467475173,0.9264947361549961,0.0,0.03084359755227361,5.249976493299376,cosine,0.054277221671940316,0.7548089247803842,last,14397,4419,19200,0.03290653935185185,0.31875,0.31875,0.0047143518518518515,0.0618,6.980077089266425,5.157766990291262,,,,,,,,,,,1.3529223056975266,4383313
ldpc,N288_M144,lambda_pSA,search,465,440,,,,0.1526909979456209,0.15376177749220818,0.866146249250625,llr,0.5277101899838561,0.9498791982925012,0.0,0.03172677255692692,3.134460545334063,exponential,0.08638166402964521,0.7614176396399663,last,6954,6302,19200,0.03589409722222222,0.325,0.325,0.0047143518518518515,0.0618,7.613792595502308,5.258899676375405,,,,,,,,,,,1.3539718912955965,3892335
ldpc,N288_M144,lambda_pSA,search,730,441,,,,0.08864467657029308,0.13301274402293775,1.158883346282072,snr,0.4188293724584548,0.8770826694383014,0.0,0.44978984523556914,6.454484553020264,cosine,0.057829308244779644,0.7597092027352764,best_state,12746,38,12800,0.03587962962962963,0.3770833333333334,0.3770833333333334,0.0047143518518518515,0.0618,7.610723755278405,6.101672060409925,,,,,,,,,,,1.3584597576753266,5990870
ldpc,N288_M144,lambda_pSA,search,271,442,,,,0.1366945311651892,0.15700544920471862,0.9161193429662722,llr,0.6777473840721351,0.5856762209726342,0.0,0.040090762587775455,7.391942745878,linear,0.9055759228384157,0.05343208524142847,last,7801,567,9600,0.037601273148148144,0.3604166666666666,0.35833333333333334,0.0047143518518518515,0.0618,7.975915741922813,5.831984897518877,,,,,,,,,,,1.3599432097558095,2356049
ldpc,N288_M144,lambda_pSA,search,451,443,,,,0.12978707416039342,0.17940333469399372,0.7674821191403828,llr,0.4831326384005207,0.8944335067807644,0.0,0.04609975871828238,4.198862178666345,exponential,0.0552930052381024,0.8173213814708298,last,7356,6711,19200,0.03309461805555555,0.36874999999999997,0.36874999999999997,0.0047143518518518515,0.0618,7.019972012177158,5.966828478964401,,,,,,,,,,,1.3599614516874905,3781469
ldpc,N288_M144,lambda_pSA,search,449,444,,,,0.13235816741111825,0.18142293571473198,0.7710025523687201,llr,0.4839961754708947,0.907401100098107,0.0,0.045843564706431986,4.17965111858454,exponential,0.05155582506676016,0.738894904859531,last,16656,2542,19200,0.034707754629629634,0.3833333333333333,0.3833333333333333,0.0047143518518518515,0.0618,7.362147697142297,6.202804746494066,,,,,,,,,,,1.361499082067559,3765631
ldpc,N288_M144,lambda_pSA,search,685,445,,,,0.13140279045269515,0.10569873992114401,1.2138137413220063,snr,0.46096296753829064,0.8629398559653414,0.0,0.5057283492191949,5.447944764179999,piecewise,0.06027850293554117,0.6908859510876486,best_state,12740,30,12800,0.03528645833333333,0.36041666666666666,0.36041666666666666,0.0047143518518518515,0.0618,7.4849013060984,5.831984897518878,,,,,,,,,,,1.3631659114431578,5634515
ldpc,N288_M144,lambda_pSA,search,912,446,,,,0.24765183296584867,0.2246798331789164,1.949051706171458,fixed,0.3503775822446957,0.8134529491060556,0.0,0.21271674412023886,11.883960540243745,cosine,0.08613641924377642,0.31331232576691803,best_state,20268,5117,25600,0.0333984375,0.31666666666666665,0.31666666666666665,0.0047143518518518515,0.0618,7.084417656879113,5.124056094929881,,,,,,,,,,,1.365039688125436,7432128
ldpc,N288_M144,lambda_pSA,search,310,447,,,,0.1398602735044668,0.12964520509267857,0.9086088222490026,llr,0.6984040336728202,0.7401671407975299,0.0,0.0365057463879609,4.145046499757885,exponential,0.8159033590760223,0.0654479174373956,last,6610,1856,19200,0.03759403935185185,0.35208333333333336,0.35208333333333336,0.0047143518518518515,0.0618,7.974381321810861,5.697141316073355,,,,,,,,,,,1.368372998546884,2664890
ldpc,N288_M144,lambda_pSA,search,628,448,,,,0.10801948466544684,0.11344571467431001,1.508951939116529,snr,0.5269665376126071,0.7091062242870976,0.0,0.8274943770546949,4.477561753619522,cosine,0.06033794468370229,0.7495941095146832,best_state,15726,3426,19200,0.043417245370370366,0.34791666666666665,0.34791666666666665,0.0047143518518518515,0.0618,9.20958951193165,5.629719525350593,,,,,,,,,,,1.3711073300310588,5183132
ldpc,N288_M144,lambda_pSA,search,688,449,,,,0.13118756164096884,0.10913203413407423,1.2216456552474406,snr,0.5102543270818028,0.8636407150205736,0.0,0.5100037277616545,5.607710161560042,piecewise,0.06074104426701316,0.7056567291691433,best_state,12723,28,12800,0.03174189814814815,0.33125,0.32708333333333334,0.0047143518518518515,0.0618,6.733035451242268,5.360032362459546,,,,,,,,,,,1.3711185752420203,5658272
ldpc,N288_M144,lambda_pSA,search,520,450,,,,0.17094055892684237,0.130982724823049,1.4980632536191114,snr,0.48435124437690924,0.9302112742183185,0.0,0.03144037973729418,5.084891597108573,cosine,0.051961417176465144,0.757547310065252,last,14153,3997,19200,0.037825520833333334,0.3520833333333333,0.34791666666666665,0.0047143518518518515,0.0618,8.023482765393304,5.697141316073354,,,,,,,,,,,1.3743542114419034,4327880
ldpc,N288_M144,lambda_pSA,search,277,451,,,,0.13023035995467155,0.1444910642489993,1.0589545179649513,llr,0.7155244521708095,0.8505497165951728,0.0,0.036820621687343756,6.635031260827805,exponential,0.7531227610673618,0.08660703186601207,last,7787,545,9600,0.032689525462962964,0.3979166666666667,0.3979166666666667,0.0047143518518518515,0.0618,6.9340444859078865,6.438781014023733,,,,,,,,,,,1.37446962613784,2403563
ldpc,N288_M144,lambda_pSA,search,675,452,,,,0.10136847652041955,0.07876016177119817,1.0159048697584077,snr,0.48724724178308476,0.834872707009609,0.0,0.397693464959956,6.053751154940878,cosine,0.05526869536598309,0.6658777945447327,best_state,12354,405,12800,0.05951967592592592,0.3104166666666666,0.3104166666666666,0.0047143518518518515,0.0618,12.625208681135225,5.022923408845738,,,,,,,,,,,1.3755875636303618,5555325
ldpc,N288_M144,lambda_pSA,search,236,453,,,,0.23088771325579177,0.1935901953482221,0.5983115507001706,llr,0.6318984255600086,0.5643025279416768,0.0,0.053212705048092376,5.5155200182356765,linear,1.018740256822882,0.0006800306506359634,majority,8674,716,9600,0.03925057870370371,0.3645833333333333,0.3645833333333333,0.0047143518518518515,0.0618,8.325763527447709,5.89940668824164,,,,,,,,,,,1.3772947296973719,2078884
ldpc,N288_M144,lambda_pSA,search,272,454,,,,0.13351893657909017,0.11869033071108896,0.7177480800709986,llr,0.6781390981936348,0.6551136349532984,0.0,0.057777579767608805,7.242541172364516,exponential,0.8894879359652055,0.04919830048439709,last,8116,628,9600,0.03765914351851852,0.34583333333333327,0.34583333333333327,0.0047143518518518515,0.0618,7.988191102818424,5.596008629989211,,,,,,,,,,,1.377997261067784,2363968
ldpc,N288_M144,lambda_pSA,search,224,455,,,,0.21089935968189005,0.22146212531726067,0.5957557778469592,llr,0.7531343417254555,0.4532110972908382,0.0,0.0631466248381295,8.212579130172653,linear,1.3578788722685176,0.019194714398908987,majority,8745,696,9600,0.031763599537037036,0.40208333333333335,0.40208333333333335,0.0047143518518518515,0.0618,6.73763871157812,6.506202804746494,,,,,,,,,,,1.378183948228287,1983856
ldpc,N288_M144,lambda_pSA,search,917,456,,,,0.21851834698782568,0.29155588477154876,2.183429833539677,fixed,0.35555943851053823,0.8016026241365503,0.0,0.18253299122452296,10.023730832765766,cosine,0.10175331822551312,0.338665854706806,best_state,20264,5219,25600,0.030172164351851855,0.4354166666666666,0.4354166666666666,0.0047143518518518515,0.0618,6.400066286948837,7.045577130528586,,,,,,,,,,,1.3782349079787113,7471723
ldpc,N288_M144,lambda_pSA,search,528,457,,,,0.17157125825339772,0.1304127902358583,1.3100617078757166,snr,0.48365888687218883,0.9262519641091647,0.0,0.03146186049764263,5.082076018820757,cosine,0.05180593350334522,0.7769661282797087,last,14237,4532,19200,0.03736979166666667,0.34166666666666673,0.33749999999999997,0.0047143518518518515,0.0618,7.926814298340373,5.528586839266452,,,,,,,,,,,1.3798618663000624,4391232
ldpc,N288_M144,lambda_pSA,search,255,458,,,,0.15596244871945242,0.16622811239326796,0.6431183994890518,llr,0.6517088748611007,0.5587591960356133,0.0,0.06947540063017449,6.303215201374226,linear,1.1560833382493363,0.0035818416762216773,last,8343,619,9600,0.042361111111111106,0.36041666666666666,0.36041666666666666,0.0047143518518518515,0.0618,8.985564175586761,5.831984897518878,,,,,,,,,,,1.382088705388757,2229345
ldpc,N288_M144,lambda_pSA,search,256,459,,,,0.14875158162311408,0.16558315459580772,0.8579792845313843,llr,0.6837390219665015,0.5567070683596879,0.0,0.0694050815075855,6.294121404268954,linear,1.2075744084919882,0.010268286189255404,last,8349,619,9600,0.039402488425925926,0.3708333333333333,0.3708333333333333,0.0047143518518518515,0.0618,8.357986349798685,6.000539374325782,,,,,,,,,,,1.3821153166161004,2237264
ldpc,N288_M144,lambda_pSA,search,686,460,,,,0.13153282244687228,0.10751437823200413,1.211755223472534,snr,0.5175305369546734,0.8721730767783513,0.0,0.4875651528501644,5.616074629423807,piecewise,0.061024834654099934,0.7088738524893934,best_state,12740,27,12800,0.03511284722222222,0.34791666666666665,0.34791666666666665,0.0047143518518518515,0.0618,7.448075223411569,5.629719525350593,,,,,,,,,,,1.3832239604436234,5642434
ldpc,N288_M144,lambda_pSA,search,984,461,,,,0.22866846402709723,0.28594135092242445,1.9650801025063365,fixed,0.34539697477028436,0.7489983363904152,0.0,0.15695049717433276,9.89286377363019,cosine,0.0828774982234318,0.32956842551839655,best_state,21433,4129,25600,0.03161892361111111,0.425,0.425,0.0047143518518518515,0.0618,6.706950309339096,6.877022653721682,,,,,,,,,,,1.3866289982560882,8002296
ldpc,N288_M144,lambda_pSA,search,742,462,,,,0.14358761507617063,0.10883605702471338,1.1741026831344354,snr,0.47623487756805216,0.9101880580211127,0.0,0.5438977702065978,5.84078542003051,cosine,0.0651904682977254,0.8332708866826701,best_state,12424,335,12800,0.03330439814814815,0.3145833333333333,0.3125,0.0047143518518518515,0.0618,7.0644701954237465,5.0903451995685005,,,,,,,,,,,1.3873919073194474,6085898
ldpc,N288_M144,lambda_pSA,search,448,463,,,,0.12775625049454806,0.17825535292135747,0.7646517149500702,llr,0.4858535698129144,0.9060611442111138,0.0,0.04776059593242379,4.157422551715999,exponential,0.05552708257394603,0.8259461146007689,last,7345,6750,19200,0.03575665509259259,0.3958333333333333,0.3958333333333333,0.0047143518518518515,0.0618,7.584638613375233,6.405070118662351,,,,,,,,,,,1.3931889109544322,3757712
ldpc,N288_M144,lambda_pSA,search,383,464,,,,0.13672661417676313,0.10900710488797509,0.7490966375291416,llr,0.6349375223778125,0.8944026428003605,0.0,0.045639681604654585,3.7418554214305373,exponential,0.07712536389188394,0.6185968267405126,last,6779,7918,19200,0.0443431712962963,0.37500000000000006,0.37291666666666673,0.0047143518518518515,0.0618,9.405995286261417,6.067961165048544,,,,,,,,,,,1.393570768993942,3242977
ldpc,N288_M144,lambda_pSA,search,453,465,,,,0.13037698790019572,0.17780082238102762,0.7712653846862226,llr,0.41963101871475733,0.9109984909615724,0.0,0.047079151118322594,4.265543633971366,exponential,0.054513231884932734,0.49641656092244546,last,7324,6719,19200,0.032848668981481484,0.37083333333333335,0.36874999999999997,0.0047143518518518515,0.0618,6.967801728370815,6.000539374325783,,,,,,,,,,,1.3959736456596725,3797307
ldpc,N288_M144,lambda_pSA,search,274,466,,,,0.13773155820207042,0.16375861290635857,0.8795796153340493,llr,0.6815197827345514,0.5440530222271072,0.0,0.05853187818002044,7.4828058907707495,linear,0.9045139470406167,0.053474407134128155,last,7946,590,9600,0.03898292824074074,0.375,0.375,0.0047143518518518515,0.0618,8.26898998330551,6.067961165048543,,,,,,,,,,,1.3984991471972448,2379806
ldpc,N288_M144,lambda_pSA,search,938,467,,,,0.20231125569939049,0.24956666012806675,1.787171969681406,fixed,0.29124980043303833,0.7330741046184523,0.0,0.20001248124483384,9.499795465937286,piecewise,0.11544039899880942,0.30420481584891185,best_state,22417,3092,25600,0.03211805555555555,0.42500000000000004,0.42500000000000004,0.0047143518518518515,0.0618,6.812825297063734,6.877022653721683,,,,,,,,,,,1.4064558723386695,7638022
ldpc,N288_M144,lambda_pSA,search,753,468,,,,0.12320004427642606,0.09008435970477514,1.0269575603068248,snr,0.4473164839220247,0.8505231256930617,0.0,0.4058266551474482,6.235618150610994,cosine,0.07430608842696555,0.7926667673627902,best_state,12139,571,12800,0.039055266203703705,0.34375,0.33958333333333335,0.0047143518518518515,0.0618,8.284334184425022,5.5622977346278315,,,,,,,,,,,1.4130586282851199,6173007
ldpc,N288_M144,lambda_pSA,search,746,469,,,,0.12413258078758518,0.090049745032,1.0237773721758718,snr,0.45418518459120005,0.8607095323371138,0.0,0.4008235501234987,6.310488425601065,cosine,0.07423696047786044,0.7958009989720227,best_state,12039,750,12800,0.038064236111111115,0.33958333333333335,0.33749999999999997,0.0047143518518518515,0.0618,8.074118629087696,5.49487594390507,,,,,,,,,,,1.4162814131759236,6117574
ldpc,N288_M144,lambda_pSA,search,744,470,,,,0.14088646507306582,0.1104532091538602,1.1696356261688938,snr,0.4748581848048745,0.9109802477241955,0.0,0.18476962060494848,7.15276675666035,cosine,0.06450079545768596,0.8235000334977438,best_state,11107,1679,12800,0.03891782407407408,0.35000000000000003,0.34791666666666665,0.0047143518518518515,0.0618,8.255180202297948,5.6634304207119746,,,,,,,,,,,1.4228294078641968,6101736
ldpc,N288_M144,lambda_pSA,search,518,471,,,,0.1721137688377112,0.13463677952438266,1.5980731447177607,snr,0.48738512051508276,0.927630637638683,0.0,0.030570754579896744,5.239773893801227,cosine,0.05286990015929148,0.7498356621271536,last,13681,5056,19200,0.035669849537037036,0.3479166666666667,0.34375,0.0047143518518518515,0.0618,7.566225572031819,5.629719525350594,,,,,,,,,,,1.4244314552204513,4312042
ldpc,N288_M144,lambda_pSA,search,734,472,,,,0.14246319435013513,0.10825704806381335,1.1531662553115742,snr,0.4758838487924075,0.9110662340677176,0.0,0.5441213991790964,5.774775236099367,cosine,0.06402322805173478,0.8267053978640297,best_state,12374,266,12800,0.03755063657407407,0.3499999999999999,0.34791666666666665,0.0047143518518518515,0.0618,7.965174801139153,5.663430420711973,,,,,,,,,,,1.4271724510254788,6022546
ldpc,N288_M144,lambda_pSA,search,296,473,,,,0.1106260022323425,0.09765483977657365,1.1865794362793793,llr,0.7420917562337073,0.8802030173775571,0.0,0.0333776445195822,5.0702108924984595,exponential,0.5741007037967822,0.08849642701395512,last,10010,1207,19200,0.03702980324074075,0.37708333333333327,0.37708333333333327,0.0047143518518518515,0.0618,7.8546965530786625,6.101672060409923,,,,,,,,,,,1.4273829494126482,2554024
ldpc,N288_M144,lambda_pSA,search,819,474,,,,0.12954382330658568,0.09774401476179359,1.5376959294337893,snr,0.446924362158174,0.8841390406281049,0.0,0.5870551602867857,5.862799771375599,cosine,0.06174525306576868,0.842091743265299,best_state,12755,43,12800,0.037731481481481484,0.3645833333333333,0.36041666666666666,0.0047143518518518515,0.0618,8.003535303937937,5.89940668824164,,,,,,,,,,,1.4289450221406392,6695661
ldpc,N288_M144,lambda_pSA,search,736,475,,,,0.14303797532727733,0.10758442939508711,1.1541718892969735,snr,0.47503572261399085,0.9134236081009478,0.0,0.5369276289227441,5.833097736310483,cosine,0.064520816450613,0.8193618564811671,best_state,12442,324,12800,0.03870081018518518,0.3416666666666666,0.33958333333333335,0.0047143518518518515,0.0618,8.209147598939408,5.52858683926645,,,,,,,,,,,1.4296180240505034,6038384
ldpc,N288_M144,lambda_pSA,search,301,476,,,,0.1021544208452646,0.1301130235286665,0.9229296989249268,llr,0.7013178864744921,0.8329288868122419,0.0,0.03611650974286869,5.835714921873947,exponential,0.8059646990632849,0.06604731306407159,last,7492,1867,19200,0.03556857638888889,0.3958333333333333,0.3958333333333333,0.0047143518518518515,0.0618,7.5447436904645,6.405070118662351,,,,,,,,,,,1.4344950197687842,2593619
ldpc,N288_M144,lambda_pSA,search,335,477,,,,0.10394175627685662,0.14432520446088137,0.9788741730914998,llr,0.7211527172088781,0.8458570261732307,0.0,0.030441171897755467,5.908458990705448,exponential,0.19503623900623562,0.11120727796488647,last,7008,1665,19200,0.03448350694444444,0.40208333333333335,0.40208333333333335,0.0047143518518518515,0.0618,7.314580673671807,6.506202804746494,,,,,,,,,,,1.4350510697507937,2862865
ldpc,N288_M144,lambda_pSA,search,522,478,,,,0.17088490687667965,0.13177948828635516,1.501583215573516,snr,0.4828945842584814,0.9256510180508981,0.0,0.030273546801551105,5.292542271769237,cosine,0.05008049960480126,0.7550248561549195,last,13718,4460,19200,0.037131076388888885,0.3625,0.35833333333333334,0.0047143518518518515,0.0618,7.876178434645978,5.865695792880259,,,,,,,,,,,1.4368736868304048,4343718
ldpc,N288_M144,lambda_pSA,search,293,479,,,,0.11972569816390806,0.10697214069498304,1.1874501586503814,llr,0.7494280789483889,0.8825021626753551,0.0,0.0380720683818414,4.758293604008066,exponential,0.7085057309490989,0.08916135426977063,last,10219,1348,19200,0.03816550925925926,0.3875,0.3875,0.0047143518518518515,0.0618,8.095600510655014,6.270226537216828,,,,,,,,,,,1.4404680007998971,2530267
ldpc,N288_M144,lambda_pSA,search,311,480,,,,0.10220874188781913,0.13266425503498555,0.9797230196177094,llr,0.7036950559116655,0.902765059231247,0.0,0.03681593098633417,5.9195919759036055,exponential,0.7895014025530938,0.06473077068729495,last,7314,1934,19200,0.03544560185185185,0.41875,0.41875,0.0047143518518518515,0.0618,7.518658548561328,6.77588996763754,,,,,,,,,,,1.4421558972278679,2672809
ldpc,N288_M144,lambda_pSA,search,285,481,,,,0.09158515632615866,0.11774179851808929,1.0356760687706301,llr,0.7170110872744435,0.8741297834680806,0.0,0.04040806461759364,6.529210016947546,exponential,0.8853088499062679,0.08260376019862198,last,9978,980,19200,0.03424479166666667,0.41041666666666665,0.41041666666666665,0.0047143518518518515,0.0618,7.263944809977414,6.641046386192017,,,,,,,,,,,1.4452347223726179,2466915
ldpc,N288_M144,lambda_pSA,search,596,482,,,,0.10752387952169801,0.12713723183499792,1.2981388837575116,snr,0.5002167409242531,0.9108714877305204,0.0,0.4789381706253464,3.8969047005629593,cosine,0.05529800816624483,0.7978420540711774,last,15618,3088,19200,0.050745081018518524,0.3416666666666666,0.3416666666666666,0.0047143518518518515,0.0618,10.76395708533831,5.52858683926645,,,,,,,,,,,1.4472355194588222,4929724
ldpc,N288_M144,lambda_pSA,search,695,483,,,,0.13292160666038272,0.10862134276839161,1.1890293487429708,snr,0.5157983876236312,0.885499375965135,0.0,0.48855767668828204,5.504012761797919,piecewise,0.06065208588270472,0.6887851280384896,best_state,12721,41,12800,0.03756510416666667,0.375,0.3729166666666666,0.0047143518518518515,0.0618,7.968243641363057,6.067961165048543,,,,,,,,,,,1.4479822990693751,5713705
ldpc,N288_M144,lambda_pSA,search,925,484,,,,0.23429625020950492,0.20650370517434563,2.153605999726812,fixed,0.3302103294305263,0.759286307265046,0.0,0.2251427338746528,11.762870660809835,cosine,0.08938910663411304,0.3702680341035677,best_state,20399,5092,25600,0.04129774305555556,0.35208333333333336,0.3458333333333334,0.0047143518518518515,0.0618,8.760004419129924,5.697141316073355,,,,,,,,,,,1.4518143586113978,7535075
ldpc,N288_M144,lambda_pSA,search,219,485,,,,0.21053085838330018,0.2330658430322467,0.5881761830360784,llr,0.7080078502932164,0.45485482463900595,0.0,0.06387238688024154,5.351557377972892,linear,1.308702776749669,0.022531634660376033,majority,8729,685,9600,0.03370949074074074,0.45208333333333334,0.45208333333333334,0.0047143518518518515,0.0618,7.150397721693018,7.3152642934196335,,,,,,,,,,,1.452146609793558,1944261
ldpc,N288_M144,lambda_pSA,search,276,486,,,,0.13517900104046504,0.16512632518763076,0.7167843634755972,llr,0.6804548168197105,0.5845374534506347,0.0,0.05901624993747539,7.447502985059792,linear,1.1072368249602038,0.05101261773658056,last,7932,603,9600,0.03812934027777778,0.36041666666666666,0.36041666666666666,0.0047143518518518515,0.0618,8.087928410095257,5.831984897518878,,,,,,,,,,,1.4524119832483429,2395644
ldpc,N288_M144,lambda_pSA,search,316,487,,,,0.08546021635094923,0.11530421128383218,0.7621376812907777,llr,0.6599102655102693,0.94969290199756,0.0,0.044160957031498825,5.576747256226292,exponential,0.4074970323105979,0.06970037325355337,last,6416,2322,19200,0.036566840277777776,0.3875,0.3875,0.0047143518518518515,0.0618,7.756493665913778,6.270226537216828,,,,,,,,,,,1.455823395071987,2712404
ldpc,N288_M144,lambda_pSA,search,665,488,,,,0.11787753391390214,0.09820869928712607,1.0580602642126307,snr,0.4624534679154983,0.8800674989189953,0.0,0.4674937084809663,4.897798978444383,cosine,0.05074077352883406,0.683004776425869,best_state,12737,23,12800,0.06761429398148147,0.3020833333333333,0.3,0.0047143518518518515,0.0618,14.34222478640872,4.888079827400215,,,,,,,,,,,1.4571655903653924,5476135
ldpc,N288_M144,lambda_pSA,search,305,489,,,,0.14388461275393014,0.12577930377329455,0.9144388606123522,llr,0.6950084190163602,0.8328788886887828,0.0,0.03598507135054609,4.094288282885354,exponential,0.815929783562932,0.06559522752402679,last,7448,1819,19200,0.04178240740740741,0.37916666666666665,0.37916666666666665,0.0047143518518518515,0.0618,8.86281056663066,6.135382955771305,,,,,,,,,,,1.4590033330592935,2625295
ldpc,N288_M144,lambda_pSA,search,726,490,,,,0.14137180692593485,0.13365295446723965,0.966806828144479,fixed,0.4213166412527918,0.8840841768208454,0.0,0.2534186644668227,6.698894225033859,cosine,0.05780889816628769,0.7614331349462151,best_state,12751,22,12800,0.05179398148148148,0.2520833333333333,0.24791666666666667,0.0047143518518518515,0.0618,10.986448001571247,4.079018338727076,,,,,,,,,,,1.4592196941474675,5959194
ldpc,N288_M144,lambda_pSA,search,693,491,,,,0.1325515039968252,0.10715089272528958,1.224158193511996,snr,0.5117599655315451,0.8631577645414302,0.0,0.4876719028301518,5.614821165336772,piecewise,0.060006369749363374,0.6869051628242047,best_state,12741,28,12800,0.03885271990740741,0.39166666666666666,0.3895833333333334,0.0047143518518518515,0.0618,8.241370421290386,6.33764832793959,,,,,,,,,,,1.4594896435762243,5697867
ldpc,N288_M144,lambda_pSA,search,140,492,,,,0.4477968892911296,0.5078552425907065,1.0487703554462513,llr,0.9196399316085118,0.3223488451051145,0.0,0.07511285803623712,8.192922100365045,linear,2.19372197707899,0.1667894963444519,majority,12685,10023,25600,0.03185040509259259,0.44375000000000003,0.44166666666666665,0.0047143518518518515,0.0618,6.756051752921536,7.180420711974111,,,,,,,,,,,1.4599150858484529,1318660
ldpc,N288_M144,lambda_pSA,search,242,493,,,,0.18547023960829462,0.22650085196484604,0.5990376462896865,llr,0.6842704690500327,0.5839208073203526,0.0,0.06308057033553371,8.28275276707834,linear,1.3416537970680618,0.02848252951237397,last,8969,353,9600,0.04259259259259259,0.3791666666666667,0.3791666666666667,0.0047143518518518515,0.0618,9.034665619169203,6.1353829557713055,,,,,,,,,,,1.460002752947391,2126398
ldpc,N288_M144,lambda_pSA,search,267,494,,,,0.1325188386850349,0.1647756696512942,0.932225970788524,llr,0.6772200317551984,0.586499617753013,0.0,0.0605652275057272,7.41972576836463,linear,0.8910892878153138,0.05290420283844169,last,7870,601,9600,0.03714554398148148,0.38125000000000003,0.38125000000000003,0.0047143518518518515,0.0618,7.879247274869882,6.169093851132686,,,,,,,,,,,1.4642930258752662,2324373
ldpc,N288_M144,lambda_pSA,search,288,495,,,,0.12978829632729505,0.11006854409264101,1.03754926251628,llr,0.7182597543237712,0.9287806712274383,0.0,0.04134510820787256,6.666358490496861,exponential,0.9046287904020707,0.06610792613664586,last,7901,549,9600,0.03717447916666666,0.40625,0.4041666666666666,0.0047143518518518515,0.0618,7.8853849553176865,6.573624595469256,,,,,,,,,,,1.4654086321033095,2490672
ldpc,N288_M144,lambda_pSA,search,193,496,,,,0.1942538629196729,0.21411083927716906,0.47748798718318275,llr,0.675070393123755,0.4664841230611036,0.0,0.07931305462787226,7.77181621994606,linear,0.05993315589414249,0.002964054844443207,majority,8911,99,9600,0.046542245370370376,0.42083333333333334,0.42083333333333334,0.0047143518518518515,0.0618,9.87245900029461,6.809600862998921,,,,,,,,,,,1.4660071129703849,1738367
ldpc,N288_M144,lambda_pSA,search,747,497,,,,0.12306384171604931,0.08935432219008056,0.9742858186593873,snr,0.4513812221459808,0.8593828385199187,0.0,0.39955767956638777,6.442248195465638,cosine,0.07660063992309432,0.7921953011295285,best_state,12117,492,12800,0.042722800925925924,0.375,0.37083333333333335,0.0047143518518518515,0.0618,9.062285181184327,6.067961165048543,,,,,,,,,,,1.467832405492504,6125493
ldpc,N288_M144,lambda_pSA,search,298,498,,,,0.11585211187211077,0.0996101254147863,1.181103053932951,llr,0.7455322260252449,0.8801878207173396,0.0,0.030278911369765647,4.666202314515155,exponential,0.7188953888783597,0.09278328201214081,last,6942,1460,19200,0.04092158564814815,0.40625,0.40625,0.0047143518518518515,0.0618,8.680214573308456,6.573624595469256,,,,,,,,,,,1.4689697500161873,2569862
ldpc,N288_M144,lambda_pSA,search,460,499,,,,0.15571561187586494,0.15754800047123194,0.8413932716702475,llr,0.44293221577585556,0.8382354466773494,0.0,0.03837085013497511,3.0699749041811453,cosine,0.08242221053224044,0.8291477314388959,last,14689,4489,19200,0.05484664351851851,0.32291666666666663,0.32291666666666663,0.0047143518518518515,0.0618,11.63397328881469,5.225188781014023,,,,,,,,,,,1.4716459452817647,3852740
ldpc,N288_M144,lambda_pSA,search,1000,500,,,,0.26361906919401173,0.3163236237272503,1.7119535686717784,fixed,0.25739677760843677,0.6976605411508912,0.0,0.09915706165411954,11.993597863540344,cosine,0.1430938264276006,0.26645868962062935,best_state,22332,3243,25600,0.03721788194444444,0.4354166666666666,0.4354166666666666,0.0047143518518518515,0.0618,7.894591475989394,7.045577130528586,,,,,,,,,,,1.4719768531203536,8129000
ldpc,N288_M144,lambda_pSA,search,526,501,,,,0.17455905530064064,0.12809649086777122,1.2134460347365303,snr,0.4891633195652467,0.9276898937650553,0.0,0.27166830663734765,4.754059836869316,cosine,0.05563164505363703,0.7653429233420108,last,14238,4480,19200,0.03786892361111111,0.375,0.36874999999999997,0.0047143518518518515,0.0618,8.032689286065011,6.067961165048543,,,,,,,,,,,1.4723007782112056,4375394
ldpc,N288_M144,lambda_pSA,search,634,502,,,,0.10588569709254847,0.0821883342995381,1.5446102018800962,snr,0.5368408970920635,0.8942650114100782,0.0,0.8653701741549231,4.485671203963111,cosine,0.06119404766943768,0.7805868777392344,best_state,15667,3436,19200,0.05376157407407408,0.325,0.325,0.0047143518518518515,0.0618,11.403810272022,5.258899676375405,,,,,,,,,,,1.4746257022936913,5230646
ldpc,N288_M144,lambda_pSA,search,291,503,,,,0.1128347413362559,0.09305588062374251,1.1821678579196624,llr,0.7376625025545644,0.8871917808460353,0.0,0.04046131588651317,4.649280901195525,exponential,0.601754432010362,0.09547621181993228,last,10350,1358,19200,0.03745659722222222,0.3958333333333333,0.3958333333333333,0.0047143518518518515,0.0618,7.945227339683787,6.405070118662351,,,,,,,,,,,1.4765632104321094,2514429
ldpc,N288_M144,lambda_pSA,search,309,504,,,,0.09881257886651831,0.12850402394373414,0.9281058345721563,llr,0.697769123231793,0.6915125770114781,0.0,0.03688601852253302,5.954925872212471,exponential,0.8151860399524585,0.06670044576914826,last,7441,1795,19200,0.03870081018518518,0.4083333333333334,0.4083333333333334,0.0047143518518518515,0.0618,8.209147598939408,6.607335490830637,,,,,,,,,,,1.4776142796079297,2656971
ldpc,N288_M144,lambda_pSA,search,325,505,,,,0.10006509204015764,0.14076270613927844,1.003831657877506,llr,0.7205115129036503,0.8621352393802254,0.0,0.034351346790287736,6.073014574386559,exponential,0.18974205175304312,0.11192416349866141,last,7231,1619,19200,0.03508391203703704,0.4229166666666666,0.4229166666666666,0.0047143518518518515,0.0618,7.441937542963765,6.843311758360301,,,,,,,,,,,1.478190509260307,2783675
ldpc,N288_M144,lambda_pSA,search,252,506,,,,0.18420558594274933,0.23184766573406543,0.6018883719420015,llr,0.6864089191927866,0.5769910209357556,0.0,0.0635525787726479,8.250574871588507,linear,0.8444038566022029,0.02983012722119112,majority,8957,126,9600,0.03627748842592592,0.4354166666666666,0.4354166666666666,0.0047143518518518515,0.0618,7.695116861435726,7.045577130528586,,,,,,,,,,,1.4783574495531133,2205588
ldpc,N288_M144,lambda_pSA,search,831,507,,,,0.12311762909413881,0.11126617396731968,1.0266514791726604,snr,0.4137491575357666,0.6921033986967006,0.0,0.4472440376953149,6.523044515680322,cosine,0.05588581249651148,0.7948873434039786,best_state,12745,46,12800,0.07476851851851853,0.32083333333333336,0.32083333333333336,0.0047143518518518515,0.0618,15.85976627712855,5.191477885652644,,,,,,,,,,,1.480937563147111,6790689
ldpc,N288_M144,lambda_pSA,search,299,508,,,,0.11502959898395534,0.10546183751362459,1.2787804385943315,llr,0.7417094518424746,0.8466886020633717,0.0,0.034386161415217706,4.7586081582858455,exponential,0.5932052667386987,0.09187048466500704,last,9916,1306,19200,0.039887152777777775,0.4166666666666667,0.4166666666666667,0.0047143518518518515,0.0618,8.46079249729942,6.74217907227616,,,,,,,,,,,1.4817116079321764,2577781
ldpc,N288_M144,lambda_pSA,search,333,509,,,,0.1020132087918068,0.141508216121264,0.991152414897133,llr,0.7239341903516389,0.8336755554198081,0.0,0.030431874405533355,6.040330287523382,exponential,0.17662249159774004,0.11715092585922832,last,7040,1117,19200,0.036624710648148144,0.42083333333333334,0.42083333333333334,0.0047143518518518515,0.0618,7.768769026809388,6.809600862998921,,,,,,,,,,,1.4831289895245536,2847027
ldpc,N288_M144,lambda_pSA,search,847,510,,,,0.10119903406859143,0.15464894466214774,1.1395131340729359,snr,0.38316110732680503,0.8666327732764468,0.0,0.24323551108653635,7.7479828650909655,cosine,0.054953113862791024,0.7761158833742792,best_state,12385,229,12800,0.03909866898148148,0.4666666666666666,0.4666666666666666,0.0047143518518518515,0.0618,8.293540705096731,7.551240560949298,,,,,,,,,,,1.4834309672272492,6917393
ldpc,N288_M144,lambda_pSA,search,294,511,,,,0.12187500243470006,0.09083933008325046,0.8331902920340067,llr,0.7380521978779668,0.8778846663246915,0.0,0.031050501842118352,4.945945732421034,exponential,0.6056003020159689,0.0851573226503891,last,9909,1391,19200,0.04365596064814815,0.40208333333333335,0.40208333333333335,0.0047143518518518515,0.0618,9.260225375626044,6.506202804746494,,,,,,,,,,,1.4843515090315704,2538186
ldpc,N288_M144,lambda_pSA,search,442,512,,,,0.17754541481673775,0.13770334313611993,0.943737893668551,llr,0.5011780918758819,0.8561876500253579,0.0,0.05225982308124947,3.4400610125464834,exponential,0.07422087761142006,0.8089591624119165,last,6475,5925,19200,0.043467881944444446,0.3958333333333333,0.3916666666666666,0.0047143518518518515,0.0618,9.220330452715311,6.405070118662351,,,,,,,,,,,1.4855797637275372,3710198
ldpc,N288_M144,lambda_pSA,search,524,513,,,,0.17003296675783391,0.12848658376850078,1.572702880780599,snr,0.47980535332588575,0.9268423522468081,0.0,0.03123163689214671,5.373380668021066,cosine,0.05003583606274247,0.7550980921455933,last,14214,4014,19200,0.04024160879629629,0.36874999999999997,0.3666666666666667,0.0047143518518518515,0.0618,8.535979082785033,5.966828478964401,,,,,,,,,,,1.4885880187633986,4359556
ldpc,N288_M144,lambda_pSA,search,983,514,,,,0.21655736391013639,0.2900583947539806,1.9980772776566416,fixed,0.3323133927419212,0.7525916861990768,0.0,0.22383067932598194,10.029094031228253,cosine,0.08504195793686913,0.32452557915347235,best_state,20309,5146,25600,0.03381799768518518,0.50625,0.50625,0.0047143518518518515,0.0618,7.1734140233722865,8.191747572815533,,,,,,,,,,,1.4898481045488465,7994377
ldpc,N288_M144,lambda_pSA,search,329,515,,,,0.1008621634905442,0.13983489558615286,0.9647140823002363,llr,0.7156304014795317,0.8458048370516528,0.0,0.0337860262808838,6.060120737345225,exponential,0.5126044539037788,0.10880713327393593,last,6985,1083,19200,0.03828125,0.4458333333333333,0.4458333333333333,0.0047143518518518515,0.0618,8.120151232446235,7.21413160733549,,,,,,,,,,,1.4915685678030826,2815351
ldpc,N288_M144,lambda_pSA,search,319,516,,,,0.1289631658748647,0.1152261387744674,0.7935930876568674,llr,0.6591902045629541,0.7938109252039647,0.0,0.043508897593418874,4.081345605018005,exponential,0.6812264056617223,0.06854301562891722,last,6563,2133,19200,0.04621672453703704,0.3854166666666667,0.3854166666666667,0.0047143518518518515,0.0618,9.803410095256803,6.236515641855448,,,,,,,,,,,1.4921223545491327,2736161
ldpc,N288_M144,lambda_pSA,search,443,517,,,,0.17517856123535527,0.14346819925856025,0.9385703786567293,llr,0.4642440916598189,0.8576624172882882,0.0,0.03961289732968098,3.4548453357781552,exponential,0.07169041894181184,0.7926494603041794,last,6535,5935,19200,0.04454571759259259,0.38958333333333334,0.38958333333333334,0.0047143518518518515,0.0618,9.448959049396052,6.303937432578209,,,,,,,,,,,1.4955080163216201,3718117
ldpc,N288_M144,lambda_pSA,search,340,518,,,,0.14499652229834378,0.10277910168127033,0.8725262584164656,llr,0.6956412540907649,0.9225229528761033,0.0,0.04733954612236897,6.952371392112388,exponential,0.25523177642046957,0.04281499918940649,last,5703,1200,19200,0.04226707175925926,0.3958333333333333,0.3916666666666666,0.0047143518518518515,0.0618,8.965616714131396,6.405070118662351,,,,,,,,,,,1.4956887416240467,2902460
ldpc,N288_M144,lambda_pSA,search,222,519,,,,0.20925573897559058,0.2265163641956859,0.3940817968604721,llr,0.6239325867998926,0.5909733563709315,0.0,0.062032330660930717,8.029917391576262,linear,1.3354049317565424,0.01898338473158354,majority,8880,470,9600,0.03981481481481482,0.50625,0.50625,0.0047143518518518515,0.0618,8.445448296179908,8.191747572815533,,,,,,,,,,,1.4977446712277425,1968018
ldpc,N288_M144,lambda_pSA,search,336,520,,,,0.10397199002969938,0.14361503500859238,0.9970875311479538,llr,0.7254582659010665,0.8476028424516807,0.0,0.030259091753688572,6.011391205681747,exponential,0.478980333951939,0.10606265955971118,last,7102,1605,19200,0.03425925925925926,0.4333333333333334,0.4333333333333334,0.0047143518518518515,0.0618,7.267013650201316,7.011866235167207,,,,,,,,,,,1.4996295000877455,2870784
ldpc,N288_M144,lambda_pSA,search,674,521,,,,0.09642058619994097,0.08045707153716221,1.0385572408084118,snr,0.4788973915094322,0.8439295634644036,0.0,0.39916669979342156,6.0601557810787305,cosine,0.05507080447819176,0.643848164216093,best_state,12331,437,12800,0.07659866898148147,0.3625,0.3625,0.0047143518518518515,0.0618,16.247974565452225,5.865695792880259,,,,,,,,,,,1.4998091215159293,5547406
ldpc,N288_M144,lambda_pSA,search,327,522,,,,0.10157455685635268,0.14261692345497742,1.0028563594121631,llr,0.7234032214787,0.8477049938403212,0.0,0.03384355186563763,5.932652111167909,exponential,0.32531763618495474,0.10293329460107992,last,7395,1622,19200,0.03794126157407407,0.45208333333333334,0.45208333333333334,0.0047143518518518515,0.0618,8.048033487184522,7.3152642934196335,,,,,,,,,,,1.5015952281127445,2799513
ldpc,N288_M144,lambda_pSA,search,270,523,,,,0.1273568171046344,0.1674515296662084,0.7120894873625309,llr,0.681274390309236,0.5854010658931565,0.0,0.056173639001748384,7.295782056972947,exponential,0.7527954175040458,0.0525638107034704,last,8197,587,9600,0.04236834490740741,0.44166666666666665,0.44166666666666665,0.0047143518518518515,0.0618,8.987098595698715,7.146709816612729,,,,,,,,,,,1.503197954189409,2348130
ldpc,N288_M144,lambda_pSA,search,848,524,,,,0.10293556884229572,0.15965048101261323,1.1570292260133774,snr,0.39132083434439496,0.8734387448221949,0.0,0.21671783900981867,7.903093694061404,cosine,0.05457997661682516,0.3021150732038786,best_state,12397,221,12800,0.03816550925925926,0.48750000000000004,0.48750000000000004,0.0047143518518518515,0.0618,8.095600510655014,7.8883495145631075,,,,,,,,,,,1.5049573237020897,6925312
ldpc,N288_M144,lambda_pSA,search,752,525,,,,0.1215718190839908,0.0876103553013228,1.0272857827437272,snr,0.4471099690287669,0.858248073915082,0.0,0.40685986209082614,6.278296352400701,cosine,0.07663953710818885,0.7902079145389133,best_state,11986,507,12800,0.044393807870370366,0.3916666666666666,0.37708333333333327,0.0047143518518518515,0.0618,9.416736227045075,6.337648327939589,,,,,,,,,,,1.5054469400946844,6165088
ldpc,N288_M144,lambda_pSA,search,642,526,,,,0.07170917781917699,0.08864672693090239,1.2950976555807223,snr,0.48735007124519114,0.8695364425354233,0.0,0.3749206106478208,5.360952336770752,cosine,0.056684644940179905,0.7809460618391809,best_state,16208,2910,19200,0.047974537037037045,0.4479166666666667,0.4479166666666667,0.0047143518518518515,0.0618,10.176274182460967,7.247842502696872,,,,,,,,,,,1.5056805457131601,5293998
ldpc,N288_M144,lambda_pSA,search,739,527,,,,0.14235462969004878,0.10520960112198828,1.166090572310918,snr,0.4750725761327037,0.9130369857777878,0.0,0.47948873565865907,5.706885107412855,cosine,0.06383811206779891,0.8240136898870758,best_state,12382,270,12800,0.040863715277777775,0.37916666666666665,0.3770833333333334,0.0047143518518518515,0.0618,8.667939212412845,6.135382955771305,,,,,,,,,,,1.5059160266795164,6062141
ldpc,N288_M144,lambda_pSA,search,341,528,,,,0.14366873301708852,0.10240724298014564,0.6920764057506985,llr,0.6941669678014243,0.770155415276097,0.0,0.038457659325382594,5.081696031543264,exponential,1.005331558475445,0.04333515743373145,last,6044,5863,19200,0.047337962962962964,0.4166666666666667,0.4166666666666667,0.0047143518518518515,0.0618,10.041245212609251,6.74217907227616,,,,,,,,,,,1.506944223339886,2910379
ldpc,N288_M144,lambda_pSA,search,366,529,,,,0.15942646296086005,0.12697512255105908,0.7467157241330767,snr,0.6751820869634889,0.8731780610664062,0.0,0.049844533550171995,5.521497970416552,exponential,0.7742618769592933,0.037670493533512074,last,7536,7482,19200,0.050455729166666664,0.4083333333333334,0.40625,0.0047143518518518515,0.0618,10.702580280860257,6.607335490830637,,,,,,,,,,,1.5070063159706675,3108354
ldpc,N288_M144,lambda_pSA,search,251,530,,,,0.18718981559446846,0.22685513042992836,0.598917331260332,llr,0.5679601718313024,0.564775604786747,0.0,0.06432891256416723,8.334123169866096,linear,0.8690615041067047,0.05312044898185186,last,8939,354,9600,0.0437427662037037,0.39999999999999997,0.39999999999999997,0.0047143518518518515,0.0618,9.278638416969459,6.472491909385113,,,,,,,,,,,1.5085950546966662,2197669
ldpc,N288_M144,lambda_pSA,search,748,531,,,,0.12354221759677782,0.08874818773278756,1.0160524557720367,snr,0.4422553174834425,0.8560805029306184,0.0,0.40546002227244693,6.369988584880412,cosine,0.07569339643908188,0.7937323340901234,best_state,12198,523,12800,0.043923611111111115,0.3979166666666667,0.39166666666666666,0.0047143518518518515,0.0618,9.316998919768242,6.438781014023733,,,,,,,,,,,1.514742041516853,6133412
ldpc,N288_M144,lambda_pSA,search,334,532,,,,0.10348718165817124,0.14442185100889843,1.0125297589110578,llr,0.7215021436465014,0.8332785660462888,0.0,0.0335795188962282,6.216802557992259,exponential,0.314119802575819,0.10650191298708901,last,7090,1051,19200,0.03753616898148148,0.43958333333333327,0.43958333333333327,0.0047143518518518515,0.0618,7.962105960915252,7.112998921251347,,,,,,,,,,,1.5154774335640169,2854946
ldpc,N288_M144,lambda_pSA,search,793,533,,,,0.09746899544575181,0.06996540904660677,1.1083552521008846,snr,0.5356471945834536,0.8554216871561942,0.0,0.3790738661838128,8.390276838257144,cosine,0.07845719790729608,0.6229444081736336,best_state,11289,1402,12800,0.04410445601851851,0.3854166666666666,0.3791666666666667,0.0047143518518518515,0.0618,9.355359422567023,6.236515641855446,,,,,,,,,,,1.5157402880414614,6489767
ldpc,N288_M144,lambda_pSA,search,194,534,,,,0.19438181451387548,0.21613927107973907,0.4854352680444271,llr,0.6827710604724899,0.4686198427255758,0.0,0.05527989292253265,7.768023650657918,linear,0.050820884747939936,0.0025269190149399545,majority,8906,112,9600,0.04671585648148149,0.43124999999999997,0.43124999999999997,0.0047143518518518515,0.0618,9.909285082981441,6.9781553398058245,,,,,,,,,,,1.5198796930816398,1746286
ldpc,N288_M144,lambda_pSA,search,565,535,,,,0.10721662935520856,0.17245267703755723,1.2789248884474975,snr,0.39732579500814263,0.949739345270344,0.0,0.5633858205584608,4.700755408722681,cosine,0.0758431007446134,0.826688078926289,last,15804,2848,19200,0.04220920138888889,0.42291666666666666,0.42291666666666666,0.0047143518518518515,0.0618,8.953341353235786,6.843311758360302,,,,,,,,,,,1.5210945979112804,4684235
ldpc,N288_M144,lambda_pSA,search,844,536,,,,0.10245904042538836,0.1570639295585529,1.1688823632597127,snr,0.47173009318689096,0.8687976741005086,0.0,0.23030306024909541,8.71525438398429,cosine,0.050086665568092124,0.7740038557029906,best_state,12394,325,12800,0.03927228009259259,0.49791666666666673,0.49791666666666673,0.0047143518518518515,0.0618,8.33036678778356,8.056903991370012,,,,,,,,,,,1.5225589229500485,6893636
ldpc,N288_M144,lambda_pSA,search,519,537,,,,0.17092139628527442,0.13303619107707884,1.6401456158559795,snr,0.48853793250132815,0.926924694249273,0.0,0.030309809575648747,5.2927486365163166,cosine,0.052335854770894995,0.7640751913938851,last,14243,4490,19200,0.042317708333333336,0.3854166666666667,0.38125000000000003,0.0047143518518518515,0.0618,8.976357654915056,6.236515641855448,,,,,,,,,,,1.5237227819566328,4319961
ldpc,N288_M144,lambda_pSA,search,377,538,,,,0.1350466505518221,0.10705326527572327,0.7267319348113406,llr,0.6506078615867354,0.9002757348972358,0.0,0.04379948521792408,3.7240133393446553,exponential,0.10031503585768344,0.05977209451070918,last,6845,7950,19200,0.04612991898148149,0.39166666666666666,0.3895833333333334,0.0047143518518518515,0.0618,9.784997053913388,6.33764832793959,,,,,,,,,,,1.5305803592739615,3195463
ldpc,N288_M144,lambda_pSA,search,972,539,,,,0.25414309690633946,0.34084094990057273,2.1847138135861806,fixed,0.3127950708854678,0.8382412668907032,0.0,0.17083711661004292,8.536170828733697,cosine,0.07622836625879348,0.5418863694575011,best_state,24288,1231,25600,0.035590277777777776,0.5020833333333333,0.5020833333333333,0.0047143518518518515,0.0618,7.549346950800354,8.124325782092772,,,,,,,,,,,1.5318270483380034,7907268
ldpc,N288_M144,lambda_pSA,search,332,540,,,,0.10073563449736593,0.1419845484321752,1.0027625618332763,llr,0.7281843486136419,0.8494772864079834,0.0,0.03029455150554938,5.973686304674348,exponential,0.32060277798873327,0.10763893979077518,last,7077,1105,19200,0.036957465277777775,0.45208333333333334,0.44999999999999996,0.0047143518518518515,0.0618,7.839352351959148,7.3152642934196335,,,,,,,,,,,1.5360298466320672,2839108
ldpc,N288_M144,lambda_pSA,search,641,541,,,,0.12039603556471028,0.11782101173200137,1.30323052979513,snr,0.4776283105218367,0.8697184885777591,0.0,0.2847963623839217,3.810825914640309,cosine,0.05581812811446681,0.7765331070964744,best_state,16198,2935,19200,0.05813078703703703,0.3854166666666667,0.38333333333333336,0.0047143518518518515,0.0618,12.330600019640576,6.236515641855448,,,,,,,,,,,1.5391635457901063,5286079
ldpc,N288_M144,lambda_pSA,search,580,542,,,,0.1218059499192864,0.10404142264904467,1.2493600734389343,snr,0.4453952090677699,0.9251972260668531,0.0,0.6427203832240129,4.233057195985347,cosine,0.06536173005083114,0.7686335204702227,last,16735,2434,19200,0.08033854166666667,0.325,0.325,0.0047143518518518515,0.0618,17.041269763331044,5.258899676375405,,,,,,,,,,,1.5418488005109487,4803020
ldpc,N288_M144,lambda_pSA,search,292,543,,,,0.11381566626718088,0.09604601466462975,1.225001213335721,llr,0.7431168381093829,0.8708665597746034,0.0,0.03426195824832385,4.94534518624733,exponential,0.7247553301096354,0.08846522146372043,last,10012,1285,19200,0.04283130787037037,0.42291666666666666,0.42083333333333334,0.0047143518518518515,0.0618,9.085301482863597,6.843311758360302,,,,,,,,,,,1.546573033758059,2522348
ldpc,N288_M144,lambda_pSA,search,326,544,,,,0.10327150095649391,0.14481072814883836,1.02757319487446,llr,0.723663003310728,0.8441065190885322,0.0,0.035187582233122634,6.093836368759801,exponential,0.33141327846039237,0.10533563798760227,last,7014,1620,19200,0.03875144675925926,0.4666666666666666,0.4666666666666666,0.0047143518518518515,0.0618,8.219888539723069,7.551240560949298,,,,,,,,,,,1.5475147930039677,2791594
ldpc,N288_M144,lambda_pSA,search,523,545,,,,0.17125572312866322,0.12942987621196242,1.4601381662696258,snr,0.4958815277188978,0.9271545703776009,0.0,0.03167495510475273,5.214692058312808,cosine,0.05092137403450833,0.7559102807029825,last,13809,4951,19200,0.042773437500000004,0.39791666666666664,0.39375000000000004,0.0047143518518518515,0.0618,9.073026121967988,6.438781014023732,,,,,,,,,,,1.5487292971216498,4351637
ldpc,N288_M144,lambda_pSA,search,345,546,,,,0.14804307208712483,0.10188272685170921,0.711707287375606,llr,0.6960469316148344,0.7709373532955162,0.0,0.04730703249048884,5.196815044217639,exponential,0.9768900229340827,0.051649431261519364,last,6172,5685,19200,0.04814091435185185,0.43124999999999997,0.4291666666666667,0.0047143518518518515,0.0618,10.211565845035844,6.9781553398058245,,,,,,,,,,,1.5523370717815923,2942055
ldpc,N288_M144,lambda_pSA,search,756,547,,,,0.12211246620827847,0.08792707396239301,1.0159612119358357,snr,0.4490813491773041,0.8636895138425009,0.0,0.4021213882302353,6.543179650625013,cosine,0.07939160380610867,0.7978652918559006,best_state,12014,663,12800,0.046079282407407406,0.39375000000000004,0.37916666666666665,0.0047143518518518515,0.0618,9.774256113129727,6.3713592233009715,,,,,,,,,,,1.5567150886674774,6196764
ldpc,N288_M144,lambda_pSA,search,689,548,,,,0.13498098477370074,0.10625540043818549,1.1830783272157361,snr,0.5142815617177047,0.8638940330343003,0.0,0.5003097662132818,5.62433045287114,piecewise,0.06115529305270376,0.6875534030895649,best_state,12744,29,12800,0.04290364583333334,0.39791666666666664,0.39375,0.0047143518518518515,0.0618,9.10064568398311,6.438781014023732,,,,,,,,,,,1.558112298377947,5666191
ldpc,N288_M144,lambda_pSA,search,378,549,,,,0.13431136151505646,0.11051999586535204,0.7495950062580149,llr,0.6367601389056599,0.8957703925808517,0.0,0.045195391839246986,3.7379783433938685,exponential,0.10507857432353113,0.0561729197152294,last,6903,7788,19200,0.047952835648148145,0.4020833333333333,0.39999999999999997,0.0047143518518518515,0.0618,10.171670922125111,6.5062028047464935,,,,,,,,,,,1.558703102597026,3203382
ldpc,N288_M144,lambda_pSA,search,275,550,,,,0.12986928651444463,0.17050321493240603,0.8739714086315721,llr,0.6821179221155688,0.5829389908605486,0.0,0.057998551967091416,7.415715089833257,exponential,1.1050505590704693,0.052528618169133505,last,8064,614,9600,0.04146412037037037,0.4458333333333333,0.4458333333333333,0.0047143518518518515,0.0618,8.795296081704803,7.21413160733549,,,,,,,,,,,1.5587204942818838,2387725
ldpc,N288_M144,lambda_pSA,search,204,551,,,,0.24460594679436973,0.21486053864047439,0.4859250733318679,llr,0.8172558930859253,0.46164297249876507,0.0,0.06126013539392743,5.814149191119499,linear,0.0575343521129256,0.01677859057788364,majority,8932,111,9600,0.05785590277777777,0.3770833333333334,0.3770833333333334,0.0047143518518518515,0.0618,12.272292055386428,6.101672060409925,,,,,,,,,,,1.5589938391956486,1825476
ldpc,N288_M144,lambda_pSA,search,365,552,,,,0.15569977987726907,0.12817467009602307,0.6507818433896967,snr,0.6696431272064003,0.863783225878142,0.0,0.035659193183585236,5.531016995192496,exponential,0.2245855756065142,0.034764947836776465,last,7611,7251,19200,0.05198206018518519,0.41250000000000003,0.4083333333333334,0.0047143518518518515,0.0618,11.026342924481982,6.674757281553399,,,,,,,,,,,1.559830632817852,3100435
ldpc,N288_M144,lambda_pSA,search,287,553,,,,0.13688753424500036,0.1136227277887797,1.0408417265065946,llr,0.7174837273817459,0.5496927372214118,0.0,0.04117044337505541,6.540805093692322,exponential,0.7414990928344534,0.0833270651547776,last,7832,559,9600,0.045558449074074074,0.425,0.425,0.0047143518518518515,0.0618,9.663777865069234,6.877022653721682,,,,,,,,,,,1.562693406506585,2482753
ldpc,N288_M144,lambda_pSA,search,331,554,,,,0.09834940857228003,0.13881462665555122,0.9861013438101153,llr,0.7212442135999542,0.8449169812512107,0.0,0.03378808986872746,5.80167906492496,exponential,0.18427785755041315,0.1025601321865395,last,7177,1008,19200,0.039843750000000004,0.4645833333333334,0.4645833333333334,0.0047143518518518515,0.0618,8.451585976627713,7.517529665587919,,,,,,,,,,,1.5662466367411398,2831189
ldpc,N288_M144,lambda_pSA,search,355,555,,,,0.1240827019445107,0.08970411491359945,0.8791181610304685,llr,0.7583956939233403,0.9458645571799584,0.0,0.04069988541346471,6.977703934570278,exponential,0.7053917747464559,0.08219222540074726,last,6320,6680,19200,0.046093749999999996,0.42916666666666664,0.42916666666666664,0.0047143518518518515,0.0618,9.777324953353629,6.944444444444444,,,,,,,,,,,1.5738901065558344,3021245
ldpc,N288_M144,lambda_pSA,search,440,556,,,,0.17750950422792733,0.1367049442406854,0.9282421977004809,llr,0.5107254608320208,0.8551699930925085,0.0,0.05192988232837917,3.382733250101439,exponential,0.07023434255320703,0.7787283039385249,last,6487,6010,19200,0.04432146990740741,0.41041666666666665,0.41041666666666665,0.0047143518518518515,0.0618,9.401392025925563,6.641046386192017,,,,,,,,,,,1.5749306200753925,3694360
ldpc,N288_M144,lambda_pSA,search,794,557,,,,0.09937243944166348,0.07375676139338597,1.9044470817536712,snr,0.43486758622979227,0.8359058518719545,0.0,0.39227292570614664,8.754858732083003,cosine,0.0773873656638319,0.7612083895414808,best_state,11277,1446,12800,0.04632523148148148,0.44375000000000003,0.4395833333333334,0.0047143518518518515,0.0618,9.826426396936071,7.180420711974111,,,,,,,,,,,1.5760569019235506,6497686
ldpc,N288_M144,lambda_pSA,search,751,558,,,,0.12444741089430669,0.08919130126146205,1.0199068028268803,snr,0.4517083501309912,0.8619603081563795,0.0,0.41050685314407026,6.244069969765827,cosine,0.07523473081903712,0.7962352474565844,best_state,12117,515,12800,0.046383101851851856,0.41041666666666665,0.4041666666666666,0.0047143518518518515,0.0618,9.838701757831682,6.641046386192017,,,,,,,,,,,1.580605334756036,6157169
ldpc,N288_M144,lambda_pSA,search,321,559,,,,0.08470187451265944,0.11589118770368623,0.8112410948439422,llr,0.6619676046644608,0.8068854743429402,0.0,0.04366141593800894,5.45636780815148,exponential,0.428738671407192,0.07021747222634582,last,6660,2223,19200,0.04564525462962963,0.47083333333333327,0.47083333333333327,0.0047143518518518515,0.0618,9.682190906412648,7.618662351672059,,,,,,,,,,,1.5809304155333923,2751999
ldpc,N288_M144,lambda_pSA,search,997,560,,,,0.23677581074580006,0.31194106009937944,1.7301384865380938,fixed,0.236522637824839,0.7700254357997894,0.0,0.13129104566291425,8.08884828175224,cosine,0.1466616188166285,0.26732496841491155,best_state,22378,3168,25600,0.04105902777777778,0.48541666666666666,0.48541666666666666,0.0047143518518518515,0.0618,8.70936855543553,7.854638619201726,,,,,,,,,,,1.5834491917820332,8105243
ldpc,N288_M144,lambda_pSA,search,852,561,,,,0.10276939979166844,0.1633657953506239,1.1362216795208853,snr,0.3840154552163896,0.8658380286969661,0.0,0.23960667560408372,8.742252994405133,cosine,0.05457887851569999,0.7771142419609507,best_state,12445,324,12800,0.040125868055555555,0.5291666666666667,0.5291666666666667,0.0047143518518518515,0.0618,8.511428360993813,8.562567421790723,,,,,,,,,,,1.586069213172597,6956988
ldpc,N288_M144,lambda_pSA,search,842,562,,,,0.10423010665585536,0.151650507655771,0.9165532141723448,snr,0.3812299389026526,0.8629082149432891,0.0,0.28275339022455015,8.886752747221953,cosine,0.0500120349400078,0.7766974097730188,best_state,12368,385,12800,0.04758391203703704,0.5104166666666666,0.5104166666666666,0.0047143518518518515,0.0618,10.093415496415595,8.259169363538295,,,,,,,,,,,1.5958827127914892,6877798
ldpc,N288_M144,lambda_pSA,search,525,563,,,,0.17330983051646803,0.129852258051501,1.5469681484618847,snr,0.48549352366713916,0.9235415502382331,0.0,0.030571227370406077,5.1440095105567485,cosine,0.05182607092440072,0.7596848824213364,last,13645,4468,19200,0.04413339120370371,0.42291666666666666,0.42083333333333334,0.0047143518518518515,0.0618,9.36149710301483,6.843311758360302,,,,,,,,,,,1.5967879125519504,4367475
ldpc,N288_M144,lambda_pSA,search,284,564,,,,0.09124963449645795,0.11908501030249684,1.0719561160529263,llr,0.716244583370148,0.5716875196952613,0.0,0.03838917166965213,6.5463654964595115,exponential,0.7298080740137602,0.08176194575648187,last,7655,979,19200,0.044820601851851855,0.4708333333333334,0.4708333333333334,0.0047143518518518515,0.0618,9.507267013650203,7.618662351672061,,,,,,,,,,,1.5995670451367172,2458996
ldpc,N288_M144,lambda_pSA,search,482,565,,,,0.11380316285349701,0.1646372837288588,1.3921645086838612,llr,0.5223750048771223,0.9496445440009368,0.0,0.03555626851954238,3.642176752723432,cosine,0.09012900302733227,0.8636972851216702,last,15606,3243,19200,0.04243344907407407,0.4895833333333333,0.4895833333333333,0.0047143518518518515,0.0618,9.000908376706276,7.922060409924487,,,,,,,,,,,1.600862617767485,4026958
ldpc,N288_M144,lambda_pSA,search,218,566,,,,0.20773552870853035,0.22567961188071833,0.3933801118971655,llr,0.6183186415242027,0.6060091801667331,0.0,0.06382557629538875,8.002074758306838,linear,1.2929210400350142,0.02017555801433357,majority,8766,348,9600,0.04383680555555555,0.5354166666666667,0.5354166666666667,0.0047143518518518515,0.0618,9.298585878424825,8.663700107874865,,,,,,,,,,,1.6022530093022325,1936342
ldpc,N288_M144,lambda_pSA,search,484,567,,,,0.11425630748917157,0.16464440692639737,1.360010853918655,llr,0.5341864716817373,0.9494205568039702,0.0,0.0303738322330197,3.6200334681055204,cosine,0.08952458289486313,0.8514912373158341,last,15502,3164,19200,0.04268663194444444,0.48541666666666666,0.48541666666666666,0.0047143518518518515,0.0618,9.05461308062457,7.854638619201726,,,,,,,,,,,1.605471221103347,4042796
ldpc,N288_M144,lambda_pSA,search,825,568,,,,0.13612145533764058,0.09626627885466912,1.6099122677724005,snr,0.44511695001550894,0.8813239105952807,0.0,0.5367556126167027,5.793846992279901,cosine,0.06222506665952089,0.8376101033522213,best_state,12759,39,12800,0.04422019675925926,0.4270833333333333,0.4270833333333333,0.0047143518518518515,0.0618,9.379910144358245,6.910733549083063,,,,,,,,,,,1.6155780973583915,6743175
ldpc,N288_M144,lambda_pSA,search,845,569,,,,0.10251481535503452,0.15576224020760662,0.9115974261845134,snr,0.3930288247718285,0.8702839133718467,0.0,0.24315976486123136,8.136711300426429,cosine,0.05491065671407908,0.7739882947007475,best_state,12298,457,12800,0.049052372685185176,0.5333333333333333,0.5333333333333333,0.0047143518518518515,0.0618,10.404902779141706,8.629989212513484,,,,,,,,,,,1.6201839186813018,6901555
ldpc,N288_M144,lambda_pSA,search,300,570,,,,0.11579276539761574,0.08499970535871615,0.838526155809898,llr,0.7389902475441514,0.8801307421417077,0.0,0.03176915182594914,4.692719815633423,exponential,0.6103483020050148,0.08774144575422776,last,10142,1501,19200,0.05010850694444444,0.4270833333333333,0.4270833333333333,0.0047143518518518515,0.0618,10.628928115486596,6.910733549083063,,,,,,,,,,,1.6258429359104545,2585700
ldpc,N288_M144,lambda_pSA,search,297,571,,,,0.11479394452487278,0.08524045459116268,1.2257197028156337,llr,0.7434546469333078,0.8633588623279164,0.0,0.032499674261240785,4.90598393289596,exponential,0.714226070350616,0.08159818693845257,last,7065,1397,19200,0.04908130787037037,0.45208333333333334,0.45208333333333334,0.0047143518518518515,0.0618,10.411040459589513,7.3152642934196335,,,,,,,,,,,1.626162127609705,2561943
ldpc,N288_M144,lambda_pSA,search,517,572,,,,0.1696744008284769,0.1270002803382442,1.4971796894960778,snr,0.4811516310210374,0.9274190336715525,0.0,0.030133168159884573,5.1963870305817395,cosine,0.05240649799497608,0.7526571933074377,last,14237,4015,19200,0.046752025462962955,0.4375,0.4375,0.0047143518518518515,0.0618,9.916957183541195,7.0792880258899675,,,,,,,,,,,1.6286177509774622,4304123
ldpc,N288_M144,lambda_pSA,search,317,573,,,,0.08438636600805717,0.11876272544972523,0.8059074283620873,llr,0.6648972940037938,0.8005094169139786,0.0,0.043115745003496124,5.533973398455071,exponential,0.43658102058006826,0.12647477143168956,last,6670,2251,19200,0.04615162037037037,0.4708333333333334,0.4708333333333334,0.0047143518518518515,0.0618,9.78960031424924,7.618662351672061,,,,,,,,,,,1.6312342623568676,2720323
ldpc,N288_M144,lambda_pSA,search,952,574,,,,0.20113116152591062,0.2878904966996254,2.388581373186934,fixed,0.25771912694209576,0.8222779544450691,0.0,0.25327298243367186,10.891455645248987,cosine,0.0944200353507226,0.38959295212439965,best_state,22139,3382,25600,0.037999131944444445,0.5979166666666668,0.5979166666666668,0.0047143518518518515,0.0618,8.060308848080135,9.67502696871629,,,,,,,,,,,1.6334126011071668,7748888
ldpc,N288_M144,lambda_pSA,search,289,575,,,,0.11410630471902125,0.08800345231183894,1.198890824468826,llr,0.7439743987217479,0.8945741290493098,0.0,0.033216020314368905,4.6147729018724535,exponential,0.5974266538990545,0.09612321029561748,last,9987,1447,19200,0.04657118055555556,0.4541666666666666,0.4541666666666666,0.0047143518518518515,0.0618,9.878596680742415,7.348975188781013,,,,,,,,,,,1.638394961641398,2498591
ldpc,N288_M144,lambda_pSA,search,318,576,,,,0.12473560722450358,0.110726971422345,0.7903407943007309,llr,0.6647880172507347,0.8209014024396725,0.0,0.03957160337891132,4.0015985163681576,exponential,0.3953636343607424,0.0691250200386891,last,6127,2262,19200,0.05316840277777777,0.4375,0.4375,0.0047143518518518515,0.0618,11.277987822841991,7.0792880258899675,,,,,,,,,,,1.6389902969177095,2728242
ldpc,N288_M144,lambda_pSA,search,577,577,,,,0.11929837388732856,0.10370353211879912,1.2656746576234081,snr,0.41752885751707297,0.9242315261134558,0.0,0.6601978751429163,4.310833346705478,cosine,0.06648014250985365,0.7654918393804484,last,15751,2473,19200,0.0939308449074074,0.36250000000000004,0.36250000000000004,0.0047143518518518515,0.0618,19.92444515368752,5.86569579288026,,,,,,,,,,,1.640269493722394,4779263
ldpc,N288_M144,lambda_pSA,search,198,578,,,,0.19575321191035688,0.17680713437136442,0.5070656828576844,llr,0.8085422739736686,0.46006832358203165,0.0,0.061029559687590836,7.8378559951618705,linear,1.2498482668956952,0.002275076533553449,majority,8920,113,9600,0.06241319444444444,0.4416666666666667,0.4416666666666667,0.0047143518518518515,0.0618,13.238976725915741,7.14670981661273,,,,,,,,,,,1.6513211810587707,1777962
ldpc,N288_M144,lambda_pSA,search,723,579,,,,0.08724104006284926,0.13442295046363556,0.9935200419263331,snr,0.43276991463555625,0.880308112827004,0.0,0.44199597115242406,5.050351474542333,cosine,0.05719248992397326,0.7686616652411674,best_state,12755,37,12800,0.05784866898148148,0.4895833333333333,0.4895833333333333,0.0047143518518518515,0.0618,12.270757635274478,7.922060409924487,,,,,,,,,,,1.6551913078464406,5935437
ldpc,N288_M144,lambda_pSA,search,970,580,,,,0.24884056860661613,0.21263206801655174,2.2374357585618494,fixed,0.3261698961565839,0.8373550433948272,0.0,0.1852133366109077,9.242587067294547,cosine,0.07501404951186047,0.41077323804346605,best_state,21404,4156,25600,0.05282118055555555,0.4375,0.4312500000000001,0.0047143518518518515,0.0618,11.204335657468329,7.0792880258899675,,,,,,,,,,,1.655220851411541,7891430
ldpc,N288_M144,lambda_pSA,search,568,581,,,,0.10379518198525399,0.17787273923952482,1.5411187337804177,snr,0.4319193808558016,0.9473715718546508,0.0,0.5949217118587823,4.720852550214516,cosine,0.08081932715217911,0.7978441086911088,last,17727,1262,19200,0.04479890046296297,0.5145833333333333,0.5145833333333333,0.0047143518518518515,0.0618,9.50266375331435,8.326591154261056,,,,,,,,,,,1.6599704445710701,4707992
ldpc,N288_M144,lambda_pSA,search,352,582,,,,0.12339083162821914,0.08256826132289265,1.093273769021216,llr,0.7520800744072894,0.8195335673209414,0.0,0.039084338338143135,6.734331269128208,exponential,0.5342986394413333,0.08335338975817562,last,6166,6500,19200,0.049074074074074076,0.4791666666666667,0.47708333333333336,0.0047143518518518515,0.0618,10.409506039477561,7.753505933117584,,,,,,,,,,,1.6632920003754144,2997488
ldpc,N288_M144,lambda_pSA,search,843,583,,,,0.10742386064205213,0.15696130266175576,0.9102301181434154,snr,0.4276289844151268,0.8694479601919288,0.0,0.22227974831684685,8.61635895698856,cosine,0.0502102771404978,0.8174261399657214,best_state,12457,295,12800,0.05416666666666667,0.5395833333333334,0.5395833333333334,0.0047143518518518515,0.0618,11.489737798291271,8.731121898597628,,,,,,,,,,,1.6654925305732717,6885717
ldpc,N288_M144,lambda_pSA,search,827,584,,,,0.1301466119395134,0.0986882485091233,2.4069015785005123,snr,0.44650799153980497,0.8874471168902148,0.0,0.5751887999440426,5.563756961103075,cosine,0.06257557155268144,0.8368196864735158,best_state,12755,11,12800,0.047685185185185185,0.46458333333333335,0.46249999999999997,0.0047143518518518515,0.0618,10.114897377982913,7.517529665587918,,,,,,,,,,,1.6671564779048753,6759013
ldpc,N288_M144,lambda_pSA,search,358,585,,,,0.12298018696411891,0.08215357295208839,1.1031678870844885,llr,0.7530505164372743,0.9384777205271161,0.0,0.04023892509433047,6.630694011385133,exponential,0.5329167981818221,0.1371128010643846,last,6117,6688,19200,0.050079571759259256,0.46875,0.46875,0.0047143518518518515,0.0618,10.622790435038791,7.584951456310679,,,,,,,,,,,1.6731424194265299,3045002
ldpc,N288_M144,lambda_pSA,search,185,586,,,,0.19592301976362644,0.22139149559495713,0.5039505192365283,llr,0.7774959455407071,0.43868962972278014,0.0,0.08252214891510086,10.44006314147721,linear,1.7893335486676631,0.02211758436144154,majority,9302,101,9600,0.05328414351851851,0.51875,0.51875,0.0047143518518518515,0.0618,11.302538544633212,8.39401294498382,,,,,,,,,,,1.6767698441613628,1675015
ldpc,N288_M144,lambda_pSA,search,444,587,,,,0.12966170479533462,0.13953891098268634,0.9279367386350269,llr,0.4290042934966749,0.8578900614097597,0.0,0.05331217807984596,3.4759931875078927,exponential,0.07050691332499912,0.7842845181655623,last,6503,5907,19200,0.061328125000000004,0.4458333333333333,0.4458333333333333,0.0047143518518518515,0.0618,13.00881370912305,7.21413160733549,,,,,,,,,,,1.6784434608270922,3726036
ldpc,N288_M144,lambda_pSA,search,348,588,,,,0.14321883175924705,0.09772917090334197,0.7104905545746839,llr,0.6932407186244021,0.9069025733761299,0.0,0.03818353608547581,5.087143091377244,exponential,1.031691640837832,0.13922684571853422,last,10821,970,19200,0.05073061342592592,0.46458333333333335,0.46249999999999997,0.0047143518518518515,0.0618,10.760888245114407,7.517529665587918,,,,,,,,,,,1.6801430516272144,2965812
ldpc,N288_M144,lambda_pSA,search,269,589,,,,0.13199284173814005,0.1651377587777637,0.8911768477411014,llr,0.6785949515301848,0.5409564302168733,0.0,0.056685377184057265,4.684815444762452,exponential,0.9344320693820313,0.05468794930532065,last,8158,603,9600,0.05316116898148149,0.5187499999999999,0.5187499999999999,0.0047143518518518515,0.0618,11.276453402730043,8.394012944983817,,,,,,,,,,,1.682711792452508,2340211
ldpc,N288_M144,lambda_pSA,search,647,590,,,,0.07254822749925041,0.11522482434566925,1.2905463957682601,snr,0.47788499043091265,0.8700214657660371,0.0,0.2884240962138912,5.2522167726876905,cosine,0.05547286628169259,0.7193176536159482,best_state,16164,2991,19200,0.04008969907407407,0.6791666666666667,0.6791666666666667,0.0047143518518518515,0.0618,8.503756260434058,10.98975188781014,,,,,,,,,,,1.6835091607484296,5333593
ldpc,N288_M144,lambda_pSA,search,434,591,,,,0.1713965835160476,0.13697366663959928,0.9269521471815129,llr,0.4724023238412465,0.8601690667238511,0.0,0.05350577027631171,3.2515090696513425,exponential,0.06790390307641685,0.7843710778224431,last,6620,6022,19200,0.060771122685185176,0.44583333333333336,0.44583333333333336,0.0047143518518518515,0.0618,12.890663360502797,7.214131607335491,,,,,,,,,,,1.683590234298163,3646846
ldpc,N288_M144,lambda_pSA,search,795,592,,,,0.09150173130022116,0.07727518682230253,1.0794960733526275,snr,0.4331188377562587,0.8385446738596152,0.0,0.29119046260644627,6.603607955161018,cosine,0.07746904464250291,0.7573204977853326,best_state,11276,1442,12800,0.08429542824074072,0.43333333333333335,0.43124999999999997,0.0047143518518518515,0.0618,17.880597564568397,7.011866235167206,,,,,,,,,,,1.686167288918683,6505605
ldpc,N288_M144,lambda_pSA,search,551,593,,,,0.11367154035753699,0.15435873599552583,1.350745601516967,snr,0.4619066511524088,0.9033825289883071,0.0,0.03314317301102574,3.208971137994575,cosine,0.058983762303249705,0.7817727342329858,last,17149,2004,19200,0.06499565972222222,0.4583333333333333,0.45625000000000004,0.0047143518518518515,0.0618,13.786764705882355,7.416396979503776,,,,,,,,,,,1.6874477416825902,4573369
ldpc,N288_M144,lambda_pSA,search,841,594,,,,0.10129214666298893,0.15349382180738622,0.9244888972689503,snr,0.3953029812649214,0.8685686912517426,0.0,0.23754806663953806,7.900810814899088,cosine,0.05447020116770685,0.7743785724064325,best_state,12415,362,12800,0.050882523148148145,0.55625,0.55625,0.0047143518518518515,0.0618,10.793111067465384,9.000809061488674,,,,,,,,,,,1.6881747706132542,6869879
ldpc,N288_M144,lambda_pSA,search,347,595,,,,0.1466283709673917,0.09909677395094682,1.3602069324883366,llr,0.6971950850970373,0.9210547607098319,0.0,0.03854668699102031,5.1031662273319265,exponential,0.9905575614235061,0.04251773801553402,last,5627,1184,19200,0.051533564814814824,0.5104166666666666,0.5083333333333333,0.0047143518518518515,0.0618,10.931208877541003,8.259169363538295,,,,,,,,,,,1.7008582285503364,2957893
ldpc,N288_M144,lambda_pSA,search,359,596,,,,0.11848659808412647,0.07724953738348592,0.8446883812269579,llr,0.7653065161585197,0.9347232421723252,0.0,0.03988826326784278,6.858650354397076,exponential,0.14731357130735864,0.0838755453011532,last,6185,7319,19200,0.05484664351851851,0.48541666666666666,0.4791666666666667,0.0047143518518518515,0.0618,11.63397328881469,7.854638619201726,,,,,,,,,,,1.7083914616400295,3052921
ldpc,N288_M144,lambda_pSA,search,367,597,,,,0.1609260272069579,0.12731363050015665,0.7607508961937781,snr,0.6728119624842771,0.8682833548533555,0.0,0.0492766719074519,4.46158018559647,exponential,0.8232155884343236,0.0342426225150791,last,7833,6987,19200,0.06383825231481481,0.5083333333333333,0.50625,0.0047143518518518515,0.0618,13.541257487970146,8.225458468176914,,,,,,,,,,,1.7123399095665637,3116273
ldpc,N288_M144,lambda_pSA,search,202,598,,,,0.19403184246207972,0.20102679197171577,0.4768646003723749,llr,0.6882517932602481,0.46797890978238244,0.0,0.06157311529587157,7.056703151236715,linear,1.1499159034751514,0.004755522109321085,majority,8965,121,9600,0.06046006944444445,0.5125000000000001,0.5125000000000001,0.0047143518518518515,0.0618,12.824683295688896,8.292880258899677,,,,,,,,,,,1.7166924167234137,1809638
ldpc,N288_M144,lambda_pSA,search,697,599,,,,0.08493947028707767,0.09418161201081926,1.0778238316904112,snr,0.46199027453621827,0.8980206394460909,0.0,0.4426560603841479,5.296798326864552,cosine,0.05387946734333238,0.723729289845975,best_state,12730,53,12800,0.08209635416666668,0.4479166666666667,0.4479166666666667,0.0047143518518518515,0.0618,17.414133850535208,7.247842502696872,,,,,,,,,,,1.7178419519586987,5729543
ldpc,N288_M144,lambda_pSA,search,265,600,,,,0.1653790937507022,0.12018852917873198,0.892468783903234,llr,0.677894592146581,0.5872767196376986,0.0,0.0578039207385655,7.457855841085564,exponential,0.9181407705777647,0.05527804319239819,last,8118,599,9600,0.05674913194444444,0.4791666666666667,0.4708333333333334,0.0047143518518518515,0.0618,12.03752577825788,7.753505933117584,,,,,,,,,,,1.7179957485495037,2308535
ldpc,N288_M144,lambda_pSA,search,579,601,,,,0.11911893316439166,0.10407830826943325,1.0963438040760483,snr,0.4497410544572708,0.9121616175629853,0.0,0.7302176613079697,4.3082560448351,cosine,0.06520002938295628,0.7692611751909001,last,16697,2457,19200,0.1101707175925926,0.42083333333333334,0.42083333333333334,0.0047143518518518515,0.0618,23.369218305018173,6.809600862998921,,,,,,,,,,,1.7211104853314498,4795101
ldpc,N288_M144,lambda_pSA,search,849,602,,,,0.10132736994649903,0.1530996327215118,0.9070621122746361,snr,0.39156977094026124,0.8671573801340308,0.0,0.211282348117434,8.897471495581083,cosine,0.055448426529209255,0.7812982673775909,best_state,12429,142,12800,0.057436342592592594,0.5541666666666667,0.5541666666666667,0.0047143518518518515,0.0618,12.183295688893255,8.967098166127293,,,,,,,,,,,1.7226862975625412,6933231
ldpc,N288_M144,lambda_pSA,search,846,603,,,,0.10305011133627034,0.15813340878066498,0.9030480011971644,snr,0.3745284935362725,0.8692183045015738,0.0,0.2427048421550207,8.732348157732309,cosine,0.05501575953141247,0.7825197918888733,best_state,12443,332,12800,0.05300202546296296,0.5833333333333334,0.5833333333333334,0.0047143518518518515,0.0618,11.242696160267112,9.439050701186623,,,,,,,,,,,1.7245433152095229,6909474
ldpc,N288_M144,lambda_pSA,search,197,604,,,,0.19626273494301782,0.21836035590947295,0.4800389196414385,llr,0.8099626520305303,0.469623411895257,0.0,0.055992754790435646,7.814829148745066,linear,1.2340864060247887,0.0019536648634933887,majority,8906,104,9600,0.061226851851851845,0.5229166666666666,0.5229166666666666,0.0047143518518518515,0.0618,12.98733182755573,8.461434735706579,,,,,,,,,,,1.7346912669841652,1770043
ldpc,N288_M144,lambda_pSA,search,349,605,,,,0.12057225454760681,0.07997502532213682,0.8554108297842217,llr,0.7605912657951533,0.9411665750619874,0.0,0.04014391282898002,6.843142552303007,exponential,0.5399345280578282,0.08425387534039708,last,6249,926,19200,0.05777633101851851,0.53125,0.5291666666666667,0.0047143518518518515,0.0618,12.255413434154963,8.596278317152104,,,,,,,,,,,1.7416756685062547,2973731
ldpc,N288_M144,lambda_pSA,search,700,606,,,,0.07916190209292025,0.09721242466548868,1.0904996983421653,snr,0.47178695256318814,0.8934965802304137,0.0,0.32021743749309184,5.214555907965083,cosine,0.054308551279733296,0.7055844567805708,best_state,12755,19,12800,0.0757884837962963,0.45625000000000004,0.45625000000000004,0.0047143518518518515,0.0618,16.07611951291368,7.382686084142396,,,,,,,,,,,1.7478647295326248,5753300
ldpc,N288_M144,lambda_pSA,search,820,607,,,,0.13961969231082708,0.09915746089996644,1.4791529937998338,snr,0.44542974025235105,0.8858704307110263,0.0,0.5576316115413641,5.799901660927296,cosine,0.0621820378724765,0.8308786252562548,best_state,11716,940,12800,0.05574363425925926,0.5041666666666667,0.5041666666666667,0.0047143518518518515,0.0618,11.824241382696652,8.158036677454152,,,,,,,,,,,1.7480558907491273,6703580
ldpc,N288_M144,lambda_pSA,search,569,608,,,,0.0949478615629968,0.1624819999550325,1.455763908450179,snr,0.398943027310889,0.9448934210928508,0.0,0.5623387407196888,4.737535968717652,cosine,0.07566387634199441,0.8236614749985537,last,17888,1270,19200,0.05207609953703704,0.5666666666666668,0.5666666666666668,0.0047143518518518515,0.0618,11.046290385937349,9.16936353829558,,,,,,,,,,,1.7535931871231252,4715911
ldpc,N288_M144,lambda_pSA,search,353,609,,,,0.12426435131818162,0.08108487620281025,1.1321747412610017,llr,0.760697633554004,0.8255488949545656,0.0,0.039515116479343096,6.885859298203132,exponential,0.1581523626028996,0.13809696008672184,last,6239,7050,19200,0.05653211805555556,0.5083333333333333,0.50625,0.0047143518518518515,0.0618,11.991493174899343,8.225458468176914,,,,,,,,,,,1.7536508579507175,3005407
ldpc,N288_M144,lambda_pSA,search,436,610,,,,0.17495238769140328,0.13892329785083823,0.9244908440438372,llr,0.4562606899470018,0.8557295033311196,0.0,0.05173829587257222,3.2927550372559433,exponential,0.07114116477867599,0.7932850664845738,last,6522,5706,19200,0.07348090277777779,0.49166666666666664,0.49166666666666664,0.0047143518518518515,0.0618,15.58663949720122,7.955771305285868,,,,,,,,,,,1.7670206335710532,3662684
ldpc,N288_M144,lambda_pSA,search,354,611,,,,0.1217998697656366,0.0774567184437594,0.8749707670036987,llr,0.7619629355073009,0.8581571393858066,0.0,0.03915881663450032,6.658615506435515,exponential,0.7217066458854875,0.07643570485593781,last,6135,7684,19200,0.05853587962962963,0.5208333333333334,0.5208333333333334,0.0047143518518518515,0.0618,12.416527545909851,8.4277238403452,,,,,,,,,,,1.7712705902735795,3013326
ldpc,N288_M144,lambda_pSA,search,295,612,,,,0.11609631191676102,0.07804928944135699,1.1367725488319262,llr,0.731289651964448,0.8916213493286526,0.0,0.042736615345608145,4.91505807213107,exponential,0.7582974766239792,0.08305896676532229,last,7484,1372,19200,0.05871672453703703,0.5145833333333333,0.5104166666666666,0.0047143518518518515,0.0618,12.454888048708632,8.326591154261056,,,,,,,,,,,1.7737202758790163,2546105
ldpc,N288_M144,lambda_pSA,search,480,613,,,,0.16308460556072543,0.18892677353759996,1.0437068318972171,llr,0.5595502679541774,0.9331632885471735,0.0,0.03293134866683602,2.0346407757476555,cosine,0.07461210038031726,0.8893026293987814,last,12774,26,12800,0.07473958333333333,0.49166666666666664,0.49166666666666664,0.0047143518518518515,0.0618,15.853628596680743,7.955771305285868,,,,,,,,,,,1.7760205291570814,4011120
ldpc,N288_M144,lambda_pSA,search,901,614,,,,0.17322080731559095,0.26423591789962125,1.995774765868755,fixed,0.3253680379385731,0.8111208566774302,0.0,0.24041436096960855,9.853557561177833,cosine,0.09613157229655783,0.36630589845076744,best_state,24521,1060,25600,0.04717881944444444,0.6437499999999999,0.6437499999999999,0.0047143518518518515,0.0618,10.007487970146324,10.416666666666666,,,,,,,,,,,1.7783200281029317,7345019
ldpc,N288_M144,lambda_pSA,search,631,615,,,,0.10841325928141042,0.07316869419836934,1.5401587233985472,snr,0.5370567476760368,0.8934806578559151,0.0,0.8288065603951155,4.522194331901208,cosine,0.059335171602194245,0.7481673514718319,best_state,15649,3453,19200,0.08830295138888888,0.4541666666666666,0.4541666666666666,0.0047143518518518515,0.0618,18.730666306589413,7.348975188781013,,,,,,,,,,,1.7960168009674193,5206889
ldpc,N288_M144,lambda_pSA,search,967,616,,,,0.24325682617987202,0.40719294884411106,2.314706202160467,fixed,0.3108195489894606,0.7820353153756857,0.0,0.18553380119186963,8.476037438279633,cosine,0.07611721762154418,0.3443575577435556,best_state,20912,4627,25600,0.04470486111111111,0.7208333333333333,0.7208333333333333,0.0047143518518518515,0.0618,9.482716291858981,11.663969795037756,,,,,,,,,,,1.798805301456067,7867673
ldpc,N288_M144,lambda_pSA,search,351,617,,,,0.12062495704017799,0.07682716903902528,0.8745683886327054,llr,0.7620581948610043,0.8622747235692646,0.0,0.039775013068350726,7.091663504839553,exponential,0.1498826497408221,0.08517603666161902,last,7619,6581,19200,0.06195746527777778,0.53125,0.5291666666666667,0.0047143518518518515,0.0618,13.142308258862812,8.596278317152104,,,,,,,,,,,1.8093742704757776,2989569
ldpc,N288_M144,lambda_pSA,search,201,618,,,,0.1954532999025796,0.2180093065251158,0.4773304662747684,llr,0.8111377967147574,0.46534179962257516,0.0,0.059349971755173946,5.743546279031707,linear,1.315247489337397,0.015626847414329115,majority,8891,108,9600,0.06315827546296296,0.5583333333333335,0.5583333333333335,0.0047143518518518515,0.0618,13.397021997446725,9.034519956850056,,,,,,,,,,,1.8102096807578174,1801719
ldpc,N288_M144,lambda_pSA,search,107,619,,,,0.6074039432949856,0.9952878807936422,3.1857478525262777,fixed,0.03803715639186703,0.2988610055938483,0.0,2.054957394965341,2.763812169657884,piecewise,0.09424879924843114,0.20775185130604165,best_state,1124,14663,25600,0.044451678240740734,0.75,0.7416666666666667,0.0047143518518518515,0.0618,9.429011587940686,12.135922330097086,,,,,,,,,,,1.811447462362831,1057333
ldpc,N288_M144,lambda_pSA,search,278,620,,,,0.08952754899816139,0.1439706392237018,1.040028700768148,llr,0.7144741760241716,0.8126949848288547,0.0,0.05120285871459469,6.501449670330832,exponential,0.9109361812110139,0.08713758931780997,last,7800,539,9600,0.04937789351851851,0.6541666666666667,0.6541666666666667,0.0047143518518518515,0.0618,10.473951684179514,10.585221143473571,,,,,,,,,,,1.8184462191174937,2411482
ldpc,N288_M144,lambda_pSA,search,181,621,,,,0.1926443150010795,0.30538950462112935,0.5822892790388123,llr,0.778684796793141,0.4330490389112713,0.0,0.0821510821497964,7.798333064518385,linear,1.8422004636376605,0.18314453334830957,majority,9232,101,9600,0.05230034722222223,0.6666666666666666,0.6645833333333334,0.0047143518518518515,0.0618,11.093857409407839,10.787486515641854,,,,,,,,,,,1.8217499748111903,1643339
ldpc,N288_M144,lambda_pSA,search,438,622,,,,0.11386286016798844,0.13960811257788666,0.9224415366191914,llr,0.4186880662533157,0.9007132730489746,0.0,0.04010197337134541,3.3648548657469646,exponential,0.05735310057696178,0.7940962791529235,last,6605,6140,19200,0.06765046296296295,0.5354166666666667,0.5354166666666667,0.0047143518518518515,0.0618,14.349896886968477,8.663700107874865,,,,,,,,,,,1.833202147237456,3678522
ldpc,N288_M144,lambda_pSA,search,974,623,,,,0.18374138046895777,0.2909912192152092,2.0294479870566,fixed,0.33559757726514533,0.7515726735710404,0.0,0.21925762828302972,10.292740339912184,cosine,0.08352679771794164,0.3206001681117191,best_state,20551,4930,25600,0.048191550925925926,0.69375,0.69375,0.0047143518518518515,0.0618,10.222306785819503,11.225728155339805,,,,,,,,,,,1.8368062875665365,7923106
ldpc,N288_M144,lambda_pSA,search,691,624,,,,0.13274149459545043,0.09608987410813866,1.2005293637828522,snr,0.5200878882659917,0.8692519382833976,0.0,0.5228353990702663,5.6807783999178705,piecewise,0.06082813139433774,0.690785815296105,best_state,11417,1332,12800,0.0642578125,0.5479166666666666,0.5458333333333333,0.0047143518518518515,0.0618,13.630253854463321,8.86596548004315,,,,,,,,,,,1.8424196203536884,5682029
ldpc,N288_M144,lambda_pSA,search,152,625,,,,0.1879204252841564,0.3691238722513625,0.8158638834662734,llr,0.7965095516506935,0.4042662547201657,0.0,0.07681035242874543,11.435744870993998,linear,2.2446801589886998,0.16381448782890334,majority,11744,11913,25600,0.044408275462962964,0.7604166666666666,0.7604166666666666,0.0047143518518518515,0.0618,9.419805067268978,12.30447680690399,,,,,,,,,,,1.851121262389118,1413688
ldpc,N288_M144,lambda_pSA,search,155,626,,,,0.18391413822642716,0.34136628528732854,1.2357502055302823,llr,0.7909482341074282,0.3548085618575922,0.0,0.06302543240947892,10.140828573684686,linear,2.0999327122010167,0.16428241442298575,majority,11897,12020,25600,0.0455078125,0.7708333333333334,0.7708333333333334,0.0047143518518518515,0.0618,9.653036924285574,12.473031283710895,,,,,,,,,,,1.8767758837343,1437445
ldpc,N288_M144,lambda_pSA,search,261,627,,,,0.14713289619803438,0.16697387376156786,0.4332169349423485,llr,0.6363599276814325,0.5682928313036496,0.0,0.0689900011119642,6.531171828401605,linear,1.1779858095323386,0.00824152911892598,last,8339,314,9600,0.08258825231481481,0.5375,0.5354166666666667,0.0047143518518518515,0.0618,17.518474418147896,8.697411003236246,,,,,,,,,,,1.8829585460187324,2276859
ldpc,N288_M144,lambda_pSA,search,190,628,,,,0.19426006743732313,0.29077648424020763,0.5277909056717989,llr,0.7873523516929923,0.4394168650913132,0.0,0.08634348928488744,10.388425652037716,linear,1.8772601277128722,0.026005715400739662,majority,9217,57,9600,0.05986689814814814,0.6604166666666668,0.6604166666666668,0.0047143518518518515,0.0618,12.698860846508888,10.686353829557714,,,,,,,,,,,1.8843152052164025,1714610
ldpc,N288_M144,lambda_pSA,search,226,629,,,,0.2024926263403557,0.22776914472285253,0.3855004929364829,llr,0.7062584892220486,0.4636641716827208,0.0,0.0758857679885149,8.14070928639264,linear,1.3658450880131445,0.022649578829262627,majority,8727,718,9600,0.05562065972222222,0.7229166666666668,0.7229166666666668,0.0047143518518518515,0.0618,11.79815624079348,11.697680690399139,,,,,,,,,,,1.8846305509232484,1999694
ldpc,N288_M144,lambda_pSA,search,966,630,,,,0.24695766428327987,0.4107104920850389,2.258345973944294,fixed,0.3175463971443221,0.7937119770625882,0.0,0.14418155619904946,8.683948983336709,cosine,0.075380221239442,0.41819119197707505,best_state,20698,4819,25600,0.04968894675925926,0.7604166666666666,0.7604166666666666,0.0047143518518518515,0.0618,10.539931748993421,12.30447680690399,,,,,,,,,,,1.8860611057698595,7859754
ldpc,N288_M144,lambda_pSA,search,192,631,,,,0.1927083822272432,0.307689466918051,0.5205475025073089,llr,0.7854272191639047,0.4339901383770361,0.0,0.08115450354829205,10.499271719423778,linear,1.8576109111422832,0.12330001967928043,majority,9303,98,9600,0.05660445601851852,0.6979166666666666,0.6979166666666666,0.0047143518518518515,0.0618,12.006837376018856,11.293149946062567,,,,,,,,,,,1.8873940086157883,1730448
ldpc,N288_M144,lambda_pSA,search,189,632,,,,0.19197341494558506,0.30251687174113245,0.5096634283756498,llr,0.7727798260923683,0.43871680158194515,0.0,0.08202923279543815,10.501385116660128,linear,1.8277810227479128,0.012724469170717373,majority,9213,99,9600,0.05756655092592592,0.7125,0.7125,0.0047143518518518515,0.0618,12.210915250908377,11.529126213592233,,,,,,,,,,,1.900985673943676,1706691
ldpc,N288_M144,lambda_pSA,search,279,633,,,,0.08873066626033657,0.1441558864314139,1.0334407169435234,llr,0.7121429269445687,0.5528603832877982,0.0,0.04994485872530542,6.57067107132484,exponential,0.8756881497943744,0.08256528336221396,last,7145,1054,19200,0.05502025462962964,0.7229166666666668,0.7229166666666668,0.0047143518518518515,0.0618,11.670799371501525,11.697680690399139,,,,,,,,,,,1.9047734220190076,2419401
ldpc,N288_M144,lambda_pSA,search,183,634,,,,0.19500061609385996,0.3055499391346064,0.4968663949360468,llr,0.7752489877949249,0.4270109372327041,0.0,0.08378467652964948,10.265075307802514,linear,1.847228197463613,0.12850989846976518,majority,9254,89,9600,0.05788483796296296,0.7125,0.7125,0.0047143518518518515,0.0618,12.278429735834234,11.529126213592233,,,,,,,,,,,1.9128331243353307,1659177
ldpc,N288_M144,lambda_pSA,search,165,635,,,,0.1673555568012491,0.33367975189318394,0.5792563188338601,llr,0.7899626151278855,0.44521621929798727,0.0,0.0908881175691576,10.240101249783574,linear,1.9413926060642777,0.12317810258890192,majority,10825,10566,25600,0.04865451388888889,0.80625,0.80625,0.0047143518518518515,0.0618,10.320509672984386,13.04611650485437,,,,,,,,,,,1.9186906651561266,1516635
ldpc,N288_M144,lambda_pSA,search,93,636,,,,0.42175760135027673,0.9298773955039088,6.9553680970922755,fixed,0.10431341704247826,0.47948326887762843,0.0,2.9565752053101404,3.7263351601234183,piecewise,0.6496531519135739,0.2292290245575465,best_state,2107,17857,25600,0.045826099537037035,0.8708333333333332,0.8708333333333332,0.0047143518518518515,0.0618,9.720551409211431,14.091154261057172,,,,,,,,,,,1.9245534363397871,946467
ldpc,N288_M144,lambda_pSA,search,188,637,,,,0.19061380766373273,0.30599729785251956,0.5391877719184367,llr,0.7770748852241325,0.42939578502625675,0.0,0.08121712612542506,10.484085453369854,linear,1.8762841374103603,0.034582985472330505,majority,9264,89,9600,0.05687210648148149,0.7270833333333333,0.7270833333333333,0.0047143518518518515,0.0618,12.063610920161056,11.765102481121898,,,,,,,,,,,1.9249779755142322,1698772
ldpc,N288_M144,lambda_pSA,search,61,638,,,,1.777919854342169,4.967837260836433,6.063952372183796,fixed,0.05949378406430529,0.5684559800389636,0.0,0.3532142542624423,6.738710699180131,cosine,0.2703353094108983,0.789101149989146,best_state,4517,3497,12800,0.04856047453703704,0.8541666666666666,0.8541666666666666,0.0047143518518518515,0.0618,10.30056221152902,13.821467098166126,,,,,,,,,,,1.9267486625288939,693059
ldpc,N288_M144,lambda_pSA,search,191,639,,,,0.1916772007352054,0.2882420725837181,0.5191190696979587,llr,0.7995566218244123,0.43160568013472955,0.0,0.08278164751854954,10.49236557939429,linear,1.8559168481888952,0.03781559943391451,majority,9219,81,9600,0.05921585648148148,0.7145833333333332,0.7145833333333332,0.0047143518518518515,0.0618,12.56076303643327,11.562837108953612,,,,,,,,,,,1.9285915696976095,1722529
ldpc,N288_M144,lambda_pSA,search,217,640,,,,0.21818219747421175,0.2315555332873737,0.3843441144741126,llr,0.6063900104141802,0.4659809447944693,0.0,0.06357941388097703,8.02100616033985,linear,1.3348584214128858,0.021527781953436912,majority,8780,540,9600,0.06137876157407408,0.7374999999999999,0.7374999999999999,0.0047143518518518515,0.0618,13.01955464990671,11.933656957928802,,,,,,,,,,,1.9299835959496607,1928423
ldpc,N288_M144,lambda_pSA,search,87,641,,,,0.43408249472427274,0.907642088167338,3.228684963946091,fixed,0.8882323840968291,0.23211251684055537,0.0,0.40878118244134976,11.253827191697464,piecewise,7.900055855160986,0.279921933372847,best_state,2071,17036,25600,0.04597800925925926,0.875,0.875,0.0047143518518518515,0.0618,9.752774231562409,14.158576051779935,,,,,,,,,,,1.9329756482615452,898953
ldpc,N288_M144,lambda_pSA,search,914,642,,,,0.266900560358677,0.23308593584828668,2.3341245923272123,fixed,0.29734107841961827,0.8055903764320609,0.0,0.17462627748439744,10.25459816125571,cosine,0.07682967903660003,0.27757374827240777,best_state,19249,5343,25600,0.08399884259259259,0.4979166666666666,0.4937500000000001,0.0047143518518518515,0.0618,17.817686339978398,8.05690399137001,,,,,,,,,,,1.941167345151871,7447966
ldpc,N288_M144,lambda_pSA,search,360,643,,,,0.12102152760882463,0.07175240604513274,0.8634175351651252,llr,0.7626518800595877,0.9395601121250903,0.0,0.04054598538898087,6.853068218460449,exponential,0.7484705241154668,0.1406895784988161,last,6121,935,19200,0.07217158564814814,0.6124999999999999,0.6104166666666666,0.0047143518518518515,0.0618,15.308909456938034,9.911003236245953,,,,,,,,,,,1.9468189673287792,3060840
ldpc,N288_M144,lambda_pSA,search,902,644,,,,0.2648434706868117,0.2180213181532369,1.9776566197001968,fixed,0.3546598753625306,0.7943745027023129,0.0,0.20821177373496091,8.412271691143358,cosine,0.08663169464637965,0.331905413050779,best_state,22098,3179,25600,0.0740379050925926,0.5854166666666667,0.5812499999999999,0.0047143518518518515,0.0618,15.70478984582147,9.472761596548004,,,,,,,,,,,1.947955267360124,7352938
ldpc,N288_M144,lambda_pSA,search,162,645,,,,0.17808143383595917,0.30378015746752896,0.539540057952191,llr,0.7956191248411639,0.4542133438975596,0.0,0.08957422897514496,10.207799113715401,linear,2.1205434692928553,0.10445951747100515,majority,9410,184,9600,0.055280671296296297,0.7791666666666667,0.7791666666666667,0.0047143518518518515,0.0618,11.72603849553177,12.607874865156418,,,,,,,,,,,1.948835785262322,1492878
ldpc,N288_M144,lambda_pSA,search,106,646,,,,0.610234714659621,0.9819443802329663,3.1939449129494486,fixed,0.037629481439007226,0.17183042053041878,0.0,0.3136166535270123,8.845409470711793,piecewise,9.40915576380759,0.2769422111037537,best_state,2874,13009,25600,0.0501953125,0.8479166666666668,0.8479166666666668,0.0047143518518518515,0.0618,10.647341156830011,13.720334412081986,,,,,,,,,,,1.9511601014029278,1049414
ldpc,N288_M144,lambda_pSA,search,187,647,,,,0.18681883136136132,0.30532207243280385,0.513844457243498,llr,0.7759983523890319,0.43500724158119664,0.0,0.08287341665313516,7.814529360892895,linear,2.027818203957926,0.015425696835779878,majority,9399,87,9600,0.05962094907407408,0.7541666666666665,0.7541666666666665,0.0047143518518518515,0.0618,12.646690562702545,12.203344120819846,,,,,,,,,,,1.9556395611629787,1690853
ldpc,N288_M144,lambda_pSA,search,370,648,,,,0.16154497279279964,0.12762502280094284,0.6581936448840205,snr,0.6795365454425645,0.7393241680988127,0.0,0.05009389274262278,5.699941648404463,exponential,0.6578238535341244,0.039312214709348786,last,7745,7277,19200,0.08739149305555556,0.5916666666666667,0.5895833333333332,0.0047143518518518515,0.0618,18.537329372483555,9.573894282632146,,,,,,,,,,,1.9667389488398037,3140030
ldpc,N288_M144,lambda_pSA,search,168,649,,,,0.16651037359636955,0.32075282207794137,0.6726888496437556,llr,0.7935819040489278,0.4387609962138247,0.0,0.08536524862960378,10.169331964273065,linear,2.139944787986372,0.10758365964747019,majority,9455,81,9600,0.05726996527777778,0.7791666666666667,0.7791666666666667,0.0047143518518518515,0.0618,12.148004026318375,12.607874865156418,,,,,,,,,,,1.9691452945035763,1540392
ldpc,N288_M144,lambda_pSA,search,166,650,,,,0.1644689508070024,0.34602998105051314,0.6595053039894858,llr,0.7866511206148017,0.4481656120848959,0.0,0.08647977986009314,10.08325610543298,linear,1.8740779096686755,0.11033420381810571,majority,10703,10316,25600,0.05115740740740741,0.8479166666666668,0.8479166666666668,0.0047143518518518515,0.0618,10.851419031719534,13.720334412081986,,,,,,,,,,,1.9701382607376103,1524554
ldpc,N288_M144,lambda_pSA,search,343,651,,,,0.14823110307704193,0.09684689972211594,0.692090315437783,llr,0.5182218809621729,0.9099094462721785,0.0,0.04722018259247265,5.210949079949555,exponential,0.6584025779556595,0.04685244624416428,last,5702,1172,19200,0.076171875,0.6270833333333333,0.6229166666666667,0.0047143518518518515,0.0618,16.1574437788471,10.14697950377562,,,,,,,,,,,1.9706258820176157,2926217
ldpc,N288_M144,lambda_pSA,search,163,652,,,,0.17122281850853446,0.3112545612394824,0.6502621737502062,llr,0.7903968003005559,0.436342896149456,0.0,0.10936328570024642,10.569957398297817,linear,2.0623587469197275,0.10551735303079096,majority,9486,113,9600,0.057754629629629635,0.7916666666666666,0.7916666666666666,0.0047143518518518515,0.0618,12.250810173819112,12.810140237324703,,,,,,,,,,,1.9855722343778797,1500797
ldpc,N288_M144,lambda_pSA,search,228,653,,,,0.20722252593400559,0.22069739748575418,0.38417117521791505,llr,0.592433009116434,0.4560976806532603,0.0,0.06288084464827205,7.968214982263451,linear,1.3586205327627479,0.1884254901406448,majority,8793,418,9600,0.06525607638888889,0.7604166666666666,0.7604166666666666,0.0047143518518518515,0.0618,13.842003829912601,12.30447680690399,,,,,,,,,,,1.9974378798360515,2015532
ldpc,N288_M144,lambda_pSA,search,149,654,,,,0.17258007716501744,0.3723336453950872,0.7277854141296887,llr,0.8592189565472137,0.39863248428629955,0.0,0.06925874053182335,11.541340127258195,linear,2.089258648839183,0.15682397251981267,majority,12033,11991,25600,0.05244502314814815,0.8645833333333334,0.8645833333333334,0.0047143518518518515,0.0618,11.124545811646863,13.990021574973031,,,,,,,,,,,1.99774291854064,1389931
ldpc,N288_M144,lambda_pSA,search,262,655,,,,0.1572709267527397,0.20468789601745171,0.4341470897599801,llr,0.6449884581520879,0.5546349866020497,0.0,0.07184368436124892,6.2031855677935335,linear,1.194992774008598,0.0005530719131832105,last,8393,302,9600,0.09238281249999998,0.6375000000000001,0.6375000000000001,0.0047143518518518515,0.0618,19.59607924972994,10.315533980582526,,,,,,,,,,,2.0052831558165756,2284778
ldpc,N288_M144,lambda_pSA,search,387,656,,,,0.15669536170241807,0.09039906376037173,0.6825386222916427,llr,0.6419211657613821,0.9123137246113001,0.0,0.04969075782146259,4.333724060817779,exponential,0.0928312265070919,0.03375012362895476,last,5750,6053,19200,0.0808666087962963,0.6437499999999999,0.6437499999999999,0.0047143518518518515,0.0618,17.153282431503488,10.416666666666666,,,,,,,,,,,2.0228855933596566,3274653
ldpc,N288_M144,lambda_pSA,search,157,657,,,,0.1717416744700247,0.32825155706343795,1.1814519852352012,llr,0.8979607700976848,0.4336362479360393,0.0,0.08344616755458614,10.123401866293182,linear,1.6101844103500103,0.11609566414970013,majority,9440,33,9600,0.05766059027777778,0.8541666666666666,0.8541666666666666,0.0047143518518518515,0.0618,12.230862712363745,13.821467098166126,,,,,,,,,,,2.0287307221131616,1453283
ldpc,N288_M144,lambda_pSA,search,362,658,,,,0.15740956467081052,0.1298717102346551,0.64460510091155,snr,0.6760502274264221,0.7330789249466039,0.0,0.0513721157302952,5.654240419517399,exponential,0.8142406361653075,0.03910946172056845,last,7773,7181,19200,0.10583767361111111,0.6104166666666667,0.6104166666666667,0.0047143518518518515,0.0618,22.450100657959347,9.877292340884575,,,,,,,,,,,2.028964026137282,3076678
ldpc,N288_M144,lambda_pSA,search,164,659,,,,0.1733575583403282,0.3048400327054968,0.569700957201784,llr,0.788336967094807,0.440411743598584,0.0,0.09807431248633867,10.26990889810856,linear,1.621656187139447,0.10573118096568515,majority,9479,32,9600,0.06916956018518518,0.7625000000000001,0.7625000000000001,0.0047143518518518515,0.0618,14.672125110478248,12.338187702265373,,,,,,,,,,,2.0382895227404236,1508716
ldpc,N288_M144,lambda_pSA,search,368,660,,,,0.16305772507376365,0.1279958534073978,0.6449157012781923,snr,0.6751838155240306,0.7401705332387797,0.0,0.03583002117102009,5.530787942545826,exponential,0.6495803581173559,0.037631814537987716,last,7692,8237,19200,0.09898726851851852,0.6375000000000001,0.6375000000000001,0.0047143518518518515,0.0618,20.997004811941473,10.315533980582526,,,,,,,,,,,2.0405159251118845,3124192
ldpc,N288_M144,lambda_pSA,search,182,661,,,,0.18692530136794758,0.30795107529217247,0.530483827223619,llr,0.7742074953012109,0.42705526255238235,0.0,0.08208862330780209,10.46645700465613,linear,1.8513751455964145,0.02793850372224821,majority,9279,40,9600,0.07136140046296297,0.7708333333333334,0.7708333333333334,0.0047143518518518515,0.0618,15.13705440439949,12.473031283710895,,,,,,,,,,,2.046325477296142,1651258
ldpc,N288_M144,lambda_pSA,search,391,662,,,,0.15756637680043212,0.08927266682856716,0.6524203232780371,llr,0.6302985921511682,0.9211254101898775,0.0,0.1501186393201283,4.365010650564045,exponential,0.11676336564636226,0.03461435462487,last,5685,6382,19200,0.08295717592592593,0.6791666666666667,0.6749999999999999,0.0047143518518518515,0.0618,17.59672984385741,10.98975188781014,,,,,,,,,,,2.0682063981449574,3306329
ldpc,N288_M144,lambda_pSA,search,160,663,,,,0.16881336540430147,0.3218772945126565,0.649482776326192,llr,0.8992356984588756,0.44319080296920926,0.0,0.09214366302032974,10.162413116528453,linear,1.5661539284356365,0.11358831316350956,majority,9474,72,9600,0.06705005787037037,0.8166666666666668,0.8166666666666668,0.0047143518518518515,0.0618,14.22254001767652,13.214670981661275,,,,,,,,,,,2.071936749487378,1477040
ldpc,N288_M144,lambda_pSA,search,167,664,,,,0.16956401084585,0.32504086040285685,0.5637036550088942,llr,0.7988162697497052,0.4347876590574806,0.0,0.08810994950504882,10.088710942393927,linear,2.063702296075071,0.10611479874129365,majority,9456,92,9600,0.0652126736111111,0.8416666666666668,0.8416666666666668,0.0047143518518518515,0.0618,13.832797309240892,13.619201725997844,,,,,,,,,,,2.0725478664322616,1532473
ldpc,N288_M144,lambda_pSA,search,232,665,,,,0.22300336353575448,0.19060212975742985,0.32325650094470615,llr,0.6205563478478836,0.6345717812211904,0.0,0.05363582748296401,5.449769165838532,linear,1.2504617760897225,0.001803243720750342,majority,8633,725,9600,0.08088831018518518,0.7333333333333334,0.7333333333333334,0.0047143518518518515,0.0618,17.15788569183934,11.866235167206042,,,,,,,,,,,2.074312068356986,2047208
ldpc,N288_M144,lambda_pSA,search,388,666,,,,0.15958651161965778,0.0941993441866242,0.6482687309000136,llr,0.6027478419978987,0.914633053319385,0.0,0.03649108467553229,4.20424724083619,exponential,0.11390819657188384,0.03675288502798087,last,5826,7457,19200,0.08561197916666667,0.6791666666666667,0.6791666666666667,0.0047143518518518515,0.0618,18.159862024943536,10.98975188781014,,,,,,,,,,,2.075284377185403,3282572
ldpc,N288_M144,lambda_pSA,search,393,667,,,,0.1598150070240451,0.09097737756116303,0.6612173650188975,llr,0.6133619687937458,0.9217295498491075,0.0,0.036275105648616524,4.095078780783501,exponential,0.12594058793833762,0.0496853807394724,last,5825,8377,19200,0.08773871527777777,0.68125,0.6708333333333334,0.0047143518518518515,0.0618,18.610981537857214,11.02346278317152,,,,,,,,,,,2.0811562946742965,3322167
ldpc,N288_M144,lambda_pSA,search,395,668,,,,0.15547133048416445,0.0925073792889062,0.6490512387406516,llr,0.6086392967004677,0.9204995426730548,0.0,0.03537677801443904,3.672518081198003,exponential,0.09634273046421399,0.035769744630658476,last,6459,6264,19200,0.08918547453703703,0.6791666666666667,0.6791666666666667,0.0047143518518518515,0.0618,18.91786556024747,10.98975188781014,,,,,,,,,,,2.082681667568031,3338005
ldpc,N288_M144,lambda_pSA,search,390,669,,,,0.15798588615358292,0.09054324822294131,0.6580875815216449,llr,0.6115340580778242,0.9224904306394318,0.0,0.035686135147665034,4.246929754968238,exponential,0.0933905761881265,0.0373589172830986,last,5767,8253,19200,0.08896846064814816,0.6875,0.6854166666666667,0.0047143518518518515,0.0618,18.871832956888937,11.124595469255663,,,,,,,,,,,2.0866263596462584,3298410
ldpc,N288_M144,lambda_pSA,search,154,670,,,,0.17704434991946244,0.38158575527679345,0.8358378184109314,llr,0.8622756411287403,0.35262734620294023,0.0,0.07695006687665813,11.207114780888043,linear,3.1262669698119385,0.12132121903399251,majority,12266,11904,25600,0.05599681712962964,0.9729166666666668,0.9729166666666668,0.0047143518518518515,0.0618,11.87794608661495,15.742988133764834,,,,,,,,,,,2.094434106115716,1429526
ldpc,N288_M144,lambda_pSA,search,158,671,,,,0.165950448540178,0.32097529630463073,0.574770761669571,llr,0.7944601758879064,0.45122893050640267,0.0,0.09399288663254331,10.081041314960892,linear,2.11388540929215,0.10663151176254776,majority,9476,46,9600,0.07029079861111111,0.8270833333333334,0.8270833333333334,0.0047143518518518515,0.0618,14.909960227830698,13.383225458468178,,,,,,,,,,,2.097909881909918,1461202
ldpc,N288_M144,lambda_pSA,search,184,672,,,,0.1567729993842726,0.3077001855328096,0.532627894811366,llr,0.7756275331562754,0.43279667350788215,0.0,0.08225472424031002,10.504832749511651,linear,1.8141118252516435,0.03367986174651391,majority,9227,60,9600,0.07061631944444445,0.84375,0.84375,0.0047143518518518515,0.0618,14.979009132868509,13.652912621359222,,,,,,,,,,,2.1014451946356347,1667096
ldpc,N288_M144,lambda_pSA,search,257,673,,,,0.15667176947453773,0.2063510195928762,0.42058156479016096,llr,0.6486007180392827,0.5586340295491753,0.0,0.0699970536253999,6.328941796472162,linear,1.2312137306243947,0.009894924009019684,last,8328,625,9600,0.09777199074074074,0.6833333333333332,0.6833333333333332,0.0047143518518518515,0.0618,20.739222233133656,11.0571736785329,,,,,,,,,,,2.1026774683829537,2245183
ldpc,N288_M144,lambda_pSA,search,171,674,,,,0.1215463736674891,0.26462212948894864,0.6608473536911783,llr,0.8997197204290764,0.49460055019907867,0.0,0.1160628003748503,9.151563861127393,linear,1.6713181413252136,0.06726456131412945,majority,8788,200,9600,0.06098813657407407,0.93125,0.93125,0.0047143518518518515,0.0618,12.936695963861338,15.068770226537216,,,,,,,,,,,2.103066864949249,1564149
ldpc,N288_M144,lambda_pSA,search,372,675,,,,0.16830233481439097,0.12394889096521637,0.6459447414188585,snr,0.6753775138298557,0.7385692454815693,0.0,0.05029474113283253,5.672195453975448,exponential,0.8485676967016759,0.0366415234140548,last,7597,7125,19200,0.10379774305555554,0.6833333333333335,0.6770833333333334,0.0047143518518518515,0.0618,22.01739418638908,11.057173678532903,,,,,,,,,,,2.109368032373079,3155868
ldpc,N288_M144,lambda_pSA,search,549,676,,,,0.11165816368513012,0.11665536187112818,1.3631153144497035,snr,0.4679992911399927,0.9058504775032604,0.0,0.03316761112327184,3.411993338643929,cosine,0.05881276375058911,0.7793192273249901,last,17204,1943,19200,0.13023003472222222,0.55625,0.55625,0.0047143518518518515,0.0618,27.6241652754591,9.000809061488674,,,,,,,,,,,2.1121564730800553,4557531
ldpc,N288_M144,lambda_pSA,search,186,677,,,,0.1542066427951172,0.3103828598939584,0.533985411265901,llr,0.7706281582444079,0.4336462760696545,0.0,0.08397115717771923,10.381751714813518,linear,1.8576559746790933,0.18173399508434188,majority,9175,96,9600,0.06553096064814816,0.8916666666666667,0.8916666666666667,0.0047143518518518515,0.0618,13.900311794166752,14.428263214670983,,,,,,,,,,,2.114950470974882,1682934
ldpc,N288_M144,lambda_pSA,search,200,678,,,,0.2534175510703196,0.18900787334944744,0.4786925993728069,llr,0.7621926947771035,0.4627880393537854,0.0,0.0599286626334416,5.760178514438215,linear,1.118591577471101,0.00494157370795167,majority,8906,108,9600,0.1023726851851852,0.6583333333333333,0.6541666666666667,0.0047143518518518515,0.0618,21.71511342433468,10.652642934196331,,,,,,,,,,,2.1179680194692265,1793800
ldpc,N288_M144,lambda_pSA,search,234,679,,,,0.21216615644097042,0.1886999419830094,0.309088947032021,llr,0.7076085587435884,0.6262167072416182,0.0,0.07352925830619798,5.412410172214765,linear,1.0021945254413507,0.025363171380886843,majority,8642,694,9600,0.08682002314814814,0.7687499999999999,0.7687499999999999,0.0047143518518518515,0.0618,18.4161101836394,12.439320388349513,,,,,,,,,,,2.122806620740493,2063046
ldpc,N288_M144,lambda_pSA,search,259,680,,,,0.1479062875481594,0.2066969100998403,0.4255012854976488,llr,0.6450935800670616,0.553184877920495,0.0,0.07045143453282678,6.18944120615057,linear,1.2011835356473384,0.009294152850203432,last,7368,1820,9600,0.09887152777777776,0.7083333333333334,0.7083333333333334,0.0047143518518518515,0.0618,20.972454090150247,11.461704422869472,,,,,,,,,,,2.1235448079804153,2261021
ldpc,N288_M144,lambda_pSA,search,435,681,,,,0.1767609250627764,0.13933351548265255,0.9325285475804791,llr,0.4466559289317457,0.8594085559717081,0.0,0.04018526532660569,3.1000137337136344,exponential,0.06767927717916951,0.7886059889635998,last,6565,5945,19200,0.12095630787037037,0.6104166666666666,0.6083333333333333,0.0047143518518518515,0.0618,25.657038691937544,9.877292340884573,,,,,,,,,,,2.1305914154703913,3654765
ldpc,N288_M144,lambda_pSA,search,138,682,,,,0.22133554238766207,0.5095165079183208,1.4274505153895336,llr,0.8217415265914408,0.3269556039944036,0.0,2.570016214751638,8.446966173277831,linear,4.284839784306533,0.24230112254430933,majority,14774,9770,25600,0.05912905092592593,0.9854166666666666,0.9854166666666666,0.0047143518518518515,0.0618,12.542349995089857,15.945253505933117,,,,,,,,,,,2.1306890152009803,1302822
ldpc,N288_M144,lambda_pSA,search,147,683,,,,0.1709531963501563,0.3479021271373519,0.7637964473853913,llr,0.8573208003941395,0.39717763083223556,0.0,0.09731468461007725,7.56981563326874,linear,3.1121739701713587,0.1367980153278886,majority,11808,11996,25600,0.05919415509259259,0.99375,0.99375,0.0047143518518518515,0.0618,12.556159776097418,16.08009708737864,,,,,,,,,,,2.13353937834877,1374093
ldpc,N288_M144,lambda_pSA,search,313,684,,,,0.07818002051201976,0.1248938762475071,0.7705751621419064,llr,0.6646102808702532,0.7937253746568018,0.0,0.04294661769649468,5.480079862362929,exponential,0.2913103923957408,0.06756759018839432,last,6658,2307,19200,0.06827980324074075,0.93125,0.93125,0.0047143518518518515,0.0618,14.483391436708242,15.068770226537216,,,,,,,,,,,2.1406145115178634,2688647
ldpc,N288_M144,lambda_pSA,search,153,685,,,,0.1769311090105127,0.4293705175054206,0.7101378367359058,llr,0.8545801378486185,0.40288871192922243,0.0,0.06826045732643886,11.433914049107909,linear,2.293461540225271,0.15124214107048564,majority,13671,10379,25600,0.06023582175925926,0.99375,0.99375,0.0047143518518518515,0.0618,12.777116272218404,16.08009708737864,,,,,,,,,,,2.1432197858773843,1421607
ldpc,N288_M144,lambda_pSA,search,231,686,,,,0.22450710100890323,0.1903892773992817,0.3288500760934081,llr,0.6159621136632805,0.601836618270777,0.0,0.054303630760428045,5.43617247062764,linear,1.054879688956878,0.005015739008761946,majority,8597,731,9600,0.08534432870370372,0.7854166666666665,0.7833333333333333,0.0047143518518518515,0.0618,18.10308848080134,12.709007551240559,,,,,,,,,,,2.1432511475392833,2039289
ldpc,N288_M144,lambda_pSA,search,978,687,,,,0.3262601436509186,0.27248461959461556,1.9769840594181654,fixed,0.3925620030739698,0.7504806956117601,0.0,0.1589522266982245,9.62001000360608,cosine,0.11586231601071803,0.32249533418986653,best_state,20279,5155,25600,0.09382957175925925,0.69375,0.6895833333333333,0.0047143518518518515,0.0618,19.9029632721202,11.225728155339805,,,,,,,,,,,2.1434792701862935,7954782
ldpc,N288_M144,lambda_pSA,search,139,688,,,,0.2281750142539565,0.5071930811296678,0.7800263254106957,llr,0.8390422318072979,0.13746151564583287,0.0,0.06963462675349928,11.83065360820657,linear,4.166708789933086,0.23740129335364715,majority,12589,9927,25600,0.06134982638888888,0.9854166666666666,0.9854166666666666,0.0047143518518518515,0.0618,13.013416969458902,15.945253505933117,,,,,,,,,,,2.1437910607700568,1310741
ldpc,N288_M144,lambda_pSA,search,913,689,,,,0.26820862569273624,0.23747223321947486,2.372462454280614,fixed,0.2872408517311563,0.7609145214282431,0.0,0.19020969086708214,10.473087152390338,cosine,0.07686346175954314,0.29655276199026415,best_state,19276,5559,25600,0.12073206018518517,0.5416666666666666,0.5395833333333333,0.0047143518518518515,0.0618,25.60947166846705,8.764832793959007,,,,,,,,,,,2.143880869959621,7440047
ldpc,N288_M144,lambda_pSA,search,350,690,,,,0.12313593099318017,0.06706509584033209,1.1124307361042918,llr,0.7603803050042096,0.9410758471031969,0.0,0.040498239891337176,6.9437323634428445,exponential,0.7625996572859423,0.08613597769792275,last,6074,7050,19200,0.08990162037037037,0.7416666666666667,0.7333333333333334,0.0047143518518518515,0.0618,19.06977315133065,12.001078748651565,,,,,,,,,,,2.1470553659837055,2981650
ldpc,N288_M144,lambda_pSA,search,156,691,,,,0.16486242421955583,0.36221997312472864,0.8241615697105187,llr,0.7945264960155967,0.35124763023063915,0.0,0.0659543586895881,10.697560147001983,linear,3.1070131635583307,0.1654176248932271,majority,11754,12086,25600,0.060966435185185186,0.99375,0.99375,0.0047143518518518515,0.0618,12.932092703525484,16.08009708737864,,,,,,,,,,,2.1493326358143814,1445364
ldpc,N288_M144,lambda_pSA,search,178,692,,,,0.1328665525491187,0.2657857498924301,0.42735174949582777,llr,0.750679741747635,0.4907379661328273,0.0,0.10656924938176976,9.208111017945738,linear,1.518752237090346,0.070281559468024,majority,8529,245,9600,0.06532841435185185,0.9520833333333334,0.9520833333333334,0.0047143518518518515,0.0618,13.857348031032114,15.405879180151025,,,,,,,,,,,2.1527463081969866,1619582
ldpc,N288_M144,lambda_pSA,search,940,693,,,,0.27472940835113996,0.23873710826679717,1.8190774121616937,fixed,0.33913007574004567,0.7102109615207828,0.0,0.20555943865519546,9.770167314550422,cosine,0.13115730132125533,0.3052345341491195,best_state,18589,5217,25600,0.11966145833333335,0.5520833333333334,0.5499999999999999,0.0047143518518518515,0.0618,25.382377491898268,8.933387270765913,,,,,,,,,,,2.160218011402926,7653860
ldpc,N288_M144,lambda_pSA,search,119,694,,,,0.3705003964819744,0.7907641680303417,2.0723175423027542,fixed,0.0036355365914486903,0.26390194491252444,0.0,2.6117239934056533,2.940559151136694,piecewise,6.725052322479359,0.2848820866814647,best_state,2768,12885,25600,0.06605179398148149,0.975,0.975,0.0047143518518518515,0.0618,14.010790042227244,15.776699029126213,,,,,,,,,,,2.163194274658441,1152361
ldpc,N288_M144,lambda_pSA,search,208,695,,,,0.20115042787980733,0.15046408752200555,0.4717573956871356,llr,0.8198084273828735,0.5225217997861579,0.0,0.04932025060574987,6.9455016317555005,linear,0.05419206092677841,6.619461806691047e-05,majority,9190,94,9600,0.10093315972222223,0.7125,0.7083333333333334,0.0047143518518518515,0.0618,21.409763822056373,11.529126213592233,,,,,,,,,,,2.164780824269147,1857152
ldpc,N288_M144,lambda_pSA,search,570,696,,,,0.09768008613430519,0.1765557406316952,1.5381279231839347,snr,0.4396131828447907,0.9484721471700667,0.0,0.5832048969256364,4.642050767144447,cosine,0.07907835425511613,0.8280765051788382,last,17829,1254,19200,0.06850405092592592,0.9625,0.9625,0.0047143518518518515,0.0618,14.530958460178729,15.574433656957929,,,,,,,,,,,2.1690220494990795,4723830
ldpc,N288_M144,lambda_pSA,search,385,697,,,,0.16408008710251593,0.09307438291505996,0.6585747840190721,llr,0.6120963631414131,0.8839661123571446,0.0,0.035915777649459385,3.6078551947563984,exponential,0.08930457196882073,0.039274932456729084,last,7348,7325,19200,0.09990596064814816,0.7270833333333333,0.7229166666666665,0.0047143518518518515,0.0618,21.19187616615929,11.765102481121898,,,,,,,,,,,2.169584244553393,3258815
ldpc,N288_M144,lambda_pSA,search,114,698,,,,0.3716530873901838,0.733276545438304,2.0867274127722673,fixed,0.003456299616711969,0.2577684973040026,0.0,0.2012875540334263,8.79917921026836,piecewise,6.61386899650758,0.27064710575597445,best_state,5199,13618,25600,0.06760706018518518,0.9625,0.9625,0.0047143518518518515,0.0618,14.34069036629677,15.574433656957929,,,,,,,,,,,2.1698600476887067,1112766
ldpc,N288_M144,lambda_pSA,search,396,699,,,,0.16712379656181717,0.09315425949178155,0.6677923840501971,llr,0.6186271703346903,0.9186922293741322,0.0,0.05055294466255592,3.7144416867299994,exponential,0.09221254704526191,0.03367198576112784,last,5752,6090,19200,0.09502314814814815,0.7312500000000001,0.7291666666666666,0.0047143518518518515,0.0618,20.156142590592165,11.832524271844662,,,,,,,,,,,2.170667925809823,3345924
ldpc,N288_M144,lambda_pSA,search,161,700,,,,0.16731353274034944,0.3367265734379021,0.5990990769752373,llr,0.9068807370509928,0.3919883869390627,0.0,0.08528255429858234,10.215443871550459,linear,2.248759739722156,0.10824970636310403,majority,9463,1,9600,0.08020109953703704,0.8666666666666667,0.8666666666666667,0.0047143518518518515,0.0618,17.01211578120397,14.023732470334412,,,,,,,,,,,2.17914759043379,1484959
ldpc,N288_M144,lambda_pSA,search,133,701,,,,0.21948322679565826,0.4642879944800253,0.8076718087493917,llr,0.8429586080587845,0.34015921426549606,0.0,2.29859021826078,2.673925057779755,linear,4.010209062669291,0.2401415762256996,majority,12912,9763,25600,0.06574074074074075,0.9979166666666667,0.9979166666666667,0.0047143518518518515,0.0618,13.944809977413339,16.1475188781014,,,,,,,,,,,2.1864270357455173,1263227
ldpc,N288_M144,lambda_pSA,search,386,702,,,,0.15803447173087845,0.09262810866185438,0.6504459869773919,llr,0.6067726764559123,0.9243372769489452,0.0,0.03692750519741734,3.54150186787442,exponential,0.1213131238221509,0.03521744481521572,last,5843,8604,19200,0.09964554398148147,0.75,0.7479166666666667,0.0047143518518518515,0.0618,21.13663704212904,12.135922330097086,,,,,,,,,,,2.18702634926726,3266734
ldpc,N288_M144,lambda_pSA,search,203,703,,,,0.1962793654373424,0.2834137644918731,0.35776252056351315,llr,0.7582117610573299,0.4693630846716741,0.0,0.055145811820854373,5.982865384719543,linear,1.1401764993101873,0.02393580387747863,majority,8970,106,9600,0.08075086805555555,0.8833333333333333,0.8833333333333333,0.0047143518518518515,0.0618,17.128731709712266,14.293419633225458,,,,,,,,,,,2.188159553048788,1817557
ldpc,N288_M144,lambda_pSA,search,73,704,,,,1.9331726925523878,2.4443314863881778,3.9894762239066477,llr,0.15694086280808678,0.10528675210993667,0.0,0.6221656288091584,2.411597853676446,cosine,2.4810769239466475,0.43195121971845457,best_state,3568,2727,12800,0.10173611111111112,0.7666666666666667,0.6625,0.0047143518518518515,0.0618,21.580084454482964,12.405609492988134,,,,,,,,,,,2.1908303301109573,788087
ldpc,N288_M144,lambda_pSA,search,145,705,,,,0.18097550594779996,0.43725611114582436,0.7711938312235639,llr,0.855232249368858,0.13818073893336155,0.0,0.03739450318112522,11.863782286129405,linear,3.106685401790923,0.16820446577891277,majority,11885,12243,25600,0.06631221064814814,1.0,1.0,0.0047143518518518515,0.0618,14.066029166257488,16.181229773462782,,,,,,,,,,,2.1921671025818528,1358255
ldpc,N288_M144,lambda_pSA,search,566,706,,,,0.09678893094179447,0.1766217941857743,1.5476169379013152,snr,0.43136713059689735,0.9489895332693863,0.0,0.5706238941987672,4.704488471185933,cosine,0.07888736240245593,0.8239140045758195,last,15877,2886,19200,0.0704933449074074,0.9770833333333333,0.9770833333333333,0.0047143518518518515,0.0618,14.952923990965333,15.810409924487594,,,,,,,,,,,2.1927372857445526,4692154
ldpc,N288_M144,lambda_pSA,search,567,707,,,,0.09890425028500165,0.17178323366091694,1.48694902199253,snr,0.39177605916820357,0.9437177105361362,0.0,0.6051919266395341,4.11387739486945,cosine,0.07930064018275615,0.8266597317902007,last,13218,2864,19200,0.07029079861111111,0.9874999999999999,0.9874999999999999,0.0047143518518518515,0.0618,14.909960227830698,15.978964401294498,,,,,,,,,,,2.198414170753392,4700073
ldpc,N288_M144,lambda_pSA,search,240,708,,,,0.22690443522272802,0.18399703929896355,0.32893847576943425,llr,0.6200250690288471,0.6195149847186073,0.0,0.07292158477228071,5.456010489521387,linear,0.9947102182559858,0.023615814869773395,majority,8642,722,9600,0.1025462962962963,0.7687499999999999,0.7687499999999999,0.0047143518518518515,0.0618,21.751939507021508,12.439320388349513,,,,,,,,,,,2.203447934777074,2110560
ldpc,N288_M144,lambda_pSA,search,394,709,,,,0.1674577675439235,0.0919133763606779,0.655927885466914,llr,0.6044685484221163,0.9273236729661256,0.0,0.035913805630956724,3.6203551418924134,exponential,0.11435475937923996,0.04069018655171994,last,5706,7452,19200,0.10382667824074075,0.75625,0.75,0.0047143518518518515,0.0618,22.02353186683689,12.237055016181229,,,,,,,,,,,2.215670582216006,3330086
ldpc,N288_M144,lambda_pSA,search,143,710,,,,0.22448500611057096,0.5381168765118653,0.7994338062958901,llr,0.8264949989286534,0.32480471022570695,0.0,2.4317312527512165,2.6419866027031764,linear,2.242521579728381,0.357692861837305,majority,13139,11633,25600,0.06957465277777777,1.0,1.0,0.0047143518518518515,0.0618,14.75805263674752,16.181229773462782,,,,,,,,,,,2.2168415949188374,1342417
ldpc,N288_M144,lambda_pSA,search,392,711,,,,0.17004435466860393,0.090199984279365,0.6677469970658193,llr,0.6114833096957322,0.9274296077309159,0.0,0.035905024750567886,4.349089109502561,exponential,0.10441457185779436,0.6734871964712914,last,5733,8135,19200,0.10063657407407407,0.7645833333333334,0.7645833333333334,0.0047143518518518515,0.0618,21.346852597466366,12.371898597626753,,,,,,,,,,,2.217762673015582,3314248
ldpc,N288_M144,lambda_pSA,search,230,712,,,,0.22745687254194832,0.18360095705096371,0.33185854001791565,llr,0.6301995060753292,0.599036760771788,0.0,0.05427232584309841,5.481249173245232,linear,1.007077992398829,0.00012846341292929372,majority,8624,721,9600,0.10499855324074074,0.7791666666666667,0.7770833333333335,0.0047143518518518515,0.0618,22.272107924972996,12.607874865156418,,,,,,,,,,,2.2199220710975576,2031370
ldpc,N288_M144,lambda_pSA,search,314,713,,,,0.07904206452839717,0.13755425681431288,0.8092759842312879,llr,0.7006892137710046,0.8072662140751828,0.0,0.042861228248929385,5.496479611653293,exponential,0.13534306274164618,0.06572573229247727,last,6528,2420,19200,0.07337239583333333,0.9874999999999999,0.9874999999999999,0.0047143518518518515,0.0618,15.563623195521949,15.978964401294498,,,,,,,,,,,2.2208051101210544,2696566
ldpc,N288_M144,lambda_pSA,search,135,714,,,,0.21410478096406535,0.49988324213205826,0.9838849453279425,llr,0.9405970533252621,0.3357090809723023,0.0,2.4068136575224646,2.623914202865965,linear,3.1379628455029382,0.24145115886358193,majority,12015,12272,25600,0.07098524305555555,1.0,1.0,0.0047143518518518515,0.0618,15.057264558578021,16.181229773462782,,,,,,,,,,,2.222856729580787,1279065
ldpc,N288_M144,lambda_pSA,search,148,715,,,,0.15282147809180505,0.3752631557585054,0.7399281116957955,llr,0.8619616850146102,0.4026332941159389,0.0,0.07395841151719955,7.5862538715727545,linear,2.2279612486366127,0.16287701710674313,majority,12107,12218,25600,0.07094907407407407,1.0,1.0,0.0047143518518518515,0.0618,15.049592458018266,16.181229773462782,,,,,,,,,,,2.22299681856164,1382012
ldpc,N288_M144,lambda_pSA,search,233,716,,,,0.2224984632104309,0.20072093387828574,0.3137084353403421,llr,0.7026782720529872,0.5542576045568376,0.0,0.0541856386563867,5.799465830347702,linear,1.2237808200029996,0.023745607076284023,majority,8591,724,9600,0.09008969907407409,0.8541666666666666,0.8541666666666666,0.0047143518518518515,0.0618,19.109668074241387,13.821467098166126,,,,,,,,,,,2.2234660742397447,2055127
ldpc,N288_M144,lambda_pSA,search,389,717,,,,0.16883279390480233,0.09190639458771933,0.6406854904282696,llr,0.6271775013031675,0.9183088761479969,0.0,0.03623339122615017,3.567167339615277,exponential,0.09571734906226673,0.038500021622180816,last,5838,6220,19200,0.10350115740740741,0.7666666666666666,0.7645833333333334,0.0047143518518518515,0.0618,21.95448296179908,12.405609492988132,,,,,,,,,,,2.2235453417351216,3290491
ldpc,N288_M144,lambda_pSA,search,937,718,,,,0.27957358461184484,0.24266237378678351,1.8187573143898954,fixed,0.34233893042179103,0.8114153252806002,0.0,0.2066917632946375,9.559856314974395,piecewise,0.08842987624954743,0.3349705246487736,best_state,18531,5674,25600,0.11184172453703704,0.7020833333333334,0.69375,0.0047143518518518515,0.0618,23.723669350878918,11.36057173678533,,,,,,,,,,,2.229383753373679,7630103
ldpc,N288_M144,lambda_pSA,search,572,719,,,,0.0961026502592208,0.17401039708360685,1.2694606794446006,snr,0.3898849345359096,0.9441418822408284,0.0,0.6001668457392104,4.726460234148226,cosine,0.07922208511664894,0.827703195410281,last,17536,1518,19200,0.07787905092592592,0.9729166666666668,0.9729166666666668,0.0047143518518518515,0.0618,16.519566925267604,15.742988133764834,,,,,,,,,,,2.230826703806348,4739668
ldpc,N288_M144,lambda_pSA,search,547,720,,,,0.11332350610823508,0.12069838436079855,1.356294079423818,snr,0.5105158910534209,0.904098627310429,0.0,0.03021454141382821,3.174464896096658,cosine,0.05888459864772989,0.7310355141946012,last,16756,2393,19200,0.14296875,0.6291666666666667,0.6291666666666667,0.0047143518518518515,0.0618,30.326279092605326,10.180690399137001,,,,,,,,,,,2.2360850943710053,4541693
ldpc,N288_M144,lambda_pSA,search,124,721,,,,0.2910026079350973,0.7128312619739353,1.5466323469179242,llr,0.8312913168696888,0.30894760015453915,0.0,2.2731573696039615,2.9101912600071795,piecewise,5.66182456154702,0.31884511795479015,majority,693,11736,25600,0.07281539351851853,1.0,1.0,0.0047143518518518515,0.0618,15.445472846901701,16.181229773462782,,,,,,,,,,,2.2362885660146183,1191956
ldpc,N288_M144,lambda_pSA,search,9,722,,,,0.4916184243558922,1.3314537378754105,2.967794001278119,llr,0.7005813025857155,0.12440951964931966,0.0,0.5701724925371525,3.3270841631445682,piecewise,2.426400532088746,0.7695157889311038,best_state,5347,15089,25600,0.07450810185185185,0.9958333333333332,0.9958333333333332,0.0047143518518518515,0.0618,15.8045271530983,16.11380798274002,,,,,,,,,,,2.2369001666933004,281271
ldpc,N288_M144,lambda_pSA,search,141,723,,,,0.23010838573538783,0.5224767114187039,1.405047502252878,llr,0.9283312738949753,0.3156027548918772,0.0,1.3681907027032205,2.636486308781621,linear,4.186807355763378,0.24271530992710028,majority,19183,3347,25600,0.07318431712962963,1.0,1.0,0.0047143518518518515,0.0618,15.523728272611216,16.181229773462782,,,,,,,,,,,2.2382551608518035,1326579
ldpc,N288_M144,lambda_pSA,search,196,724,,,,0.19974532164500858,0.22073326539606195,0.3625539772466112,llr,0.8116214618683442,0.46818913471622914,0.0,0.060159165681389334,5.887989340342654,linear,1.1525673803888399,0.0021313209874001364,majority,8946,117,9600,0.1072048611111111,0.7979166666666666,0.7979166666666666,0.0047143518518518515,0.0618,22.740106059118137,12.911272923408845,,,,,,,,,,,2.238575499298223,1762124
ldpc,N288_M144,lambda_pSA,search,159,725,,,,0.1690241788225728,0.3416346388690721,0.554744773056014,llr,0.7968359554079308,0.44492202089723576,0.0,0.09023195048936268,9.937678216136533,linear,2.0012614743831225,0.09221322491772971,majority,9449,13,9600,0.08724681712962963,0.8937500000000002,0.8937500000000002,0.0047143518518518515,0.0618,18.506640970244526,14.461974110032365,,,,,,,,,,,2.2390497212156433,1469121
ldpc,N288_M144,lambda_pSA,search,126,726,,,,0.3021474336011951,0.7452775984607166,1.8614789146853814,llr,0.0864508695410008,0.2943343794818512,0.0,2.0519393272990385,2.792835639144088,linear,5.512392163418138,0.33646787293723346,majority,5371,15517,25600,0.07353877314814815,1.0,1.0,0.0047143518518518515,0.0618,15.59891485809683,16.181229773462782,,,,,,,,,,,2.240268091446757,1207794
ldpc,N288_M144,lambda_pSA,search,574,727,,,,0.09381872240714619,0.17655850164932999,1.4577264903866873,snr,0.4267301964740877,0.9496373539314552,0.0,0.5705526089047152,4.65100394613675,cosine,0.08057002806992505,0.8288649960659487,last,13201,2827,19200,0.07541956018518518,0.9979166666666667,0.9979166666666667,0.0047143518518518515,0.0618,15.997864087204164,16.1475188781014,,,,,,,,,,,2.240452749884381,4755506
ldpc,N288_M144,lambda_pSA,search,142,728,,,,0.2088149756589469,0.508113587269337,0.9592685781208256,llr,0.8395224284649538,0.32601601222709625,0.0,2.4707606144427396,2.6447414521361328,linear,4.941425881940623,0.3526575784147025,majority,11789,9249,25600,0.07414641203703705,1.0,1.0,0.0047143518518518515,0.0618,15.72780614750074,16.181229773462782,,,,,,,,,,,2.2430899607035126,1334498
ldpc,N288_M144,lambda_pSA,search,237,729,,,,0.22762222672346044,0.18779943583889228,0.31746818754272593,llr,0.6952920584967265,0.6056109912870457,0.0,0.05285564953826941,5.751666268297559,linear,1.0216389434852098,0.023255358693427656,majority,8638,731,9600,0.10974392361111111,0.78125,0.78125,0.0047143518518518515,0.0618,23.278687518413044,12.641585760517799,,,,,,,,,,,2.2431936465666285,2086803
ldpc,N288_M144,lambda_pSA,search,239,730,,,,0.22691717181644705,0.19126769872794752,0.29817393678862675,llr,0.7092243418625902,0.6508294967789474,0.0,0.052573149702514047,5.5118424639695975,linear,1.235357076143015,0.024712669008749074,majority,8680,696,9600,0.11213831018518518,0.7854166666666668,0.7854166666666668,0.0047143518518518515,0.0618,23.786580575468918,12.709007551240562,,,,,,,,,,,2.243460500803845,2102641
ldpc,N288_M144,lambda_pSA,search,144,731,,,,0.20769131461557233,0.5049580164999631,1.4183970953560945,llr,0.8185965270851837,0.32317473069679886,0.0,2.4371223667867974,2.659076530588945,piecewise,4.283481261917618,0.36910306064111253,majority,14020,9715,25600,0.07436342592592593,1.0,1.0,0.0047143518518518515,0.0618,15.773838750859277,16.181229773462782,,,,,,,,,,,2.245450026919224,1350336
ldpc,N288_M144,lambda_pSA,search,108,732,,,,0.27535525701870767,0.9755113631026181,3.270469726029647,fixed,0.24806119680831257,0.30380675136480995,0.0,2.0555703065127906,3.3247649420445264,piecewise,7.112952149078952,0.2229780155406215,best_state,994,24377,25600,0.0747902199074074,1.0,1.0,0.0047143518518518515,0.0618,15.864369537464402,16.181229773462782,,,,,,,,,,,2.2455200377278057,1065252
ldpc,N288_M144,lambda_pSA,search,123,733,,,,0.29281269511408636,0.7567536861895281,1.6097199396186275,llr,0.08668141212370803,0.29239377560206103,0.0,2.124956675553474,2.852382550283268,linear,4.178677631326259,0.3301859689845806,majority,12858,11456,25600,0.07473234953703704,1.0,1.0,0.0047143518518518515,0.0618,15.852094176568794,16.181229773462782,,,,,,,,,,,2.246402753868187,1184037
ldpc,N288_M144,lambda_pSA,search,62,734,,,,1.681387676166086,5.010756063383758,3.922619607998724,fixed,0.0750926001867911,0.268104853622882,0.0,1.163688023347889,2.5327200624666206,cosine,1.286906477017349,0.33169770631685724,best_state,4713,3719,12800,0.0749927662037037,1.0,1.0,0.0047143518518518515,0.0618,15.907333300599037,16.181229773462782,,,,,,,,,,,2.2465749697578747,700978
ldpc,N288_M144,lambda_pSA,search,151,735,,,,0.13875736890146362,0.3945800972352412,0.719198543703545,llr,0.8604001560607122,0.33811438597970866,0.0,0.07047120347995699,11.63026607476914,linear,2.2834960668299598,0.1679365523738679,majority,13710,11147,25600,0.0748119212962963,1.0,1.0,0.0047143518518518515,0.0618,15.868972797800257,16.181229773462782,,,,,,,,,,,2.2487018305561683,1405769
ldpc,N288_M144,lambda_pSA,search,655,736,,,,0.05542273850425621,0.12356314346736508,1.1353348163640145,snr,0.49804977199689887,0.8580818538123662,0.0,0.3486820952234555,5.215958529863293,cosine,0.06534651807728177,0.7146705250656256,best_state,17372,1712,19200,0.07800925925925926,0.9958333333333332,0.9958333333333332,0.0047143518518518515,0.0618,16.54718648728273,16.11380798274002,,,,,,,,,,,2.2497192956404772,5396945
ldpc,N288_M144,lambda_pSA,search,136,737,,,,0.43537864880841615,0.5173835795720522,1.09634969971602,llr,0.02672264616852294,0.32723496165386173,0.0,1.373021444243295,2.6131808880616716,linear,3.9946370338468418,0.35306438698799314,majority,9001,14357,25600,0.08253038194444444,0.9375,0.9375,0.0047143518518518515,0.0618,17.50619905725228,15.169902912621358,,,,,,,,,,,2.250122299719828,1286984
ldpc,N288_M144,lambda_pSA,search,86,738,,,,0.8531636366723798,10.655651609919309,7.277736873995663,fixed,0.10769376007701119,0.23244805494474835,0.0,1.002846252872997,3.132876479023711,piecewise,0.665759052664511,0.21616202347466584,best_state,2336,17509,25600,0.0753689236111111,1.0,1.0,0.0047143518518518515,0.0618,15.987123146420503,16.181229773462782,,,,,,,,,,,2.253345808272834,891034
ldpc,N288_M144,lambda_pSA,search,127,739,,,,0.297458393323372,0.7153735343661812,1.8062101149859866,llr,0.6992027021696661,0.20970366585637534,0.0,1.9644799098941081,2.78835682925975,linear,5.578013544396798,0.3296645687229688,majority,5167,15583,25600,0.07662760416666667,1.0,1.0,0.0047143518518518515,0.0618,16.254112245900032,16.181229773462782,,,,,,,,,,,2.258001246613345,1215713
ldpc,N288_M144,lambda_pSA,search,94,740,,,,0.396299561648167,8.699022998668129,6.835977558724542,fixed,0.3779276321331101,0.02113780569072002,0.0,0.4087680721404368,1.5501849336479896,piecewise,0.6554616095186356,0.2198820766676779,best_state,2150,23288,25600,0.07661313657407408,1.0,1.0,0.0047143518518518515,0.0618,16.25104340567613,16.181229773462782,,,,,,,,,,,2.2584843623756132,954386
ldpc,N288_M144,lambda_pSA,search,137,741,,,,0.21082870264348091,0.5518678874872933,0.9489691003714782,llr,0.8362007772262632,0.3227455592454387,0.0,2.4538269236058814,2.6500017418713417,linear,4.13381956001528,0.35780715108724465,majority,15621,9364,25600,0.07665653935185186,1.0,1.0,0.0047143518518518515,0.0618,16.26024992634784,16.181229773462782,,,,,,,,,,,2.259048284082988,1294903
ldpc,N288_M144,lambda_pSA,search,762,742,,,,0.06049243275683424,0.1339979165046063,0.9517728310597477,snr,0.380057480859436,0.8052332971550527,0.0,0.46258319754711047,6.58523614749192,cosine,0.09685289367831139,0.8100887833002431,best_state,11590,1155,12800,0.08004195601851852,0.9979166666666667,0.9979166666666667,0.0047143518518518515,0.0618,16.97835853874104,16.1475188781014,,,,,,,,,,,2.259351939744213,6244278
ldpc,N288_M144,lambda_pSA,search,37,743,,,,0.491091594593086,7.34447702299559,5.124119127206716,fixed,0.2150380504555136,0.5204220335998092,0.0,0.7968300419972453,3.979538207175764,cosine,0.8842641550625513,0.4723118345119994,best_state,5809,4641,12800,0.07685908564814814,1.0,1.0,0.0047143518518518515,0.0618,16.30321368948247,16.181229773462782,,,,,,,,,,,2.261293229852469,503003
ldpc,N288_M144,lambda_pSA,search,72,744,,,,1.267063623324375,5.031148971187656,6.297506076642731,fixed,0.28531430897382165,0.28444877394973656,0.0,1.0501453516513208,6.448606225709978,cosine,0.2383488008583547,0.6372108192976293,best_state,4676,3742,12800,0.07719184027777777,1.0,1.0,0.0047143518518518515,0.0618,16.37379701463223,16.181229773462782,,,,,,,,,,,2.261376601979448,780168
ldpc,N288_M144,lambda_pSA,search,88,745,,,,0.4036035183504505,8.708892542277463,6.784158119247219,fixed,0.8790711906862596,0.4786667542898366,0.0,0.4062823447397517,2.998362310041795,piecewise,0.6037944470043151,0.5152018927925678,best_state,2185,16332,25600,0.0771773726851852,1.0,1.0,0.0047143518518518515,0.0618,16.37072817440833,16.181229773462782,,,,,,,,,,,2.262447900314794,906872
ldpc,N288_M144,lambda_pSA,search,96,746,,,,0.4094983558017937,4.205250116341185,7.032292601937749,fixed,0.3719385862695249,0.22565445309295445,0.0,0.40590045097410454,1.8280231793428126,piecewise,0.32372800460429624,0.5180175627972414,best_state,2014,16399,25600,0.07740885416666667,1.0,1.0,0.0047143518518518515,0.0618,16.41982961799077,16.181229773462782,,,,,,,,,,,2.2629441023541403,970224
ldpc,N288_M144,lambda_pSA,search,575,747,,,,0.09163287602702015,0.17567982365177334,1.5266445593363092,snr,0.40005911620869883,0.9437563357568504,0.0,0.5988100612970236,4.684266442598585,cosine,0.08019827799900504,0.7962013905077515,last,17934,1251,19200,0.0792896412037037,1.0,1.0,0.0047143518518518515,0.0618,16.818778847098105,16.181229773462782,,,,,,,,,,,2.263278863576895,4763425
ldpc,N288_M144,lambda_pSA,search,85,748,,,,0.4251744052744264,10.781412737498005,6.8078912798415905,fixed,0.38125912783032856,0.03002448497946328,0.0,0.3805391732690336,10.5706875003721,piecewise,0.6345569839783894,0.5184145892518183,best_state,2286,20249,25600,0.07763310185185185,1.0,1.0,0.0047143518518518515,0.0618,16.46739664146126,16.181229773462782,,,,,,,,,,,2.265004743306993,883115
ldpc,N288_M144,lambda_pSA,search,47,749,,,,0.5453042666209328,7.787277257758285,4.767838295241474,fixed,0.1752823766492714,0.5392128943617478,0.0,0.8032811460531236,3.6255711299763576,cosine,0.627663512119323,0.4837709980271484,best_state,6190,4765,12800,0.07781394675925925,1.0,1.0,0.0047143518518518515,0.0618,16.50575714426004,16.181229773462782,,,,,,,,,,,2.266050478467177,582193
ldpc,N288_M144,lambda_pSA,search,46,750,,,,0.4838399496975421,7.330479819775733,4.89032492572224,fixed,0.20612228991986536,0.47048187148212767,0.0,0.7689688116627076,3.841428932154306,cosine,0.9169367265601218,0.46946508844271023,best_state,6085,4672,12800,0.07806712962962963,1.0,1.0,0.0047143518518518515,0.0618,16.559461848178337,16.181229773462782,,,,,,,,,,,2.2666963093861625,574274
ldpc,N288_M144,lambda_pSA,search,40,751,,,,0.4869595823305736,7.300026033733208,5.113543030532428,fixed,0.15921604268362888,0.48873534125338897,0.0,0.7880150887579516,3.709548672964322,cosine,1.0001972614260126,0.8683965694863409,best_state,6077,4619,12800,0.07787181712962964,1.0,1.0,0.0047143518518518515,0.0618,16.518032505155656,16.181229773462782,,,,,,,,,,,2.266743834712777,526760
ldpc,N288_M144,lambda_pSA,search,95,752,,,,0.8703860213539312,10.998714139888083,7.187004315737196,fixed,0.9118254320715288,0.012477411088679335,0.0,1.2859749966129232,3.14216169619863,piecewise,0.6916626200451603,0.5205750758580396,best_state,2063,16959,25600,0.07787181712962964,1.0,1.0,0.0047143518518518515,0.0618,16.518032505155656,16.181229773462782,,,,,,,,,,,2.2668165182812725,962305
ldpc,N288_M144,lambda_pSA,search,91,753,,,,0.8978581418627918,10.447325644545762,7.3662777604973515,fixed,0.11019693504357819,0.23463902997153854,0.0,0.37941214448540156,1.983179799749767,piecewise,0.6842682886528371,0.5426607490584402,best_state,2331,19142,25600,0.07824074074074074,1.0,1.0,0.0047143518518518515,0.0618,16.596287930865167,16.181229773462782,,,,,,,,,,,2.2681314439738944,930629
ldpc,N288_M144,lambda_pSA,search,70,754,,,,1.432190899844786,5.137250220317369,6.2616149755774275,fixed,0.2951886047726564,0.5688733959861798,0.0,0.3479358544724158,8.00476425397545,cosine,0.24297754825319226,0.6372246319898143,best_state,4608,3556,12800,0.07845775462962962,1.0,1.0,0.0047143518518518515,0.0618,16.642320534223703,16.181229773462782,,,,,,,,,,,2.269232333823398,764330
ldpc,N288_M144,lambda_pSA,search,44,755,,,,0.489949932640241,7.26331001885329,5.221705534663029,fixed,0.22439762341033365,0.5166371509262675,0.0,0.7652749284350974,4.187270776431814,cosine,0.8191178617844846,0.49650396124087226,best_state,5758,4896,12800,0.07858796296296296,1.0,1.0,0.0047143518518518515,0.0618,16.66994009623883,16.181229773462782,,,,,,,,,,,2.2695075020026207,558436
ldpc,N288_M144,lambda_pSA,search,92,756,,,,0.4210610637952939,10.759978009486336,6.813665158092245,fixed,0.10649633269520313,0.22169221503852557,0.0,2.7986258846875773,4.366240463022494,piecewise,0.6110626546222186,0.51466303729697,best_state,2347,16649,25600,0.07847945601851852,1.0,1.0,0.0047143518518518515,0.0618,16.646923794559562,16.181229773462782,,,,,,,,,,,2.2698464395757805,938548
ldpc,N288_M144,lambda_pSA,search,45,757,,,,0.4871881900372508,6.131021276637845,4.8617297664285495,fixed,0.21347675156398233,0.5104054926982717,0.0,0.8904821420469207,4.069988491699245,cosine,0.7000292294629242,0.4754148082446726,best_state,5782,4787,12800,0.07863136574074074,1.0,1.0,0.0047143518518518515,0.0618,16.67914661691054,16.181229773462782,,,,,,,,,,,2.270289867155042,566355
ldpc,N288_M144,lambda_pSA,search,576,758,,,,0.09179284920675891,0.1875651673535724,1.5691656697477796,snr,0.394921522328236,0.936605167835981,0.0,0.6049659333039303,4.744874629479721,cosine,0.07857117263626384,0.7068045443640731,last,16748,2415,19200,0.08000578703703703,1.0,1.0,0.0047143518518518515,0.0618,16.970686438181282,16.181229773462782,,,,,,,,,,,2.2703601381841594,4771344
ldpc,N288_M144,lambda_pSA,search,89,759,,,,0.8294003946839821,10.546773708440474,6.820764694146046,fixed,0.8880207585607397,0.003352800732056238,0.0,0.38295809973581146,11.939433867007157,piecewise,9.158669794904851,0.5155055043310082,best_state,14177,5288,25600,0.07859519675925926,1.0,1.0,0.0047143518518518515,0.0618,16.67147451635078,16.181229773462782,,,,,,,,,,,2.2704148544556215,914791
ldpc,N288_M144,lambda_pSA,search,125,760,,,,0.29028125092422724,0.7672316638699204,1.625998972399137,llr,0.08254459806289685,0.2932996832928341,0.0,2.058159065582313,2.8966132002685603,constant,7.812897070197478,0.336547898431751,majority,5050,15587,25600,0.07864583333333332,1.0,1.0,0.0047143518518518515,0.0618,16.682215457134436,16.181229773462782,,,,,,,,,,,2.2705544168823595,1199875
ldpc,N288_M144,lambda_pSA,search,68,761,,,,1.2639966505982663,5.561320468534893,6.280487166717764,fixed,0.07447186329449842,0.2835321538711403,0.0,1.1312481523553788,6.414839645893612,cosine,1.2429735296905644,0.8004208168924156,best_state,4313,3922,12800,0.07885561342592594,1.0,1.0,0.0047143518518518515,0.0618,16.726713640381032,16.181229773462782,,,,,,,,,,,2.270846213114262,748492
ldpc,N288_M144,lambda_pSA,search,65,762,,,,1.386138223163873,4.803198732632008,5.825125513868362,fixed,0.2733610513046717,0.5786423703073793,0.0,1.0926636074912213,3.541133314480724,cosine,0.21811924455014323,0.6427522484563798,best_state,4576,3775,12800,0.07878327546296295,1.0,1.0,0.0047143518518518515,0.0618,16.71136943926151,16.181229773462782,,,,,,,,,,,2.2708630218303876,724735
ldpc,N288_M144,lambda_pSA,search,593,763,,,,0.10679917059171304,0.20123526917747517,1.285082336438005,snr,0.5025326309766589,0.9127168094643758,0.0,0.435529437543239,3.965069803453918,cosine,0.05032449056695304,0.798021273898547,last,16005,2929,19200,0.08112702546296297,0.9979166666666667,0.9979166666666667,0.0047143518518518515,0.0618,17.208521555533736,16.1475188781014,,,,,,,,,,,2.270981524635832,4905967
ldpc,N288_M144,lambda_pSA,search,102,764,,,,0.24473448557499222,0.9230475468289032,3.293458132565152,fixed,0.03249801637002572,0.31404599951824236,0.0,0.32520723927836753,2.7406393960869857,piecewise,1.1377615177820604,0.19419722784631568,best_state,1281,14495,25600,0.07918836805555556,1.0,1.0,0.0047143518518518515,0.0618,16.797296965530787,16.181229773462782,,,,,,,,,,,2.2709924537567634,1017738
ldpc,N288_M144,lambda_pSA,search,48,765,,,,0.4837248123902199,6.7237658371454145,4.484595368667247,fixed,0.20683103377263554,0.5085707883242018,0.0,0.8045026888919468,4.146833006982353,cosine,0.7963891368749377,0.4877584076766932,best_state,5967,4695,12800,0.07902199074074075,1.0,1.0,0.0047143518518518515,0.0618,16.76200530295591,16.181229773462782,,,,,,,,,,,2.2721000511485094,590112
ldpc,N288_M144,lambda_pSA,search,64,766,,,,1.396838685207122,4.5495426637375616,3.918194260172594,fixed,0.056677108536294915,0.5808757704335386,0.0,1.1705116147650658,6.922284863046978,cosine,0.2506567974048447,0.3317261148842021,best_state,4463,3619,12800,0.07900752314814814,1.0,1.0,0.0047143518518518515,0.0618,16.758936462732006,16.181229773462782,,,,,,,,,,,2.2724576347415564,716816
ldpc,N288_M144,lambda_pSA,search,42,767,,,,0.4793906661706699,7.407694598855478,4.936782121387519,fixed,0.19176772977245626,0.5355664960833656,0.0,0.8398821786773292,3.8033852994460635,cosine,0.969638144187052,0.4641301672789322,best_state,5747,4629,12800,0.07897858796296296,1.0,1.0,0.0047143518518518515,0.0618,16.7527987822842,16.181229773462782,,,,,,,,,,,2.2726335303731773,542598
ldpc,N288_M144,lambda_pSA,search,69,768,,,,1.2989677704334046,4.843361100200018,6.052004035787497,fixed,0.28474289755364324,0.2683369621000542,0.0,0.6729974038576664,6.276683892199113,cosine,0.2319128777155671,0.6462678808882782,best_state,4545,3616,12800,0.07894965277777778,1.0,1.0,0.0047143518518518515,0.0618,16.746661101836395,16.181229773462782,,,,,,,,,,,2.272730299676633,756411
ldpc,N288_M144,lambda_pSA,search,41,769,,,,0.5004902530712058,8.099027502011033,4.591248601608656,fixed,0.19128335434801302,0.45615060053984413,0.0,0.7638154140901977,3.950130232230916,cosine,0.9521954864566752,0.4719711105987031,best_state,5803,4583,12800,0.07883391203703705,1.0,1.0,0.0047143518518518515,0.0618,16.722110380045176,16.181229773462782,,,,,,,,,,,2.273091470995812,534679
ldpc,N288_M144,lambda_pSA,search,179,770,,,,0.14209052592281501,0.2555347565150534,0.6544618426869284,snr,0.744198073026438,0.4940424882484414,0.0,0.10458190665780961,9.365401758646778,linear,1.4709654657093434,0.0649066190198515,majority,8575,155,9600,0.08204571759259259,0.9854166666666666,0.9854166666666666,0.0047143518518518515,0.0618,17.40339290975155,15.945253505933117,,,,,,,,,,,2.2731723570462465,1627501
ldpc,N288_M144,lambda_pSA,search,39,771,,,,0.5490936387033931,6.828212099549952,4.658828711743816,fixed,0.24181110615783546,0.5326878641593237,0.0,0.8963350890362455,3.898054466224172,cosine,1.0108485605117044,0.46560820377018997,best_state,5770,4709,12800,0.07942708333333334,1.0,1.0,0.0047143518518518515,0.0618,16.847932829225183,16.181229773462782,,,,,,,,,,,2.2734650164612065,518841
ldpc,N288_M144,lambda_pSA,search,112,772,,,,0.3797747241051025,1.2852323983290326,2.877829928491757,fixed,0.6370571475369257,0.26330176951331796,0.0,2.9951326595402676,3.2285647845138956,piecewise,9.723504980104591,0.2790722617033815,best_state,5284,13208,25600,0.07956452546296297,1.0,1.0,0.0047143518518518515,0.0618,16.877086811352257,16.181229773462782,,,,,,,,,,,2.2735203140353217,1096928
ldpc,N288_M144,lambda_pSA,search,71,773,,,,1.4654704743514617,4.886880133479625,6.257603951075351,fixed,0.08373056194088127,0.4292841329477735,0.0,1.153314583179446,3.463008758516529,cosine,0.2128959585054822,0.650197305155018,best_state,4657,3721,12800,0.0791015625,1.0,1.0,0.0047143518518518515,0.0618,16.778883924187372,16.181229773462782,,,,,,,,,,,2.2735483026017214,772249
ldpc,N288_M144,lambda_pSA,search,77,774,,,,2.0615333589183362,2.3946479346431673,4.188151378799854,llr,0.1319850954309415,0.12819618228981927,0.0,0.573648041203359,2.2333028444251797,cosine,2.572998199314143,0.7693892375247731,best_state,3709,2880,12800,0.1306929976851852,0.7791666666666667,0.6145833333333334,0.0047143518518518515,0.0618,27.722368162623983,12.607874865156418,,,,,,,,,,,2.2744594367542135,819763
ldpc,N288_M144,lambda_pSA,search,43,775,,,,0.5317288025585895,8.835853172035927,5.196624691485012,fixed,0.23151129962750738,0.5165482368196117,0.0,0.7979496089463443,3.874587539807329,cosine,0.9139514501347005,0.47182516256473905,best_state,5926,4849,12800,0.07939814814814815,1.0,1.0,0.0047143518518518515,0.0618,16.841795148777376,16.181229773462782,,,,,,,,,,,2.275727849607817,550517
ldpc,N288_M144,lambda_pSA,search,4,776,,,,0.42755458630059995,9.57196470299814,4.76517999220566,snr,0.38239387277811143,0.47936354603457737,0.0,0.46651012078835574,3.6022289638092015,piecewise,2.2281207937116783,0.015214352599352566,best_state,3000,5476,9600,0.07976707175925925,1.0,1.0,0.0047143518518518515,0.0618,16.92005057448689,16.181229773462782,,,,,,,,,,,2.276989620360676,241676
ldpc,N288_M144,lambda_pSA,search,146,777,,,,0.12147729577027068,0.3740939908205985,0.7480564364112058,llr,0.8658420181339506,0.3489563349516832,0.0,0.06615516669512253,11.30768298084868,linear,3.0278337674675098,0.14190460826260776,majority,11839,11951,25600,0.07973090277777778,1.0,1.0,0.0047143518518518515,0.0618,16.912378473927134,16.181229773462782,,,,,,,,,,,2.2776314129113686,1366174
ldpc,N288_M144,lambda_pSA,search,66,778,,,,1.4517579978001722,4.91644621935526,6.192237781557175,fixed,0.06025390519208601,0.5692931205289081,0.0,0.3647005694777153,6.889790311316092,cosine,0.20524618772980072,0.6423194193272972,best_state,4615,3910,12800,0.07994068287037037,1.0,1.0,0.0047143518518518515,0.0618,16.956876657173723,16.181229773462782,,,,,,,,,,,2.2780165348620285,732654
ldpc,N288_M144,lambda_pSA,search,24,779,,,,1.0740783349435368,9.77346119528438,1.7805890967019864,llr,0.33150492496467004,0.6456438401532028,0.0,0.49180318921746663,1.147577123207974,piecewise,1.8545882462694179,0.5776384549534672,best_state,21167,4363,25600,0.08036024305555556,1.0,1.0,0.0047143518518518515,0.0618,17.045873023666896,16.181229773462782,,,,,,,,,,,2.279714113363939,400056
ldpc,N288_M144,lambda_pSA,search,740,780,,,,0.050259602110014234,0.11099852555293435,1.1802165687179822,snr,0.47411855350182197,0.9171049657128294,0.0,0.22346489057427268,6.881299496043176,cosine,0.06554295642415743,0.834726168270179,best_state,11571,86,12800,0.08313802083333334,0.9979166666666667,0.9979166666666667,0.0047143518518518515,0.0618,17.635090346656195,16.1475188781014,,,,,,,,,,,2.2819491272184913,6070060
ldpc,N288_M144,lambda_pSA,search,180,781,,,,0.10707911818951613,0.26595598885502947,0.6559776604279925,snr,0.7223158405611345,0.493904042084796,0.0,0.12180565070618418,9.169732318335782,linear,1.5815067550785424,0.07245453601920393,majority,9078,207,9600,0.08119936342592593,1.0,1.0,0.0047143518518518515,0.0618,17.223865756653247,16.181229773462782,,,,,,,,,,,2.284570598638889,1635420
ldpc,N288_M144,lambda_pSA,search,67,782,,,,0.24557182848369266,4.999566375572889,3.674803935614378,fixed,0.2874992688806304,0.5633482802298125,0.0,1.0898190203098654,6.831649805022589,cosine,1.2816486775884897,0.8091677593116295,best_state,4682,3472,12800,0.0810836226851852,1.0,1.0,0.0047143518518518515,0.0618,17.19931503486203,16.181229773462782,,,,,,,,,,,2.2849492624610406,740573
ldpc,N288_M144,lambda_pSA,search,113,783,,,,0.2258687017758013,1.219397876620233,2.8059595673161444,fixed,0.0008305358838579177,0.2561703788975567,0.0,2.8355615008506807,3.256418814448083,piecewise,7.490275057017585,0.2891048048763548,best_state,3000,13000,25600,0.08161168981481481,1.0,1.0,0.0047143518518518515,0.0618,17.311327703034472,16.181229773462782,,,,,,,,,,,2.286454014516613,1104847
ldpc,N288_M144,lambda_pSA,search,170,784,,,,0.1045584553602729,0.25728546301056326,0.6596806444416862,snr,0.7263326820220395,0.48629683390896655,0.0,0.11823249307509714,9.051912724634171,linear,1.5985804428678194,0.05633330178750582,majority,8409,166,9600,0.08250144675925926,1.0,1.0,0.0047143518518518515,0.0618,17.500061376804478,16.181229773462782,,,,,,,,,,,2.2883552323969765,1556230
ldpc,N288_M144,lambda_pSA,search,199,785,,,,0.19561320147042474,0.20629944107127224,0.3648016187415789,llr,0.695543038747037,0.41414379392321177,0.0,0.056975430917251664,7.909331494892429,linear,2.505377467033465,0.014293527004205208,majority,8920,120,9600,0.10564236111111112,0.8604166666666667,0.8604166666666667,0.0047143518518518515,0.0618,22.408671314936665,13.92259978425027,,,,,,,,,,,2.289790882700712,1785881
ldpc,N288_M144,lambda_pSA,search,111,786,,,,0.050764250727456696,1.1657387192286022,2.9124512253658943,fixed,0.0011192272124379565,0.20406250656177355,0.0,2.876408427062897,3.226282107342227,piecewise,6.542113854614236,0.27694791532733437,best_state,6645,13415,25600,0.08215422453703704,1.0,1.0,0.0047143518518518515,0.0618,17.42640921143082,16.181229773462782,,,,,,,,,,,2.2910097386108212,1089009
ldpc,N288_M144,lambda_pSA,search,797,787,,,,0.09638374622978284,2.651005061382236,1.9974225459574741,snr,0.5336548923084814,0.7940544973069428,0.0,0.3788070762603095,6.7618987748526544,cosine,0.07345648427322062,0.7582035771602746,best_state,11324,1421,12800,0.0826099537037037,1.0,1.0,0.0047143518518518515,0.0618,17.523077678483748,16.181229773462782,,,,,,,,,,,2.2914618821679964,6521443
ldpc,N288_M144,lambda_pSA,search,110,788,,,,0.056108696242145366,1.1972672532177482,2.8345635959970497,fixed,0.5961119082866975,0.2504677518665971,0.0,2.7200423578445787,3.1857085468751687,piecewise,6.5481438634244915,0.25747651122586096,best_state,2855,13088,25600,0.08338396990740742,1.0,1.0,0.0047143518518518515,0.0618,17.68726063046254,16.181229773462782,,,,,,,,,,,2.2961983830543184,1081090
ldpc,N288_M144,lambda_pSA,search,38,789,,,,0.5029853977726977,7.042494875352228,4.735206993275861,llr,0.21719844616755862,0.5308417029738175,0.0,0.7907013486672826,3.9695513673091822,cosine,0.8765563876132724,0.4786441149467453,best_state,6126,4491,12800,0.08349971064814815,1.0,1.0,0.0047143518518518515,0.0618,17.711811352253758,16.181229773462782,,,,,,,,,,,2.2976403942355743,510922
ldpc,N288_M144,lambda_pSA,search,128,790,,,,0.29227519999690577,0.7585645297314816,0.24188800483936534,llr,0.06779556165689438,0.4129946034002446,0.0,1.9861784892357395,2.8735898073461863,linear,1.5396754743894643,0.32808307124654296,majority,686,11687,25600,0.08392650462962963,1.0,1.0,0.0047143518518518515,0.0618,17.802342138858883,16.181229773462782,,,,,,,,,,,2.2991313508022797,1223632
ldpc,N288_M144,lambda_pSA,search,16,791,,,,1.0755756193434876,10.140433096128534,7.858990579004906,llr,0.0853479241403422,0.6324854798712867,0.0,0.5608046138708483,0.9364125628691488,piecewise,1.7030085102336752,0.5384358395039125,best_state,20467,4819,25600,0.08430989583333333,1.0,1.0,0.0047143518518518515,0.0618,17.8836664047923,16.181229773462782,,,,,,,,,,,2.301849275178716,336704
ldpc,N288_M144,lambda_pSA,search,545,792,,,,0.1117344299302104,0.1179677508291755,1.3248750802374176,snr,0.4600271086125378,0.9030504494040552,0.0,0.030055934590963312,3.316685597029437,cosine,0.0592676523737651,0.7346017443896922,last,16973,2191,19200,0.1587818287037037,0.65625,0.65625,0.0047143518518518515,0.0618,33.68052145733085,10.618932038834952,,,,,,,,,,,2.3023176640479805,4525855
ldpc,N288_M144,lambda_pSA,search,172,793,,,,0.0937681553468107,0.2596965938389238,0.6731298620422731,snr,0.7311692172163538,0.49360985649248024,0.0,0.12274918723723138,9.277973231503319,linear,1.473213006821393,0.08060827101476399,majority,8550,215,9600,0.08527922453703703,1.0,1.0,0.0047143518518518515,0.0618,18.089278699793773,16.181229773462782,,,,,,,,,,,2.304441548364724,1572068
ldpc,N288_M144,lambda_pSA,search,150,794,,,,0.12701933894903,0.4300620403968,1.1234186192345035,llr,0.8597821236010236,0.4025221914829047,0.0,0.07094757467065932,11.636923773252152,linear,3.0769783845504075,0.1584146273294268,majority,11347,12123,25600,0.08547453703703704,1.0,1.0,0.0047143518518518515,0.0618,18.13070804281646,16.181229773462782,,,,,,,,,,,2.3071167117534035,1397850
ldpc,N288_M144,lambda_pSA,search,20,795,,,,0.9115614566859206,11.939324633122707,7.903586418158894,llr,0.32109696430179957,0.6178466392352681,0.0,0.4936782748459862,1.15901019724537,piecewise,1.966162932212565,0.5372455509621388,best_state,23344,2207,25600,0.08553964120370372,1.0,1.0,0.0047143518518518515,0.0618,18.144517823824025,16.181229773462782,,,,,,,,,,,2.3081600478417075,368380
ldpc,N288_M144,lambda_pSA,search,636,796,,,,0.10855372143686376,1.4847770954095743,1.501826049205608,snr,0.5296826924076117,0.886214484313026,0.0,0.8655065210707161,4.495579110288776,cosine,0.06125155884796801,0.7500578763926407,best_state,15614,3504,19200,0.08666811342592594,1.0,1.0,0.0047143518518518515,0.0618,18.383887361288426,16.181229773462782,,,,,,,,,,,2.3115617255315604,5246484
ldpc,N288_M144,lambda_pSA,search,19,797,,,,1.1269471609990143,10.107494294363843,7.848807684315096,llr,0.12401856970851166,0.6358132058768693,0.0,0.5083661625053157,1.095038279174948,piecewise,1.8150454848182975,0.5803506394764923,best_state,23900,1669,25600,0.08648726851851851,1.0,1.0,0.0047143518518518515,0.0618,18.345526858489638,16.181229773462782,,,,,,,,,,,2.312909361533208,360461
ldpc,N288_M144,lambda_pSA,search,22,798,,,,0.9373761353380357,11.73101617092053,7.934286967431124,llr,0.11579107941590583,0.6363605208322433,0.0,0.515689756861363,0.980298092484416,piecewise,1.8937461254826709,0.5927619279970602,best_state,24953,646,25600,0.08644386574074074,1.0,1.0,0.0047143518518518515,0.0618,18.336320337817934,16.181229773462782,,,,,,,,,,,2.3131100910641633,384218
ldpc,N288_M144,lambda_pSA,search,605,799,,,,0.10822263844101701,4.100789235807556,1.4169700407174615,snr,0.5539599999192342,0.8894133143271702,0.0,0.3869469717863253,4.5049535509239,cosine,0.05469384658568036,0.7483681221487964,best_state,15585,3466,19200,0.0880787037037037,1.0,1.0,0.0047143518518518515,0.0618,18.683099283118924,16.181229773462782,,,,,,,,,,,2.3185941506608794,5000995
ldpc,N288_M144,lambda_pSA,search,28,800,,,,0.18891405805839426,1.1849105548129146,0.4830765421715494,snr,0.4524687042828015,0.7529406323741825,0.0,0.9554565342716331,3.041095580014527,constant,4.867345660502122,0.7238266657322622,majority,351,6608,9600,0.08837528935185185,1.0,1.0,0.0047143518518518515,0.0618,18.746010507708927,16.181229773462782,,,,,,,,,,,2.3221546155503763,431732
ldpc,N288_M144,lambda_pSA,search,27,801,,,,0.20273917848006692,1.7574051588122648,2.9862824367766665,snr,0.49574804108027526,0.7666817814446064,0.0,0.2325530006982034,0.582999709958014,linear,4.4737474525092145,0.7148056950077112,majority,272,6612,9600,0.08872974537037037,1.0,1.0,0.0047143518518518515,0.0618,18.82119709319454,16.181229773462782,,,,,,,,,,,2.3235907667755358,423813
ldpc,N288_M144,lambda_pSA,search,32,802,,,,0.1620767075504951,1.9983084095531414,0.6072708804338506,snr,0.4328714269885445,0.764963803730589,0.0,0.23371667098790383,0.5587722620098841,linear,4.672679549869112,0.6922041482951609,majority,145,6399,9600,0.0888310185185185,1.0,1.0,0.0047143518518518515,0.0618,18.842678974761856,16.181229773462782,,,,,,,,,,,2.3248395549566787,463408
ldpc,N288_M144,lambda_pSA,search,573,803,,,,0.06897621420314694,0.17253337195488988,1.5392640787500829,snr,0.4308661328414897,0.9392563996574242,0.0,0.5638001767215978,4.679918572979052,cosine,0.07468413597233943,0.8240568690044544,last,17543,1558,19200,0.08993055555555556,1.0,1.0,0.0047143518518518515,0.0618,19.075910831778454,16.181229773462782,,,,,,,,,,,2.3263831359353366,4747587
ldpc,N288_M144,lambda_pSA,search,707,804,,,,0.11764539452138058,0.6168749417892979,2.2200773765300705,snr,0.4623984815799412,0.8887373186154433,0.0,0.4378322496010142,5.2587744940256895,cosine,0.050679816455008846,0.7260032324800407,best_state,12732,32,12800,0.08937355324074074,1.0,1.0,0.0047143518518518515,0.0618,18.957760483158207,16.181229773462782,,,,,,,,,,,2.3271207299464676,5808733
ldpc,N288_M144,lambda_pSA,search,29,805,,,,0.20568607538829356,1.5466462695531717,0.6156942634348438,snr,0.4616348979440297,0.19879580083061732,0.0,0.24295505795774633,2.708491730066294,linear,4.801899926545769,0.37390636060334187,majority,323,6371,9600,0.08978587962962964,1.0,1.0,0.0047143518518518515,0.0618,19.045222429539432,16.181229773462782,,,,,,,,,,,2.329729172511814,439651
ldpc,N288_M144,lambda_pSA,search,34,806,,,,0.17536885704742025,1.294884591427169,3.0975081347804276,snr,0.45685890262125217,0.7861949943667549,0.0,0.235727230926918,0.48386790530007273,constant,4.877394845263005,0.6963977191716942,majority,395,6734,9600,0.09029947916666665,1.0,1.0,0.0047143518518518515,0.0618,19.15416625748797,16.181229773462782,,,,,,,,,,,2.3314486694419587,479246
ldpc,N288_M144,lambda_pSA,search,783,807,,,,0.07774764370660309,5.606808619876283,1.4446974616109105,snr,0.4890502738438969,0.8210669553833636,0.0,0.3464431441433412,7.312892959903455,constant,0.08730390983010457,0.7822083766443133,best_state,10573,2132,12800,0.09058883101851851,1.0,1.0,0.0047143518518518515,0.0618,19.215543061966024,16.181229773462782,,,,,,,,,,,2.331539990686294,6410577
ldpc,N288_M144,lambda_pSA,search,25,808,,,,0.1823215317946939,1.5835283142628642,0.49228744694400595,snr,0.5144874137559498,0.7886976545739326,0.0,0.2240437258939678,0.37126020536147847,linear,5.014245745693689,0.3829854438201442,majority,247,6544,9600,0.09041521990740742,1.0,1.0,0.0047143518518518515,0.0618,19.178716979279194,16.181229773462782,,,,,,,,,,,2.3327811578305946,407975
ldpc,N288_M144,lambda_pSA,search,36,809,,,,0.16350417397978667,1.7163280310041158,0.512944589800854,snr,0.48107699892687217,0.7811737721962986,0.0,0.23321889219864284,0.6264623150974201,constant,4.985474005746379,0.3874965684177226,majority,412,6261,9600,0.09078414351851853,1.0,1.0,0.0047143518518518515,0.0618,19.256972404988712,16.181229773462782,,,,,,,,,,,2.334635731544492,495084
ldpc,N288_M144,lambda_pSA,search,571,810,,,,0.07173599922023594,0.17406692921552205,1.4776781960479057,snr,0.39653271323353984,0.9489498237028777,0.0,0.5885304074191895,4.727706290113339,cosine,0.07927494462189645,0.7993419895871321,last,17733,1461,19200,0.0917896412037037,1.0,1.0,0.0047143518518518515,0.0618,19.470256800549937,16.181229773462782,,,,,,,,,,,2.335392595290398,4731749
ldpc,N288_M144,lambda_pSA,search,31,811,,,,0.15521890964160806,1.5407998543072898,0.4902153737064519,snr,0.47862741383099744,0.7778192582108631,0.0,0.24281737935191167,0.5411585019003325,constant,3.681148440566757,0.7027498045918822,majority,169,6332,9600,0.09143518518518519,1.0,1.0,0.0047143518518518515,0.0618,19.395070215064326,16.181229773462782,,,,,,,,,,,2.337375856650686,455489
ldpc,N288_M144,lambda_pSA,search,30,812,,,,0.1456467241181049,1.5835326908805378,0.5677297865632916,snr,0.48896749892572866,0.17489108916598795,0.0,0.24222308659917605,0.5227938540944219,constant,5.067385705924479,0.7184546411863961,majority,226,6516,9600,0.09170283564814814,1.0,1.0,0.0047143518518518515,0.0618,19.451843759206522,16.181229773462782,,,,,,,,,,,2.3390393703310455,447570
ldpc,N288_M144,lambda_pSA,search,26,813,,,,0.2821652366473621,1.513658658698716,0.43952347033764044,snr,0.5262528258490217,0.19309070025266106,0.0,0.23378168115207884,0.5968116177206515,constant,4.584348803725115,0.7031125804204353,majority,95,6249,9600,0.09168113425925926,1.0,1.0,0.0047143518518518515,0.0618,19.44724049887067,16.181229773462782,,,,,,,,,,,2.3396891166650953,415894
ldpc,N288_M144,lambda_pSA,search,129,814,,,,0.30549589495380036,0.8132291131320958,0.05512445906547523,llr,0.08214156404894207,0.29380656186888304,0.0,1.934693465124132,2.9107603885245283,linear,8.296466212639746,0.31969875546582976,majority,5268,15722,25600,0.09217303240740742,1.0,1.0,0.0047143518518518515,0.0618,19.551581066483358,16.181229773462782,,,,,,,,,,,2.341709931265515,1231551
ldpc,N288_M144,lambda_pSA,search,315,815,,,,0.08028761217262242,0.11390550139207664,0.9753922085269783,llr,0.65990379181114,0.7994465596324075,0.0,0.04091546540010073,4.194661176335544,exponential,0.12204002992216668,0.06862337245433947,last,6512,2368,19200,0.09624565972222221,0.9958333333333332,0.9958333333333332,0.0047143518518518515,0.0618,20.41545958951193,16.11380798274002,,,,,,,,,,,2.342191179823403,2704485
ldpc,N288_M144,lambda_pSA,search,965,816,,,,0.24445928444934156,0.21138295247694977,2.0529534836445755,fixed,0.2779332952315816,0.7934263649505389,0.0,0.18493223740018372,9.144320143188786,cosine,0.07539447975926028,0.5719681280790128,best_state,20724,4805,25600,0.1592013888888889,0.6270833333333333,0.6270833333333333,0.0047143518518518515,0.0618,33.769517823824025,10.14697950377562,,,,,,,,,,,2.3443967117847246,7851835
ldpc,N288_M144,lambda_pSA,search,788,817,,,,0.08023989493901512,1.0868123051435998,1.4353832606976906,snr,0.48655523717213833,0.8289918752278838,0.0,0.21736887342217068,7.500068538234505,cosine,0.09066363172716782,0.783296987654882,best_state,12389,375,12800,0.09312065972222223,1.0,1.0,0.0047143518518518515,0.0618,19.75259010114898,16.181229773462782,,,,,,,,,,,2.3447437578165617,6450172
ldpc,N288_M144,lambda_pSA,search,35,818,,,,0.14191291378617363,1.486351222393375,0.6268863832209728,snr,0.5023614005072513,0.7739776830639731,0.0,0.2445290555168467,3.1283381976904403,constant,4.312809297860515,0.7020214882882978,majority,359,6801,9600,0.09330873842592592,1.0,1.0,0.0047143518518518515,0.0618,19.792485024059708,16.181229773462782,,,,,,,,,,,2.347482762174524,487165
ldpc,N288_M144,lambda_pSA,search,115,819,,,,0.06566227913675175,1.27660905138082,2.0558072774468634,fixed,0.5418724805359673,0.2593297525315498,0.0,0.16840107806188298,9.953435179383533,piecewise,6.529386450415672,0.28012301057399247,best_state,6841,12607,25600,0.09419126157407408,1.0,1.0,0.0047143518518518515,0.0618,19.979684277717766,16.181229773462782,,,,,,,,,,,2.3500983133242324,1120685
ldpc,N288_M144,lambda_pSA,search,808,820,,,,0.1128605746752971,8.205248129031757,1.3179144651939585,snr,0.46316730000739836,0.8632198181127605,0.0,1.4413964326797941,6.046155893572466,cosine,0.06353487877955952,0.8060833487027237,best_state,12131,634,12800,0.09495804398148149,1.0,1.0,0.0047143518518518515,0.0618,20.142332809584605,16.181229773462782,,,,,,,,,,,2.3521476276127427,6608552
ldpc,N288_M144,lambda_pSA,search,809,821,,,,0.11360890168721753,11.874181480430925,1.2896338668738387,snr,0.4642518416070982,0.8598641641049517,0.0,0.4840140033076445,6.058656376088249,cosine,0.06366188346269884,0.8103062054605618,best_state,11999,766,12800,0.09523292824074074,1.0,1.0,0.0047143518518518515,0.0618,20.200640773838753,16.181229773462782,,,,,,,,,,,2.3530551442989385,6616471
ldpc,N288_M144,lambda_pSA,search,235,822,,,,0.2256057518672231,0.18722907198930455,0.28134144254517374,llr,0.6135428635471605,0.6186236398225883,0.0,0.054278199692526,5.208367676505146,linear,1.025013489830973,0.0021903209048222995,majority,8699,708,9600,0.11218171296296296,0.90625,0.90625,0.0047143518518518515,0.0618,23.79578709614063,14.664239482200648,,,,,,,,,,,2.357743401507814,2070965
ldpc,N288_M144,lambda_pSA,search,10,823,,,,0.06883929470047341,1.1293194650531764,3.3912008079889078,snr,0.8737800334043543,0.9280660117339666,0.0,0.1401517880536775,9.092302906295298,exponential,1.7217461586820137,0.21691969530964827,last,11325,1080,12800,0.09576822916666666,1.0,1.0,0.0047143518518518515,0.0618,20.31418786212315,16.181229773462782,,,,,,,,,,,2.3580276567040794,289190
ldpc,N288_M144,lambda_pSA,search,905,824,,,,0.22715750909748486,0.18450152749226764,1.974592109511891,fixed,0.34470632885162855,0.8451598025221769,0.0,0.21320305351298022,11.39555190749567,cosine,0.09482667501492568,0.3247769739553516,best_state,22820,2727,25600,0.13595920138888887,0.775,0.7687499999999999,0.0047143518518518515,0.0618,28.83942600412452,12.540453074433657,,,,,,,,,,,2.36200476116094,7376695
ldpc,N288_M144,lambda_pSA,search,963,825,,,,0.25264629650157355,0.2135557934007535,2.2787684540579622,fixed,0.28575758715778615,0.7963574898201343,0.0,0.17861463879718556,8.661316778653207,cosine,0.07493829858886315,0.35127650315901987,best_state,19656,4967,25600,0.16812065972222223,0.6416666666666667,0.6395833333333334,0.0047143518518518515,0.0618,35.66145782185997,10.382955771305287,,,,,,,,,,,2.363175709455863,7835997
ldpc,N288_M144,lambda_pSA,search,320,826,,,,0.08304315334450822,0.11248333577858002,0.786858920558151,llr,0.6602539992144606,0.8052868270363943,0.0,0.04372401643686222,4.079736248326883,exponential,0.11944610152674491,0.07124569426591765,last,6582,2196,19200,0.10555555555555557,0.9812499999999998,0.9812499999999998,0.0047143518518518515,0.0618,22.390258273593247,15.877831715210354,,,,,,,,,,,2.364156565051449,2744080
ldpc,N288_M144,lambda_pSA,search,942,827,,,,0.2693263380121784,0.23452485128726827,1.7548585488520463,fixed,0.3083323525417536,0.7763222877146633,0.0,0.20102273680045565,9.432168619140581,piecewise,0.16139217130488787,0.3068134102045261,best_state,18737,5177,25600,0.1674334490740741,0.6333333333333334,0.63125,0.0047143518518518515,0.0618,35.515687911224596,10.248112189859764,,,,,,,,,,,2.36973112036271,7669698
ldpc,N288_M144,lambda_pSA,search,175,828,,,,0.1161219957323351,0.2576941941919825,0.4442771460819154,snr,0.73425551354578,0.47778045172788686,0.0,0.11101649097082324,9.068539074637016,linear,1.5950829619419056,0.07387681833153795,majority,8452,200,9600,0.09915364583333335,1.0,1.0,0.0047143518518518515,0.0618,21.032296474516354,16.181229773462782,,,,,,,,,,,2.3706277738605293,1595825
ldpc,N288_M144,lambda_pSA,search,99,829,,,,0.5957879052517522,0.886440208826359,3.3564111611944902,fixed,0.035668917685345046,0.1662256437331127,0.0,0.30926902470268586,1.2967036290828224,piecewise,0.059388433029512015,0.21679971486199337,best_state,1292,14894,25600,0.11291232638888889,0.9291666666666667,0.9291666666666667,0.0047143518518518515,0.0618,23.95076352744771,15.035059331175836,,,,,,,,,,,2.37857978336293,993981
ldpc,N288_M144,lambda_pSA,search,445,830,,,,0.05893032518075895,0.18122939556779136,0.7623638881232653,llr,0.428984733121579,0.904605638296936,0.0,0.04703745181332538,4.24962195098275,exponential,0.05590140517868752,0.7171923224322042,last,16380,2816,19200,0.10104166666666665,1.0,1.0,0.0047143518518518515,0.0618,21.432780123735636,16.181229773462782,,,,,,,,,,,2.3793196654021838,3733955
ldpc,N288_M144,lambda_pSA,search,324,831,,,,0.08106221885849156,0.1158708358815276,0.7871544794085891,llr,0.7027174819995269,0.7968877919553085,0.0,0.04398440692219693,4.144299766947674,exponential,0.3517514480215039,0.06407818499110557,last,6507,2147,19200,0.10453559027777777,0.9979166666666667,0.9979166666666667,0.0047143518518518515,0.0618,22.17390503780811,16.1475188781014,,,,,,,,,,,2.381559704111746,2775756
ldpc,N288_M144,lambda_pSA,search,737,832,,,,0.1415388061287786,1.9312411371833336,1.1656824663289145,snr,0.475517845631769,0.9131099268740172,0.0,0.5460727342280383,5.9223531350991445,cosine,0.06508412696401064,0.8245028285760418,best_state,12405,384,12800,0.10148292824074075,1.0,1.0,0.0047143518518518515,0.0618,21.52637975056467,16.181229773462782,,,,,,,,,,,2.3817165497814754,6046303
ldpc,N288_M144,lambda_pSA,search,90,833,,,,0.8209344741216256,0.92230051498668,7.175574578835765,fixed,0.10371493903482187,0.22779245859467503,0.0,0.42035887453128606,1.6637050636125055,piecewise,0.6661067185922124,0.5124439017464869,best_state,2250,17075,25600,0.13801359953703704,0.8291666666666666,0.8291666666666666,0.0047143518518518515,0.0618,29.27520131591869,13.416936353829557,,,,,,,,,,,2.384390655450755,922710
ldpc,N288_M144,lambda_pSA,search,728,834,,,,0.12329643347383343,0.13270057312867464,0.970534236435258,fixed,0.41780317628882974,0.8807143307928732,0.0,0.43473676231847896,6.424032674555863,cosine,0.05767571030501121,0.762114707868339,best_state,12755,18,12800,0.15916521990740742,0.7041666666666666,0.7041666666666666,0.0047143518518518515,0.0618,33.76184572326427,11.394282632146709,,,,,,,,,,,2.385341684815058,5975032
ldpc,N288_M144,lambda_pSA,search,514,835,,,,0.14620775552255214,2.5886240150597972,1.1015998700294474,llr,0.5072907095665861,0.9226330260329348,0.0,0.0338419385180252,4.526987516429265,cosine,0.060325224601716916,0.8009608875479357,last,16036,2952,19200,0.10216290509259258,1.0,1.0,0.0047143518518518515,0.0618,21.670615241088086,16.181229773462782,,,,,,,,,,,2.385829829318377,4280366
ldpc,N288_M144,lambda_pSA,search,803,836,,,,0.0922877155252242,0.07336715038782195,1.102288713063219,snr,0.43305253250781317,0.762250433625578,0.0,0.380274831925513,6.683798835256352,cosine,0.06904742718299334,0.7585819268971139,best_state,11339,1406,12800,0.17259837962962962,0.7145833333333335,0.7145833333333335,0.0047143518518518515,0.0618,36.61126387115781,11.562837108953616,,,,,,,,,,,2.3874532051113433,6568957
ldpc,N288_M144,lambda_pSA,search,55,837,,,,0.34010769920816436,3.104475524592048,3.6323330744778044,fixed,0.7572308653311141,0.3567638708678817,0.0,1.5184996177340107,5.017547476730402,exponential,0.4778423721763387,0.890332640460094,last,10417,8550,19200,0.10443431712962964,1.0,1.0,0.0047143518518518515,0.0618,22.152423156240797,16.181229773462782,,,,,,,,,,,2.396284972121552,645545
ldpc,N288_M144,lambda_pSA,search,169,838,,,,0.11901306284888823,0.2645460403957996,0.41480261083491227,snr,0.7361943606103231,0.49305183949141385,0.0,0.056515388788450464,7.400739512767202,linear,1.5921326474438038,0.07494481660213431,majority,8535,190,9600,0.10616319444444444,1.0,1.0,0.0047143518518518515,0.0618,22.519149562997153,16.181229773462782,,,,,,,,,,,2.4010083884135476,1548311
ldpc,N288_M144,lambda_pSA,search,552,839,,,,0.11210660460726479,0.11897997720913339,1.3654003400905932,snr,0.46321381983689497,0.9033520873475357,0.0,0.0325688228532554,3.157060205672105,cosine,0.05661009613669153,0.7319494799724944,last,16412,2672,19200,0.17528935185185188,0.7166666666666667,0.7166666666666667,0.0047143518518518515,0.0618,37.1820681528037,11.596548004314995,,,,,,,,,,,2.4012369723454667,4581288
ldpc,N288_M144,lambda_pSA,search,229,840,,,,0.2249245151593075,0.1851035711270241,0.28667171246503176,llr,0.6304740710601944,0.60728390894186,0.0,0.07357003611757243,6.1568004447069065,linear,1.0582415294858083,0.02397305129319021,majority,8651,724,9600,0.1287254050925926,0.8791666666666668,0.8791666666666668,0.0047143518518518515,0.0618,27.30500589217323,14.225997842502698,,,,,,,,,,,2.4017234398174696,2023451
ldpc,N288_M144,lambda_pSA,search,238,841,,,,0.22299698108186436,0.17816537351516168,0.2980401649466626,llr,0.6299476738012154,0.5998277186543048,0.0,0.05365165314882508,5.41927039128885,linear,1.0398363390551792,0.0010599989479514668,majority,8654,710,9600,0.12461660879629631,0.9020833333333332,0.9020833333333332,0.0047143518518518515,0.0618,26.4334552685849,14.596817691477884,,,,,,,,,,,2.4023158655319525,2094722
ldpc,N288_M144,lambda_pSA,search,173,842,,,,0.11125041371769295,0.24635488707912492,0.4162320189400685,snr,0.7275269764947628,0.4833713233053169,0.0,0.12317588008516205,9.311486991674197,linear,1.6051262621661873,0.06084694841964606,majority,9065,181,9600,0.10660445601851852,1.0,1.0,0.0047143518518518515,0.0618,22.612749189826182,16.181229773462782,,,,,,,,,,,2.403623163758443,1579987
ldpc,N288_M144,lambda_pSA,search,117,843,,,,0.37487279260515816,1.2722699689445236,2.8160538663801566,fixed,0.0037484613184615018,0.25275738544986714,0.0,0.16951172776341386,0.7797410197943803,piecewise,9.564819288628225,0.2944094401095073,best_state,2810,18041,25600,0.10776909722222222,1.0,1.0,0.0047143518518518515,0.0618,22.85979082785034,16.181229773462782,,,,,,,,,,,2.4078646075401045,1136523
ldpc,N288_M144,lambda_pSA,search,397,844,,,,0.1458791775691602,1.9623840497939242,0.8020854451104001,llr,0.6523184120248966,0.8681245690949835,0.0,0.04266740660998206,4.5488763805892045,exponential,0.07680642510305508,0.3945794674729669,last,5077,7729,19200,0.10921585648148148,1.0,1.0,0.0047143518518518515,0.0618,23.166674850240597,16.181229773462782,,,,,,,,,,,2.415519252520256,3353843
ldpc,N288_M144,lambda_pSA,search,57,845,,,,0.31655112314750683,3.760152148920795,2.8000138939750436,fixed,0.774035379730568,0.38341710833604153,0.0,1.7391676391675164,5.223186610626048,exponential,0.5095387072569286,0.8635347498193261,last,7916,7569,19200,0.11046730324074074,1.0,1.0,0.0047143518518518515,0.0618,23.432129529608172,16.181229773462782,,,,,,,,,,,2.4219289698663307,661383
ldpc,N288_M144,lambda_pSA,search,58,846,,,,0.3357932694261038,3.1332345891891054,2.59671058600094,fixed,0.5950605534337733,0.38930609457936777,0.0,1.673778113406374,4.901678848812399,exponential,0.4456331761103473,0.890469046734005,last,7719,7971,19200,0.11104600694444444,1.0,1.0,0.0047143518518518515,0.0618,23.554883138564275,16.181229773462782,,,,,,,,,,,2.423913023754168,669302
ldpc,N288_M144,lambda_pSA,search,60,847,,,,0.33013498564051524,2.939596570950859,2.5692446001309297,fixed,0.7795263433222215,0.3518915776856265,0.0,1.8650726476774844,4.824172453767096,exponential,0.49275822986209944,0.8757754388811059,last,7657,7847,19200,0.1117332175925926,1.0,1.0,0.0047143518518518515,0.0618,23.700653049199648,16.181229773462782,,,,,,,,,,,2.4261226486894936,685140
ldpc,N288_M144,lambda_pSA,search,610,848,,,,0.10686983068271357,4.159695242530967,1.438028379514435,snr,0.5545917719316311,0.8908771356897209,0.0,0.3680717166556054,4.422402175939625,cosine,0.05658767766393813,0.7399825177394862,last,15367,3732,19200,0.11243489583333333,1.0,1.0,0.0047143518518518515,0.0618,23.84949180005892,16.181229773462782,,,,,,,,,,,2.426678157923414,5040590
ldpc,N288_M144,lambda_pSA,search,865,849,,,,0.15092405450239288,2.265877465391938,1.7390669849020954,fixed,0.4330581392191834,0.8803192808137612,0.0,0.2318085060143404,7.905451520163258,cosine,0.06214971714513479,0.45107843737012854,best_state,13478,355,25600,0.11192129629629631,1.0,1.0,0.0047143518518518515,0.0618,23.740547972110384,16.181229773462782,,,,,,,,,,,2.4267205814243686,7059935
ldpc,N288_M144,lambda_pSA,search,54,850,,,,0.35687403584156746,3.067315686512158,2.49218398194483,fixed,0.14798708632242633,0.3639937541831249,0.0,1.5554985261004366,4.796858044105916,exponential,0.39038759528435757,0.8944258907805359,last,7695,8263,19200,0.1131076388888889,1.0,1.0,0.0047143518518518515,0.0618,23.992192870470397,16.181229773462782,,,,,,,,,,,2.4316730549101093,637626
ldpc,N288_M144,lambda_pSA,search,177,851,,,,0.1397791754480554,0.2528087819525087,0.4248924828955856,snr,0.7350890664382732,0.4880960570167036,0.0,0.05608404430768436,9.017779147820864,linear,1.5889780506178754,0.06410509260524541,majority,8643,143,9600,0.11508246527777777,1.0,1.0,0.0047143518518518515,0.0618,24.411089561033094,16.181229773462782,,,,,,,,,,,2.435517883328953,1611663
ldpc,N288_M144,lambda_pSA,search,52,852,,,,0.30578205159400473,3.178951233540721,2.658438343397648,fixed,0.7462019171459966,0.369094182630421,0.0,1.4219931696315204,4.861770465083025,exponential,0.5366571395565138,0.8312480535290608,last,7952,8565,19200,0.11403356481481482,1.0,1.0,0.0047143518518518515,0.0618,24.18859864480016,16.181229773462782,,,,,,,,,,,2.435669480248688,621788
ldpc,N288_M144,lambda_pSA,search,50,853,,,,0.36197665446798966,3.5569488772473536,2.4045527554481363,fixed,0.7667745810314267,0.35681065908805787,0.0,1.5719313192014168,4.708710639688694,exponential,0.530579710414547,0.8468190964750736,last,7903,10943,19200,0.11667390046296296,1.0,1.0,0.0047143518518518515,0.0618,24.74866198566238,16.181229773462782,,,,,,,,,,,2.445703253346835,605950
ldpc,N288_M144,lambda_pSA,search,915,854,,,,0.29192272243807205,0.2536695813963691,2.343697060082089,fixed,0.27498216649637486,0.7837925848942945,0.0,0.19275857625894124,10.20463582379104,cosine,0.10273272753175337,0.2603578184410799,best_state,19843,5305,25600,0.19259259259259257,0.6854166666666667,0.6854166666666667,0.0047143518518518515,0.0618,40.85240106059118,11.090884573894282,,,,,,,,,,,2.4494457397022025,7455885
ldpc,N288_M144,lambda_pSA,search,49,855,,,,0.7013218600881135,3.066063693557753,2.36431492522664,fixed,0.7529566253239405,0.3756300353751212,0.0,1.6645668719325097,4.951610492440596,exponential,0.4644073217703313,0.8860708699449344,last,7985,10980,19200,0.11803385416666667,1.0,1.0,0.0047143518518518515,0.0618,25.037132966709226,16.181229773462782,,,,,,,,,,,2.45024911951758,598031
ldpc,N288_M144,lambda_pSA,search,59,856,,,,0.6854465466230418,3.1244398800970568,2.365541702023948,fixed,0.9799688260747506,0.3677708831630594,0.0,1.7302344290167877,5.012738806937034,exponential,0.48709024898454983,0.881012146817726,last,7437,7486,19200,0.11825810185185186,1.0,1.0,0.0047143518518518515,0.0618,25.084699990179715,16.181229773462782,,,,,,,,,,,2.4510522063577698,677221
ldpc,N288_M144,lambda_pSA,search,53,857,,,,0.6853460478177889,3.5964408557034044,2.3338385388315124,fixed,0.972218381141771,0.33740482735575766,0.0,1.7957841848098155,4.8814333456955,exponential,0.4957003175470189,0.8845457260388214,last,7774,7771,19200,0.1183883101851852,1.0,1.0,0.0047143518518518515,0.0618,25.11231955219484,16.181229773462782,,,,,,,,,,,2.452244374294084,629707
ldpc,N288_M144,lambda_pSA,search,556,858,,,,0.127325785849283,6.313057985213505,1.230466185072933,snr,0.5391855002984998,0.9498196747879175,0.0,0.5082080250294273,4.316816606792102,cosine,0.07321907906232006,0.8088204984745702,last,16450,2614,19200,0.12099247685185184,1.0,1.0,0.0047143518518518515,0.0618,25.6647107924973,16.181229773462782,,,,,,,,,,,2.45943129686363,4612964
ldpc,N288_M144,lambda_pSA,search,56,859,,,,0.7184189917573388,3.0657057476351595,2.247329746111779,fixed,0.9735599633459391,0.37767083975124344,0.0,1.579201102424187,4.846276769912216,exponential,0.49948551701408733,0.8936280032140616,last,7175,7914,19200,0.12058015046296296,1.0,1.0,0.0047143518518518515,0.0618,25.577248846116078,16.181229773462782,,,,,,,,,,,2.4599542475695086,653464
ldpc,N288_M144,lambda_pSA,search,918,860,,,,0.2800467785828919,0.24172181698512815,3.129373131888759,fixed,0.26993699065161314,0.7940766179705722,0.0,0.23543033716094178,10.241423626256058,cosine,0.08062658775011629,0.28449925079673616,best_state,22338,3165,25600,0.1913628472222222,0.7312499999999998,0.7270833333333333,0.0047143518518518515,0.0618,40.59154964155946,11.832524271844658,,,,,,,,,,,2.488105657013609,7479642
ldpc,N288_M144,lambda_pSA,search,174,861,,,,0.1075871261833629,0.2678866991780796,0.4356798193254777,snr,0.8975392262492408,0.49260312134533446,0.0,0.10397250612041051,9.16250074284661,linear,1.5610310650496229,0.06668753221394169,majority,8354,171,9600,0.13369502314814816,1.0,1.0,0.0047143518518518515,0.0618,28.35915250908377,16.181229773462782,,,,,,,,,,,2.5024000488661073,1587906
ldpc,N288_M144,lambda_pSA,search,548,862,,,,0.11068983715090931,0.11916092165588456,1.3544601354330048,snr,0.46559666298426716,0.9007604631686161,0.0,0.03325554191811551,3.0384088964366964,cosine,0.05778068057342813,0.7808621200280762,last,17073,1986,19200,0.19650607638888887,0.7708333333333334,0.7708333333333334,0.0047143518518518515,0.0618,41.682522341156826,12.473031283710895,,,,,,,,,,,2.5040758381077883,4549612
ldpc,N288_M144,lambda_pSA,search,134,863,,,,0.443914176024346,0.4260055619677927,0.9551113623655851,llr,0.024910322763715548,0.3082665006469742,0.0,2.4626679142682777,8.484427526883326,linear,4.120461793075058,0.24416973987840476,majority,12894,10017,25600,0.1773871527777778,1.0,0.7875,0.0047143518518518515,0.0618,37.62704998526958,16.181229773462782,,,,,,,,,,,2.521837948526642,1271146
ldpc,N288_M144,lambda_pSA,search,337,864,,,,0.14467832067704794,0.060188977623332085,0.8503010119313509,llr,0.6983602041123469,0.8177547024675966,0.0,0.047541089209001366,6.875967610520795,exponential,0.5490868501379033,0.04246731825504063,last,5753,1236,19200,0.15394965277777778,0.9458333333333334,0.94375,0.0047143518518518515,0.0618,32.65552882254739,15.304746494066883,,,,,,,,,,,2.5277938628948537,2878703
ldpc,N288_M144,lambda_pSA,search,541,865,,,,0.11063048986662215,0.11471480585559954,1.325185985589759,snr,0.46025824160089757,0.901024695010618,0.0,0.033139713566366705,3.2536982589915944,cosine,0.058448681288092226,0.7808766361902656,last,16962,2070,19200,0.20259693287037037,0.7916666666666666,0.7916666666666666,0.0047143518518518515,0.0618,42.97450407541982,12.810140237324703,,,,,,,,,,,2.538931925761634,4494179
ldpc,N288_M144,lambda_pSA,search,859,866,,,,0.13890481764576867,0.8824911797361407,1.2042785218048062,fixed,0.4719849448792173,0.8933775480806915,0.0,0.2660688752797734,7.269648441664266,cosine,0.06817274769796265,0.6474503464973346,best_state,12765,31,12800,0.15440538194444445,1.0,1.0,0.0047143518518518515,0.0618,32.75219728960032,16.181229773462782,,,,,,,,,,,2.567748028010885,7012421
ldpc,N288_M144,lambda_pSA,search,132,867,,,,0.7614432343848256,0.763964917515507,1.7708713018749018,llr,0.07591484908757029,0.4241865898859217,0.0,2.100334260987376,2.907284187287809,constant,8.070723732223662,0.3288531262379024,majority,5264,15485,25600,0.4177372685185185,0.9541666666666666,0.14583333333333334,0.0047143518518518515,0.0618,88.60969262496317,15.439590075512404,,,,,,,,,,,2.569395144034008,1255308
ldpc,N288_M144,lambda_pSA,search,11,868,,,,2.5055897201275217,5.85596306896003,0.060439904756623045,llr,0.8085732352741019,0.4250018646125861,0.0,1.2949962936148438,1.597593794540468,cosine,0.08384036731249621,0.2740750083264952,majority,4125,4171,9600,0.20383391203703705,1.0,0.7624999999999998,0.0047143518518518515,0.0618,43.23688991456349,16.181229773462782,,,,,,,,,,,2.569813214657757,297109
ldpc,N288_M144,lambda_pSA,search,875,869,,,,0.15155353330456914,1.6348286774796246,1.0559613827848477,fixed,0.42993999038355285,0.886366253123375,0.0,0.2628021337937626,8.176689805692346,cosine,0.060190272609644005,0.36737797095726454,best_state,13475,5564,25600,0.15672743055555555,1.0,1.0,0.0047143518518518515,0.0618,33.24474614553668,16.181229773462782,,,,,,,,,,,2.5743450854460708,7139125
ldpc,N288_M144,lambda_pSA,search,116,870,,,,4.664859907791559,1.2453988703964205,2.1112281206714383,fixed,0.5500550379105762,0.2589848741677002,0.0,2.486056587810219,3.259840414270641,piecewise,6.553694682367779,0.27364104987853216,best_state,2798,12575,25600,0.49849537037037034,1.0,0.0,0.0047143518518518515,0.0618,105.7399587547874,16.181229773462782,,,,,,,,,,,2.5773530597325256,1128604
ldpc,N288_M144,lambda_pSA,search,130,871,,,,1.6350315856308164,0.7712223326006766,1.6657796629932702,llr,0.7140223193066427,0.7100891507152762,0.0,2.2269865037084444,2.841459408854943,linear,7.733211592398469,0.33090820957220535,majority,5377,15746,25600,0.49855324074074076,1.0,0.0,0.0047143518518518515,0.0618,105.75223411568301,16.181229773462782,,,,,,,,,,,2.577404918650374,1239470
ldpc,N288_M144,lambda_pSA,search,118,872,,,,5.045987489497328,1.2972608939136359,5.525443282583766,fixed,0.005543855175339979,0.2700039701145832,0.0,2.703226859056578,3.0246188633762947,piecewise,6.696005383522498,0.2845971538420992,best_state,3124,13674,25600,0.498755787037037,1.0,0.0,0.0047143518518518515,0.0618,105.79519787881763,16.181229773462782,,,,,,,,,,,2.5775823319076188,1144442
ldpc,N288_M144,lambda_pSA,search,84,873,,,,3.4082110460587964,0.23885521970363766,3.254645878446379,llr,0.14831080518527767,0.09730257832818909,0.0,0.6498556979297452,2.2786303657026794,cosine,0.1638519259672647,0.7700928603539999,best_state,3637,2660,12800,0.4987557870370371,1.0,0.0,0.0047143518518518515,0.0618,105.79519787881766,16.181229773462782,,,,,,,,,,,2.577582952931589,875196
ldpc,N288_M144,lambda_pSA,search,122,874,,,,1.6070968464289195,0.8181529059323654,4.402296360816175,llr,0.8310096240201436,0.2076357108608365,0.0,2.0327508772328238,2.926862942773781,linear,5.691021523011114,0.11703817787428378,majority,767,10819,25600,0.4988136574074074,1.0,0.0,0.0047143518518518515,0.0618,105.80747323971326,16.181229773462782,,,,,,,,,,,2.5776303355845385,1176118
ldpc,N288_M144,lambda_pSA,search,83,875,,,,2.786544556756158,0.07382502772477989,0.12503059078235298,llr,0.14715119398840154,0.07864702393060125,0.0,0.6051576962782886,2.313291900096852,cosine,2.6923153518647425,0.7682186419232493,best_state,3414,2880,12800,0.498191550925926,1.0,0.0020833333333333333,0.0047143518518518515,0.0618,105.67551311008546,16.181229773462782,,,,,,,,,,,2.57812987090537,867277
ldpc,N288_M144,lambda_pSA,search,716,876,,,,4.539145131330591,0.1253529665498069,1.2992179580621512,snr,0.4946801856257335,0.9083191139572556,0.0,0.5526887620373621,5.79170169543288,cosine,0.06896184311388175,0.7386733917960322,best_state,12751,40,12800,0.49953703703703706,1.0,0.0,0.0047143518518518515,0.0618,105.96091525090839,16.181229773462782,,,,,,,,,,,2.5782621223897597,5880004
ldpc,N288_M144,lambda_pSA,search,63,877,,,,1.4429191520666274,0.7806374735126896,5.527188531033379,fixed,0.05894226897269189,0.5789278576941159,0.0,1.106355560049753,3.3993136644083646,cosine,1.3813620311397103,0.6536831210248152,best_state,4670,3700,12800,0.4997974537037037,1.0,0.0,0.0047143518518518515,0.0618,106.01615437493864,16.181229773462782,,,,,,,,,,,2.57847762840597,708897
ldpc,N288_M144,lambda_pSA,search,33,878,,,,7.977401160172979,1.5440694357775817,0.6349412346162101,snr,0.48354347419425847,0.7935910959941345,0.0,0.24267027206398054,0.510432785774324,linear,5.5143326188157555,0.38320508929276065,majority,830,6196,9600,0.5004774305555556,1.0,0.0,0.0047143518518518515,0.0618,106.16038986546207,16.181229773462782,,,,,,,,,,,2.579057382328727,471327
ldpc,N288_M144,lambda_pSA,search,79,879,,,,2.292079019621201,0.19841720626491552,4.030036735060043,llr,0.1524798511152109,0.14269571233418288,0.0,0.6078511849610095,2.1997987285260265,cosine,2.6109723128445106,0.7580985464126258,best_state,3749,2728,12800,0.49963107638888893,1.0,0.0020833333333333333,0.0047143518518518515,0.0618,105.98086271236376,16.181229773462782,,,,,,,,,,,2.579385949562297,835601
ldpc,N288_M144,lambda_pSA,search,121,880,,,,1.613184205422657,0.762466095793237,1.7491995408055077,llr,0.08694069312592907,0.20304398876061905,0.0,2.147467287594671,2.897979657041036,constant,8.057857240464678,0.3270171727908694,majority,1714,11542,25600,0.5009259259259259,1.0,0.0,0.0047143518518518515,0.0618,106.25552391240302,16.181229773462782,,,,,,,,,,,2.5794645103559035,1168199
ldpc,N288_M144,lambda_pSA,search,75,881,,,,2.630531705402546,0.20157240126291692,3.978819571563829,llr,0.1569524279328085,0.10785158314174571,0.0,0.6670796461643984,2.550336946998935,cosine,2.7740867839167604,0.43480632446244966,best_state,3608,3030,12800,0.5012008101851851,1.0,0.0,0.0047143518518518515,0.0618,106.31383187665718,16.181229773462782,,,,,,,,,,,2.5797045917692403,803925
ldpc,N288_M144,lambda_pSA,search,673,882,,,,7.170201856799179,0.0731633932093341,1.06500769289988,snr,0.480740812384857,0.850857639711214,0.0,0.39839648554541063,6.234228030585132,cosine,0.05544028938106224,0.6591697818857434,best_state,12153,468,12800,0.501417824074074,1.0,0.0,0.0047143518518518515,0.0618,106.3598644800157,16.181229773462782,,,,,,,,,,,2.5798942763528165,5539487
ldpc,N288_M144,lambda_pSA,search,3,883,,,,2.505817612866669,0.15065399465662355,0.19921991796935673,fixed,0.88710205189203,0.3183658372179384,0.0,1.6762749027569686,1.9459833653909013,exponential,0.29435944257408986,0.46378757522882597,best_state,9604,151,12800,0.5014756944444444,1.0,0.0,0.0047143518518518515,0.0618,106.37213984091132,16.181229773462782,,,,,,,,,,,2.579942794685597,233757
ldpc,N288_M144,lambda_pSA,search,78,884,,,,2.044302450946022,0.2664949896402376,4.167188176258468,llr,0.13836149308793141,0.09961585370621034,0.0,0.6487172847286854,2.377838919282816,cosine,2.741882110814801,0.761834825096756,best_state,3793,3026,12800,0.49999276620370364,1.0,0.004166666666666667,0.0047143518518518515,0.0618,106.05758371796131,16.181229773462782,,,,,,,,,,,2.5807379097260617,827682
ldpc,N288_M144,lambda_pSA,search,817,885,,,,2.795706872245995,0.10037363436257533,1.5566033431942814,snr,0.4474298596416851,0.8834562745388757,0.0,0.46041301084930725,5.7250900935283155,cosine,0.0605621996309105,0.8474666375307847,best_state,12744,52,12800,0.4994502314814815,1.0,0.010416666666666666,0.0047143518518518515,0.0618,105.94250220956496,16.181229773462782,,,,,,,,,,,2.5833839285481,6679823
ldpc,N288_M144,lambda_pSA,search,104,886,,,,0.27078568766847133,0.9587522914204478,1.31310889309182,fixed,0.04162368216599058,0.15967782013906526,0.0,0.32385554166284986,1.2580011660831347,piecewise,0.1103860355268791,0.20485097611634154,best_state,1224,23230,25600,0.16090133101851853,1.0,1.0,0.0047143518518518515,0.0618,34.13010655013258,16.181229773462782,,,,,,,,,,,2.584971032148273,1033576
ldpc,N288_M144,lambda_pSA,search,74,887,,,,1.9275394867963942,0.31624623078519976,4.160391901620159,llr,0.16171919059230488,0.45883125838614147,0.0,0.6445199987956354,2.4858782363295155,cosine,2.623233199148252,0.4137243837728046,best_state,3764,2803,12800,0.5002965856481482,1.0,0.014583333333333332,0.0047143518518518515,0.0618,106.12202936266327,16.181229773462782,,,,,,,,,,,2.58621340381705,796006
ldpc,N288_M144,lambda_pSA,search,81,888,,,,1.901276687748958,0.2923106632608447,3.9128299116296583,llr,0.1539647962402129,0.07096452680006204,0.0,0.6410038727301214,2.1851704468622453,cosine,0.14878915435780946,0.4282724172142186,best_state,3274,2733,12800,0.4990379050925926,1.0,0.020833333333333332,0.0047143518518518515,0.0618,105.85504026318375,16.181229773462782,,,,,,,,,,,2.588244922721003,851439
ldpc,N288_M144,lambda_pSA,search,51,889,,,,0.6914840742056614,3.2846578069928594,1.2734236215618968,fixed,0.9746444181416234,0.3560522283741304,0.0,1.52638894126386,4.89480288411339,exponential,0.47642542435106416,0.8830273021773519,last,7510,7347,19200,0.162109375,1.0,1.0,0.0047143518518518515,0.0618,34.38635470882844,16.181229773462782,,,,,,,,,,,2.589181384182509,613869
ldpc,N288_M144,lambda_pSA,search,80,890,,,,1.8971554377194795,0.16725455179750412,4.010140901205829,llr,0.13398645570398576,0.09512661279493348,0.0,0.6101544896257202,2.3744694720238884,cosine,0.16468304942617806,0.4251777434698917,best_state,3771,2864,12800,0.4993706597222222,1.0,0.027083333333333334,0.0047143518518518515,0.0618,105.92562358833351,16.181229773462782,,,,,,,,,,,2.5916576493061845,843520
ldpc,N288_M144,lambda_pSA,search,722,891,,,,0.08854401045173758,0.06769208337778838,0.9701988863935268,snr,0.43828423225260016,0.8820900734616581,0.0,0.453081117050432,6.392064528638632,cosine,0.057824730196317536,0.7622194476095541,best_state,12751,38,12800,0.23407118055555554,0.7958333333333334,0.7958333333333334,0.0047143518518518515,0.0618,49.650765982519886,12.877562028047466,,,,,,,,,,,2.5923704588218537,5927518
ldpc,N288_M144,lambda_pSA,search,76,892,,,,1.7796408411449824,0.19987670637243138,4.020985731008693,llr,0.14855051505304714,0.06621706073222583,0.0,0.6397620619468752,2.3566109541627407,cosine,0.1673973350651293,0.7554314387470923,best_state,3496,2909,12800,0.49997829861111115,1.0,0.03958333333333333,0.0047143518518518515,0.0618,106.05451487773742,16.181229773462782,,,,,,,,,,,2.598435101369536,811844
ldpc,N288_M144,lambda_pSA,search,131,893,,,,0.768458327899257,0.7363655779920095,0.29850329764868466,llr,0.05753548854393662,0.33324678536537994,0.0,1.9681354660348758,2.879876418475326,linear,5.586931929383263,0.3240025360462873,majority,5342,15721,25600,0.40121527777777777,1.0,0.2416666666666667,0.0047143518518518515,0.0618,85.10507708926643,16.181229773462782,,,,,,,,,,,2.603750015955444,1247389
ldpc,N288_M144,lambda_pSA,search,105,894,,,,0.6126830176518376,1.0614812562893157,1.5152471108464565,fixed,0.24821975077062852,0.1692492309515446,0.0,0.28633552273903623,1.3464620816616797,piecewise,3.599431248231026,0.20995364925479906,best_state,991,23018,25600,0.17082609953703706,1.0,1.0,0.0047143518518518515,0.0618,36.23533094372976,16.181229773462782,,,,,,,,,,,2.610215412261331,1041495
ldpc,N288_M144,lambda_pSA,search,82,895,,,,1.7587593319464894,0.059536423240555074,4.059349931666121,llr,0.1453403210791691,0.11803487828050929,0.0,0.6450242537796126,2.3380215564727695,cosine,2.60334614893401,0.42990594975747065,best_state,3885,2395,12800,0.5026692708333335,1.0,0.06458333333333334,0.0047143518518518515,0.0618,106.62531915938332,16.181229773462782,,,,,,,,,,,2.61326803833692,859358
ldpc,N288_M144,lambda_pSA,search,824,896,,,,1.2922551919037,0.09698807869616732,1.4494146183213843,snr,0.44683049747285586,0.8858088267824759,0.0,0.6112519721688139,5.982605425259626,cosine,0.062590381689229,0.8433342266820165,best_state,12754,43,12800,0.49722222222222223,1.0,0.11666666666666665,0.0047143518518518515,0.0618,105.46990081508397,16.181229773462782,,,,,,,,,,,2.63457840177957,6735256
ldpc,N288_M144,lambda_pSA,search,559,897,,,,0.9569287072836113,0.1531490871484949,1.785684298020939,snr,0.5389140642640621,0.9483370731760599,0.0,0.790723251695457,4.319103100989558,cosine,0.07257224943169178,0.8062839525927585,last,16365,2619,19200,0.5004195601851852,1.0,0.14375,0.0047143518518518515,0.0618,106.14811450456644,16.181229773462782,,,,,,,,,,,2.650898414018571,4636721
ldpc,N288_M144,lambda_pSA,search,731,898,,,,0.08536030335299037,0.133963315036356,1.0028779010573505,fixed,0.42467162826272664,0.8762140685044982,0.0,0.19844662018079143,6.321656746862422,cosine,0.057561277509553886,0.7667858892291705,best_state,12750,33,12800,0.18888888888888888,0.9958333333333332,0.9958333333333332,0.0047143518518518515,0.0618,40.06677796327212,16.11380798274002,,,,,,,,,,,2.6523927378005343,5998789
ldpc,N288_M144,lambda_pSA,search,721,899,,,,0.08906506903415042,0.13358401053490004,1.001400363206013,fixed,0.4433966874230701,0.8742483724956114,0.0,0.19836341540921504,6.360649090893068,cosine,0.0580018497310701,0.7646453744772572,best_state,12745,33,12800,0.19045138888888888,0.9916666666666667,0.9916666666666667,0.0047143518518518515,0.0618,40.3982127074536,16.04638619201726,,,,,,,,,,,2.653927191582671,5919599
ldpc,N288_M144,lambda_pSA,search,732,900,,,,0.08626699945991825,0.1328656182344526,0.9770133303949953,fixed,0.4229117124350684,0.8774589519229241,0.0,0.4462846639835166,6.5143863469806105,cosine,0.05812404786939549,0.7607169964294128,best_state,12753,38,12800,0.19297598379629632,0.9916666666666667,0.9916666666666667,0.0047143518518518515,0.0618,40.93372532652461,16.04638619201726,,,,,,,,,,,2.6593639536855713,6006708
ldpc,N288_M144,lambda_pSA,search,109,901,,,,5.589115385651574,1.318811789715888,2.007205613090077,fixed,0.0016242890585896758,0.24740098124154888,0.0,0.1723211164675653,9.351345342484155,piecewise,6.494460443792821,0.2671249395362373,best_state,2905,13034,25600,0.4995081018518519,1.0,0.16666666666666666,0.0047143518518518515,0.0618,105.95477757046059,16.181229773462782,,,,,,,,,,,2.6615699943895827,1073171
ldpc,N288_M144,lambda_pSA,search,176,902,,,,0.09956780004704752,0.263760687630128,0.3698402271805935,snr,0.8975371825997592,0.48931112979376734,0.0,0.11214883173335323,8.906586175119143,linear,1.5324807239251794,0.06919203551943931,majority,8751,75,9600,0.19699797453703705,1.0,1.0,0.0047143518518518515,0.0618,41.78686290876952,16.181229773462782,,,,,,,,,,,2.6721983207808497,1603744
ldpc,N288_M144,lambda_pSA,search,101,903,,,,0.6327993156377949,0.6018043406756769,3.3806336918696758,fixed,0.25176392918644125,0.1766895590385551,0.0,2.1397298896055705,3.318372449669251,piecewise,3.510504634288596,0.19215244917392976,best_state,2895,13252,25600,0.42300347222222223,1.0,0.3625,0.0047143518518518515,0.0618,89.72675046646373,16.181229773462782,,,,,,,,,,,2.687178656203492,1009819
ldpc,N288_M144,lambda_pSA,search,5,904,,,,3.752457166257387,3.514078232999192,1.058669200236556,snr,0.6568522830831751,0.5019188182350285,0.0,0.12213724491228967,9.688324767151602,piecewise,0.05792889790679532,0.7845159760603025,last,16378,714,19200,0.2687427662037037,0.84375,0.84375,0.0047143518518518515,0.0618,57.005241579102425,13.652912621359222,,,,,,,,,,,2.6968374835507976,249595
ldpc,N288_M144,lambda_pSA,search,214,905,,,,0.25050393372161806,0.17716190453451972,0.4799797532907959,llr,0.8183698806507914,0.5163614698347236,0.0,0.050247014246019725,7.120210372718071,linear,0.05124302105250589,0.04288057271365393,majority,8217,1082,9600,0.21529224537037037,1.0,0.9916666666666667,0.0047143518518518515,0.0618,45.66741137189434,16.181229773462782,,,,,,,,,,,2.7075676228529995,1904666
ldpc,N288_M144,lambda_pSA,search,687,906,,,,0.13140698030921555,0.06179626476448421,1.1847941047693158,snr,0.5133556294430139,0.8643560014807323,0.0,0.4996931038261179,5.695082438815636,piecewise,0.06084045338796874,0.6925968146915097,best_state,12725,21,12800,0.2196976273148148,1.0,0.9895833333333334,0.0047143518518518515,0.0618,46.60187322007267,16.181229773462782,,,,,,,,,,,2.7153721705131697,5650353
ldpc,N288_M144,lambda_pSA,search,98,907,,,,0.616938570900562,0.6352518035400615,3.42929138935972,fixed,0.41888588129489346,0.18321179721819963,0.0,0.3015973497153809,1.2756933010595946,piecewise,7.308744087810852,0.20423322945860514,best_state,1314,22462,25600,0.22502170138888888,0.9791666666666666,0.9791666666666666,0.0047143518518518515,0.0618,47.73120642246882,15.844120819848975,,,,,,,,,,,2.718578188650065,986062
ldpc,N288_M144,lambda_pSA,search,2,908,,,,0.5696734330496243,0.09919882365230993,3.809790095208372,snr,0.4685657525868483,0.17857948649124963,0.0,1.4182132763216155,4.4056265680768005,cosine,0.14236799789256996,0.253456127788441,majority,1858,1643,9600,0.4934172453703704,1.0,0.3145833333333333,0.0047143518518518515,0.0618,104.6627958361976,16.181229773462782,,,,,,,,,,,2.7302002479655982,225838
ldpc,N288_M144,lambda_pSA,search,227,909,,,,0.2063790004976933,0.17655562033928918,0.5857205243736201,llr,0.996503347286134,0.46426657912452085,0.0,0.06437507845539522,7.861690748664742,linear,1.340404231454935,0.017619307592970736,majority,8699,674,9600,0.2274739583333333,1.0,1.0,0.0047143518518518515,0.0618,48.251374840420304,16.181229773462782,,,,,,,,,,,2.7358910959700893,2007613
ldpc,N288_M144,lambda_pSA,search,640,910,,,,0.12215821421089315,0.08831715555689394,1.2656249438186833,snr,0.4855400526307076,0.8706169991544043,0.0,0.28176635356119856,3.8239349712118917,cosine,0.05508223177721773,0.7815782529143483,best_state,16204,2957,19200,0.25168547453703705,0.94375,0.94375,0.0047143518518518515,0.0618,53.38707895512129,15.2710355987055,,,,,,,,,,,2.742512556685388,5278160
ldpc,N288_M144,lambda_pSA,search,213,911,,,,0.24283918660581233,0.13731281279118537,0.47623789364001756,llr,0.6642836792261709,0.3772182304049041,0.0,0.04316932358126374,6.669356929874513,linear,0.06154058016429463,0.04670027687441276,majority,9182,100,9600,0.24097945601851853,1.0,0.99375,0.0047143518518518515,0.0618,51.116137189433374,16.181229773462782,,,,,,,,,,,2.757926424244056,1896747
ldpc,N288_M144,lambda_pSA,search,946,912,,,,0.2818861245009849,0.23247923005003793,1.8523661183412465,fixed,0.34344548614197734,0.7799233512748823,0.0,0.20353673543280038,9.411350544166703,piecewise,0.10708490265028445,0.30169463010987624,best_state,25569,29,25600,0.25376157407407407,0.9770833333333333,0.9708333333333333,0.0047143518518518515,0.0618,53.827457527251305,15.810409924487594,,,,,,,,,,,2.765833124591401,7701374
ldpc,N288_M144,lambda_pSA,search,103,913,,,,1.2058584857620067,1.0185878243433135,3.161047951761599,fixed,0.037511502768113755,0.3058603391712135,0.0,0.9796824078104888,5.626673545456651,piecewise,3.374454259499156,0.21909667511047692,best_state,1202,23043,25600,0.4344039351851852,1.0,0.5,0.0047143518518518515,0.0618,92.14499656289897,16.181229773462782,,,,,,,,,,,2.7675767767816217,1025657
ldpc,N288_M144,lambda_pSA,search,100,914,,,,0.6160845754149272,0.6673452474666542,3.0684298728460138,fixed,0.25720149162461314,0.15883415044387245,0.0,0.296729292113511,1.3981977505092327,piecewise,0.10038747033133366,0.20648729704770816,best_state,1216,23686,25600,0.24783709490740743,1.0,1.0,0.0047143518518518515,0.0618,52.5707674555632,16.181229773462782,,,,,,,,,,,2.7734840790000836,1001900
ldpc,N288_M144,lambda_pSA,search,195,915,,,,0.5547517533336183,0.20983941609470555,0.49307467300909746,llr,0.6872488584339058,0.41200532519072897,0.0,0.059485121558199294,6.072998147159526,linear,2.447632520335733,0.01717907549836812,majority,8925,111,9600,0.2684534143518518,1.0,1.0,0.0047143518518518515,0.0618,56.94386477462437,16.181229773462782,,,,,,,,,,,2.808000427172973,1754205
ldpc,N288_M144,lambda_pSA,search,97,916,,,,0.6242601137866031,0.6225531738771916,3.32625330831772,fixed,0.2528056673455199,0.1644609861583294,0.0,0.31258843254518026,8.277154093960208,piecewise,3.558589227746427,0.2181081276554095,best_state,1546,24000,25600,0.2719111689814815,1.0,1.0,0.0047143518518518515,0.0618,57.67731758813709,16.181229773462782,,,,,,,,,,,2.813988279042546,978143
ldpc,N288_M144,lambda_pSA,search,581,917,,,,1.1402993219630047,0.15653039764890356,1.10224062320216,snr,0.4536521081305309,0.9202456818014414,0.0,0.5082300315490844,4.145659880715521,cosine,0.06529144084196241,0.7691567139267983,last,16716,2449,19200,0.49947193287037034,1.0,0.4875,0.0047143518518518515,0.0618,105.94710546990082,16.181229773462782,,,,,,,,,,,2.8219549757980302,4810939
ldpc,N288_M144,lambda_pSA,search,643,918,,,,0.07268334349373493,0.06731489675729671,1.3056141450431278,snr,0.479289389354598,0.8717519173081598,0.0,0.4293534576207775,4.142515113073708,cosine,0.0592934586762217,0.7818680605700968,best_state,16185,2974,19200,0.28762297453703706,1.0,1.0,0.0047143518518518515,0.0618,61.010078071295304,16.181229773462782,,,,,,,,,,,2.83812108890618,5301917
ldpc,N288_M144,lambda_pSA,search,829,919,,,,0.12083582382829404,0.13440616672353536,1.0282254832188569,snr,0.4152327254307113,0.08735454215427918,0.0,0.25879482984510715,7.053943525503807,cosine,0.05630114873999453,0.7979448274814998,best_state,12752,45,12800,0.28932291666666665,1.0,1.0,0.0047143518518518515,0.0618,61.37066679760385,16.181229773462782,,,,,,,,,,,2.8408087292177115,6774851
ldpc,N288_M144,lambda_pSA,search,211,920,,,,0.24559215918803046,0.15205079653494974,0.48146842272352514,llr,0.6531995997390944,0.5431360308250927,0.0,0.047580152859260115,6.913715688567291,linear,0.051255351923432474,0.04122442455831081,majority,9184,131,9600,0.2924479166666667,1.0,0.99375,0.0047143518518518515,0.0618,62.03353628596682,16.181229773462782,,,,,,,,,,,2.84232542452229,1880909
ldpc,N288_M144,lambda_pSA,search,216,921,,,,0.2542784093856183,0.1610524378810008,0.45818501192637895,llr,0.6669588579744666,0.5244216959459022,0.0,0.04728002881064766,7.250237766458637,linear,0.0709340922999565,0.044379320635048056,majority,8247,1006,9600,0.2905237268518519,1.0,1.0,0.0047143518518518515,0.0618,61.62538053618778,16.181229773462782,,,,,,,,,,,2.8426981590527354,1920504
ldpc,N288_M144,lambda_pSA,search,7,922,,,,2.339039150721768,2.3560432979650905,0.2759782327640291,fixed,0.7018933824072986,0.32814426998245844,0.0,0.5049784423376873,9.48892358370874,piecewise,0.13458785622760266,0.860096298313243,last,9236,859,12800,0.4476056134259259,1.0,0.6333333333333333,0.0047143518518518515,0.0618,94.94531326721007,16.181229773462782,,,,,,,,,,,2.847229776039672,265433
ldpc,N288_M144,lambda_pSA,search,206,923,,,,0.2581160059517265,0.15343876341736148,0.4902240617025731,llr,0.6532737738790965,0.5300014341155014,0.0,0.047853839202313043,6.866964571379637,linear,0.07072124990585381,0.044188873012964036,majority,8159,1037,9600,0.3126012731481482,1.0,0.9958333333333332,0.0047143518518518515,0.0618,66.30843071786312,16.181229773462782,,,,,,,,,,,2.8725070052310895,1841314
ldpc,N288_M144,lambda_pSA,search,891,924,,,,0.20393176933166832,0.1861912461762365,1.984482179574893,fixed,0.38251091244071983,0.19199435526235498,0.0,0.17810278890199563,9.257802925728404,cosine,0.07990922668097046,0.41050334993037224,best_state,21938,3625,25600,0.3169415509259259,1.0,1.0,0.0047143518518518515,0.0618,67.22908278503388,16.181229773462782,,,,,,,,,,,2.880589360305079,7265829
ldpc,N288_M144,lambda_pSA,search,881,925,,,,0.20086878532121352,0.17546884220980027,2.206168992064177,fixed,0.4084772159502998,0.11414863206962966,0.0,0.27197357537440264,8.085272096901866,cosine,0.07267794726818608,0.3875026820664599,best_state,13919,5273,25600,0.32277199074074076,1.0,1.0,0.0047143518518518515,0.0618,68.46582539526663,16.181229773462782,,,,,,,,,,,2.8885045986175863,7186639
ldpc,N288_M144,lambda_pSA,search,496,926,,,,0.11560930148600164,0.13915989223303887,0.975045605631416,llr,0.5714410236305847,0.9179963730090743,0.0,0.039966964508423755,1.627309161994711,cosine,0.06721330744612515,0.8717223666542532,last,14531,4119,19200,0.3240162037037037,1.0,1.0,0.0047143518518518515,0.0618,68.72974565452225,16.181229773462782,,,,,,,,,,,2.8901689351916575,4137824
ldpc,N288_M144,lambda_pSA,search,863,927,,,,0.13800099784347075,0.13738024112279623,1.2105512419997535,snr,0.4734052629522544,0.8921557415524694,0.0,0.28278764026687264,1.8592817601257807,cosine,0.06618244084802737,0.43829908390552896,best_state,12756,40,12800,0.3263599537037037,1.0,1.0,0.0047143518518518515,0.0618,69.22689777079447,16.181229773462782,,,,,,,,,,,2.8933175483678606,7044097
ldpc,N288_M144,lambda_pSA,search,209,928,,,,0.2501377022446514,0.15232195073412189,0.46796424957059585,llr,0.6722113283525062,0.5357912516863541,0.0,0.038816283006099545,7.28082131224737,linear,0.060360837738461674,0.039880100558580905,majority,9167,99,9600,0.32917390046296297,1.0,0.99375,0.0047143518518518515,0.0618,69.82378719434352,16.181229773462782,,,,,,,,,,,2.893882771860026,1865071
ldpc,N288_M144,lambda_pSA,search,727,929,,,,0.09087014456248152,0.13391344038937644,0.9812105645620032,fixed,0.42305903371047665,0.8789616567331163,0.0,0.4394588212788782,2.1294279835309027,cosine,0.058041381932260654,0.7639307961861895,best_state,12752,37,12800,0.3443938078703704,1.0,1.0,0.0047143518518518515,0.0618,73.05220710988904,16.181229773462782,,,,,,,,,,,2.9167219049012636,5967113
ldpc,N288_M144,lambda_pSA,search,853,930,,,,0.13280400781134705,0.13418288728174388,1.1987522680066287,fixed,0.47557314118134547,0.8970668086135637,0.0,0.26760147415108826,1.8907158094129466,cosine,0.06812222332653495,0.8204973640224466,best_state,13741,3164,25600,0.3456018518518518,1.0,1.0,0.0047143518518518515,0.0618,73.3084552685849,16.181229773462782,,,,,,,,,,,2.9182405142067447,6964907
ldpc,N288_M144,lambda_pSA,search,906,931,,,,0.244029963122635,0.17864745157301407,1.9779993593380176,fixed,0.355138481976214,0.7993463343026781,0.0,0.21192822219682708,11.636543994261732,cosine,0.09083563203920948,0.33837603225196966,best_state,22906,2672,25600,0.34596354166666665,1.0,1.0,0.0047143518518518515,0.0618,73.38517627418247,16.181229773462782,,,,,,,,,,,2.9186144004755827,7384614
ldpc,N288_M144,lambda_pSA,search,260,932,,,,0.15026026988854813,0.16534233958717984,0.14242713665552975,llr,0.6426384318660795,0.557940595371025,0.0,0.057998525701788706,6.243734852931351,linear,1.2442831633838018,0.009231984461792986,last,8449,768,9600,0.34819878472222215,1.0,1.0,0.0047143518518518515,0.0618,73.8593120887754,16.181229773462782,,,,,,,,,,,2.921047377772364,2268940
ldpc,N288_M144,lambda_pSA,search,263,933,,,,0.15056998531023197,0.16674690003927922,0.14211407112519406,llr,0.6468639552333284,0.5066792825838059,0.0,0.0692552095125873,6.4754930608286445,linear,1.2140951958794772,0.0021523417745954385,last,8325,771,9600,0.35104166666666664,1.0,1.0,0.0047143518518518515,0.0618,74.46233919277226,16.181229773462782,,,,,,,,,,,2.924758643935719,2292697
ldpc,N288_M144,lambda_pSA,search,623,934,,,,0.08624681543928861,0.10388483658142157,1.6476175391321743,snr,0.531773541365736,0.9283743931765284,0.0,0.39122286179341575,1.769513409511172,cosine,0.0518912157512422,0.6809033175781742,best_state,15099,3845,19200,0.3576316550925926,1.0,1.0,0.0047143518518518515,0.0618,75.8601959147599,16.181229773462782,,,,,,,,,,,2.9330962281795894,5143537
ldpc,N288_M144,lambda_pSA,search,264,935,,,,0.14471703114839535,0.20743129171778288,0.10536650445550517,llr,0.6478954061709878,0.5638561456421104,0.0,0.06975082627413516,6.514350287866656,linear,0.924545893372908,0.001830151385246049,last,8351,305,9600,0.36325954861111115,1.0,1.0,0.0047143518518518515,0.0618,77.05397476185802,16.181229773462782,,,,,,,,,,,2.93961295735038,2300616
ldpc,N288_M144,lambda_pSA,search,212,936,,,,0.2450458506275451,0.1284050239184254,0.4621086216579413,llr,0.6793224527358026,0.46463055417374777,0.0,0.04570176835825714,6.942800594913619,linear,0.051684645902159626,0.04246420591081332,majority,9177,130,9600,0.3739221643518518,1.0,0.9979166666666667,0.0047143518518518515,0.0618,79.3157100068742,16.181229773462782,,,,,,,,,,,2.951355694402326,1888828
ldpc,N288_M144,lambda_pSA,search,207,937,,,,0.2555730216199136,0.14164448041247332,0.4676790639056657,llr,0.6614388088858723,0.5361817590807179,0.0,0.04700251470141423,6.8614536101349595,linear,0.055685671364550604,0.0014747218529643916,majority,9218,98,9600,0.37502170138888885,1.0,1.0,0.0047143518518518515,0.0618,79.54894186389079,16.181229773462782,,,,,,,,,,,2.953731516531449,1849233
ldpc,N288_M144,lambda_pSA,search,698,938,,,,0.11638850868137997,0.09304806860997498,1.0554386486123095,snr,0.4622302153308072,0.05524793752677287,0.0,0.3099422753909791,5.262092610185359,cosine,0.05031366651952635,0.7209049267413626,best_state,12734,36,12800,0.3777994791666666,1.0,1.0,0.0047143518518518515,0.0618,80.13815918688009,16.181229773462782,,,,,,,,,,,2.956918277065795,5737462
ldpc,N288_M144,lambda_pSA,search,546,939,,,,0.11136411699674113,0.11828925960424574,1.3520715867577593,snr,0.4617772577815537,0.9006225413951314,0.0,0.15133379896008076,1.4584338109058073,cosine,0.057219687093703835,0.7821721320989847,last,17178,1982,19200,0.3803385416666667,1.0,1.0,0.0047143518518518515,0.0618,80.676740646175,16.181229773462782,,,,,,,,,,,2.9598264846121176,4533774
ldpc,N288_M144,lambda_pSA,search,221,940,,,,0.20974828512610177,0.10592283579190394,0.39629252447620855,llr,0.756468952963626,0.46821487562913666,0.0,0.07493484374958968,8.082222195783585,linear,0.06870872208825889,0.015220132028638925,majority,8773,653,9600,0.38144531249999997,1.0,1.0,0.0047143518518518515,0.0618,80.91150692330355,16.181229773462782,,,,,,,,,,,2.961118072210373,1960099
ldpc,N288_M144,lambda_pSA,search,215,941,,,,0.2501276071492766,0.13542921267933863,0.4739800021869732,llr,0.6602011861448928,0.5378004326265854,0.0,0.04874306687698461,6.827213260011069,linear,0.05092300291508982,0.04272422175907419,majority,8157,1121,9600,0.38514901620370373,1.0,1.0,0.0047143518518518515,0.0618,81.69713002062262,16.181229773462782,,,,,,,,,,,2.965248111274353,1912585
ldpc,N288_M144,lambda_pSA,search,908,942,,,,0.26741194481321906,0.19878846262571562,1.976458473559558,fixed,0.3290631334530763,0.8454540746154555,0.0,0.23431563635939914,10.910093420275604,cosine,0.09236013200418804,0.312315600091433,best_state,21809,3764,25600,0.3883463541666667,1.0,1.0,0.0047143518518518515,0.0618,82.37534371010508,16.181229773462782,,,,,,,,,,,2.9688854025766758,7400452
ldpc,N288_M144,lambda_pSA,search,515,943,,,,0.14880537922976325,0.1334699676184641,0.23785718047050777,snr,0.495686986953026,0.9196040672808261,0.0,0.032369451047743754,4.494841010581024,cosine,0.06436925909026632,0.8039593151086186,last,16091,2916,19200,0.3914424189814814,1.0,1.0,0.0047143518518518515,0.0618,83.03207551802022,16.181229773462782,,,,,,,,,,,2.97222183439828,4288285
ldpc,N288_M144,lambda_pSA,search,455,944,,,,0.1128113297314078,0.05153025159182137,0.7675455532780388,llr,0.4076906411827147,0.9015553054606027,0.0,0.04325145386832678,4.219539129081259,exponential,0.05630058138670187,0.8576342491765064,last,7372,6703,19200,0.39699074074074076,1.0,1.0,0.0047143518518518515,0.0618,84.20897574388688,16.181229773462782,,,,,,,,,,,2.9784603740106284,3813145
ldpc,N288_M144,lambda_pSA,search,982,945,,,,0.325127434059268,0.18062458948162935,1.9780678171336152,fixed,0.3892061069952357,0.7494838039074815,0.0,0.22302847467511358,10.177620931986334,cosine,0.11634464168862119,0.32715028389209544,best_state,20295,5165,25600,0.40197482638888893,1.0,1.0,0.0047143518518518515,0.0618,85.26619120102133,16.181229773462782,,,,,,,,,,,2.9838743735080073,7986458
ldpc,N288_M144,lambda_pSA,search,120,946,,,,0.06996088991016819,1.2569094198831707,5.406658854629449,fixed,0.5581002787696248,0.04658073991542633,0.0,0.17208530567564906,0.19385455239307517,piecewise,8.813588760453653,0.2844715003065057,best_state,2618,17979,25600,0.403515625,1.0,1.0,0.0047143518518518515,0.0618,85.59302268486694,16.181229773462782,,,,,,,,,,,2.985535472654324,1160280
ldpc,N288_M144,lambda_pSA,search,612,947,,,,0.10981957860517108,0.11703770976390644,1.3817544432925575,snr,0.5517566586018009,0.8919798720909601,0.0,0.3588964167257162,1.0751907983769784,cosine,0.05601493065819782,0.7451925380775517,best_state,16229,2863,19200,0.4038122106481481,1.0,1.0,0.0047143518518518515,0.0618,85.65593390945693,16.181229773462782,,,,,,,,,,,2.9858667668837344,5056428
ldpc,N288_M144,lambda_pSA,search,456,948,,,,0.1293893919302566,0.05179384107952289,0.7809215027274489,llr,0.4522236518194804,0.9067129417508261,0.0,0.041940357507384056,4.2026857121349765,exponential,0.056320888920171425,0.4511389496153848,last,16776,2422,19200,0.4044560185185185,1.0,1.0,0.0047143518518518515,0.0618,85.7924972994206,16.181229773462782,,,,,,,,,,,2.986561235574484,3821064
ldpc,N288_M144,lambda_pSA,search,715,949,,,,0.10506057797102991,0.11819639277097607,1.3432389993785463,snr,0.48964470700085166,0.8248415001218984,0.0,0.3740306719649123,1.1608413105267827,cosine,0.06895171551094749,0.7367292831860478,best_state,12739,42,12800,0.40461516203703707,1.0,1.0,0.0047143518518518515,0.0618,85.82625454188354,16.181229773462782,,,,,,,,,,,2.9867288671448167,5872085
ldpc,N288_M144,lambda_pSA,search,981,950,,,,0.3166969312889255,0.22323620170335318,2.059849162429453,fixed,0.3355219512820407,0.7726203059649247,0.0,0.15305506927018245,10.018513906168915,cosine,0.08394649980158252,0.3229141155498855,best_state,20375,5043,25600,0.40594618055555554,1.0,1.0,0.0047143518518518515,0.0618,86.10858784248258,16.181229773462782,,,,,,,,,,,2.988155849979773,7978539
ldpc,N288_M144,lambda_pSA,search,14,951,,,,1.0497072521334705,0.44695490966747453,1.6460367384265122,llr,0.33093617333057457,0.5998096423086978,0.0,0.47388241125593267,0.9469126232248365,piecewise,1.9611592978871883,0.00010006711802214296,best_state,24124,1457,25600,0.4095920138888889,1.0,1.0,0.0047143518518518515,0.0618,86.88193557890602,16.181229773462782,,,,,,,,,,,2.9920422409514242,320866
ldpc,N288_M144,lambda_pSA,search,210,952,,,,0.2564430095260833,0.1326421401695419,0.4716563130388664,llr,0.6640073160017275,0.513741028899178,0.0,0.044106583603708255,7.137298941139708,linear,0.05632950130982445,0.046621119086235674,majority,8288,979,9600,0.4111617476851852,1.0,0.9979166666666667,0.0047143518518518515,0.0618,87.21490474319945,16.181229773462782,,,,,,,,,,,2.9926510551301653,1872990
ldpc,N288_M144,lambda_pSA,search,408,953,,,,0.14575078276128067,0.12004614181074241,0.07051488170136215,llr,0.6569820918196398,0.8656241879106114,0.0,0.04166406966624895,4.966917571206443,exponential,0.07203024024657105,0.062350208065508735,last,5059,7754,19200,0.41150173611111107,1.0,1.0,0.0047143518518518515,0.0618,87.28702248846116,16.181229773462782,,,,,,,,,,,2.9939630302112548,3440952
ldpc,N288_M144,lambda_pSA,search,18,954,,,,1.0566994469998658,0.5630488428799809,1.9044694663549773,llr,0.005919295801554869,0.6006232907387582,0.0,0.4356039720141313,1.0035932798946914,piecewise,1.9376338141779659,0.546460789569753,best_state,25198,402,25600,0.41410590277777776,1.0,1.0,0.0047143518518518515,0.0618,87.83941372876363,16.181229773462782,,,,,,,,,,,2.9968039858626976,352542
ldpc,N288_M144,lambda_pSA,search,729,955,,,,0.08698197220767509,0.13205465424023496,0.9661285841198327,snr,0.43061812542150507,0.8770954246549187,0.0,0.43637214985365114,0.9064277530799147,cosine,0.057967851609031965,0.6321123396149001,best_state,12751,35,12800,0.4172598379629629,1.0,1.0,0.0047143518518518515,0.0618,88.50842089757438,16.181229773462782,,,,,,,,,,,3.0000723186226192,5982951
ldpc,N288_M144,lambda_pSA,search,6,956,,,,0.27019540080721755,0.12127285732367261,0.8893025857746886,fixed,0.2686558868282699,0.8696740972386188,0.0,0.056439802748594274,2.8541554473746205,piecewise,0.33848991707084997,0.13661137959357098,best_state,8798,15327,25600,0.42039207175925924,1.0,1.0,0.0047143518518518515,0.0618,89.1728248060493,16.181229773462782,,,,,,,,,,,3.0033429321863196,257514
ldpc,N288_M144,lambda_pSA,search,850,957,,,,0.10188159417121266,0.15519299381206444,0.11403910954948876,snr,0.3888604765161044,0.8680432653266583,0.0,0.2233408713784325,9.030980934039025,cosine,0.05469732447823772,0.821084670931002,best_state,9709,176,12800,0.4210069444444445,1.0,1.0,0.0047143518518518515,0.0618,89.30325051556517,16.181229773462782,,,,,,,,,,,3.0039313095310716,6941150
ldpc,N288_M144,lambda_pSA,search,17,958,,,,1.0234274807101331,0.5457700710723135,7.943983259687058,llr,0.006433535897502118,0.6486718333304283,0.0,0.4536885293638887,1.095351193299666,piecewise,1.7754197145063617,0.6107593678128741,best_state,25472,128,25600,0.4217737268518518,1.0,1.0,0.0047143518518518515,0.0618,89.46589904743199,16.181229773462782,,,,,,,,,,,3.004742531052822,344623
ldpc,N288_M144,lambda_pSA,search,13,959,,,,1.0225306581811293,0.4411709272967094,2.1014520390657956,llr,0.01868882199232469,0.6456526262634341,0.0,0.4701573922775339,1.0896537459675955,piecewise,1.7278540474630948,0.5678882790248796,best_state,19401,5417,25600,0.4225115740740741,1.0,1.0,0.0047143518518518515,0.0618,89.62240989885103,16.181229773462782,,,,,,,,,,,3.0055286645219654,312947
ldpc,N288_M144,lambda_pSA,search,660,960,,,,0.34102134618871693,0.12019483466222572,1.142402938842542,snr,0.5038581863678379,0.6715139352649321,0.0,0.33389197369772183,5.5174459541760195,cosine,0.06578196092557234,0.6587770137935213,best_state,17200,1989,19200,0.4253255208333333,1.0,1.0,0.0047143518518518515,0.0618,90.21929932240008,16.181229773462782,,,,,,,,,,,3.008410185109019,5436540
ldpc,N288_M144,lambda_pSA,search,23,961,,,,1.0470726714027807,0.4788903073585864,7.849451772061693,llr,0.01657293403891935,0.644231702949748,0.0,0.5019089396335809,0.9686994718205639,piecewise,1.8685396456533514,0.5785977887717118,best_state,25012,586,25600,0.42583188657407406,1.0,1.0,0.0047143518518518515,0.0618,90.32670873023667,16.181229773462782,,,,,,,,,,,3.008928118448653,392137
ldpc,N288_M144,lambda_pSA,search,851,962,,,,0.10009512915432374,0.15804624595920821,0.09996091529535861,snr,0.39670427227186095,0.8715601206299517,0.0,0.20683914293296216,7.512939533308333,cosine,0.050157186467728765,0.814489104881155,best_state,12430,295,12800,0.43028790509259257,1.0,1.0,0.0047143518518518515,0.0618,91.27191151919867,16.181229773462782,,,,,,,,,,,3.013409932152618,6949069
ldpc,N288_M144,lambda_pSA,search,375,963,,,,0.13424481212601624,0.10860467699887408,0.708740733307059,llr,0.7056873679949348,0.8942962278932675,0.0,0.045628871899204324,0.882856178884023,exponential,0.08439788855585763,0.05687310655509973,last,6822,7579,19200,0.4305193865740741,1.0,1.0,0.0047143518518518515,0.0618,91.32101296278113,16.181229773462782,,,,,,,,,,,3.0136800286216916,3179625
ldpc,N288_M144,lambda_pSA,search,770,964,,,,0.11014879008538031,0.11704174146375902,1.250129305226915,snr,0.4894880167108147,0.8467978307565213,0.0,0.2802862076056485,0.7921861429704232,cosine,0.07153523782308954,0.7736758076826054,best_state,12754,43,12800,0.43265335648148145,1.0,1.0,0.0047143518518518515,0.0618,91.77366689580674,16.181229773462782,,,,,,,,,,,3.015821473557946,6307630
ldpc,N288_M144,lambda_pSA,search,243,965,,,,0.1906537952712254,0.2254053572642991,0.6013554234651971,llr,0.581383602595047,0.5829676932132652,0.0,0.06335177882275918,8.426821315852626,constant,0.7788282646051402,0.02984767479249871,majority,9014,350,9600,0.43450520833333334,1.0,1.0,0.0047143518518518515,0.0618,92.16647844446628,16.181229773462782,,,,,,,,,,,3.017681989673412,2134317
ldpc,N288_M144,lambda_pSA,search,476,966,,,,0.1610758847332652,0.19330933530728325,1.0525363321861414,llr,0.557104406418025,0.9338863813923985,0.0,0.032186337405599307,0.44435039715433444,cosine,0.07685936804340013,0.889971552941443,last,6340,3920,12800,0.43458478009259255,1.0,1.0,0.0047143518518518515,0.0618,92.18335706569773,16.181229773462782,,,,,,,,,,,3.0177668676279974,3979444
ldpc,N288_M144,lambda_pSA,search,15,967,,,,0.9761371891640399,0.39587554174695644,1.8626277980793735,llr,0.01600779880406622,0.6792492971692606,0.0,0.5386024335468854,1.072811815166431,piecewise,1.6728555826139855,0.5721587952533002,best_state,25391,209,25600,0.4399233217592593,1.0,0.9916666666666667,0.0047143518518518515,0.0618,93.3157591083178,16.181229773462782,,,,,,,,,,,3.0188849668542455,328785
ldpc,N288_M144,lambda_pSA,search,247,968,,,,0.18745042214971883,0.21346265081486987,0.5896947146921179,llr,0.5891503701856904,0.5784640580262636,0.0,0.06365176647070768,0.10749278379609112,constant,0.8210124943929226,0.029708641373090143,majority,8944,361,9600,0.43681278935185186,1.0,1.0,0.0047143518518518515,0.0618,92.65595846017874,16.181229773462782,,,,,,,,,,,3.0199901847428974,2165993
ldpc,N288_M144,lambda_pSA,search,933,969,,,,0.32042775323183526,0.2174518602012915,2.1265575000785337,fixed,0.3262920200392126,0.7465549512822982,0.0,0.16256426080119443,11.929516492187599,cosine,0.10705319238821581,0.36084931506413276,best_state,20514,4728,25600,0.43741319444444443,1.0,1.0,0.0047143518518518515,0.0618,92.7833153294707,16.181229773462782,,,,,,,,,,,3.020582610772811,7598427
ldpc,N288_M144,lambda_pSA,search,12,970,,,,0.10198652670642111,4.621468652450857,4.947422552020823,snr,0.6642428715934517,0.0513467747918233,0.0,0.030736524661521845,0.05,constant,0.10561026230339492,0.1459308089716989,last,2686,3496,19200,0.43807146990740736,1.0,1.0,0.0047143518518518515,0.0618,92.92294755965825,16.181229773462782,,,,,,,,,,,3.021219492469379,305028
ldpc,N288_M144,lambda_pSA,search,250,971,,,,0.1878692285502958,0.22733351720566142,0.41923630418973473,llr,0.5705873541473303,0.5741778650004132,0.0,0.06326934621053033,0.07145196045624423,constant,1.382469294144455,0.053072457032893205,majority,8936,358,9600,0.43878038194444446,1.0,1.0,0.0047143518518518515,0.0618,93.07332073062949,16.181229773462782,,,,,,,,,,,3.021932705850163,2189750
ldpc,N288_M144,lambda_pSA,search,873,972,,,,0.15059741513839406,0.14197452533707858,0.18414291312363187,fixed,0.42652722682248756,0.8796129391394919,0.0,0.2544878304838594,7.888375981241619,cosine,0.060497521072640816,0.4044157287668452,best_state,13605,366,25600,0.4401186342592593,1.0,1.0,0.0047143518518518515,0.0618,93.35718845134048,16.181229773462782,,,,,,,,,,,3.023264468235839,7123287
ldpc,N288_M144,lambda_pSA,search,330,973,,,,0.09821895809565781,0.10050535590340863,1.0276851178970052,llr,0.7193322175980408,0.834407741723768,0.0,0.03235755392563809,0.6965922748636205,exponential,0.3141929260127723,0.10751020623153587,last,7086,1573,19200,0.44826388888888885,1.0,1.0,0.0047143518518518515,0.0618,95.08494549739763,16.181229773462782,,,,,,,,,,,3.0312239603157516,2823270
ldpc,N288_M144,lambda_pSA,search,245,974,,,,0.1912800384789665,0.22809196154159087,0.5738188434288044,llr,0.6870493356666393,0.4590608440356703,0.0,0.0635686223670544,4.495065426869152,constant,1.411977235720541,0.029562864353540205,majority,8884,388,9600,0.44934895833333327,1.0,1.0,0.0047143518518518515,0.0618,95.31510851419031,16.181229773462782,,,,,,,,,,,3.032263606973026,2150155
ldpc,N288_M144,lambda_pSA,search,21,975,,,,1.0108771022443832,0.3696343029730994,1.8156047286751533,llr,0.01748559723021309,0.666607922642484,0.0,0.45958673612444534,1.1189380520110928,piecewise,1.767289983557928,0.5961879325206819,best_state,25084,516,25600,0.45206163194444443,1.0,1.0,0.0047143518518518515,0.0618,95.89051605617206,16.181229773462782,,,,,,,,,,,3.034883669710822,376299
ldpc,N288_M144,lambda_pSA,search,1,976,,,,0.3976995241857396,0.12567160768992733,0.1854401859265052,llr,0.9527535632670047,0.3914192083790217,0.0,0.11218292149931246,6.271173847913123,linear,0.2293329415841749,0.3057527936110597,best_state,4828,3008,9600,0.4587818287037037,1.0,1.0,0.0047143518518518515,0.0618,97.31599234017482,16.181229773462782,,,,,,,,,,,3.041296295820417,217919
ldpc,N288_M144,lambda_pSA,search,328,977,,,,0.10091217506169557,0.14336441488242693,0.986402093941346,llr,0.7218510919402701,0.8525571068565017,0.0,0.034251198425725916,0.3908997448040125,exponential,0.3722363401381946,0.10345208049367063,last,7214,1046,19200,0.46122685185185186,1.0,1.0,0.0047143518518518515,0.0618,97.83462633801435,16.181229773462782,,,,,,,,,,,3.043608199805892,2807432
ldpc,N288_M144,lambda_pSA,search,676,978,,,,0.10255018976047012,0.08171874030979992,0.0795228597816666,snr,0.48827158997781184,0.846549994096488,0.0,0.3995252750364121,5.998776279483157,cosine,0.05022527106755406,0.6792506217477868,best_state,12267,468,12800,0.4617404513888889,1.0,1.0,0.0047143518518518515,0.0618,97.9435701659629,16.181229773462782,,,,,,,,,,,3.0440696631117103,5563244
ldpc,N288_M144,lambda_pSA,search,613,979,,,,0.0878412954602204,0.10514794486333374,2.0275159323905414,snr,0.5646476807140517,0.9271786254136709,0.0,0.40074680768741305,4.906457847738972,constant,0.05123517982097356,0.6969145621846412,best_state,15078,3656,19200,0.46433738425925924,1.0,1.0,0.0047143518518518515,0.0618,98.4944269861534,16.181229773462782,,,,,,,,,,,3.04652862924496,5064347
ldpc,N288_M144,lambda_pSA,search,619,980,,,,0.09454154390420812,0.09856797067849894,1.775814451359651,snr,0.571178615242578,0.9316659990620165,0.0,0.406428082010485,4.892814299713533,constant,0.0500851350714367,0.7175730381497781,best_state,14988,3609,19200,0.4645471643518519,1.0,1.0,0.0047143518518518515,0.0618,98.5389251694,16.181229773462782,,,,,,,,,,,3.046706764147367,5111861
ldpc,N288_M144,lambda_pSA,search,624,981,,,,0.09827055526364925,0.09588964576426193,1.6873847485912066,snr,0.5625858045788944,0.9305032183005092,0.0,0.405114786594009,4.913898303463858,constant,0.05032799266466764,0.7015285756463745,best_state,14866,3834,19200,0.46542968749999997,1.0,1.0,0.0047143518518518515,0.0618,98.72612442305804,16.181229773462782,,,,,,,,,,,3.0475473436979397,5151456
ldpc,N288_M144,lambda_pSA,search,789,982,,,,0.07995480010917558,0.11031621203263442,1.6165370978158364,snr,0.4888135587703926,0.8222854142153049,0.0,0.378495419205346,7.625204593644127,constant,0.08589675045837117,0.7870556360079713,best_state,12420,288,12800,0.465697337962963,1.0,1.0,0.0047143518518518515,0.0618,98.78289796720024,16.181229773462782,,,,,,,,,,,3.047798075298832,6458091
ldpc,N288_M144,lambda_pSA,search,621,983,,,,0.09716197242045746,0.0995369362089047,1.7590748829970817,snr,0.5613765535195215,0.931059321527214,0.0,0.3943220139472665,4.925894817710637,constant,0.05120782965117994,0.7169618190879706,best_state,15057,3848,19200,0.46595775462962963,1.0,1.0,0.0047143518518518515,0.0618,98.8381370912305,16.181229773462782,,,,,,,,,,,3.0480409597507,5127699
ldpc,N288_M144,lambda_pSA,search,969,984,,,,0.2409957042728383,0.22005457906460255,2.266051548626899,fixed,0.314461996015449,0.8404781000254538,0.0,0.18477046574360625,8.736560101073344,constant,0.07575840748502077,0.34093732847928265,best_state,20780,4744,25600,0.46635561342592596,1.0,1.0,0.0047143518518518515,0.0618,98.92253019738781,16.181229773462782,,,,,,,,,,,3.0484113123729624,7883511
ldpc,N288_M144,lambda_pSA,search,813,985,,,,0.11429163044834918,0.12239681251178529,0.0538026536343767,snr,0.46453997133661457,0.8604788976536325,0.0,0.49739369284412377,6.097588167866808,cosine,0.09881382632248584,0.8180858128960238,best_state,12133,562,12800,0.46657986111111116,1.0,1.0,0.0047143518518518515,0.0618,98.9700972208583,16.181229773462782,,,,,,,,,,,3.048604364754936,6648147
ldpc,N288_M144,lambda_pSA,search,924,986,,,,0.3515951020975085,0.2345249150918014,2.407244507219792,fixed,0.27724011997249826,0.7896972748347995,0.0,0.17620192586139025,10.511388239053987,cosine,0.26255098432712604,0.3471312609495209,best_state,19667,5352,25600,0.46672453703703703,1.0,1.0,0.0047143518518518515,0.0618,99.00078562309733,16.181229773462782,,,,,,,,,,,3.04875300996721,7527156
ldpc,N288_M144,lambda_pSA,search,964,987,,,,0.30594529532563847,0.2214033484662101,2.2584170648047186,fixed,0.31797582519296347,0.7975919059277089,0.0,0.185501390473619,8.698586814069687,constant,0.07547699737563353,0.34513834972430324,best_state,24068,1484,25600,0.4671947337962963,1.0,1.0,0.0047143518518518515,0.0618,99.10052293037415,16.181229773462782,,,,,,,,,,,3.0491924577146006,7843916
ldpc,N288_M144,lambda_pSA,search,616,988,,,,0.08331823736053888,0.09997702500177741,1.9258092430946248,snr,0.5704504941406249,0.932265951203308,0.0,0.3368070601892185,4.857887540260454,constant,0.0510295518225845,0.7326085177006244,best_state,14882,3632,19200,0.469068287037037,1.0,1.0,0.0047143518518518515,0.0618,99.49793773936953,16.181229773462782,,,,,,,,,,,3.0509268848323354,5088104
ldpc,N288_M144,lambda_pSA,search,8,989,,,,0.24915211215608496,0.11141804864584169,0.13126960456260114,snr,0.6315126606050074,0.03690743981628415,0.0,2.3447475653486474,5.671501010114725,exponential,5.909137880370443,0.7207151715727178,last,8670,1524,19200,0.46924913194444445,1.0,1.0,0.0047143518518518515,0.0618,99.53629824216833,16.181229773462782,,,,,,,,,,,3.0510878494907616,273352
ldpc,N288_M144,lambda_pSA,search,790,990,,,,0.09405304029012183,0.10141213577939105,1.6189134284752773,snr,0.48921125010392613,0.8256607776049637,0.0,0.34339458449673177,7.749778113750104,constant,0.08684128441082128,0.7584162165963952,best_state,12382,372,12800,0.47065972222222224,1.0,1.0,0.0047143518518518515,0.0618,99.83551016399883,16.181229773462782,,,,,,,,,,,3.0523913770997098,6466010
ldpc,N288_M144,lambda_pSA,search,758,991,,,,0.1545567507365421,0.13407397048104233,0.9053740908003196,snr,0.4077324328240651,0.8104607174636954,0.0,0.1579180672362091,0.28298256297318986,cosine,0.08451141954986671,0.672707124993976,best_state,11689,907,12800,0.47079716435185187,1.0,1.0,0.0047143518518518515,0.0618,99.8646641461259,16.181229773462782,,,,,,,,,,,3.052528052984364,6212602
ldpc,N288_M144,lambda_pSA,search,791,992,,,,0.10458500522371608,0.1034166050226238,1.661124419132288,snr,0.4829614330707635,0.8225948030740374,0.0,0.35132206108335695,7.610306655890417,constant,0.0867898665435377,0.7885717725104074,best_state,12385,235,12800,0.4710286458333333,1.0,1.0,0.0047143518518518515,0.0618,99.91376558970835,16.181229773462782,,,,,,,,,,,3.052741879032168,6473929
ldpc,N288_M144,lambda_pSA,search,614,993,,,,0.09702705032498131,0.10376832054718464,1.6628665493334518,snr,0.5627959143307666,0.9319978599760093,0.0,0.31652338777654915,4.942774032509229,constant,0.050258009691584254,0.7323940032725288,best_state,15062,3677,19200,0.4714771412037037,1.0,1.0,0.0047143518518518515,0.0618,100.00889963664933,16.181229773462782,,,,,,,,,,,3.0531516313015854,5072266
ldpc,N288_M144,lambda_pSA,search,618,994,,,,0.09418133470546797,0.09674739606252959,1.9105691325947878,snr,0.5689554775402745,0.9330965972607635,0.0,0.32065660300845344,4.901197609082698,constant,0.05090503694455282,0.6968556268873108,best_state,15175,3848,19200,0.472923900462963,1.0,1.0,0.0047143518518518515,0.0618,100.3157836590396,16.181229773462782,,,,,,,,,,,3.054484113879474,5103942
ldpc,N288_M144,lambda_pSA,search,712,995,,,,0.5057739950987088,0.12204155150751533,1.3282667055694968,snr,0.49445588005516244,0.9142045888611916,0.0,0.36868986059983183,5.790979294400368,cosine,0.06807404604134525,0.7377750294615563,best_state,11980,748,12800,0.4729239004629629,1.0,1.0,0.0047143518518518515,0.0618,100.31578365903957,16.181229773462782,,,,,,,,,,,3.054485834125616,5848328
ldpc,N288_M144,lambda_pSA,search,782,996,,,,0.07731215822204876,0.1019970591045585,1.6394796212851894,snr,0.4870590205484033,0.777169969498725,0.0,0.3481988726168495,7.640710016508991,constant,0.08638376306962305,0.7544475004039264,best_state,12335,424,12800,0.47313368055555555,1.0,1.0,0.0047143518518518515,0.0618,100.36028184228617,16.181229773462782,,,,,,,,,,,3.054678328019958,6402658
ldpc,N288_M144,lambda_pSA,search,781,997,,,,0.10428616916459972,0.09899776647374191,1.4170205558787432,snr,0.1844896480859825,0.82216742466384,0.0,0.33501243090837535,7.147929283263446,constant,0.08316534664932947,0.7891213276790661,best_state,12451,307,12800,0.47316984953703706,1.0,1.0,0.0047143518518518515,0.0618,100.36795394284593,16.181229773462782,,,,,,,,,,,3.054703263517832,6394739
ldpc,N288_M144,lambda_pSA,search,786,998,,,,0.07542893632438115,0.10087644048814323,1.3755270296564088,snr,0.49189588485622393,0.7861736612981595,0.0,0.34156854955661425,7.711490353327715,constant,0.08750106998933084,0.783800755725347,best_state,12420,310,12800,0.4735243055555555,1.0,1.0,0.0047143518518518515,0.0618,100.44314052833154,16.181229773462782,,,,,,,,,,,3.0550372285594434,6434334
ldpc,N288_M144,lambda_pSA,search,467,999,,,,0.15426889043823808,0.1563450331688809,0.8558803530628271,llr,0.44157737983423134,0.8364789002150972,0.0,0.039385521555439104,0.23730608008804055,cosine,0.06550582626065676,0.6044138728604671,last,6980,4136,19200,0.4738353587962963,1.0,1.0,0.0047143518518518515,0.0618,100.50912059314544,16.181229773462782,,,,,,,,,,,3.055315678409467,3908173
ldpc,N288_M144,lambda_pSA,search,962,1000,,,,0.2460697016108691,0.1703555134080492,2.242601512286911,fixed,0.2829479356171922,0.78390895853922,0.0,0.1812017953828756,8.433737897655746,constant,0.07486968785854482,0.3465613917333744,best_state,19583,5745,25600,0.4747106481481482,1.0,1.0,0.0047143518518518515,0.0618,100.69478542669155,16.181229773462782,,,,,,,,,,,3.056123840308724,7828078
ldpc,N288_M144,lambda_pSA,search,792,1001,,,,0.09449748589509253,0.10425470465210523,1.6216461828715436,snr,0.48384650982465677,0.7784388439940666,0.0,0.29674937433555515,7.672887996954757,constant,0.0846270694824592,0.7849759631285845,best_state,10561,2227,12800,0.47549913194444443,1.0,1.0,0.0047143518518518515,0.0618,100.86203721889424,16.181229773462782,,,,,,,,,,,3.0568339596300786,6481848
ldpc,N288_M144,lambda_pSA,search,702,1002,,,,0.11487623988247267,0.093897937942306,0.17852445358984315,snr,0.4582781413989787,0.894683105362562,0.0,0.31441298105381454,0.6277075227082163,cosine,0.05402835706178429,0.7194867422043814,best_state,12730,50,12800,0.47986111111111107,1.0,1.0,0.0047143518518518515,0.0618,101.78729254640086,16.181229773462782,,,,,,,,,,,3.060807658389066,5769138
ldpc,N288_M144,lambda_pSA,search,714,1003,,,,0.5154419602049507,0.11577501040989407,1.316021473943801,snr,0.4933650765501693,0.9085305053157853,0.0,0.5434357758318338,5.845991008540983,cosine,0.06752357544349023,0.7317293940339605,best_state,12749,45,12800,0.47988281250000003,1.0,1.0,0.0047143518518518515,0.0618,101.79189580673673,16.181229773462782,,,,,,,,,,,3.060829137047867,5864166
ldpc,N288_M144,lambda_pSA,search,971,1004,,,,0.2410398386833485,0.17481508262115097,2.237730699949211,fixed,0.3177231221110793,0.8384539875107977,0.0,0.14176269258908322,8.564422607999688,constant,0.07657401513672082,0.3476298636961383,best_state,24213,1352,25600,0.4818070023148148,1.0,1.0,0.0047143518518518515,0.0618,102.20005155651577,16.181229773462782,,,,,,,,,,,3.0625671382597277,7899349
ldpc,N288_M144,lambda_pSA,search,487,1005,,,,0.17856560847244707,0.16498544873719875,1.2084708090873155,llr,0.5277039684211141,0.9458137368420475,0.0,0.0349037153646685,0.1290310519398062,cosine,0.086904352258188,0.8514816455407512,last,14832,3387,19200,0.4855107060185185,1.0,1.0,0.0047143518518518515,0.0618,102.98567465383482,16.181229773462782,,,,,,,,,,,3.065892547371462,4066553
ldpc,N288_M144,lambda_pSA,search,249,1006,,,,0.1917103381186222,0.22836546541744912,0.5886592119672244,llr,0.5669768898681706,0.5851489974793838,0.0,0.06439624395318788,8.295700011632416,constant,0.8089341243416964,0.02983610571893175,last,8898,433,9600,0.4895978009259259,1.0,1.0,0.0047143518518518515,0.0618,103.85262201708731,16.181229773462782,,,,,,,,,,,3.0695293283087577,2181831
ldpc,N288_M144,lambda_pSA,search,812,1007,,,,0.6636205130456587,0.12371242264990474,1.2909527706052148,snr,0.46321330794583765,0.86804497133799,0.0,0.48980853591802603,6.167507397626514,cosine,0.0654080921067587,0.8129674630876045,best_state,12028,683,12800,0.4909722222222222,1.0,0.9979166666666667,0.0047143518518518515,0.0618,104.14416183835804,16.181229773462782,,,,,,,,,,,3.069708554358141,6640228
ldpc,N288_M144,lambda_pSA,search,241,1008,,,,0.18816669186298604,0.22519272711897426,0.5903876277157113,llr,0.588791673452721,0.5906078196038556,0.0,0.06339789935117371,0.06616936441672301,constant,1.4053247782995233,0.03012456589236074,last,8876,392,9600,0.4914641203703704,1.0,1.0,0.0047143518518518515,0.0618,104.24850240597075,16.181229773462782,,,,,,,,,,,3.0711849021417446,2118479
ldpc,N288_M144,lambda_pSA,search,248,1009,,,,0.15128979328931524,0.22894118412839934,0.5896563209326848,llr,0.5722023698926366,0.4564764863723709,0.0,0.06323673451663687,8.275531812827198,constant,0.09038029143644209,0.05340120877350074,last,8947,350,9600,0.49262152777777773,1.0,1.0,0.0047143518518518515,0.0618,104.49400962388295,16.181229773462782,,,,,,,,,,,3.072201944113494,2173912
ldpc,N288_M144,lambda_pSA,search,472,1010,,,,0.15396123098245032,0.18996128617095925,1.1017124032078436,llr,0.34892705752092124,0.9340352010586429,0.0,0.03265823101982056,0.05,cosine,0.068574966932885,0.8972752010987763,last,12766,9,12800,0.49273003472222227,1.0,1.0,0.0047143518518518515,0.0618,104.51702592556222,16.181229773462782,,,,,,,,,,,3.072303621709597,3947768
ldpc,N288_M144,lambda_pSA,search,246,1011,,,,0.19046232816944286,0.22232231267788446,0.5798751093178108,llr,0.5785421419090584,0.5646397802082137,0.0,0.06328852114559616,8.31889852925506,constant,0.08172596718466577,0.02877181090848028,last,8813,389,9600,0.49290364583333335,1.0,1.0,0.0047143518518518515,0.0618,104.55385200824905,16.181229773462782,,,,,,,,,,,3.072441605765139,2158074
ldpc,N288_M144,lambda_pSA,search,244,1012,,,,0.19000094049637006,0.221810276321804,0.61655393175523,llr,0.5831542941791864,0.45850189322519097,0.0,0.06366132164721193,0.2596241911330576,constant,0.8405542899767285,0.02694274416063488,last,8965,397,9600,0.4929253472222222,1.0,1.0,0.0047143518518518515,0.0618,104.5584552685849,16.181229773462782,,,,,,,,,,,3.0724695386728262,2142236
ldpc,N288_M144,lambda_pSA,search,461,1013,,,,3.051423162724028,0.15481395720204952,0.8815717410787514,llr,0.5387831970865634,0.8357222572613406,0.0,0.03858144285744899,4.890834591393145,cosine,0.08439703633913284,0.5986073789918491,last,6874,6312,19200,0.4989293981481482,1.0,1.0,0.0047143518518518515,0.0618,105.83202396150449,16.181229773462782,,,,,,,,,,,3.077731732780962,3860659
ldpc,N288_M144,lambda_pSA,search,536,1014,,,,2.3253835296716985,0.15189387990631892,1.1522546325783236,snr,0.5047303303207838,0.9011659236906974,0.0,0.03318689394380818,3.81005553825049,cosine,0.06025003477478731,0.7881035968786028,last,15093,3797,19200,0.4998697916666666,1.0,1.0,0.0047143518518518515,0.0618,106.03149857605813,16.181229773462782,,,,,,,,,,,3.0785486719633446,4454584
ldpc,N288_M144,lambda_pSA,search,458,1015,,,,6.405548409254075,0.15396380839698,0.8792609496168362,llr,0.5074537229088296,0.9329824869315801,0.0,0.03245748579352284,3.0851166544883175,cosine,0.08660275873112547,0.5949359996600423,last,6866,6291,19200,0.4998987268518518,1.0,1.0,0.0047143518518518515,0.0618,106.03763625650595,16.181229773462782,,,,,,,,,,,3.0785741025948323,3836902
ldpc,N288_M144,lambda_pSA,search,724,1016,,,,0.7682098245216713,0.13474224448400898,0.9810735761797766,snr,0.4150828962987127,0.8792290077813263,0.0,0.2627078823199482,6.667982830988892,cosine,0.05829683813336364,0.6318168985003919,best_state,12752,38,12800,0.5009476273148148,1.0,1.0,0.0047143518518518515,0.0618,106.26012717273888,16.181229773462782,,,,,,,,,,,3.0794868256596586,5943356
ldpc,N288_M144,lambda_pSA,search,493,1017,,,,3.8409735150770947,0.13746112826110862,0.9654221213675328,llr,0.466865695428902,0.9148316647522216,0.0,0.03942201368348362,4.560950619243258,cosine,0.06529262760511687,0.8183099388522936,last,17402,1732,19200,0.5009837962962963,1.0,1.0,0.0047143518518518515,0.0618,106.26779927329865,16.181229773462782,,,,,,,,,,,3.079515718704586,4114067
ldpc,N288_M144,lambda_pSA,search,537,1018,,,,2.2293974500826046,0.15070946688572337,1.2263775964169343,snr,0.517985664317592,0.8991893790943076,0.0,0.034024870455757895,4.049475017498987,cosine,0.06021419878482384,0.7972300313366825,last,15170,3015,19200,0.5010850694444445,1.0,1.0,0.0047143518518518515,0.0618,106.28928115486598,16.181229773462782,,,,,,,,,,,3.0796041706793313,4462503
ldpc,N288_M144,lambda_pSA,search,838,1019,,,,1.0645089193575525,0.14672208173596285,1.03360325944488,snr,0.41422266536166624,0.8956131158725786,0.0,0.17942536412260965,5.1366869035332705,cosine,0.055091984136912305,0.7973331765514274,best_state,11872,780,12800,0.5011140046296296,1.0,1.0,0.0047143518518518515,0.0618,106.29541883531377,16.181229773462782,,,,,,,,,,,3.0796292385511332,6846122
ldpc,N288_M144,lambda_pSA,search,862,1020,,,,0.13854163094300948,0.13543106089565846,1.8082541739054407,fixed,0.46639158291195437,0.8920148454062717,0.0,0.2554172524302544,7.228459332169481,cosine,0.06740784918267419,0.6478426893224692,best_state,13432,3121,25600,0.00853587962962963,0.075,0.075,0.0047143518518518515,0.0618,1.8106157321025238,1.2135922330097086,,,,,,,,,,,3.768170762195308,7036178
ldpc,N288_M144,lambda_pSA,search,973,1021,,,,0.2215410652064941,0.2162447523853238,1.938640314079548,fixed,0.345284540805817,0.8004428309491767,0.0,0.15296122853165342,10.182361756349277,cosine,0.08424491632617337,0.3246940153105001,best_state,20331,5110,25600,0.0070095486111111105,0.0625,0.0625,0.0047143518518518515,0.0618,1.4868530884808013,1.0113268608414239,,,,,,,,,,,3.7684644015820314,7915187
ldpc,N288_M144,lambda_pSA,search,934,1022,,,,0.2264031922575772,0.22028445374427916,2.114437965362365,fixed,0.328347942651054,0.7847064920774004,0.0,0.16073360156564595,11.589379660613726,cosine,0.09377238166655372,0.3588579331915166,best_state,20702,4780,25600,0.007154224537037037,0.06666666666666667,0.06666666666666667,0.0047143518518518515,0.0618,1.5175414907198272,1.0787486515641855,,,,,,,,,,,3.810795416756906,7606346
ldpc,N288_M144,lambda_pSA,search,886,1023,,,,0.16852630365550336,0.18018206300086892,1.8687822223787678,fixed,0.43485232104508975,0.8548051160814343,0.0,0.22629998176165542,9.145750632678865,cosine,0.06928748285053905,0.38163026091257185,best_state,18537,5145,25600,0.008282696759259259,0.08125,0.08125,0.0047143518518518515,0.0618,1.7569110281842286,1.3147249190938513,,,,,,,,,,,3.853937770578914,7226234
ldpc,N288_M144,lambda_pSA,search,888,1024,,,,0.1636158390633654,0.1665651540727248,2.193068123837168,fixed,0.4021181587085793,0.9015053625723799,0.0,0.2201843745446493,9.208305244004345,cosine,0.06778539254689014,0.3786673983168399,best_state,20896,185,25600,0.009302662037037038,0.08750000000000001,0.08541666666666665,0.0047143518518518515,0.0618,1.9732642639693612,1.4158576051779936,,,,,,,,,,,3.8748849455028247,7242072
ldpc,N288_M144,lambda_pSA,search,948,1025,,,,0.2545229188491919,0.2535050754369948,1.820262839448857,fixed,0.3632156119018453,0.7107959414250558,0.0,0.12669793202937726,9.605531925376509,cosine,0.11032699778197731,0.3145398391493315,best_state,19050,5568,25600,0.011342592592592592,0.09999999999999999,0.09999999999999999,0.0047143518518518515,0.0618,2.4059707355396247,1.6181229773462782,,,,,,,,,,,3.8955373243561255,7717212
ldpc,N288_M144,lambda_pSA,search,855,1026,,,,0.1387555723146472,0.1330615304774407,1.1775078530914938,fixed,0.4721570112810974,0.89252416974458,0.0,0.3180319081935028,7.22288887561932,cosine,0.06816469480748179,0.8111005733384462,best_state,10369,140,12800,0.01300636574074074,0.09791666666666667,0.09791666666666667,0.0047143518518518515,0.0618,2.758887361288422,1.5844120819848975,,,,,,,,,,,3.9053315244577185,6980745
ldpc,N288_M144,lambda_pSA,search,880,1027,,,,0.16638581677999778,0.1700391081498206,2.3708625283423164,fixed,0.3998933700358547,0.8609484633063188,0.0,0.21604288591245643,9.158714110710259,cosine,0.05008099673564745,0.38424530081380576,best_state,14034,5470,25600,0.012485532407407407,0.1125,0.1125,0.0047143518518518515,0.0618,2.648409113227929,1.8203883495145632,,,,,,,,,,,3.951082966792207,7178720
ldpc,N288_M144,lambda_pSA,search,923,1028,,,,0.23926266847491381,0.23577271236908362,2.38408265673546,fixed,0.3648090542715243,0.7859228736912326,0.0,0.17792198750543847,10.274366368212863,cosine,0.07943050038261402,0.3253970933672786,best_state,20018,5365,25600,0.01244212962962963,0.11041666666666666,0.11041666666666666,0.0047143518518518515,0.0618,2.6392025925562215,1.7866774541531822,,,,,,,,,,,3.9863348198294015,7519237
ldpc,N288_M144,lambda_pSA,search,956,1029,,,,0.19039595421362612,0.19579178711978426,2.6265968554104906,fixed,0.31038514474108503,0.8253114982274082,0.0,0.25050448498255845,10.591110010753718,cosine,0.09309547991753644,0.38268678743687784,best_state,20125,5117,25600,0.013237847222222222,0.12083333333333335,0.12083333333333335,0.0047143518518518515,0.0618,2.807988804870863,1.9552319309600865,,,,,,,,,,,3.9917508994736175,7780564
ldpc,N288_M144,lambda_pSA,search,929,1030,,,,0.2176918966529477,0.21123173822206293,2.1433825589034297,fixed,0.23398883962025235,0.7474242038709404,0.0,0.2462923750081664,11.768554195611143,cosine,0.13014729358694796,0.3606775731616578,best_state,21383,4193,25600,0.01336082175925926,0.09583333333333333,0.09166666666666667,0.0047143518518518515,0.0618,2.8340739467740357,1.5507011866235165,,,,,,,,,,,4.025801006316971,7566751
ldpc,N288_M144,lambda_pSA,search,866,1031,,,,0.15178983922907188,0.1396834648657031,1.061894712020032,fixed,0.4226274619230118,0.8793171741231984,0.0,0.1940592135892153,7.660396333673663,cosine,0.2353051338921501,0.40218872685619683,best_state,13941,4630,25600,0.014576099537037037,0.11875000000000001,0.11458333333333333,0.0047143518518518515,0.0618,3.091856525581852,1.9215210355987056,,,,,,,,,,,4.054002945259137,7067854
ldpc,N288_M144,lambda_pSA,search,897,1032,,,,0.19891963722608239,0.2058005039003211,2.814243266816605,fixed,0.3579068392115027,0.8252134621387258,0.0,0.17553597900986784,10.104204371079488,cosine,0.08004239745933965,0.4148547820368572,best_state,24778,790,25600,0.017310474537037036,0.16666666666666666,0.16666666666666666,0.0047143518518518515,0.0618,3.6718673278994403,2.6968716289104635,,,,,,,,,,,4.12201447710608,7313343
ldpc,N288_M144,lambda_pSA,search,904,1033,,,,0.23593721664796705,0.2598720362629504,1.955917576692386,fixed,0.34690148356850004,0.7962227876398219,0.0,0.2095853680802719,11.082072308327813,cosine,0.0922730561471291,0.320976640372226,best_state,23003,2527,25600,0.0173828125,0.19166666666666665,0.19166666666666665,0.0047143518518518515,0.0618,3.6872115290189535,3.101402373247033,,,,,,,,,,,4.185482463426714,7368776
