problem,size,mode,stage,candidate_id,rank,graph_type,instance_seed,EbNo_dB,kw,kr,alpha,alpha_mode,psa_p,lambda_mem,response_lambda,I0_min,I0_max,I0_schedule_type,I0_schedule_shape,I0_hold_fraction,decision_method,burn_in,sample_window,n_cycles,BER,FER,syndrome_violation,BP_BER,BP_FER,BER_ratio_to_BP,FER_ratio_to_BP,best_cut,normalized_cut,approximation_ratio,best_unsat,mean_unsat,mean_unsat_rate,best_unsat_rate,std_unsat,valid_assignment_rate,success_rate,score,seed
ldpc,N192_M96,pSA,search,862,1,,,,0.26915555893283705,0.2535111348624022,1.3041983529904682,llr,0.8481346584791094,0.0,0.0,0.23962029900291867,10.091749765941797,linear,0.050283414623643365,0.28631425177391046,majority,14124,5032,19200,0.025260416666666664,0.2854166666666667,0.2770833333333333,0.006740972222222222,0.0806,3.7472957659421033,3.5411497105045493,,,,,,,,,,,0.969398886267926,6936178
ldpc,N192_M96,pSA,search,781,2,,,,0.3406497381564232,0.31580392216530656,1.2678033734845409,llr,0.8412232314272108,0.0,0.0,0.4855683112969045,7.664492683531201,linear,0.05001575313440875,0.17944346089965604,majority,11382,4143,19200,0.02885199652777778,0.29583333333333334,0.2875,0.006740972222222222,0.0806,4.2800942618728754,3.670388751033912,,,,,,,,,,,0.9746172469327301,6294739
ldpc,N192_M96,pSA,search,936,3,,,,0.3066334050986403,0.3306429676692136,1.3678894572968392,llr,0.8327713700468911,0.0,0.0,0.2498740775892997,9.188908722748065,cosine,0.05869162559755505,0.23069106656207433,majority,13527,5539,19200,0.025173611111111115,0.2916666666666667,0.28958333333333336,0.006740972222222222,0.0806,3.734418460904503,3.618693134822167,,,,,,,,,,,0.9788664048040926,7522184
ldpc,N192_M96,pSA,search,606,4,,,,0.26987544864240776,0.2588116307797527,1.1885086506184486,llr,0.7659673142599579,0.0,0.0,0.4680829212604856,10.27382772215891,linear,0.0760745363793892,0.2755536021097356,majority,12915,5859,19200,0.02912326388888889,0.30625,0.30208333333333337,0.006740972222222222,0.0806,4.320335840115381,3.7996277915632755,,,,,,,,,,,0.9960787477807631,4908914
ldpc,N192_M96,pSA,search,855,5,,,,0.2725344933000517,0.2594193129057432,1.3432418887068933,llr,0.7980643310912002,0.0,0.0,0.24173674241530785,10.115818229988143,linear,0.14686212584113864,0.28516581495874527,majority,10505,5233,19200,0.02796223958333333,0.29791666666666666,0.29374999999999996,0.006740972222222222,0.0806,4.148101885237457,3.6962365591397845,,,,,,,,,,,1.0157797800568527,6880745
ldpc,N192_M96,pSA,search,1000,6,,,,0.22277014927312216,0.2142339846093337,1.0271339267847281,llr,0.7711907051681633,0.0,0.0,0.3194567341228474,10.50747845560691,linear,0.06276696468834725,0.29250891622014863,majority,13696,5428,19200,0.029741753472222226,0.3229166666666667,0.32083333333333336,0.006740972222222222,0.0806,4.412086638508294,4.006410256410256,,,,,,,,,,,1.0261781690288247,8029000
ldpc,N192_M96,pSA,search,941,7,,,,0.31206200677134094,0.3605803472469593,1.1555340189031125,llr,0.8051803974099284,0.0,0.0,0.18438723272619925,11.614301503639316,linear,0.07283976476341102,0.25551505083251125,majority,13733,5349,19200,0.02757161458333333,0.325,0.325,0.006740972222222222,0.0806,4.09015401256825,4.032258064516129,,,,,,,,,,,1.0311053174349205,7561779
ldpc,N192_M96,pSA,search,930,8,,,,0.3069114415867958,0.32989548077390213,1.3784256440550449,llr,0.8334857911289971,0.0,0.0,0.2212270233606101,10.3335490221563,linear,0.05969049873209142,0.23521486717245915,majority,10642,5311,19200,0.02748480902777778,0.29583333333333334,0.29375,0.006740972222222222,0.0806,4.077276707530649,3.670388751033912,,,,,,,,,,,1.0356187232612257,7474670
ldpc,N192_M96,pSA,search,674,9,,,,0.2652294120937304,0.28268651227969643,1.4639103805426625,llr,0.8008679910995983,0.0,0.0,0.25538759203670786,10.818719855873404,piecewise,0.0617451705480802,0.20767989733478068,majority,10050,6159,19200,0.028135850694444447,0.3333333333333333,0.32916666666666666,0.006740972222222222,0.0806,4.173856495312662,4.1356492969396195,,,,,,,,,,,1.0407376785382432,5447406
ldpc,N192_M96,pSA,search,469,10,,,,0.3430241178977162,0.3262471740842879,1.0318412467423008,llr,0.7865345087606593,0.0,0.0,0.32981983645701185,7.868124679409796,linear,0.0506267761894685,0.2336929638583799,majority,12836,3856,19200,0.029242621527777776,0.31249999999999994,0.29791666666666666,0.006740972222222222,0.0806,4.338042134542083,3.8771712158808924,,,,,,,,,,,1.0431539469335223,3824011
ldpc,N192_M96,pSA,search,853,11,,,,0.2697835775863513,0.26242227521397116,1.3331449871801189,llr,0.7896185441058114,0.0,0.0,0.2329140850042834,9.939455295970411,linear,0.07431428394112663,0.28875188633350884,majority,10428,5181,19200,0.029622395833333332,0.3041666666666667,0.29791666666666666,0.006740972222222222,0.0806,4.394380344081591,3.773779983457403,,,,,,,,,,,1.045684402072961,6864907
ldpc,N192_M96,pSA,search,864,12,,,,0.26469566186799565,0.2583164055868835,1.3645498042651822,llr,0.8484653846148708,0.0,0.0,0.353333620465383,8.5765334533425,linear,0.05049638543375886,0.28668130245258644,majority,10430,4829,19200,0.02872178819444444,0.3166666666666667,0.3104166666666667,0.006740972222222222,0.0806,4.260778304316473,3.928866832092639,,,,,,,,,,,1.0462363204164895,6952016
ldpc,N192_M96,pSA,refine,469,13,,,,0.3430241178977162,0.3262471740842879,1.0318412467423008,llr,0.7865345087606593,0.0,0.0,0.32981983645701185,7.868124679409796,linear,0.0506267761894685,0.2336929638583799,majority,12836,3856,19200,0.030085069444444446,0.3135,0.30583333333333335,0.006740972222222222,0.0806,4.463016379932008,3.889578163771712,,,,,,,,,,,1.053912153141531,279190;279291;279392;279493;279594;279695
ldpc,N192_M96,pSA,refine,853,14,,,,0.2697835775863513,0.26242227521397116,1.3331449871801189,llr,0.7896185441058114,0.0,0.0,0.2329140850042834,9.939455295970411,linear,0.07431428394112663,0.28875188633350884,majority,10428,5181,19200,0.028907118055555556,0.30733333333333335,0.3013333333333333,0.006740972222222222,0.0806,4.288271350571753,3.813068651778329,,,,,,,,,,,1.0561497207516353,287109;287210;287311;287412;287513;287614
ldpc,N192_M96,pSA,refine,956,15,,,,0.3558590250866707,0.3362851456867924,1.1220757076298162,llr,0.7603366465594011,0.0,0.0,0.18795044662286975,10.608663749997074,cosine,0.07005898487579378,0.21375776279684222,majority,13565,5483,19200,0.030516493055555555,0.311,0.2991666666666667,0.006740972222222222,0.0806,4.527016585968888,3.858560794044665,,,,,,,,,,,1.0580584431535187,453408;453509;453610;453711;453812;453913
ldpc,N192_M96,pSA,final,469,16,,,,0.3430241178977162,0.3262471740842879,1.0318412467423008,llr,0.7865345087606593,0.0,0.0,0.32981983645701185,7.868124679409796,linear,0.0506267761894685,0.2336929638583799,majority,12836,3856,19200,0.030246006944444445,0.3164666666666667,0.3098666666666667,0.006740972222222222,0.0806,4.486890903471721,3.9263854425144746,,,,,,,,,,,1.0597640197053655,607919;615941;623963;631985;640007;648029;656051;664073;672095;680117
ldpc,N192_M96,pSA,search,596,17,,,,0.2913561366707538,0.2586783948791624,1.2163590840428278,llr,0.7652718711525727,0.0,0.0,0.4966690273102362,9.018658584318018,linear,0.08895639211700265,0.17053601802322169,majority,11530,5073,19200,0.029492187500000003,0.3083333333333333,0.3,0.006740972222222222,0.0806,4.375064386525189,3.825475599669147,,,,,,,,,,,1.0611029491111441,4829724
ldpc,N192_M96,pSA,search,618,18,,,,0.32812127462521196,0.3586961392341557,1.0136653120360863,llr,0.7385478545936429,0.0,0.0,0.47255853794968056,10.787694228323188,linear,0.06312421110828093,0.17442214438972273,majority,14358,3822,19200,0.02992621527777778,0.3229166666666667,0.31666666666666665,0.006740972222222222,0.0806,4.439450911713197,4.006410256410256,,,,,,,,,,,1.0673807783816083,5003942
ldpc,N192_M96,pSA,refine,855,19,,,,0.2725344933000517,0.2594193129057432,1.3432418887068933,llr,0.7980643310912002,0.0,0.0,0.24173674241530785,10.115818229988143,linear,0.14686212584113864,0.28516581495874527,majority,10505,5233,19200,0.03011545138888889,0.31566666666666665,0.31,0.006740972222222222,0.0806,4.467523436695169,3.9164598842018195,,,,,,,,,,,1.068486120290286,239595;239696;239797;239898;239999;240100
ldpc,N192_M96,pSA,search,696,20,,,,0.21575909064885399,0.21481084026169087,1.6887889479400013,llr,0.7550953488966278,0.0,0.0,0.2684973814135183,11.029308397413127,piecewise,0.050093927808289765,0.18828891664644662,majority,12768,5845,19200,0.028591579861111115,0.32916666666666666,0.325,0.006740972222222222,0.0806,4.241462346760071,4.083953680727874,,,,,,,,,,,1.0720016585944767,5621624
ldpc,N192_M96,pSA,search,858,21,,,,0.2708482202766822,0.25598372495469657,1.3524269763212757,llr,0.7910921086069022,0.0,0.0,0.2458842020772148,10.280997829658519,linear,0.07471893113896033,0.28404404616459755,majority,10436,6452,19200,0.031054687499999997,0.3229166666666667,0.31875,0.006740972222222222,0.0806,4.606855877202019,4.006410256410256,,,,,,,,,,,1.073293003829496,6904502
ldpc,N192_M96,pSA,search,490,22,,,,0.30554585036806287,0.26880768252135256,1.172469851372398,llr,0.7924128521340456,0.0,0.0,0.38646437913919846,8.780284995831906,linear,0.10208489369652825,0.17601086795981996,majority,10840,4009,19200,0.02982855902777778,0.31666666666666665,0.3145833333333333,0.006740972222222222,0.0806,4.424963943545896,3.928866832092638,,,,,,,,,,,1.0755144023419556,3990310
ldpc,N192_M96,pSA,refine,752,23,,,,0.3144258506147288,0.3230663449100821,1.574714208208776,llr,0.794902476790813,0.0,0.0,0.4765324771259443,8.815523252919755,linear,0.060806805424081074,0.3766541692606698,majority,12768,5770,19200,0.02892013888888889,0.3176666666666667,0.31516666666666665,0.006740972222222222,0.0806,4.290202946327393,3.9412737799834576,,,,,,,,,,,1.078478551175507,366299;366400;366501;366602;366703;366804
ldpc,N192_M96,pSA,refine,606,24,,,,0.26987544864240776,0.2588116307797527,1.1885086506184486,llr,0.7659673142599579,0.0,0.0,0.4680829212604856,10.27382772215891,linear,0.0760745363793892,0.2755536021097356,majority,12915,5859,19200,0.03056423611111111,0.32349999999999995,0.3155,0.006740972222222222,0.0806,4.534099103739569,4.0136476426799,,,,,,,,,,,1.0795701840821834,231676;231777;231878;231979;232080;232181
ldpc,N192_M96,pSA,refine,781,25,,,,0.3406497381564232,0.31580392216530656,1.2678033734845409,llr,0.8412232314272108,0.0,0.0,0.4855683112969045,7.664492683531201,linear,0.05001575313440875,0.17944346089965604,majority,11382,4143,19200,0.03068923611111111,0.3153333333333333,0.30483333333333335,0.006740972222222222,0.0806,4.552642422993716,3.9123242349048795,,,,,,,,,,,1.0803749764371429,215838;215939;216040;216141;216242;216343
ldpc,N192_M96,pSA,refine,930,26,,,,0.3069114415867958,0.32989548077390213,1.3784256440550449,llr,0.8334857911289971,0.0,0.0,0.2212270233606101,10.3335490221563,linear,0.05969049873209142,0.23521486717245915,majority,10642,5311,19200,0.029007812499999997,0.3255,0.32366666666666666,0.006740972222222222,0.0806,4.30320902441537,4.038461538461538,,,,,,,,,,,1.0813311426017655,263352;263453;263554;263655;263756;263857
ldpc,N192_M96,pSA,refine,618,27,,,,0.32812127462521196,0.3586961392341557,1.0136653120360863,llr,0.7385478545936429,0.0,0.0,0.47255853794968056,10.787694228323188,linear,0.06312421110828093,0.17442214438972273,majority,14358,3822,19200,0.030334201388888888,0.3316666666666666,0.3303333333333333,0.006740972222222222,0.0806,4.499974245389925,4.114971050454921,,,,,,,,,,,1.0853368956735747,310866;310967;311068;311169;311270;311371
ldpc,N192_M96,pSA,search,684,28,,,,0.26193993192390097,0.2779097800925167,1.4858206841460035,llr,0.7998715676153619,0.0,0.0,0.2718392975469365,8.910163065706586,linear,0.061696272129473755,0.2129632991166821,majority,12155,3673,19200,0.0283203125,0.34375,0.3416666666666666,0.006740972222222222,0.0806,4.201220768517564,4.2648883374689825,,,,,,,,,,,1.0887703391816514,5526596
ldpc,N192_M96,pSA,refine,858,29,,,,0.2708482202766822,0.25598372495469657,1.3524269763212757,llr,0.7910921086069022,0.0,0.0,0.2458842020772148,10.280997829658519,linear,0.07471893113896033,0.28404404616459755,majority,10436,6452,19200,0.030433159722222217,0.31816666666666665,0.3103333333333333,0.006740972222222222,0.0806,4.514654373132791,3.9474772539288665,,,,,,,,,,,1.0888622357692554,326704;326805;326906;327007;327108;327209
ldpc,N192_M96,pSA,refine,862,30,,,,0.26915555893283705,0.2535111348624022,1.3041983529904682,llr,0.8481346584791094,0.0,0.0,0.23962029900291867,10.091749765941797,linear,0.050283414623643365,0.28631425177391046,majority,14124,5032,19200,0.030662326388888887,0.3188333333333333,0.3061666666666667,0.006740972222222222,0.0806,4.548650458432059,3.9557485525227456,,,,,,,,,,,1.090548712329578,207919;208020;208121;208222;208323;208424
ldpc,N192_M96,pSA,search,708,31,,,,0.25483179320978605,0.25767903609047954,1.7286671127073188,llr,0.7941758898496696,0.0,0.0,0.2528372218995915,11.339361028781413,piecewise,0.0515599700928188,0.14185847884508446,majority,12184,5830,19200,0.03044704861111111,0.3104166666666666,0.30624999999999997,0.006740972222222222,0.0806,4.516714741938807,3.85132340777502,,,,,,,,,,,1.0912734888929534,5716652
ldpc,N192_M96,pSA,refine,936,32,,,,0.3066334050986403,0.3306429676692136,1.3678894572968392,llr,0.8327713700468911,0.0,0.0,0.2498740775892997,9.188908722748065,cosine,0.05869162559755505,0.23069106656207433,majority,13527,5539,19200,0.029835069444444445,0.3401666666666667,0.3385,0.006740972222222222,0.0806,4.425929741423715,4.220430107526882,,,,,,,,,,,1.0921297022874432,223757;223858;223959;224060;224161;224262
ldpc,N192_M96,pSA,search,877,33,,,,0.25914993926898217,0.2574991227127834,1.2170862244128353,llr,0.8202306671536816,0.0,0.0,0.23107765392276244,8.744178962004368,linear,0.05544798472372422,0.3110352209134555,majority,9716,4720,19200,0.02828776041666667,0.31875000000000003,0.31250000000000006,0.006740972222222222,0.0806,4.196391779128464,3.954714640198511,,,,,,,,,,,1.0922172118042996,7054963
ldpc,N192_M96,pSA,search,752,34,,,,0.3144258506147288,0.3230663449100821,1.574714208208776,llr,0.794902476790813,0.0,0.0,0.4765324771259443,8.815523252919755,linear,0.060806805424081074,0.3766541692606698,majority,12768,5770,19200,0.031152343750000002,0.3354166666666667,0.33125,0.006740972222222222,0.0806,4.6213428453693215,4.161497105045492,,,,,,,,,,,1.0946333041275667,6065088
ldpc,N192_M96,pSA,search,424,35,,,,0.39856273557821603,0.37827608097301135,1.0848022494409228,llr,0.8067223192815978,0.0,0.0,0.36640563206544224,6.217286712617944,linear,0.07167034956367803,0.26808619331777894,majority,9757,2758,12800,0.029720052083333334,0.32916666666666666,0.31666666666666665,0.006740972222222222,0.0806,4.408867312248892,4.083953680727874,,,,,,,,,,,1.0969488244335444,3467656
ldpc,N192_M96,pSA,search,467,36,,,,0.26902525642137126,0.2476548313393554,1.0205672999698199,llr,0.7731183886574545,0.0,0.0,0.43311456054371644,8.222563348110866,linear,0.0604651990594945,0.2563451837396959,majority,11497,3965,19200,0.03121744791666667,0.3395833333333333,0.3395833333333333,0.006740972222222222,0.0806,4.631000824147523,4.213192721257236,,,,,,,,,,,1.1009784816878325,3808173
ldpc,N192_M96,pSA,search,805,37,,,,0.2616651501521485,0.2858285156673411,1.2590067087593324,llr,0.8039170037748953,0.0,0.0,0.5126993390545549,9.321290889392866,piecewise,0.06179314316721617,0.220173964761846,majority,9953,4400,19200,0.03155381944444444,0.3708333333333333,0.3708333333333333,0.006740972222222222,0.0806,4.680900381168229,4.600909842845326,,,,,,,,,,,1.1009921779252092,6484795
ldpc,N192_M96,pSA,refine,596,38,,,,0.2913561366707538,0.2586783948791624,1.2163590840428278,llr,0.7652718711525727,0.0,0.0,0.4966690273102362,9.018658584318018,linear,0.08895639211700265,0.17053601802322169,majority,11530,5073,19200,0.03194357638888889,0.32483333333333336,0.31416666666666665,0.006740972222222222,0.0806,4.7387194807870605,4.030190239867659,,,,,,,,,,,1.1014965449796075,302947;303048;303149;303250;303351;303452
ldpc,N192_M96,pSA,refine,1000,39,,,,0.22277014927312216,0.2142339846093337,1.0271339267847281,llr,0.7711907051681633,0.0,0.0,0.3194567341228474,10.50747845560691,linear,0.06276696468834725,0.29250891622014863,majority,13696,5428,19200,0.032107638888888894,0.35083333333333333,0.3468333333333333,0.006740972222222222,0.0806,4.763057587308129,4.352770885028949,,,,,,,,,,,1.1027541989439156,247514;247615;247716;247817;247918;248019
ldpc,N192_M96,pSA,search,433,40,,,,0.31545064452797233,0.3113250369530123,0.9195822864281411,llr,0.7671985521951339,0.0,0.0,0.3601770478210951,7.110451104122912,linear,0.06826686554327285,0.29601163359407456,majority,11144,3998,19200,0.034190538194444446,0.38125000000000003,0.38125000000000003,0.006740972222222222,0.0806,5.072048521685382,4.73014888337469,,,,,,,,,,,1.1058922826324689,3538927
ldpc,N192_M96,pSA,search,513,41,,,,0.3511735460098676,0.3112500845902079,0.9941397483559667,llr,0.7627306572528618,0.0,0.0,0.34114147822421254,7.66096020713277,linear,0.06609840352526909,0.23615760904746538,majority,10519,3196,19200,0.03421223958333333,0.33749999999999997,0.32083333333333336,0.006740972222222222,0.0806,5.075267847944782,4.187344913151364,,,,,,,,,,,1.1063555468237867,4172447
ldpc,N192_M96,pSA,search,884,42,,,,0.26092398847857234,0.2493461333734877,1.5936178465232034,llr,0.8172249333775627,0.0,0.0,0.24742990468652856,8.962703553698585,linear,0.055705632499006404,0.31240298715373704,majority,9774,4693,19200,0.033637152777777776,0.3458333333333334,0.34375,0.006740972222222222,0.0806,4.98995570207067,4.290736145574855,,,,,,,,,,,1.1097102487847048,7110396
ldpc,N192_M96,pSA,refine,595,43,,,,0.3017340065949432,0.266301986716138,1.2494691836075302,llr,0.8137229862678801,0.0,0.0,0.4577438919124826,8.788213247343807,linear,0.2316486592431596,0.3449682068334,majority,11510,5972,19200,0.031554687500000005,0.3278333333333333,0.3193333333333333,0.006740972222222222,0.0806,4.6810291542186055,4.067411083540115,,,,,,,,,,,1.1117867966849666,429651;429752;429853;429954;430055;430156
ldpc,N192_M96,pSA,refine,877,44,,,,0.25914993926898217,0.2574991227127834,1.2170862244128353,llr,0.8202306671536816,0.0,0.0,0.23107765392276244,8.744178962004368,linear,0.05544798472372422,0.3110352209134555,majority,9716,4720,19200,0.03045486111111111,0.3461666666666667,0.3441666666666667,0.006740972222222222,0.0806,4.517873699392191,4.294871794871795,,,,,,,,,,,1.1131400366946724,358380;358481;358582;358683;358784;358885
ldpc,N192_M96,pSA,search,983,45,,,,0.2985726795371384,0.3560267880673765,1.483786704599566,snr,0.8115927922798863,0.0,0.0,0.20450282861762203,11.911175596261247,linear,0.07045304671886753,0.18526552475469824,majority,10122,4980,19200,0.031857638888888894,0.37291666666666673,0.37083333333333335,0.006740972222222222,0.0806,4.725970948799836,4.6267576509512,,,,,,,,,,,1.1139417675265975,7894377
ldpc,N192_M96,pSA,search,595,46,,,,0.3017340065949432,0.266301986716138,1.2494691836075302,llr,0.8137229862678801,0.0,0.0,0.4577438919124826,8.788213247343807,linear,0.2316486592431596,0.3449682068334,majority,11510,5972,19200,0.030815972222222224,0.32916666666666666,0.32708333333333334,0.006740972222222222,0.0806,4.571443288348615,4.083953680727874,,,,,,,,,,,1.1190865337663825,4821805
ldpc,N192_M96,pSA,refine,513,47,,,,0.3511735460098676,0.3112500845902079,0.9941397483559667,llr,0.7627306572528618,0.0,0.0,0.34114147822421254,7.66096020713277,linear,0.06609840352526909,0.23615760904746538,majority,10519,3196,19200,0.03431857638888889,0.34166666666666673,0.3263333333333333,0.006740972222222222,0.0806,5.091042546615845,4.239040529363111,,,,,,,,,,,1.1219115899013317,405894;405995;406096;406197;406298;406399
ldpc,N192_M96,pSA,search,768,48,,,,0.2761540661342803,0.26755454847322924,1.7646462917692616,llr,0.8222587729487705,0.0,0.0,0.5207350095290113,8.160869119358054,linear,0.050021515440776716,0.12373026951123059,majority,12680,5537,19200,0.029861111111111113,0.33958333333333335,0.33749999999999997,0.006740972222222222,0.0806,4.429792932934996,4.213192721257237,,,,,,,,,,,1.12246853890443,6191792
ldpc,N192_M96,pSA,refine,952,49,,,,0.3653734469421851,0.3331172444183931,1.1590627606278148,llr,0.7852123180953331,0.0,0.0,0.17268346712984073,10.585863953233693,cosine,0.06376763323148998,0.21064511182400125,majority,13487,5503,19200,0.03269704861111111,0.33033333333333337,0.31383333333333335,0.006740972222222222,0.0806,4.850494488513444,4.0984284532671635,,,,,,,,,,,1.1227246761653922,445489;445590;445691;445792;445893;445994
ldpc,N192_M96,pSA,refine,864,50,,,,0.26469566186799565,0.2583164055868835,1.3645498042651822,llr,0.8484653846148708,0.0,0.0,0.353333620465383,8.5765334533425,linear,0.05049638543375886,0.28668130245258644,majority,10430,4829,19200,0.030936631944444445,0.34883333333333333,0.34450000000000003,0.006740972222222222,0.0806,4.5893427423508815,4.327956989247311,,,,,,,,,,,1.1239293270826727,295028;295129;295230;295331;295432;295533
ldpc,N192_M96,pSA,search,952,51,,,,0.3653734469421851,0.3331172444183931,1.1590627606278148,llr,0.7852123180953331,0.0,0.0,0.17268346712984073,10.585863953233693,cosine,0.06376763323148998,0.21064511182400125,majority,13487,5503,19200,0.03301866319444444,0.32083333333333336,0.29791666666666666,0.006740972222222222,0.0806,4.898204903677758,3.9805624483043838,,,,,,,,,,,1.1241617270016067,7648888
ldpc,N192_M96,pSA,search,956,52,,,,0.3558590250866707,0.3362851456867924,1.1220757076298162,llr,0.7603366465594011,0.0,0.0,0.18795044662286975,10.608663749997074,cosine,0.07005898487579378,0.21375776279684222,majority,13565,5483,19200,0.0326171875,0.32708333333333334,0.32083333333333336,0.006740972222222222,0.0806,4.83864736787885,4.058105872622002,,,,,,,,,,,1.1242826275175581,7680564
ldpc,N192_M96,pSA,search,597,53,,,,0.29471961821872156,0.2557848766127519,1.1696663065670323,llr,0.8152590815994278,0.0,0.0,0.4782598356932863,8.669473668853346,linear,0.08809186035118428,0.1691072823226844,majority,11691,3652,19200,0.03248697916666666,0.3333333333333333,0.325,0.006740972222222222,0.0806,4.819331410322447,4.1356492969396195,,,,,,,,,,,1.125683756937783,4837643
ldpc,N192_M96,pSA,search,944,54,,,,0.31375062339238,0.358774517520878,1.5490031329212004,llr,0.8060115464497143,0.0,0.0,0.21651148068013812,11.849794533661042,cosine,0.07346296342079307,0.24947126810675813,majority,14400,4721,19200,0.03167317708333333,0.3625,0.35833333333333334,0.006740972222222222,0.0806,4.698606675594931,4.497518610421836,,,,,,,,,,,1.1268311429224351,7585536
ldpc,N192_M96,pSA,search,418,55,,,,0.5174892831077456,0.5119536304482161,1.105262283050709,llr,0.8311283752786341,0.0,0.0,0.34183479651972576,5.224604048410018,linear,0.07326471832799834,0.26831934816558145,majority,10096,1734,12800,0.032215711805555554,0.3520833333333333,0.3520833333333333,0.006740972222222222,0.0806,4.779089832079943,4.368279569892472,,,,,,,,,,,1.1268547454967535,3420142
ldpc,N192_M96,pSA,refine,467,56,,,,0.26902525642137126,0.2476548313393554,1.0205672999698199,llr,0.7731183886574545,0.0,0.0,0.43311456054371644,8.222563348110866,linear,0.0604651990594945,0.2563451837396959,majority,11497,3965,19200,0.033065972222222226,0.3546666666666667,0.34933333333333333,0.006740972222222222,0.0806,4.905223034923252,4.400330851943755,,,,,,,,,,,1.1285872443831926,382137;382238;382339;382440;382541;382642
ldpc,N192_M96,pSA,search,909,57,,,,0.24092708157307946,0.26785435161569426,1.2842285326760088,llr,0.7717730011220092,0.0,0.0,0.2680077772732829,9.77573833476904,linear,0.05028563175595539,0.32343852266010015,majority,13821,5298,19200,0.029730902777777776,0.36874999999999997,0.36874999999999997,0.006740972222222222,0.0806,4.410476975378593,4.575062034739453,,,,,,,,,,,1.1289423785000428,7308371
ldpc,N192_M96,pSA,search,554,58,,,,0.2889645801663716,0.2842677349598205,0.9257462545842973,llr,0.7460588674586212,0.0,0.0,0.42888915143378753,8.369668455660221,linear,0.0903535624533195,0.289667771913481,majority,11120,3738,19200,0.03346354166666667,0.36666666666666664,0.3625,0.006740972222222222,0.0806,4.964201091995468,4.54921422663358,,,,,,,,,,,1.1301713049296571,4497126
ldpc,N192_M96,pSA,search,435,59,,,,0.3529608452376534,0.2993813397105909,0.9407060177387219,llr,0.7942430995419028,0.0,0.0,0.35863013241474423,6.916615189225155,linear,0.06718440903685202,0.5441840458770989,majority,14840,3659,19200,0.03487413194444444,0.33125,0.31875,0.006740972222222222,0.0806,5.173457298856495,4.109801488833747,,,,,,,,,,,1.1306710950306436,3554765
ldpc,N192_M96,pSA,search,515,60,,,,0.3607465679256329,0.3088391510426798,0.9883521274601468,llr,0.7638840060346892,0.0,0.0,0.34201592793098823,7.44098977955672,linear,0.06356383604055157,0.30077214862232826,majority,10407,3868,19200,0.035622829861111115,0.3541666666666667,0.33958333333333335,0.006740972222222222,0.0806,5.284524054805811,4.394127377998346,,,,,,,,,,,1.1323018006893926,4188285
ldpc,N192_M96,pSA,refine,941,61,,,,0.31206200677134094,0.3605803472469593,1.1555340189031125,llr,0.8051803974099284,0.0,0.0,0.18438723272619925,11.614301503639316,linear,0.07283976476341102,0.25551505083251125,majority,13733,5349,19200,0.030536458333333332,0.3618333333333333,0.36083333333333334,0.006740972222222222,0.0806,4.529978366127537,4.489247311827956,,,,,,,,,,,1.1330819121033309,255433;255534;255635;255736;255837;255938
ldpc,N192_M96,pSA,search,867,62,,,,0.20959831771633763,0.19752917096947653,1.4113998231141307,llr,0.8540247769451335,0.0,0.0,0.1763785186783484,9.859575727746106,linear,0.12045092021661662,0.2660452407038077,majority,10334,4999,19200,0.029969618055555553,0.33958333333333335,0.33541666666666664,0.006740972222222222,0.0806,4.445889564231997,4.213192721257237,,,,,,,,,,,1.1337564495170984,6975773
ldpc,N192_M96,pSA,search,697,63,,,,0.2551629015014338,0.26581502660803136,1.7892550106570984,llr,0.7894120319116938,0.0,0.0,0.25655622015314417,11.809718062799742,piecewise,0.052804802832153504,0.141521689601602,majority,13087,5598,19200,0.031412760416666664,0.34375,0.34375,0.006740972222222222,0.0806,4.659974760482126,4.2648883374689825,,,,,,,,,,,1.1343382602692018,5629543
ldpc,N192_M96,pSA,refine,490,64,,,,0.30554585036806287,0.26880768252135256,1.172469851372398,llr,0.7924128521340456,0.0,0.0,0.38646437913919846,8.780284995831906,linear,0.10208489369652825,0.17601086795981996,majority,10840,4009,19200,0.032625868055555556,0.329,0.31266666666666665,0.006740972222222222,0.0806,4.839935098382611,4.0818858560794045,,,,,,,,,,,1.1363857292244743,334623;334724;334825;334926;335027;335128
ldpc,N192_M96,pSA,search,598,65,,,,0.2924384418566927,0.2644382779021268,1.2034867589918201,llr,0.8095541704370397,0.0,0.0,0.4781623135749753,6.923826010272925,linear,0.08460432324375498,0.268956417711931,majority,713,4872,19200,0.03247612847222222,0.36041666666666666,0.3583333333333334,0.006740972222222222,0.0806,4.817721747192747,4.4716708023159635,,,,,,,,,,,1.1385657355629455,4845562
ldpc,N192_M96,pSA,search,755,66,,,,0.3279573685963045,0.3265322751925773,1.655208278927836,llr,0.7982462785297493,0.0,0.0,0.46312974344055813,8.49309585275065,linear,0.06067549433614494,0.25048029069640854,majority,12364,5925,19200,0.03249782986111111,0.3354166666666667,0.3333333333333333,0.006740972222222222,0.0806,4.820941073452148,4.161497105045492,,,,,,,,,,,1.1399927659879847,6088845
ldpc,N192_M96,pSA,search,478,67,,,,0.3521867031571382,0.3282537054189954,1.0890836742403052,llr,0.723472842386198,0.0,0.0,0.3294368921376802,8.840531514376325,linear,0.053012854941698356,0.3261735891341077,majority,10921,3383,19200,0.03205295138888889,0.33125,0.3229166666666667,0.006740972222222222,0.0806,4.75494488513444,4.109801488833747,,,,,,,,,,,1.140455543921778,3895282
ldpc,N192_M96,pSA,refine,674,68,,,,0.2652294120937304,0.28268651227969643,1.4639103805426625,llr,0.8008679910995983,0.0,0.0,0.25538759203670786,10.818719855873404,piecewise,0.0617451705480802,0.20767989733478068,majority,10050,6159,19200,0.0306796875,0.355,0.35316666666666663,0.006740972222222222,0.0806,4.55122591943958,4.4044665012406945,,,,,,,,,,,1.1429211490960245,271271;271372;271473;271574;271675;271776
ldpc,N192_M96,pSA,search,887,69,,,,0.2546498954965933,0.2486847866963445,1.636995957551349,llr,0.8292263472725108,0.0,0.0,0.24695098486218386,9.085127677999234,linear,0.05022156342934629,0.3054791874208828,majority,9975,4799,19200,0.03245442708333333,0.34791666666666665,0.33958333333333335,0.006740972222222222,0.0806,4.814502420933346,4.316583953680728,,,,,,,,,,,1.1444261099960242,7134153
ldpc,N192_M96,pSA,refine,424,70,,,,0.39856273557821603,0.37827608097301135,1.0848022494409228,llr,0.8067223192815978,0.0,0.0,0.36640563206544224,6.217286712617944,linear,0.07167034956367803,0.26808619331777894,majority,9757,2758,12800,0.032591145833333335,0.3526666666666667,0.3481666666666667,0.006740972222222222,0.0806,4.83478417636757,4.375516956162118,,,,,,,,,,,1.144627212990335,374218;374319;374420;374521;374622;374723
ldpc,N192_M96,pSA,search,340,71,,,,0.4935148389926533,0.476174830348029,0.8683940636041578,llr,0.8607686924273509,0.0,0.0,0.3628500493480692,6.4929912896871835,linear,0.4744226828194188,0.5990796156351718,majority,2347,1559,12800,0.033669704861111115,0.35833333333333334,0.3541666666666667,0.006740972222222222,0.0806,4.994784691459772,4.445822994210091,,,,,,,,,,,1.1526764044603661,2802460
ldpc,N192_M96,pSA,search,838,72,,,,0.24006673324097005,0.280107448513965,1.0781216873657642,llr,0.7766653515474423,0.0,0.0,0.35154206711834446,9.468218459995622,linear,0.06961346954949048,0.24033728486795794,best_state,9020,4858,19200,0.03492838541666667,0.35625,0.35625,0.006740972222222222,0.0806,5.181505614504998,4.419975186104218,,,,,,,,,,,1.153555715543219,6746122
ldpc,N192_M96,pSA,search,512,73,,,,0.3588377683946719,0.3111707939214373,0.9892994231272672,llr,0.7674644040287737,0.0,0.0,0.33746007340963596,7.771419647423115,linear,0.08407705041631171,0.31125059086363127,majority,10471,3207,19200,0.03732638888888889,0.35000000000000003,0.33749999999999997,0.006740972222222222,0.0806,5.537241166168744,4.3424317617866,,,,,,,,,,,1.1551288104447135,4164528
ldpc,N192_M96,pSA,search,616,74,,,,0.3222596266030223,0.35223024074804354,1.0233989871530618,llr,0.7481736193294468,0.0,0.0,0.4751006638498006,10.72607653990963,linear,0.06621778787499001,0.3413873362712525,majority,13107,5868,19200,0.03271484375,0.3645833333333333,0.3625,0.006740972222222222,0.0806,4.8531343360461525,4.523366418527709,,,,,,,,,,,1.156631049129603,4988104
ldpc,N192_M96,pSA,search,438,75,,,,0.32248736532722333,0.3241700635240569,0.9280968359332722,llr,0.761437822090136,0.0,0.0,0.36713386468894676,7.179970826265326,linear,0.08758520613830892,0.2731406490156833,majority,10536,3744,19200,0.034613715277777776,0.38749999999999996,0.3854166666666667,0.006740972222222222,0.0806,5.13482538374369,4.807692307692307,,,,,,,,,,,1.1569770653844287,3578522
ldpc,N192_M96,pSA,search,375,76,,,,0.3831049834339985,0.39572409214201876,1.0031965363575366,llr,0.7698572941012936,0.0,0.0,0.44091106010674735,6.589530698929598,linear,0.26972826703399955,0.491828520970878,majority,1444,16243,19200,0.034516059027777775,0.41250000000000003,0.41250000000000003,0.006740972222222222,0.0806,5.120338415576388,5.117866004962779,,,,,,,,,,,1.1586777570757427,3079625
ldpc,N192_M96,pSA,refine,805,77,,,,0.2616651501521485,0.2858285156673411,1.2590067087593324,llr,0.8039170037748953,0.0,0.0,0.5126993390545549,9.321290889392866,piecewise,0.06179314316721617,0.220173964761846,majority,9953,4400,19200,0.031993923611111114,0.38149999999999995,0.37999999999999995,0.006740972222222222,0.0806,4.746188317708871,4.733250620347394,,,,,,,,,,,1.1590667312957623,390056;390157;390258;390359;390460;390561
ldpc,N192_M96,pSA,search,444,78,,,,0.3625829830475808,0.3277394155810206,0.9542836403956572,llr,0.7777937727169801,0.0,0.0,0.362834456464997,7.023382375492872,linear,0.062372316798809016,0.287083140800076,majority,10661,3857,19200,0.034819878472222225,0.35000000000000003,0.34166666666666673,0.006740972222222222,0.0806,5.165408983207995,4.3424317617866,,,,,,,,,,,1.1602234741595687,3626036
ldpc,N192_M96,pSA,refine,884,79,,,,0.26092398847857234,0.2493461333734877,1.5936178465232034,llr,0.8172249333775627,0.0,0.0,0.24742990468652856,8.962703553698585,linear,0.055705632499006404,0.31240298715373704,majority,9774,4693,19200,0.032542534722222224,0.34833333333333333,0.343,0.006740972222222222,0.0806,4.827572885546513,4.321753515301902,,,,,,,,,,,1.1617194655230247,413813;413914;414015;414116;414217;414318
ldpc,N192_M96,pSA,refine,433,80,,,,0.31545064452797233,0.3113250369530123,0.9195822864281411,llr,0.7671985521951339,0.0,0.0,0.3601770478210951,7.110451104122912,linear,0.06826686554327285,0.29601163359407456,majority,11144,3998,19200,0.03419704861111111,0.3806666666666667,0.3795,0.006740972222222222,0.0806,5.073014319563201,4.722911497105046,,,,,,,,,,,1.1618527537995906,397975;398076;398177;398278;398379;398480
ldpc,N192_M96,pSA,search,926,81,,,,0.3096701253613312,0.3303710207418842,1.4036469320707903,llr,0.748113164396261,0.0,0.0,0.24497128978290256,9.23087006126651,cosine,0.058897482671947124,0.22906403958252297,majority,10627,4520,19200,0.03187934027777778,0.3541666666666667,0.3520833333333333,0.006740972222222222,0.0806,4.729190275059236,4.394127377998346,,,,,,,,,,,1.1628078009773262,7442994
ldpc,N192_M96,pSA,search,874,82,,,,0.21198648357149374,0.1934083905662963,1.4134633557082554,llr,0.8473551493966563,0.0,0.0,0.20249025641874652,10.005819992499852,linear,0.050138208360102035,0.26985213851118295,majority,9909,5162,19200,0.03232421875,0.35625,0.3520833333333333,0.006740972222222222,0.0806,4.795186463376945,4.419975186104218,,,,,,,,,,,1.1644800348885473,7031206
ldpc,N192_M96,pSA,search,820,83,,,,0.2889510511255405,0.35083074411339665,1.2134333479521695,llr,0.7541094206365869,0.0,0.0,0.40084795145568985,10.83302591934015,piecewise,0.08398834368321097,0.14777821145700668,majority,9915,4319,19200,0.03233506944444444,0.3875,0.3854166666666667,0.006740972222222222,0.0806,4.796796126506644,4.8076923076923075,,,,,,,,,,,1.1647237825219823,6603580
ldpc,N192_M96,pSA,search,876,84,,,,0.21931738567162865,0.1957588291937772,1.3796934639838723,llr,0.8517137245296459,0.0,0.0,0.21434311724456087,10.144599990130502,linear,0.1304406885319165,0.26461707121706196,majority,10403,4976,19200,0.03390842013888889,0.3520833333333333,0.34375,0.006740972222222222,0.0806,5.0301972803131765,4.368279569892472,,,,,,,,,,,1.1648113145685275,7047044
ldpc,N192_M96,pSA,search,323,85,,,,0.5705007344156957,0.5583312100261438,1.2418557582254104,llr,0.8496038543168802,0.0,0.0,0.09420749934968287,6.0618314192495415,linear,0.888901893568868,0.570621366829026,majority,3131,3711,12800,0.032552083333333336,0.375,0.375,0.006740972222222222,0.0806,4.8289893891006495,4.652605459057072,,,,,,,,,,,1.1668525112665158,2667837
ldpc,N192_M96,pSA,search,719,86,,,,0.2106867339804832,0.2017888571658745,1.683987687435361,llr,0.8119036299255561,0.0,0.0,0.2257589774482854,10.932447658642408,piecewise,0.05579869578972735,0.10299046925956759,majority,13695,5429,19200,0.03220486111111111,0.3604166666666666,0.3541666666666667,0.006740972222222222,0.0806,4.777480168950242,4.471670802315963,,,,,,,,,,,1.1676994466695088,5803761
ldpc,N192_M96,pSA,search,898,87,,,,0.23855302606813253,0.2192189211738583,1.5296911952525265,llr,0.8405624022030074,0.0,0.0,0.24391865465735552,10.754535015306985,linear,0.05750963428796863,0.3473673043291966,majority,9024,4736,19200,0.03448350694444444,0.3520833333333333,0.3354166666666667,0.006740972222222222,0.0806,5.1155094261872875,4.368279569892472,,,,,,,,,,,1.1694094820339116,7221262
ldpc,N192_M96,pSA,search,826,88,,,,0.29474388908470767,0.35646577968383175,1.2101365035468254,llr,0.8271607779495143,0.0,0.0,0.27365434844775466,10.667896707300015,piecewise,0.0614409237842117,0.16424266250439087,majority,10156,4258,19200,0.03202039930555555,0.39375,0.39166666666666666,0.006740972222222222,0.0806,4.7501158957453375,4.885235732009925,,,,,,,,,,,1.170105691249289,6651094
ldpc,N192_M96,pSA,refine,708,89,,,,0.25483179320978605,0.25767903609047954,1.7286671127073188,llr,0.7941758898496696,0.0,0.0,0.2528372218995915,11.339361028781413,piecewise,0.0515599700928188,0.14185847884508446,majority,12184,5830,19200,0.03273871527777778,0.3551666666666667,0.3511666666666667,0.006740972222222222,0.0806,4.8566755949314935,4.406534325889164,,,,,,,,,,,1.170175954850969,350461;350562;350663;350764;350865;350966
ldpc,N192_M96,pSA,search,686,90,,,,0.2355743392518292,0.2166719952204147,1.4435213054133458,llr,0.751473855991199,0.0,0.0,0.22498961759277825,10.292126099896267,linear,0.06077320600410488,0.18159185851464002,best_state,12466,6091,19200,0.04136284722222222,0.3083333333333333,0.3020833333333333,0.006740972222222222,0.0806,6.136035850417224,3.825475599669147,,,,,,,,,,,1.1729576343699413,5542434
ldpc,N192_M96,pSA,search,423,91,,,,0.4017641854220642,0.36998681905957753,1.1048173989428984,llr,0.8043498875036806,0.0,0.0,0.3630882375973123,6.12820138847956,linear,0.4169061853909995,0.5677566475856909,majority,10232,1127,12800,0.037543402777777776,0.3729166666666666,0.36666666666666664,0.006740972222222222,0.0806,5.569434428762748,4.626757650951198,,,,,,,,,,,1.173422107232966,3459737
ldpc,N192_M96,pSA,search,943,92,,,,0.30688170797937625,0.3594671530848977,1.5824634252458862,llr,0.8065362193117845,0.0,0.0,0.21968086632900977,11.329735770994185,linear,0.07448673676657322,0.25285806080380835,majority,13976,5117,19200,0.031890190972222225,0.375,0.37083333333333335,0.006740972222222222,0.0806,4.7307999381889365,4.652605459057072,,,,,,,,,,,1.1735666776215208,7577617
ldpc,N192_M96,pSA,search,881,93,,,,0.2595655736779978,0.2475154950638448,1.6382159057079768,llr,0.8171391329577673,0.0,0.0,0.20870544643959985,9.02265288031708,linear,0.05042118292120745,0.3105729232944723,majority,8969,4915,19200,0.0341796875,0.36874999999999997,0.3645833333333333,0.006740972222222222,0.0806,5.070438858555682,4.575062034739453,,,,,,,,,,,1.1752695835372833,7086639
ldpc,N192_M96,pSA,search,685,94,,,,0.2122892981314526,0.22658960589128868,1.4479888878773666,llr,0.7431656650402249,0.0,0.0,0.20570675091727872,10.881343276012228,piecewise,0.06213821802212416,0.18368379272849977,majority,12580,5928,19200,0.031152343750000002,0.3854166666666667,0.3854166666666667,0.006740972222222222,0.0806,4.6213428453693215,4.781844499586435,,,,,,,,,,,1.175382972018185,5534515
ldpc,N192_M96,pSA,search,845,95,,,,0.3708335410321324,0.3311024644023711,1.4920991961192729,llr,0.8268507958321818,0.0,0.0,0.5414889024113244,7.013726889528873,piecewise,0.06835097148663659,0.19742067860641296,majority,11769,3915,19200,0.03441840277777778,0.3520833333333333,0.32916666666666666,0.006740972222222222,0.0806,5.105851447409087,4.368279569892472,,,,,,,,,,,1.1773249655706897,6801555
ldpc,N192_M96,pSA,refine,768,96,,,,0.2761540661342803,0.26755454847322924,1.7646462917692616,llr,0.8222587729487705,0.0,0.0,0.5207350095290113,8.160869119358054,linear,0.050021515440776716,0.12373026951123059,majority,12680,5537,19200,0.03357986111111111,0.3633333333333333,0.36083333333333334,0.006740972222222222,0.0806,4.981456680745853,4.507857733664184,,,,,,,,,,,1.1781441258632568,437570;437671;437772;437873;437974;438075
ldpc,N192_M96,pSA,search,390,97,,,,0.35959981448907286,0.3225574451276462,1.154683201247307,llr,0.7682301027849534,0.0,0.0,0.46961415073801016,5.816002638575249,linear,0.2793553807124089,0.5129200743406559,majority,1931,6124,12800,0.03526475694444445,0.42291666666666666,0.42291666666666666,0.006740972222222222,0.0806,5.2314051715257035,5.247105045492142,,,,,,,,,,,1.1783529301903473,3198410
ldpc,N192_M96,pSA,search,487,98,,,,0.3116751357543814,0.3554284341738603,0.8994018561529397,llr,0.7836101166690316,0.0,0.0,0.3902515342553615,8.705363220787289,linear,0.09743356177114748,0.2750020136315471,majority,10958,3638,19200,0.03192274305555556,0.3729166666666666,0.3708333333333333,0.006740972222222222,0.0806,4.735628927578037,4.626757650951198,,,,,,,,,,,1.1792286190078631,3966553
ldpc,N192_M96,pSA,search,464,99,,,,0.27891849824280796,0.2532277143937898,0.9399506793275955,llr,0.7737645267239418,0.0,0.0,0.43867737115964306,8.42453566003178,linear,0.05753909653954694,0.2572115893742287,majority,11527,3453,19200,0.03564453124999999,0.375,0.37083333333333335,0.006740972222222222,0.0806,5.2877433810652095,4.652605459057072,,,,,,,,,,,1.1800161677645198,3784416
ldpc,N192_M96,pSA,search,422,100,,,,0.40359739593771615,0.37429833561398823,1.085863922541847,llr,0.8143944478690397,0.0,0.0,0.40873836874805747,6.30386241730308,linear,0.10087308033289658,0.5671688606183658,majority,10362,1149,12800,0.03544921875,0.33749999999999997,0.32708333333333334,0.006740972222222222,0.0806,5.258769444730606,4.187344913151364,,,,,,,,,,,1.181903153671892,3451818
ldpc,N192_M96,pSA,search,681,101,,,,0.2660149132802206,0.2858446841481267,0.794972801862365,llr,0.7999592452187582,0.0,0.0,0.26595088863069033,9.16442727408132,piecewise,0.062358466583936255,0.20907796661991795,majority,12045,3625,19200,0.03403862847222222,0.40208333333333335,0.40208333333333335,0.006740972222222222,0.0806,5.049513237869578,4.988626964433416,,,,,,,,,,,1.1826072031686135,5502839
ldpc,N192_M96,pSA,search,966,102,,,,0.25476525574062536,0.29550159461472625,1.3005190596937697,llr,0.8528124581937068,0.0,0.0,0.287274371823999,10.041384435540934,linear,0.08199656217803973,0.23374282652772246,majority,13185,5812,19200,0.031130642361111113,0.39375,0.39375,0.006740972222222222,0.0806,4.618123519109921,4.885235732009925,,,,,,,,,,,1.1836776577522732,7759754
ldpc,N192_M96,pSA,search,712,103,,,,0.2136120600623551,0.19478161154174095,1.7928999756078332,llr,0.8386375307953009,0.0,0.0,0.25682634057915943,10.31190847030655,piecewise,0.05552007570672556,0.12861763820625746,majority,12113,6165,19200,0.032389322916666664,0.3520833333333333,0.3520833333333333,0.006740972222222222,0.0806,4.8048444421551455,4.368279569892472,,,,,,,,,,,1.1836840630180727,5748328
ldpc,N192_M96,pSA,search,811,104,,,,0.2604664570128534,0.2753419037698125,1.2614465505692036,llr,0.8054997326495316,0.0,0.0,0.21445538576487577,9.51043801858209,piecewise,0.050048279502786876,0.21614132907078004,majority,12860,5818,19200,0.03268229166666667,0.3875,0.3854166666666667,0.006740972222222222,0.0806,4.848305346657052,4.8076923076923075,,,,,,,,,,,1.184109055203254,6532309
ldpc,N192_M96,pSA,search,872,105,,,,0.21686746578547236,0.23023484838886898,1.4197371843135282,llr,0.8338344290640701,0.0,0.0,0.18656390981387896,10.080631730006964,linear,0.1271396580329967,0.26380250550293705,majority,10391,5001,19200,0.03424479166666666,0.4104166666666667,0.40625,0.006740972222222222,0.0806,5.080096837333882,5.092018196856907,,,,,,,,,,,1.1867985015884313,7015368
ldpc,N192_M96,pSA,search,817,106,,,,0.29490365510215344,0.35077889797662726,1.219767144569366,llr,0.7600808579371783,0.0,0.0,0.2719514843578446,10.94196114821035,piecewise,0.0860425288805758,0.1618638164248084,majority,9932,4461,19200,0.03282335069444445,0.3979166666666667,0.3958333333333333,0.006740972222222222,0.0806,4.869230967343155,4.936931348221671,,,,,,,,,,,1.1868184558195616,6579823
ldpc,N192_M96,pSA,search,942,107,,,,0.3157269434770605,0.37334512072280496,1.3159729012704564,llr,0.8055543092246585,0.0,0.0,0.22605628392554963,11.242218266970776,cosine,0.07501965562112156,0.2506816487561332,majority,14048,5045,19200,0.032703993055555554,0.39375000000000004,0.39375000000000004,0.006740972222222222,0.0806,4.851524672916452,4.885235732009926,,,,,,,,,,,1.1870131079711284,7569698
ldpc,N192_M96,pSA,search,436,108,,,,0.351713626218717,0.30083321104669614,0.9323879945977928,llr,0.7775422209020739,0.0,0.0,0.36592929730851037,7.103209095598498,linear,0.06714429299242788,0.3104689377796291,majority,11054,3656,19200,0.03681640625,0.3645833333333333,0.34791666666666665,0.006740972222222222,0.0806,5.461586999072835,4.523366418527709,,,,,,,,,,,1.1879023232118997,3562684
ldpc,N192_M96,pSA,search,581,109,,,,0.25538772172439134,0.2544270969844407,1.0942128195883414,llr,0.795249879193792,0.0,0.0,0.5381387669047156,7.623848865537006,linear,0.1108999067405759,0.2200243352947409,majority,10568,4584,19200,0.03363715277777778,0.40625,0.4020833333333333,0.006740972222222222,0.0806,4.989955702070672,5.040322580645161,,,,,,,,,,,1.188707739880134,4710939
ldpc,N192_M96,pSA,search,482,110,,,,0.3112325875532062,0.2645491853957559,1.1570558789855094,llr,0.7833796632817177,0.0,0.0,0.35613212719628357,8.773134298047088,linear,0.09532502433449017,0.1779728582771509,majority,10818,3912,19200,0.03835720486111111,0.36874999999999997,0.36041666666666666,0.006740972222222222,0.0806,5.690159163490265,4.575062034739453,,,,,,,,,,,1.1889357366904978,3926958
ldpc,N192_M96,pSA,search,689,111,,,,0.21092165442649585,0.23135416527356056,1.5629498089134213,llr,0.7500389012555518,0.0,0.0,0.22609193390120585,10.655052922441785,piecewise,0.05013389188104673,0.1839060958707576,best_state,12635,5956,19200,0.036165364583333325,0.33125,0.33125,0.006740972222222222,0.0806,5.36500721129082,4.109801488833747,,,,,,,,,,,1.1901423443024843,5566191
ldpc,N192_M96,pSA,search,652,112,,,,0.38063633789758583,0.3144456246495907,0.9382810278323616,llr,0.7735477997266964,0.0,0.0,0.44559560901262996,7.046849851627892,linear,0.07123122900251834,0.24066061024138707,majority,11936,5794,19200,0.039181857638888894,0.38749999999999996,0.36666666666666664,0.006740972222222222,0.0806,5.812493561347482,4.807692307692307,,,,,,,,,,,1.1905554243222187,5273188
ldpc,N192_M96,pSA,search,905,113,,,,0.23459801615492168,0.26189425397582844,1.211513980148922,llr,0.7766653315949481,0.0,0.0,0.2701711461036351,9.920674799598991,linear,0.05045725375692157,0.3218469510153044,majority,9782,5377,19200,0.03253038194444444,0.38749999999999996,0.38749999999999996,0.006740972222222222,0.0806,4.825770062841249,4.807692307692307,,,,,,,,,,,1.1906889072445352,7276695
ldpc,N192_M96,pSA,search,545,114,,,,0.33369589551017265,0.33501474039363494,0.7850846373974085,llr,0.7805243507153728,0.0,0.0,0.33362434505588867,6.733888213031267,linear,0.06990753440827688,0.2554375019974368,majority,10252,4013,19200,0.03592664930555556,0.40625,0.40208333333333335,0.006740972222222222,0.0806,5.329594622437416,5.040322580645161,,,,,,,,,,,1.1912466534759165,4425855
ldpc,N192_M96,pSA,search,338,115,,,,0.49646350517370125,0.47556972814136783,0.9178031227759491,llr,0.8625298420454944,0.0,0.0,0.35704668048890814,6.497210651912135,linear,0.5350786509786232,0.5094233603419384,majority,2339,1610,12800,0.03828125,0.38333333333333336,0.3729166666666666,0.006740972222222222,0.0806,5.678891521582364,4.755996691480562,,,,,,,,,,,1.1913340693055077,2786622
ldpc,N192_M96,pSA,search,320,116,,,,0.5599631755936161,0.5650571843723993,1.1831887282590412,llr,0.8444729343061743,0.0,0.0,0.5013125730790073,6.060390365099101,linear,0.8935789965649479,0.5756381617534736,majority,3067,740,12800,0.034895833333333334,0.3625,0.36041666666666666,0.006740972222222222,0.0806,5.176676625115896,4.497518610421836,,,,,,,,,,,1.1914975889094015,2644080
ldpc,N192_M96,pSA,refine,684,117,,,,0.26193993192390097,0.2779097800925167,1.4858206841460035,llr,0.7998715676153619,0.0,0.0,0.2718392975469365,8.910163065706586,linear,0.061696272129473755,0.2129632991166821,majority,12155,3673,19200,0.033265625,0.38433333333333336,0.3825,0.006740972222222222,0.0806,4.934840836509736,4.768403639371382,,,,,,,,,,,1.1934670196104311,342542;342643;342744;342845;342946;343047
ldpc,N192_M96,pSA,refine,696,118,,,,0.21575909064885399,0.21481084026169087,1.6887889479400013,llr,0.7550953488966278,0.0,0.0,0.2684973814135183,11.029308397413127,piecewise,0.050093927808289765,0.18828891664644662,majority,12768,5845,19200,0.03312413194444445,0.37116666666666664,0.3681666666666667,0.006740972222222222,0.0806,4.913850829298445,4.605045492142266,,,,,,,,,,,1.193914513497159,318785;318886;318987;319088;319189;319290
ldpc,N192_M96,pSA,search,814,119,,,,0.2559230817147613,0.26641858280319647,1.9423483070416028,llr,0.7983646651938175,0.0,0.0,0.1932103406407114,9.695821847569126,piecewise,0.09648986403256662,0.21591288762982816,majority,12947,5840,19200,0.032975260416666666,0.38125000000000003,0.3770833333333334,0.006740972222222222,0.0806,4.891766251158957,4.73014888337469,,,,,,,,,,,1.194159994353545,6556066
ldpc,N192_M96,pSA,search,442,120,,,,0.3510192731146786,0.3085179270631161,0.9525469498938695,llr,0.7686718449700405,0.0,0.0,0.5021013055806371,6.573629817720755,linear,0.08135389380300556,0.2621898148280741,majority,10575,3744,19200,0.03532986111111111,0.36874999999999997,0.3520833333333333,0.006740972222222222,0.0806,5.241063150303905,4.575062034739453,,,,,,,,,,,1.1942457749364763,3610198
ldpc,N192_M96,pSA,search,869,121,,,,0.21192121196586305,0.19626208412628807,1.3838875045426913,llr,0.84511886267479,0.0,0.0,0.21649051186250662,10.15213837132542,linear,0.19160012312880434,0.2612271627927017,majority,10506,5178,19200,0.03330078125,0.3854166666666667,0.38333333333333336,0.006740972222222222,0.0806,4.940056145049964,4.781844499586435,,,,,,,,,,,1.1944152447492138,6991611
ldpc,N192_M96,pSA,search,428,122,,,,0.4029824080855741,0.38086552505416355,1.1044520011401582,llr,0.7692650467258186,0.0,0.0,0.3573760491777634,6.059388067518226,linear,0.1599456741159855,0.5698135243572227,majority,10331,1677,12800,0.03572048611111111,0.37083333333333335,0.3645833333333333,0.006740972222222222,0.0806,5.299011022973112,4.600909842845327,,,,,,,,,,,1.1946596723252347,3499332
ldpc,N192_M96,pSA,search,507,123,,,,0.3628338767926784,0.3159719011742296,0.9829780158886842,llr,0.7635219469256918,0.0,0.0,0.6368175133752176,7.711472581800126,linear,0.06668914033256464,0.30303302031340235,majority,10465,3233,19200,0.03763020833333333,0.375,0.35624999999999996,0.006740972222222222,0.0806,5.58231173380035,4.652605459057072,,,,,,,,,,,1.195464943995474,4124933
ldpc,N192_M96,pSA,refine,983,124,,,,0.2985726795371384,0.3560267880673765,1.483786704599566,snr,0.8115927922798863,0.0,0.0,0.20450282861762203,11.911175596261247,linear,0.07045304671886753,0.18526552475469824,majority,10122,4980,19200,0.03350954861111111,0.4081666666666666,0.408,0.006740972222222222,0.0806,4.971026063665397,5.064102564102563,,,,,,,,,,,1.1966924793497042,421732;421833;421934;422035;422136;422237
ldpc,N192_M96,pSA,search,906,125,,,,0.24362939578696574,0.2665749887637334,1.2361316227501626,llr,0.7751441860316532,0.0,0.0,0.2580749755915122,9.744244194605924,linear,0.05042116476662722,0.32580623435488876,majority,9698,5380,19200,0.03159722222222222,0.3854166666666667,0.3854166666666667,0.006740972222222222,0.0806,4.68733903368703,4.781844499586435,,,,,,,,,,,1.1967332338675714,7284614
ldpc,N192_M96,pSA,search,792,126,,,,0.34186206278147285,0.3127887978892198,1.7013436139687097,llr,0.8095265185966329,0.0,0.0,0.4895650320617739,10.271055444330944,linear,0.05862476167020661,0.4281179883113222,majority,11237,5915,19200,0.034993489583333336,0.35208333333333336,0.34375,0.006740972222222222,0.0806,5.191163593283198,4.368279569892473,,,,,,,,,,,1.2000201595228646,6381848
ldpc,N192_M96,pSA,search,709,127,,,,0.2092787239452927,0.19936095108090524,1.6384475711302295,llr,0.8122100693510872,0.0,0.0,0.22406651394242907,10.168640639971722,piecewise,0.0551501181342765,0.14092032744285315,majority,13988,5144,19200,0.03453776041666667,0.38333333333333336,0.37916666666666665,0.006740972222222222,0.0806,5.123557741835789,4.755996691480562,,,,,,,,,,,1.2010850619815354,5724571
ldpc,N192_M96,pSA,search,443,128,,,,0.3102420183848134,0.3040713202140255,0.9247889322674729,llr,0.7508302069906942,0.0,0.0,0.36576293165478807,7.021593104693717,linear,0.06743351509849965,0.547134389864059,majority,10516,3794,19200,0.03491753472222222,0.3979166666666667,0.3979166666666667,0.006740972222222222,0.0806,5.179895951375296,4.936931348221671,,,,,,,,,,,1.2012752520688668,3618117
ldpc,N192_M96,pSA,search,850,129,,,,0.32350288528165055,0.32568350181431166,1.3622090634115416,llr,0.8264585641719121,0.0,0.0,0.3089995955206461,11.90258099256649,piecewise,0.06366961848034743,0.19596871329221655,majority,11873,3933,19200,0.03298611111111111,0.35000000000000003,0.3479166666666667,0.006740972222222222,0.0806,4.893375914288658,4.3424317617866,,,,,,,,,,,1.2018520826977024,6841150
ldpc,N192_M96,pSA,search,440,130,,,,0.35710548262550496,0.31355602917188,0.9274782398041971,llr,0.7629655305397296,0.0,0.0,0.3775824850825192,7.093573870740079,linear,0.07179015180657392,0.2125650181422315,majority,11206,3736,19200,0.038346354166666666,0.40208333333333335,0.39791666666666664,0.006740972222222222,0.0806,5.688549500360565,4.988626964433416,,,,,,,,,,,1.2019020634883524,3594360
ldpc,N192_M96,pSA,search,911,131,,,,0.2425607144961699,0.26934805618420266,1.2250764574554167,llr,0.7705168377787988,0.0,0.0,0.2765630758393583,9.460956735844466,linear,0.05340920208062767,0.3262916494656705,majority,10646,5107,19200,0.03453776041666667,0.40416666666666673,0.39999999999999997,0.006740972222222222,0.0806,5.123557741835789,5.014474772539289,,,,,,,,,,,1.2024260717024384,7324209
ldpc,N192_M96,pSA,search,880,132,,,,0.24730419356317726,0.25183423208658995,1.6216828988746343,llr,0.8184891012471863,0.0,0.0,0.2186498667991268,8.879117668565462,linear,0.05493450614924455,0.3134508992437736,majority,9965,4634,19200,0.03332248263888889,0.3791666666666667,0.3791666666666667,0.006740972222222222,0.0806,4.943275471309364,4.704301075268817,,,,,,,,,,,1.2028975894520662,7078720
ldpc,N192_M96,pSA,search,691,133,,,,0.23574625738038565,0.22752195677661077,1.4826047473395532,llr,0.7579223186045112,0.0,0.0,0.251636313129133,10.979457015373049,linear,0.06117153214120575,0.18595276405102446,best_state,12567,4121,19200,0.04008246527777778,0.2916666666666667,0.2875,0.006740972222222222,0.0806,5.946095601112599,3.618693134822167,,,,,,,,,,,1.203229267344332,5582029
ldpc,N192_M96,pSA,search,287,134,,,,0.49688605534511116,0.5150678203753621,1.3453349912009047,llr,0.8298988186465307,0.0,0.0,0.14681577419420128,5.8885813114271786,linear,1.1010341879102976,0.5893381035544727,majority,9821,1206,12800,0.03600260416666667,0.4041666666666666,0.4020833333333333,0.006740972222222222,0.0806,5.340862264345318,5.0144747725392875,,,,,,,,,,,1.2051462036797314,2382753
ldpc,N192_M96,pSA,search,833,135,,,,0.2370817443681584,0.28616119860825223,1.0763403910891456,llr,0.7804820525534163,0.0,0.0,0.45326576667584617,9.289024200694248,linear,0.05608362716150308,0.19816743679487253,best_state,11123,4086,19200,0.036773003472222225,0.3895833333333334,0.3895833333333334,0.006740972222222222,0.0806,5.455148346554034,4.833540115798181,,,,,,,,,,,1.2055489402318529,6706527
ldpc,N192_M96,pSA,search,834,136,,,,0.23200240624780252,0.27862738818260535,1.0419752584784592,llr,0.7811011300029262,0.0,0.0,0.4557700429636894,9.544049215690782,linear,0.05559633128932822,0.24615350531433866,best_state,8383,5006,19200,0.03658854166666667,0.38125000000000003,0.38125000000000003,0.006740972222222222,0.0806,5.42778407334913,4.73014888337469,,,,,,,,,,,1.206092592736857,6714446
ldpc,N192_M96,pSA,search,318,137,,,,0.5570232224244863,0.5590468566718729,1.2284195144476246,llr,0.8497663796772509,0.0,0.0,0.09501691562275023,6.104640754822905,linear,0.613129994675162,0.5679436353880525,majority,3253,751,12800,0.034960937500000004,0.3499999999999999,0.3499999999999999,0.006740972222222222,0.0806,5.186334603894098,4.3424317617865995,,,,,,,,,,,1.2066867438410835,2628242
ldpc,N192_M96,pSA,search,246,138,,,,0.5333221962539804,0.5385622911379492,1.3317567099843304,llr,0.8710163140034853,0.0,0.0,0.0958526159200512,6.312077216384447,linear,0.8762799010868151,0.6171520551107834,majority,9683,1182,12800,0.03556857638888889,0.37916666666666665,0.3770833333333334,0.006740972222222222,0.0806,5.27647573915731,4.704301075268817,,,,,,,,,,,1.207047173480631,2058074
ldpc,N192_M96,pSA,search,207,139,,,,0.468432018577773,0.5222706228151421,1.2864335914885072,llr,0.8682955365274992,0.0,0.0,0.1351057567099341,6.1491251060332175,linear,0.7437323334315645,0.6323688533256178,majority,3573,1110,12800,0.03491753472222222,0.4083333333333334,0.4083333333333334,0.006740972222222222,0.0806,5.179895951375296,5.0661703887510345,,,,,,,,,,,1.2079945501156042,1749233
ldpc,N192_M96,pSA,search,439,140,,,,0.3565961162461323,0.3054402845697257,0.8982106780281894,llr,0.7747479173520033,0.0,0.0,0.3767021761975713,6.823695007449212,linear,0.08234132669567996,0.5419516800994104,majority,10849,3650,19200,0.03872612847222222,0.38958333333333334,0.3875,0.006740972222222222,0.0806,5.7448877099000715,4.83354011579818,,,,,,,,,,,1.2087565167145913,3586441
ldpc,N192_M96,pSA,search,477,141,,,,0.3517676599555102,0.3232724755619903,1.0357195224735873,llr,0.6965835825391654,0.0,0.0,0.3196967680562149,8.667075199570405,linear,0.06539552331278928,0.3239496427575869,majority,12073,3881,19200,0.037304687499999996,0.3645833333333333,0.35625,0.006740972222222222,0.0806,5.534021839909343,4.523366418527709,,,,,,,,,,,1.208814436956518,3887363
ldpc,N192_M96,pSA,search,544,142,,,,0.33720908050212034,0.3432275646408471,0.7859813220340364,llr,0.7781878442109192,0.0,0.0,0.33754710253102577,6.717683648267896,linear,0.07075623534907562,0.15639142879268503,majority,10271,3898,19200,0.03648003472222222,0.42291666666666666,0.42291666666666666,0.006740972222222222,0.0806,5.411687442052127,5.247105045492142,,,,,,,,,,,1.2092235251068677,4417936
ldpc,N192_M96,pSA,search,813,143,,,,0.2600254496083262,0.27577420443916895,1.2602145152916895,llr,0.8065853960583892,0.0,0.0,0.4903847588441347,8.30190747272972,piecewise,0.09724222567514917,0.21810772890604563,majority,13023,5895,19200,0.033040364583333336,0.42291666666666666,0.42291666666666666,0.006740972222222222,0.0806,4.9014242299371595,5.247105045492142,,,,,,,,,,,1.2113056777686966,6548147
ldpc,N192_M96,pSA,search,434,144,,,,0.31673083322663165,0.2951325715069624,0.8881721899201012,llr,0.7702099359865929,0.0,0.0,0.3719119665400186,7.098794288876524,linear,0.14554339877633293,0.2509973026401672,majority,14791,3723,19200,0.03659939236111111,0.39999999999999997,0.39999999999999997,0.006740972222222222,0.0806,5.429393736478829,4.962779156327542,,,,,,,,,,,1.2157191487542158,3546846
ldpc,N192_M96,pSA,search,746,145,,,,0.31384283264122276,0.3334090983320988,1.6425529367767782,llr,0.7969849943368669,0.0,0.0,0.4438520053191468,10.65245777556226,linear,0.05962525107010682,0.24751195915077762,majority,12254,5775,19200,0.03463541666666667,0.37916666666666665,0.3729166666666666,0.006740972222222222,0.0806,5.138044710003091,4.704301075268817,,,,,,,,,,,1.2182800857174438,6017574
ldpc,N192_M96,pSA,search,480,146,,,,0.3477950713911791,0.3229264600471321,1.0039281945434524,llr,0.7142270044187978,0.0,0.0,0.32075930431432664,7.861896492779399,linear,0.06367906536945048,0.33610370428981595,majority,13138,3845,19200,0.037944878472222214,0.3875,0.37083333333333335,0.006740972222222222,0.0806,5.6289919645616555,4.8076923076923075,,,,,,,,,,,1.219866419618873,3911120
ldpc,N192_M96,pSA,search,600,147,,,,0.30154818967578734,0.3521009371577988,1.2236410342554147,llr,0.8143014482291101,0.0,0.0,0.4890494569105562,8.629869671706711,linear,0.10654249104768328,0.3328937620527682,majority,11645,4802,19200,0.03375651041666667,0.4208333333333334,0.4208333333333334,0.006740972222222222,0.0806,5.007661996497374,5.22125723738627,,,,,,,,,,,1.222507214542631,4861400
ldpc,N192_M96,pSA,search,824,148,,,,0.2890409164064918,0.3594616756374558,1.230914330347483,llr,0.7588272074156753,0.0,0.0,0.27194350609077955,10.613476509044942,piecewise,0.08653783356512174,0.15912824379505397,majority,9918,4400,19200,0.03347439236111111,0.41875,0.41875,0.006740972222222222,0.0806,4.965810755125168,5.195409429280397,,,,,,,,,,,1.223070126561311,6635256
ldpc,N192_M96,pSA,search,951,149,,,,0.3610268518286892,0.39076738990190796,1.1417511474553468,llr,0.7899928928251235,0.0,0.0,0.16568822771732278,10.717372756912374,cosine,0.06811665622647418,0.2112252000805049,majority,9486,110,9600,0.03720703125,0.35000000000000003,0.3479166666666667,0.006740972222222222,0.0806,5.519534871742042,4.3424317617866,,,,,,,,,,,1.2233540811143027,7640969
ldpc,N192_M96,pSA,search,954,150,,,,0.37610735027198855,0.39612368167286977,1.156073429614697,llr,0.7890883412389805,0.0,0.0,0.19619442376020108,10.63014159964359,cosine,0.06917153140216577,0.21248734968063956,majority,9493,104,9600,0.04150390624999999,0.3416666666666666,0.3416666666666666,0.006740972222222222,0.0806,6.156961471103327,4.239040529363109,,,,,,,,,,,1.2241467981594907,7664726
ldpc,N192_M96,pSA,search,866,151,,,,0.2229457447910143,0.20374775341742105,1.4865876573515069,llr,0.8607889912145179,0.0,0.0,0.20159616134682637,9.938169841072362,linear,0.1794923841828015,0.2624438162065251,majority,10567,5107,19200,0.0341796875,0.3791666666666667,0.37083333333333335,0.006740972222222222,0.0806,5.070438858555682,4.704301075268817,,,,,,,,,,,1.2241937494079522,6967854
ldpc,N192_M96,pSA,search,613,152,,,,0.3196472621754206,0.35133448603479156,1.0162019864061531,llr,0.7323271720496306,0.0,0.0,0.4764845642595902,10.624963669564945,linear,0.0645605017169425,0.3411396399865304,majority,9471,119,9600,0.04000651041666667,0.35833333333333334,0.35833333333333334,0.006740972222222222,0.0806,5.934827959204698,4.445822994210091,,,,,,,,,,,1.2243297649736615,4964347
ldpc,N192_M96,pSA,search,505,153,,,,0.3665950455263627,0.3124515256714074,0.993415448283447,llr,0.7660183005781077,0.0,0.0,0.62778375065177,7.633222321892676,linear,0.16311611618913086,0.3070477740925912,majority,10472,3148,19200,0.04018012152777778,0.3875,0.37083333333333335,0.006740972222222222,0.0806,5.960582569279902,4.8076923076923075,,,,,,,,,,,1.2259562849011738,4109095
ldpc,N192_M96,pSA,search,977,154,,,,0.29342078996173193,0.3711012870663939,1.4849229758941391,snr,0.8157166789392856,0.0,0.0,0.203558328014771,11.189408827978705,linear,0.06999991089940953,0.1813989255592634,majority,14492,4655,19200,0.03393012152777777,0.43124999999999997,0.42916666666666664,0.006740972222222222,0.0806,5.033416606572576,5.350496277915632,,,,,,,,,,,1.2263174425472179,7846863
ldpc,N192_M96,pSA,search,542,155,,,,0.33153939921956466,0.3371357739846493,0.8187717320588778,llr,0.7778608831743359,0.0,0.0,0.33754983495510243,6.711680498028307,linear,0.07047978596719662,0.25451669022945533,majority,10269,3751,19200,0.03519965277777778,0.41458333333333336,0.41458333333333336,0.006740972222222222,0.0806,5.221747192747502,5.1437138130686515,,,,,,,,,,,1.2311833674150967,4402098
ldpc,N192_M96,pSA,search,998,156,,,,0.22565341716723775,0.2052053135096287,1.3675542151351525,llr,0.706638743278272,0.0,0.0,0.22943440494251052,10.63309043533306,linear,0.061263068086725415,0.2984923841423901,majority,12447,5495,19200,0.03705512152777778,0.38125000000000003,0.3729166666666666,0.006740972222222222,0.0806,5.49699958792624,4.73014888337469,,,,,,,,,,,1.2325687990552603,8013162
ldpc,N192_M96,pSA,search,879,157,,,,0.25505166300219473,0.25264602100648764,1.6725152893532524,llr,0.8189289540974092,0.0,0.0,0.2153875034296305,9.035115807944337,linear,0.05002943821637441,0.30520731177529326,majority,9779,6406,19200,0.034657118055555554,0.3958333333333333,0.39166666666666666,0.006740972222222222,0.0806,5.141264036262491,4.911083540115798,,,,,,,,,,,1.2329395635136418,7070801
ldpc,N192_M96,pSA,search,591,158,,,,0.2231096598307297,0.2544330674098867,1.1838546873369753,llr,0.8114075603422063,0.0,0.0,0.48107644245451364,8.888962887036696,linear,0.0865211854672826,0.3414846522705619,majority,832,4935,19200,0.03271484375,0.4458333333333333,0.4458333333333333,0.006740972222222222,0.0806,4.8531343360461525,5.531430934656741,,,,,,,,,,,1.233148820575125,4790129
ldpc,N192_M96,pSA,search,888,159,,,,0.2680438617263105,0.24929573106819633,1.6439268604993806,llr,0.8163418544117669,0.0,0.0,0.2277550884299776,9.167006450131018,linear,0.05468885307674585,0.30509721940214707,majority,9892,4759,19200,0.035449218750000004,0.38125000000000003,0.36041666666666666,0.006740972222222222,0.0806,5.258769444730608,4.73014888337469,,,,,,,,,,,1.2340642861193774,7142072
ldpc,N192_M96,pSA,search,646,160,,,,0.2940940572009238,0.24142674893366312,1.28744177943081,llr,0.8237671452763738,0.0,0.0,2.3962623071571008,6.970001800226466,linear,0.055391712856215095,0.27460070276071863,last,13400,5336,19200,0.048806423611111115,0.325,0.30625,0.006740972222222222,0.0806,7.240264757391574,4.032258064516129,,,,,,,,,,,1.2344844852074788,5225674
ldpc,N192_M96,pSA,search,821,161,,,,0.2946960913994939,0.35966724931315747,1.2166924694003176,llr,0.750217832182461,0.0,0.0,0.2711694630844651,10.754952034543688,piecewise,0.08377067705691309,0.156098643426623,majority,10061,4486,19200,0.034516059027777775,0.41874999999999996,0.41874999999999996,0.006740972222222222,0.0806,5.120338415576388,5.195409429280396,,,,,,,,,,,1.23468806648309,6611499
ldpc,N192_M96,pSA,search,784,162,,,,0.3449605776127319,0.30494511416101727,1.7088093447819568,llr,0.8086632279695879,0.0,0.0,0.4775545990911116,7.609703393453026,linear,0.0500848097735276,0.27242318010570027,majority,11415,4070,19200,0.03803168402777778,0.35833333333333334,0.3416666666666666,0.006740972222222222,0.0806,5.641869269599259,4.445822994210091,,,,,,,,,,,1.2362393582768079,6318496
ldpc,N192_M96,pSA,search,485,163,,,,0.2588805694134513,0.2692470658895678,0.7345651764606996,llr,0.7911607878202798,0.0,0.0,0.35741628538366493,9.246884315590943,linear,0.05535299744232304,0.22737211349003628,majority,10700,4053,19200,0.03773871527777778,0.42916666666666664,0.42916666666666664,0.006740972222222222,0.0806,5.598408365097352,5.32464846980976,,,,,,,,,,,1.237110551217518,3950715
ldpc,N192_M96,pSA,search,683,164,,,,0.26698459883412345,0.2891020581943395,0.7554028137855042,llr,0.8039089693775583,0.0,0.0,0.33939754243719583,9.274798650318766,piecewise,0.10621188397799801,0.21125775240792097,majority,1013,13205,19200,0.03716362847222223,0.44999999999999996,0.44999999999999996,0.006740972222222222,0.0806,5.513096219223242,5.583126550868485,,,,,,,,,,,1.2379143658276313,5518677
ldpc,N192_M96,pSA,search,541,165,,,,0.3379574944015961,0.3259519853251947,0.8188461876862829,llr,0.7762281013865036,0.0,0.0,0.33235926533239923,6.6794984255362975,linear,0.0701257861678608,0.3207589304975218,majority,10248,3429,19200,0.037749565972222225,0.41250000000000003,0.41250000000000003,0.006740972222222222,0.0806,5.600018028227053,5.117866004962779,,,,,,,,,,,1.2380324322092258,4394179
ldpc,N192_M96,pSA,search,354,166,,,,0.3781477872653,0.34162637657513223,0.926629225939338,llr,0.8168883592393985,0.0,0.0,0.385774077389686,7.017481756973904,linear,0.3829557646861842,0.5366689805041835,majority,2556,3660,12800,0.03697916666666667,0.4104166666666667,0.4000000000000001,0.006740972222222222,0.0806,5.485731946018338,5.092018196856907,,,,,,,,,,,1.238206336652972,2913326
ldpc,N192_M96,pSA,search,248,167,,,,0.5035344076593745,0.5391973274248367,1.3564639245353711,llr,0.8681314522127992,0.0,0.0,0.09536199737203639,5.385607292039189,linear,0.7915095763437441,0.5132479950683342,majority,9739,1189,12800,0.033919270833333334,0.4041666666666666,0.4041666666666666,0.006740972222222222,0.0806,5.031806943442876,5.0144747725392875,,,,,,,,,,,1.239169486388469,2073912
ldpc,N192_M96,pSA,search,372,168,,,,0.3427599554194852,0.3549786272928996,0.835143502276464,llr,0.7960285427552654,0.0,0.0,0.36507724509437534,6.20590199786593,linear,0.33066488181394577,0.5794772653750246,majority,1553,7731,19200,0.03466796875,0.4583333333333333,0.4583333333333333,0.006740972222222222,0.0806,5.142873699392191,5.686517783291976,,,,,,,,,,,1.239583220889705,3055868
ldpc,N192_M96,pSA,search,624,169,,,,0.32970778426255754,0.35425085634226966,1.0058615464614813,llr,0.7383708012953851,0.0,0.0,0.4818769639890252,10.805797465989839,linear,0.06419498441558855,0.3387586561104298,majority,9475,110,9600,0.03909505208333333,0.36041666666666666,0.35833333333333334,0.006740972222222222,0.0806,5.799616256309879,4.4716708023159635,,,,,,,,,,,1.2406582424141395,5051456
ldpc,N192_M96,pSA,search,750,170,,,,0.3069379993840978,0.34349309159745034,1.6684922455177906,llr,0.7959617021553058,0.0,0.0,0.4602732781116366,8.71729118884188,linear,0.06075165621383008,0.24793395695762346,majority,12240,5760,19200,0.033528645833333336,0.39999999999999997,0.39999999999999997,0.006740972222222222,0.0806,4.973859070773669,4.962779156327542,,,,,,,,,,,1.2419098129456636,6049250
ldpc,N192_M96,pSA,search,344,171,,,,0.5054832992868659,0.452645534153531,0.8937451348536116,llr,0.8592090520426402,0.0,0.0,0.33372569892018794,6.538784403556824,linear,0.8283061756182768,0.5872891863494278,majority,2360,3670,12800,0.03651258680555556,0.42916666666666664,0.425,0.006740972222222222,0.0806,5.416516431441229,5.32464846980976,,,,,,,,,,,1.2425380452461712,2834136
ldpc,N192_M96,pSA,search,882,172,,,,0.2515899561481012,0.24985932320515783,1.7015521895237793,llr,0.8223984632869207,0.0,0.0,0.21356371889215836,8.8913336525988,linear,0.05549019334157875,0.32027652458357464,majority,10058,6498,19200,0.037434895833333336,0.39375,0.3875,0.006740972222222222,0.0806,5.553337797465747,4.885235732009925,,,,,,,,,,,1.2427714999498334,7094558
ldpc,N192_M96,pSA,search,216,173,,,,0.47197030430960235,0.5222582503364692,1.2475886633195585,llr,0.8728497987696637,0.0,0.0,0.12902924168745514,6.16240531434298,linear,0.7652072280805522,0.5996690332182312,majority,3702,1348,12800,0.03313802083333334,0.39999999999999997,0.39999999999999997,0.006740972222222222,0.0806,4.915911198104461,4.962779156327542,,,,,,,,,,,1.2428456378423456,1820504
ldpc,N192_M96,pSA,search,801,174,,,,0.2896797632769435,0.24390706431493597,1.4158320148185084,llr,0.8367036241525124,0.0,0.0,0.691071445181118,7.595101202435968,linear,0.07404737213530552,0.18825025325732303,majority,12356,4001,19200,0.03795572916666667,0.3875,0.37916666666666665,0.006740972222222222,0.0806,5.630601627691357,4.8076923076923075,,,,,,,,,,,1.2433851009202406,6453119
ldpc,N192_M96,pSA,search,648,175,,,,0.29904400593930425,0.25569284314810276,1.360403445414567,llr,0.8218003884785956,0.0,0.0,2.538102030962015,6.957424028532172,linear,0.05621112293312706,0.3207864596033449,majority,13743,3852,19200,0.03797743055555556,0.3875,0.37916666666666665,0.006740972222222222,0.0806,5.6338209539507575,4.8076923076923075,,,,,,,,,,,1.2438138120475117,5241512
ldpc,N192_M96,pSA,search,690,176,,,,0.20601405372316442,0.21895070526654117,1.32897014305835,llr,0.753977191827756,0.0,0.0,0.2764307159745611,10.716377132315134,piecewise,0.06156551458610983,0.19007748095643148,best_state,12633,5752,19200,0.042491319444444446,0.33958333333333335,0.33749999999999997,0.006740972222222222,0.0806,6.303440815906048,4.213192721257237,,,,,,,,,,,1.243986227602999,5574110
ldpc,N192_M96,pSA,search,901,177,,,,0.23232471154543657,0.2705068389377245,1.203900187166415,llr,0.7744957928847016,0.0,0.0,0.27133150389786964,9.672660471754403,linear,0.05361246372327386,0.3153861847330017,majority,9785,5373,19200,0.03308376736111111,0.4479166666666667,0.4479166666666667,0.006740972222222222,0.0806,4.9078628824559605,5.557278742762613,,,,,,,,,,,1.2450343545019475,7245019
ldpc,N192_M96,pSA,search,860,178,,,,0.2670347748831878,0.3206198275528733,1.3736834067242836,llr,0.7967202157939597,0.0,0.0,0.24305215070686517,10.092639132015428,linear,0.0708602998715738,0.2895287693440611,majority,11367,5264,19200,0.03508029513888889,0.4229166666666666,0.4229166666666666,0.006740972222222222,0.0806,5.2040408983208,5.247105045492141,,,,,,,,,,,1.2457646432397658,6920340
ldpc,N192_M96,pSA,search,549,179,,,,0.34470039687782095,0.3256916149061498,0.7857810524260272,llr,0.7718012042067488,0.0,0.0,0.35471151612311996,6.739498033882225,linear,0.06919514187726383,0.3223841506999707,majority,10136,3939,19200,0.03868272569444444,0.4166666666666667,0.4145833333333333,0.006740972222222222,0.0806,5.7384490573812705,5.169561621174524,,,,,,,,,,,1.2458513145347303,4457531
ldpc,N192_M96,pSA,search,840,180,,,,0.2112695064652786,0.28263640056071154,1.0969541450493692,llr,0.6148385181163615,0.0,0.0,0.44919682275174055,9.419518547054045,linear,0.05663044313156161,0.24460260188897376,best_state,10901,4182,19200,0.036848958333333334,0.4604166666666667,0.4583333333333333,0.006740972222222222,0.0806,5.466415988461935,5.712365591397849,,,,,,,,,,,1.2465975546172376,6761960
ldpc,N192_M96,pSA,search,348,181,,,,0.4987505810418657,0.4742825095136699,1.337144696566469,llr,0.8603585429372638,0.0,0.0,0.33957165002162076,6.556391386087575,linear,0.5129068891338416,0.5916493305681386,majority,3448,3756,12800,0.036252170138888894,0.38958333333333334,0.3875,0.006740972222222222,0.0806,5.3778845163284235,4.83354011579818,,,,,,,,,,,1.248449330128927,2865812
ldpc,N192_M96,pSA,search,249,182,,,,0.5336983056642869,0.5345125213268909,1.3152842763919617,llr,0.8734494228577818,0.0,0.0,0.09818871604301305,5.440640848782113,linear,0.8643244290534707,0.49170479659029137,majority,9851,1188,12800,0.03685980902777777,0.39999999999999997,0.39999999999999997,0.006740972222222222,0.0806,5.468025651591635,4.962779156327542,,,,,,,,,,,1.248451826238932,2081831
ldpc,N192_M96,pSA,search,679,183,,,,0.33416813058525763,0.2910211264055807,0.7583071726735529,llr,0.8060191513988474,0.0,0.0,0.3460038318880427,7.657145542334031,linear,0.06460262093172368,0.21462002681130826,majority,10051,7078,19200,0.03881293402777778,0.4270833333333333,0.41875,0.006740972222222222,0.0806,5.757765014937674,5.298800661703887,,,,,,,,,,,1.2491374644664082,5487001
ldpc,N192_M96,pSA,search,222,184,,,,0.4704403221452998,0.5311571281038298,1.233127802769204,llr,0.869629291681902,0.0,0.0,0.11525794489318905,5.804753567264259,linear,0.7578972943251411,0.6289793082921544,majority,9122,1186,12800,0.03470052083333333,0.4333333333333333,0.4333333333333333,0.006740972222222222,0.0806,5.147702688781291,5.376344086021504,,,,,,,,,,,1.250350605787232,1868018
ldpc,N192_M96,pSA,search,526,185,,,,0.3057222700762498,0.24720133990616017,1.1398102300010993,llr,0.7940967732335231,0.0,0.0,0.2756647979631909,7.784683611593402,linear,0.061202710568088736,0.1585367281109805,majority,12908,4833,19200,0.04077690972222222,0.375,0.34375,0.006740972222222222,0.0806,6.049114041413413,4.652605459057072,,,,,,,,,,,1.2512815578089533,4275394
ldpc,N192_M96,pSA,search,766,186,,,,0.2688621624400144,0.2686823722005428,1.8347373606333164,llr,0.8200943225070177,0.0,0.0,0.5077694691768113,8.21364021187416,linear,0.05271552340239228,0.14041798640630138,last,12754,5553,19200,0.04088541666666667,0.35625,0.35625,0.006740972222222222,0.0806,6.065210672710416,4.419975186104218,,,,,,,,,,,1.2524376493875073,6175954
ldpc,N192_M96,pSA,search,670,187,,,,0.342785078739988,0.2794162742153151,1.1312521503038964,llr,0.7259174691538257,0.0,0.0,0.3809232533927499,7.96777108066445,linear,0.0873696071173585,0.2667993087388558,majority,12935,3144,19200,0.04112413194444444,0.37083333333333335,0.34166666666666673,0.006740972222222222,0.0806,6.100623261563819,4.600909842845327,,,,,,,,,,,1.252594780203939,5415730
ldpc,N192_M96,pSA,search,492,188,,,,0.32334828158071044,0.2650164424569623,1.1345317444475047,llr,0.79095777493752,0.0,0.0,0.3550885381514387,8.76939826435274,linear,0.05662818630350467,0.1714701520205984,majority,10823,4074,19200,0.04226345486111111,0.37708333333333327,0.34791666666666665,0.006740972222222222,0.0806,6.269637890182343,4.6784532671629435,,,,,,,,,,,1.252752243978219,4006148
ldpc,N192_M96,pSA,search,661,189,,,,0.3352475635432131,0.4156096292406249,1.1274725451739342,llr,0.6966376879100183,0.0,0.0,0.3879097814345093,7.831941517276923,linear,0.06345180745757478,0.16840114244373167,majority,11563,6388,19200,0.03508029513888889,0.45,0.45,0.006740972222222222,0.0806,5.2040408983208,5.583126550868486,,,,,,,,,,,1.2533944596573572,5344459
ldpc,N192_M96,pSA,search,552,190,,,,0.33264992328814313,0.3469746020194687,0.8113725067164933,llr,0.7776495582561518,0.0,0.0,0.33691129213823,6.761783550291272,linear,0.07410933642329025,0.3178408010544788,majority,10276,3953,19200,0.036599392361111115,0.4229166666666666,0.4229166666666666,0.006740972222222222,0.0806,5.42939373647883,5.247105045492141,,,,,,,,,,,1.2558701111982378,4481288
ldpc,N192_M96,pSA,search,693,191,,,,0.23592620814626233,0.21422635655028205,1.5808645272842488,llr,0.749754768217907,0.0,0.0,0.21027907389518977,10.8859877098671,piecewise,0.06106957601375266,0.18772181620883152,best_state,12610,6122,19200,0.04756944444444444,0.33541666666666664,0.32708333333333334,0.006740972222222222,0.0806,7.056763160605748,4.161497105045491,,,,,,,,,,,1.2564932979823702,5597867
ldpc,N192_M96,pSA,search,716,192,,,,0.22143159698966305,0.25778184754276473,1.743219775902697,llr,0.8390800262993855,0.0,0.0,0.21349767175945755,10.28647235628801,piecewise,0.05680802008942965,0.11998899228774275,majority,11795,6182,19200,0.03517795138888889,0.4291666666666667,0.4291666666666667,0.006740972222222222,0.0806,5.218527866488102,5.32464846980976,,,,,,,,,,,1.2579565989693198,5780004
ldpc,N192_M96,pSA,search,350,193,,,,0.3796995049249759,0.41432631956267413,0.8933008004721804,llr,0.8181509651193575,0.0,0.0,0.28268791787174485,6.849981845492486,linear,0.4707477475116975,0.5662682615145656,majority,3508,3934,12800,0.03490668402777777,0.43541666666666673,0.4333333333333334,0.006740972222222222,0.0806,5.178286288245595,5.4021918941273785,,,,,,,,,,,1.2601829898274577,2881650
ldpc,N192_M96,pSA,search,743,194,,,,0.25105685916069354,0.29270175786384556,1.3682140636340299,llr,0.7125367831571431,0.0,0.0,0.3227716209719928,9.617113442473407,piecewise,0.07686175047166137,0.19895358541036587,majority,14680,4499,19200,0.03446180555555556,0.4333333333333333,0.4333333333333333,0.006740972222222222,0.0806,5.112290099927888,5.376344086021504,,,,,,,,,,,1.2613849996064022,5993817
ldpc,N192_M96,pSA,search,514,195,,,,0.3520669775613545,0.3054480634981067,1.009258363978067,llr,0.7661672753343327,0.0,0.0,0.6634339331620182,9.520727249547596,linear,0.08271896457214331,0.31004294278839467,majority,10370,3231,19200,0.04122178819444445,0.37083333333333335,0.32708333333333334,0.006740972222222222,0.0806,6.115110229731123,4.600909842845327,,,,,,,,,,,1.2645686189843905,4180366
ldpc,N192_M96,pSA,search,800,196,,,,0.2997372267540142,0.2429628436941588,1.438904074138395,llr,0.8402785298893294,0.0,0.0,0.6887186065308251,7.79522615327137,linear,0.07517494255073852,0.18085596862758826,majority,12374,3929,19200,0.03942057291666667,0.3729166666666666,0.35833333333333334,0.006740972222222222,0.0806,5.847906150200886,4.626757650951198,,,,,,,,,,,1.2645720033458996,6445200
ldpc,N192_M96,pSA,search,687,197,,,,0.22082921363164196,0.22447852737332233,1.4737211525821683,llr,0.750049669725212,0.0,0.0,0.288979344257102,9.878598482761063,linear,0.06171146372878509,0.18968846069581274,best_state,12512,5880,19200,0.043750000000000004,0.34791666666666665,0.3458333333333334,0.006740972222222222,0.0806,6.490161738951273,4.316583953680728,,,,,,,,,,,1.2664161531609317,5550353
ldpc,N192_M96,pSA,search,870,198,,,,0.22653167837327995,0.18421663571389751,1.3873167637983852,llr,0.8376670127432794,0.0,0.0,0.19465376658981126,9.641848519978408,linear,0.12466802747141509,0.2617440036650935,majority,10187,5146,19200,0.03882378472222223,0.39166666666666666,0.37708333333333327,0.006740972222222222,0.0806,5.759374678067375,4.859387923904053,,,,,,,,,,,1.2667747279413764,6999530
ldpc,N192_M96,pSA,search,460,199,,,,0.2838212904237713,0.25606307118376964,0.9704359293615733,llr,0.7681141420050019,0.0,0.0,0.4208541547503152,8.50886097091771,linear,0.0898800300996015,0.28989763487675346,majority,18435,626,19200,0.042458767361111115,0.3625,0.35000000000000003,0.006740972222222222,0.0806,6.2986118265169475,4.497518610421836,,,,,,,,,,,1.2700183601414747,3752740
ldpc,N192_M96,pSA,search,764,200,,,,0.27413975283229475,0.26854840484558873,1.8132743813765624,llr,0.8231762477292152,0.0,0.0,0.5129322875154212,8.079782904324928,linear,0.053248855271926694,0.14377746091344248,last,11844,6106,19200,0.04243706597222222,0.33958333333333335,0.33749999999999997,0.006740972222222222,0.0806,6.295392500257546,4.213192721257237,,,,,,,,,,,1.2716827680752332,6160116
ldpc,N192_M96,pSA,search,786,201,,,,0.34461951754947856,0.3081258647770461,1.6658389446444748,llr,0.8130615985473155,0.0,0.0,0.4682445324108629,7.575285903530218,linear,0.05813837103847412,0.22393154105166302,majority,11421,5917,19200,0.03829210069444444,0.3708333333333333,0.3625,0.006740972222222222,0.0806,5.680501184712063,4.600909842845326,,,,,,,,,,,1.2723571908316353,6334334
ldpc,N192_M96,pSA,search,329,202,,,,0.5192102119535059,0.5684182136842406,1.0965955070213695,llr,0.8825116811626842,0.0,0.0,0.3494048391166046,5.624930373967364,linear,0.6338211987488741,0.5673017943644082,majority,2832,3602,12800,0.03772786458333333,0.45,0.45,0.006740972222222222,0.0806,5.596798701967653,5.583126550868486,,,,,,,,,,,1.2725262815318203,2715351
ldpc,N192_M96,pSA,search,245,203,,,,0.5298332974015351,0.5290513311150059,1.3102826721885235,llr,0.8665682777804763,0.0,0.0,0.09032241966484748,5.52816533379198,linear,0.8600120257624009,0.47795713906152715,majority,9792,1202,12800,0.03638237847222222,0.3958333333333333,0.39166666666666666,0.006740972222222222,0.0806,5.397200473884825,4.911083540115798,,,,,,,,,,,1.2727118027843902,2050155
ldpc,N192_M96,pSA,search,251,204,,,,0.5390887828219676,0.5166208100182487,1.3284492345322323,llr,0.8775420990204537,0.0,0.0,0.09162908445329292,5.406349628796181,linear,0.7892172284145803,0.502514661502522,majority,9948,1204,12800,0.038975694444444445,0.3958333333333333,0.39166666666666666,0.006740972222222222,0.0806,5.781909961883177,4.911083540115798,,,,,,,,,,,1.2762633796371858,2097669
ldpc,N192_M96,pSA,search,241,205,,,,0.5345060386841528,0.5337409101979153,1.3471357217636477,llr,0.8735628134295478,0.0,0.0,0.09639002804906474,5.41225887600228,linear,0.8590902731078549,0.5194574032688527,majority,9649,1178,12800,0.03949652777777778,0.4166666666666667,0.41250000000000003,0.006740972222222222,0.0806,5.8591737921087885,5.169561621174524,,,,,,,,,,,1.2763958990740985,2018479
ldpc,N192_M96,pSA,search,711,206,,,,0.2205889654384102,0.2603212221285234,1.843203628250887,llr,0.8395389350076798,0.0,0.0,0.18556327459991434,10.27866859343743,piecewise,0.05607412939992822,0.14113897038578918,majority,12188,6114,19200,0.03538411458333334,0.45,0.45,0.006740972222222222,0.0806,5.2491114659524065,5.583126550868486,,,,,,,,,,,1.2786098465714426,5740409
ldpc,N192_M96,pSA,search,543,207,,,,0.3430890329650005,0.3935993772444562,0.8044588921827133,llr,0.7772420815065797,0.0,0.0,0.3286009701770011,6.747618266148527,linear,0.07280944601544408,0.16389233352756688,majority,11555,5177,19200,0.037749565972222225,0.46666666666666673,0.46666666666666673,0.006740972222222222,0.0806,5.600018028227053,5.789909015715468,,,,,,,,,,,1.2789230395522895,4410017
ldpc,N192_M96,pSA,search,831,208,,,,0.2368935570493826,0.2911706128191948,1.0697134404118969,llr,0.7813568349889484,0.0,0.0,0.35608359868859757,9.22409169075604,linear,0.05524796602860189,0.2429636639861524,best_state,10888,4142,19200,0.03997395833333333,0.43541666666666673,0.43333333333333335,0.006740972222222222,0.0806,5.929998969815597,5.4021918941273785,,,,,,,,,,,1.280256943727156,6690689
ldpc,N192_M96,pSA,search,420,209,,,,0.5395778988717378,0.4888736762747518,1.1003316105908345,llr,0.8190565034306926,0.0,0.0,0.3581910857101891,5.229672046282792,linear,0.6822013410582902,0.6046858561790155,majority,10100,2545,12800,0.038671875,0.42291666666666666,0.42083333333333334,0.006740972222222222,0.0806,5.736839394251572,5.247105045492142,,,,,,,,,,,1.281936711292399,3435980
ldpc,N192_M96,pSA,search,940,210,,,,0.30779061495411003,0.37778106156253755,1.302213409389996,llr,0.7495645149461573,0.0,0.0,0.17853408925061706,11.624228122734557,linear,0.07361844121916043,0.2534785215162822,majority,14711,4438,19200,0.03550347222222222,0.4354166666666666,0.4354166666666666,0.006740972222222222,0.0806,5.266817760379108,5.402191894127377,,,,,,,,,,,1.2821467250216398,7553860
ldpc,N192_M96,pSA,search,486,211,,,,0.306464777303846,0.26125964808415303,0.7341865297497634,llr,0.789154939203552,0.0,0.0,0.38735252375388135,8.889803357837753,linear,0.056934666021414,0.17554645973907687,majority,10861,4070,19200,0.04286024305555556,0.43333333333333335,0.42291666666666666,0.006740972222222222,0.0806,6.358169362315856,5.376344086021505,,,,,,,,,,,1.2824009223348813,3958634
ldpc,N192_M96,pSA,search,946,212,,,,0.3069186531600899,0.3825827934854242,1.299525871876976,llr,0.8503997843558584,0.0,0.0,0.21608092834186218,11.948717826209373,cosine,0.07501744309929084,0.25489086464389715,majority,14440,4695,19200,0.03463541666666666,0.44166666666666665,0.44166666666666665,0.006740972222222222,0.0806,5.13804471000309,5.4797353184449955,,,,,,,,,,,1.2829727736277512,7601374
ldpc,N192_M96,pSA,search,605,213,,,,0.2752659335114109,0.2209605326513178,1.2031179761727624,llr,0.7644041134391691,0.0,0.0,0.5343470568100204,8.184395319931316,linear,0.18494346120058666,0.14417382617326946,majority,285,11194,19200,0.03882378472222223,0.42916666666666664,0.42083333333333334,0.006740972222222222,0.0806,5.759374678067375,5.32464846980976,,,,,,,,,,,1.283314055667479,4900995
ldpc,N192_M96,pSA,search,183,214,,,,0.6399193353111314,0.6843687491887872,1.5946469533545384,snr,0.8406843834286625,0.0,0.0,0.9850361937597895,11.233287656819199,cosine,1.0890624392005213,0.7704041989435781,majority,3872,2135,6400,0.0369140625,0.4708333333333334,0.4708333333333334,0.006740972222222222,0.0806,5.4760739672401355,5.841604631927213,,,,,,,,,,,1.2841803948380737,1559177
ldpc,N192_M96,pSA,search,975,215,,,,0.29118896352083545,0.3671215657438554,1.4743895762916737,snr,0.8147247809465523,0.0,0.0,0.22309019699267543,11.429397076310236,linear,0.07000362607539985,0.186130755546351,majority,10136,6771,19200,0.037304687499999996,0.46041666666666664,0.46041666666666664,0.006740972222222222,0.0806,5.534021839909343,5.712365591397849,,,,,,,,,,,1.2844381690993014,7831025
ldpc,N192_M96,pSA,search,209,216,,,,0.478872226394693,0.5202692312208232,1.4626233038397143,llr,0.8710104813884245,0.0,0.0,0.12741745449982295,6.172044239655018,linear,0.7843408109588584,0.6020622032211713,majority,3542,1405,12800,0.03706597222222222,0.4291666666666667,0.4291666666666667,0.006740972222222222,0.0806,5.49860925105594,5.32464846980976,,,,,,,,,,,1.2863877717149534,1765071
ldpc,N192_M96,pSA,search,483,217,,,,0.30580978882106175,0.2657850365739151,0.7304916260549751,llr,0.7905323023280505,0.0,0.0,0.38056475021309105,8.81760833427851,linear,0.10337721115679349,0.2694274902462397,majority,10793,4069,19200,0.04352213541666666,0.4583333333333333,0.4416666666666667,0.006740972222222222,0.0806,6.456358813227568,5.686517783291976,,,,,,,,,,,1.2867775379445066,3934877
ldpc,N192_M96,pSA,search,481,218,,,,0.31999700037459106,0.2643904916709735,1.1577114392720897,llr,0.7916585676843715,0.0,0.0,0.38848871413594216,9.047952812650992,linear,0.09803143211878274,0.36215702262494887,majority,10753,4388,19200,0.04172092013888889,0.37916666666666665,0.34791666666666665,0.006740972222222222,0.0806,6.189154733697332,4.704301075268817,,,,,,,,,,,1.2877434039865725,3919039
ldpc,N192_M96,pSA,search,620,219,,,,0.31900033704599035,0.277041767508447,1.0204525157202757,llr,0.7406131014309997,0.0,0.0,0.47845680852768047,10.452382333611174,linear,0.06570524036463153,0.3402483343464615,majority,13118,5719,19200,0.041525607638888885,0.40416666666666673,0.375,0.006740972222222222,0.0806,6.160180797362727,5.014474772539289,,,,,,,,,,,1.2879973376883322,5019780
ldpc,N192_M96,pSA,search,695,220,,,,0.19033035750041016,0.22081574235860893,1.6498221606254595,llr,0.7509584389174287,0.0,0.0,0.206257494257316,10.949456172480623,piecewise,0.06356070906791823,0.18674664145705133,majority,12567,6247,19200,0.03683810763888889,0.48125,0.48125,0.006740972222222222,0.0806,5.464806325332234,5.970843672456575,,,,,,,,,,,1.2894301178119405,5613705
ldpc,N192_M96,pSA,search,740,221,,,,0.2437158540920272,0.28117155755422807,1.3375875605068903,llr,0.7277001712301263,0.0,0.0,0.25644632322079597,9.561232549814347,piecewise,0.07693827929529908,0.20072873469477212,majority,14503,4674,19200,0.035492621527777775,0.45625,0.45625,0.006740972222222222,0.0806,5.265208097249407,5.660669975186104,,,,,,,,,,,1.2898450091862759,5970060
ldpc,N192_M96,pSA,search,892,222,,,,0.2451177109517058,0.23473335864186187,1.5282399270299292,llr,0.7943423168917028,0.0,0.0,0.23794015527008536,10.81728157680131,exponential,0.05825862096935268,0.34228990954351585,majority,9048,4760,19200,0.03577473958333333,0.4166666666666667,0.4145833333333333,0.006740972222222222,0.0806,5.307059338621613,5.169561621174524,,,,,,,,,,,1.290557324150661,7173748
ldpc,N192_M96,pSA,search,912,223,,,,0.22894959639273407,0.2675541814142541,1.222922633489948,llr,0.7726285496327456,0.0,0.0,0.25450758823784486,9.816752264448374,linear,0.053841986540448084,0.32151147132489777,majority,10725,4944,19200,0.03421223958333333,0.4479166666666667,0.4479166666666667,0.006740972222222222,0.0806,5.075267847944782,5.557278742762613,,,,,,,,,,,1.2909560493969052,7332128
ldpc,N192_M96,pSA,search,908,224,,,,0.23194865712743218,0.2658102555286906,1.239459930632814,llr,0.7711989041203313,0.0,0.0,0.2587209225908917,9.416738817861916,linear,0.050201649308857364,0.3308005051451587,majority,13807,5309,19200,0.03568793402777778,0.4583333333333333,0.4583333333333333,0.006740972222222222,0.0806,5.294182033584011,5.686517783291976,,,,,,,,,,,1.2911995575741808,7300452
ldpc,N192_M96,pSA,search,767,225,,,,0.2640479425529469,0.2638671373277449,1.8585555842318164,llr,0.8268449022728862,0.0,0.0,0.5279233806111103,8.135583082756359,linear,0.05509194032835034,0.2662809144702813,last,12627,6079,19200,0.045800781250000006,0.3854166666666667,0.3854166666666667,0.006740972222222222,0.0806,6.794388070464614,4.781844499586435,,,,,,,,,,,1.2919600891820486,6183873
ldpc,N192_M96,pSA,search,409,226,,,,0.5316961605042058,0.4938279710047122,1.1169834456519565,llr,0.8290580636089326,0.0,0.0,0.28583728150089605,5.123660940939441,linear,0.6889977115386777,0.6071574053279034,majority,9821,2561,12800,0.03914930555555555,0.41874999999999996,0.4124999999999999,0.006740972222222222,0.0806,5.807664571958379,5.195409429280396,,,,,,,,,,,1.2923145113832148,3348871
ldpc,N192_M96,pSA,search,871,227,,,,0.21639014555129693,0.207422237488531,1.4205351381591003,llr,0.8533923502177095,0.0,0.0,0.19110960378499525,10.031570813173687,linear,0.20660039077995696,0.26129455472846524,majority,10536,6621,19200,0.038378906250000004,0.4291666666666667,0.42500000000000004,0.006740972222222222,0.0806,5.693378489749666,5.32464846980976,,,,,,,,,,,1.292493849610492,7007449
ldpc,N192_M96,pSA,search,789,228,,,,0.34418057918355066,0.30842568918041724,1.2654768948232429,llr,0.8460568991649836,0.0,0.0,0.23673136660582317,10.728344001103068,linear,0.056505367590162905,0.1527946977668116,majority,11519,5023,19200,0.0416015625,0.3854166666666667,0.3645833333333333,0.006740972222222222,0.0806,6.1714484392706295,4.781844499586435,,,,,,,,,,,1.292575840398029,6358091
ldpc,N192_M96,pSA,search,825,229,,,,0.2909794693793126,0.3694913805559904,1.2568950076448944,llr,0.7573369322242218,0.0,0.0,0.5704242360810919,11.063538523999403,piecewise,0.0837657592528144,0.1326957373661124,majority,10023,4224,19200,0.03618706597222223,0.4583333333333333,0.4583333333333333,0.006740972222222222,0.0806,5.368226537550223,5.686517783291976,,,,,,,,,,,1.2926288424899743,6643175
ldpc,N192_M96,pSA,search,219,230,,,,0.46365552053694103,0.5282639824112122,1.2317983957198904,llr,0.8704724381897305,0.0,0.0,0.11607776649366353,5.85506476558085,linear,0.7722444657269643,0.5606673712144672,majority,2851,1109,12800,0.03728298611111112,0.4395833333333334,0.4395833333333334,0.006740972222222222,0.0806,5.530802513649944,5.453887510339124,,,,,,,,,,,1.2956876678514018,1844261
ldpc,N192_M96,pSA,search,744,231,,,,0.2394867001282816,0.290863469953928,1.422792567283412,llr,0.7346218299884911,0.0,0.0,0.317226207753292,9.650993147102685,piecewise,0.0785030268087939,0.0947478451255597,majority,11136,5556,19200,0.03709852430555556,0.4895833333333333,0.4895833333333333,0.006740972222222222,0.0806,5.503438240445041,6.074234904880066,,,,,,,,,,,1.2968471442835878,6001736
ldpc,N192_M96,pSA,search,214,232,,,,0.4862721838046607,0.5295832573800958,1.2854510265545842,llr,0.8722738708976083,0.0,0.0,0.13070987371298182,6.247936765196367,linear,0.7624448945009852,0.6073223228202571,majority,6321,1776,12800,0.03755425347222222,0.45208333333333334,0.45208333333333334,0.006740972222222222,0.0806,5.571044091892449,5.608974358974359,,,,,,,,,,,1.297308595943861,1804666
ldpc,N192_M96,pSA,search,431,233,,,,0.390817865608411,0.36441907951266955,1.0758816654932424,llr,0.8130895007285056,0.0,0.0,0.4143015759377642,6.255432226447743,linear,0.16825464853603594,0.5630514292320896,majority,10307,1156,12800,0.04018012152777778,0.41041666666666665,0.40416666666666673,0.006740972222222222,0.0806,5.960582569279902,5.092018196856906,,,,,,,,,,,1.2978299435513039,3523089
ldpc,N192_M96,pSA,search,328,234,,,,0.5102438533649976,0.478707303566702,1.0805340755494603,llr,0.8816612360911764,0.0,0.0,0.5469275492868623,5.696881813246563,linear,0.5777529978229816,0.5698410663456783,majority,2789,789,12800,0.04322916666666667,0.3770833333333334,0.375,0.006740972222222222,0.0806,6.412897908725663,4.678453267162945,,,,,,,,,,,1.2980077612859093,2707432
ldpc,N192_M96,pSA,search,459,235,,,,0.2754268966866812,0.3345792473694963,0.9521711083701001,llr,0.774329321278691,0.0,0.0,0.4369293560310916,8.281041694920239,linear,0.09054509944641337,0.29155577962013474,majority,11475,4003,19200,0.03577473958333333,0.48333333333333334,0.48333333333333334,0.006740972222222222,0.0806,5.307059338621613,5.996691480562448,,,,,,,,,,,1.2980155466810044,3744821
ldpc,N192_M96,pSA,search,678,236,,,,0.2676717602591276,0.2878204966875606,1.4852261260277844,llr,0.8055567369616171,0.0,0.0,0.33501246195637113,8.951691698397177,piecewise,0.05044631134616454,0.20793905561878007,majority,11861,6046,19200,0.03827039930555556,0.4291666666666667,0.425,0.006740972222222222,0.0806,5.677281858452663,5.32464846980976,,,,,,,,,,,1.2987998268216892,5479082
ldpc,N192_M96,pSA,search,242,237,,,,0.5347078449091713,0.5415675846352008,1.3356970172756761,llr,0.8654446261557762,0.0,0.0,0.09696736372141197,5.461492324917434,linear,0.8743793905265614,0.5265389319023319,majority,2868,816,12800,0.04210069444444445,0.4145833333333333,0.4145833333333333,0.006740972222222222,0.0806,6.24549294323684,5.1437138130686515,,,,,,,,,,,1.299642264177199,2026398
ldpc,N192_M96,pSA,search,539,238,,,,0.347273664509238,0.29067458050673756,1.0011528793613362,llr,0.8109486568450365,0.0,0.0,0.3926829142738295,7.336226990620444,piecewise,0.08381191164622481,0.35496403602136173,majority,13573,3727,19200,0.04108072916666667,0.41250000000000003,0.3958333333333333,0.006740972222222222,0.0806,6.09418460904502,5.117866004962779,,,,,,,,,,,1.3020445919642003,4378341
ldpc,N192_M96,pSA,search,738,239,,,,0.24085413163548974,0.2984049781320789,1.374566210880675,llr,0.7340794962730225,0.0,0.0,0.25576446829394595,9.661930263503905,piecewise,0.07880458824743787,0.20290321925124477,majority,11161,6406,19200,0.03756510416666666,0.48750000000000004,0.48750000000000004,0.006740972222222222,0.0806,5.572653755022149,6.048387096774194,,,,,,,,,,,1.3035705938661817,5954222
ldpc,N192_M96,pSA,search,321,240,,,,0.5561809669096635,0.5539533438146098,1.2159037340092131,llr,0.8818336826188797,0.0,0.0,0.39678152139990447,6.086752314303347,linear,0.9246669055080846,0.5691766931761313,majority,3118,735,12800,0.04172092013888889,0.3958333333333333,0.39375,0.006740972222222222,0.0806,6.189154733697332,4.911083540115798,,,,,,,,,,,1.3037517321085965,2651999
ldpc,N192_M96,pSA,search,347,241,,,,0.4961466385140849,0.45156370543050955,0.8225402290156025,llr,0.8621095290974556,0.0,0.0,0.3236753432262455,6.516311682507601,linear,0.5170822752832669,0.5101036732230679,majority,2214,3932,12800,0.03848741319444444,0.4375,0.43541666666666673,0.006740972222222222,0.0806,5.709475121046666,5.42803970223325,,,,,,,,,,,1.3043366783617358,2857893
ldpc,N192_M96,pSA,search,701,242,,,,0.21995640966649851,0.25870245479967807,1.887302245810436,llr,0.7876809335226772,0.0,0.0,0.25073641780849637,11.252056815898586,piecewise,0.05118167288621224,0.09363743620141035,majority,13144,5802,19200,0.03677300347222222,0.46875,0.46875,0.006740972222222222,0.0806,5.455148346554033,5.8157568238213395,,,,,,,,,,,1.305678176200746,5661219
ldpc,N192_M96,pSA,search,213,243,,,,0.4848004517066267,0.5252752009082612,1.9469304623297399,snr,0.8781334168151789,0.0,0.0,0.07846384032749867,6.4425932934667065,linear,0.9968027059994367,0.6095471021886405,majority,2947,1115,12800,0.03962673611111111,0.4625000000000001,0.4625000000000001,0.006740972222222222,0.0806,5.87848974966519,5.738213399503723,,,,,,,,,,,1.3067512528219485,1796747
ldpc,N192_M96,pSA,search,782,244,,,,0.3379574624176138,0.3063068834203506,1.7553571422270784,llr,0.8095110369055928,0.0,0.0,0.48624996925261466,10.395793798726821,linear,0.05825619268485207,0.15530904433171108,majority,11460,5927,19200,0.041666666666666664,0.41250000000000003,0.39375000000000004,0.006740972222222222,0.0806,6.181106418048831,5.117866004962779,,,,,,,,,,,1.3070556839417313,6302658
ldpc,N192_M96,pSA,search,243,245,,,,0.5361268945385047,0.5321414311532989,1.3072197748456993,llr,0.8714001635136666,0.0,0.0,0.0909396136335964,5.313285526647398,linear,0.8013745415632201,0.6185187692525526,majority,9719,1191,12800,0.03991970486111111,0.42500000000000004,0.42291666666666666,0.006740972222222222,0.0806,5.921950654167096,5.2729528535980155,,,,,,,,,,,1.3070805050130168,2034317
ldpc,N192_M96,pSA,search,730,246,,,,0.28343285677235486,0.25006333606152537,1.709192312612101,llr,0.7661649721250292,0.0,0.0,0.28748873154120425,11.893614816456276,piecewise,0.06875286971015904,0.17171412275401188,majority,12896,5967,19200,0.040234374999999996,0.4104166666666667,0.39375,0.006740972222222222,0.0806,5.968630884928402,5.092018196856907,,,,,,,,,,,1.3075022126139042,5890870
ldpc,N192_M96,pSA,search,969,247,,,,0.25393031208835937,0.2906378085866956,1.2898380386923665,llr,0.8919273166599699,0.0,0.0,0.3017431344721502,9.668120902319098,linear,0.05552696271264711,0.26864404437929185,last,13302,2641,19200,0.04457465277777778,0.40208333333333335,0.40208333333333335,0.006740972222222222,0.0806,6.612496136808489,4.988626964433416,,,,,,,,,,,1.3079684586741505,7783511
ldpc,N192_M96,pSA,search,791,248,,,,0.34431713871990705,0.31103794492998327,1.7262902093969166,llr,0.8094660084142361,0.0,0.0,0.23799300681064692,10.273351963639875,linear,0.0580814096659131,0.26618040833599277,majority,11464,4181,19200,0.04271918402777777,0.39166666666666666,0.375,0.006740972222222222,0.0806,6.337243741629751,4.859387923904053,,,,,,,,,,,1.3094409270454141,6373929
ldpc,N192_M96,pSA,search,421,249,,,,0.39681397299645793,0.36088747807921845,1.0769789113773165,llr,0.8062268154477806,0.0,0.0,0.3594988543674607,6.235055549120433,linear,0.4983346909159414,0.565158174685318,majority,2050,8988,12800,0.03783637152777778,0.47708333333333336,0.47500000000000003,0.006740972222222222,0.0806,5.612895333264655,5.91914805624483,,,,,,,,,,,1.309468820133983,3443899
ldpc,N192_M96,pSA,search,511,250,,,,0.36622734166127696,0.325445118231027,1.138066413941625,llr,0.7599978103981523,0.0,0.0,0.3985057672696704,9.592339333921428,linear,0.16983152414139888,0.308621828017933,majority,10469,3219,19200,0.042523871527777785,0.41250000000000003,0.3958333333333333,0.006740972222222222,0.0806,6.308269805295149,5.117866004962779,,,,,,,,,,,1.310747085482462,4156609
ldpc,N192_M96,pSA,search,226,251,,,,0.468979314717264,0.5331452996421608,1.261465747267171,llr,0.8685717548924708,0.0,0.0,0.11107818391479135,5.8543168926249525,linear,0.7471031759993514,0.5563033315050042,majority,9386,1159,12800,0.03911675347222222,0.4625000000000001,0.4604166666666667,0.006740972222222222,0.0806,5.802835582569279,5.738213399503723,,,,,,,,,,,1.311669046517688,1899694
ldpc,N192_M96,pSA,search,706,252,,,,0.21715178100932914,0.2584768147374121,1.7579227209935415,llr,0.7894796377251089,0.0,0.0,0.271755920817272,11.807084408835609,piecewise,0.07288412945609687,0.22914939176402743,majority,12005,5440,19200,0.03802083333333333,0.45625,0.45625,0.006740972222222222,0.0806,5.640259606469558,5.660669975186104,,,,,,,,,,,1.3124215071451844,5700814
ldpc,N192_M96,pSA,search,458,253,,,,0.2761874373184778,0.24922537877984638,0.9348998375512155,llr,0.7765539056312812,0.0,0.0,0.4310340105629263,6.749163730590912,linear,0.08803199119994656,0.29654205441658715,majority,11428,3999,19200,0.04065755208333333,0.45416666666666666,0.45,0.006740972222222222,0.0806,6.0314077469867104,5.634822167080231,,,,,,,,,,,1.3143075464319773,3736902
ldpc,N192_M96,pSA,search,210,254,,,,0.4709463998292026,0.5168777766166309,1.2728450615253484,llr,0.867559872425434,0.0,0.0,0.13752935627681664,6.12686927848252,linear,1.0484239222453118,0.599228999688268,majority,2865,1220,12800,0.03853081597222222,0.4666666666666666,0.46458333333333335,0.006740972222222222,0.0806,5.715913773565468,5.789909015715466,,,,,,,,,,,1.3152344419427107,1772990
ldpc,N192_M96,pSA,search,816,255,,,,0.2521771948831259,0.27284546541039634,1.9551173721699777,llr,0.8042278935264789,0.0,0.0,0.21043827124552383,9.555831894057615,piecewise,0.09613100452369662,0.21821847919028395,majority,7041,6830,19200,0.03790147569444444,0.45208333333333334,0.4479166666666666,0.006740972222222222,0.0806,5.6225533120428555,5.608974358974359,,,,,,,,,,,1.3155875963505517,6571904
ldpc,N192_M96,pSA,search,990,256,,,,0.2210912988871448,0.2675468964876011,1.1501638485258596,llr,0.8399127740709563,0.0,0.0,0.24856819285544818,9.079567886070333,linear,0.055452815907472953,0.23433145000167355,majority,10536,5205,19200,0.036610243055555554,0.5208333333333334,0.5208333333333334,0.006740972222222222,0.0806,5.43100339960853,6.461952026468156,,,,,,,,,,,1.3164338125540775,7949810
ldpc,N192_M96,pSA,search,313,257,,,,0.5577479163089368,0.7167436745095316,1.2116380039914791,llr,0.8375863882059902,0.0,0.0,0.5613783142172891,6.135052459817196,linear,0.89799044712486,0.5698103145585277,majority,3115,690,12800,0.03692491319444444,0.4770833333333333,0.4749999999999999,0.006740972222222222,0.0806,5.477683630369836,5.91914805624483,,,,,,,,,,,1.3175236934156953,2588647
ldpc,N192_M96,pSA,search,829,258,,,,0.2045426376393988,0.2894556493911439,1.0592650114793258,llr,0.7769217718066155,0.0,0.0,0.46311340143385926,9.642074236579496,linear,0.06936326390993118,0.2351546448444939,best_state,10881,4160,19200,0.037760416666666664,0.48541666666666666,0.48541666666666666,0.006740972222222222,0.0806,5.601627691356753,6.0225392886683204,,,,,,,,,,,1.3202723653021482,6674851
ldpc,N192_M96,pSA,search,212,259,,,,0.48358615612535977,0.531799345976386,1.2323481663255194,llr,0.8736430235472592,0.0,0.0,0.1233116793507218,6.156123380390679,linear,1.0350316721440964,0.6029746651748412,majority,3587,1163,12800,0.04006076388888889,0.45625000000000004,0.45625000000000004,0.006740972222222222,0.0806,5.9428762748532,5.660669975186105,,,,,,,,,,,1.320970816554229,1788828
ldpc,N192_M96,pSA,search,252,260,,,,0.5269891106315726,0.528143267858019,1.4375843696528663,llr,0.8734825768410241,0.0,0.0,0.09306937845928916,5.427705026850935,linear,0.7802097832347209,0.5017053019066161,majority,9773,1194,12800,0.04292534722222222,0.4395833333333334,0.4375,0.006740972222222222,0.0806,6.367827341094056,5.453887510339124,,,,,,,,,,,1.3244520640585227,2105588
ldpc,N192_M96,pSA,search,189,261,,,,0.6667751958260203,0.6777725188093968,1.6169605151475137,snr,0.845014519970243,0.0,0.0,0.9478203424755446,11.39836364910521,linear,1.1241859359855744,0.7704369096406958,majority,3908,2149,6400,0.03780381944444444,0.46875,0.46875,0.006740972222222222,0.0806,5.608066343875554,5.8157568238213395,,,,,,,,,,,1.3262104095833913,1606691
ldpc,N192_M96,pSA,search,281,262,,,,0.5065054275268155,0.5191108526990125,1.3009061822526955,llr,0.8337640019744893,0.0,0.0,0.08994341975891672,4.106573122020682,linear,1.0616153983979855,0.5906860605637487,majority,11747,976,12800,0.039605034722222224,0.4604166666666667,0.4604166666666667,0.006740972222222222,0.0806,5.87527042340579,5.712365591397849,,,,,,,,,,,1.3274131206374518,2335239
ldpc,N192_M96,pSA,search,790,263,,,,0.3414696045434039,0.30892948350462907,1.6846886435495623,llr,0.8112377962007808,0.0,0.0,0.4262213445156089,10.136737867832094,linear,0.0559470385857078,0.22779207971683302,majority,11437,5046,19200,0.04150390625,0.37708333333333327,0.35833333333333334,0.006740972222222222,0.0806,6.156961471103328,4.6784532671629435,,,,,,,,,,,1.3282445997112522,6366010
ldpc,N192_M96,pSA,search,910,264,,,,0.23714192698821515,0.2638756717921632,1.254450299053933,llr,0.77908058673589,0.0,0.0,0.17459941503069604,9.787295124469738,linear,0.05083557682068344,0.314676247658128,majority,9743,4932,19200,0.03853081597222222,0.4604166666666667,0.4604166666666667,0.006740972222222222,0.0806,5.715913773565468,5.712365591397849,,,,,,,,,,,1.3283989517711174,7316290
ldpc,N192_M96,pSA,search,225,265,,,,0.457361450970626,0.4532530912407501,1.2482087502648636,llr,0.9092462074787098,0.0,0.0,0.11936908968311895,5.965146157197344,linear,0.7296000108946498,0.5527519715069052,majority,10054,1197,12800,0.04274088541666667,0.4291666666666667,0.4291666666666667,0.006740972222222222,0.0806,6.340463067889154,5.32464846980976,,,,,,,,,,,1.3286174427785287,1891775
ldpc,N192_M96,pSA,search,398,266,,,,0.28547887408839084,0.2565755815016704,1.4071441782496643,llr,0.7380936155624375,0.0,0.0,0.24697390229839408,7.945008942664019,linear,0.37065885784552194,0.6255900780424386,majority,1863,5354,12800,0.03916015625,0.4583333333333333,0.45625,0.006740972222222222,0.0806,5.809274235088081,5.686517783291976,,,,,,,,,,,1.3290455360799909,3261762
ldpc,N192_M96,pSA,search,619,267,,,,0.3263230739309795,0.281661278691592,1.0249614500743893,llr,0.7440712877115219,0.0,0.0,0.46836585355710453,11.304259770875682,linear,0.06713208598859334,0.3447607618704405,majority,1122,4958,19200,0.04320746527777777,0.43124999999999997,0.3958333333333333,0.006740972222222222,0.0806,6.409678582466261,5.350496277915632,,,,,,,,,,,1.3298279391488232,5011861
ldpc,N192_M96,pSA,search,346,268,,,,0.49393312357411256,0.47229294753487255,0.8288723921082692,llr,0.857076426837645,0.0,0.0,0.3197917689474497,6.489758843320451,linear,0.9945008734294342,0.5996026853859807,majority,2199,1584,12800,0.04172092013888889,0.45208333333333334,0.4479166666666666,0.006740972222222222,0.0806,6.189154733697332,5.608974358974359,,,,,,,,,,,1.330494046311815,2849974
ldpc,N192_M96,pSA,search,488,269,,,,0.302707956729754,0.26286193084922516,0.7538574813516736,llr,0.7873309986571063,0.0,0.0,0.3663743350940154,7.071459198885151,linear,0.053785253653299676,0.23206486216757993,majority,10777,4328,19200,0.04369574652777777,0.4708333333333334,0.46249999999999997,0.006740972222222222,0.0806,6.482113423302771,5.841604631927213,,,,,,,,,,,1.3332080892824292,3974472
ldpc,N192_M96,pSA,search,657,270,,,,0.3900849839394782,0.316773850676632,0.9709553535656508,llr,0.774167155704828,0.0,0.0,0.6882053267354684,7.211574406338651,linear,0.06974812938133465,0.24356514409532096,majority,12395,5691,19200,0.044997829861111116,0.42916666666666664,0.38125000000000003,0.006740972222222222,0.0806,6.675272998866798,5.32464846980976,,,,,,,,,,,1.3334690350910023,5312783
ldpc,N192_M96,pSA,search,522,271,,,,0.30198989462153153,0.22708281522238286,1.1658367302283634,llr,0.7893731031036371,0.0,0.0,0.2879909108061502,8.094607862285532,linear,0.050765422667148154,0.23739444483518568,majority,11976,3811,19200,0.0455078125,0.3979166666666667,0.3666666666666667,0.006740972222222222,0.0806,6.7509271659627075,4.936931348221671,,,,,,,,,,,1.3339475816376778,4243718
ldpc,N192_M96,pSA,search,187,272,,,,0.6476761695805825,0.6866537324558621,1.5773703862705832,snr,0.8460379558678374,0.0,0.0,0.12060980519927231,7.550145410949327,linear,1.123626447505695,0.6500412695826608,majority,3911,2146,6400,0.03804253472222222,0.5020833333333333,0.5020833333333333,0.006740972222222222,0.0806,5.643478932728959,6.229321753515301,,,,,,,,,,,1.3346195430102885,1590853
ldpc,N192_M96,pSA,search,510,273,,,,0.36624293500322774,0.31733911442623725,0.9869622012728976,llr,0.7645529182649149,0.0,0.0,0.3465073257770173,9.709608672358502,linear,0.06430419522301138,0.3050487174616181,majority,10486,3921,19200,0.04536675347222222,0.42500000000000004,0.3875,0.006740972222222222,0.0806,6.730001545276605,5.2729528535980155,,,,,,,,,,,1.3350766607249231,4148690
ldpc,N192_M96,pSA,search,604,274,,,,0.2806106603820528,0.21677494695419489,1.2063842650984844,llr,0.7683608050085109,0.0,0.0,0.530870379817399,8.274864321750643,linear,0.22694674240479284,0.13393602995122472,majority,12670,5113,19200,0.04327256944444444,0.4375,0.42083333333333334,0.006740972222222222,0.0806,6.419336561244463,5.42803970223325,,,,,,,,,,,1.3352139186879102,4893076
ldpc,N192_M96,pSA,search,739,275,,,,0.25081451479074557,0.2886987777825988,1.3475558898473037,llr,0.7425490427997804,0.0,0.0,0.452788358319921,9.508091765555747,piecewise,0.050229546153461264,0.2068123541207284,majority,14485,4676,19200,0.03997395833333333,0.4708333333333334,0.4708333333333334,0.006740972222222222,0.0806,5.929998969815597,5.841604631927213,,,,,,,,,,,1.3357224406339374,5962141
ldpc,N192_M96,pSA,search,361,276,,,,0.3315032190429505,0.34738304301468187,0.7980031890090503,llr,0.8409668280844044,0.0,0.0,0.36598934764453794,6.2729456071936776,linear,0.32686119472096953,0.5907641255264672,majority,3572,3559,12800,0.03970269097222222,0.50625,0.50625,0.006740972222222222,0.0806,5.889757391573092,6.281017369727047,,,,,,,,,,,1.3357852702560467,2968759
ldpc,N192_M96,pSA,search,889,277,,,,0.2398263735546162,0.21558229245358612,1.5494004177326746,llr,0.7938453338479992,0.0,0.0,0.23335931977021518,11.18778374386158,exponential,0.058274631432015715,0.3486551504219078,majority,8671,4477,19200,0.04000651041666667,0.4479166666666667,0.4416666666666667,0.006740972222222222,0.0806,5.934827959204698,5.557278742762613,,,,,,,,,,,1.3363713522773342,7149991
ldpc,N192_M96,pSA,search,925,278,,,,0.20011900411444553,0.23585503207056804,1.4261996618541304,llr,0.8406593454515552,0.0,0.0,0.2510421574717005,9.285920725337304,cosine,0.059333669396877745,0.3735402159603082,majority,10748,5177,19200,0.03588324652777777,0.5229166666666667,0.5229166666666667,0.006740972222222222,0.0806,5.323155969918615,6.487799834574028,,,,,,,,,,,1.3365152987823268,7435075
ldpc,N192_M96,pSA,search,614,279,,,,0.31216941492697925,0.3581427261770539,1.0052534669197226,llr,0.6278279994605765,0.0,0.0,0.48263992399156247,10.388145256571768,linear,0.06554028862786132,0.17594208229444108,majority,9450,135,9600,0.04208984375,0.4479166666666667,0.4479166666666667,0.006740972222222222,0.0806,6.2438832801071396,5.557278742762613,,,,,,,,,,,1.3376339520279652,4972266
ldpc,N192_M96,pSA,search,688,280,,,,0.21031039768055196,0.2222632782861598,1.5986518037870059,llr,0.7549321045224123,0.0,0.0,0.22818817178996062,9.581884595869422,piecewise,0.06153786208148854,0.18938868481428042,best_state,12511,5831,19200,0.04766710069444444,0.39791666666666664,0.39583333333333326,0.006740972222222222,0.0806,7.07125012877305,4.936931348221671,,,,,,,,,,,1.338514132373541,5558272
ldpc,N192_M96,pSA,search,737,281,,,,0.2385642683695801,0.2910129860688196,1.344901204537611,llr,0.7306749079127373,0.0,0.0,0.3165971667157751,9.72886631261583,piecewise,0.0787474070905236,0.20432940648659567,majority,12291,5657,19200,0.03781467013888889,0.4916666666666667,0.4916666666666667,0.006740972222222222,0.0806,5.609676007005254,6.100082712985939,,,,,,,,,,,1.3385914257401021,5946303
ldpc,N192_M96,pSA,search,609,282,,,,0.2882240906815357,0.2174121028435781,1.257570184487766,llr,0.7343191515574901,0.0,0.0,0.5562858479542215,8.146702429579157,linear,0.07521998356196367,0.1533590637580814,majority,463,14228,19200,0.04097222222222222,0.4333333333333333,0.41458333333333336,0.006740972222222222,0.0806,6.078087977748017,5.376344086021504,,,,,,,,,,,1.3394529550712961,4932671
ldpc,N192_M96,pSA,search,996,283,,,,0.3295762202507183,0.43395891229505945,1.1701969645440204,llr,0.8594255276342267,0.0,0.0,0.25319982247724004,9.14105219626855,linear,0.05000997252120707,0.23498718227684148,majority,10890,5186,19200,0.037337239583333334,0.49374999999999997,0.49374999999999997,0.006740972222222222,0.0806,5.538850829298445,6.125930521091811,,,,,,,,,,,1.3396209668117427,7997324
ldpc,N192_M96,pSA,search,461,284,,,,0.28528928092214234,0.26079530230617665,0.90359146432135,llr,0.7781309305483117,0.0,0.0,0.4407917304697195,8.100880328339437,exponential,0.05978679435947219,0.2907356157419367,majority,14097,3948,19200,0.040679253472222225,0.48750000000000004,0.48541666666666666,0.006740972222222222,0.0806,6.034627073246112,6.048387096774194,,,,,,,,,,,1.3413596363640394,3760659
ldpc,N192_M96,pSA,search,735,285,,,,0.23782289702856996,0.2951499076844879,1.3648582302164898,llr,0.7208334240262715,0.0,0.0,0.25934077351469637,9.5876421354623,piecewise,0.05000976361436614,0.2096485832070781,majority,14536,4632,19200,0.03772786458333333,0.5,0.5,0.006740972222222222,0.0806,5.596798701967653,6.203473945409429,,,,,,,,,,,1.3419769891455875,5930465
ldpc,N192_M96,pSA,search,437,286,,,,0.3624474828998727,0.29913682305009354,0.9389133210037348,llr,0.7696330304678427,0.0,0.0,0.3692810958933153,7.007640941176434,linear,0.07439553389619055,0.24506394534038808,majority,8584,3124,19200,0.04367404513888889,0.4166666666666667,0.40208333333333335,0.006740972222222222,0.0806,6.478894097043371,5.169561621174524,,,,,,,,,,,1.3423274148476607,3570603
ldpc,N192_M96,pSA,search,965,287,,,,0.2542946109524684,0.2936611282008891,1.2682474678718694,llr,0.7479617159350335,0.0,0.0,0.27764931985092234,9.886553872155721,linear,0.07836958277486751,0.2712007137782554,last,13227,5427,19200,0.0458984375,0.39375000000000004,0.39375000000000004,0.006740972222222222,0.0806,6.808875038631915,4.885235732009926,,,,,,,,,,,1.3435256509560598,7751835
ldpc,N192_M96,pSA,search,265,288,,,,0.6222116143231107,0.5637027240966583,1.1261479747206338,llr,0.8618828564540547,0.0,0.0,0.15226948786311728,5.303226050714017,linear,0.8259009214170686,0.5279548878353933,majority,9066,1168,12800,0.04708116319444444,0.40416666666666673,0.40208333333333335,0.006740972222222222,0.0806,6.984328319769238,5.014474772539289,,,,,,,,,,,1.3440758293324198,2208535
ldpc,N192_M96,pSA,search,224,289,,,,0.4804784980445305,0.443827169973141,1.2456705636945617,llr,0.8724035202259285,0.0,0.0,0.11502213803680891,5.794362157130499,linear,0.7242986147631919,0.5627733777389367,majority,10568,1190,12800,0.043261718750000004,0.42291666666666666,0.41875,0.006740972222222222,0.0806,6.417726898114763,5.247105045492142,,,,,,,,,,,1.344676679282701,1883856
ldpc,N192_M96,pSA,search,301,290,,,,0.5054218220240086,0.6189465021537983,1.4139013762987982,llr,0.9078761809366533,0.0,0.0,2.995758612809501,5.63807654575765,exponential,0.76076034259814,0.5105467473389899,majority,8005,1408,12800,0.03741319444444444,0.48125,0.48125,0.006740972222222222,0.0806,5.550118471206346,5.970843672456575,,,,,,,,,,,1.34931030820667,2493619
ldpc,N192_M96,pSA,search,203,291,,,,0.5497697869749572,0.6818120569895346,1.7937048805429463,snr,0.848879849205031,0.0,0.0,0.10802693198179107,7.318226419219136,linear,0.7795154629044735,0.648781156858821,majority,4101,2176,6400,0.03917100694444445,0.5208333333333334,0.5208333333333334,0.006740972222222222,0.0806,5.8108838982177815,6.461952026468156,,,,,,,,,,,1.3494292317304144,1717557
ldpc,N192_M96,pSA,search,195,292,,,,0.5700299773475309,0.7196644913607352,1.8021634437494032,snr,0.8550740143779852,0.0,0.0,0.11373460551606304,7.776437707660512,linear,0.8045697479630645,0.5800046015848046,majority,3474,2226,6400,0.038096788194444446,0.5145833333333334,0.5145833333333334,0.006740972222222222,0.0806,5.65152724837746,6.384408602150538,,,,,,,,,,,1.351452221714022,1654205
ldpc,N192_M96,pSA,search,720,293,,,,0.2221927850448272,0.20204986167730984,2.287275966937817,llr,0.840042853463003,0.0,0.0,0.19797210064522036,10.033616525005206,piecewise,0.055590692660048444,0.13923511254673315,majority,13873,5227,19200,0.04381510416666667,0.41041666666666665,0.39999999999999997,0.006740972222222222,0.0806,6.499819717729474,5.092018196856906,,,,,,,,,,,1.3523502356251444,5811680
ldpc,N192_M96,pSA,search,633,294,,,,0.25608231084188693,0.36646587819182946,1.1072999413434739,llr,0.6738113030571271,0.0,0.0,0.41898565694369233,11.96450149500773,linear,0.08088404516396676,0.19824833433201347,majority,13122,5421,19200,0.038346354166666666,0.5291666666666667,0.5291666666666667,0.006740972222222222,0.0806,5.688549500360565,6.565343258891645,,,,,,,,,,,1.3526283654380313,5122727
ldpc,N192_M96,pSA,search,152,295,,,,0.5144381321322755,0.5977532654354232,2.035962962837986,snr,0.8172297798593016,0.0,0.0,1.1324409775804092,10.045105181742791,cosine,4.012117030525894,0.7544114131550169,best_state,3753,2170,6400,0.04150390625,0.4895833333333333,0.4895833333333333,0.006740972222222222,0.0806,6.156961471103328,6.074234904880066,,,,,,,,,,,1.3533784995162437,1313688
ldpc,N192_M96,pSA,search,223,296,,,,0.46867122723994303,0.5192610325615894,1.2513611701872513,llr,0.8726696924562712,0.0,0.0,0.11277194270080973,4.679471391048017,linear,0.725377156666268,0.5494024058380641,majority,2931,1021,12800,0.03893229166666667,0.48125,0.48125,0.006740972222222222,0.0806,5.775471309364376,5.970843672456575,,,,,,,,,,,1.354364338082122,1875937
ldpc,N192_M96,pSA,search,675,297,,,,0.26596206207128337,0.2899719824162204,0.7408789540135133,llr,0.8050214527414719,0.0,0.0,0.33609060998913926,9.03305555546107,linear,0.06128973092700295,0.282781976119105,majority,12123,3624,19200,0.040473090277777776,0.48541666666666666,0.48541666666666666,0.006740972222222222,0.0806,6.004043473781807,6.0225392886683204,,,,,,,,,,,1.35514570188587,5455325
ldpc,N192_M96,pSA,search,527,298,,,,0.31849175839443206,0.2400930754745428,1.1431975569678479,llr,0.7910569620919541,0.0,0.0,0.2984013523007345,7.819932571775011,linear,0.10324967801283043,0.2475703077463482,majority,13861,3875,19200,0.04902343750000001,0.3854166666666667,0.35833333333333334,0.006740972222222222,0.0806,7.272458019985579,4.781844499586435,,,,,,,,,,,1.3556808048746987,4283313
ldpc,N192_M96,pSA,search,218,299,,,,0.4718337718556582,0.4515073143637762,1.239465094258443,llr,0.8721399780513379,0.0,0.0,0.11499751122985814,4.595522720918766,linear,0.7367148028554379,0.5514580565624945,majority,2915,1137,12800,0.04547526041666666,0.47291666666666665,0.46666666666666673,0.006740972222222222,0.0806,6.746098176573606,5.867452440033085,,,,,,,,,,,1.3568430513965084,1836342
ldpc,N192_M96,pSA,search,334,300,,,,0.6766225797435031,0.5646116482343734,1.0901677927168185,llr,0.8780608966204313,0.0,0.0,0.5790293026389546,5.675792344836221,linear,0.6485696192786472,0.5399107873489289,majority,2824,3947,12800,0.050097656250000004,0.41874999999999996,0.4083333333333334,0.006740972222222222,0.0806,7.4318146698259,5.195409429280396,,,,,,,,,,,1.3581941702296925,2754946
ldpc,N192_M96,pSA,search,368,301,,,,0.3079362324850734,0.36095130528572117,0.8054982045441541,llr,0.7971440387539752,0.0,0.0,0.22130351749347024,7.982170487204273,linear,0.5589448713648913,0.5830328823445176,majority,6709,3355,12800,0.03974609375,0.5187499999999999,0.5166666666666667,0.006740972222222222,0.0806,5.8961960440918935,6.436104218362281,,,,,,,,,,,1.3597767657959123,3024192
ldpc,N192_M96,pSA,search,590,302,,,,0.21990666124405378,0.24705346413752988,1.2824011714805932,llr,0.8105727785253601,0.0,0.0,0.45956176572407553,9.092274746735578,linear,0.08866499314520501,0.30302164823626737,majority,11457,3665,19200,0.03909505208333333,0.5083333333333333,0.5083333333333333,0.006740972222222222,0.0806,5.799616256309879,6.306865177832919,,,,,,,,,,,1.3613711729060893,4782210
ldpc,N192_M96,pSA,search,772,303,,,,0.1944438083571219,0.211549634130707,1.4609136442051078,llr,0.7834954458432132,0.0,0.0,0.5641465117576161,8.880314386182043,linear,0.050156888250402855,0.10780380603667382,majority,12028,5465,19200,0.038378906250000004,0.5145833333333333,0.5145833333333333,0.006740972222222222,0.0806,5.693378489749666,6.384408602150536,,,,,,,,,,,1.3621313520118847,6223468
ldpc,N192_M96,pSA,search,217,304,,,,0.4522484947996542,0.5208239990372757,1.2597295175364507,llr,0.877881893385418,0.0,0.0,0.1156638163746362,5.816739434271354,linear,0.7208991184747804,0.6281939435212047,majority,2819,929,12800,0.04046223958333334,0.4770833333333333,0.4749999999999999,0.006740972222222222,0.0806,6.002433810652107,5.91914805624483,,,,,,,,,,,1.362311410613858,1828423
ldpc,N192_M96,pSA,search,694,305,,,,0.19642766025263123,0.23029622961318771,1.4353396870549828,llr,0.754772183452654,0.0,0.0,0.23324411101905698,10.435190646146514,piecewise,0.06177572070951369,0.18595836973380747,majority,12558,6043,19200,0.038096788194444446,0.5458333333333333,0.5458333333333333,0.006740972222222222,0.0806,5.65152724837746,6.772125723738626,,,,,,,,,,,1.36380804725136,5605786
ldpc,N192_M96,pSA,search,803,306,,,,0.22938709016811684,0.2380904885896602,1.439213504840296,llr,0.8422013962109576,0.0,0.0,0.42046238200780983,7.778502125487913,linear,0.07664778471216067,0.18241490477140673,majority,16212,2969,19200,0.039496527777777776,0.47500000000000003,0.47500000000000003,0.006740972222222222,0.0806,5.859173792108788,5.893300248138958,,,,,,,,,,,1.3640833151348022,6468957
ldpc,N192_M96,pSA,search,964,307,,,,0.25876843763425067,0.29876849367985187,1.301002278736703,llr,0.7498802936613862,0.0,0.0,0.2777955885429205,9.937413096146926,linear,0.05553873119007894,0.26794151766108015,last,13685,5385,19200,0.048849826388888885,0.40625,0.40416666666666673,0.006740972222222222,0.0806,7.246703409910373,5.040322580645161,,,,,,,,,,,1.3644460469797988,7743916
ldpc,N192_M96,pSA,search,220,308,,,,0.4696582406004295,0.5341852615994448,1.2844728222418844,llr,0.8740566416216677,0.0,0.0,0.10814012509226684,5.8881118127688294,linear,0.7222682022360835,0.5576897432684509,majority,2954,1076,12800,0.04032118055555555,0.4770833333333333,0.4770833333333333,0.006740972222222222,0.0806,5.981508189966004,5.91914805624483,,,,,,,,,,,1.3654784024786444,1852180
ldpc,N192_M96,pSA,search,655,309,,,,0.39673692334617605,0.3231603042791465,0.9858929384707981,llr,0.7820486359102978,0.0,0.0,0.4439450771249787,7.752833059523435,linear,0.0694910696986813,0.2909877417000699,majority,14981,3858,19200,0.050585937500000004,0.43124999999999997,0.39166666666666666,0.006740972222222222,0.0806,7.50424951066241,5.350496277915632,,,,,,,,,,,1.3681450347466926,5296945
ldpc,N192_M96,pSA,search,227,310,,,,0.4785926909966863,0.5239601914000327,1.2509178862837498,llr,0.8735639762082845,0.0,0.0,0.11398279583645902,4.677466503403717,linear,0.7479051157055421,0.5673536599560021,majority,10257,1191,12800,0.04031032986111111,0.4833333333333334,0.4833333333333334,0.006740972222222222,0.0806,5.979898526836304,5.996691480562449,,,,,,,,,,,1.3693974798149589,1907613
ldpc,N192_M96,pSA,search,804,311,,,,0.2193821862290091,0.23595871234646518,1.4071321381576358,llr,0.8401895332039948,0.0,0.0,0.6358326197605504,7.646629788934406,linear,0.05005534288701419,0.17194513468793476,majority,12417,4033,19200,0.03829210069444445,0.5041666666666668,0.5020833333333333,0.006740972222222222,0.0806,5.680501184712064,6.255169561621176,,,,,,,,,,,1.3699110318000194,6476876
ldpc,N192_M96,pSA,search,715,312,,,,0.2059005506411987,0.25526700558728155,1.7375076083559429,llr,0.8101984808512773,0.0,0.0,0.19821672054959308,10.381412764335952,piecewise,0.05561836098581022,0.1404197714299274,majority,12220,6144,19200,0.03827039930555556,0.5145833333333333,0.5125000000000001,0.006740972222222222,0.0806,5.677281858452663,6.384408602150536,,,,,,,,,,,1.3700548705264979,5772085
ldpc,N192_M96,pSA,search,650,313,,,,0.4024052894681042,0.31942429254872595,0.9652697964431208,llr,0.7738449698500772,0.0,0.0,0.4511516002864769,7.07858466456235,linear,0.07123559780964249,0.2426319440567552,majority,14953,3997,19200,0.050629340277777775,0.4270833333333333,0.39375,0.006740972222222222,0.0806,7.510688163181209,5.298800661703887,,,,,,,,,,,1.3733113649684332,5257350
ldpc,N192_M96,pSA,search,577,314,,,,0.25128603817179224,0.3125657897499361,1.0698342716616138,llr,0.7879542614989691,0.0,0.0,0.31126097841555045,7.659839947245053,linear,0.13498276662539926,0.38955295537952767,majority,10582,3042,19200,0.039073350694444446,0.55625,0.55625,0.006740972222222222,0.0806,5.79639693005048,6.90136476426799,,,,,,,,,,,1.3733558018559393,4679263
ldpc,N192_M96,pSA,search,602,315,,,,0.29197668336080584,0.21443440059548458,1.2797146841782272,llr,0.7597520344645108,0.0,0.0,0.5846148249147443,8.366576695386406,linear,0.07813678373814405,0.27805179399668645,majority,316,5968,19200,0.04610460069444444,0.4166666666666667,0.38333333333333336,0.006740972222222222,0.0806,6.839458638096219,5.169561621174524,,,,,,,,,,,1.3743717733053222,4877238
ldpc,N192_M96,pSA,search,903,316,,,,0.23767348088957227,0.30997457505740406,1.191016283044346,llr,0.7680388170243851,0.0,0.0,0.260834940906671,9.774490429158265,linear,0.053688727629041824,0.3136718648328313,majority,9715,4978,19200,0.03879123263888889,0.5416666666666666,0.5416666666666666,0.006740972222222222,0.0806,5.754545688678274,6.720430107526881,,,,,,,,,,,1.3751906103822014,7260857
ldpc,N192_M96,pSA,search,127,317,,,,0.45046863312889857,0.5342911788260862,2.6093401601854413,snr,0.8681607895949841,0.0,0.0,1.1714378220886232,9.275447346902116,cosine,1.8977112074194518,0.7975549321804287,best_state,4398,1922,6400,0.03930121527777778,0.5083333333333333,0.5083333333333333,0.006740972222222222,0.0806,5.830199855774184,6.306865177832919,,,,,,,,,,,1.3753292491331164,1115713
ldpc,N192_M96,pSA,search,525,318,,,,0.3144809858155983,0.24257160013392784,1.1889108459812419,llr,0.7990301330010522,0.0,0.0,0.28858619723947615,8.032962134231552,linear,0.05084460360462486,0.2328464060351769,majority,12357,5674,19200,0.048068576388888895,0.43541666666666673,0.40208333333333335,0.006740972222222222,0.0806,7.130807664571959,5.4021918941273785,,,,,,,,,,,1.3763571416850917,4267475
ldpc,N192_M96,pSA,search,462,319,,,,0.28315258231208645,0.3251557687397289,0.963504008282736,llr,0.7800740499022673,0.0,0.0,0.43018931252029374,6.8026549850356455,linear,0.06052900899621982,0.29447059284580157,majority,11554,3939,19200,0.03728298611111111,0.5458333333333333,0.5458333333333333,0.006740972222222222,0.0806,5.5308025136499435,6.772125723738626,,,,,,,,,,,1.3777158873704423,3768578
ldpc,N192_M96,pSA,search,710,320,,,,0.23677033305819187,0.2030882273678403,2.138805154992992,llr,0.809137694800675,0.0,0.0,0.23490944833251445,10.912864826348285,piecewise,0.056232357551433326,0.11827281666801717,majority,13759,5340,19200,0.04518229166666667,0.4145833333333333,0.3979166666666667,0.006740972222222222,0.0806,6.702637272071702,5.1437138130686515,,,,,,,,,,,1.3806685589911265,5732490
ldpc,N192_M96,pSA,search,188,321,,,,0.6587776951292397,0.6824542985461975,1.5717985202818212,snr,0.8372026811556637,0.0,0.0,0.11813988345175805,7.3471030309505325,linear,1.1227783167916394,0.6467492020490568,majority,3898,2132,6400,0.041004774305555554,0.5145833333333333,0.5145833333333333,0.006740972222222222,0.0806,6.082916967137118,6.384408602150536,,,,,,,,,,,1.3812723342438042,1598772
ldpc,N192_M96,pSA,search,724,322,,,,0.27899967838870454,0.2381775660773305,2.0627474828617602,llr,0.7793093746989965,0.0,0.0,0.2958783038509237,11.503123554206956,piecewise,0.06749211895899081,0.16214575368300616,majority,11693,5944,19200,0.04711371527777778,0.4375,0.41874999999999996,0.006740972222222222,0.0806,6.98915730915834,5.42803970223325,,,,,,,,,,,1.3825178342698554,5843356
ldpc,N192_M96,pSA,search,466,323,,,,0.27260464445064253,0.25159851054066973,0.9484028960419175,llr,0.773989715328365,0.0,0.0,0.4297156215605598,6.748690442962089,linear,0.06018177037625701,0.2877815108203539,majority,11468,4038,19200,0.04310980902777778,0.49583333333333335,0.49583333333333335,0.006740972222222222,0.0806,6.39519161429896,6.1517783291976835,,,,,,,,,,,1.3830098924392606,3800254
ldpc,N192_M96,pSA,search,332,324,,,,0.6622873101786887,0.5658446066001627,1.0808756891934819,llr,0.8830114790425481,0.0,0.0,0.5745219490324323,5.612601972159333,linear,0.6344153061070413,0.6017417993632403,majority,2796,6114,12800,0.044238281250000004,0.47083333333333327,0.45625000000000004,0.006740972222222222,0.0806,6.562596579787783,5.841604631927211,,,,,,,,,,,1.3838158669339626,2739108
ldpc,N192_M96,pSA,search,239,325,,,,0.4631270889564765,0.4396423975635642,1.0416304626166202,llr,0.9099746184661179,0.0,0.0,0.12952123039276067,4.529739110044369,linear,0.6737444697691761,0.5549797781013855,majority,10690,1045,12800,0.045627170138888895,0.45625,0.45416666666666666,0.006740972222222222,0.0806,6.7686334603894105,5.660669975186104,,,,,,,,,,,1.385337260761539,2002641
ldpc,N192_M96,pSA,search,971,326,,,,0.25724277031634,0.29723658108299555,1.3156355633604317,llr,0.7510547344831222,0.0,0.0,0.3024997572783314,9.808167115456229,linear,0.08002830193771987,0.2694316583219756,last,13199,5354,19200,0.04975043402777778,0.40625,0.4041666666666666,0.006740972222222222,0.0806,7.380305449675493,5.040322580645161,,,,,,,,,,,1.3857623356890625,7799349
ldpc,N192_M96,pSA,search,666,327,,,,0.33951012974913103,0.2791067264822444,1.164188836864233,llr,0.6967312813948674,0.0,0.0,0.38018973966969993,6.456046296924942,linear,0.08751734902710093,0.3013050305641074,majority,11376,6532,19200,0.045746527777777775,0.48124999999999996,0.47708333333333336,0.006740972222222222,0.0806,6.786339754816112,5.970843672456574,,,,,,,,,,,1.3862773448633872,5384054
ldpc,N192_M96,pSA,search,734,328,,,,0.23791322744502166,0.29642547879703907,1.3100138177276102,llr,0.7346744527130327,0.0,0.0,0.25581048534322404,9.486354745212576,piecewise,0.07702043717356553,0.20479847208520657,majority,14407,4748,19200,0.03900824652777778,0.53125,0.53125,0.006740972222222222,0.0806,5.786738951272278,6.591191066997518,,,,,,,,,,,1.3865369322091212,5922546
ldpc,N192_M96,pSA,search,116,329,,,,0.7010233919729968,0.941514257796078,1.7520971475083877,snr,0.8144445064137004,0.0,0.0,0.04622280494934932,10.027092722058265,cosine,1.0144003217790318,0.7156955215297445,majority,3957,2198,6400,0.03790147569444444,0.5520833333333334,0.5520833333333334,0.006740972222222222,0.0806,5.6225533120428555,6.849669148056245,,,,,,,,,,,1.386666204387709,1028604
ldpc,N192_M96,pSA,search,728,330,,,,0.2835953166950979,0.24922160995942982,2.0686846983220595,llr,0.7649691900881574,0.0,0.0,0.2585554499617411,11.278740140980133,piecewise,0.06807738095476161,0.17405481734909295,majority,11717,5931,19200,0.04781901041666667,0.4312499999999999,0.41250000000000003,0.006740972222222222,0.0806,7.093785412588854,5.3504962779156315,,,,,,,,,,,1.3867972482666964,5875032
ldpc,N192_M96,pSA,search,644,331,,,,0.297408318460091,0.24953623435574612,1.3288376328869431,llr,0.8255933118079206,0.0,0.0,0.5220519487991468,10.164342453455617,linear,0.05592396935332542,0.2719819850800542,last,13689,5261,19200,0.053298611111111116,0.36041666666666666,0.32708333333333334,0.006740972222222222,0.0806,7.906665293087464,4.4716708023159635,,,,,,,,,,,1.3868924383291577,5209836
ldpc,N192_M96,pSA,search,592,332,,,,0.20076337449231635,0.25423019649980405,1.223617943955561,llr,0.8127559717493608,0.0,0.0,0.47386641639063276,8.903934519365547,linear,0.08921935317084878,0.30549409447058373,majority,767,4647,19200,0.03802083333333333,0.5541666666666666,0.5541666666666666,0.006740972222222222,0.0806,5.640259606469558,6.875516956162116,,,,,,,,,,,1.3871864465544703,4798048
ldpc,N192_M96,pSA,search,489,333,,,,0.24985276543256602,0.2701342262167009,0.74729397083781,llr,0.7883627744147946,0.0,0.0,0.35842613599317574,8.604827326161953,linear,0.055781865943097524,0.24705859776181438,majority,10857,4399,19200,0.04176432291666667,0.5104166666666666,0.5083333333333333,0.006740972222222222,0.0806,6.195593386216133,6.332712985938792,,,,,,,,,,,1.389874171582774,3982391
ldpc,N192_M96,pSA,search,221,334,,,,0.4622797168189662,0.45068742888752383,1.268401485880159,llr,0.9086131080283089,0.0,0.0,0.11157523935351686,5.8406012011043185,linear,0.7354923285821997,0.6343242553886711,majority,2894,1280,12800,0.04545355902777778,0.45625000000000004,0.4520833333333334,0.006740972222222222,0.0806,6.742878850314207,5.660669975186105,,,,,,,,,,,1.3965084348387367,1860099
ldpc,N192_M96,pSA,search,314,335,,,,0.5534169977197918,0.7200063981899066,1.2041869948060304,llr,0.8428539060306779,0.0,0.0,0.44296821779771084,5.956555083877209,linear,0.8934417249931872,0.5731049077793027,majority,10150,1121,12800,0.039529079861111115,0.5125000000000001,0.5125000000000001,0.006740972222222222,0.0806,5.864002781497889,6.358560794044665,,,,,,,,,,,1.399033389951266,2596566
ldpc,N192_M96,pSA,search,196,336,,,,0.5677644388985114,0.6756266912983725,1.774805068589862,snr,0.843572171124095,0.0,0.0,0.11420162480495254,7.562076477063701,linear,1.322624694815457,0.5866971246768411,majority,4095,2184,6400,0.03952907986111111,0.5437500000000001,0.5437500000000001,0.006740972222222222,0.0806,5.864002781497888,6.746277915632755,,,,,,,,,,,1.4005153479500438,1662124
ldpc,N192_M96,pSA,search,208,337,,,,0.47642747697172255,0.5182232436236853,1.2803615918890674,snr,0.8744257836154896,0.0,0.0,0.08000046989814506,6.0463122191996,linear,0.7796822668011708,0.6019003784096313,majority,9578,1958,12800,0.04223090277777777,0.53125,0.53125,0.006740972222222222,0.0806,6.264808900793241,6.591191066997518,,,,,,,,,,,1.4016293247010898,1757152
ldpc,N192_M96,pSA,search,365,338,,,,0.3953660952424761,0.48540283292561537,0.8693466151439859,llr,0.799521941182738,0.0,0.0,0.34798750792817434,5.989129726907343,linear,0.5483937005092399,0.5814968134376807,majority,3442,3217,19200,0.041493055555555554,0.5437500000000001,0.5437500000000001,0.006740972222222222,0.0806,6.155351807973627,6.746277915632755,,,,,,,,,,,1.4029424311198226,3000435
ldpc,N192_M96,pSA,search,366,339,,,,0.31522446723789044,0.3442462568651229,0.7771923742923408,llr,0.8425606197429382,0.0,0.0,0.36450234616246563,6.203033873013888,linear,0.535592937230367,0.5825128825285151,majority,3425,3510,12800,0.039670138888888894,0.55625,0.55625,0.006740972222222222,0.0806,5.884928402183992,6.90136476426799,,,,,,,,,,,1.4031614239062409,3008354
ldpc,N192_M96,pSA,search,145,340,,,,0.5181274704830668,0.6550822090938954,2.030572907433167,snr,0.819761088712486,0.0,0.0,1.2038448513189817,10.285744481865617,cosine,4.35750121405284,0.7529547210895865,best_state,3781,1809,6400,0.03850911458333334,0.5666666666666667,0.5666666666666667,0.006740972222222222,0.0806,5.712694447306069,7.0306038047973525,,,,,,,,,,,1.4036941298393288,1258255
ldpc,N192_M96,pSA,search,399,341,,,,0.4450190091164931,0.6180921814482555,1.4178255575735093,llr,0.8046325214194832,0.0,0.0,0.46140294247648184,7.4037709063447155,linear,0.21214884870867323,0.6361244620046389,majority,1418,6390,12800,0.039377170138888896,0.5333333333333333,0.5333333333333333,0.006740972222222222,0.0806,5.841467497682086,6.617038875103391,,,,,,,,,,,1.4040202076196584,3269681
ldpc,N192_M96,pSA,search,363,342,,,,0.3476202630402369,0.34588185488028844,0.8773431683148687,llr,0.8374041845814888,0.0,0.0,0.3460524506052186,6.075436605479679,linear,0.5588749764802452,0.5822551188187408,majority,3393,3593,12800,0.04287109375,0.5270833333333332,0.525,0.006740972222222222,0.0806,6.359779025445555,6.539495450785772,,,,,,,,,,,1.4049390317400008,2984597
ldpc,N192_M96,pSA,search,641,343,,,,0.29201433612494565,0.24500938923322815,1.357923840947791,llr,0.8207698210204643,0.0,0.0,0.3408645730107533,10.054305836507968,linear,0.059136581139284376,0.32352246286535796,majority,14990,3880,19200,0.04739583333333333,0.42291666666666666,0.3875,0.006740972222222222,0.0806,7.031008550530545,5.247105045492142,,,,,,,,,,,1.4050717733926268,5186079
ldpc,N192_M96,pSA,search,401,344,,,,0.44875239393915695,0.6253727853800208,1.379214264146339,llr,0.7982943744236891,0.0,0.0,0.4585512321460665,7.733481845137259,linear,0.2792630155135103,0.56353760915328,majority,1650,5307,12800,0.03975694444444444,0.5375,0.5375,0.006740972222222222,0.0806,5.897805707221592,6.668734491315136,,,,,,,,,,,1.405298636147392,3285519
ldpc,N192_M96,pSA,search,950,345,,,,0.35463325729620887,0.3361396443417233,1.1178284654948458,llr,0.7874057746408908,0.0,0.0,0.17026087076210247,10.49526343046314,cosine,0.06234801865196662,0.27218185283866925,majority,9490,106,9600,0.05379774305555556,0.375,0.3687500000000001,0.006740972222222222,0.0806,7.980709797053674,4.652605459057072,,,,,,,,,,,1.4054530817948494,7633050
ldpc,N192_M96,pSA,search,215,346,,,,0.5031629069171965,0.5244822405673549,1.253175357108745,snr,0.8763550886850423,0.0,0.0,0.1035717251199341,5.85645161136027,linear,0.8101678609112123,0.6321669814882899,majority,2890,1320,12800,0.04483506944444444,0.5270833333333332,0.525,0.006740972222222222,0.0806,6.651128051921293,6.539495450785772,,,,,,,,,,,1.4060838846046424,1812585
ldpc,N192_M96,pSA,search,404,347,,,,0.45556207735862025,0.6232441313481208,1.4627286638242396,llr,0.7942241588691489,0.0,0.0,0.4660933041886668,7.6411285105802484,linear,0.372078422865054,0.6631070123573417,majority,1483,4274,12800,0.0396484375,0.53125,0.53125,0.006740972222222222,0.0806,5.881709075924591,6.591191066997518,,,,,,,,,,,1.4061930119616626,3309276
ldpc,N192_M96,pSA,search,367,348,,,,0.36366791580480906,0.34697331565871753,0.7691147401751143,llr,0.8002328806661888,0.0,0.0,0.3492333850845916,6.111409737519918,linear,0.5482456363167755,0.5829057081760983,majority,6703,3495,12800,0.044270833333333336,0.5291666666666667,0.5291666666666667,0.006740972222222222,0.0806,6.5674255691768835,6.565343258891645,,,,,,,,,,,1.406207237473004,3016273
ldpc,N192_M96,pSA,search,244,349,,,,0.5350838920453023,0.5024595808855272,1.322889023831803,llr,0.8669173051706597,0.0,0.0,0.09354419191941334,5.422444683897077,linear,0.8718341622492237,0.5112861035774936,majority,9583,1206,12800,0.046679687500000004,0.4479166666666667,0.44375000000000003,0.006740972222222222,0.0806,6.924770783970332,5.557278742762613,,,,,,,,,,,1.4067954584614304,2042236
ldpc,N192_M96,pSA,search,849,350,,,,0.3225310141856214,0.32010002549464717,2.574241201635424,llr,0.8152552291175093,0.0,0.0,0.538859571861159,11.9285916073921,piecewise,0.06403014945370686,0.20252731694031212,majority,11941,3636,19200,0.04352213541666666,0.45416666666666666,0.44583333333333336,0.006740972222222222,0.0806,6.456358813227568,5.634822167080231,,,,,,,,,,,1.4071874159598678,6833231
ldpc,N192_M96,pSA,search,247,351,,,,0.537844473279772,0.5385717549304122,1.3170220582494305,llr,0.8707645056591365,0.0,0.0,0.09096499016618041,5.416151491814691,linear,0.8775295426262982,0.5227672987138132,majority,9906,1188,12800,0.04505208333333333,0.46875,0.46458333333333335,0.006740972222222222,0.0806,6.6833213145152985,5.8157568238213395,,,,,,,,,,,1.4087019359116324,2065993
ldpc,N192_M96,pSA,search,742,352,,,,0.24244140688580917,0.29720546094974903,1.3308126197734422,llr,0.7324079506294976,0.0,0.0,0.31699456595712816,9.595547048066955,piecewise,0.07768819087199293,0.20132337870094427,majority,11186,6304,19200,0.03961588541666667,0.5395833333333333,0.5395833333333333,0.006740972222222222,0.0806,5.876880086535491,6.6945822994210085,,,,,,,,,,,1.4093992694428201,5985898
ldpc,N192_M96,pSA,search,324,353,,,,0.5490291116815802,0.7172670378400284,1.216679414903577,llr,0.8485526522731279,0.0,0.0,0.4119530111934483,5.962728989203952,linear,0.909116872868229,0.5739464570305692,majority,3230,645,12800,0.04204644097222222,0.525,0.5229166666666667,0.006740972222222222,0.0806,6.237444627588338,6.513647642679901,,,,,,,,,,,1.410651590203176,2675756
ldpc,N192_M96,pSA,search,317,354,,,,0.5522928009945636,0.7439541652999392,1.215035104863293,llr,0.8809620077951206,0.0,0.0,0.09577160793448265,5.985969708581343,linear,0.632014797619903,0.6447911386908076,majority,3134,694,12800,0.040679253472222225,0.5375000000000001,0.5375000000000001,0.006740972222222222,0.0806,6.034627073246112,6.668734491315137,,,,,,,,,,,1.4117985987748254,2620323
ldpc,N192_M96,pSA,search,190,355,,,,0.6542936107005928,0.6703120000040788,1.5574635175731422,snr,0.8405815212528425,0.0,0.0,0.06054880638398227,7.429511393484037,linear,1.148802293429789,0.6523551619935245,majority,3937,2128,6400,0.04266493055555556,0.5437500000000001,0.5437500000000001,0.006740972222222222,0.0806,6.329195425981251,6.746277915632755,,,,,,,,,,,1.4125107286243128,1614610
ldpc,N192_M96,pSA,search,416,356,,,,0.5265253763361372,0.49384668880752947,0.710410790767177,llr,0.8325444139632616,0.0,0.0,0.34079331936110113,5.330027534518075,linear,0.6845634009621632,0.6069690016821038,majority,3167,3875,12800,0.04354383680555556,0.5,0.5,0.006740972222222222,0.0806,6.459578139486969,6.203473945409429,,,,,,,,,,,1.413615027966061,3404304
ldpc,N192_M96,pSA,search,722,357,,,,0.282697791545091,0.2477232340629499,2.015232588566051,llr,0.7685177026506977,0.0,0.0,0.2949240682954504,11.960174052075821,piecewise,0.06885449929222139,0.15982373040932804,majority,13293,5692,19200,0.04879557291666667,0.4458333333333333,0.42083333333333334,0.006740972222222222,0.0806,7.2386550942618735,5.531430934656741,,,,,,,,,,,1.4151624108735774,5827518
ldpc,N192_M96,pSA,search,275,358,,,,0.6285238137519973,0.5701022385733067,1.1377690930488629,llr,0.8575702031935752,0.0,0.0,0.1616014551176326,5.5355170634135815,linear,0.8399729270732386,0.5312441518529565,last,9892,1146,12800,0.05824652777777778,0.3854166666666667,0.38333333333333336,0.006740972222222222,0.0806,8.640671680230762,4.781844499586435,,,,,,,,,,,1.4170015261728328,2287725
ldpc,N192_M96,pSA,search,395,359,,,,0.44026426618573095,0.454168839546687,1.4234089619961825,llr,0.7759279955372511,0.0,0.0,0.3920207216037664,5.835066390233225,piecewise,0.47270354550737564,0.4602508004708543,majority,9321,236,9600,0.04865451388888889,0.4583333333333333,0.4583333333333333,0.006740972222222222,0.0806,7.21772947357577,5.686517783291976,,,,,,,,,,,1.4188136222583756,3238005
ldpc,N192_M96,pSA,search,403,360,,,,0.2834546330404924,0.34587506460779627,1.3549760740269092,llr,0.8990151742052739,0.0,0.0,0.24771956175188536,7.833741952289956,linear,0.3572999479368793,0.632899744416345,majority,1601,7535,12800,0.03934461805555556,0.5541666666666667,0.5541666666666667,0.006740972222222222,0.0806,5.836638508292985,6.875516956162118,,,,,,,,,,,1.4199757807077746,3301357
ldpc,N192_M96,pSA,search,465,361,,,,0.27950243659916857,0.23772277838511888,0.9474225922399232,llr,0.7731895041930841,0.0,0.0,0.36917268624637156,8.31304563915538,exponential,0.059759933799364715,0.27071280406994924,majority,11071,4204,19200,0.04424913194444444,0.5104166666666666,0.5104166666666666,0.006740972222222222,0.0806,6.564206242917482,6.332712985938792,,,,,,,,,,,1.4199933881771345,3792335
ldpc,N192_M96,pSA,search,836,362,,,,0.2362469943270708,0.2883916831673845,1.0883273220506378,llr,0.7819847553886585,0.0,0.0,0.4461926541966174,9.520627975487281,linear,0.05592247098499841,0.23861426335393188,majority,10970,4121,19200,0.04120008680555556,0.5333333333333333,0.5333333333333333,0.006740972222222222,0.0806,6.111890903471722,6.617038875103391,,,,,,,,,,,1.4204742681225224,6730284
ldpc,N192_M96,pSA,search,958,363,,,,0.35785667087215545,0.33350058414299055,1.1579926456125669,llr,0.7528594419806613,0.0,0.0,0.16976840083725372,10.87994221392148,cosine,0.0633234646002731,0.22139503101064567,majority,9485,111,9600,0.05697699652777779,0.3833333333333333,0.3833333333333333,0.006740972222222222,0.0806,8.452341094055837,4.755996691480561,,,,,,,,,,,1.4205561271998426,7696402
ldpc,N192_M96,pSA,search,234,364,,,,0.4571010321334579,0.4492580244092766,1.0215551048257698,llr,0.9028832611074699,0.0,0.0,0.13116776263231528,4.543117187727754,linear,0.6711696403421634,0.5539345599232448,majority,10753,1101,12800,0.046408420138888885,0.4854166666666666,0.4854166666666666,0.006740972222222222,0.0806,6.884529205727825,6.02253928866832,,,,,,,,,,,1.4262329762379895,1963046
ldpc,N192_M96,pSA,search,453,365,,,,0.3185175739776783,0.29352943913341034,0.7881264446216555,llr,0.7103424080575994,0.0,0.0,0.5122000806450197,7.261178863798209,linear,0.07415004263116226,0.20886999732957018,majority,15385,3714,19200,0.046864149305555554,0.5041666666666667,0.5,0.006740972222222222,0.0806,6.9521350571752345,6.255169561621174,,,,,,,,,,,1.4268021330024165,3697307
ldpc,N192_M96,pSA,search,970,366,,,,0.25577526603946016,0.29494797717800386,1.3071462375737424,llr,0.7472850603773996,0.0,0.0,0.2784207148850796,10.027982259702663,linear,0.08176897570249887,0.27071698142273787,last,13668,5395,19200,0.04991319444444445,0.42916666666666664,0.42916666666666664,0.006740972222222222,0.0806,7.404450396620996,5.32464846980976,,,,,,,,,,,1.4279674026336286,7791430
ldpc,N192_M96,pSA,search,731,367,,,,0.2860313588947964,0.24776246352846812,2.090306566107625,llr,0.7662704025825368,0.0,0.0,0.2753447317410663,11.252785036435965,piecewise,0.0676851312163726,0.1578552495681303,majority,11693,5975,19200,0.048177083333333336,0.4416666666666667,0.4312500000000001,0.006740972222222222,0.0806,7.1469042958689615,5.479735318444996,,,,,,,,,,,1.4298189932729592,5898789
ldpc,N192_M96,pSA,search,599,368,,,,0.2049308751572523,0.2635592556640306,1.199718072646712,llr,0.8157142686989783,0.0,0.0,0.4905626565615871,8.803532862693936,linear,0.08866368559228315,0.3063445597978007,majority,11506,3241,19200,0.03996310763888889,0.5833333333333334,0.5833333333333334,0.006740972222222222,0.0806,5.928389306685897,7.237386269644334,,,,,,,,,,,1.4308617262324306,4853481
ldpc,N192_M96,pSA,search,389,369,,,,0.4328437709066929,0.4598381443528897,0.8929945196595722,llr,0.8189529633153513,0.0,0.0,0.39056164181865805,5.190939989318492,piecewise,0.21924494507075099,0.5170798444548568,majority,9172,344,9600,0.04680989583333334,0.5083333333333333,0.5083333333333333,0.006740972222222222,0.0806,6.944086741526734,6.306865177832919,,,,,,,,,,,1.4346309156817976,3190491
ldpc,N192_M96,pSA,search,111,370,,,,0.7172976329774875,0.9376599384094912,1.6181675063120362,snr,0.8388118423691574,0.0,0.0,0.04642952844640204,9.650044770590437,cosine,1.0041171936087054,0.704305424609648,majority,3879,2235,6400,0.041134982638888894,0.5666666666666668,0.5666666666666668,0.006740972222222222,0.0806,6.102232924693521,7.030603804797354,,,,,,,,,,,1.4366603634359885,989009
ldpc,N192_M96,pSA,search,891,371,,,,0.1930620081886263,0.22268301949466848,1.548244131066202,llr,0.8413275111968157,0.0,0.0,0.21790407186300637,11.007741044769123,exponential,0.061134371130059276,0.368226084037225,majority,9082,4655,19200,0.040375434027777775,0.5729166666666666,0.5708333333333333,0.006740972222222222,0.0806,5.989556505614504,7.10814722911497,,,,,,,,,,,1.4369226686481427,7165829
ldpc,N192_M96,pSA,search,184,372,,,,0.6713775316018209,0.6470137457724675,1.544031822982038,snr,0.8367085894475437,0.0,0.0,1.0012192579693224,8.794666856289078,linear,1.1529923410032972,0.6469886496352054,majority,3949,2127,6400,0.046799045138888884,0.53125,0.5270833333333333,0.006740972222222222,0.0806,6.942477078397032,6.591191066997518,,,,,,,,,,,1.438157820373915,1567096
ldpc,N192_M96,pSA,search,893,373,,,,0.19453632933010498,0.23939843462694066,1.2780231603375687,llr,0.7964466895855944,0.0,0.0,0.24218307115541832,10.868101042178877,exponential,0.05775290374826776,0.3426063306656917,majority,8726,4646,19200,0.041210937499999996,0.5729166666666666,0.5729166666666666,0.006740972222222222,0.0806,6.113500566601421,7.10814722911497,,,,,,,,,,,1.4387038035811297,7181667
ldpc,N192_M96,pSA,search,896,374,,,,0.27509548970252484,0.22531682321217827,1.5205809683393603,llr,0.8396984675956045,0.0,0.0,0.22967261127153485,11.007263792213656,exponential,0.05840388110796061,0.33379667271352703,majority,9031,4726,19200,0.05084635416666666,0.4604166666666667,0.4479166666666667,0.006740972222222222,0.0806,7.542881425775214,5.712365591397849,,,,,,,,,,,1.4397929691367979,7205424
ldpc,N192_M96,pSA,search,129,375,,,,0.40642656427190965,0.5134530537587556,2.521263856706901,snr,0.8713788721491382,0.0,0.0,1.1508062440138174,9.00336705223683,cosine,2.081541555373942,0.798574147667057,best_state,4412,1904,6400,0.042469618055555554,0.5729166666666666,0.5729166666666666,0.006740972222222222,0.0806,6.300221489646646,7.10814722911497,,,,,,,,,,,1.439820994966272,1131551
ldpc,N192_M96,pSA,search,615,376,,,,0.3097904887127815,0.28098949942235224,1.018752753577214,llr,0.741410622609229,0.0,0.0,0.4714872547241489,10.903459514744553,linear,0.06345619531821609,0.33448651375174887,majority,9493,100,9600,0.06456163194444445,0.38125000000000003,0.36666666666666664,0.006740972222222222,0.0806,9.577495621716288,4.73014888337469,,,,,,,,,,,1.4411076173890274,4980185
ldpc,N192_M96,pSA,search,578,377,,,,0.24938470378938604,0.3146926069380497,1.0918922553899655,llr,0.7990104211956592,0.0,0.0,0.2613471929049341,7.41747331233222,linear,0.05770221317099908,0.22678257974229551,majority,10635,3058,19200,0.04122178819444445,0.5895833333333332,0.5895833333333332,0.006740972222222222,0.0806,6.115110229731123,7.31492969396195,,,,,,,,,,,1.4413394068547412,4687182
ldpc,N192_M96,pSA,search,900,378,,,,0.2810070620747258,0.22222360419053108,1.5212127951175178,llr,0.794739493167769,0.0,0.0,0.2311993168795212,10.795088172804661,exponential,0.05877521088502853,0.28527608377953073,majority,9838,4797,19200,0.051150173611111106,0.46875,0.45625000000000004,0.006740972222222222,0.0806,7.587951993406819,5.8157568238213395,,,,,,,,,,,1.44146323273725,7237100
ldpc,N192_M96,pSA,search,721,379,,,,0.28078903209039735,0.2432865447857874,1.9245405752814595,llr,0.7689408475776845,0.0,0.0,0.28822069208958434,11.240296961002013,piecewise,0.07077979768433626,0.17101944061114904,majority,13355,5658,19200,0.05046657986111111,0.4479166666666667,0.425,0.006740972222222222,0.0806,7.486543216235706,5.557278742762613,,,,,,,,,,,1.4454033733640212,5819599
ldpc,N192_M96,pSA,search,899,380,,,,0.2770142808105372,0.2205546194142023,1.3053441696892532,llr,0.7991554512865674,0.0,0.0,0.23563446895341333,10.900429261533302,exponential,0.05806425994177186,0.3520510129477788,majority,8863,4576,19200,0.05083550347222222,0.4666666666666666,0.4541666666666666,0.006740972222222222,0.0806,7.541271762645513,5.789909015715466,,,,,,,,,,,1.445495857045756,7229181
ldpc,N192_M96,pSA,search,112,381,,,,0.7132761285683131,0.9808614084750511,1.705317704195234,snr,0.8339253056909826,0.0,0.0,0.04747018604310178,10.741071663017419,cosine,0.9958978017912159,0.7154060512981987,majority,3844,2172,6400,0.04135199652777778,0.5791666666666667,0.5791666666666667,0.006740972222222222,0.0806,6.134426187287525,7.185690653432589,,,,,,,,,,,1.4456593022388264,996928
ldpc,N192_M96,pSA,search,962,382,,,,0.2552685004161333,0.29637054135834634,1.252768266029031,llr,0.7443791870889495,0.0,0.0,0.1513287605549227,9.883656538602995,linear,0.0564388321884633,0.26718111971507075,last,13295,5765,19200,0.05489366319444445,0.43958333333333327,0.43958333333333327,0.006740972222222222,0.0806,8.143285773153396,5.453887510339122,,,,,,,,,,,1.4461773274668612,7728078
ldpc,N192_M96,pSA,search,968,383,,,,0.2527735183248002,0.3019889286544148,1.3399584692129107,llr,0.7455025398681366,0.0,0.0,0.2877220543702627,9.972707809365314,linear,0.0767664713345248,0.26858450460802846,last,13349,5670,19200,0.05155164930555556,0.46249999999999997,0.46249999999999997,0.006740972222222222,0.0806,7.6475095292057285,5.738213399503722,,,,,,,,,,,1.4465108781362226,7775592
ldpc,N192_M96,pSA,search,206,384,,,,0.4838996516985301,0.5525485606959983,1.2318807006200656,snr,0.8715338396877228,0.0,0.0,0.1396889459102079,6.471772538902933,linear,0.8123513695815986,0.6104851055125764,majority,3670,1972,6400,0.04265407986111111,0.5875,0.5875,0.006740972222222222,0.0806,6.327585762851551,7.2890818858560795,,,,,,,,,,,1.4466314905982867,1741314
ldpc,N192_M96,pSA,search,128,385,,,,0.4479051205818483,0.5150185909900339,2.83235695089202,snr,0.8621739595914757,0.0,0.0,1.121804082394225,9.051837596340523,cosine,1.9128715348879295,0.789010638151181,best_state,4455,1874,6400,0.045779079861111106,0.5208333333333334,0.5187499999999999,0.006740972222222222,0.0806,6.791168744205212,6.461952026468156,,,,,,,,,,,1.4472626686326935,1123632
ldpc,N192_M96,pSA,search,584,386,,,,0.25576968022602115,0.31113460259805986,1.0931551709556455,llr,0.7926008180449208,0.0,0.0,0.3063391132036371,7.561030771598233,linear,0.05760722261853906,0.21878021783189994,majority,17018,2176,19200,0.042285156250000004,0.56875,0.56875,0.006740972222222222,0.0806,6.272857216441744,7.056451612903225,,,,,,,,,,,1.4504928784972548,4734696
ldpc,N192_M96,pSA,search,579,387,,,,0.255596996097798,0.3175578584131886,1.1080844854037855,llr,0.7905751578570397,0.0,0.0,0.2579562756291379,7.50021777717184,linear,0.0564554521897193,0.22477440941070387,majority,10694,4540,19200,0.041493055555555554,0.5770833333333333,0.5770833333333333,0.006740972222222222,0.0806,6.155351807973627,7.1598428453267156,,,,,,,,,,,1.4517082320188648,4695101
ldpc,N192_M96,pSA,search,157,388,,,,0.5639378234488459,0.5788086181188139,1.840876587362633,snr,0.8921434282052099,0.0,0.0,1.3792169732890585,9.573557291049722,cosine,5.5368069597548315,0.6794460818688166,best_state,5493,2447,9600,0.05347222222222223,0.4541666666666666,0.4479166666666667,0.006740972222222222,0.0806,7.932419903162667,5.63482216708023,,,,,,,,,,,1.4530373886172783,1353283
ldpc,N192_M96,pSA,search,263,389,,,,0.5481622173477159,0.4791838240802797,1.4553690952568497,llr,0.8887668908372316,0.0,0.0,0.0980440018317593,6.41093740916261,linear,0.9121335715434954,0.44141259511136477,majority,9489,1266,12800,0.05234375,0.4583333333333333,0.45208333333333334,0.006740972222222222,0.0806,7.765014937673844,5.686517783291976,,,,,,,,,,,1.4532740600167342,2192697
ldpc,N192_M96,pSA,search,658,390,,,,0.410470132758007,0.3174156699968135,0.9521899570834617,llr,0.7724877463572906,0.0,0.0,0.630283100399961,7.2770534618381815,linear,0.0734227692258066,0.2387317234894229,majority,12611,5882,19200,0.054904513888888895,0.4708333333333334,0.42500000000000004,0.006740972222222222,0.0806,8.144895436283097,5.841604631927213,,,,,,,,,,,1.453710012426138,5320702
ldpc,N192_M96,pSA,search,718,391,,,,0.20322950286187538,0.25949906073443246,2.282940221176915,llr,0.8105624293720075,0.0,0.0,0.22021739193460926,10.291254272704569,piecewise,0.057298418985847525,0.143310659212335,majority,12238,6220,19200,0.04227430555555556,0.5708333333333333,0.5708333333333333,0.006740972222222222,0.0806,6.271247553312043,7.082299421009098,,,,,,,,,,,1.4546863489109831,5795842
ldpc,N192_M96,pSA,search,463,392,,,,0.3311858594821236,0.2604817628835639,0.9420100491799722,llr,0.7741144451710995,0.0,0.0,0.3724076935351564,8.17108375254098,linear,0.05948528145855429,0.28923261294391533,majority,17801,714,19200,0.06618923611111112,0.4166666666666667,0.37708333333333327,0.006740972222222222,0.0806,9.81894509117132,5.169561621174524,,,,,,,,,,,1.455885574326077,3776497
ldpc,N192_M96,pSA,search,558,393,,,,0.28386061435731397,0.40847781297310526,0.9327765850816954,llr,0.7534397903605178,0.0,0.0,0.43743381951653065,8.253290285363875,linear,0.09756306339251837,0.28583123133658805,majority,12709,3724,19200,0.04080946180555556,0.6041666666666666,0.6041666666666666,0.006740972222222222,0.0806,6.053943030802515,7.49586435070306,,,,,,,,,,,1.4563820440001656,4528802
ldpc,N192_M96,pSA,search,894,394,,,,0.18983843038453185,0.22366905013215352,1.5286533164543428,llr,0.7967020881880843,0.0,0.0,0.24489720276027263,10.793786467773081,exponential,0.058608631039154,0.355954333834055,majority,9043,4610,19200,0.04279513888888889,0.6083333333333333,0.6083333333333333,0.006740972222222222,0.0806,6.348511383537653,7.547559966914805,,,,,,,,,,,1.456951803370106,7189586
ldpc,N192_M96,pSA,search,114,395,,,,0.7373382268136616,0.9820765211027069,1.615172150762823,snr,0.8150992967586125,0.0,0.0,0.04760678344785906,10.033759876727661,cosine,0.8088558967527729,0.6873259768780001,majority,3930,2212,6400,0.04060329861111111,0.58125,0.58125,0.006740972222222222,0.0806,6.02335943133821,7.211538461538462,,,,,,,,,,,1.4574379707222174,1012766
ldpc,N192_M96,pSA,search,779,396,,,,0.17814690296098598,0.13952131262636283,2.1906307185076863,llr,0.7796379942406833,0.0,0.0,0.42223623953894557,8.90665949790095,linear,0.06606030915899928,0.12153524723399206,majority,11882,5457,19200,0.044552951388888894,0.5208333333333334,0.5187499999999999,0.006740972222222222,0.0806,6.6092768105490896,6.461952026468156,,,,,,,,,,,1.4579509065535863,6278901
ldpc,N192_M96,pSA,search,714,397,,,,0.1983523669668608,0.2597268659765885,1.6272246359406735,llr,0.8326220645652264,0.0,0.0,0.23299303601660212,10.25778860156301,piecewise,0.056653435267615085,0.1374568242281883,majority,13864,5249,19200,0.04083116319444444,0.5833333333333334,0.5833333333333334,0.006740972222222222,0.0806,6.057162357061914,7.237386269644334,,,,,,,,,,,1.459221350244017,5764166
ldpc,N192_M96,pSA,search,369,398,,,,0.29472602440711426,0.36496706686237784,0.9815750726654635,llr,0.8441859830675472,0.0,0.0,0.36101627893777977,6.240895519775281,linear,0.5446960354351915,0.5859984151820348,majority,2118,3246,19200,0.04144965277777778,0.6,0.6,0.006740972222222222,0.0806,6.148913155454827,7.444168734491314,,,,,,,,,,,1.460074436201476,3032111
ldpc,N192_M96,pSA,search,532,399,,,,0.39927707868197077,0.33020166775447646,1.0355732528183728,llr,0.8090403339487021,0.0,0.0,0.3989027446917995,9.25071645491691,linear,0.05917927703824397,0.12029035766997273,majority,10880,6682,19200,0.05531684027777778,0.46875,0.41041666666666665,0.006740972222222222,0.0806,8.206062635211703,5.8157568238213395,,,,,,,,,,,1.4606624943938429,4322908
ldpc,N192_M96,pSA,search,723,400,,,,0.2832145065373579,0.23664874566541488,1.878140567964107,llr,0.7644104775362546,0.0,0.0,0.2787772484016448,11.308546202400352,piecewise,0.06865421859088684,0.15797113945148494,majority,13007,5963,19200,0.051258680555555554,0.46875,0.45625,0.006740972222222222,0.0806,7.604048624703822,5.8157568238213395,,,,,,,,,,,1.4624836997411916,5835437
ldpc,N192_M96,pSA,search,967,401,,,,0.2441494509648133,0.2920321321596007,1.3109086758630637,llr,0.752289089140207,0.0,0.0,0.3009310736805476,9.922715875622304,linear,0.07949935698389922,0.23605708566805494,last,13129,5272,19200,0.05160590277777779,0.4666666666666666,0.4666666666666666,0.006740972222222222,0.0806,7.655557844854231,5.789909015715466,,,,,,,,,,,1.4630731633438896,7767673
ldpc,N192_M96,pSA,search,494,402,,,,0.2622979740453106,0.35669408713125444,0.8716498696956355,llr,0.7325841918965834,0.0,0.0,0.40951920872591635,8.744130088200416,linear,0.09501947146226922,0.2798393400251004,majority,11236,3669,19200,0.04091796875,0.5854166666666667,0.5854166666666667,0.006740972222222222,0.0806,6.070039662099516,7.263234077750207,,,,,,,,,,,1.4644371544396544,4021986
ldpc,N192_M96,pSA,search,364,403,,,,0.31010244501457984,0.2766509705804767,0.773582628464211,llr,0.800157765678935,0.0,0.0,0.3457434972616799,6.186221387350956,linear,0.5362454699614446,0.5857045922674954,majority,3484,3524,12800,0.047526041666666664,0.5812499999999999,0.5812499999999999,0.006740972222222222,0.0806,7.050324508086947,7.21153846153846,,,,,,,,,,,1.4648933407259492,2992516
ldpc,N192_M96,pSA,search,631,404,,,,0.24157869874168894,0.36340219197535345,0.8466679364880362,llr,0.7672955991359626,0.0,0.0,0.4046237616812576,11.259064282201123,linear,0.07837700321221776,0.3678292431440969,majority,14317,4523,19200,0.04203559027777778,0.6020833333333333,0.6020833333333333,0.006740972222222222,0.0806,6.235834964458638,7.470016542597187,,,,,,,,,,,1.4661576250055808,5106889
ldpc,N192_M96,pSA,search,197,405,,,,0.5700242461187515,0.7016245308558063,1.7832596442694113,snr,0.8515027712205991,0.0,0.0,0.05998695899186954,7.314701807624454,linear,1.305266140577009,0.5938927978373906,majority,4112,2175,6400,0.041590711805555555,0.5895833333333332,0.5895833333333332,0.006740972222222222,0.0806,6.16983877614093,7.31492969396195,,,,,,,,,,,1.467863559054204,1670043
ldpc,N192_M96,pSA,search,147,406,,,,0.5125268031757315,0.6060874986950181,1.9870982365448273,snr,0.8182222268916799,0.0,0.0,0.9888843452512179,10.30508905329844,cosine,3.538034330823266,0.7572290576876586,best_state,3742,2161,6400,0.04700520833333333,0.5395833333333334,0.5395833333333334,0.006740972222222222,0.0806,6.973060677861337,6.694582299421009,,,,,,,,,,,1.4690376417196387,1274093
ldpc,N192_M96,pSA,search,491,407,,,,0.3230261178654787,0.2586143713911287,0.7565408984795569,llr,0.7837476589861547,0.0,0.0,0.35732431585936764,8.958698565783802,linear,0.10542683723479378,0.26220839424383974,majority,10681,4323,19200,0.05309244791666667,0.48125,0.44375000000000003,0.006740972222222222,0.0806,7.876081693623159,5.970843672456575,,,,,,,,,,,1.4693881112797855,3998229
ldpc,N192_M96,pSA,search,692,408,,,,0.18894724706550411,0.22825902314824964,1.4958494930733717,llr,0.7594336270180938,0.0,0.0,0.2465974930915891,10.57660196188562,piecewise,0.06185316766053568,0.22048797044748708,majority,12792,6056,19200,0.04177517361111111,0.5854166666666667,0.5833333333333334,0.006740972222222222,0.0806,6.197203049345833,7.263234077750207,,,,,,,,,,,1.470033543842901,5589948
ldpc,N192_M96,pSA,search,586,409,,,,0.25377769877540607,0.3044147772151396,1.076899474017458,llr,0.7897069947968317,0.0,0.0,0.3196645535601549,7.4425840584583165,linear,0.11490198974002369,0.22352115935844843,majority,10623,4389,19200,0.04274088541666667,0.58125,0.5791666666666667,0.006740972222222222,0.0806,6.340463067889154,7.211538461538462,,,,,,,,,,,1.4714142957858498,4750534
ldpc,N192_M96,pSA,search,117,410,,,,0.7131024452636385,0.9680890015001733,1.5865328824400038,snr,0.8423614466150506,0.0,0.0,0.9859419259200648,10.244781758251792,cosine,0.9156042076372382,0.703673819486738,majority,3917,2243,6400,0.042773437500000004,0.5916666666666667,0.5916666666666667,0.006740972222222222,0.0806,6.345292057278254,7.340777502067824,,,,,,,,,,,1.4720193711816865,1036523
ldpc,N192_M96,pSA,search,199,411,,,,0.5939054309885977,0.7140086698304675,1.8256122179822722,snr,0.96028928697438,0.0,0.0,0.271537732666517,7.53480065151382,linear,0.9051915783783294,0.5153190161679809,majority,3455,2203,6400,0.042502170138888885,0.5916666666666667,0.5916666666666667,0.006740972222222222,0.0806,6.305050479035747,7.340777502067824,,,,,,,,,,,1.4720239479214694,1685881
ldpc,N192_M96,pSA,search,441,412,,,,0.4141419603742264,0.3237858624860681,0.9408737555330211,llr,0.7670210677757493,0.0,0.0,0.33025290236440824,6.974905505584121,linear,0.06545053989162122,0.26744366829309796,majority,11000,3345,19200,0.05753038194444444,0.4750000000000001,0.41250000000000003,0.006740972222222222,0.0806,8.534433913670547,5.893300248138958,,,,,,,,,,,1.4744863512368855,3602279
ldpc,N192_M96,pSA,search,316,413,,,,0.5603915732200168,0.7522698406984684,1.243987749385906,llr,0.8445887623864504,0.0,0.0,0.09436299182586168,6.083574376043167,linear,0.9136707177081562,0.5741720026045811,majority,3057,760,12800,0.04369574652777777,0.5645833333333333,0.5645833333333333,0.006740972222222222,0.0806,6.482113423302771,7.00475599669148,,,,,,,,,,,1.4762027453851494,2612404
ldpc,N192_M96,pSA,search,557,414,,,,0.28439875320589786,0.3994250238124599,0.9231408614661574,llr,0.7482183259303202,0.0,0.0,0.4376189386847393,8.307523675576089,linear,0.09582228025323661,0.28199534489483585,majority,11052,3712,19200,0.04163411458333333,0.61875,0.61875,0.006740972222222222,0.0806,6.176277428659731,7.676799007444169,,,,,,,,,,,1.4765431313558406,4520883
ldpc,N192_M96,pSA,search,621,415,,,,0.31506353790813324,0.28208152752793353,1.0144113532772343,llr,0.7367549594274796,0.0,0.0,0.47264703474735387,10.852531886492057,linear,0.06500451301510027,0.1696271206702338,majority,9466,121,9600,0.06845703125,0.40625,0.39999999999999997,0.006740972222222222,0.0806,10.155364685278665,5.040322580645161,,,,,,,,,,,1.4767312154263519,5027699
ldpc,N192_M96,pSA,search,457,416,,,,0.26272963630894663,0.3279219548585717,0.9313645514888683,llr,0.7794331692412524,0.0,0.0,0.4253723932958602,8.213550801272183,exponential,0.05864107361951932,0.29363406787722324,majority,11399,3431,19200,0.04310980902777778,0.6041666666666666,0.6041666666666666,0.006740972222222222,0.0806,6.39519161429896,7.49586435070306,,,,,,,,,,,1.4771558488881495,3728983
ldpc,N192_M96,pSA,search,972,417,,,,0.2559520320954431,0.3030227235160292,1.2949861680419685,llr,0.7432633925744464,0.0,0.0,0.28075420771568976,9.682772674965934,linear,0.07983784578065345,0.26620507174355823,last,13084,5396,19200,0.053591579861111106,0.4729166666666667,0.4729166666666667,0.006740972222222222,0.0806,7.950126197589368,5.867452440033086,,,,,,,,,,,1.4777466303290259,7807268
ldpc,N192_M96,pSA,search,201,418,,,,0.9551983960604388,0.8860425460342034,1.7973492956240629,snr,0.8504207422284129,0.0,0.0,0.12800218216650747,7.375459650985099,linear,1.3140151511744291,0.5769230015762435,majority,4118,2183,6400,0.049164496527777775,0.5145833333333334,0.5145833333333334,0.006740972222222222,0.0806,7.29338364067168,6.384408602150538,,,,,,,,,,,1.4782354610826285,1701719
ldpc,N192_M96,pSA,search,987,419,,,,0.3329317358106808,0.2671862105525114,1.1678911307957078,llr,0.8478302863875874,0.0,0.0,0.2535174962234607,9.05966248637801,linear,0.05526881625206688,0.2438707921675918,majority,10840,5237,19200,0.055338541666666664,0.46249999999999997,0.43124999999999997,0.006740972222222222,0.0806,8.209281961471103,5.738213399503722,,,,,,,,,,,1.4782827663011362,7926053
ldpc,N192_M96,pSA,search,307,420,,,,0.49671729177133417,0.6664518798775269,1.4318386275984678,llr,0.9211571070307,0.0,0.0,0.1732345702423316,4.985809577832428,linear,0.7659127713910009,0.4639383617147522,majority,888,1570,12800,0.0429470486111111,0.5791666666666667,0.5791666666666667,0.006740972222222222,0.0806,6.371046667353455,7.185690653432589,,,,,,,,,,,1.4794451084537203,2541133
ldpc,N192_M96,pSA,search,778,421,,,,0.1830451841456189,0.216544701198262,1.5609451737404747,llr,0.7831493241496351,0.0,0.0,0.5953105571159142,9.052101125839735,linear,0.06678813770358244,0.17799156678045008,majority,13481,5559,19200,0.04273003472222223,0.5979166666666667,0.5979166666666667,0.006740972222222222,0.0806,6.338853404759453,7.418320926385442,,,,,,,,,,,1.4796812078161241,6270982
ldpc,N192_M96,pSA,search,310,422,,,,0.4927816719159044,0.6162370366403452,0.9728342245604849,llr,0.8987823069638338,0.0,0.0,0.17361950297574466,5.08899042513361,exponential,0.7217344507433167,0.4807030316915884,majority,9317,1360,12800,0.043337673611111106,0.5958333333333333,0.5937499999999999,0.006740972222222222,0.0806,6.428994540022663,7.392473118279569,,,,,,,,,,,1.4798118389977628,2564890
ldpc,N192_M96,pSA,search,520,423,,,,0.3166285608256124,0.23992613512473737,1.1671069907637937,llr,0.793316586457912,0.0,0.0,0.29937658553336133,8.104144610757551,linear,0.05060204453013816,0.23596875697517708,majority,11779,3041,19200,0.058094618055555554,0.46458333333333335,0.4312500000000001,0.006740972222222222,0.0806,8.618136396414958,5.764061207609594,,,,,,,,,,,1.4805023649412095,4227880
ldpc,N192_M96,pSA,search,770,424,,,,0.17941732865429139,0.20977698396420344,1.5249085519221712,llr,0.7828211866385258,0.0,0.0,0.5659626155586179,8.789401657905138,linear,0.06624479536504622,0.10008217350573992,majority,13329,5649,19200,0.04195963541666667,0.6208333333333333,0.6208333333333333,0.006740972222222222,0.0806,6.224567322550737,7.702646815550041,,,,,,,,,,,1.480895357917281,6207630
ldpc,N192_M96,pSA,search,806,425,,,,0.25664363784185457,0.2785829093590044,1.249149863149116,llr,0.5586560813505284,0.0,0.0,0.5069301048114946,8.183622202695839,piecewise,0.060576897910710345,0.2237473479909793,majority,15276,3814,19200,0.04729817708333334,0.53125,0.53125,0.006740972222222222,0.0806,7.016521582363244,6.591191066997518,,,,,,,,,,,1.481980256468609,6492714
ldpc,N192_M96,pSA,search,113,426,,,,0.7816727648679699,0.9726151805279599,1.6627884707874243,snr,0.8295912629272183,0.0,0.0,0.04547166549356771,10.083169440784513,cosine,2.253372709115026,0.7035504117413516,majority,4150,2149,6400,0.04204644097222222,0.6062500000000001,0.6062500000000001,0.006740972222222222,0.0806,6.237444627588338,7.521712158808933,,,,,,,,,,,1.482016047418367,1004847
ldpc,N192_M96,pSA,search,795,427,,,,0.21748822176201182,0.2473866730580243,1.5071646400605998,llr,0.8418113491281819,0.0,0.0,0.43154286070029374,7.452038631744399,linear,0.07584257250327489,0.19161387796442106,majority,12368,4063,19200,0.041796875000000004,0.6062500000000001,0.6062500000000001,0.006740972222222222,0.0806,6.200422375605235,7.521712158808933,,,,,,,,,,,1.4842536648457496,6405605
ldpc,N192_M96,pSA,search,521,428,,,,0.31456108282601813,0.23488825159260285,1.1683332584219188,llr,0.8005464253024996,0.0,0.0,0.2821487956864796,7.886428061958026,linear,0.06942696641625772,0.2514756309374371,majority,11673,3865,19200,0.05657552083333334,0.45416666666666666,0.42083333333333334,0.006740972222222222,0.0806,8.392783558256928,5.634822167080231,,,,,,,,,,,1.48453123380501,4235799
ldpc,N192_M96,pSA,search,583,429,,,,0.24564619236697388,0.31697872440577074,1.1059267554417862,llr,0.7917073968850413,0.0,0.0,0.5469291253033353,7.694281030829314,linear,0.056356632885348694,0.39004282413419766,majority,16939,2254,19200,0.041525607638888885,0.6208333333333335,0.6208333333333335,0.006740972222222222,0.0806,6.160180797362727,7.702646815550042,,,,,,,,,,,1.486358267041028,4726777
ldpc,N192_M96,pSA,search,237,430,,,,0.4663817539401392,0.4493099118272271,1.2020341909161316,llr,0.9092054569393467,0.0,0.0,0.1294390182481928,4.378859914073319,linear,0.6628616585740315,0.5488469664595961,majority,10261,1070,12800,0.04907769097222223,0.5166666666666666,0.5166666666666666,0.006740972222222222,0.0806,7.28050633563408,6.410256410256409,,,,,,,,,,,1.4879606320244456,1986803
ldpc,N192_M96,pSA,search,325,431,,,,0.6766498157315441,0.5682513189128325,1.080861962172376,llr,0.8834323318353947,0.0,0.0,0.6127334656166689,5.648574525940933,linear,0.6232142252027503,0.5372276195584345,majority,2951,4765,12800,0.05397135416666667,0.49791666666666673,0.48541666666666666,0.006740972222222222,0.0806,8.006464407128878,6.177626137303557,,,,,,,,,,,1.489393275177595,2683675
ldpc,N192_M96,pSA,search,963,432,,,,0.25888335843339716,0.3872823315565468,1.3032038866851716,llr,0.8873371898887266,0.0,0.0,0.2884003379375183,9.950223953031557,linear,0.05640023495375639,0.26460476132812966,majority,13756,5317,19200,0.04194878472222222,0.6166666666666667,0.6166666666666667,0.006740972222222222,0.0806,6.222957659421037,7.650951199338296,,,,,,,,,,,1.4894495439266682,7735997
ldpc,N192_M96,pSA,search,119,433,,,,0.755818892283239,0.9759227600614392,1.6868406515731926,snr,0.8420396768355999,0.0,0.0,0.046411075733001676,9.659533318810558,cosine,0.9496122231074188,0.70322888350096,majority,3908,2205,6400,0.04373914930555556,0.6020833333333333,0.6020833333333333,0.006740972222222222,0.0806,6.4885520758215725,7.470016542597187,,,,,,,,,,,1.4897162346093968,1052361
ldpc,N192_M96,pSA,search,519,434,,,,0.3174042981012792,0.2326074076442185,1.1698489997036299,llr,0.7918988176020507,0.0,0.0,0.2962869647795023,7.935533290879149,linear,0.10485524403020166,0.2452520958053523,majority,12387,3921,19200,0.058116319444444446,0.44999999999999996,0.3979166666666667,0.006740972222222222,0.0806,8.621355722674359,5.583126550868485,,,,,,,,,,,1.4897416974426476,4219961
ldpc,N192_M96,pSA,search,412,435,,,,0.5144185767408999,0.48173106521906156,0.6645934777066327,llr,0.8273852029803415,0.0,0.0,0.0823419456625907,4.773586791727667,linear,0.7054883220575356,0.5038281672550278,majority,10002,1708,12800,0.04905598958333334,0.5541666666666667,0.5541666666666667,0.006740972222222222,0.0806,7.277287009374679,6.875516956162118,,,,,,,,,,,1.4899120024189987,3372628
ldpc,N192_M96,pSA,search,149,436,,,,0.5588923907141897,0.6175299960460319,2.0009417139122334,snr,0.813184461569483,0.0,0.0,1.0688355554833637,10.244528484187827,cosine,4.080203750601599,0.7522736592547672,best_state,3788,2156,6400,0.04942491319444445,0.5187499999999999,0.5187499999999999,0.006740972222222222,0.0806,7.332015555784486,6.436104218362281,,,,,,,,,,,1.490055362736494,1289931
ldpc,N192_M96,pSA,search,725,437,,,,0.28123156178632486,0.23423025954291668,1.937517923060408,llr,0.7622905441184269,0.0,0.0,0.29333623760078353,11.747751393722803,piecewise,0.07121450052055903,0.16264423565474403,majority,11645,5967,19200,0.05365668402777778,0.4729166666666667,0.4437499999999999,0.006740972222222222,0.0806,7.959784176367571,5.867452440033086,,,,,,,,,,,1.4903367401878458,5851275
ldpc,N192_M96,pSA,search,654,438,,,,0.3900556437540395,0.3181385713349152,0.9508781086050155,llr,0.776453528924982,0.0,0.0,0.30756627898144956,9.220111487096506,linear,0.07204522625775084,0.24467298818465769,majority,12601,5865,19200,0.05757378472222222,0.49583333333333335,0.4291666666666667,0.006740972222222222,0.0806,8.540872566189348,6.1517783291976835,,,,,,,,,,,1.4917929237033738,5289026
ldpc,N192_M96,pSA,search,476,439,,,,0.2005312690595203,0.21452665543787727,1.0381844525333301,llr,0.7289360538194424,0.0,0.0,0.32077934616299614,7.87656444538811,linear,0.05125255927898687,0.32438235266949156,majority,12002,3430,19200,0.045279947916666674,0.5791666666666666,0.5791666666666666,0.006740972222222222,0.0806,6.717124240239004,7.185690653432588,,,,,,,,,,,1.492352008699306,3879444
ldpc,N192_M96,pSA,search,305,440,,,,0.4437022475190054,0.6202617013981458,0.9685438573714789,llr,0.9031818763968311,0.0,0.0,0.1755146431572224,5.962754527945953,linear,0.732160249181786,0.4774756921216799,majority,7876,930,12800,0.04265407986111111,0.6208333333333332,0.6208333333333332,0.006740972222222222,0.0806,6.327585762851551,7.70264681555004,,,,,,,,,,,1.4934912648100787,2525295
ldpc,N192_M96,pSA,search,732,441,,,,0.2830493858371106,0.23437199015223442,1.6151687050656913,llr,0.767928888930371,0.0,0.0,0.3010372366855871,11.783818172478792,piecewise,0.06799219226830808,0.16708008606010752,majority,11637,5965,19200,0.05252821180555556,0.48541666666666666,0.46458333333333335,0.006740972222222222,0.0806,7.792379210878748,6.0225392886683204,,,,,,,,,,,1.494204494926528,5906708
ldpc,N192_M96,pSA,search,556,442,,,,0.2996426272788123,0.40068540528163293,0.6265416389296797,llr,0.7483804456117564,0.0,0.0,0.3111979189842809,8.310777337178434,linear,0.0565910197254207,0.2858621854309538,majority,10969,3766,19200,0.045214843750000004,0.6208333333333333,0.6208333333333333,0.006740972222222222,0.0806,6.7074662614608025,7.702646815550041,,,,,,,,,,,1.4946000656773015,4512964
ldpc,N192_M96,pSA,search,949,443,,,,0.3674715221239382,0.3270954749831565,1.1315231571605668,llr,0.78891082607754,0.0,0.0,0.1667580015761967,10.488020407406124,cosine,0.06317447536603511,0.21921792889826933,majority,9485,111,9600,0.07007378472222221,0.43124999999999997,0.4166666666666667,0.006740972222222222,0.0806,10.395204491603996,5.350496277915632,,,,,,,,,,,1.4947032030969523,7625131
ldpc,N192_M96,pSA,search,630,444,,,,0.239512710706066,0.36362325012399693,0.8541431106251148,llr,0.7596153975912084,0.0,0.0,0.41457051506545367,11.353975403747263,linear,0.07488092705993812,0.29720601703153426,majority,14247,3804,19200,0.040256076388888895,0.6354166666666666,0.6354166666666666,0.006740972222222222,0.0806,5.971850211187804,7.883581472291149,,,,,,,,,,,1.4947256837329195,5098970
ldpc,N192_M96,pSA,search,727,445,,,,0.28409606446651414,0.2373930204265573,1.7193012444154732,llr,0.7687133408051194,0.0,0.0,0.2937688390198265,11.197097544996021,piecewise,0.06777576843600226,0.16182948141044992,majority,11697,5863,19200,0.054861111111111104,0.48125,0.45625,0.006740972222222222,0.0806,8.138456783764292,5.970843672456575,,,,,,,,,,,1.4951415898086486,5867113
ldpc,N192_M96,pSA,search,153,446,,,,0.5111345321909849,0.8200350402580222,2.072580523945926,snr,0.8130148566414783,0.0,0.0,1.104902896399563,10.272804626684204,cosine,3.8329523906829484,0.7537953824489694,best_state,3750,2233,6400,0.04288194444444445,0.65,0.65,0.006740972222222222,0.0806,6.361388688575256,8.064516129032258,,,,,,,,,,,1.4952845783885647,1321607
ldpc,N192_M96,pSA,search,126,447,,,,0.45061777053001734,0.5399029425283469,2.806758989898413,snr,0.8491173509697855,0.0,0.0,0.04658706160256752,9.260412650667714,cosine,2.030343976554281,0.7841405629995651,best_state,4378,1920,6400,0.04697265625,0.5458333333333334,0.5458333333333334,0.006740972222222222,0.0806,6.968231688472237,6.772125723738627,,,,,,,,,,,1.4954693406454158,1107794
ldpc,N192_M96,pSA,search,777,448,,,,0.18963346700312567,0.21242263576064851,2.257414865087337,llr,0.781166441877541,0.0,0.0,0.5657221225894199,9.03609636582822,linear,0.0599021513348456,0.10762848524750927,majority,11881,5464,19200,0.045887586805555554,0.6083333333333333,0.6083333333333333,0.006740972222222222,0.0806,6.807265375502215,7.547559966914805,,,,,,,,,,,1.496868535195407,6263063
ldpc,N192_M96,pSA,search,115,449,,,,0.6734955103104378,1.0166491129185948,1.5956116313028585,snr,0.8241788692451799,0.0,0.0,0.046779253602347304,9.945387865597196,cosine,1.0465244820263606,0.7099405569914115,majority,3868,2216,6400,0.042849392361111106,0.6229166666666667,0.6229166666666667,0.006740972222222222,0.0806,6.356559699186154,7.728494623655914,,,,,,,,,,,1.497999619531271,1020685
ldpc,N192_M96,pSA,search,266,450,,,,0.6223485590008562,0.5763701988893528,1.144568186271595,llr,0.8538247336590193,0.0,0.0,0.07457946776404585,5.326505610423975,linear,1.0860793328897709,0.5284499324684945,last,9193,855,12800,0.061512586805555554,0.43333333333333335,0.43124999999999997,0.006740972222222222,0.0806,9.125180282270527,5.376344086021505,,,,,,,,,,,1.5010195330651983,2216454
ldpc,N192_M96,pSA,search,528,451,,,,0.3192834415438423,0.23595086523553319,1.144962223890857,llr,0.7951129828592113,0.0,0.0,0.2862261535793148,7.820907558472456,linear,0.10744527596375071,0.23101076322431896,majority,17036,2158,19200,0.06442057291666665,0.4479166666666667,0.41041666666666665,0.006740972222222222,0.0806,9.556570001030183,5.557278742762613,,,,,,,,,,,1.501495371961894,4291232
ldpc,N192_M96,pSA,search,349,452,,,,0.38052087605757046,0.32113856902414173,0.7147619874581637,llr,0.8173518378096346,0.0,0.0,0.46354056803697097,6.117370731854839,linear,0.413461814443262,0.5405775668957999,majority,1772,4558,12800,0.0494140625,0.5729166666666666,0.5708333333333333,0.006740972222222222,0.0806,7.3304058926547855,7.10814722911497,,,,,,,,,,,1.5022483190462796,2873731
ldpc,N192_M96,pSA,search,257,453,,,,0.5408087580739722,0.46663310122656704,1.4085692762759807,llr,0.8891779783734465,0.0,0.0,0.10013666986553776,6.369441183626068,linear,0.9247019804293864,0.449860460344512,majority,9605,1296,12800,0.05716145833333333,0.4666666666666666,0.4583333333333333,0.006740972222222222,0.0806,8.47970536726074,5.789909015715466,,,,,,,,,,,1.5025057107951474,2145183
ldpc,N192_M96,pSA,search,255,454,,,,0.5397300625181194,0.4616361227855317,1.3459616242753873,llr,0.8849721016723651,0.0,0.0,0.0996988792628884,6.459259697393817,linear,0.9875476640218114,0.4761403986622486,majority,9508,1301,12800,0.05686848958333334,0.46249999999999997,0.4583333333333333,0.006740972222222222,0.0806,8.436244462758836,5.738213399503722,,,,,,,,,,,1.5032757902418004,2129345
ldpc,N192_M96,pSA,search,122,455,,,,0.4465914828947865,0.5327652080706359,2.7603352753342283,snr,0.8690573042868857,0.0,0.0,1.0360836815804115,9.098276852127313,cosine,1.89023352348964,0.7923703005449304,best_state,4278,1991,6400,0.046896701388888885,0.575,0.575,0.006740972222222222,0.0806,6.956964046564335,7.133995037220843,,,,,,,,,,,1.5035425470252388,1076118
ldpc,N192_M96,pSA,search,796,456,,,,0.22734205500283208,0.23833885323768927,1.4781644266683323,llr,0.8195187434107479,0.0,0.0,0.4226295472690241,7.647133076816503,linear,0.07420308884175393,0.1852485582897988,majority,9525,73,9600,0.05536024305555556,0.4958333333333333,0.4958333333333333,0.006740972222222222,0.0806,8.212501287730504,6.1517783291976835,,,,,,,,,,,1.5036175144478874,6413524
ldpc,N192_M96,pSA,search,961,457,,,,0.2480110945973241,0.3052270765614941,1.2970922583393636,llr,0.8483944888829571,0.0,0.0,0.2826783834793377,10.073112573504686,linear,0.0783283998587253,0.267844100863226,last,13181,5363,19200,0.05339626736111111,0.4895833333333333,0.4895833333333333,0.006740972222222222,0.0806,7.921152261254765,6.074234904880066,,,,,,,,,,,1.5047302014496735,7720159
ldpc,N192_M96,pSA,search,498,458,,,,0.2726984884019504,0.376912821080654,0.8721263176821823,llr,0.7316185317612789,0.0,0.0,0.2721216965657727,8.508438674929572,linear,0.12269714178731807,0.27433336434646827,majority,11242,3567,19200,0.04325086805555556,0.6354166666666666,0.6354166666666666,0.006740972222222222,0.0806,6.416117234985063,7.883581472291149,,,,,,,,,,,1.5066442897421972,4053662
ldpc,N192_M96,pSA,search,448,459,,,,0.29856949495019064,0.2929172136057306,0.8064758637699038,llr,0.7504990876751784,0.0,0.0,0.4935242659805894,7.467874122304552,linear,0.07237401403634348,0.3122395825167815,last,14908,3750,19200,0.07326388888888889,0.40416666666666673,0.40208333333333335,0.006740972222222222,0.0806,10.868445451735862,5.014474772539289,,,,,,,,,,,1.508879600103787,3657712
ldpc,N192_M96,pSA,search,172,460,,,,0.39853160164113793,0.47698871611985555,2.2875200853146023,snr,0.9000801404391462,0.0,0.0,1.2238326078156339,10.509323044468657,cosine,3.2260299133719896,0.8090479101603779,best_state,4299,2047,6400,0.049468315972222225,0.56875,0.56875,0.006740972222222222,0.0806,7.338454208303287,7.056451612903225,,,,,,,,,,,1.5093133065711755,1472068
ldpc,N192_M96,pSA,search,151,461,,,,0.5124394577617094,0.8235289826110904,2.1274497703761437,snr,0.8114590844062971,0.0,0.0,1.0722940952587368,10.281921664733504,cosine,3.8553867894630427,0.743107538461964,best_state,3766,2151,6400,0.040549045138888885,0.6729166666666667,0.6729166666666667,0.006740972222222222,0.0806,6.015311115689708,8.348842018196857,,,,,,,,,,,1.5108519073592719,1305769
ldpc,N192_M96,pSA,search,110,462,,,,0.725860024595968,0.9784603710977228,1.6365011563793967,snr,0.8160552782002861,0.0,0.0,0.046937597927892115,10.027148798634169,cosine,2.8636536612600776,0.7076239020283219,majority,3870,2194,6400,0.04275173611111111,0.6375000000000001,0.6375000000000001,0.006740972222222222,0.0806,6.3420727310188525,7.909429280397022,,,,,,,,,,,1.5114414551788888,981090
ldpc,N192_M96,pSA,search,109,463,,,,0.7073191712442898,0.9606253225505308,1.649413515048055,snr,0.8323474586584942,0.0,0.0,0.046941088219721004,9.807822666641943,cosine,0.9724778443567974,0.7277994676882868,majority,3893,2161,6400,0.044314236111111106,0.6229166666666667,0.6229166666666667,0.006740972222222222,0.0806,6.573864221695683,7.728494623655914,,,,,,,,,,,1.5123807142921908,973171
ldpc,N192_M96,pSA,search,651,464,,,,0.4018204928667131,0.318660861682267,0.9599163361811199,llr,0.7760597780998113,0.0,0.0,0.615164958576216,7.7927549075634275,linear,0.07213034325233572,0.29813661040483685,majority,12432,5698,19200,0.057248263888888894,0.5020833333333333,0.4458333333333333,0.006740972222222222,0.0806,8.492582672298342,6.229321753515301,,,,,,,,,,,1.5150542330468726,5265269
ldpc,N192_M96,pSA,search,333,465,,,,0.6552354748509079,0.5666585388601901,1.0768626096002776,llr,0.88338561400351,0.0,0.0,0.5945330585134839,5.644086273263123,linear,0.6170048328927468,0.5359194057004147,majority,2800,780,12800,0.05929904513888889,0.44375000000000003,0.4354166666666666,0.006740972222222222,0.0806,8.796809003811683,5.505583126550868,,,,,,,,,,,1.5155886578716182,2747027
ldpc,N192_M96,pSA,search,259,466,,,,0.5496490417358733,0.46216298798907834,1.4671137032596349,llr,0.8837219488548493,0.0,0.0,0.09892049465801689,6.357072067618051,linear,0.995500759050347,0.49842940161702187,majority,9547,1272,12800,0.05916883680555555,0.48333333333333334,0.47291666666666665,0.006740972222222222,0.0806,8.777493046255278,5.996691480562448,,,,,,,,,,,1.5173774864530531,2161021
ldpc,N192_M96,pSA,search,140,467,,,,0.33708892091277864,0.4190342137913943,3.498866379032949,fixed,0.9320967568982784,0.0,0.0,0.8979640366601448,8.27069551673048,cosine,1.6233461748076397,0.8316683426485527,best_state,4768,1603,6400,0.04777560763888889,0.5854166666666667,0.5854166666666667,0.006740972222222222,0.0806,7.087346760070053,7.263234077750207,,,,,,,,,,,1.5194983652339962,1218660
ldpc,N192_M96,pSA,search,393,468,,,,0.3349565198766235,0.29892271203451826,1.1748859355250614,llr,0.8255164679745015,0.0,0.0,0.6637343908151004,5.678892568849721,linear,0.26032656375912483,0.46127500775596536,majority,9360,201,9600,0.06299913194444444,0.47500000000000003,0.47500000000000003,0.006740972222222222,0.0806,9.345704131039456,5.893300248138958,,,,,,,,,,,1.5197550365044779,3222167
ldpc,N192_M96,pSA,search,707,469,,,,0.2501820673188204,0.20099836870073332,1.8690609700254737,llr,0.7917079329047773,0.0,0.0,0.27042251307022186,11.656450888718409,piecewise,0.05022405619072562,0.22862792611499122,majority,13127,5720,19200,0.05876736111111111,0.4895833333333333,0.45208333333333334,0.006740972222222222,0.0806,8.717935510456371,6.074234904880066,,,,,,,,,,,1.520102027096816,5708733
ldpc,N192_M96,pSA,search,283,470,,,,0.5047726115293866,0.4187110297698553,1.3084632133578302,llr,0.8255494795791302,0.0,0.0,0.08798662814865585,5.812550941982979,linear,1.0807344082333312,0.5880026958004855,majority,9898,1212,12800,0.05975477430555556,0.48125,0.4770833333333333,0.006740972222222222,0.0806,8.864414855259092,5.970843672456575,,,,,,,,,,,1.5206905677212497,2351077
ldpc,N192_M96,pSA,search,895,471,,,,0.2722996331482728,0.2251700651514781,1.5069645130400067,llr,0.7983012685341004,0.0,0.0,0.23827920274702696,10.810374928049043,linear,2.544010939592031,0.3524156904165417,majority,9381,4783,19200,0.049793836805555554,0.5625,0.55625,0.006740972222222222,0.0806,7.386744102194293,6.978908188585607,,,,,,,,,,,1.5218636924958926,7197505
ldpc,N192_M96,pSA,search,253,472,,,,0.5508235032856355,0.4740029587084063,1.4572804568297164,llr,0.8908891478754591,0.0,0.0,0.09960282499493711,6.518442485618469,linear,0.9460048381141656,0.49474052255021167,majority,9545,1280,12800,0.059103732638888885,0.4854166666666666,0.48125,0.006740972222222222,0.0806,8.767835067477078,6.02253928866832,,,,,,,,,,,1.5219364969002425,2113507
ldpc,N192_M96,pSA,search,211,473,,,,0.4954851991108107,0.6490509670325436,1.9507913775745092,llr,0.8727780331616157,0.0,0.0,0.08016651073636837,5.91938547576897,linear,0.8397914490656424,0.6094947279789291,majority,5779,1784,12800,0.04519314236111111,0.6145833333333334,0.6145833333333334,0.006740972222222222,0.0806,6.704246935201401,7.6251033912324235,,,,,,,,,,,1.5222820833332438,1780909
ldpc,N192_M96,pSA,search,156,474,,,,0.512798342850662,0.8358487830715278,2.09073570326097,snr,0.80681175723717,0.0,0.0,1.0884529099903717,10.336666234660248,cosine,3.8057441468448823,0.7464034562558929,best_state,3776,1828,6400,0.04223090277777778,0.6791666666666667,0.6791666666666667,0.006740972222222222,0.0806,6.264808900793243,8.426385442514475,,,,,,,,,,,1.5226366233556294,1345364
ldpc,N192_M96,pSA,search,446,475,,,,0.23711438987867395,0.2933169311638762,0.7874801118859557,llr,0.748020389950212,0.0,0.0,0.3765577498641955,8.15509559213403,linear,0.07639035777022632,0.20309092937115286,majority,14600,3766,19200,0.044281684027777775,0.6520833333333333,0.6520833333333333,0.006740972222222222,0.0806,6.569035232306582,8.09036393713813,,,,,,,,,,,1.5258378166589925,3641874
ldpc,N192_M96,pSA,search,388,476,,,,0.3484111313908055,0.318813555310895,0.895303426407824,llr,0.7791344561362517,0.0,0.0,0.37300398745361235,5.766103241092258,piecewise,0.25541590697854916,0.5596717637503785,majority,10399,1508,12800,0.04997829861111111,0.5875,0.5833333333333334,0.006740972222222222,0.0806,7.414108375399197,7.2890818858560795,,,,,,,,,,,1.5273309184321857,3182572
ldpc,N192_M96,pSA,search,300,477,,,,0.3781131543913781,0.5166395205535463,1.5654481278460164,llr,0.868447305658017,0.0,0.0,0.10802161946748008,6.8207463351757704,linear,1.2237511611346847,0.6146796232707172,majority,10284,1095,12800,0.0462890625,0.61875,0.61875,0.006740972222222222,0.0806,6.8668229113011225,7.676799007444169,,,,,,,,,,,1.5284553720692673,2485700
ldpc,N192_M96,pSA,search,953,478,,,,0.3680026505239953,0.3308487995531481,1.1195025791951376,llr,0.7859274206451272,0.0,0.0,0.2882282387409765,10.880370758563846,cosine,0.06285980323379194,0.21289689518971217,majority,9490,105,9600,0.07238498263888889,0.44999999999999996,0.43124999999999997,0.006740972222222222,0.0806,10.738062738230143,5.583126550868485,,,,,,,,,,,1.5303419918301038,7656807
ldpc,N192_M96,pSA,search,634,479,,,,0.2376949919803079,0.36391714357729404,1.1074125450707242,llr,0.759621343489486,0.0,0.0,0.43115809920980036,11.590418190365533,linear,0.08003983899383849,0.18822379153664343,majority,14130,4871,19200,0.043956163194444446,0.6416666666666666,0.6416666666666666,0.006740972222222222,0.0806,6.520745338415577,7.961124896608767,,,,,,,,,,,1.5318333272763025,5130646
ldpc,N192_M96,pSA,search,120,480,,,,0.7072291831716059,1.0507385914556735,1.648158725474043,snr,0.8551158445642562,0.0,0.0,0.032911869722260505,9.645962722559329,cosine,1.0180029215508775,0.7043212914077182,majority,3891,2194,6400,0.043652343749999996,0.6458333333333334,0.6458333333333334,0.006740972222222222,0.0806,6.47567477078397,8.012820512820513,,,,,,,,,,,1.5335651313199463,1060280
ldpc,N192_M96,pSA,search,271,481,,,,0.4232712477592429,0.589235654180921,1.1518037707520743,llr,0.8562064262709367,0.0,0.0,0.07699482101980826,5.257127140082272,linear,0.8211866313145751,0.5277468254932328,majority,8953,860,12800,0.04463975694444444,0.6604166666666667,0.6604166666666667,0.006740972222222222,0.0806,6.62215411558669,8.193755169561621,,,,,,,,,,,1.5337466684351493,2256049
ldpc,N192_M96,pSA,search,406,482,,,,0.2620867501888822,0.34390653115350195,1.3837107584394994,llr,0.722753446740041,0.0,0.0,0.4612178483737758,7.446186951708535,linear,0.26311914785491025,0.6332492659139964,majority,1476,5420,12800,0.04454210069444444,0.6520833333333333,0.6520833333333333,0.006740972222222222,0.0806,6.607667147419388,8.09036393713813,,,,,,,,,,,1.5345095755392393,3325114
ldpc,N192_M96,pSA,search,995,483,,,,0.33420683612825003,0.262135379068213,1.1669537176253455,llr,0.8447855430163521,0.0,0.0,0.2517657490221483,9.117807124169197,linear,0.055756159000153564,0.23562666125943077,majority,10843,6627,19200,0.059299045138888895,0.5,0.4770833333333333,0.006740972222222222,0.0806,8.796809003811683,6.203473945409429,,,,,,,,,,,1.5352238130284543,7989405
ldpc,N192_M96,pSA,search,256,484,,,,0.5458656421115158,0.4593417274995526,1.3674573327410726,llr,0.8849870272373492,0.0,0.0,0.09857795487089062,6.22226434091583,linear,0.9404716796263591,0.4386434824532876,majority,9601,1305,12800,0.05858289930555555,0.4916666666666667,0.48750000000000004,0.006740972222222222,0.0806,8.690571237251467,6.100082712985939,,,,,,,,,,,1.5357967988118038,2137264
ldpc,N192_M96,pSA,search,550,485,,,,0.28256116156247996,0.34079338099010276,0.7531646685444893,llr,0.7768590565168932,0.0,0.0,0.367288798475246,6.676869835334426,linear,0.07228109382672004,0.31697712349889356,majority,10265,4007,19200,0.04607204861111112,0.6479166666666667,0.6479166666666667,0.006740972222222222,0.0806,6.83462964870712,8.038668320926385,,,,,,,,,,,1.536718517495878,4465450
ldpc,N192_M96,pSA,search,141,486,,,,0.3603226204577984,0.49659430591991405,3.513515116446902,fixed,0.926924295217755,0.0,0.0,0.7169608535428547,10.280245453600168,cosine,1.5937416524830783,0.831353897061687,best_state,4663,1703,6400,0.04544270833333333,0.6437499999999999,0.6437499999999999,0.006740972222222222,0.0806,6.741269187184506,7.986972704714639,,,,,,,,,,,1.5373995601949064,1226579
ldpc,N192_M96,pSA,search,299,487,,,,0.6042160969185072,0.5123851161933525,1.5768594670014418,llr,0.8714643090803548,0.0,0.0,0.10850914704047593,6.899522744044166,linear,0.909260927024048,0.6182411149576214,majority,11702,1079,12800,0.059906684027777775,0.4666666666666666,0.4625000000000001,0.006740972222222222,0.0806,8.886950139074894,5.789909015715466,,,,,,,,,,,1.5418657055380363,2477781
ldpc,N192_M96,pSA,search,885,488,,,,0.2516286880318923,0.24681403725874115,1.6888218984890366,llr,0.5414327778397316,0.0,0.0,0.23110779214929855,9.045230381569944,linear,0.05560863658214835,0.30722357481270623,majority,9769,5292,19200,0.05363498263888889,0.5437500000000001,0.5437500000000001,0.006740972222222222,0.0806,7.95656485010817,6.746277915632755,,,,,,,,,,,1.5426530506513845,7118315
ldpc,N192_M96,pSA,search,258,489,,,,0.543175926785377,0.468560320456291,1.4360518741167638,llr,0.8863075197344548,0.0,0.0,0.08182264313844677,6.355530836339692,linear,0.9657897811187159,0.451606104540748,majority,9648,1309,12800,0.05883246527777778,0.5,0.49374999999999997,0.006740972222222222,0.0806,8.727593489234573,6.203473945409429,,,,,,,,,,,1.5429077238836364,2153102
ldpc,N192_M96,pSA,search,617,490,,,,0.3205172976538938,0.28246280951940445,1.046802065782663,llr,0.7431345195392464,0.0,0.0,0.48450181903321976,11.498103402985555,linear,0.066291692758282,0.16985943774545673,majority,9482,110,9600,0.07719184027777778,0.42083333333333334,0.39791666666666664,0.006740972222222222,0.0806,11.45114350468734,5.221257237386269,,,,,,,,,,,1.5437585275666967,4996023
ldpc,N192_M96,pSA,search,264,491,,,,0.5416347819911733,0.46310759717672706,1.464225814524458,llr,0.8842683860839748,0.0,0.0,0.09946153534234045,6.414616068554882,linear,0.9479492286478873,0.44261545435543626,majority,9528,1285,12800,0.06278211805555556,0.48541666666666666,0.48124999999999996,0.006740972222222222,0.0806,9.313510868445453,6.0225392886683204,,,,,,,,,,,1.5476628978772258,2200616
ldpc,N192_M96,pSA,search,331,492,,,,0.6773320776531668,0.5675119937885095,1.0733762934760407,llr,0.8853090589800967,0.0,0.0,0.47947629060527613,5.610232348616307,linear,0.6355055998388899,0.5701593006620554,majority,2996,762,12800,0.06609157986111111,0.4645833333333333,0.4583333333333333,0.006740972222222222,0.0806,9.804458123004018,5.764061207609594,,,,,,,,,,,1.5492677341101309,2731189
ldpc,N192_M96,pSA,search,171,493,,,,0.413386156092572,0.7941629104558556,1.8887063110572364,snr,0.891100930334951,0.0,0.0,2.420043885909694,8.765461892744213,cosine,8.017787345036442,0.8963248549663025,best_state,3591,2254,6400,0.04279513888888889,0.7041666666666666,0.7041666666666666,0.006740972222222222,0.0806,6.348511383537653,8.736559139784944,,,,,,,,,,,1.5516299398383717,1464149
ldpc,N192_M96,pSA,search,593,494,,,,0.2943131737314025,0.22019770612140918,1.2872406024181045,llr,0.8134875480298365,0.0,0.0,0.49076437791980104,9.124877425862234,linear,0.090464103450078,0.3037158776822969,majority,11540,4721,19200,0.06097005208333334,0.5,0.46249999999999997,0.006740972222222222,0.0806,9.044697125785516,6.203473945409429,,,,,,,,,,,1.5531037655790298,4805967
ldpc,N192_M96,pSA,search,280,495,,,,0.3759178176105948,0.5241395589533485,1.3042795791304056,llr,0.8225978162465968,0.0,0.0,0.0883513194820355,5.819818076058588,linear,0.6118742551617496,0.5832315312448185,majority,9818,1217,12800,0.04518229166666667,0.6541666666666667,0.6541666666666667,0.006740972222222222,0.0806,6.702637272071702,8.116211745244003,,,,,,,,,,,1.5532861492611525,2327320
ldpc,N192_M96,pSA,search,336,496,,,,0.6803160919499263,0.5704757073067723,1.1590509598549488,llr,0.8828376201163651,0.0,0.0,0.6060098232299364,5.5661687411813165,linear,0.6388295503254996,0.5701568931616743,majority,2910,746,12800,0.06536458333333334,0.4666666666666666,0.45,0.006740972222222222,0.0806,9.696610693314105,5.789909015715466,,,,,,,,,,,1.5538846677899292,2770784
ldpc,N192_M96,pSA,search,471,497,,,,0.206719856229269,0.22952284383786084,1.015576292884208,llr,0.7134315551127459,0.0,0.0,0.32066227174585504,7.65162887573964,linear,0.051311459685032874,0.2414513252511853,majority,10873,4174,19200,0.04842664930555556,0.6645833333333333,0.6645833333333333,0.006740972222222222,0.0806,7.183926547852066,8.245450785773366,,,,,,,,,,,1.554301034972225,3839849
ldpc,N192_M96,pSA,search,99,498,,,,0.738601581727251,1.5157801077286068,1.675016158019112,snr,0.7162384089674152,0.0,0.0,0.03005506778281252,6.398914212086935,cosine,0.575213661098555,0.671398992137007,majority,3322,2341,6400,0.04391276041666666,0.6875,0.6875,0.006740972222222222,0.0806,6.514306685896775,8.529776674937965,,,,,,,,,,,1.5561035679230968,893981
ldpc,N192_M96,pSA,search,569,499,,,,0.35653928316925704,0.28537370638870624,0.9477797897344172,llr,0.7166061162697331,0.0,0.0,0.36707039806796665,9.662649781358894,exponential,0.0643342353139829,0.2584377092862017,majority,12133,3482,19200,0.06048177083333333,0.5541666666666667,0.5270833333333333,0.006740972222222222,0.0806,8.972262284949005,6.875516956162118,,,,,,,,,,,1.556761834789353,4615911
ldpc,N192_M96,pSA,search,327,500,,,,0.6829763584594479,0.5710322925214831,1.1340019052727879,llr,0.8847805494482719,0.0,0.0,0.5364326956897603,5.6055878984253695,linear,0.6323854529298447,0.599144608972209,majority,2868,3428,12800,0.0609375,0.5020833333333333,0.4875,0.006740972222222222,0.0806,9.039868136396414,6.229321753515301,,,,,,,,,,,1.5571406257065286,2699513
ldpc,N192_M96,pSA,search,450,501,,,,0.30923290773351997,0.29101408994975075,0.8409642066975339,llr,0.753820088380446,0.0,0.0,0.501876765001101,7.269725760377856,linear,0.07372902760257846,0.2160839298846276,last,14810,3795,19200,0.076171875,0.40833333333333327,0.40833333333333327,0.006740972222222222,0.0806,11.29983517049552,5.066170388751033,,,,,,,,,,,1.5571964024900984,3673550
ldpc,N192_M96,pSA,search,797,502,,,,0.2232239750111773,0.2384494372984292,1.4064733288590434,llr,0.8093784819619771,0.0,0.0,0.5150847221931794,7.586002015326721,linear,0.07459573117009212,0.19999783086151346,majority,9514,83,9600,0.05718315972222223,0.5458333333333333,0.5458333333333333,0.006740972222222222,0.0806,8.482924693520141,6.772125723738626,,,,,,,,,,,1.5576483066536053,6421443
ldpc,N192_M96,pSA,search,659,503,,,,0.4112682112245959,0.3157194498312073,0.9629567224629126,llr,0.7741081910262242,0.0,0.0,0.6921317920852235,6.992245178330505,linear,0.07320164276933418,0.17135467772459387,majority,15188,3817,19200,0.06541883680555555,0.5083333333333334,0.45208333333333334,0.006740972222222222,0.0806,9.704659008962603,6.30686517783292,,,,,,,,,,,1.5580173151872427,5328621
ldpc,N192_M96,pSA,search,524,504,,,,0.31578354540137826,0.22596014425983305,1.1728347903921765,llr,0.7950929042095409,0.0,0.0,0.294418507424973,7.953354301076667,linear,0.10252075876761012,0.23865943465710343,majority,11784,3386,19200,0.06763237847222223,0.47708333333333336,0.43958333333333327,0.006740972222222222,0.0806,10.03303028742145,5.91914805624483,,,,,,,,,,,1.5582802648211218,4259556
ldpc,N192_M96,pSA,search,108,505,,,,0.7129720056254529,1.571799839111966,1.124825285403265,snr,0.7250726031849267,0.0,0.0,0.03121527361511763,11.413245244994306,cosine,0.6089508849389699,0.08940402602788967,majority,1643,2632,6400,0.046896701388888885,0.6645833333333333,0.6645833333333333,0.006740972222222222,0.0806,6.956964046564335,8.245450785773366,,,,,,,,,,,1.5588917319258915,965252
ldpc,N192_M96,pSA,search,729,506,,,,0.2930051474839696,0.24019105572661045,1.6171995268044275,llr,0.7682105176672717,0.0,0.0,0.2917789678644883,11.09856413384447,piecewise,0.06970148883566785,0.15899738887934278,majority,11671,5971,19200,0.059700520833333326,0.5104166666666666,0.4791666666666667,0.006740972222222222,0.0806,8.85636653961059,6.332712985938792,,,,,,,,,,,1.5591095392003302,5882951
ldpc,N192_M96,pSA,search,288,507,,,,0.5027973281364311,0.6234003820989145,1.3152112190667087,llr,0.9317862264598524,0.0,0.0,0.08757023442779839,4.1123364208832225,linear,0.608750394961786,0.5837680368646497,majority,10091,1196,12800,0.047265625,0.6208333333333333,0.6208333333333333,0.006740972222222222,0.0806,7.011692592974143,7.702646815550041,,,,,,,,,,,1.5593456905640033,2390672
ldpc,N192_M96,pSA,search,957,508,,,,0.37171328970158724,0.3252981967432029,1.1399171707889664,llr,0.7851629457982695,0.0,0.0,0.18276228723480478,10.364575082387633,linear,0.0630471057917039,0.21676140877319594,majority,9475,120,9600,0.06845703125,0.44791666666666674,0.43124999999999997,0.006740972222222222,0.0806,10.155364685278665,5.557278742762614,,,,,,,,,,,1.5622671732597613,7688483
ldpc,N192_M96,pSA,search,636,509,,,,0.2497228138939055,0.3683419403279453,0.8462543689578601,llr,0.6608691202739637,0.0,0.0,0.4181893970205903,10.202623826169395,linear,0.07961023735375962,0.1899714438607516,majority,14057,4891,19200,0.04437934027777778,0.7000000000000001,0.7000000000000001,0.006740972222222222,0.0806,6.583522200473886,8.6848635235732,,,,,,,,,,,1.5641301189894172,5146484
ldpc,N192_M96,pSA,search,285,510,,,,0.5080675288821088,0.42048598887484906,1.322292997186579,llr,0.8313111166987355,0.0,0.0,0.08849497889203721,5.711807052439435,linear,1.0769270481977684,0.5858945106406713,majority,11037,1172,12800,0.05995008680555555,0.5104166666666666,0.5020833333333333,0.006740972222222222,0.0806,8.893388791593695,6.332712985938792,,,,,,,,,,,1.5663948775677892,2366915
ldpc,N192_M96,pSA,search,640,511,,,,0.304497394977749,0.24326762510919842,1.2712706387712354,llr,0.827604157953413,0.0,0.0,0.33759069025992405,9.968714490272992,linear,0.055856152012677594,0.27809845229586916,last,13683,5249,19200,0.06946614583333334,0.4645833333333333,0.4333333333333333,0.006740972222222222,0.0806,10.305063356340787,5.764061207609594,,,,,,,,,,,1.5711175876735735,5178160
ldpc,N192_M96,pSA,search,160,512,,,,0.5870770379716664,0.5768420073511948,1.7726378665722122,snr,0.7798177394515307,0.0,0.0,0.9326765155073484,9.51550079282467,cosine,4.743125819998855,0.7670304278788938,best_state,5173,2498,9600,0.06810980902777779,0.4854166666666666,0.4854166666666666,0.006740972222222222,0.0806,10.10385546512826,6.02253928866832,,,,,,,,,,,1.5712796725440192,1377040
ldpc,N192_M96,pSA,search,136,513,,,,0.3414417735716739,0.3806579027369738,3.399985791404529,fixed,0.9344260802054375,0.0,0.0,0.7444770174518675,8.424852950595511,cosine,1.584384703588828,0.8304992749828656,best_state,4758,1613,6400,0.05587022569444445,0.5708333333333333,0.5708333333333333,0.006740972222222222,0.0806,8.288155454826414,7.082299421009098,,,,,,,,,,,1.5718087610921418,1186984
ldpc,N192_M96,pSA,search,802,514,,,,0.2227124221115933,0.24623560432138816,1.3427545048273943,llr,0.8451111982069608,0.0,0.0,0.4236492578986562,7.54289791252683,linear,0.07467163959283507,0.17404141670874798,majority,9521,77,9600,0.05619574652777778,0.5499999999999999,0.5479166666666666,0.006740972222222222,0.0806,8.33644534871742,6.823821339950371,,,,,,,,,,,1.5728693853444597,6461038
ldpc,N192_M96,pSA,search,143,515,,,,0.3349694969972866,0.4180123169233066,3.774829030898893,fixed,0.9191174190892668,0.0,0.0,0.8070193311168589,8.282288945652347,cosine,1.4438384566877445,0.8224575887679058,best_state,4142,2007,6400,0.05247395833333333,0.6166666666666666,0.6166666666666666,0.006740972222222222,0.0806,7.784330895230245,7.650951199338294,,,,,,,,,,,1.5742537103040788,1242417
ldpc,N192_M96,pSA,search,169,516,,,,0.406865181354564,0.78396255961487,1.8737721966966145,snr,0.8905198737776694,0.0,0.0,1.2599100097887619,10.61308211080469,cosine,0.824343461813077,0.7253166881604376,best_state,4568,1763,6400,0.04514973958333333,0.7020833333333334,0.7020833333333334,0.006740972222222222,0.0806,6.697808282682599,8.710711331679073,,,,,,,,,,,1.5744118433100933,1448311
ldpc,N192_M96,pSA,search,179,517,,,,0.4035772175481084,0.7903347461249941,2.330766699435528,snr,0.8889760555734638,0.0,0.0,1.772557253903752,10.555627703747803,cosine,3.203116603230697,0.7251466459379524,best_state,4272,2047,6400,0.041916232638888884,0.75,0.75,0.006740972222222222,0.0806,6.218128670031935,9.305210918114144,,,,,,,,,,,1.575443850043934,1527501
ldpc,N192_M96,pSA,search,835,518,,,,0.20560367920590505,0.2867255314424878,1.0766704121569428,llr,0.23378710426000004,0.0,0.0,0.44858472839464153,9.252191013375958,linear,0.0554580593330689,0.24761208351436512,best_state,11052,4156,19200,0.051877170138888894,0.6395833333333334,0.6395833333333334,0.006740972222222222,0.0806,7.6957994230967355,7.935277088502895,,,,,,,,,,,1.576073137189106,6722365
ldpc,N192_M96,pSA,search,622,519,,,,0.32271555417300263,0.2832443393510418,1.0114514510122201,llr,0.745081325027228,0.0,0.0,0.46122803589359224,10.273270853843984,linear,0.0645154592763213,0.33849666471686807,majority,9484,108,9600,0.0783962673611111,0.45208333333333334,0.42916666666666664,0.006740972222222222,0.0806,11.629816112084063,5.608974358974359,,,,,,,,,,,1.5767926914660424,5035618
ldpc,N192_M96,pSA,search,139,520,,,,0.3409238738875759,0.41236305848984395,3.297796108066441,fixed,0.9243788565111561,0.0,0.0,0.7449890833540272,8.224306908282413,cosine,1.5416592258894781,0.8399777174616496,best_state,4194,1990,6400,0.05389539930555556,0.5895833333333333,0.5875,0.006740972222222222,0.0806,7.9951967652209746,7.314929693961952,,,,,,,,,,,1.580200410806574,1210741
ldpc,N192_M96,pSA,search,386,521,,,,0.3573004956138717,0.45224121722039234,1.1592067406409308,llr,0.8303221829917625,0.0,0.0,0.49736325173656687,5.648649819503576,piecewise,0.47358458114794655,0.5199968006424258,majority,9411,164,9600,0.05054253472222223,0.6270833333333333,0.6270833333333333,0.006740972222222222,0.0806,7.497810858143609,7.780190239867658,,,,,,,,,,,1.5805173541022008,3166734
ldpc,N192_M96,pSA,search,553,522,,,,0.29615927932383235,0.40575314717608885,0.6429275280234381,llr,0.7492234634890927,0.0,0.0,0.4315183813273359,8.329793184689372,linear,0.09593238972432995,0.2853615580558044,majority,11250,2803,19200,0.04952256944444444,0.6729166666666666,0.6729166666666666,0.006740972222222222,0.0806,7.346502523951787,8.348842018196855,,,,,,,,,,,1.5823489160573083,4489207
ldpc,N192_M96,pSA,search,563,523,,,,0.2899414116306848,0.40487193952721434,0.6559991994534525,llr,0.7428917178570558,0.0,0.0,0.43931770885728333,8.314441984905585,linear,0.0924410194247165,0.28889833212434973,majority,11204,3446,19200,0.04763454861111111,0.6916666666666668,0.6916666666666668,0.006740972222222222,0.0806,7.06642113938395,8.58147229114971,,,,,,,,,,,1.5839811888016444,4568397
ldpc,N192_M96,pSA,search,178,524,,,,0.3924129447788931,0.4808672136728126,2.2969686472469486,snr,0.8920618320876879,0.0,0.0,1.7137941423901688,10.543617883667936,cosine,7.35338956840058,0.728948086560402,best_state,4292,2043,6400,0.05228949652777778,0.6229166666666667,0.6229166666666667,0.006740972222222222,0.0806,7.756966622025343,7.728494623655914,,,,,,,,,,,1.585186904579064,1519582
ldpc,N192_M96,pSA,search,308,525,,,,0.43561798465016127,0.6303086684356147,0.9866742733241503,llr,0.9153935874558617,0.0,0.0,0.201222048310569,4.99319559648205,linear,0.7661945617387081,0.4833825025857665,majority,9767,1358,12800,0.04505208333333333,0.7000000000000001,0.7000000000000001,0.006740972222222222,0.0806,6.6833213145152985,8.6848635235732,,,,,,,,,,,1.5858254097418214,2549052
ldpc,N192_M96,pSA,search,231,526,,,,0.464667681237383,0.37303080355231527,1.2064290526434525,llr,0.9086651463050076,0.0,0.0,0.1299220348194689,4.8983470410781305,linear,0.6594100053140468,0.5560734756237932,majority,10581,1025,12800,0.06649305555555556,0.5333333333333333,0.5291666666666667,0.006740972222222222,0.0806,9.864015658802925,6.617038875103391,,,,,,,,,,,1.5874205249375626,1939289
ldpc,N192_M96,pSA,search,370,527,,,,0.34313287855023383,0.272563076422042,0.7925277577109386,llr,0.8404941692207446,0.0,0.0,0.21948685489414368,7.673116004917345,linear,0.5312127557831522,0.5874400071130936,majority,2012,3456,12800,0.05833333333333333,0.56875,0.5604166666666667,0.006740972222222222,0.0806,8.653548985268362,7.056451612903225,,,,,,,,,,,1.587610338335085,3040030
ldpc,N192_M96,pSA,search,717,528,,,,0.1528928131682776,0.19269298053219408,1.4597055977650204,llr,0.83589501632374,0.0,0.0,0.24000902503395888,10.07419035451047,piecewise,0.05638574601651569,0.11783210443698117,majority,13783,5338,19200,0.04602864583333333,0.6958333333333334,0.6958333333333334,0.006740972222222222,0.0806,6.828190996188318,8.633167907361456,,,,,,,,,,,1.5876968013767876,5787923
ldpc,N192_M96,pSA,search,176,529,,,,0.40353993210523176,0.4785637980093626,2.3422650856010714,snr,0.8841499712443937,0.0,0.0,0.3121439264262933,11.998568371925987,cosine,6.515279652455949,0.7265827037375187,best_state,4289,2043,6400,0.05464409722222222,0.6104166666666667,0.6104166666666667,0.006740972222222222,0.0806,8.10626352117029,7.573407775020678,,,,,,,,,,,1.588452359099962,1503744
ldpc,N192_M96,pSA,search,988,530,,,,0.3361431074852757,0.26419008683770545,1.1799004504203956,llr,0.8536072147290712,0.0,0.0,0.2569545503425941,9.203909010390522,linear,0.055427406119797025,0.24290724017448515,majority,10833,5218,19200,0.06270616319444444,0.5104166666666666,0.4708333333333334,0.006740972222222222,0.0806,9.30224322653755,6.332712985938792,,,,,,,,,,,1.5887494350764548,7933972
ldpc,N192_M96,pSA,search,397,531,,,,0.44995971035023064,0.6535021159496801,1.4618792022837772,llr,0.7464299367612153,0.0,0.0,0.460509947028195,4.819407741971586,linear,0.28197909231737117,0.6559602621490249,majority,2196,8233,12800,0.044596354166666664,0.7104166666666667,0.7104166666666667,0.006740972222222222,0.0806,6.615715463067889,8.814102564102564,,,,,,,,,,,1.5911998499185789,3253843
ldpc,N192_M96,pSA,search,394,532,,,,0.3362530056772879,0.3088308740032822,0.8923434603029383,llr,0.7829625437255349,0.0,0.0,0.4952469683350087,5.750741000332074,piecewise,0.47943445407935686,0.5287764992822401,majority,1907,4043,12800,0.04973958333333334,0.6749999999999999,0.6749999999999999,0.006740972222222222,0.0806,7.3786957865457925,8.374689826302728,,,,,,,,,,,1.5919415695677748,3230086
ldpc,N192_M96,pSA,search,309,533,,,,0.44185613456457273,0.6286022047686611,1.4070816681507448,llr,0.9180824577748313,0.0,0.0,0.12241789782317541,4.996337863706159,linear,0.7684284654386763,0.4727861982592012,majority,10241,1367,12800,0.047026909722222225,0.6916666666666665,0.6916666666666665,0.006740972222222222,0.0806,6.9762800041207385,8.581472291149709,,,,,,,,,,,1.5921068821187103,2556971
ldpc,N192_M96,pSA,search,793,534,,,,0.29969125170788297,0.24290653039379437,1.4277502806253781,llr,0.8458200464428726,0.0,0.0,0.4289945335966499,7.689883688399245,linear,0.07797210807272852,0.1987972997424708,majority,9523,75,9600,0.07137586805555556,0.4895833333333333,0.46875,0.006740972222222222,0.0806,10.588364067168023,6.074234904880066,,,,,,,,,,,1.5925442712746338,6389767
ldpc,N192_M96,pSA,search,775,535,,,,0.1887847043794676,0.21807988125266553,1.5067893123091418,llr,0.7868339384231164,0.0,0.0,0.577503777616539,8.801389497164699,exponential,0.06756446057186494,0.22262169981570937,majority,11951,5474,19200,0.0484375,0.6916666666666665,0.6916666666666665,0.006740972222222222,0.0806,7.185536210981766,8.581472291149709,,,,,,,,,,,1.594404695465316,6247225
ldpc,N192_M96,pSA,search,294,536,,,,0.3694071245058474,0.5187970051126408,1.5011808961397175,llr,0.8695116778444466,0.0,0.0,0.10475161635878191,6.892873772776452,linear,0.8954028149328951,0.6112423269621463,majority,2443,568,12800,0.04886067708333333,0.6645833333333333,0.6645833333333333,0.006740972222222222,0.0806,7.248313073040074,8.245450785773366,,,,,,,,,,,1.595557471990643,2438186
ldpc,N192_M96,pSA,search,103,537,,,,0.699742480608703,1.5162163738481236,1.1156847339232303,snr,0.7459783207171148,0.0,0.0,0.03130353305595278,11.9897956581608,cosine,0.09883624779597727,0.6691537246831846,majority,3301,2343,6400,0.049305555555555554,0.6770833333333334,0.6770833333333334,0.006740972222222222,0.0806,7.314309261357783,8.400537634408602,,,,,,,,,,,1.5964956783917532,925657
ldpc,N192_M96,pSA,search,447,538,,,,0.3038273997340308,0.29361258346885655,0.8088128479205419,llr,0.742803826664231,0.0,0.0,0.5039762962291613,7.369694657189546,linear,0.07302931869958092,0.21560487544904677,last,14849,3787,19200,0.08180338541666667,0.4395833333333334,0.4395833333333334,0.006740972222222222,0.0806,12.135250334809932,5.453887510339124,,,,,,,,,,,1.5969294963854592,3649793
ldpc,N192_M96,pSA,search,555,539,,,,0.2872895615955955,0.3939214891988832,0.6772414799304949,llr,0.749376108764389,0.0,0.0,0.43450908361468027,8.1609060266156,linear,0.09498512119050392,0.2932693481282741,majority,11067,3766,19200,0.04867621527777779,0.6833333333333335,0.6833333333333335,0.006740972222222222,0.0806,7.220948799835172,8.478081058726222,,,,,,,,,,,1.597187949298458,4505045
ldpc,N192_M96,pSA,search,799,540,,,,0.2272607091228342,0.247132621436799,1.3730079486438285,llr,0.8394163466211589,0.0,0.0,0.6519963466506319,7.810165091063223,linear,0.07673133411812694,0.19220661040363318,majority,9522,76,9600,0.059299045138888895,0.55625,0.55625,0.006740972222222222,0.0806,8.796809003811683,6.90136476426799,,,,,,,,,,,1.5982027529439817,6437281
ldpc,N192_M96,pSA,search,137,541,,,,0.36328656678638743,0.43976303195900407,3.490557433270693,fixed,0.9321199059239759,0.0,0.0,0.05967204930235868,7.950287232201108,cosine,2.773702648530256,0.8377722992140701,best_state,4747,1624,6400,0.05416666666666667,0.6375000000000001,0.6354166666666666,0.006740972222222222,0.0806,8.03543834346348,7.909429280397022,,,,,,,,,,,1.5982334152080593,1194903
ldpc,N192_M96,pSA,search,769,542,,,,0.19335783400751838,0.21208303848947999,1.5463804595257526,llr,0.7854719902666387,0.0,0.0,0.5959733589133128,8.684107989621648,exponential,0.06700728666220143,0.148947986251343,majority,13384,5636,19200,0.04893663194444445,0.6875,0.6875,0.006740972222222222,0.0806,7.259580714947976,8.529776674937965,,,,,,,,,,,1.5988787154417619,6199711
ldpc,N192_M96,pSA,search,133,543,,,,0.33983072092500594,0.44149497823915757,3.2753236874601632,fixed,0.9314316060470751,0.0,0.0,0.7590482244941911,8.17990143008277,cosine,1.5558309601409686,0.8506415226332739,best_state,4691,1677,6400,0.05185546875,0.6520833333333332,0.6520833333333332,0.006740972222222222,0.0806,7.692580096837334,8.090363937138129,,,,,,,,,,,1.598929136908088,1163227
ldpc,N192_M96,pSA,search,185,544,,,,0.6495532597936877,1.1313075826291714,1.5961036140602758,snr,0.8343382719185173,0.0,0.0,1.0009934981384887,11.274761466500582,linear,2.359381712803764,0.6472469566419852,majority,3923,2124,6400,0.04615885416666667,0.7145833333333335,0.7145833333333335,0.006740972222222222,0.0806,6.8475069537447215,8.86579818031431,,,,,,,,,,,1.5989848112362766,1575015
ldpc,N192_M96,pSA,search,282,545,,,,0.5030888866766798,0.4204401506871128,1.309269385450041,llr,0.8333300242157932,0.0,0.0,0.08777109498788677,6.021784817852708,linear,1.101916041372913,0.5926212022027421,majority,11266,1226,12800,0.06582031249999999,0.525,0.5104166666666667,0.006740972222222222,0.0806,9.764216544761512,6.513647642679901,,,,,,,,,,,1.6013983852806346,2343158
ldpc,N192_M96,pSA,search,935,546,,,,0.19905331260957349,0.29781952594440053,1.4079967184882798,llr,0.8312787083911782,0.0,0.0,0.25062762806487937,10.421526627307061,linear,0.05976498726673171,0.2275912523705742,majority,10535,5226,19200,0.04607204861111111,0.725,0.725,0.006740972222222222,0.0806,6.834629648707119,8.995037220843672,,,,,,,,,,,1.6031517520576826,7514265
ldpc,N192_M96,pSA,search,890,547,,,,0.2754015123023673,0.21442131656171812,1.2750885049001415,llr,0.8412941317171839,0.0,0.0,0.2325315454136046,11.247304891120612,cosine,0.0588653055827179,0.3518687798227462,majority,9048,4616,19200,0.06755642361111111,0.5145833333333334,0.47083333333333327,0.006740972222222222,0.0806,10.021762645513547,6.384408602150538,,,,,,,,,,,1.6038019884157966,7157910
ldpc,N192_M96,pSA,search,561,548,,,,0.2843012991732856,0.3887972536112922,0.687022191150706,llr,0.7532033339583052,0.0,0.0,0.3174991801574681,8.238004015903012,linear,0.056869906048018046,0.2846578494318429,majority,11025,3749,19200,0.04928385416666667,0.6958333333333333,0.6958333333333333,0.006740972222222222,0.0806,7.311089935098384,8.633167907361456,,,,,,,,,,,1.604948413742646,4552559
ldpc,N192_M96,pSA,search,100,549,,,,0.7568671842294707,1.531252233273451,1.114721265114729,snr,0.748336464125839,0.0,0.0,0.030057716886081522,11.920928180206552,cosine,0.5988590428748688,0.04386996066238007,majority,3965,2279,6400,0.050217013888888884,0.69375,0.69375,0.006740972222222222,0.0806,7.449520964252601,8.607320099255583,,,,,,,,,,,1.6072766479238179,901900
ldpc,N192_M96,pSA,search,175,550,,,,0.6046100341561323,0.7915860620007005,2.3622378819229484,snr,0.8963933896629293,0.0,0.0,1.2560832560284818,10.680595649820896,cosine,7.336945197953308,0.7267506478367443,best_state,4580,1769,6400,0.05078125,0.6833333333333335,0.6833333333333335,0.006740972222222222,0.0806,7.533223446997012,8.478081058726222,,,,,,,,,,,1.6083791245092358,1495825
ldpc,N192_M96,pSA,search,262,551,,,,0.5567905484461856,0.4711185853269985,1.4505287044570152,llr,0.8887262888926637,0.0,0.0,0.0854154165949106,6.303660736731484,linear,0.9453071727097991,0.43876755551439867,majority,9523,1315,12800,0.06502821180555556,0.5208333333333334,0.5145833333333333,0.006740972222222222,0.0806,9.646711136293396,6.461952026468156,,,,,,,,,,,1.6088440852816075,2184778
ldpc,N192_M96,pSA,search,118,552,,,,0.71251235041561,1.5137466804722608,1.6482835762876225,snr,0.8183792826170336,0.0,0.0,0.04539542202071893,9.853186945318589,cosine,3.0115053961634968,0.7058003343695218,majority,3947,2203,6400,0.045572916666666664,0.7333333333333334,0.7333333333333334,0.006740972222222222,0.0806,6.760585144740909,9.098428453267163,,,,,,,,,,,1.6093935367217909,1044442
ldpc,N192_M96,pSA,search,342,553,,,,0.4953883099386045,0.4690154158743178,5.236182719930405,llr,0.8595861899149763,0.0,0.0,0.3636632881117921,6.443755957291844,linear,0.4969346292018624,0.5101320119128888,majority,2363,1633,12800,0.06051432291666666,0.5541666666666667,0.5499999999999999,0.006740972222222222,0.0806,8.977091274338106,6.875516956162118,,,,,,,,,,,1.61034273909015,2818298
ldpc,N192_M96,pSA,search,484,554,,,,0.2483948010476493,0.1679135440145031,1.1586781932720684,llr,0.7553600813701071,0.0,0.0,0.3573861107964658,9.13356349509258,linear,0.053953519635629756,0.3635918715876743,majority,10955,4370,19200,0.0697482638888889,0.5479166666666667,0.4979166666666666,0.006740972222222222,0.0806,10.346914597712992,6.7979735318445,,,,,,,,,,,1.6106812924652885,3942796
ldpc,N192_M96,pSA,search,330,555,,,,0.6802328842723127,0.5686990653399486,1.1024114956525501,llr,0.8860759826706566,0.0,0.0,0.5378538981779467,5.651240028837628,linear,0.5957055910181364,0.5719726244691681,majority,1965,487,12800,0.07366536458333334,0.4895833333333333,0.4708333333333334,0.006740972222222222,0.0806,10.92800298753477,6.074234904880066,,,,,,,,,,,1.6111084928294186,2723270
ldpc,N192_M96,pSA,search,193,556,,,,0.5574043099553281,0.6606004553071229,1.7872511091169097,snr,0.9686285160006681,0.0,0.0,0.2382403712327022,7.218816705186749,linear,1.3274251966951593,0.5306132754950461,majority,4108,2204,6400,0.04772135416666667,0.7104166666666667,0.7104166666666667,0.006740972222222222,0.0806,7.079298444421552,8.814102564102564,,,,,,,,,,,1.6135338732050035,1638367
ldpc,N192_M96,pSA,search,931,557,,,,0.19989039844127812,0.2980963383187734,1.4373454808009534,llr,0.8325849126664174,0.0,0.0,0.22569410788203004,10.279378670720536,cosine,0.06011116169350951,0.2362386538102868,majority,13481,5606,19200,0.045768229166666674,0.7312500000000001,0.7312500000000001,0.006740972222222222,0.0806,6.789559081075514,9.07258064516129,,,,,,,,,,,1.613716930138289,7482589
ldpc,N192_M96,pSA,search,191,558,,,,0.6583441929965044,1.0984894897089246,1.6223035534964043,snr,0.8382584141685291,0.0,0.0,0.04815227742742322,5.5023583826408755,linear,1.1423918432770732,0.7696202690293629,majority,3978,2137,6400,0.04686414930555555,0.7333333333333334,0.7333333333333334,0.006740972222222222,0.0806,6.952135057175234,9.098428453267163,,,,,,,,,,,1.613855229109658,1622529
ldpc,N192_M96,pSA,search,97,559,,,,0.7330164897814533,1.4783608965165294,1.1521675803767137,snr,0.7435747954356201,0.0,0.0,0.030012507094259677,10.802971689864373,cosine,0.5663601522365377,0.7087366773887607,majority,3296,2618,6400,0.04911024305555555,0.7020833333333334,0.7020833333333334,0.006740972222222222,0.0806,7.285335325023179,8.710711331679073,,,,,,,,,,,1.6164784040421944,878143
ldpc,N192_M96,pSA,search,454,560,,,,0.3134843751171565,0.29399275677396186,0.8136029161603178,llr,0.7413241166570157,0.0,0.0,0.3883784825650906,7.344435272674565,linear,0.07429863008964178,0.20613257354641,last,15388,3614,19200,0.08710937499999999,0.4375,0.4354166666666666,0.006740972222222222,0.0806,12.922375605233336,5.42803970223325,,,,,,,,,,,1.6170863234927129,3705226
ldpc,N192_M96,pSA,search,274,561,,,,0.4228538045409194,0.57527500771263,1.1455820348686707,llr,0.8607102379960817,0.0,0.0,0.07723185792428748,5.570807849635576,linear,0.8176918920872532,0.516103928468846,last,9197,800,12800,0.057942708333333336,0.6083333333333333,0.6083333333333333,0.006740972222222222,0.0806,8.595601112599155,7.547559966914805,,,,,,,,,,,1.6182448384155899,2279806
ldpc,N192_M96,pSA,search,278,562,,,,0.5049003324407955,0.40613718836141965,1.308638258331767,llr,0.8315214919069781,0.0,0.0,0.08816448449356254,4.030899076478752,linear,1.0643146917831032,0.5892499606565365,majority,11294,1229,12800,0.060959201388888884,0.5791666666666667,0.56875,0.006740972222222222,0.0806,9.043087462655816,7.185690653432589,,,,,,,,,,,1.6182965667082276,2311482
ldpc,N192_M96,pSA,search,292,563,,,,0.3705950115169637,0.5208391131771516,1.523025583983054,llr,0.802596215204138,0.0,0.0,0.1066068606322853,7.004969339990545,linear,1.197872314972551,0.6196444885045367,majority,2720,618,12800,0.04971788194444444,0.6916666666666668,0.6916666666666668,0.006740972222222222,0.0806,7.37547646028639,8.58147229114971,,,,,,,,,,,1.6194652913672702,2422348
ldpc,N192_M96,pSA,search,297,564,,,,0.5812933651057063,0.5188337120183993,0.7408073477929021,llr,0.8008179064322044,0.0,0.0,0.10705538993360383,6.925653978295609,linear,1.1764056261887816,0.6128276805600198,majority,2532,422,12800,0.07924262152777778,0.5145833333333333,0.5083333333333334,0.006740972222222222,0.0806,11.75536983620068,6.384408602150536,,,,,,,,,,,1.6212587028211287,2461943
ldpc,N192_M96,pSA,search,794,565,,,,0.22600399425371337,0.25076845696353156,1.4058089057210825,llr,0.8407154451935085,0.0,0.0,0.6477801196733911,7.7299544543457595,linear,0.05017265237976117,0.17839315141229609,majority,9519,78,9600,0.06293402777777778,0.5875,0.5875,0.006740972222222222,0.0806,9.336046152261256,7.2890818858560795,,,,,,,,,,,1.623813424375958,6397686
ldpc,N192_M96,pSA,search,319,566,,,,0.5543972779315608,0.5691432452477392,0.5346067558962031,llr,0.8454134251792439,0.0,0.0,0.09711809338021074,6.368511775172485,linear,0.902690760794741,0.6433108613227375,majority,3314,640,12800,0.058235677083333326,0.63125,0.63125,0.006740972222222222,0.0806,8.639062017101061,7.831885856079404,,,,,,,,,,,1.62546896775517,2636161
ldpc,N192_M96,pSA,search,335,567,,,,0.6826694732651489,0.5597423232044859,1.1043119794789216,llr,0.8839184047530376,0.0,0.0,0.5791854534215445,5.700899460258197,linear,0.6169155603316937,0.5670182916366309,majority,2781,811,12800,0.07071397569444444,0.5,0.48124999999999996,0.006740972222222222,0.0806,10.49017461625631,6.203473945409429,,,,,,,,,,,1.6257567315422752,2762865
ldpc,N192_M96,pSA,search,101,568,,,,0.7866494277874891,1.5482211063316078,1.1013193226130156,snr,0.7503421375245292,0.0,0.0,0.03081157440303418,10.825532375359554,cosine,0.5890562250516949,0.7304079884115844,majority,3305,2313,6400,0.04970703125,0.7145833333333335,0.7145833333333335,0.006740972222222222,0.0806,7.373866797156691,8.86579818031431,,,,,,,,,,,1.6289065430131027,909819
ldpc,N192_M96,pSA,search,924,569,,,,0.27932123544208565,0.30468294713845273,1.7538286874621452,fixed,0.8651531134205162,0.0,0.0,0.19531731171156583,8.405229136571876,linear,0.06491494921683695,0.28208053917497705,majority,11274,4853,19200,0.0522243923611111,0.6708333333333333,0.6708333333333333,0.006740972222222222,0.0806,7.74730864324714,8.322994210090982,,,,,,,,,,,1.6289540597801477,7427156
ldpc,N192_M96,pSA,search,948,570,,,,0.30680027163127255,0.3583385656625038,6.181004576663698,llr,0.8056462246298822,0.0,0.0,0.18556667281526804,11.810406650730435,linear,0.07355531350790308,0.21696676761412867,majority,13948,5138,19200,0.057421875000000004,0.6104166666666667,0.6104166666666667,0.006740972222222222,0.0806,8.518337282373546,7.573407775020678,,,,,,,,,,,1.6295648287934035,7617212
ldpc,N192_M96,pSA,search,302,571,,,,0.438782596085635,0.634131136803125,1.4190751934461836,llr,0.9125328240148831,0.0,0.0,0.14328922802151342,5.123202336514569,exponential,0.7494235170361733,0.5000924602425654,majority,9307,927,12800,0.04918619791666667,0.7229166666666668,0.7229166666666668,0.006740972222222222,0.0806,7.296602966931081,8.969189412737801,,,,,,,,,,,1.6322740386182544,2501538
ldpc,N192_M96,pSA,search,391,572,,,,0.33768336145357375,0.4682670683880686,1.181691383003165,llr,0.8240685294856396,0.0,0.0,0.38411300571408136,5.864230905222032,piecewise,0.39730203265247144,0.5194596478749268,majority,9344,193,9600,0.050390625,0.7062500000000002,0.7062500000000002,0.006740972222222222,0.0806,7.475275574327805,8.76240694789082,,,,,,,,,,,1.6383557185405622,3206329
ldpc,N192_M96,pSA,search,268,573,,,,0.4294293738934123,0.5656389162208395,1.124475899079349,llr,0.8576814431385038,0.0,0.0,0.07427887319305747,5.337279968474465,linear,0.842701856617816,0.5203357751134505,last,9078,1461,12800,0.06067708333333333,0.6166666666666667,0.6166666666666667,0.006740972222222222,0.0806,9.00123622128361,7.650951199338296,,,,,,,,,,,1.6392534137097197,2232292
ldpc,N192_M96,pSA,search,627,574,,,,0.22573019509863998,0.3515893197523399,0.8652594162631326,llr,0.7597078289777539,0.0,0.0,0.41492179299266724,10.504124611428187,linear,0.08009779573142628,0.35887593201544127,majority,12627,5973,19200,0.047243923611111106,0.75625,0.75625,0.006740972222222222,0.0806,7.008473266714741,9.382754342431761,,,,,,,,,,,1.6397179758384763,5075213
ldpc,N192_M96,pSA,search,238,575,,,,0.2965238637078639,0.3732042983169587,1.0436093733486944,llr,0.9111025824518292,0.0,0.0,0.1312941819797569,4.939551502967015,linear,0.6893701123090167,0.5476053431228219,majority,10591,1040,12800,0.048502604166666664,0.7354166666666666,0.7354166666666666,0.006740972222222222,0.0806,7.195194189759967,9.124276261373033,,,,,,,,,,,1.6403096977488254,1994722
ldpc,N192_M96,pSA,search,279,576,,,,0.5082402332961201,0.40547190452966725,1.336144944613317,llr,0.8329391961445036,0.0,0.0,0.08689831433643871,5.694551615299681,linear,1.0746326859606055,0.5914507895369777,majority,10081,1217,12800,0.06888020833333335,0.5437500000000001,0.5354166666666667,0.006740972222222222,0.0806,10.218141547336975,6.746277915632755,,,,,,,,,,,1.640774306148904,2319401
ldpc,N192_M96,pSA,search,286,577,,,,0.5167800982985506,0.40879246368885197,1.3284849283582474,llr,0.830839345695895,0.0,0.0,0.08827242406106191,5.825614756480907,linear,1.0608993751666511,0.5926386615807591,majority,9897,1205,12800,0.06902126736111112,0.5395833333333333,0.5333333333333333,0.006740972222222222,0.0806,10.239067168023078,6.6945822994210085,,,,,,,,,,,1.6417230736586976,2374834
ldpc,N192_M96,pSA,search,920,578,,,,0.2729278926978686,0.3126715255060502,1.7484728079946743,fixed,0.8664159924664756,0.0,0.0,0.2927507618423446,8.563212149506052,linear,0.06674238085727749,0.2819132747652182,majority,10210,6952,19200,0.051595052083333336,0.7062499999999999,0.7062499999999999,0.006740972222222222,0.0806,7.653948181724529,8.762406947890817,,,,,,,,,,,1.6418419272529103,7395480
ldpc,N192_M96,pSA,search,277,579,,,,0.5155641420333648,0.40815288856104737,1.313240074566314,llr,0.8296065229771408,0.0,0.0,0.14726648923258284,5.83432012741462,linear,1.075152338161181,0.5915386506790653,majority,9882,1214,12800,0.07042100694444445,0.5354166666666667,0.5229166666666667,0.006740972222222222,0.0806,10.446713711754406,6.642886683209263,,,,,,,,,,,1.6423998031027494,2303563
ldpc,N192_M96,pSA,search,994,580,,,,0.3396058957938522,0.26210087910420177,1.1919951964060551,llr,0.7659423187388958,0.0,0.0,0.3110021607535062,9.396200557577783,linear,0.055397375490569306,0.23759943476382323,majority,10718,5151,19200,0.07326388888888889,0.5437500000000001,0.4791666666666667,0.006740972222222222,0.0806,10.868445451735862,6.746277915632755,,,,,,,,,,,1.6443924968598493,7981486
ldpc,N192_M96,pSA,search,589,581,,,,0.17484753237666223,0.24356112452656967,1.2516958145788297,llr,0.8098325760087094,0.0,0.0,0.5431135402737124,8.852632709576648,linear,0.08897441979146177,0.3058737329497569,majority,9973,4751,19200,0.04828559027777778,0.7541666666666668,0.7541666666666668,0.006740972222222222,0.0806,7.163000927165964,9.35690653432589,,,,,,,,,,,1.6453671952409652,4774291
ldpc,N192_M96,pSA,search,841,582,,,,0.3139431676709451,0.22882453651232548,1.5469202438564127,llr,0.847206888127441,0.0,0.0,0.5517216002371269,7.229341470735432,piecewise,0.06270812300691707,0.1980863305943485,majority,10393,3614,19200,0.06741536458333335,0.55,0.53125,0.006740972222222222,0.0806,10.000837024827446,6.823821339950372,,,,,,,,,,,1.6457999642672052,6769879
ldpc,N192_M96,pSA,search,703,583,,,,0.17500230134795547,0.2579574291792827,1.649049663797024,llr,0.7906992489528158,0.0,0.0,0.25655601123140137,9.66307234495717,piecewise,0.05055664953561192,0.22078224609604252,majority,12092,5595,19200,0.04828559027777778,0.7541666666666668,0.7541666666666668,0.006740972222222222,0.0806,7.163000927165964,9.35690653432589,,,,,,,,,,,1.6491176384398532,5677057
ldpc,N192_M96,pSA,search,506,584,,,,0.35865675792209833,0.30857819488171956,0.5888792315664761,llr,0.7652753580833411,0.0,0.0,0.34517343778753556,9.659023942962994,linear,0.08313900877549928,0.30232237195749245,majority,10465,3142,19200,0.06359592013888889,0.6437499999999999,0.6187499999999999,0.006740972222222222,0.0806,9.434235603172969,7.986972704714639,,,,,,,,,,,1.6500965836402774,4117014
ldpc,N192_M96,pSA,search,124,585,,,,0.4482724300811918,0.9389496140009087,2.722137111899417,snr,0.8571933257694856,0.0,0.0,0.0462646858908743,8.881102060098652,cosine,1.9074415703501892,0.7867986972270815,best_state,4419,1905,6400,0.04473741319444444,0.8104166666666667,0.8104166666666667,0.006740972222222222,0.0806,6.636641083753992,10.05479735318445,,,,,,,,,,,1.6540391057821797,1091956
ldpc,N192_M96,pSA,search,934,586,,,,0.15948558931901738,0.23408121660092931,1.407970842140227,llr,0.8339057526648481,0.0,0.0,0.22660518669167853,10.265345019413989,cosine,0.060724961545905336,0.23083248953603633,majority,13357,5709,19200,0.04758029513888889,0.7729166666666666,0.7729166666666666,0.006740972222222222,0.0806,7.058372823735449,9.58953680727874,,,,,,,,,,,1.6548056033666612,7506346
ldpc,N192_M96,pSA,search,758,587,,,,0.2683364463672721,0.2639410560975001,2.486681913772079,fixed,0.8225901980431696,0.0,0.0,0.5481880455181759,8.311929034450827,linear,0.05337440285809221,0.11836341804327788,last,12491,6057,19200,0.08130425347222221,0.4666666666666666,0.4666666666666666,0.006740972222222222,0.0806,12.06120583084372,5.789909015715466,,,,,,,,,,,1.6555646533949167,6112602
ldpc,N192_M96,pSA,search,174,588,,,,0.391732956426399,0.7878596895862647,2.4011459830460153,snr,0.898890457515551,0.0,0.0,1.8500955679964821,10.571043203151175,cosine,6.7377886526055075,0.7231509494970136,best_state,4276,2051,6400,0.04937065972222222,0.7958333333333334,0.7958333333333334,0.006740972222222222,0.0806,7.323967240135984,9.873862696443341,,,,,,,,,,,1.656084668141344,1487906
ldpc,N192_M96,pSA,search,236,589,,,,0.46416425082009105,0.37436820039784446,1.0268169318604226,llr,0.9013763354352714,0.0,0.0,0.1319898130833429,4.779021999729769,linear,0.6747898586208103,0.5561015478332739,majority,10695,1056,12800,0.07251519097222223,0.5625,0.55625,0.006740972222222222,0.0806,10.757378695786548,6.978908188585607,,,,,,,,,,,1.6561891719996964,1978884
ldpc,N192_M96,pSA,search,177,590,,,,0.4028508681208303,0.7956083159211756,2.3344922568763526,snr,0.8932366545038268,0.0,0.0,0.33045847201266826,11.969640548299385,cosine,6.770697524162544,0.729297885300837,best_state,4262,2060,6400,0.04760199652777778,0.78125,0.78125,0.006740972222222222,0.0806,7.0615921499948495,9.692928039702233,,,,,,,,,,,1.6581609155836188,1511663
ldpc,N192_M96,pSA,search,852,591,,,,0.31886831275296185,0.22705534062100757,1.5886283551417701,llr,0.826688273300642,0.0,0.0,0.5441376211075397,7.106822574452609,piecewise,0.06302176199454176,0.20299546976377308,majority,11825,3941,19200,0.07092013888888889,0.5729166666666666,0.5541666666666667,0.006740972222222222,0.0806,10.520758215720614,7.10814722911497,,,,,,,,,,,1.6592579003182806,6856988
ldpc,N192_M96,pSA,search,757,592,,,,0.2714600506136604,0.2647291807548312,2.291059591781896,fixed,0.8248034309969291,0.0,0.0,0.536875071806967,7.953331689176161,linear,0.05394238170070424,0.17791357463372395,last,12530,6142,19200,0.08230251736111112,0.47708333333333336,0.4729166666666667,0.006740972222222222,0.0806,12.209294838776142,5.91914805624483,,,,,,,,,,,1.6592694421391168,6104683
ldpc,N192_M96,pSA,search,200,593,,,,0.5709717238940305,0.7184293333840074,1.818116240552742,snr,0.9787656300475569,0.0,0.0,0.10542939622039395,7.549393421643937,linear,0.8985897426311658,0.596186933408611,majority,3480,2221,6400,0.04981553819444445,0.7458333333333332,0.7458333333333332,0.006740972222222222,0.0806,7.389963428453695,9.253515301902397,,,,,,,,,,,1.659460171438617,1693800
ldpc,N192_M96,pSA,search,135,594,,,,0.3402845803781315,0.3998393397808317,3.2893964505820694,fixed,0.9382796137224255,0.0,0.0,0.708842926184731,8.344511663087397,cosine,2.617299766893544,0.8584217775261318,best_state,4131,2028,6400,0.061230468749999996,0.6333333333333334,0.6333333333333334,0.006740972222222222,0.0806,9.08332904089832,7.857733664185278,,,,,,,,,,,1.6618308637751078,1179065
ldpc,N192_M96,pSA,search,270,595,,,,0.4232990621803305,0.5761258446912602,1.1323289059760608,llr,0.8539882553387675,0.0,0.0,0.1555836629016242,5.438955009331045,linear,0.8346343019507414,0.5180173657466283,last,9070,790,12800,0.061252170138888895,0.65,0.6479166666666667,0.006740972222222222,0.0806,9.086548367157722,8.064516129032258,,,,,,,,,,,1.664262498767344,2248130
ldpc,N192_M96,pSA,search,298,596,,,,0.6106228367273647,0.523284097959543,1.5857680250446864,llr,0.8622484857765627,0.0,0.0,0.1065166340186521,3.0470710512261006,linear,1.2158450992849794,0.6209529956201983,majority,2503,488,12800,0.06598307291666668,0.58125,0.5791666666666667,0.006740972222222222,0.0806,9.788361491707017,7.211538461538462,,,,,,,,,,,1.6643313649074722,2469862
ldpc,N192_M96,pSA,search,107,597,,,,0.6758559212107945,1.6143012945498991,1.1808680562065075,snr,0.735806493597533,0.0,0.0,0.030641980130496318,10.784980609026425,cosine,0.6034607906012509,0.043130711442923325,majority,3271,2331,6400,0.05054253472222222,0.75625,0.75625,0.006740972222222222,0.0806,7.497810858143607,9.382754342431761,,,,,,,,,,,1.664455724593614,957333
ldpc,N192_M96,pSA,search,623,598,,,,0.3251406954223097,0.28211157124361513,1.0295779012301793,llr,0.7336439512104808,0.0,0.0,0.48658037000491655,10.54985649243194,linear,0.06503860590388383,0.3446124595260078,majority,9471,118,9600,0.08580729166666667,0.48541666666666666,0.4708333333333334,0.006740972222222222,0.0806,12.729216029669312,6.0225392886683204,,,,,,,,,,,1.6677776980614907,5043537
ldpc,N192_M96,pSA,search,665,599,,,,0.2699718805250012,0.41042274636505655,1.146019002675512,llr,0.7262491005388656,0.0,0.0,0.39170074061412935,6.451136349948897,linear,0.08558526300013357,0.16432481812568675,majority,11502,6509,19200,0.05015190972222222,0.78125,0.78125,0.006740972222222222,0.0806,7.4398629854744,9.692928039702233,,,,,,,,,,,1.6687330519578971,5376135
ldpc,N192_M96,pSA,search,411,600,,,,0.5142206308536829,0.5014585808823707,0.6604525492352583,llr,0.6989284720107952,0.0,0.0,0.3039683691096123,5.273433520512,linear,0.6782674279223067,0.47479706729942517,majority,9994,2542,12800,0.05992838541666667,0.6583333333333333,0.6583333333333333,0.006740972222222222,0.0806,8.890169465334296,8.167907361455748,,,,,,,,,,,1.6706949656864256,3364709
ldpc,N192_M96,pSA,search,635,601,,,,0.22411901516640714,0.15891414995509429,1.1303269668989155,llr,0.6580357514763441,0.0,0.0,0.4037415095084842,10.8578668381257,linear,0.08037568551145316,0.3606596684831711,majority,13122,5641,19200,0.06754557291666667,0.6,0.5645833333333333,0.006740972222222222,0.0806,10.020152982383848,7.444168734491314,,,,,,,,,,,1.670818106109996,5138565
ldpc,N192_M96,pSA,search,927,602,,,,0.20120544430950146,0.3315933102654655,1.3690552442041253,llr,0.8338032447300057,0.0,0.0,0.21907837554694723,10.221714077646594,linear,0.05993545650947112,0.23403979329571806,majority,10233,4538,19200,0.0474609375,0.80625,0.80625,0.006740972222222222,0.0806,7.040666529308747,10.003101736972704,,,,,,,,,,,1.6776136423733832,7450913
ldpc,N192_M96,pSA,search,445,603,,,,0.3096955541145538,0.2875522526507965,0.774146550002949,llr,0.7420680310034229,0.0,0.0,0.5085857602683342,7.161787680359879,linear,0.07717043995608602,0.31146637452041614,last,11065,4178,19200,0.09631076388888891,0.46249999999999997,0.45625,0.006740972222222222,0.0806,14.287369939219124,5.738213399503722,,,,,,,,,,,1.678893532128588,3633955
ldpc,N192_M96,pSA,search,269,604,,,,0.42124762180793557,0.5747663349517919,1.1941683470440907,llr,0.8487227926360092,0.0,0.0,0.07627003086878013,5.323472705096813,linear,0.8267732503458806,0.5323800097249977,last,9106,854,12800,0.0595703125,0.6729166666666666,0.6729166666666666,0.006740972222222222,0.0806,8.837050582054188,8.348842018196855,,,,,,,,,,,1.6792770169605822,2240211
ldpc,N192_M96,pSA,search,130,605,,,,0.4236470487638783,0.965336936848693,2.432152894051277,snr,0.8551466143436881,0.0,0.0,1.0504947555029824,9.250932773492133,cosine,1.869651568089403,0.7979503356050838,best_state,4390,1923,6400,0.04944661458333333,0.8020833333333334,0.8020833333333334,0.006740972222222222,0.0806,7.335234882043886,9.951406120760959,,,,,,,,,,,1.6796078827196819,1139470
ldpc,N192_M96,pSA,search,180,606,,,,0.39743274475309504,0.48750258972089444,4.225895446711043,snr,0.8837790604161806,0.0,0.0,1.7708283609422037,10.588131831385438,cosine,7.772576948503536,0.7259583295525921,best_state,4005,2259,6400,0.05902777777777778,0.6729166666666667,0.6729166666666667,0.006740972222222222,0.0806,8.756567425569179,8.348842018196857,,,,,,,,,,,1.6807762493166067,1535420
ldpc,N192_M96,pSA,search,173,607,,,,0.3936301585520064,0.48331999464471376,4.128945208630376,snr,0.8987418950185282,0.0,0.0,1.7895643782769954,10.724691180986762,cosine,7.416502966191629,0.7290273406772019,best_state,4257,2052,6400,0.06044921875,0.6625,0.6625,0.006740972222222222,0.0806,8.967433295559905,8.219602977667494,,,,,,,,,,,1.6810201894135677,1479987
ldpc,N192_M96,pSA,search,233,608,,,,0.4580788742394613,0.3777166420252384,1.0357989558216416,llr,0.9094755614587925,0.0,0.0,0.13145177100749716,4.538955287227367,linear,0.6738308839163645,0.5488507342357859,majority,10639,995,12800,0.0686740451388889,0.5645833333333333,0.5645833333333333,0.006740972222222222,0.0806,10.187557947872671,7.00475599669148,,,,,,,,,,,1.682196788301492,1955127
ldpc,N192_M96,pSA,search,132,609,,,,0.4384076895092033,0.9545470209669634,2.740983139140873,snr,0.8713409225832836,0.0,0.0,0.7324531491324668,9.032175897321506,cosine,1.9945781105214566,0.7947871300633574,best_state,4424,1906,6400,0.048187934027777775,0.8104166666666667,0.8104166666666667,0.006740972222222222,0.0806,7.14851395899866,10.05479735318445,,,,,,,,,,,1.6825809299801135,1155308
ldpc,N192_M96,pSA,search,106,610,,,,0.7525584830465109,1.6491455899195406,1.0597917759451037,snr,0.7720366620471879,0.0,0.0,0.030314143331827928,10.867432987190764,cosine,0.6025076179091917,0.6250202704037405,majority,3312,2327,6400,0.05330946180555556,0.7604166666666666,0.7604166666666666,0.006740972222222222,0.0806,7.908274956217164,9.434449958643507,,,,,,,,,,,1.6838493869988767,949414
ldpc,N192_M96,pSA,search,594,611,,,,0.17529513952465592,0.253979824957361,1.2544968665050777,llr,0.8132160650053518,0.0,0.0,0.4765994971857463,9.078792783039416,linear,0.08821986813283572,0.34399731480696694,majority,11653,3639,19200,0.050585937500000004,0.7937499999999998,0.7937499999999998,0.006740972222222222,0.0806,7.50424951066241,9.848014888337467,,,,,,,,,,,1.6850322379800229,4813886
ldpc,N192_M96,pSA,search,698,612,,,,0.17366535182493334,0.26117451902126065,1.8282752997589033,llr,0.786703655379193,0.0,0.0,0.28734354795184647,11.935535557639943,piecewise,0.05111435629322542,0.22359753298867105,majority,12928,5815,19200,0.05108506944444444,0.7604166666666666,0.7604166666666666,0.006740972222222222,0.0806,7.578294014628619,9.434449958643507,,,,,,,,,,,1.686817076367966,5637462
ldpc,N192_M96,pSA,search,662,613,,,,0.2685893591248899,0.40571645424847685,1.1226461674450634,llr,0.6943880777693469,0.0,0.0,0.38546076546830127,6.435089301017187,linear,0.08857191423250939,0.26723906409305104,majority,11427,5869,19200,0.049793836805555554,0.8145833333333332,0.8145833333333332,0.006740972222222222,0.0806,7.386744102194293,10.106492969396193,,,,,,,,,,,1.6914648626854505,5352378
ldpc,N192_M96,pSA,search,907,614,,,,0.16884380180600522,0.2655095050698977,1.2021741976770575,llr,0.7766215137580872,0.0,0.0,0.26559449882276986,9.724800303264539,linear,0.05089449847487454,0.3256967912802276,majority,10740,4932,19200,0.04847005208333333,0.8166666666666668,0.8166666666666668,0.006740972222222222,0.0806,7.1903652003708665,10.132340777502069,,,,,,,,,,,1.6933690572651092,7292533
ldpc,N192_M96,pSA,search,306,615,,,,0.43500557281589375,0.637403365605518,0.9803784483896829,llr,0.4334539896891397,0.0,0.0,0.14486325690540208,4.997169835261663,exponential,0.7699620426671597,0.49762419163371857,majority,8681,1527,12800,0.05224609375,0.7729166666666667,0.7729166666666667,0.006740972222222222,0.0806,7.750527969506542,9.589536807278742,,,,,,,,,,,1.69557243873313,2533214
ldpc,N192_M96,pSA,search,131,616,,,,0.44322858455435743,1.0062664713483542,2.897717748296068,snr,0.8637249088852761,0.0,0.0,1.1652758491136148,9.128270251729518,cosine,1.9753248501608243,0.775643914991121,best_state,4410,1910,6400,0.049392361111111116,0.8145833333333332,0.8145833333333332,0.006740972222222222,0.0806,7.327186566395386,10.106492969396193,,,,,,,,,,,1.6966381977431708,1147389
ldpc,N192_M96,pSA,search,918,617,,,,0.27405091596479547,0.3103255733843622,1.7793598486360829,fixed,0.8122043932898598,0.0,0.0,0.21779860211465477,8.488470934357977,linear,0.06627155411095836,0.2852780761996614,majority,10315,4467,19200,0.05591362847222222,0.7312500000000001,0.7312500000000001,0.006740972222222222,0.0806,8.294594107345215,9.07258064516129,,,,,,,,,,,1.6984537859667796,7379642
ldpc,N192_M96,pSA,search,682,618,,,,0.26613852988830394,0.2889368378905977,0.8408563715368444,llr,0.511060379042591,0.0,0.0,0.23679822066950496,9.10128315474892,piecewise,0.050338251722042086,0.21505929905339383,majority,11973,3675,19200,0.06272786458333333,0.6708333333333334,0.6708333333333334,0.006740972222222222,0.0806,9.305462552796952,8.322994210090984,,,,,,,,,,,1.7001584797255394,5510758
ldpc,N192_M96,pSA,search,260,619,,,,0.5906553530160866,0.4729416019387911,1.4567879259069199,llr,0.8866046312734316,0.0,0.0,0.09930687913224832,6.206128500641955,linear,0.9559371910523636,0.49314624547411223,majority,9513,1293,12800,0.07623697916666666,0.56875,0.5645833333333333,0.006740972222222222,0.0806,11.30949314927372,7.056451612903225,,,,,,,,,,,1.7003115978317471,2168940
ldpc,N192_M96,pSA,search,733,620,,,,0.24324752824976742,0.28185771311389685,7.914152042637146,llr,0.7323798570162895,0.0,0.0,0.31826934246841676,9.686975840777016,piecewise,0.06089745554882199,0.20432169732914107,majority,11095,4290,19200,0.06277126736111112,0.6583333333333333,0.6583333333333333,0.006740972222222222,0.0806,9.311901205315753,8.167907361455748,,,,,,,,,,,1.7026665690223237,5914627
ldpc,N192_M96,pSA,search,671,621,,,,0.2695083016836478,0.41714288739224814,1.1511209930390776,llr,0.7261701558868549,0.0,0.0,0.38254032147998474,6.431488685921325,linear,0.09016155051087116,0.2600076086004785,majority,12929,6042,19200,0.04991319444444445,0.8145833333333332,0.8145833333333332,0.006740972222222222,0.0806,7.404450396620996,10.106492969396193,,,,,,,,,,,1.7052797929750838,5423649
ldpc,N192_M96,pSA,search,276,622,,,,0.4152414462401452,0.5786164007720207,1.1447022041237267,llr,0.9471998935303845,0.0,0.0,0.07490754902678338,5.392695258828433,linear,0.8241702084613334,0.6172022210786294,last,9018,1407,12800,0.06128472222222222,0.6979166666666666,0.6979166666666666,0.006740972222222222,0.0806,9.091377356546822,8.659015715467328,,,,,,,,,,,1.7092548010135409,2295644
ldpc,N192_M96,pSA,search,999,623,,,,0.22920574830204618,0.21546754400985316,1.0495359951238408,llr,0.712289940400567,0.0,0.0,0.15687278892282985,8.272491171652428,linear,0.061388368732730916,0.27938020982525025,majority,6374,26,6400,0.08645833333333335,0.5208333333333334,0.5208333333333334,0.006740972222222222,0.0806,12.825795817451326,6.461952026468156,,,,,,,,,,,1.7098047846269222,8021081
ldpc,N192_M96,pSA,search,625,624,,,,0.2393438122972437,0.3497750471305024,1.137849088787715,llr,0.7200120614355492,0.0,0.0,0.41696996549460985,7.139765901218868,linear,0.08023931089534081,0.19117296451611837,majority,14093,4852,19200,0.05083550347222222,0.8145833333333333,0.8145833333333333,0.006740972222222222,0.0806,7.541271762645513,10.106492969396195,,,,,,,,,,,1.7145678476663782,5059375
ldpc,N192_M96,pSA,search,105,625,,,,0.7330381258276366,1.6166991902261558,1.1019129266856467,snr,0.5547301109241685,0.0,0.0,0.030515279722848187,11.163871032045105,cosine,0.563323151141747,0.6244199269058305,majority,3341,2599,6400,0.05415581597222222,0.78125,0.78125,0.006740972222222222,0.0806,8.03382868033378,9.692928039702233,,,,,,,,,,,1.7146639713472673,941495
ldpc,N192_M96,pSA,search,371,626,,,,0.3168495361570143,0.2811213772908988,0.8777310711113263,llr,0.8405422381945504,0.0,0.0,0.21188730236362688,4.997708487841935,linear,0.5559783620679539,0.5869096530588602,majority,3489,4065,12800,0.056336805555555564,0.75,0.75,0.006740972222222222,0.0806,8.357370969403524,9.305210918114144,,,,,,,,,,,1.7149537169053564,3047949
ldpc,N192_M96,pSA,search,774,627,,,,0.30202949324986644,0.21476204613280298,1.545686476913911,llr,0.7831566936374033,0.0,0.0,0.42946432149118563,8.834889377930011,linear,0.06610156036630005,0.0893433577022935,majority,13213,5615,19200,0.07422960069444444,0.5979166666666668,0.5625,0.006740972222222222,0.0806,11.01170547027918,7.4183209263854435,,,,,,,,,,,1.7159888677003028,6239306
ldpc,N192_M96,pSA,search,98,628,,,,0.7443819958297375,1.5880172765074962,1.1036158518973798,snr,0.5582273380165685,0.0,0.0,0.030962929125352905,10.112415199244788,cosine,0.6012423383466203,0.6392839085380946,majority,3309,2598,6400,0.05491536458333333,0.7708333333333334,0.7708333333333334,0.006740972222222222,0.0806,8.146505099412794,9.56368899917287,,,,,,,,,,,1.7162267447282762,886062
ldpc,N192_M96,pSA,search,472,629,,,,0.21162986211738297,0.3290355806946003,1.0670560081038114,llr,0.7033793529810501,0.0,0.0,0.3157181351405277,7.832294931820545,linear,0.06724884219890488,0.24054072652945646,majority,11032,4213,19200,0.051258680555555554,0.8354166666666667,0.8354166666666667,0.006740972222222222,0.0806,7.604048624703822,10.36497105045492,,,,,,,,,,,1.7182887933685211,3847768
ldpc,N192_M96,pSA,search,94,630,,,,1.0869927170932343,1.9792339296581403,0.9140520250898997,snr,0.7402120906434468,0.0,0.0,0.03558842625474296,7.136007359278949,cosine,0.5330139639753635,0.07665500799511789,majority,3126,2328,6400,0.057009548611111106,0.7875,0.7875,0.006740972222222222,0.0806,8.457170083444936,9.77047146401985,,,,,,,,,,,1.7219654121646357,854386
ldpc,N192_M96,pSA,search,240,631,,,,0.4578728215255516,0.3800658229387642,1.0090868531933714,llr,0.9097469880520201,0.0,0.0,0.13047623572718017,4.4447090994965865,linear,0.7123376429989886,0.5560935007510157,majority,10688,1027,12800,0.07143012152777778,0.60625,0.60625,0.006740972222222222,0.0806,10.596412382816524,7.521712158808932,,,,,,,,,,,1.7219873136482833,2010560
ldpc,N192_M96,pSA,search,533,632,,,,0.38910715920472305,0.2814439793044709,1.0401975371928234,llr,0.8122550510151757,0.0,0.0,0.39962802968048444,7.369800001021128,linear,0.08216211483800509,0.11054837783307242,majority,10859,3332,19200,0.08588324652777778,0.5791666666666666,0.5208333333333334,0.006740972222222222,0.0806,12.740483671577213,7.185690653432588,,,,,,,,,,,1.7271322129866993,4330827
ldpc,N192_M96,pSA,search,125,633,,,,0.47151605369296445,0.9446845297675147,2.6946130210547565,snr,0.8607195538122654,0.0,0.0,1.9913199300120652,9.096655907852261,cosine,2.1458580546311086,0.7879125451019133,majority,4413,1913,6400,0.051909722222222225,0.8249999999999998,0.8249999999999998,0.006740972222222222,0.0806,7.700628412485836,10.235732009925556,,,,,,,,,,,1.731462639485042,1099875
ldpc,N192_M96,pSA,search,86,634,,,,1.0812457749812747,1.942052480098287,0.9335330560129007,snr,0.5834614327854135,0.0,0.0,0.030009642741903975,6.806512222638549,piecewise,0.1052367689668176,0.07026051564453266,majority,3118,2294,6400,0.057052951388888884,0.7854166666666665,0.7854166666666665,0.006740972222222222,0.0806,8.463608735963737,9.744623655913976,,,,,,,,,,,1.7315618723072115,791034
ldpc,N192_M96,pSA,search,267,635,,,,0.4248336687069637,0.5701922932733602,1.1247913933021876,llr,0.8558791351294838,0.0,0.0,0.07601323752519944,5.284784054421418,linear,0.7879540960582172,0.5266603178388192,last,9205,1450,12800,0.06387803819444444,0.69375,0.69375,0.006740972222222222,0.0806,9.476086844545174,8.607320099255583,,,,,,,,,,,1.7317918134344275,2224373
ldpc,N192_M96,pSA,search,928,636,,,,0.19719294610761168,0.304102595114529,1.3686243453735918,llr,0.835920614615343,0.0,0.0,0.2565792867597585,9.190239952464484,cosine,0.058587108895324376,0.23707982452233586,majority,10719,5242,19200,0.050792100694444446,0.8291666666666666,0.8291666666666666,0.006740972222222222,0.0806,7.534833110126713,10.287427626137303,,,,,,,,,,,1.7320315892958789,7458832
ldpc,N192_M96,pSA,search,96,637,,,,1.1182319213978147,2.1260285650996136,0.9356036315055123,snr,0.590720234342554,0.0,0.0,0.03549832527444952,6.583686539303179,cosine,0.518118634420625,0.07058534907476471,majority,2165,3102,6400,0.05659722222222222,0.8000000000000002,0.8000000000000002,0.006740972222222222,0.0806,8.396002884516328,9.925558312655088,,,,,,,,,,,1.7335366442399427,870224
ldpc,N192_M96,pSA,search,254,638,,,,0.5940167822842721,0.46197821543257656,1.4515224945955623,llr,0.8534682588149377,0.0,0.0,0.09772776916472782,6.365029041645315,linear,0.9690783192028364,0.4469598041110816,majority,9442,1311,12800,0.07958984375,0.5750000000000001,0.5645833333333333,0.006740972222222222,0.0806,11.806879056351088,7.133995037220844,,,,,,,,,,,1.7335593580023014,2121426
ldpc,N192_M96,pSA,search,585,639,,,,0.4203311662549605,0.3108985418100894,1.0830616156771835,llr,0.7907978353978065,0.0,0.0,0.3130957071708792,7.406943539099905,linear,0.11245753211078247,0.3838230390940051,majority,16685,2502,19200,0.08365885416666667,0.5854166666666667,0.5270833333333333,0.006740972222222222,0.0806,12.41050272998867,7.263234077750207,,,,,,,,,,,1.7368683432729872,4742615
ldpc,N192_M96,pSA,search,261,640,,,,0.6007791947227015,0.4652800239391577,1.4607513032121486,llr,0.8837893977202254,0.0,0.0,0.09853622884581469,6.14378307577432,linear,0.9892253643531679,0.4922210208630004,majority,9582,1283,12800,0.07784288194444444,0.5958333333333333,0.58125,0.006740972222222222,0.0806,11.547723292469351,7.392473118279569,,,,,,,,,,,1.7384091642973067,2176859
ldpc,N192_M96,pSA,search,87,641,,,,1.0903913947545154,2.071088625455908,0.9484859039727221,snr,0.588740374227644,0.0,0.0,0.0354852124763058,6.668600824099772,cosine,0.5440116760075027,0.07341455460870354,majority,3170,2686,6400,0.0560546875,0.8000000000000002,0.8000000000000002,0.006740972222222222,0.0806,8.315519728031317,9.925558312655088,,,,,,,,,,,1.7403202825844815,798953
ldpc,N192_M96,pSA,search,229,642,,,,0.47198207699347977,0.3706742101646865,1.2238922896738385,llr,0.9142867443322684,0.0,0.0,0.12865846479185822,4.95970848374653,linear,0.66514795385176,0.5530511633349857,majority,10658,1089,12800,0.07502170138888889,0.6041666666666666,0.6,0.006740972222222222,0.0806,11.129210878747296,7.49586435070306,,,,,,,,,,,1.7432070423988628,1923451
ldpc,N192_M96,pSA,search,273,643,,,,0.4185566437560575,0.5937093826048041,1.183235367932312,llr,0.9451946826455546,0.0,0.0,0.16231291572210504,5.31661826345645,linear,0.8360911278695329,0.5198818018697087,last,10002,1144,12800,0.06304253472222222,0.7416666666666667,0.7416666666666667,0.006740972222222222,0.0806,9.352142783558257,9.201819685690653,,,,,,,,,,,1.7433579482980026,2271887
ldpc,N192_M96,pSA,search,230,644,,,,0.3001112691448208,0.4347421695662563,1.0381347798439815,llr,0.8997885558104691,0.0,0.0,0.1337942285144306,4.48859471633001,linear,0.6715849772380409,0.5493069310120143,majority,10285,1058,12800,0.05284288194444445,0.8375,0.8375,0.006740972222222222,0.0806,7.839059441640054,10.390818858560793,,,,,,,,,,,1.7446577471989466,1931370
ldpc,N192_M96,pSA,search,85,645,,,,1.1088489806558863,2.1881988090857125,0.9402882946623727,snr,0.5942495907602208,0.0,0.0,0.030388486531817933,6.7817414798311795,cosine,0.5170517770779014,0.07956686827340848,majority,3217,2354,6400,0.05619574652777778,0.8145833333333333,0.8145833333333333,0.006740972222222222,0.0806,8.33644534871742,10.106492969396195,,,,,,,,,,,1.7491993912430248,783115
ldpc,N192_M96,pSA,search,295,646,,,,0.61215576671465,0.5279748632058866,0.702641791547615,llr,0.868055236974419,0.0,0.0,0.1207136959136658,6.639391692340769,linear,1.2137060797441677,0.6203224494647903,majority,7664,706,12800,0.09189453125000001,0.5458333333333333,0.5333333333333333,0.006740972222222222,0.0806,13.632237045431134,6.772125723738626,,,,,,,,,,,1.750559393317822,2446105
ldpc,N192_M96,pSA,search,776,647,,,,0.17675285459341156,0.21755872095903142,2.1498571062233593,llr,0.7797680728598446,0.0,0.0,0.49063770521951594,8.768400719823344,exponential,0.06651279137714895,0.08420358120172142,majority,13360,5564,19200,0.05526258680555555,0.80625,0.80625,0.006740972222222222,0.0806,8.198014319563201,10.003101736972704,,,,,,,,,,,1.7508168669272324,6255144
ldpc,N192_M96,pSA,search,551,648,,,,0.23054556525836092,0.3423637019331261,0.8052431852137951,llr,0.7743043916665344,0.0,0.0,0.34810555809167315,6.731366588081245,linear,0.07002194986667931,0.25929939554842846,majority,10309,3978,19200,0.052886284722222225,0.8583333333333334,0.8583333333333334,0.006740972222222222,0.0806,7.845498094158855,10.64929693961952,,,,,,,,,,,1.7510775001375738,4473369
ldpc,N192_M96,pSA,search,93,649,,,,1.1296471909628953,1.5479210566265558,0.9584190831047824,snr,0.5914188286678301,0.0,0.0,0.030472406896211557,7.167768066724544,cosine,0.47728935184175003,0.0814552298991759,majority,3117,2290,6400,0.05852864583333334,0.8020833333333334,0.8020833333333334,0.006740972222222222,0.0806,8.682522921602967,9.951406120760959,,,,,,,,,,,1.753127341367285,846467
ldpc,N192_M96,pSA,search,815,650,,,,0.2557238705211458,0.16645343928859893,1.9322610916536538,llr,0.8056444164816797,0.0,0.0,0.48908275407585383,8.336406242015537,piecewise,0.1009312033546651,0.21834387950873446,majority,12778,3908,19200,0.0798611111111111,0.6062500000000001,0.5729166666666666,0.006740972222222222,0.0806,11.847120634593592,7.521712158808933,,,,,,,,,,,1.7566500190852186,6563985
ldpc,N192_M96,pSA,search,559,651,,,,0.23458001031788558,0.40774368673798195,0.68629519720908,llr,0.7503963694772751,0.0,0.0,0.43121512231646625,8.467609210426426,linear,0.0981650602105989,0.28775755462963615,majority,11163,3727,19200,0.052235243055555554,0.8708333333333332,0.8708333333333332,0.006740972222222222,0.0806,7.748918306376842,10.804383788254754,,,,,,,,,,,1.75803164112555,4536721
ldpc,N192_M96,pSA,search,95,652,,,,1.1902690303494656,2.0141104019047686,0.9226150335796163,snr,0.5886837597762524,0.0,0.0,0.03582111752852195,7.440819425300368,cosine,0.2912943710558744,0.6196463176859887,majority,3146,2305,6400,0.05876736111111112,0.8041666666666666,0.8041666666666666,0.006740972222222222,0.0806,8.717935510456373,9.97725392886683,,,,,,,,,,,1.7627723461803835,862305
ldpc,N192_M96,pSA,search,473,653,,,,0.21521996438663127,0.3269747908659847,1.0473793386658046,llr,0.7206584464106729,0.0,0.0,0.3159055921952081,6.545972047343375,linear,0.05063542948549988,0.3339161498147105,majority,11909,3368,19200,0.05425347222222222,0.8604166666666666,0.8604166666666666,0.006740972222222222,0.0806,8.048315648501081,10.675144747725392,,,,,,,,,,,1.76813689271733,3855687
ldpc,N192_M96,pSA,search,165,654,,,,0.570471734568877,0.5760961057028849,1.3886446503741547,snr,0.7825079071341334,0.0,0.0,0.5706502404864906,7.63049553635392,cosine,5.434871359447545,0.673942116222905,best_state,5202,2470,9600,0.08441840277777778,0.6020833333333333,0.5979166666666668,0.006740972222222222,0.0806,12.523179149067683,7.470016542597187,,,,,,,,,,,1.7698783603639814,1416635
ldpc,N192_M96,pSA,search,232,655,,,,0.46521882294285993,0.36638665259505204,1.2018028173687474,llr,0.9119829568777655,0.0,0.0,0.12704116952513117,4.623153678400673,linear,0.7046046967657432,0.5517805753714695,majority,10585,1007,12800,0.07951388888888888,0.6166666666666667,0.6124999999999999,0.006740972222222222,0.0806,11.795611414443185,7.650951199338296,,,,,,,,,,,1.7714203519424125,1947208
ldpc,N192_M96,pSA,search,883,656,,,,0.25316394165993716,0.2485123312090777,1.6461173709089054,llr,0.48488990455314207,0.0,0.0,0.25458740532646756,8.999122599003842,linear,0.05380444195493297,0.30102352978174557,majority,9835,6499,19200,0.06774088541666666,0.7020833333333334,0.7020833333333334,0.006740972222222222,0.0806,10.04912691871845,8.710711331679073,,,,,,,,,,,1.7720477593127673,7102477
ldpc,N192_M96,pSA,search,991,657,,,,0.3271049458557266,0.2662091650977062,0.5657970908911005,llr,0.8500879779950766,0.0,0.0,0.25257913799779996,9.133052946195736,linear,1.7191879089103255,0.24729633820845986,majority,10842,5205,19200,0.06276041666666667,0.7687500000000002,0.7687500000000002,0.006740972222222222,0.0806,9.310291542186052,9.537841191066999,,,,,,,,,,,1.7725415602880807,7957729
ldpc,N192_M96,pSA,search,235,658,,,,0.47259477367087077,0.35754957339909593,1.0202867956569488,llr,0.9137414541957821,0.0,0.0,0.1293974797628365,4.52272462959761,linear,0.6808151500889051,0.5551503354339699,majority,10541,1032,12800,0.08160807291666666,0.6208333333333332,0.6145833333333334,0.006740972222222222,0.0806,12.106276398475327,7.70264681555004,,,,,,,,,,,1.7734687549631871,1970965
ldpc,N192_M96,pSA,search,807,659,,,,0.25551250088461624,0.1651884626790313,1.9182420334671493,llr,0.8098586381572994,0.0,0.0,0.5058467591594713,8.326260309473431,piecewise,0.10200179711766498,0.1364504157725176,majority,13004,5869,19200,0.0808376736111111,0.6270833333333333,0.5979166666666668,0.006740972222222222,0.0806,11.99199031626661,7.780190239867658,,,,,,,,,,,1.774536908959598,6500633
ldpc,N192_M96,pSA,search,562,660,,,,0.2319399694132935,0.39772621962799715,0.6155746927415171,llr,0.7490352856170575,0.0,0.0,0.4373574919456918,8.20363854791819,linear,0.09624791115066929,0.28887107273753226,majority,11074,3673,19200,0.05361328125,0.8958333333333334,0.8958333333333334,0.006740972222222222,0.0806,7.953345523848769,11.114557485525227,,,,,,,,,,,1.7875014450485287,4560478
ldpc,N192_M96,pSA,search,771,661,,,,0.30561880532470287,0.2153270550725891,2.1034149794067263,llr,0.7838319431328268,0.0,0.0,0.5813979771775006,8.70541126704858,linear,0.06614405503320935,0.061706942517968585,majority,11942,5458,19200,0.08311631944444443,0.6333333333333333,0.5979166666666667,0.006740972222222222,0.0806,12.330019573503655,7.857733664185276,,,,,,,,,,,1.7901515927426535,6215549
ldpc,N192_M96,pSA,search,560,662,,,,0.23544679687131936,0.40096259073092155,0.6727276649147579,llr,0.7472441553815818,0.0,0.0,0.4343976069859579,8.39371617645318,linear,0.09675550828784658,0.29408680209097143,majority,11126,3731,19200,0.056032986111111106,0.8895833333333334,0.8895833333333334,0.006740972222222222,0.0806,8.312300401771918,11.037014061207609,,,,,,,,,,,1.7949292465930904,4544640
ldpc,N192_M96,pSA,search,780,663,,,,0.3088268451259273,0.2122184807342706,2.003300094079069,llr,0.7898115992875568,0.0,0.0,0.5698537577386038,8.653685034394018,exponential,0.06703124040950328,0.09883930015421234,majority,12093,5575,19200,0.08171657986111111,0.6583333333333333,0.6416666666666667,0.006740972222222222,0.0806,12.12237302977233,8.167907361455748,,,,,,,,,,,1.795450716990319,6286820
ldpc,N192_M96,pSA,search,88,664,,,,1.1421932674339377,2.153188881570904,0.9193144505818318,snr,0.5812996390241894,0.0,0.0,0.03450179583392345,6.542343787081599,cosine,0.5489623975631341,0.08308185023291026,majority,2131,3088,6400,0.059157986111111116,0.84375,0.84375,0.006740972222222222,0.0806,8.775883383125581,10.468362282878411,,,,,,,,,,,1.7956976882011582,806872
ldpc,N192_M96,pSA,search,170,665,,,,0.4064728551620592,0.7830660999221328,4.256939757192495,snr,0.8923195588839419,0.0,0.0,1.2469143912318623,10.597729752941497,cosine,7.897091803040965,0.7256828427210407,best_state,4306,2041,6400,0.058127170138888885,0.8562500000000001,0.8562500000000001,0.006740972222222222,0.0806,8.62296538580406,10.623449131513647,,,,,,,,,,,1.7975600910048395,1456230
ldpc,N192_M96,pSA,search,704,666,,,,0.2526952218868363,0.1826252672339793,1.7867640036582102,llr,0.7216105886585682,0.0,0.0,0.24775980186834895,11.373249838604064,piecewise,0.05013418314619948,0.22999715221215183,majority,8738,8040,19200,0.08337673611111111,0.6333333333333333,0.6041666666666667,0.006740972222222222,0.0806,12.368651488616463,7.857733664185276,,,,,,,,,,,1.7987263193880154,5684976
ldpc,N192_M96,pSA,search,414,667,,,,0.38938339396287547,0.4976998224530901,7.230497972291942,llr,0.8288613806312817,0.0,0.0,0.33806375374095676,5.1866138156691175,linear,0.6859457403338756,0.47021086515122523,majority,10023,2553,12800,0.06519097222222221,0.78125,0.78125,0.006740972222222222,0.0806,9.670856083238899,9.692928039702233,,,,,,,,,,,1.8023199493067699,3388466
ldpc,N192_M96,pSA,search,90,668,,,,1.099461435554195,2.0982839400239404,0.9151581196872972,snr,0.6006291314772362,0.0,0.0,0.03586154723840323,6.591920300671496,cosine,0.5156283438729656,0.07346628523880086,majority,2278,2687,6400,0.060666232638888894,0.8416666666666668,0.8416666666666668,0.006740972222222222,0.0806,8.99962655815391,10.44251447477254,,,,,,,,,,,1.8026730412343062,822710
ldpc,N192_M96,pSA,search,985,669,,,,0.330922542885265,0.2673344122995102,0.555043750807432,llr,0.7675600035405749,0.0,0.0,0.25685339246857813,9.16556771107813,linear,0.05576427893681297,0.24231986680113202,majority,10711,5137,19200,0.07331814236111112,0.7479166666666667,0.7145833333333332,0.006740972222222222,0.0806,10.876493767384362,9.279363110008271,,,,,,,,,,,1.8037160794898985,7910215
ldpc,N192_M96,pSA,search,773,670,,,,0.30571968737021565,0.21076582821516027,1.5423268487956987,llr,0.7868643916947324,0.0,0.0,0.595065010384084,8.692742203652536,linear,0.06571373026932086,0.11477251968940011,majority,13363,5606,19200,0.08754340277777778,0.6354166666666666,0.5854166666666666,0.006740972222222222,0.0806,12.986762130421345,7.883581472291149,,,,,,,,,,,1.8056271842971714,6231387
ldpc,N192_M96,pSA,search,76,671,,,,1.900179799475187,2.7189123253682164,0.8299385229772827,snr,0.6258860816391935,0.0,0.0,0.03926322494721161,3.9069934373049815,piecewise,0.18854905999123694,0.07540922158055652,majority,2730,2849,6400,0.06158854166666666,0.8416666666666667,0.8416666666666667,0.006740972222222222,0.0806,9.136447924178428,10.442514474772539,,,,,,,,,,,1.808023782915167,711844
ldpc,N192_M96,pSA,search,705,672,,,,0.2580102433053773,0.18387334991340806,1.943949080303457,llr,0.7911285618787619,0.0,0.0,0.2716136306164074,11.289455599640323,linear,0.10307100218739447,0.232314083984478,majority,13141,5844,19200,0.08294270833333332,0.6437499999999999,0.6104166666666667,0.006740972222222222,0.0806,12.304264963428453,7.986972704714639,,,,,,,,,,,1.808823974537423,5692895
ldpc,N192_M96,pSA,search,531,673,,,,0.38947336636482804,0.2745071191915818,1.0275942228637236,llr,0.6840086030269635,0.0,0.0,0.404748119463882,7.250288758498079,linear,0.0838487191677258,0.17915839660408667,majority,10907,3293,19200,0.09653862847222222,0.625,0.5354166666666667,0.006740972222222222,0.0806,14.321172864942826,7.754342431761786,,,,,,,,,,,1.8110706177716547,4314989
ldpc,N192_M96,pSA,search,878,674,,,,0.25470338928541086,0.2493178683215826,0.4428137548497201,llr,0.8170807872644815,0.0,0.0,0.2219513743877679,8.990378975849064,linear,0.050032343523985744,0.31009414739151064,majority,10827,4731,19200,0.06723090277777778,0.8020833333333334,0.8020833333333334,0.006740972222222222,0.0806,9.973472751622541,9.951406120760959,,,,,,,,,,,1.8136158451894049,7062882
ldpc,N192_M96,pSA,search,121,675,,,,0.6094959779052254,0.5173762728202275,2.5811048266943635,snr,0.8668198217583674,0.0,0.0,1.5146690301638444,9.051944238806723,cosine,1.8700228262261254,0.7874862654165649,best_state,4410,1912,6400,0.08778211805555557,0.6354166666666667,0.625,0.006740972222222222,0.0806,13.022174719274751,7.883581472291151,,,,,,,,,,,1.8175648311448218,1068199
ldpc,N192_M96,pSA,search,123,676,,,,0.4106878395081179,0.9153608148519491,2.5742150560003108,snr,0.8629905360603949,0.0,0.0,1.525496242766385,9.160669469269957,cosine,2.364515446767743,0.7896854147091994,majority,4454,1877,6400,0.055056423611111106,0.9104166666666668,0.9104166666666668,0.006740972222222222,0.0806,8.167430720098897,11.295492142266337,,,,,,,,,,,1.8175933020063193,1084037
ldpc,N192_M96,pSA,search,474,677,,,,0.18591111084022954,0.32864358979362246,1.0368605714675458,llr,0.7579651191297129,0.0,0.0,0.3231151806151024,7.869834853944285,linear,0.06852884484064704,0.3304857130533892,majority,11836,3416,19200,0.05540364583333333,0.9270833333333334,0.9270833333333334,0.006740972222222222,0.0806,8.218939940249305,11.502274607113316,,,,,,,,,,,1.820002645610395,3863606
ldpc,N192_M96,pSA,search,455,678,,,,0.31507056399278,0.22442491131204928,0.8609702618150903,llr,0.7385388360390813,0.0,0.0,0.4913726425828307,7.198160423347787,linear,0.07542380582800473,0.27353654716908066,last,15944,3210,19200,0.11026475694444444,0.5458333333333333,0.5041666666666668,0.006740972222222222,0.0806,16.3573967240136,6.772125723738626,,,,,,,,,,,1.8259926782670177,3713145
ldpc,N192_M96,pSA,search,475,679,,,,0.33986941444821034,0.22702262038402593,1.0209288800214091,llr,0.7584774471259265,0.0,0.0,0.32464828122166567,7.784269062601475,linear,0.0677466768446482,0.26380360395689484,majority,12979,3844,19200,0.09462890624999999,0.6291666666666667,0.5729166666666666,0.006740972222222222,0.0806,14.037872154115586,7.806038047973531,,,,,,,,,,,1.8318049096601765,3871525
ldpc,N192_M96,pSA,search,992,680,,,,0.21684031199617512,0.4300987399385872,1.1777069403676375,llr,0.8533744662911208,0.0,0.0,0.25964989122381,9.072059482849445,linear,0.05700819745241537,0.24045667412178587,majority,10416,5230,19200,0.056488715277777775,0.93125,0.93125,0.006740972222222222,0.0806,8.379906253219326,11.553970223325061,,,,,,,,,,,1.8355756005837431,7965648
ldpc,N192_M96,pSA,search,632,681,,,,0.2319402110981712,0.3653328020967384,0.8611300749634426,llr,0.046864812437287795,0.0,0.0,0.4255906674215251,11.459609117430453,linear,0.0500425428206127,0.3607134835069249,majority,13697,3809,19200,0.061252170138888895,0.88125,0.88125,0.006740972222222222,0.0806,9.086548367157722,10.933622828784118,,,,,,,,,,,1.83735093424993,5114808
ldpc,N192_M96,pSA,search,452,682,,,,0.24409797882528766,0.29679510765259864,0.8097711718244531,llr,0.7433944017451026,0.0,0.0,0.4872744917932794,7.451227231800809,linear,0.07887139433624259,0.20988090854413713,last,15515,3549,19200,0.08671875,0.6958333333333333,0.6958333333333333,0.006740972222222222,0.0806,12.86442773256413,8.633167907361456,,,,,,,,,,,1.8410997694639784,3689388
ldpc,N192_M96,pSA,search,451,683,,,,0.23542073389216805,0.22512347646867756,0.8418288372174607,llr,0.7499290025328132,0.0,0.0,0.5012640350183638,7.337366065867889,linear,0.07740818254918595,0.21210315076318928,last,16259,2922,19200,0.10118272569444443,0.5937499999999999,0.5937499999999999,0.006740972222222222,0.0806,15.010108684454517,7.366625310173696,,,,,,,,,,,1.8436528877387082,3681469
ldpc,N192_M96,pSA,search,83,684,,,,1.7714313596411821,2.564504093898269,0.8267350391038282,snr,0.6669819395272903,0.0,0.0,0.0405501141860298,3.9992795424221623,piecewise,0.18840624778557458,0.14516205905627616,majority,3071,2782,6400,0.06260850694444445,0.88125,0.88125,0.006740972222222222,0.0806,9.28775625837025,10.933622828784118,,,,,,,,,,,1.8473041171585027,767277
ldpc,N192_M96,pSA,search,851,685,,,,0.3257817491509055,0.22399461247260646,2.515879205291016,llr,0.8112736819013695,0.0,0.0,0.5535904565194671,7.297106530793164,piecewise,0.06279172490652839,0.19724015775901257,majority,8911,6651,19200,0.08715277777777779,0.6791666666666667,0.65625,0.006740972222222222,0.0806,12.928814257752139,8.426385442514475,,,,,,,,,,,1.8495534824129611,6849069
ldpc,N192_M96,pSA,search,468,686,,,,0.3395268764788667,0.2474810820459105,0.9463463953671827,llr,0.775844765639145,0.0,0.0,0.43212678027396534,8.349744079784305,exponential,0.05986000143070205,0.2540569864503229,majority,19113,80,19200,0.10685763888888888,0.5875,0.5583333333333332,0.006740972222222222,0.0806,15.85196250128773,7.2890818858560795,,,,,,,,,,,1.8527082299136832,3816092
ldpc,N192_M96,pSA,search,82,687,,,,1.3353597675582793,2.6324205018976676,0.8854843062043658,snr,0.6342385533787732,0.0,0.0,0.03990971329032801,3.627155031033754,piecewise,0.30873507611496,0.14829222534539932,majority,2497,2842,6400,0.06201171875,0.9020833333333332,0.9020833333333332,0.006740972222222222,0.0806,9.199224786236737,11.192100909842843,,,,,,,,,,,1.8538429546249378,759358
ldpc,N192_M96,pSA,search,516,688,,,,0.3664248011340143,0.30219545555066535,1.130942788492469,llr,0.7646951761852485,0.0,0.0,0.6332206096212482,3.3805460700589443,linear,0.06387877434604108,0.3054383394925138,majority,10598,4069,19200,0.06939019097222222,0.8312499999999999,0.8312499999999999,0.006740972222222222,0.0806,10.293795714432884,10.313275434243174,,,,,,,,,,,1.8552010377661756,4196204
ldpc,N192_M96,pSA,search,642,689,,,,0.3326988378483534,0.2459000661028157,1.3159055820121428,llr,0.8285151732191065,0.0,0.0,0.5187370967590428,9.193716478432366,linear,0.05512032921724495,0.27287175337001107,last,15605,3533,19200,0.09331597222222221,0.6562499999999999,0.6062500000000001,0.006740972222222222,0.0806,13.84310291542186,8.142059553349874,,,,,,,,,,,1.856178660283745,5193998
ldpc,N192_M96,pSA,search,381,690,,,,0.24057954894163305,0.40036393234448875,1.0109834310276293,llr,0.8532724089266703,0.0,0.0,0.30825525061166403,5.300871057815706,linear,0.32239249581778423,0.500951027553322,majority,1099,9558,19200,0.057291666666666664,0.9562500000000002,0.9562500000000002,0.006740972222222222,0.0806,8.499021324817143,11.864143920595534,,,,,,,,,,,1.8601815207248082,3127139
ldpc,N192_M96,pSA,search,575,691,,,,0.3762570991423402,0.2735890516767167,0.9530044513201212,llr,0.7170477747053994,0.0,0.0,0.36051050297459014,9.618331781791468,exponential,0.07963753527111117,0.2592971921739021,majority,12124,4072,19200,0.09763454861111111,0.6479166666666667,0.6145833333333334,0.006740972222222222,0.0806,14.483748841042546,8.038668320926385,,,,,,,,,,,1.8603101283840118,4663425
ldpc,N192_M96,pSA,search,89,692,,,,1.1617048158447203,2.0243707599352665,0.8497121502014333,snr,0.5801013653404167,0.0,0.0,0.03636243144836067,6.692413270470255,cosine,0.49591253367704036,0.07053496156692583,majority,2148,3108,6400,0.06435546874999999,0.8833333333333333,0.8833333333333333,0.006740972222222222,0.0806,9.546912022251982,10.959470636889991,,,,,,,,,,,1.8641453728094486,814791
ldpc,N192_M96,pSA,search,785,693,,,,0.34383884876278314,0.3025551763996092,1.2475375773559723,llr,0.8126011516518725,0.0,0.0,0.48068921702878137,3.412089180751652,linear,0.058132926096738424,0.26926597287630194,majority,11412,4223,19200,0.06826171874999999,0.8562500000000001,0.8562500000000001,0.006740972222222222,0.0806,10.12639074894406,10.623449131513647,,,,,,,,,,,1.865077420948672,6326415
ldpc,N192_M96,pSA,search,760,694,,,,0.2649900972013926,0.27092760650813247,1.5551450829191522,fixed,0.8221402340832785,0.0,0.0,0.5271698485022271,8.019542627180762,linear,0.05327252032545673,0.1450247766500762,majority,12752,6071,19200,0.06648220486111112,0.8729166666666667,0.8729166666666667,0.006740972222222222,0.0806,9.862405995673226,10.830231596360628,,,,,,,,,,,1.8704847968613034,6128440
ldpc,N192_M96,pSA,search,326,695,,,,0.6736682962074452,0.5605377140055823,1.0746363278349325,llr,0.877993251874703,0.0,0.0,0.5224508031254844,2.0612518762551137,linear,0.5899034715686193,0.5372131509747189,majority,2905,782,12800,0.07902560763888888,0.7687499999999999,0.7687499999999999,0.006740972222222222,0.0806,11.723176573606676,9.537841191066995,,,,,,,,,,,1.8708913306696837,2691594
ldpc,N192_M96,pSA,search,588,696,,,,0.422869526272282,0.30048758134258585,1.0663358729154686,llr,0.79292461838982,0.0,0.0,0.5415818646421301,7.6647801781620535,linear,0.11474389577828664,0.22801006508892863,majority,10659,3001,19200,0.10259331597222222,0.6479166666666667,0.5750000000000001,0.006740972222222222,0.0806,15.219364891315546,8.038668320926385,,,,,,,,,,,1.875491551831507,4766372
ldpc,N192_M96,pSA,search,847,697,,,,0.3211277478637091,0.2248133048463805,1.37656771937316,llr,0.8251550850298657,0.0,0.0,0.5358544011638243,8.46836130777082,piecewise,0.06308407611267057,0.19593345829438424,majority,11836,3942,19200,0.09475911458333332,0.6770833333333334,0.6291666666666667,0.006740972222222222,0.0806,14.057188111671987,8.400537634408602,,,,,,,,,,,1.8761536480008112,6817393
ldpc,N192_M96,pSA,search,989,698,,,,0.14427512388999536,0.2649399439606949,1.1655402959936467,llr,0.8533794800802889,0.0,0.0,0.25262150003350065,9.205112814626009,linear,0.053901242450254995,0.23490021371606612,majority,10866,5208,19200,0.05949435763888889,0.9604166666666667,0.9604166666666667,0.006740972222222222,0.0806,8.825782940146286,11.915839536807278,,,,,,,,,,,1.8769846042171479,7941891
ldpc,N192_M96,pSA,search,530,699,,,,0.390449880561341,0.27314115418472085,0.9706898264000208,llr,0.7513671883329957,0.0,0.0,0.3981295961543623,7.43958879869818,piecewise,0.08272281067829498,0.2575057509896117,majority,10985,4190,19200,0.09672309027777777,0.6916666666666668,0.625,0.006740972222222222,0.0806,14.348537138147728,8.58147229114971,,,,,,,,,,,1.8792895278858506,4307070
ldpc,N192_M96,pSA,search,449,700,,,,0.22289247296297696,0.28525506596427713,0.8499214827294336,llr,0.7544464510928115,0.0,0.0,0.5040723096687547,7.303796640109405,linear,0.07455592951641973,0.21722082435459752,last,15435,3594,19200,0.0828125,0.7583333333333334,0.7583333333333334,0.006740972222222222,0.0806,12.28494900587205,9.408602150537634,,,,,,,,,,,1.8853007969824043,3665631
ldpc,N192_M96,pSA,search,355,701,,,,0.590667569928529,0.4460606957496144,0.9008021143685867,llr,0.8263099315675192,0.0,0.0,0.262171833315594,7.093671206831572,linear,0.3668244956729043,0.5409837580812743,majority,2474,3681,12800,0.10113932291666666,0.6541666666666667,0.63125,0.006740972222222222,0.0806,15.003670031935716,8.116211745244003,,,,,,,,,,,1.890961886646945,2921245
ldpc,N192_M96,pSA,search,84,702,,,,1.4949452359650581,2.6244664626426895,0.8104700305985821,snr,0.596616389172346,0.0,0.0,0.040639682358938126,4.568071968238594,piecewise,0.534699237311187,0.14697193565467181,majority,2663,2763,6400,0.06555989583333334,0.9249999999999999,0.9249999999999999,0.006740972222222222,0.0806,9.725584629648708,11.476426799007443,,,,,,,,,,,1.8973122908424596,775196
ldpc,N192_M96,pSA,search,134,703,,,,0.36614422226080906,0.3298657559448504,3.4503114778853927,fixed,0.9294135307226244,0.0,0.0,0.7901274009310593,8.237020994507155,cosine,1.391336251909481,0.851421277751453,best_state,4099,1996,6400,0.09382595486111112,0.6958333333333334,0.69375,0.006740972222222222,0.0806,13.918757082517772,8.633167907361456,,,,,,,,,,,1.9032716925576199,1171146
ldpc,N192_M96,pSA,search,580,704,,,,0.42171841381952524,0.31105174715458334,1.0945601894480812,llr,0.7899734322314141,0.0,0.0,0.5576719158950224,7.797373416810207,linear,0.05633972223485065,0.21970425885038192,majority,13441,3850,19200,0.10006510416666665,0.6875,0.6333333333333334,0.006740972222222222,0.0806,14.844313382095393,8.529776674937965,,,,,,,,,,,1.9061667992997071,4703020
ldpc,N192_M96,pSA,search,810,705,,,,0.26031924325238165,0.16285353237805375,1.8955808948811037,llr,0.7982184266982358,0.0,0.0,0.5024792313048804,8.335013790000371,piecewise,0.10133753785379934,0.21618828603137846,majority,10946,6269,19200,0.09371744791666665,0.7062499999999999,0.6854166666666667,0.006740972222222222,0.0806,13.902660451220767,8.762406947890817,,,,,,,,,,,1.9082950877222815,6524390
ldpc,N192_M96,pSA,search,400,706,,,,0.27998882317304985,0.6293127168501946,1.4057623188587762,llr,0.7537743576857671,0.0,0.0,0.08224085755209154,7.857336296216713,linear,0.38004706891946727,0.6582352857743035,majority,1501,6409,12800,0.06232638888888889,0.9895833333333334,0.9895833333333334,0.006740972222222222,0.0806,9.245905016998043,12.277708850289494,,,,,,,,,,,1.916641406570731,3277600
ldpc,N192_M96,pSA,search,538,707,,,,0.3861690233438464,0.2909990800403075,1.026104832339812,llr,0.8082061983095595,0.0,0.0,0.3934924098281166,9.191587543344683,piecewise,0.06193095767388417,0.11046029092309684,majority,10802,4207,19200,0.10228949652777779,0.7083333333333334,0.6583333333333333,0.006740972222222222,0.0806,15.174294323683942,8.788254755996691,,,,,,,,,,,1.9244483395423064,4370422
ldpc,N192_M96,pSA,search,702,708,,,,0.2544560746851403,0.1846130576364968,1.9647744114447863,llr,0.7883865634612318,0.0,0.0,0.2646558768622263,11.43400490189567,piecewise,0.05188084697611789,0.23192462757085444,majority,8785,6643,19200,0.09427083333333335,0.7458333333333332,0.71875,0.006740972222222222,0.0806,13.984753270835482,9.253515301902397,,,,,,,,,,,1.9342816487893797,5669138
ldpc,N192_M96,pSA,search,660,709,,,,0.4133137040346985,0.31412531735636595,0.9761897682337886,llr,0.7733705575819094,0.0,0.0,0.30287025441087945,9.186968757887358,linear,0.07026133407612636,0.3036916794095845,majority,12034,4088,19200,0.10876736111111113,0.7041666666666666,0.6270833333333333,0.006740972222222222,0.0806,16.13526321211497,8.736559139784944,,,,,,,,,,,1.9359745081619113,5336540
ldpc,N192_M96,pSA,search,587,710,,,,0.42423350975539237,0.30741376509387064,1.2031707540260526,llr,0.7919558418061823,0.0,0.0,0.3327775544263389,7.617394443821294,linear,0.05510510042707465,0.22223805598239088,majority,10611,4375,19200,0.10401475694444445,0.7125,0.6604166666666667,0.006740972222222222,0.0806,15.430230761306275,8.839950372208436,,,,,,,,,,,1.9388929000195887,4758453
ldpc,N192_M96,pSA,search,456,711,,,,0.22860233653367884,0.29593033759690146,0.808170735836415,llr,0.7416648271025074,0.0,0.0,0.5128396350507768,7.335705768964276,linear,0.07679606337929092,0.25998884027888536,last,11362,4106,19200,0.09131944444444444,0.7833333333333333,0.7833333333333333,0.006740972222222222,0.0806,13.54692489955702,9.718775847808105,,,,,,,,,,,1.942824538485322,3721064
ldpc,N192_M96,pSA,search,919,712,,,,0.27688206993311304,0.3060575626343705,1.7665013947839892,fixed,0.582195088233666,0.0,0.0,0.19307189791671428,8.597059117116423,linear,0.06644522959603723,0.28661885246256824,majority,11113,4840,19200,0.07469618055555556,0.90625,0.90625,0.006740972222222222,0.0806,11.08092098485629,11.24379652605459,,,,,,,,,,,1.9481504827922433,7387561
ldpc,N192_M96,pSA,search,741,713,,,,0.2384330489648874,0.2869475814191939,1.4135694718003444,llr,0.006345868813200539,0.0,0.0,0.2630453692373619,9.894582647495582,piecewise,0.0504098144861331,0.2067534918939669,majority,11184,6364,19200,0.07894965277777778,0.8770833333333333,0.8770833333333333,0.006740972222222222,0.0806,11.711908931698774,10.881927212572373,,,,,,,,,,,1.9536734793894814,5977979
ldpc,N192_M96,pSA,search,534,714,,,,0.395226004647303,0.2732030148785528,1.0264848049410422,llr,0.8025966865762548,0.0,0.0,0.39517140193910116,7.328441887273995,piecewise,0.0837964463715987,0.18987992492699796,majority,14264,3325,19200,0.10680338541666666,0.7270833333333333,0.6770833333333334,0.006740972222222222,0.0806,15.843914185639228,9.020885028949545,,,,,,,,,,,1.955441127717328,4338746
ldpc,N192_M96,pSA,search,358,715,,,,0.5878363723065257,0.4260366391920813,0.9971201753359146,llr,0.822682292457081,0.0,0.0,0.3756223402855002,7.058612434486294,linear,0.4781155505490207,0.5383477194628695,majority,6188,3698,12800,0.11214192708333333,0.6979166666666666,0.6666666666666666,0.006740972222222222,0.0806,16.635868445451734,8.659015715467328,,,,,,,,,,,1.957705526507458,2945002
ldpc,N192_M96,pSA,search,680,716,,,,0.13049570590189905,0.299011059599499,1.482960514766243,llr,0.7958230910435824,0.0,0.0,0.3343952230157945,8.92574286368187,piecewise,0.061441962017063714,0.2031467586423985,majority,14672,3702,19200,0.06907552083333333,0.9958333333333332,0.9958333333333332,0.006740972222222222,0.0806,10.247115483671578,12.35525227460711,,,,,,,,,,,1.967040106015231,5494920
ldpc,N192_M96,pSA,search,582,717,,,,0.4289652346840068,0.3031635933470991,1.0754048536599023,llr,0.7954787297121293,0.0,0.0,0.32881486649704533,7.6773281192512846,linear,0.11197159666046334,0.3859829943549521,majority,16636,2550,19200,0.11340060763888889,0.7041666666666666,0.6687500000000001,0.006740972222222222,0.0806,16.82258936849696,8.736559139784944,,,,,,,,,,,1.9725988678332806,4718858
ldpc,N192_M96,pSA,search,546,718,,,,0.3309352908535817,0.33410236292005846,0.8069644166160816,llr,0.48574207128692753,0.0,0.0,0.3373257676923941,6.709303934434964,linear,0.0667380215451809,0.261750187633517,majority,10308,3899,19200,0.08194444444444443,0.8979166666666667,0.8979166666666667,0.006740972222222222,0.0806,12.156175955496032,11.1404052936311,,,,,,,,,,,1.9841450643635696,4433774
ldpc,N192_M96,pSA,search,843,719,,,,0.32424314909493585,0.3275969658387475,1.5141360568218312,llr,0.39479812830059263,0.0,0.0,0.5830289082916204,7.164271369879648,piecewise,0.06324569169157457,0.17871794205296543,majority,11788,3916,19200,0.08273654513888888,0.8937499999999999,0.8937499999999999,0.006740972222222222,0.0806,12.27368136396415,11.088709677419354,,,,,,,,,,,1.987060090604556,6785717
ldpc,N192_M96,pSA,search,407,720,,,,0.2495291045324169,0.6573346179581376,1.4025087762261075,llr,0.7989496924866965,0.0,0.0,0.444986332323675,7.351039825512162,linear,0.2683931321132572,0.5557126206091764,majority,1574,6918,12800,0.07216796875,0.99375,0.99375,0.006740972222222222,0.0806,10.70586947563614,12.32940446650124,,,,,,,,,,,1.9881114461389757,3333033
ldpc,N192_M96,pSA,search,75,721,,,,1.2808274344328476,2.554151564805027,0.8502651478477512,snr,0.6165141057667127,0.0,0.0,0.04188558661899189,0.9341728397128867,piecewise,0.18762888588397422,0.14738130884216144,majority,2526,2817,6400,0.07280815972222222,0.9979166666666667,0.9979166666666667,0.006740972222222222,0.0806,10.800839600288452,12.381100082712985,,,,,,,,,,,1.9923534319213958,703925
ldpc,N192_M96,pSA,search,608,722,,,,0.27623611218379057,0.23324529969783592,1.27496621339969,llr,0.5596604455513324,0.0,0.0,0.5714148670708971,8.362484087736487,linear,0.07310202285525189,0.27687341895330086,majority,634,5145,19200,0.08493923611111111,0.8937499999999999,0.8937499999999999,0.006740972222222222,0.0806,12.600442979293293,11.088709677419354,,,,,,,,,,,1.9971621315002697,4924752
ldpc,N192_M96,pSA,search,761,723,,,,0.26742707296064283,0.26602981146685073,1.9443678628266086,fixed,0.8243394753327496,0.0,0.0,0.6098527949756344,8.016791517870013,linear,0.0543477992219562,0.3756355634689763,last,12003,5544,19200,0.12213541666666668,0.6625,0.6625,0.006740972222222222,0.0806,18.118368187905638,8.219602977667494,,,,,,,,,,,1.9993933864805682,6136359
ldpc,N192_M96,pSA,search,628,724,,,,0.24437159516746235,0.15421952969193584,1.1225884659238243,llr,0.6727529426886374,0.0,0.0,0.41871962516393807,11.06977531972686,linear,0.08045750563249698,0.3215264699952111,majority,14375,4518,19200,0.12022569444444446,0.7583333333333334,0.6541666666666667,0.006740972222222222,0.0806,17.8350674770784,9.408602150537634,,,,,,,,,,,2.0050699240121004,5083132
ldpc,N192_M96,pSA,search,886,725,,,,0.10093784067133296,0.2475019418169863,1.62880422633378,llr,0.8208280425354244,0.0,0.0,0.23590480543728312,9.047704593930131,linear,0.05447710507494644,0.31456448891083466,majority,10875,6479,19200,0.07543402777777779,0.9979166666666667,0.9979166666666667,0.006740972222222222,0.0806,11.190378077675906,12.381100082712985,,,,,,,,,,,2.011746498614925,7126234
ldpc,N192_M96,pSA,search,939,726,,,,0.3156023486669789,0.3761313928423484,0.36770255251393386,llr,0.45719680879061675,0.0,0.0,0.2250939967082833,11.862900684749512,cosine,0.07254190727353732,0.24673396786168436,majority,13908,5183,19200,0.07885199652777779,0.9729166666666668,0.9729166666666668,0.006740972222222222,0.0806,11.697421963531474,12.070926385442515,,,,,,,,,,,2.013509347591074,7545941
ldpc,N192_M96,pSA,search,479,727,,,,0.34342166686823294,0.22181625092423196,1.030946234850198,llr,0.7082028872647669,0.0,0.0,0.31344357538865214,7.932196465773677,linear,0.06487417118927383,0.3350042237835033,majority,12340,3444,19200,0.12625868055555556,0.75625,0.6520833333333333,0.006740972222222222,0.0806,18.730040177191718,9.382754342431761,,,,,,,,,,,2.015737461829805,3903201
ldpc,N192_M96,pSA,search,351,728,,,,0.5878681390459121,0.4247932094921868,0.9223662256356553,llr,0.8208472255385144,0.0,0.0,0.2727521000740829,7.216029803324372,linear,0.4070800366865279,0.5389813023843337,majority,1635,3818,12800,0.11992187500000001,0.7250000000000001,0.6979166666666666,0.006740972222222222,0.0806,17.789996909446792,8.995037220843672,,,,,,,,,,,2.0189646563597514,2889569
ldpc,N192_M96,pSA,search,102,729,,,,0.7444491547232399,2.175039569166176,1.1170424789374795,snr,0.7619501910992803,0.0,0.0,0.03085197548315611,6.203666505120099,cosine,0.5993608413504717,0.6175956975619312,majority,1916,2639,6400,0.07674696180555556,1.0,1.0,0.006740972222222222,0.0806,11.38514731636963,12.406947890818858,,,,,,,,,,,2.020172557412903,917738
ldpc,N192_M96,pSA,search,352,730,,,,0.5820811217718204,0.4210763335235369,0.8966288524648816,llr,0.8164248931615573,0.0,0.0,0.34863500615615006,6.983089623693477,linear,0.42918373645714564,0.5628707806225701,majority,6167,3755,12800,0.12229817708333335,0.7312500000000001,0.6937500000000001,0.006740972222222222,0.0806,18.142513134851143,9.07258064516129,,,,,,,,,,,2.0228081210449584,2897488
ldpc,N192_M96,pSA,search,913,731,,,,0.2770416118416994,0.17309392092006076,1.8339567520352498,llr,0.8717356349484826,0.0,0.0,0.2129181519432924,8.221662439017512,linear,0.06531790348359133,0.3024777617256323,majority,11227,4811,19200,0.11097005208333333,0.78125,0.75,0.006740972222222222,0.0806,16.46202482744411,9.692928039702233,,,,,,,,,,,2.026676267764376,7340047
ldpc,N192_M96,pSA,search,377,732,,,,0.39538398531661256,0.4801683384735713,1.0228878842865474,fixed,0.8568565917554005,0.0,0.0,0.38626272933601385,6.704377342921116,linear,0.3609831232681433,0.48932395104407733,majority,1208,10628,19200,0.07855902777777778,0.9979166666666667,0.9979166666666667,0.006740972222222222,0.0806,11.653961059029566,12.381100082712985,,,,,,,,,,,2.03026542434612,3095463
ldpc,N192_M96,pSA,search,373,733,,,,0.27086255967155703,0.3988981764929815,1.017261212263611,fixed,0.8572957834911473,0.0,0.0,0.42922322332625734,6.647465376383749,linear,0.3894001315894709,0.49432337505936685,majority,332,14499,19200,0.07856987847222222,1.0,1.0,0.006740972222222222,0.0806,11.655570722159267,12.406947890818858,,,,,,,,,,,2.0307644633242226,3063787
ldpc,N192_M96,pSA,search,378,734,,,,0.37334169309465687,0.4877964674429462,0.977151814216861,fixed,0.8601154945868383,0.0,0.0,0.42913204103034336,6.685003588028399,linear,0.3208120467156174,0.5037566082316057,majority,1429,9691,19200,0.07900390624999999,1.0,1.0,0.006740972222222222,0.0806,11.719957247347274,12.406947890818858,,,,,,,,,,,2.033696759523446,3103382
ldpc,N192_M96,pSA,search,788,735,,,,0.3492492015337583,0.3076956372098291,1.6634997446991093,llr,0.9813977315313611,0.0,0.0,0.4351584766517549,3.048833399582006,linear,0.05798841181906751,0.15248125054572753,majority,11451,4240,19200,0.08956163194444444,0.9291666666666666,0.9291666666666666,0.006740972222222222,0.0806,13.286159472545586,11.528122415219189,,,,,,,,,,,2.0376262701880616,6350172
ldpc,N192_M96,pSA,search,430,736,,,,0.10922610228195914,0.1996443292394321,1.0818872102339276,llr,0.7650457104736589,0.0,0.0,0.4154491209711111,6.248788917056294,linear,0.10459572269703608,0.2850011611032469,majority,9765,3004,12800,0.0802734375,1.0,1.0,0.006740972222222222,0.0806,11.908287833522202,12.406947890818858,,,,,,,,,,,2.0417703390685817,3515170
ldpc,N192_M96,pSA,search,311,737,,,,0.44148779355573436,0.6235609443028591,1.4176774942076087,llr,0.9079075650418096,0.0,0.0,0.14300396934781992,1.7464378618506857,exponential,0.7456539395212446,0.4952202907486435,majority,7910,932,12800,0.08113064236111112,0.9979166666666667,0.9979166666666667,0.006740972222222222,0.0806,12.035451220768518,12.381100082712985,,,,,,,,,,,2.042888425733017,2572809
ldpc,N192_M96,pSA,search,529,738,,,,0.40138793548599044,0.2701685106436028,1.0389349149521139,llr,0.6617623896787096,0.0,0.0,0.38545000239697547,7.308116826315618,piecewise,0.06123390539598321,0.13032552115199236,majority,10990,4202,19200,0.12353515625,0.775,0.7000000000000001,0.006740972222222222,0.0806,18.326014731636963,9.615384615384615,,,,,,,,,,,2.045578268000794,4299151
ldpc,N192_M96,pSA,search,856,739,,,,0.3714680659042348,0.2591315260673609,1.336548953432808,llr,0.793649437211603,0.0,0.0,0.2422436655635217,10.14160216691442,linear,0.14156616527385307,0.285872886658815,majority,14260,4887,19200,0.12158203125,0.7833333333333333,0.725,0.006740972222222222,0.0806,18.036275368290926,9.718775847808105,,,,,,,,,,,2.0514056085165944,6888664
ldpc,N192_M96,pSA,search,763,740,,,,0.26768361156495196,0.26796109973415155,1.8321960331438851,fixed,0.8207863248285239,0.0,0.0,0.5063604801245533,8.097978711646814,linear,0.050547314464486515,0.12691827533088357,last,12693,6185,19200,0.13246527777777778,0.6854166666666667,0.6854166666666667,0.006740972222222222,0.0806,19.650767487380243,8.503928866832092,,,,,,,,,,,2.057704416445106,6152197
ldpc,N192_M96,pSA,search,374,741,,,,0.3829644543386933,0.38969450574689435,1.0226145399706321,fixed,0.8581603957442453,0.0,0.0,0.31584732927138737,6.695317918372397,linear,0.32715311754172666,0.6340731463260898,majority,1153,8579,19200,0.08414713541666667,1.0,1.0,0.006740972222222222,0.0806,12.482937570825179,12.406947890818858,,,,,,,,,,,2.0619257298052,3071706
ldpc,N192_M96,pSA,search,410,742,,,,0.532603741644609,0.4944782850433871,0.7219025575048819,llr,0.5312169199907848,0.0,0.0,0.3309867970005832,5.22096817717919,linear,0.6844173328912111,0.6063059000731296,majority,2345,3861,12800,0.08725043402777777,0.9791666666666666,0.9791666666666666,0.006740972222222222,0.0806,12.943301225919438,12.148469809760131,,,,,,,,,,,2.064131527272617,3356790
ldpc,N192_M96,pSA,search,357,743,,,,0.5868498145694714,0.41459922182341324,0.9182927088709143,llr,0.8287252661695895,0.0,0.0,0.2929919715418338,6.945220159971576,linear,0.3627548436006184,0.538623187191063,majority,2514,4098,12800,0.12355685763888889,0.7770833333333335,0.75,0.006740972222222222,0.0806,18.329234057896365,9.64123242349049,,,,,,,,,,,2.0706358392843844,2937083
ldpc,N192_M96,pSA,search,759,744,,,,0.27030770108465646,0.2670570732410815,1.8068655862990184,fixed,0.8286342887405962,0.0,0.0,0.5243699914650045,8.155832925852671,linear,0.05394488361719516,0.12871050925155836,last,13380,5568,19200,0.13793402777777777,0.6854166666666667,0.6854166666666667,0.006740972222222222,0.0806,20.46203770474915,8.503928866832092,,,,,,,,,,,2.070690941932787,6120521
ldpc,N192_M96,pSA,search,379,745,,,,0.3970582126417661,0.3883961337802811,0.9972353354170909,fixed,0.857490087556728,0.0,0.0,0.4371854380823305,6.725800131766302,linear,0.3041200610872132,0.4864276072579868,majority,1333,7628,19200,0.08644748263888889,1.0,1.0,0.006740972222222222,0.0806,12.824186154321625,12.406947890818858,,,,,,,,,,,2.0730017224252837,3111301
ldpc,N192_M96,pSA,search,382,746,,,,0.41013903653128886,0.3907163501169793,1.0044620984578394,fixed,0.8615958308194347,0.0,0.0,0.42603168985364287,6.66403293110067,linear,0.290659472350433,0.3806084057098976,majority,8535,9426,19200,0.08696831597222222,1.0,1.0,0.006740972222222222,0.0806,12.901449984547234,12.406947890818858,,,,,,,,,,,2.0767483257692136,3135058
ldpc,N192_M96,pSA,search,376,747,,,,0.380801123961189,0.38160578459889455,0.9850793111858887,fixed,0.8519694829794292,0.0,0.0,0.4598789546589891,6.775475695094801,linear,0.3072686584031346,0.4953578936777306,majority,1120,4615,19200,0.08738064236111111,1.0,1.0,0.006740972222222222,0.0806,12.962617183475842,12.406947890818858,,,,,,,,,,,2.078364929390416,3087544
ldpc,N192_M96,pSA,search,978,748,,,,0.295368846203219,0.3814684534548858,1.4757419738848856,llr,0.817140182566527,0.0,0.0,2.1113980793226763,11.301345558995854,constant,0.0702862534570855,0.18767562570439772,majority,14614,4530,19200,0.08752170138888889,1.0,1.0,0.006740972222222222,0.0806,12.983542804161946,12.406947890818858,,,,,,,,,,,2.079215102426219,7854782
ldpc,N192_M96,pSA,search,415,749,,,,0.5353591760268994,0.4978127708946844,1.6672940251787496,llr,0.8314173052000831,0.0,0.0,0.29807558089250724,1.5672398754155998,linear,0.7166184924196877,0.6104909859379571,majority,3191,3949,12800,0.0886501736111111,1.0,1.0,0.006740972222222222,0.0806,13.150947769650767,12.406947890818858,,,,,,,,,,,2.084752199890235,3396385
ldpc,N192_M96,pSA,search,677,750,,,,0.26478957626376526,0.2768780841540067,1.5282321811608133,llr,0.8061617505844103,0.0,0.0,0.33953267784048446,2.559326945700429,piecewise,0.06330064655716629,0.21380010080688427,majority,11976,3663,19200,0.08912760416666667,1.0,1.0,0.006740972222222222,0.0806,13.221772947357577,12.406947890818858,,,,,,,,,,,2.0871063797399207,5471163
ldpc,N192_M96,pSA,search,535,751,,,,0.3934116099424748,0.27796298326967295,1.03682080923822,llr,0.22196217122945505,0.0,0.0,0.4034359059629281,7.270442680656386,piecewise,0.060610617237498485,0.1836265369535801,majority,14,16960,19200,0.08920355902777777,1.0,1.0,0.006740972222222222,0.0806,13.233040589265478,12.406947890818858,,,,,,,,,,,2.0872058179303115,4346665
ldpc,N192_M96,pSA,search,427,752,,,,0.3900848886845634,0.3712583312645891,1.0279787005540018,llr,0.808691007221612,0.0,0.0,0.40522334720471953,0.6518855427121837,linear,0.11521271376210959,0.5699290355697725,majority,9713,2743,12800,0.08914930555555556,1.0,1.0,0.006740972222222222,0.0806,13.224992273616978,12.406947890818858,,,,,,,,,,,2.087441269150668,3491413
ldpc,N192_M96,pSA,search,868,753,,,,0.2079588954284461,0.20411381337423257,1.3511692201999834,llr,0.18690726171814098,0.0,0.0,0.23557686910225972,9.828712806084047,linear,0.18876968672345962,0.263925855328128,majority,10383,5042,19200,0.08956163194444444,1.0,1.0,0.006740972222222222,0.0806,13.286159472545586,12.406947890818858,,,,,,,,,,,2.0885055933232506,6983692
ldpc,N192_M96,pSA,search,612,754,,,,0.28693405258420723,0.2603539072970653,1.2243213445536012,llr,0.43447947349865185,0.0,0.0,0.5670199146028442,8.368760484227003,linear,0.07690577533855684,0.15023063109651988,majority,507,2802,19200,0.08946397569444443,1.0,1.0,0.006740972222222222,0.0806,13.271672504378282,12.406947890818858,,,,,,,,,,,2.089533307728555,4956428
ldpc,N192_M96,pSA,search,830,755,,,,0.23635523942472997,0.28262750615493315,1.0813686874448567,llr,0.7821834062117823,0.0,0.0,0.7682431442059581,2.395705362707427,linear,0.06970890344660992,0.24332989736858107,majority,10848,5140,19200,0.0895724826388889,1.0,1.0,0.006740972222222222,0.0806,13.287769135675287,12.406947890818858,,,,,,,,,,,2.0896235944801385,6682770
ldpc,N192_M96,pSA,search,70,756,,,,0.9628140980255054,1.295753830881563,0.3167035549168494,snr,0.2585360591042663,0.0,0.0,0.0686258199171047,2.2712124920097705,exponential,0.25002462412278653,0.23357965963259916,majority,13398,5487,19200,0.08946397569444443,1.0,1.0,0.006740972222222222,0.0806,13.271672504378282,12.406947890818858,,,,,,,,,,,2.089726989198133,664330
ldpc,N192_M96,pSA,search,610,757,,,,0.27968216196189943,0.25489677871862654,1.2632439570854797,llr,0.13991313052825216,0.0,0.0,0.5281974103044181,8.396340758257578,linear,0.073919666018516,0.13405722168299233,majority,673,15928,19200,0.0896701388888889,1.0,1.0,0.006740972222222222,0.0806,13.302256103842591,12.406947890818858,,,,,,,,,,,2.0901337659629533,4940590
ldpc,N192_M96,pSA,search,993,758,,,,0.33392510536016207,0.26630401069519816,1.1595288433681148,llr,0.4114687713266635,0.0,0.0,0.24572164564183374,9.213577912119757,linear,0.05539137337284768,0.24672891835311786,majority,10816,5124,19200,0.08974609374999999,1.0,1.0,0.006740972222222222,0.0806,13.313523745750489,12.406947890818858,,,,,,,,,,,2.0905197827907296,7973567
ldpc,N192_M96,pSA,search,48,759,,,,0.15149578812225137,4.022101188711656,0.3896315688251792,snr,0.36699222077836724,0.0,0.0,0.055233760469251804,0.4444027627928003,piecewise,0.342389123713056,0.14662315775679508,majority,6595,7367,19200,0.08978949652777778,1.0,1.0,0.006740972222222222,0.0806,13.31996239826929,12.406947890818858,,,,,,,,,,,2.0906528513108684,490112
ldpc,N192_M96,pSA,search,17,760,,,,0.28370106173254656,1.8028149609356516,0.2532810678586797,snr,0.025368019138751308,0.0,0.0,0.030815215268868674,0.6449524149972312,piecewise,0.06017160333834939,0.3118754559419752,majority,25,2465,6400,0.08982204861111111,1.0,1.0,0.006740972222222222,0.0806,13.32479138765839,12.406947890818858,,,,,,,,,,,2.0909282320610085,244623
ldpc,N192_M96,pSA,search,601,761,,,,0.28526815077940704,0.21443743626882067,1.2367663512602147,llr,0.7635495002900906,0.0,0.0,0.5753080346275773,2.828715064680151,linear,0.2448511238265655,0.15536943162546496,majority,12737,3845,19200,0.08987630208333335,1.0,1.0,0.006740972222222222,0.0806,13.332839703306893,12.406947890818858,,,,,,,,,,,2.0915520213913554,4869319
ldpc,N192_M96,pSA,search,667,762,,,,0.3422837690839359,0.4174129850214477,1.1445021867533332,llr,0.0994802852063359,0.0,0.0,0.3473445079086266,0.48656035535406905,linear,0.08641074920176291,0.2690965446432898,majority,12973,3086,19200,0.08995225694444443,1.0,1.0,0.006740972222222222,0.0806,13.344107345214793,12.406947890818858,,,,,,,,,,,2.0917513145090965,5391973
ldpc,N192_M96,pSA,search,69,763,,,,0.8665570801800205,1.2723036893262922,0.33689424955517705,snr,0.6064472078680381,0.0,0.0,0.07045561043678909,2.3652010587289163,piecewise,0.23700378640829708,0.3455629085959239,majority,13548,2084,19200,0.09014756944444445,1.0,1.0,0.006740972222222222,0.0806,13.373081281549398,12.406947890818858,,,,,,,,,,,2.0921923295074736,656411
ldpc,N192_M96,pSA,search,945,764,,,,0.3151751504346647,0.3650662498369695,1.5696357976182371,llr,0.8528758075966063,0.0,0.0,0.2891579709679371,0.6176954743752673,cosine,8.677188489269987,0.2528115632778686,majority,14037,5078,19200,0.09007161458333333,1.0,1.0,0.006740972222222222,0.0806,13.361813639641497,12.406947890818858,,,,,,,,,,,2.0922854661989794,7593455
ldpc,N192_M96,pSA,search,304,765,,,,0.44743411224169777,0.31241884290600486,0.9876382502569366,llr,0.9011685023133045,0.0,0.0,0.12151493987487125,5.174712534124081,linear,0.9853201205441101,0.46934400357565553,majority,9783,954,12800,0.12118055555555556,0.8125,0.8041666666666666,0.006740972222222222,0.0806,17.976717832492017,10.080645161290322,,,,,,,,,,,2.092446860919836,2517376
ldpc,N192_M96,pSA,search,417,766,,,,0.5156570854287222,0.419959089357648,0.7033794638798629,llr,0.3421215729840358,0.0,0.0,0.2988207741499849,4.815708559456853,linear,0.8155483518376438,0.477087890595276,majority,2274,4324,12800,0.09038628472222222,1.0,1.0,0.006740972222222222,0.0806,13.408493870402802,12.406947890818858,,,,,,,,,,,2.0926649550811334,3412223
ldpc,N192_M96,pSA,search,341,767,,,,0.49400144143341745,8.440175026591154,0.8025644785240101,llr,0.9428546766870587,0.0,0.0,0.3338772670689802,6.511919753644755,linear,0.46974055121343905,0.586490570150464,majority,2196,1600,12800,0.09021267361111111,1.0,1.0,0.006740972222222222,0.0806,13.3827392603276,12.406947890818858,,,,,,,,,,,2.0929521471740555,2810379
ldpc,N192_M96,pSA,search,284,768,,,,0.505288145969722,0.4196101608406409,1.3348890220804905,llr,0.1520968793492728,0.0,0.0,0.0887101403657473,4.053763539296724,linear,1.057716676751778,0.594164041628019,majority,9843,1211,12800,0.09022352430555557,1.0,1.0,0.006740972222222222,0.0806,13.384348923457301,12.406947890818858,,,,,,,,,,,2.092972679137209,2358996
ldpc,N192_M96,pSA,search,40,769,,,,0.15956510720443848,3.0854417091454036,0.42745158345512646,snr,0.35887641612710924,0.0,0.0,0.051883393970635135,0.4628316344380871,piecewise,0.6684131969469198,0.18015557836166876,majority,6523,8160,19200,0.09042968750000001,1.0,1.0,0.006740972222222222,0.0806,13.414932522921605,12.406947890818858,,,,,,,,,,,2.0931060215423027,426760
ldpc,N192_M96,pSA,search,38,770,,,,0.1258056135434755,3.608715424880776,0.40840666315805463,snr,0.3007397431749948,0.0,0.0,0.05142056900360622,0.4584677398680411,piecewise,0.33991926484511603,0.2075654185858877,majority,7270,7190,19200,0.09026692708333334,1.0,1.0,0.006740972222222222,0.0806,13.3907875759761,12.406947890818858,,,,,,,,,,,2.0931867258146335,410922
ldpc,N192_M96,pSA,search,603,771,,,,0.28637619636653733,0.2126357327146289,1.1937132019053804,llr,0.2819943210935433,0.0,0.0,0.5703697963380149,8.27930904119226,linear,0.22658439230717745,0.15167491285706464,majority,365,17471,19200,0.09037543402777777,1.0,1.0,0.006740972222222222,0.0806,13.406884207273102,12.406947890818858,,,,,,,,,,,2.0931997805222737,4885157
ldpc,N192_M96,pSA,search,517,772,,,,0.3066561589867896,0.23970770928803073,1.1227515398370325,llr,0.7878396371315397,0.0,0.0,0.29104162564607317,1.2638502142776318,linear,0.05100507300204431,0.23528991795296994,majority,11806,5606,19200,0.09032118055555556,1.0,1.0,0.006740972222222222,0.0806,13.398835891624602,12.406947890818858,,,,,,,,,,,2.093229100649249,4204123
ldpc,N192_M96,pSA,search,564,773,,,,0.2915669692886995,0.28017351574080107,0.9145826327212968,llr,0.38441109526857814,0.0,0.0,0.43608851132129384,8.101461392108003,linear,0.09237469863806673,0.2874855852063849,majority,11099,3795,19200,0.09020182291666667,1.0,1.0,0.006740972222222222,0.0806,13.3811295971979,12.406947890818858,,,,,,,,,,,2.0932584043292666,4576316
ldpc,N192_M96,pSA,search,18,774,,,,0.2965530233471835,1.4288793276907725,0.2787042357723107,snr,0.0026520565232793225,0.0,0.0,0.03493575314399893,0.7094960655603105,piecewise,0.05658595282650012,0.3008221847264569,majority,2972,2443,6400,0.09039713541666666,1.0,1.0,0.006740972222222222,0.0806,13.410103533532503,12.406947890818858,,,,,,,,,,,2.0933959296929148,252542
ldpc,N192_M96,pSA,search,303,775,,,,0.4393871486223056,0.6326209483760741,0.9935052353371554,llr,0.9039856977093373,0.0,0.0,0.12438106023307527,1.2156892720557484,exponential,0.7558460872747681,0.4607582511769141,majority,7796,1467,12800,0.09013671875,1.0,1.0,0.006740972222222222,0.0806,13.371471618419697,12.406947890818858,,,,,,,,,,,2.093705457954229,2509457
ldpc,N192_M96,pSA,search,663,776,,,,0.07030282070183393,0.42084857259752956,1.1338014601188942,llr,0.7303779632883121,0.0,0.0,0.3880203842669911,11.963483747751393,linear,0.08854166019474648,0.16805065976465067,majority,15853,3301,19200,0.09048394097222223,1.0,1.0,0.006740972222222222,0.0806,13.422980838570107,12.406947890818858,,,,,,,,,,,2.0940395730539088,5360297
ldpc,N192_M96,pSA,search,548,777,,,,0.3354665566969002,0.3356173525023974,0.9313133566927017,llr,0.7751015657903055,0.0,0.0,0.33445685582496865,1.9065026738737407,linear,0.07277538375586753,0.3194953192707402,majority,10259,3964,19200,0.09047309027777778,1.0,1.0,0.006740972222222222,0.0806,13.421371175440404,12.406947890818858,,,,,,,,,,,2.0941629308133685,4449612
ldpc,N192_M96,pSA,search,43,778,,,,0.1525388011354839,3.6148451011354656,0.4512474295117394,snr,0.3021563888148043,0.0,0.0,0.05332018842487479,1.4403402130690925,piecewise,0.33631455597247983,0.1933918684637727,majority,7596,7098,19200,0.09066840277777777,1.0,1.0,0.006740972222222222,0.0806,13.450345111775007,12.406947890818858,,,,,,,,,,,2.0944580139660722,450517
ldpc,N192_M96,pSA,search,63,779,,,,0.8877843169310243,1.3612067286936218,0.3089095841429798,snr,0.40734572212039255,0.0,0.0,0.06754083816763351,2.787225305199444,exponential,0.26196183675176227,0.23767272959297067,majority,14554,2074,19200,0.09055989583333333,1.0,1.0,0.006740972222222222,0.0806,13.434248480478006,12.406947890818858,,,,,,,,,,,2.0951046198539505,608897
ldpc,N192_M96,pSA,search,818,780,,,,0.29114367608558694,3.3129067477250445,1.2319351646558716,llr,0.7619088623442604,0.0,0.0,0.40000963989843935,10.71070789240242,piecewise,0.08189329966276662,0.16421698951374614,majority,9949,4424,19200,0.09087456597222221,1.0,1.0,0.006740972222222222,0.0806,13.48092871123931,12.406947890818858,,,,,,,,,,,2.0952253964406236,6587742
ldpc,N192_M96,pSA,search,41,781,,,,0.1517007153203679,3.5204567777982496,0.4600722759268945,snr,0.31145587575895795,0.0,0.0,0.05264431361076284,0.44386475740921255,piecewise,0.3678426066518514,0.18980294835102413,majority,6750,6783,19200,0.09076605902777778,1.0,1.0,0.006740972222222222,0.0806,13.46483207994231,12.406947890818858,,,,,,,,,,,2.0953011335033036,434679
ldpc,N192_M96,pSA,search,932,782,,,,0.1610429890275791,1.3574324771724837,1.3844884607062433,llr,0.8315366762113358,0.0,0.0,0.2510185097905597,9.211069559867738,cosine,0.05838036502989008,0.23571653711374008,majority,13450,5645,19200,0.09069010416666667,1.0,1.0,0.006740972222222222,0.0806,13.45356443803441,12.406947890818858,,,,,,,,,,,2.0953321962238673,7490508
ldpc,N192_M96,pSA,search,402,783,,,,0.2757124663247719,0.6546557488979547,1.3570699327704971,llr,0.7959694374467272,0.0,0.0,0.45300486489424163,0.8504302261743744,linear,0.27768328433146755,0.6339312779297811,majority,1467,6213,12800,0.09071180555555557,1.0,1.0,0.006740972222222222,0.0806,13.45678376429381,12.406947890818858,,,,,,,,,,,2.0955096946243215,3293438
ldpc,N192_M96,pSA,search,37,784,,,,0.11858544454925776,3.2736369382972326,0.3848604566274142,snr,0.2966698063336283,0.0,0.0,0.052882443327012724,0.4451430160661967,piecewise,0.4368583075506192,0.18240350634173308,majority,6926,7229,19200,0.09075520833333334,1.0,1.0,0.006740972222222222,0.0806,13.463222416812611,12.406947890818858,,,,,,,,,,,2.095678378781785,403003
ldpc,N192_M96,pSA,search,61,785,,,,0.1891510125038014,1.1983582791794751,0.31962532830285295,snr,0.2566576330654717,0.0,0.0,0.06619535050141884,2.5926289234827635,exponential,0.23776625378283092,0.23078132852281896,majority,13785,2109,19200,0.09086371527777777,1.0,1.0,0.006740972222222222,0.0806,13.47931904810961,12.406947890818858,,,,,,,,,,,2.0956922693808977,593059
ldpc,N192_M96,pSA,search,643,786,,,,0.3266475187310681,0.2441276984980628,5.054345848648142,llr,0.8258951644410529,0.0,0.0,0.509292222057156,10.235596140703306,linear,0.05644828747058475,0.27414251467994355,majority,13311,5025,19200,0.12019314236111112,0.8312500000000002,0.7979166666666666,0.006740972222222222,0.0806,17.830238487689297,10.313275434243177,,,,,,,,,,,2.0957599734952623,5201917
ldpc,N192_M96,pSA,search,62,787,,,,0.19672270302555792,1.3133089218808027,0.3168530648180862,snr,0.2540151856690349,0.0,0.0,0.06463593177518835,2.2829604101303964,exponential,0.24679286134736345,0.3445688803952321,majority,13919,2183,19200,0.09080946180555556,1.0,1.0,0.006740972222222222,0.0806,13.471270732461111,12.406947890818858,,,,,,,,,,,2.0957832178850024,600978
ldpc,N192_M96,pSA,search,863,788,,,,0.2693619682430603,0.2578718714976923,1.3241982741729152,llr,0.8528499380180334,0.0,0.0,0.2394373609089765,1.8487699184265134,linear,0.07282644309537024,0.29054353564082347,majority,10472,6288,19200,0.09090711805555556,1.0,1.0,0.006740972222222222,0.0806,13.485757700628414,12.406947890818858,,,,,,,,,,,2.0958281690313125,6944097
ldpc,N192_M96,pSA,search,7,789,,,,0.08445309874079752,0.6823797771246313,0.7744271464974358,snr,0.18960603650897645,0.0,0.0,0.03345621603156146,1.873455047992774,linear,3.2863510458564424,0.3037342458855479,majority,5678,3250,9600,0.09098307291666667,1.0,1.0,0.006740972222222222,0.0806,13.497025342536315,12.406947890818858,,,,,,,,,,,2.095885497995126,165433
ldpc,N192_M96,pSA,search,64,790,,,,0.1831965763146456,2.3443152061195667,0.3166508403961531,snr,0.2566761527030933,0.0,0.0,0.06828032504693372,2.328150562241434,exponential,0.24838755713036026,0.34319152588880575,majority,4994,10077,19200,0.0910373263888889,1.0,1.0,0.006740972222222222,0.0806,13.505073658184816,12.406947890818858,,,,,,,,,,,2.0960954523750273,616816
ldpc,N192_M96,pSA,search,383,791,,,,0.41026351906426684,0.3879183493897339,1.030305645106186,fixed,0.7605065592142402,0.0,0.0,0.30709496962951705,6.7098568761446336,linear,0.2972776402977175,0.4892785981831575,majority,575,4639,19200,0.09088541666666666,1.0,1.0,0.006740972222222222,0.0806,13.482538374369012,12.406947890818858,,,,,,,,,,,2.0961283813114218,3142977
ldpc,N192_M96,pSA,search,66,792,,,,0.9382048462383238,1.3128968703867367,0.3122048732599254,snr,0.4108153060615373,0.0,0.0,0.06726386008706711,2.7051915833293956,exponential,0.23707101992232651,0.23704472599613116,majority,12697,5974,19200,0.09098307291666667,1.0,1.0,0.006740972222222222,0.0806,13.497025342536315,12.406947890818858,,,,,,,,,,,2.096440882558058,632654
ldpc,N192_M96,pSA,search,747,793,,,,0.3193480975248312,0.3460968286710264,1.5950726125611814,llr,0.7940286044636785,0.0,0.0,0.4745473701188702,8.657138053972854,constant,0.06214961138790078,0.24475928222590299,majority,12322,5778,19200,0.09114583333333333,1.0,1.0,0.006740972222222222,0.0806,13.521170289481818,12.406947890818858,,,,,,,,,,,2.097047676546004,6025493
ldpc,N192_M96,pSA,search,23,794,,,,0.2780438896898019,1.8760811116719727,0.24598334372913427,snr,0.013930505160865858,0.0,0.0,0.04225129658740519,0.6834535838636033,piecewise,0.0638771970515598,0.27701361513034906,majority,118,2495,6400,0.091015625,1.0,1.0,0.006740972222222222,0.0806,13.501854331925415,12.406947890818858,,,,,,,,,,,2.0970706797943963,292137
ldpc,N192_M96,pSA,search,749,795,,,,0.32312063209065506,0.34307542401384405,1.7019614381031454,llr,0.7983549026392687,0.0,0.0,0.4718703072342986,8.936462744782515,constant,0.06108970074883084,0.2542115757274676,majority,13003,5820,19200,0.0909939236111111,1.0,1.0,0.006740972222222222,0.0806,13.498635005666012,12.406947890818858,,,,,,,,,,,2.097099919836765,6041331
ldpc,N192_M96,pSA,search,15,796,,,,0.21421788435473307,1.7241429479211619,0.2465999766351432,snr,0.03727040397927395,0.0,0.0,0.05333207380135632,0.49693984522609264,piecewise,0.0531446081134354,0.2925795189311185,majority,118,2588,6400,0.09111328125,1.0,1.0,0.006740972222222222,0.0806,13.516341300092718,12.406947890818858,,,,,,,,,,,2.0971067487756363,228785
ldpc,N192_M96,pSA,search,71,797,,,,0.2037525431901381,1.0980866408000005,0.3086299965216852,snr,0.258980716121365,0.0,0.0,0.06546219791660408,2.263908949396633,exponential,0.2290311892736714,0.2469061179176179,majority,13357,2099,19200,0.09127604166666665,1.0,1.0,0.006740972222222222,0.0806,13.540486247038219,12.406947890818858,,,,,,,,,,,2.097225478829479,672249
ldpc,N192_M96,pSA,search,353,798,,,,0.586996166533884,0.41593338186884493,0.7262335804108853,llr,0.8192257641266686,0.0,0.0,0.38489586488111044,6.881025928006924,linear,0.5321637536506753,0.5373685379152694,majority,2480,3828,12800,0.1373806423611111,0.7687500000000002,0.7270833333333333,0.006740972222222222,0.0806,20.37994488513444,9.537841191066999,,,,,,,,,,,2.0972714674002617,2905407
ldpc,N192_M96,pSA,search,809,799,,,,0.2981349196207694,0.277134052411367,1.2588622976807378,llr,0.8028057943438952,0.0,0.0,0.5347138149135463,1.4237102678807227,piecewise,0.10289269910744112,0.22184915229227975,majority,12899,5888,19200,0.09114583333333333,1.0,1.0,0.006740972222222222,0.0806,13.521170289481818,12.406947890818858,,,,,,,,,,,2.097806327769522,6516471
ldpc,N192_M96,pSA,search,39,800,,,,0.15994855771227023,3.2629661891112334,0.43815854709877305,snr,0.35500094442542196,0.0,0.0,0.050395388659494625,0.46202766144872764,piecewise,0.4750401343617097,0.1687984862360806,majority,6988,7308,19200,0.09129774305555556,1.0,1.0,0.006740972222222222,0.0806,13.543705573297622,12.406947890818858,,,,,,,,,,,2.097835248712177,418841
ldpc,N192_M96,pSA,search,902,801,,,,0.2344616275327819,5.803870429162452,1.2075334482757123,llr,0.772681793199866,0.0,0.0,0.2604211337541461,9.715110433287203,linear,0.05009536175238167,0.3229074568807293,majority,13996,5095,19200,0.09138454861111112,1.0,1.0,0.006740972222222222,0.0806,13.556582878335224,12.406947890818858,,,,,,,,,,,2.0979272155923754,7252938
ldpc,N192_M96,pSA,search,14,802,,,,0.2689322645248484,1.7033268985904324,0.25617908550128377,snr,0.12243364134314211,0.0,0.0,0.03259585442366566,1.0720933633931822,piecewise,1.4847345016538065,0.2674834159874869,majority,603,2503,6400,0.09133029513888889,1.0,1.0,0.006740972222222222,0.0806,13.548534562686722,12.406947890818858,,,,,,,,,,,2.098274426658218,220866
ldpc,N192_M96,pSA,search,812,803,,,,0.2557783220467651,0.2754228984335135,1.9218504972691086,llr,0.8032894484490571,0.0,0.0,0.5246609841334896,1.4247772516685486,piecewise,0.13105853162789727,0.21769171860105296,majority,15342,3774,19200,0.09135199652777777,1.0,1.0,0.006740972222222222,0.0806,13.55175388894612,12.406947890818858,,,,,,,,,,,2.0983284299954867,6540228
ldpc,N192_M96,pSA,search,508,804,,,,0.3739789974677402,0.3091805481154222,0.9870380748126792,llr,0.7657575078076542,0.0,0.0,0.34012967538558936,1.0441087194235399,linear,0.066436267289066,0.3080323935653386,majority,10444,3160,19200,0.09138454861111112,1.0,1.0,0.006740972222222222,0.0806,13.556582878335224,12.406947890818858,,,,,,,,,,,2.0985926901208014,4132852
ldpc,N192_M96,pSA,search,921,805,,,,0.2744043594272968,3.8651221272806175,1.7397156705247772,fixed,0.8689245245156894,0.0,0.0,0.2914750173128845,8.43775672582061,linear,0.06540776520159321,0.2836241772059025,majority,11195,2738,19200,0.09129774305555555,1.0,1.0,0.006740972222222222,0.0806,13.54370557329762,12.406947890818858,,,,,,,,,,,2.0987812128685306,7403399
ldpc,N192_M96,pSA,search,753,806,,,,0.3210916516998666,0.34178993186074164,1.5899837513043171,llr,0.798705859343428,0.0,0.0,0.45730251104617714,10.628934420011378,constant,0.06081361183150176,0.24856524016507942,majority,12890,5712,19200,0.09161241319444445,1.0,1.0,0.006740972222222222,0.0806,13.590385804058927,12.406947890818858,,,,,,,,,,,2.099486767618828,6073007
ldpc,N192_M96,pSA,search,322,807,,,,0.061595030330451085,0.5528754839322896,1.205137236344727,llr,0.848394964411102,0.0,0.0,0.09545586930309573,6.053013474928918,linear,0.9012786614456693,0.5721391086341105,majority,3102,683,12800,0.09172092013888888,1.0,1.0,0.006740972222222222,0.0806,13.606482435355929,12.406947890818858,,,,,,,,,,,2.0996722151807727,2659918
ldpc,N192_M96,pSA,search,24,808,,,,0.262926599608665,1.749757837703096,0.20224727986765062,snr,0.014594528166429838,0.0,0.0,0.031957612311297776,0.712797443487818,linear,0.06457300285048767,0.2992917386599465,majority,232,2409,6400,0.09181857638888889,1.0,1.0,0.006740972222222222,0.0806,13.620969403523231,12.406947890818858,,,,,,,,,,,2.0997015616427737,300056
ldpc,N192_M96,pSA,search,68,809,,,,0.1907052849287636,1.3163997072788305,0.3070008065042339,snr,0.2602341450464242,0.0,0.0,0.06812991639355138,2.323341391356974,exponential,0.24378678609711157,0.23696691336211165,majority,13945,5067,19200,0.09168836805555554,1.0,1.0,0.006740972222222222,0.0806,13.601653445966827,12.406947890818858,,,,,,,,,,,2.0998667465985372,648492
ldpc,N192_M96,pSA,search,499,810,,,,0.26176571334142257,0.37892109619122627,0.895897218093162,llr,0.7357304963043559,0.0,0.0,0.4581145859724711,8.55184480158971,constant,0.0952391799162877,0.185265548781528,majority,11393,3567,19200,0.0915798611111111,1.0,1.0,0.006740972222222222,0.0806,13.585556814669825,12.406947890818858,,,,,,,,,,,2.0999560442596517,4061581
ldpc,N192_M96,pSA,search,73,811,,,,0.342122078718038,2.6390601429644227,0.7744197113880624,snr,0.6980860969637662,0.0,0.0,0.04179212799066036,3.432873950675378,piecewise,0.1874797506427669,0.14826965103970935,majority,1370,2962,6400,0.09167751736111111,1.0,1.0,0.006740972222222222,0.0806,13.600043782837128,12.406947890818858,,,,,,,,,,,2.1001667370133523,688087
ldpc,N192_M96,pSA,search,713,812,,,,0.1562823606694045,0.19965004235388503,1.4857496281453921,llr,0.8100960809708855,0.0,0.0,0.2415181070225484,0.9200473639214716,piecewise,0.05559751575767869,0.14087085547615136,majority,13779,5360,19200,0.09182942708333335,1.0,1.0,0.006740972222222222,0.0806,13.622579066652934,12.406947890818858,,,,,,,,,,,2.1002626102067916,5756247
ldpc,N192_M96,pSA,search,669,813,,,,0.347884814839923,0.42337349784302314,1.1400265018978022,llr,0.6991542389330596,0.0,0.0,0.3851105622480337,0.7921498813684638,linear,0.09010030206038158,0.17021342378945103,majority,11436,2884,19200,0.09191623263888889,1.0,1.0,0.006740972222222222,0.0806,13.635456371690532,12.406947890818858,,,,,,,,,,,2.1010764380856344,5407811
ldpc,N192_M96,pSA,search,754,814,,,,0.3255519705394274,0.3413120409825605,1.5668470594358856,llr,0.8016256570221315,0.0,0.0,0.583939275557036,8.78966050748045,constant,0.0621156561240106,0.3755799896382135,majority,12186,5745,19200,0.0919704861111111,1.0,1.0,0.006740972222222222,0.0806,13.643504687339032,12.406947890818858,,,,,,,,,,,2.1011040837777246,6080926
ldpc,N192_M96,pSA,search,12,815,,,,0.06073075590589446,3.612079008266866,0.7115242784804215,snr,0.9164265794287967,0.0,0.0,0.049670098696994264,3.762067922110287,piecewise,0.08177506737000033,0.06831175649623243,majority,1998,2669,6400,0.09223090277777778,1.0,1.0,0.006740972222222222,0.0806,13.68213660245184,12.406947890818858,,,,,,,,,,,2.1011178365472842,205028
ldpc,N192_M96,pSA,search,897,816,,,,0.2781219727208841,1.7839112623159803,1.5085356059910624,llr,0.7979448234872473,0.0,0.0,0.23735864998481856,10.920006323394649,exponential,0.05777802163242114,0.33911990671539505,majority,8400,4652,19200,0.09214409722222222,1.0,1.0,0.006740972222222222,0.0806,13.669259297414238,12.406947890818858,,,,,,,,,,,2.10113030686965,7213343
ldpc,N192_M96,pSA,search,611,817,,,,0.27724664535055316,0.2080918552410429,0.373016415270506,llr,0.14232871864709945,0.0,0.0,0.4441448888330539,8.458892389400088,linear,0.0764302183904761,0.15179617656130212,majority,489,18072,19200,0.0920138888888889,1.0,1.0,0.006740972222222222,0.0806,13.649943339857836,12.406947890818858,,,,,,,,,,,2.101137702217251,4948509
ldpc,N192_M96,pSA,search,523,818,,,,0.31150506938029726,0.23677087332861693,1.1813982830188028,llr,0.7907523047424744,0.0,0.0,0.29072168972716467,1.2791315641862846,linear,0.05028267054643343,0.2409379548886582,majority,11712,3024,19200,0.09198133680555555,1.0,1.0,0.006740972222222222,0.0806,13.645114350468733,12.406947890818858,,,,,,,,,,,2.1012312595816907,4251637
ldpc,N192_M96,pSA,search,387,819,,,,0.33972755832997037,0.45753474793868015,0.8807689678170743,llr,0.7627462104992085,0.0,0.0,0.4119242955894691,2.5457058604506453,constant,0.46328318019769,0.5592879737187476,majority,1910,5902,12800,0.0919921875,1.0,1.0,0.006740972222222222,0.0806,13.646724013598435,12.406947890818858,,,,,,,,,,,2.101378452671626,3174653
ldpc,N192_M96,pSA,search,700,820,,,,0.26192334435515124,0.17877169895422082,1.262588405754997,llr,0.31894023854375453,0.0,0.0,0.2513488926682845,11.98243847504152,piecewise,0.05287243247632075,0.22820925566459202,majority,13147,5782,19200,0.09216579861111111,1.0,1.0,0.006740972222222222,0.0806,13.672478623673639,12.406947890818858,,,,,,,,,,,2.101398852238588,5653300
ldpc,N192_M96,pSA,search,20,821,,,,0.24515228403854392,1.668825388368291,0.2476786118509369,snr,0.025027798410433566,0.0,0.0,0.03301322436496977,0.7418828112775467,exponential,0.050512530463319834,0.29534774545380327,majority,347,2460,6400,0.09224175347222223,1.0,1.0,0.006740972222222222,0.0806,13.68374626558154,12.406947890818858,,,,,,,,,,,2.101433946349319,268380
ldpc,N192_M96,pSA,search,91,822,,,,1.0963403299680587,4.430213574133862,0.9264970777279864,snr,0.6073786793721594,0.0,0.0,0.036722542928387385,7.859564306369724,cosine,0.29247028320449936,0.07758050720016434,majority,3143,2289,6400,0.09219835069444444,1.0,1.0,0.006740972222222222,0.0806,13.67730761306274,12.406947890818858,,,,,,,,,,,2.1015440400555008,830629
ldpc,N192_M96,pSA,search,13,823,,,,0.27341090913789046,1.5737220179726599,0.25210924133605833,snr,0.07183858978413135,0.0,0.0,0.031339790991970304,0.6935864491943459,linear,0.06091509816510039,0.29487854736314073,majority,110,2501,6400,0.09203559027777779,1.0,1.0,0.006740972222222222,0.0806,13.653162666117236,12.406947890818858,,,,,,,,,,,2.1021145199202333,212947
ldpc,N192_M96,pSA,search,822,824,,,,0.2936713827486385,0.1902022766223231,1.2363046640166184,llr,0.343438453418753,0.0,0.0,0.2708297739657386,10.61854996270948,piecewise,0.06252052797145123,0.14901464877509843,majority,9911,4442,19200,0.0920138888888889,1.0,1.0,0.006740972222222222,0.0806,13.649943339857836,12.406947890818858,,,,,,,,,,,2.1021356884209075,6619418
ldpc,N192_M96,pSA,search,45,825,,,,0.15349807845608973,3.6316720135510967,0.42990624908172814,snr,0.3455151725384017,0.0,0.0,0.05391959546688249,1.4096357235008692,piecewise,0.3748995907030647,0.1918387369547433,majority,7202,7080,19200,0.09217664930555557,1.0,1.0,0.006740972222222222,0.0806,13.67408828680334,12.406947890818858,,,,,,,,,,,2.1025765300531187,466355
ldpc,N192_M96,pSA,search,72,826,,,,0.8580142906754197,1.1618844251811176,0.3110400473600405,snr,0.2679698102789991,0.0,0.0,0.0696360478866246,2.3413732903301234,exponential,0.23831829439365232,0.2372785168005975,majority,16686,852,19200,0.09255642361111112,1.0,1.0,0.006740972222222222,0.0806,13.730426496342847,12.406947890818858,,,,,,,,,,,2.1028840321933737,680168
ldpc,N192_M96,pSA,search,46,827,,,,0.15246175729923622,3.6192618004494226,0.42438087833788557,snr,0.10246879120905242,0.0,0.0,0.05553932000182996,0.4476306381730633,piecewise,0.317070387735558,0.1841857082986516,majority,7295,5326,19200,0.09242621527777778,1.0,1.0,0.006740972222222222,0.0806,13.711110538786443,12.406947890818858,,,,,,,,,,,2.103014853499398,474274
ldpc,N192_M96,pSA,search,496,828,,,,0.2678561953858085,0.37847631582429997,0.8849153522896254,llr,0.7570913129765053,0.0,0.0,0.45534007543514976,8.536079429192654,constant,0.09306825333742212,0.27361027122342585,majority,11228,3596,19200,0.09267578125000002,1.0,1.0,0.006740972222222222,0.0806,13.748132790769551,12.406947890818858,,,,,,,,,,,2.1031490766260017,4037824
ldpc,N192_M96,pSA,search,500,829,,,,0.2582516559326084,0.3643571487028348,0.8705704247346996,llr,0.7317289565165391,0.0,0.0,0.46457044437364253,8.71668666196755,constant,0.1207298801623436,0.2760785450784101,majority,11210,3540,19200,0.09267578124999999,1.0,1.0,0.006740972222222222,0.0806,13.748132790769548,12.406947890818858,,,,,,,,,,,2.1040013438535485,4069500
ldpc,N192_M96,pSA,search,751,830,,,,0.3121778148933801,0.33070490470387087,1.6289317834939265,llr,0.796852005064713,0.0,0.0,0.4266203535353071,8.64637979725807,constant,0.061083592930932316,0.250385575807527,majority,12831,5664,19200,0.09262152777777777,1.0,1.0,0.006740972222222222,0.0806,13.740084475121046,12.406947890818858,,,,,,,,,,,2.1043137091128052,6057169
ldpc,N192_M96,pSA,search,509,831,,,,0.3571793336349146,0.30862861059648977,0.99745602172473,llr,0.7636494329501335,0.0,0.0,0.34225391116667353,1.041436060458159,linear,0.08479514373993902,0.30523095867337413,majority,10408,3246,19200,0.09267578125000002,1.0,1.0,0.006740972222222222,0.0806,13.748132790769551,12.406947890818858,,,,,,,,,,,2.104323472473255,4140771
ldpc,N192_M96,pSA,search,42,832,,,,0.15043023180659953,3.700449386183198,0.4661220117938597,snr,0.3054297634741054,0.0,0.0,0.052435527652305976,0.4235853376456533,piecewise,0.4229275316113686,0.19233078574497503,majority,7085,7312,19200,0.09270833333333334,1.0,1.0,0.006740972222222222,0.0806,13.75296178015865,12.406947890818858,,,,,,,,,,,2.1043869064913787,442598
ldpc,N192_M96,pSA,search,47,833,,,,0.14570803830675316,3.1953641326453166,0.38767019464255414,snr,0.31986890794621436,0.0,0.0,0.049793254702310566,1.3907656510508661,piecewise,0.421988469881233,0.18352479649701725,majority,5757,11490,19200,0.09261067708333333,1.0,1.0,0.006740972222222222,0.0806,13.738474811991347,12.406947890818858,,,,,,,,,,,2.1043897241152756,482193
ldpc,N192_M96,pSA,search,629,834,,,,0.23312523399981472,4.698698082283916,1.1278253068254633,llr,0.6713430518135273,0.0,0.0,0.401131609224001,11.264789892391176,linear,0.08234359089802336,0.1952366281073626,majority,14453,3909,19200,0.09256727430555556,1.0,1.0,0.006740972222222222,0.0806,13.732036159472546,12.406947890818858,,,,,,,,,,,2.104435426911909,5091051
ldpc,N192_M96,pSA,search,493,835,,,,0.2753199448361029,0.35919266076540757,0.8743261463283502,llr,0.7336090396965774,0.0,0.0,0.40574648583451045,8.323788932112231,constant,0.13441389446484517,0.13268153582923115,majority,11209,3616,19200,0.09270833333333334,1.0,1.0,0.006740972222222222,0.0806,13.75296178015865,12.406947890818858,,,,,,,,,,,2.104456812863736,4014067
ldpc,N192_M96,pSA,search,827,836,,,,0.2898792693793492,0.35757062737546225,1.2253127695046282,llr,0.7555595171873661,0.0,0.0,0.2730126503257006,0.6924223222795449,piecewise,0.08384960396529723,0.13019473284380684,majority,10048,4331,19200,0.0925998263888889,1.0,1.0,0.006740972222222222,0.0806,13.736865148861648,12.406947890818858,,,,,,,,,,,2.104544713690955,6659013
ldpc,N192_M96,pSA,search,503,837,,,,0.26120173236323324,0.36983834537884486,0.8564692019490489,llr,0.7314206720500361,0.0,0.0,0.455898550360442,8.592846959070167,constant,0.12892843400086426,0.27326095880480117,majority,11375,3560,19200,0.09281684027777777,1.0,1.0,0.006740972222222222,0.0806,13.76905841145565,12.406947890818858,,,,,,,,,,,2.104915240699686,4093257
ldpc,N192_M96,pSA,search,44,838,,,,0.1544771415899205,3.955599835153217,0.4170425218578065,snr,0.3749148597091828,0.0,0.0,0.05162799876823582,0.4364509384003752,piecewise,0.39897081172441073,0.19517755098774564,majority,6862,6771,19200,0.09263237847222222,1.0,1.0,0.006740972222222222,0.0806,13.741694138250747,12.406947890818858,,,,,,,,,,,2.1049876734986386,458436
ldpc,N192_M96,pSA,search,748,839,,,,0.30208935843364454,0.3257475944579309,1.7139450003710845,llr,0.7959632370122004,0.0,0.0,0.4615982675287338,8.753837197260482,constant,0.06310776402591582,0.25118398082888577,majority,12793,5798,19200,0.09278428819444444,1.0,1.0,0.006740972222222222,0.0806,13.764229422066549,12.406947890818858,,,,,,,,,,,2.105065254199995,6033412
ldpc,N192_M96,pSA,search,626,840,,,,0.24997162556983485,0.15778472464490248,0.8567862285439874,llr,0.7635927449578189,0.0,0.0,0.41448989491698374,9.84645557770973,linear,9.901065079213067,0.19710162026745406,majority,12917,5586,19200,0.09293619791666667,1.0,1.0,0.006740972222222222,0.0806,13.786764705882353,12.406947890818858,,,,,,,,,,,2.1050791415202044,5067294
ldpc,N192_M96,pSA,search,19,841,,,,0.2739187211008386,1.7240390757653417,0.2996169298178701,snr,0.03783266238734667,0.0,0.0,0.03161601077955453,0.8321994934174265,linear,0.050024346031218254,0.29892583070758416,majority,556,2616,6400,0.09274088541666665,1.0,1.0,0.006740972222222222,0.0806,13.757790769547748,12.406947890818858,,,,,,,,,,,2.105271626425451,260461
ldpc,N192_M96,pSA,search,497,842,,,,0.29141503716584866,0.3596569331235191,0.8466837696336781,llr,0.7286999818000585,0.0,0.0,0.45923703750160166,8.696214415066205,constant,0.09064798552361517,0.2727310590095977,majority,11258,3565,19200,0.09294704861111112,1.0,1.0,0.006740972222222222,0.0806,13.788374369012056,12.406947890818858,,,,,,,,,,,2.105286656227462,4045743
ldpc,N192_M96,pSA,search,923,843,,,,0.2794710295277127,2.945519272956936,1.7211357823162647,fixed,0.8723711889082457,0.0,0.0,0.19787211915522965,8.532377739814937,linear,0.06572899289240541,0.28603375766760963,majority,11159,6302,19200,0.09274088541666665,1.0,1.0,0.006740972222222222,0.0806,13.757790769547748,12.406947890818858,,,,,,,,,,,2.1053172514835126,7419237
ldpc,N192_M96,pSA,search,21,844,,,,0.29743971189897234,2.2140338610905723,0.193995921917723,snr,0.004225469880611898,0.0,0.0,0.036705358583901594,0.7281769074549175,piecewise,0.06668212358794791,0.28984755090382275,majority,660,2491,6400,0.09305555555555556,1.0,1.0,0.006740972222222222,0.0806,13.804471000309055,12.406947890818858,,,,,,,,,,,2.1062240595391373,276299
ldpc,N192_M96,pSA,search,676,845,,,,0.262320967458897,0.28282064488558045,1.4841201369078851,llr,0.802878676684851,0.0,0.0,0.26953665009827243,1.6103075678613326,linear,0.0618803733305714,0.28803612035968723,majority,11967,6175,19200,0.09315321180555557,1.0,1.0,0.006740972222222222,0.0806,13.81895796847636,12.406947890818858,,,,,,,,,,,2.1071420246475414,5463244
ldpc,N192_M96,pSA,search,915,846,,,,0.27892635482857736,0.1720559445585177,1.827858794951462,fixed,0.3664382356738084,0.0,0.0,0.2052961986623495,8.502449238633053,linear,0.06718637189173718,0.2804266955141744,majority,10214,6337,19200,0.09335937500000001,1.0,1.0,0.006740972222222222,0.0806,13.849541567940664,12.406947890818858,,,,,,,,,,,2.1072021981865765,7355885
ldpc,N192_M96,pSA,search,296,847,,,,0.6104529465368069,0.5228777837302719,1.55687882434955,llr,0.06445261627880111,0.0,0.0,0.1202197378720803,4.977259481240059,linear,1.2390554290160105,0.6227868695113394,majority,12445,192,12800,0.0935546875,1.0,1.0,0.006740972222222222,0.0806,13.878515504275265,12.406947890818858,,,,,,,,,,,2.1082048330844527,2454024
ldpc,N192_M96,pSA,search,502,848,,,,0.26081799821521034,0.361813701917394,0.859879419654426,llr,0.7351609782219161,0.0,0.0,0.4630614244497301,8.4651982822511,constant,0.11298449173679066,0.2679989094238496,majority,11192,3587,19200,0.09350043402777779,1.0,1.0,0.006740972222222222,0.0806,13.870467188626765,12.406947890818858,,,,,,,,,,,2.1083671079631836,4085338
ldpc,N192_M96,pSA,search,501,849,,,,0.2574988604374443,0.36106982987102687,0.8819328737448895,llr,0.7565839143420756,0.0,0.0,0.41017175752907353,8.540325344063216,constant,0.08623074065272635,0.27649119397863964,majority,11321,3839,19200,0.09391276041666667,1.0,1.0,0.006740972222222222,0.0806,13.931634387555373,12.406947890818858,,,,,,,,,,,2.109813662777108,4077419
ldpc,N192_M96,pSA,search,844,850,,,,0.32226331579195827,9.639049701465376,1.5150356135865255,llr,0.8251580053468629,0.0,0.0,0.5468226479623811,7.223111789736664,piecewise,0.06303131636433452,0.17835041220039638,majority,11858,3914,19200,0.09385850694444446,1.0,1.0,0.006740972222222222,0.0806,13.923586071906874,12.406947890818858,,,,,,,,,,,2.110818249135681,6793636
ldpc,N192_M96,pSA,search,81,851,,,,1.3802860186412438,2.662357555231815,0.17152115277110705,snr,0.6392332143788103,0.0,0.0,0.04224403270397195,4.0181165918869075,piecewise,1.2296841262363223,0.4818950774987413,majority,2550,2941,6400,0.09440104166666667,1.0,1.0,0.006740972222222222,0.0806,14.004069228391883,12.406947890818858,,,,,,,,,,,2.112041513764023,751439
ldpc,N192_M96,pSA,search,547,852,,,,0.3384352911167157,0.34086773635841283,0.2758504748406344,llr,0.7791301837386324,0.0,0.0,0.33191309172407063,2.0625379625565015,linear,0.06931547443009235,0.322455597123663,majority,10209,3989,19200,0.09505208333333333,1.0,1.0,0.006740972222222222,0.0806,14.100649016173895,12.406947890818858,,,,,,,,,,,2.115610682205512,4441693
ldpc,N192_M96,pSA,search,16,853,,,,0.22274871323129827,1.7767112143740196,0.21557859976137725,snr,0.00441460480382036,0.0,0.0,0.033209199481604765,0.735979701224348,exponential,9.852786771662037,0.2962375575512588,majority,298,2419,6400,0.09563802083333332,1.0,1.0,0.006740972222222222,0.0806,14.187570825177707,12.406947890818858,,,,,,,,,,,2.1171206501607154,236704
ldpc,N192_M96,pSA,search,79,854,,,,1.703608128473263,2.5238727190610497,0.2047999441749608,snr,0.6520394428449926,0.0,0.0,0.41047490061802694,3.8820590997781053,piecewise,0.1893954793473321,0.1468060321828903,majority,2551,2906,6400,0.09558376736111111,1.0,1.0,0.006740972222222222,0.0806,14.179522509529207,12.406947890818858,,,,,,,,,,,2.1179521762557654,735601
ldpc,N192_M96,pSA,search,78,855,,,,1.7937543397937743,2.6344216871670456,0.17712202174524141,snr,0.6685126524912068,0.0,0.0,0.040226291545130084,3.9280558097255227,piecewise,0.18802322912254907,0.15001898104530625,majority,2856,2852,6400,0.09639756944444444,1.0,1.0,0.006740972222222222,0.0806,14.300247244256722,12.406947890818858,,,,,,,,,,,2.121423767181909,727682
ldpc,N192_M96,pSA,search,315,856,,,,0.5576500026052097,0.73015067893548,1.2013202812646238,llr,0.8446798724942646,0.0,0.0,0.09551207447950437,0.35180081394329504,linear,0.8948703012370065,0.6391824962723421,majority,3212,1581,12800,0.09652777777777777,1.0,1.0,0.006740972222222222,0.0806,14.319563201813123,12.406947890818858,,,,,,,,,,,2.1218201499379816,2604485
ldpc,N192_M96,pSA,search,1,857,,,,0.05739683332694806,1.1182003461439873,0.5387556503274215,snr,0.40222002354805153,0.0,0.0,0.05271426981290595,0.08461881999235309,cosine,0.5381196154170732,0.8816532343008693,majority,5565,12668,19200,0.09701605902777777,1.0,1.0,0.006740972222222222,0.0806,14.391998042649634,12.406947890818858,,,,,,,,,,,2.124162661745923,117919
ldpc,N192_M96,pSA,search,3,858,,,,0.09030812402512667,2.698343586610521,0.29005820096922863,snr,0.4694595608908444,0.0,0.0,1.842358298981666,11.63894653133042,linear,0.21096044489193067,0.05395191932199036,majority,9205,302,9600,0.09736328125,1.0,1.0,0.006740972222222222,0.0806,14.443507262800042,12.406947890818858,,,,,,,,,,,2.126520261022457,133757
ldpc,N192_M96,pSA,search,380,859,,,,0.3819854593617608,0.39814878703840906,0.5474536369801815,fixed,0.772367973215845,0.0,0.0,0.31798018095212777,6.673540154824927,linear,0.3175096606146308,0.5031952388560905,majority,1537,4438,19200,0.09753689236111111,1.0,1.0,0.006740972222222222,0.0806,14.469261872875245,12.406947890818858,,,,,,,,,,,2.126767250386588,3119220
ldpc,N192_M96,pSA,search,783,860,,,,0.34718981621596123,0.31155519608143656,0.18672767741493387,llr,0.6422749296748614,0.0,0.0,0.47635001218831874,1.116358460910595,linear,0.05849749570582785,0.41988946520149883,majority,12321,5919,19200,0.09775390624999998,1.0,1.0,0.006740972222222222,0.0806,14.501455135469246,12.406947890818858,,,,,,,,,,,2.1273054407683816,6310577
ldpc,N192_M96,pSA,search,80,861,,,,1.3544676540169902,2.3832610743210227,0.16147225067713133,snr,0.6729233862803632,0.0,0.0,0.041917163245497664,3.6006505113561764,piecewise,1.253162055619257,0.14363313394277583,majority,2829,2781,6400,0.09828559027777778,1.0,1.0,0.006740972222222222,0.0806,14.58032862882456,12.406947890818858,,,,,,,,,,,2.1296068247968103,743520
ldpc,N192_M96,pSA,search,997,862,,,,0.2226843110487081,1.195382380189054,1.0323255600371108,llr,0.7671636033199626,0.0,0.0,0.22462631264974214,10.385249137844273,linear,0.06141026103841652,0.29633428438498827,majority,6376,18,6400,0.09860026041666665,1.0,1.0,0.006740972222222222,0.0806,14.627008859585864,12.406947890818858,,,,,,,,,,,2.131118468136467,8005243
ldpc,N192_M96,pSA,search,645,863,,,,0.29250636144767284,7.649413557556812,1.2983281536767604,llr,0.8294900024991069,0.0,0.0,0.5243382029573224,10.20270829942304,linear,0.05598209619504481,0.32237303451250315,last,13454,5550,19200,0.09969618055555556,1.0,1.0,0.006740972222222222,0.0806,14.789584835685588,12.406947890818858,,,,,,,,,,,2.13604709753241,5217755
ldpc,N192_M96,pSA,search,808,864,,,,0.26732776484680854,0.16211984850580557,1.2498000972054495,llr,0.8033974036292795,0.0,0.0,0.208119660979505,9.617202200500609,piecewise,0.10006382115241161,0.21862763084863415,majority,12685,3923,19200,0.1315212673611111,0.8375,0.8000000000000002,0.006740972222222222,0.0806,19.51072679509632,10.390818858560793,,,,,,,,,,,2.1379610909104687,6508552
ldpc,N192_M96,pSA,search,762,865,,,,0.2651156099011099,0.2661416028569137,1.786410895017202,fixed,0.8221967713542712,0.0,0.0,0.5273354537765911,7.983219648461153,linear,0.0500449074299768,0.04794723249515968,last,12712,6109,19200,0.14575737847222223,0.7458333333333332,0.7458333333333332,0.006740972222222222,0.0806,21.622604821263007,9.253515301902397,,,,,,,,,,,2.1426363039448293,6144278
ldpc,N192_M96,pSA,search,272,866,,,,0.05042620331308663,0.5606838629809466,1.1382060665812068,llr,0.8523163918286703,0.0,0.0,0.0764448515151562,5.411798655722129,linear,0.8151576327738256,0.6051435466297105,last,10102,1133,12800,0.10316840277777778,1.0,1.0,0.006740972222222222,0.0806,15.304677037189657,12.406947890818858,,,,,,,,,,,2.1507602566224238,2263968
ldpc,N192_M96,pSA,search,875,867,,,,0.2226837566733233,0.22947461741108713,1.4093339797387006,llr,0.8617860574353751,0.0,0.0,0.17896876947051016,0.5348551766169582,linear,0.15596576106975235,0.29957430161455784,majority,10376,5228,19200,0.10296223958333334,1.0,1.0,0.006740972222222222,0.0806,15.274093437725353,12.406947890818858,,,,,,,,,,,2.150850347270752,7039125
ldpc,N192_M96,pSA,search,986,868,,,,0.3340832020779144,0.2705259283571158,1.1837509697484077,llr,0.8517795705030686,0.0,0.0,0.25506260789411245,0.4291939852488278,linear,0.054861553340820435,0.24083340412057894,majority,10823,5170,19200,0.10324435763888888,1.0,1.0,0.006740972222222222,0.0806,15.315944679097559,12.406947890818858,,,,,,,,,,,2.1522977146682116,7918134
ldpc,N192_M96,pSA,search,914,869,,,,0.2700075215723486,0.18119969946757397,1.8148170419186551,fixed,0.8707394273556097,0.0,0.0,0.21277820774648776,8.518582090750261,linear,0.06627497659176233,0.286961846659452,majority,11124,4816,19200,0.1251193576388889,0.8979166666666667,0.875,0.006740972222222222,0.0806,18.5610255485732,11.1404052936311,,,,,,,,,,,2.1611686305500744,7347966
ldpc,N192_M96,pSA,search,356,870,,,,0.586956340979013,0.41651622146232253,0.6767567596231588,llr,0.8181272506996484,0.0,0.0,0.2777777920503908,6.774735015337138,linear,0.3975328996917739,0.5389955395863887,majority,1722,3672,12800,0.14825303819444444,0.8125,0.7791666666666667,0.006740972222222222,0.0806,21.992827341094056,10.080645161290322,,,,,,,,,,,2.1623624426876393,2929164
ldpc,N192_M96,pSA,search,67,871,,,,0.11379783665577418,1.1270684640374158,0.33476466594232673,snr,0.24613129005627377,0.0,0.0,0.06874164660238755,0.1599209296320697,exponential,0.08301035345805877,0.3446718785801665,majority,13500,2111,19200,0.10626085069444445,1.0,1.0,0.006740972222222222,0.0806,15.76343102915422,12.406947890818858,,,,,,,,,,,2.163764713468839,640573
ldpc,N192_M96,pSA,search,572,872,,,,0.3577035751787305,0.2801951452053047,0.9340232497081659,fixed,0.684990169406056,0.0,0.0,0.3697805692779392,9.643108034627984,exponential,0.06578295545059212,0.25718161579442733,majority,10588,4170,19200,0.10784505208333334,1.0,1.0,0.006740972222222222,0.0806,15.99844184609045,12.406947890818858,,,,,,,,,,,2.170783470662916,4639668
ldpc,N192_M96,pSA,search,495,873,,,,0.2591611420866695,0.35546292161454524,0.8818802299208874,llr,0.7321740392032687,0.0,0.0,0.26678622952658193,8.667526622127129,constant,0.11791555682939399,0.2777749494477605,majority,11284,3557,19200,0.10907118055555555,1.0,1.0,0.006740972222222222,0.0806,16.180333779746576,12.406947890818858,,,,,,,,,,,2.1752911398314003,4029905
ldpc,N192_M96,pSA,search,699,874,,,,0.2585915309965779,0.17286003653618212,1.2700073046152924,llr,0.7925757828486115,0.0,0.0,0.28491702754000975,11.85420681917917,piecewise,0.05183273226893181,0.23303245249804538,majority,13119,5754,19200,0.13814019097222222,0.88125,0.8354166666666667,0.006740972222222222,0.0806,20.492621304213454,10.933622828784118,,,,,,,,,,,2.177632800606224,5645381
ldpc,N192_M96,pSA,search,765,875,,,,0.301059849009272,0.2614672509282493,1.7719052344723185,fixed,0.8249079142018804,0.0,0.0,0.5250110573194686,8.054359984813578,linear,0.054292944037788525,0.11786314779611681,last,12645,6075,19200,0.1659505208333333,0.7333333333333334,0.7270833333333333,0.006740972222222222,0.0806,24.618187905635107,9.098428453267163,,,,,,,,,,,2.1830260847771923,6168035
ldpc,N192_M96,pSA,search,565,876,,,,0.35895355188884975,0.28817315874290383,0.9447376279045929,fixed,0.716694760298594,0.0,0.0,0.36920377862829534,9.603284198493757,exponential,0.08129445684781647,0.25752920660080153,majority,10643,3468,19200,0.11094835069444443,1.0,0.9979166666666667,0.006740972222222222,0.0806,16.45880550118471,12.406947890818858,,,,,,,,,,,2.183060688181073,4584235
ldpc,N192_M96,pSA,search,828,877,,,,0.2955695300179027,0.19522042118189947,1.2312093412671816,llr,0.8279512415643916,0.0,0.0,0.3999762364460114,10.465559048507899,piecewise,0.08449517721015559,0.16155021824186597,majority,10111,4350,19200,0.13938802083333335,0.88125,0.84375,0.006740972222222222,0.0806,20.67773256412898,10.933622828784118,,,,,,,,,,,2.186845372739371,6666932
ldpc,N192_M96,pSA,search,504,878,,,,0.2813895641505006,0.36019478017545403,0.8625390140846261,llr,0.7576388689636547,0.0,0.0,0.2667814239510143,8.939930986719672,constant,0.12211003672515203,0.27604333948530246,majority,11661,3549,19200,0.11266276041666666,1.0,1.0,0.006740972222222222,0.0806,16.713132275677346,12.406947890818858,,,,,,,,,,,2.189955091449786,4101176
ldpc,N192_M96,pSA,search,74,879,,,,2.5205962691104595,2.5713921274777713,0.17181026938648128,snr,0.6570760033447585,0.0,0.0,0.04031039694971157,5.0953299029186745,piecewise,0.18502687095221415,0.15215142541478843,majority,2710,1911,6400,0.11346571180555555,1.0,1.0,0.006740972222222222,0.0806,16.83224734727516,12.406947890818858,,,,,,,,,,,2.192505638860167,696006
ldpc,N192_M96,pSA,search,647,880,,,,0.29747284458517326,0.24522801692707152,0.13100188755930647,llr,0.7239173313852282,0.0,0.0,0.529947697886442,9.098955263810174,linear,0.056649293283217675,0.40699398003519194,majority,13515,5498,19200,0.11455078125,1.0,1.0,0.006740972222222222,0.0806,16.993213660245186,12.406947890818858,,,,,,,,,,,2.1956933161773673,5233593
ldpc,N192_M96,pSA,search,745,881,,,,0.3135740106506495,0.33814060335090246,0.06652907416697264,llr,0.7988900106141643,0.0,0.0,0.4611228380631669,8.693255524019268,linear,0.059736519226504706,0.24936026079647072,majority,12255,5778,19200,0.11529947916666668,1.0,1.0,0.006740972222222222,0.0806,17.104280416194502,12.406947890818858,,,,,,,,,,,2.19949037255716,6009655
ldpc,N192_M96,pSA,search,161,882,,,,0.8768684160467792,0.7224155262886001,1.3973190387057812,snr,0.7888890595571201,0.0,0.0,1.3567809662087418,9.480301441364563,cosine,5.6507049454483855,0.6824612437570471,best_state,4921,2481,9600,0.1619900173611111,0.8041666666666667,0.7958333333333334,0.006740972222222222,0.0806,24.03066086329453,9.977253928866832,,,,,,,,,,,2.2041317885358995,1384959
ldpc,N192_M96,pSA,search,726,883,,,,0.28404050085410015,0.23852559474390617,2.1008676319222004,llr,0.766377120540981,0.0,0.0,0.29182674111867885,11.758852362508815,constant,0.06964079370313697,0.15977390904127953,majority,11744,5532,19200,0.11690538194444444,1.0,1.0,0.006740972222222222,0.0806,17.34251055939013,12.406947890818858,,,,,,,,,,,2.2070633239657234,5859194
ldpc,N192_M96,pSA,search,638,884,,,,0.2978837863675499,0.18635280677061894,1.2721651530714881,llr,0.8249236636229627,0.0,0.0,0.5350398751922675,9.231933196360437,linear,0.056994114577745496,0.3195532283539369,majority,13538,5070,19200,0.14049479166666667,0.9020833333333332,0.8708333333333332,0.006740972222222222,0.0806,20.841918203358404,11.192100909842843,,,,,,,,,,,2.207535981035791,5162322
ldpc,N192_M96,pSA,search,362,885,,,,0.30307543828076333,0.27479907239960094,0.0896441329357195,llr,0.8007473661482785,0.0,0.0,0.36290239207815017,6.227437893377214,linear,0.5470195039351261,0.5842232660624441,majority,1817,5000,19200,0.12229817708333335,1.0,1.0,0.006740972222222222,0.0806,18.142513134851143,12.406947890818858,,,,,,,,,,,2.2243917414376444,2976678
ldpc,N192_M96,pSA,search,933,886,,,,0.203587505763692,0.3277370273175982,1.384122910160224,llr,0.8326467086882013,0.0,0.0,0.250487289505751,9.444159397889718,constant,0.05620333897263121,0.22959074311486735,majority,10745,5346,19200,0.12282986111111112,1.0,1.0,0.006740972222222222,0.0806,18.22138662820645,12.406947890818858,,,,,,,,,,,2.2284290328375516,7498427
ldpc,N192_M96,pSA,search,974,887,,,,0.2928779045134885,0.3870129282638516,1.4571824191908056,snr,0.8117006333550073,0.0,0.0,0.22337581638376985,11.174798985212568,constant,0.06987837175291103,0.18967025983574143,majority,14356,4784,19200,0.12319878472222222,1.0,1.0,0.006740972222222222,0.0806,18.276115174616255,12.406947890818858,,,,,,,,,,,2.2284446150326414,7823106
ldpc,N192_M96,pSA,search,639,888,,,,0.2958255369689055,0.18806184017220196,1.3186979735522928,llr,0.824817049827111,0.0,0.0,0.5019237093608684,9.885404366262009,linear,0.05465825238855482,0.40608339922360465,majority,12319,5294,19200,0.14811197916666666,0.90625,0.8604166666666666,0.006740972222222222,0.0806,21.971901720407953,11.24379652605459,,,,,,,,,,,2.229361413039742,5170241
ldpc,N192_M96,pSA,search,787,889,,,,0.3424221091748034,0.3083001969273317,1.232739699621588,llr,0.8422242046959,0.0,0.0,0.23401872186485664,0.3287521864859145,linear,0.10161213712433091,0.2703017505279239,majority,11495,4018,19200,0.12349175347222223,1.0,1.0,0.006740972222222222,0.0806,18.319576079118164,12.406947890818858,,,,,,,,,,,2.229689325211748,6342253
ldpc,N192_M96,pSA,search,567,890,,,,0.3583835938371578,0.27907935018302166,0.9316948227625458,fixed,0.7122004868483028,0.0,0.0,0.3697686962313694,9.813776708331417,exponential,0.07917325558294054,0.25357116168108884,majority,11604,3448,19200,0.12544487847222222,1.0,0.9958333333333332,0.006740972222222222,0.0806,18.6093154424642,12.406947890818858,,,,,,,,,,,2.2356808743975822,4600073
ldpc,N192_M96,pSA,search,49,891,,,,0.07571493361123875,11.262208570512765,0.6069761645403462,llr,0.5109070555043733,0.0,0.0,0.19825503949200873,0.5716857799686471,constant,0.7253679679082575,0.004683070996902544,last,8285,4354,12800,0.12724609375,1.0,1.0,0.006740972222222222,0.0806,18.87651952199444,12.406947890818858,,,,,,,,,,,2.242804331454483,498031
ldpc,N192_M96,pSA,search,819,892,,,,0.29518556602275,0.1897595565708571,1.2002644694657423,llr,0.7598525124420207,0.0,0.0,0.27287765831461486,10.787736426509701,piecewise,0.08622321650907672,0.16271396951658557,majority,10049,4410,19200,0.15462239583333334,0.90625,0.8645833333333334,0.006740972222222222,0.0806,22.937699598228086,11.24379652605459,,,,,,,,,,,2.2470098364977185,6595661
ldpc,N192_M96,pSA,search,959,893,,,,0.3714628899012413,0.38898092408598445,1.1468833733650579,llr,0.7863944550592242,0.0,0.0,0.18805968587182997,2.123978491919249,cosine,0.0636387438166517,0.21273000879998946,majority,9468,126,9600,0.12982855902777776,1.0,1.0,0.006740972222222222,0.0806,19.259619346863087,12.406947890818858,,,,,,,,,,,2.251356561304683,7704321
ldpc,N192_M96,pSA,search,51,894,,,,0.08637165923555322,10.963160742988888,0.6381056436232801,llr,0.47252877409550564,0.0,0.0,0.181564022856773,0.5681256560737555,constant,0.698046042062091,0.010361997283906188,last,8257,4314,12800,0.13039279513888888,1.0,1.0,0.006740972222222222,0.0806,19.3433218296075,12.406947890818858,,,,,,,,,,,2.2529674742423103,513869
ldpc,N192_M96,pSA,search,419,895,,,,0.7665677185897783,0.4988535116355884,0.6999416513509298,llr,0.8299400401713644,0.0,0.0,0.29439341953270365,5.105013152200071,linear,0.6979867263816154,0.5090542882303555,majority,10069,1369,12800,0.16816406249999996,0.86875,0.8312500000000002,0.006740972222222222,0.0806,24.94655918409395,10.778535980148883,,,,,,,,,,,2.259538014455242,3428061
ldpc,N192_M96,pSA,search,408,896,,,,0.4397911742824728,0.25773976021982803,1.3937624314115622,llr,0.7208348928145952,0.0,0.0,0.24300289855717552,7.530554893901192,linear,0.6832543466361318,0.5569460833733362,majority,1482,6392,12800,0.15532769097222224,0.9166666666666666,0.8875000000000001,0.006740972222222222,0.0806,23.0423277016586,11.373035566583953,,,,,,,,,,,2.2608938917583674,3340952
ldpc,N192_M96,pSA,search,55,897,,,,0.0788930892531784,11.072681887233527,0.607887193605159,llr,0.46362927766027084,0.0,0.0,0.18940500934393908,0.34161551735741774,constant,0.8507368022940055,0.10930316256496839,last,8116,4495,12800,0.1331814236111111,1.0,1.0,0.006740972222222222,0.0806,19.757005253940456,12.406947890818858,,,,,,,,,,,2.263077116820442,545545
ldpc,N192_M96,pSA,search,54,898,,,,0.07354450512600984,11.463649399960188,0.6091743324610581,llr,0.4877177325698475,0.0,0.0,0.17665431637427936,0.56725641525783,constant,0.6309584346518569,0.015595644984203794,last,10091,8128,19200,0.13407118055555553,1.0,1.0,0.006740972222222222,0.0806,19.88899763057587,12.406947890818858,,,,,,,,,,,2.26546473579523,537626
ldpc,N192_M96,pSA,search,470,899,,,,0.35023219147411566,0.20965883602031626,1.0389433887433035,llr,0.7105615376440215,0.0,0.0,0.3125698637032194,8.069700303535548,linear,0.053355480048831005,0.3319966079825222,majority,12647,3354,19200,0.16220703125,0.9125,0.8562500000000001,0.006740972222222222,0.0806,24.062854125888535,11.321339950372208,,,,,,,,,,,2.2658799149773325,3831930
ldpc,N192_M96,pSA,search,976,900,,,,0.2868707166048149,0.3727846631141356,1.0404247884841438,llr,0.8142325665886637,0.0,0.0,0.20609113961755132,11.56729108567892,constant,0.06932581208962572,0.18540079076341054,majority,14546,4588,19200,0.13577473958333333,1.0,1.0,0.006740972222222222,0.0806,20.141714741938806,12.406947890818858,,,,,,,,,,,2.272359276019505,7838944
ldpc,N192_M96,pSA,search,77,901,,,,2.6901844282323624,2.569766241511402,0.18982431827267768,snr,0.6183950286867941,0.0,0.0,0.03934426413221482,4.85550539510963,piecewise,1.191525697032314,0.15274368582576647,majority,2438,2851,6400,0.1362521701388889,1.0,1.0,0.006740972222222222,0.0806,20.21253991964562,12.406947890818858,,,,,,,,,,,2.2725268388801174,719763
ldpc,N192_M96,pSA,search,518,902,,,,0.3159072932495229,0.2389286685131813,0.22744310864442646,llr,0.7905391145051579,0.0,0.0,0.28078659083544555,7.986279373143484,linear,0.050362821604838105,0.23489513755705155,majority,11862,2967,19200,0.1379123263888889,1.0,0.99375,0.006740972222222222,0.0806,20.458818378489752,12.406947890818858,,,,,,,,,,,2.275222465530155,4212042
ldpc,N192_M96,pSA,search,158,903,,,,0.8386107748941598,0.7020394751813356,1.3785381110527897,snr,0.7767349133544803,0.0,0.0,0.9532309130729052,9.429441487317547,cosine,5.438221868517831,0.6830430285315687,best_state,3505,2416,6400,0.17022569444444446,0.8645833333333334,0.8624999999999999,0.006740972222222222,0.0806,25.252395178736997,10.726840363937137,,,,,,,,,,,2.2766124680818534,1361202
ldpc,N192_M96,pSA,search,194,904,,,,0.9559124006923134,0.7013256182715722,1.7516319058421026,snr,0.8521995875491121,0.0,0.0,0.12045214189469623,7.866714681439443,linear,1.2777476144347601,0.5779005789418966,majority,4119,2196,6400,0.1618381076388889,0.90625,0.8958333333333334,0.006740972222222222,0.0806,24.00812557947873,11.24379652605459,,,,,,,,,,,2.277404244697218,1646286
ldpc,N192_M96,pSA,search,981,905,,,,0.2946462153035989,0.37287960599772707,1.4760145876988608,llr,0.8266178768439703,0.0,0.0,0.2054669971680749,11.685919757895164,constant,0.07007918713978623,0.18351825452940854,majority,14436,4716,19200,0.13825954861111112,1.0,1.0,0.006740972222222222,0.0806,20.510327598640156,12.406947890818858,,,,,,,,,,,2.279844154736944,7878539
ldpc,N192_M96,pSA,search,65,906,,,,0.20255511899914352,1.2360968787387903,0.3139738148778853,snr,0.2604626006179188,0.0,0.0,0.06757565859453188,2.6968051788465788,exponential,0.23717971375597757,0.3475977756691011,majority,14989,20,19200,0.13888888888888887,1.0,1.0,0.006740972222222222,0.0806,20.603688060162767,12.406947890818858,,,,,,,,,,,2.280758030204476,624735
ldpc,N192_M96,pSA,search,312,907,,,,0.43296269285525674,0.623734238954686,0.13333794697352772,llr,0.9238521773642295,0.0,0.0,0.1435596721543921,4.966109855345091,exponential,0.7616956163067479,0.47406951552026383,majority,7550,934,12800,0.1393771701388889,1.0,1.0,0.006740972222222222,0.0806,20.67612290099928,12.406947890818858,,,,,,,,,,,2.2813065419761767,2580728
ldpc,N192_M96,pSA,search,980,908,,,,0.29622150901168637,0.3662506503588057,1.0652036484160068,snr,0.8163360123986413,0.0,0.0,0.23196622014453755,11.913338611202535,constant,0.06876888760933363,0.182355916671638,majority,14719,4431,19200,0.14087456597222223,1.0,1.0,0.006740972222222222,0.0806,20.89825641289791,12.406947890818858,,,,,,,,,,,2.2877797615428133,7870620
ldpc,N192_M96,pSA,search,823,909,,,,0.3021616886086894,0.19033226474512055,1.253761295554369,llr,0.7554294987652951,0.0,0.0,0.39584209460537617,10.77610732537794,linear,0.08307640996156032,0.8802621777745292,majority,10672,4380,19200,0.16360677083333333,0.9354166666666667,0.8854166666666666,0.006740972222222222,0.0806,24.270500669619864,11.605665839536806,,,,,,,,,,,2.2884343352324055,6627337
ldpc,N192_M96,pSA,search,922,910,,,,0.2856227566090328,0.1696868300340873,1.8525600879724564,fixed,0.8098610002630385,0.0,0.0,0.3013423560948445,8.511822768117398,linear,0.06748492308257731,0.28187558474221025,majority,10233,6282,19200,0.17252604166666666,0.9604166666666667,0.8645833333333334,0.006740972222222222,0.0806,25.59364376223344,11.915839536807278,,,,,,,,,,,2.3030851697779395,7411318
ldpc,N192_M96,pSA,search,917,911,,,,0.27622270136744975,0.17872785323207432,1.3408824363801524,fixed,0.864730068630463,0.0,0.0,0.20271933314157872,8.53041596409134,linear,0.06710224199536194,0.28322038965763985,majority,11237,6264,19200,0.15813802083333334,0.9916666666666666,0.9354166666666667,0.006740972222222222,0.0806,23.459230452250953,12.303556658395367,,,,,,,,,,,2.305514713099492,7371723
ldpc,N192_M96,pSA,search,846,912,,,,0.3149725063399981,0.22347639674546207,1.5278844259941236,llr,0.8265489144071192,0.0,0.0,0.5461875691116688,11.961194553915456,piecewise,0.06407683006348598,0.2024919730503164,majority,11847,3922,19200,0.16471354166666666,0.94375,0.9187500000000001,0.006740972222222222,0.0806,24.434686308849283,11.709057071960297,,,,,,,,,,,2.3077404778212602,6809474
ldpc,N192_M96,pSA,search,982,913,,,,0.292614444759102,0.3854907778623332,1.0474985819370382,snr,0.8137259217237378,0.0,0.0,0.20170968009799128,11.217691808181788,constant,0.06964027407173276,0.1838023338185808,majority,14573,4582,19200,0.14933810763888888,1.0,1.0,0.006740972222222222,0.0806,22.153793654064078,12.406947890818858,,,,,,,,,,,2.313471791142585,7886458
ldpc,N192_M96,pSA,search,413,914,,,,0.7721717066019277,0.5101950243031441,0.6383553530797426,llr,0.8280659390338889,0.0,0.0,0.2953849992208727,5.216606395262318,linear,0.7023879608205472,0.4756877176910715,majority,10192,1260,12800,0.18299696180555555,0.9020833333333335,0.8729166666666667,0.006740972222222222,0.0806,27.14696868239415,11.192100909842846,,,,,,,,,,,2.319845446054339,3380547
ldpc,N192_M96,pSA,search,979,915,,,,0.2905388726471727,0.3498943467792952,1.4648600699837813,snr,0.8151069119490301,0.0,0.0,0.20166354801520167,10.905559304304642,constant,0.07057968446843646,0.18705070492594786,majority,14277,4851,19200,0.15279947916666667,1.0,1.0,0.006740972222222222,0.0806,22.667276192438447,12.406947890818858,,,,,,,,,,,2.3235088601580722,7862701
ldpc,N192_M96,pSA,search,168,916,,,,0.8564148513676652,0.5769039123124986,1.8419373451688819,snr,0.7837459112996545,0.0,0.0,1.5870858132068124,9.46794056836244,cosine,5.5324301799739946,0.6722502619366182,best_state,4035,2067,6400,0.18118489583333333,0.9166666666666666,0.8916666666666666,0.006740972222222222,0.0806,26.878154939734213,11.373035566583953,,,,,,,,,,,2.3287964144586395,1440392
ldpc,N192_M96,pSA,search,916,917,,,,0.2750446507624272,0.16885704768636572,1.8050776070287717,fixed,0.8171668252568546,0.0,0.0,0.19719992472427933,8.490495705400082,linear,0.06592424416455753,0.28596458564316174,majority,11268,2759,19200,0.1841037326388889,0.9520833333333334,0.8645833333333334,0.006740972222222222,0.0806,27.311154321623572,11.81244830438379,,,,,,,,,,,2.330676009589563,7363804
ldpc,N192_M96,pSA,search,861,918,,,,5.953024648804274,0.2657226385793752,1.3185112340645904,llr,0.853631034794107,0.0,0.0,0.3490345066029041,10.177624382774146,linear,0.05043404749437639,0.13175346926583426,majority,11237,3691,19200,0.49852430555555555,1.0,0.0,0.006740972222222222,0.0806,73.95436283094674,12.406947890818858,,,,,,,,,,,2.3379553917991016,6928259
ldpc,N192_M96,pSA,search,859,919,,,,5.775818783237962,0.25931880486502645,1.30407704839499,llr,0.8520468475254218,0.0,0.0,0.3494395748091231,10.24863263174624,linear,0.07470679609175623,0.28843018902279527,majority,12234,3576,19200,0.4989800347222222,1.0,0.0,0.006740972222222222,0.0806,74.02196868239415,12.406947890818858,,,,,,,,,,,2.338350441005495,6912421
ldpc,N192_M96,pSA,search,607,920,,,,5.106880399864156,0.2610092080799575,1.2265182380511228,llr,0.43165356608683064,0.0,0.0,0.5562543342033062,8.45991191857847,linear,0.2337737664468229,0.2735120295383409,majority,11902,6827,19200,0.49956597222222227,1.0,0.0,0.006740972222222222,0.0806,74.10889049139797,12.406947890818858,,,,,,,,,,,2.3388726732421214,4916833
ldpc,N192_M96,pSA,search,832,921,,,,3.767516987714453,0.28376393764172275,1.0872069316604118,llr,0.7807225609573779,0.0,0.0,0.832041430032135,9.313128973304321,linear,0.05000520338014746,0.39785012031070494,best_state,10781,4193,19200,0.5001085069444445,1.0,0.0,0.006740972222222222,0.0806,74.18937364788299,12.406947890818858,,,,,,,,,,,2.3393428748659626,6698608
ldpc,N192_M96,pSA,search,865,922,,,,0.24485525724004753,0.19531632144654076,1.4080108337674497,llr,0.8576469282720225,0.0,0.0,0.20186077965801752,0.3778762310189971,linear,0.05545642413738539,0.26577542265519627,majority,10455,5109,19200,0.1586263020833333,1.0,1.0,0.006740972222222222,0.0806,23.53166529308746,12.406947890818858,,,,,,,,,,,2.339888291084903,6959935
ldpc,N192_M96,pSA,search,11,923,,,,6.301689725974802,7.734610723967599,0.9549913172993616,llr,0.9965846130505955,0.0,0.0,0.9040337263674842,9.60821662039271,cosine,0.09824420098695043,0.12630821429486808,last,5694,4298,12800,0.500759548611111,1.0,0.0,0.006740972222222222,0.0806,74.28595343566498,12.406947890818858,,,,,,,,,,,2.3399056968508907,197109
ldpc,N192_M96,pSA,search,839,924,,,,3.9596726331632706,0.28921367652256286,1.0663861332474653,llr,0.788138684300861,0.0,0.0,0.46886203274708765,9.273254254138823,linear,0.05614754875661911,0.24035938070381424,majority,10871,4032,19200,0.5013888888888888,1.0,0.0,0.006740972222222222,0.0806,74.37931389718759,12.406947890818858,,,,,,,,,,,2.3404463482780318,6754041
ldpc,N192_M96,pSA,search,837,925,,,,3.0680461460260906,0.28585781702488394,1.0724825910866567,llr,0.2317760524286312,0.0,0.0,0.4570629048637304,9.35187116703752,linear,0.06977624630121075,0.3966875806842952,best_state,10783,4165,19200,0.5001519097222222,1.0,0.006250000000000001,0.006740972222222222,0.0806,74.19581230040177,12.406947890818858,,,,,,,,,,,2.3425065353647363,6738203
ldpc,N192_M96,pSA,search,159,926,,,,0.8272161366213018,0.5941420836561859,1.3952457952444577,snr,0.7861720382088103,0.0,0.0,1.3249395762651888,9.540985932723249,cosine,5.811245487193283,0.6859735616539253,best_state,5110,1386,9600,0.18783637152777777,0.9083333333333333,0.8937499999999999,0.006740972222222222,0.0806,27.864878438240446,11.269644334160462,,,,,,,,,,,2.3443216280557437,1369121
ldpc,N192_M96,pSA,search,984,927,,,,0.2954941192698964,0.3341814977010788,1.4670239607350988,snr,0.8146520623009191,0.0,0.0,0.19999450934803217,11.244910465967678,constant,0.07123845664231375,0.2359718298579029,majority,14360,4788,19200,0.16055772569444446,1.0,1.0,0.006740972222222222,0.0806,23.818185330174103,12.406947890818858,,,,,,,,,,,2.3448295195344473,7902296
ldpc,N192_M96,pSA,search,848,928,,,,0.32155902220431304,0.22562734109707341,1.5472809312088394,llr,0.8212552303060145,0.0,0.0,0.30896840554216204,11.85514624004246,piecewise,0.061936585413718694,0.20262618667653007,majority,11903,3873,19200,0.1768988715277778,0.9645833333333332,0.9229166666666666,0.006740972222222222,0.0806,26.24233800350263,11.967535153019021,,,,,,,,,,,2.3450497833950603,6825312
ldpc,N192_M96,pSA,search,162,929,,,,0.8216458936250356,0.5875310854158352,1.4206346707369364,snr,0.7817134588775568,0.0,0.0,1.5192718981354656,11.00142315151739,cosine,5.697112196688271,0.6735299478260339,best_state,5369,2467,9600,0.18948567708333333,0.90625,0.8895833333333334,0.006740972222222222,0.0806,28.109547233954878,11.24379652605459,,,,,,,,,,,2.345134883487425,1392878
ldpc,N192_M96,pSA,search,668,930,,,,2.7186302904676705,0.4117347039757314,1.1303157215471662,llr,0.7351705654338717,0.0,0.0,0.38310766572616306,11.936804528248704,linear,0.08972594115875333,0.1753623323014556,majority,11388,6349,19200,0.49959852430555557,1.0,0.022916666666666665,0.006740972222222222,0.0806,74.11371948078707,12.406947890818858,,,,,,,,,,,2.3503585463586485,5399892
ldpc,N192_M96,pSA,search,798,931,,,,2.064299886598807,0.2414099869788017,1.486656131816208,llr,0.8410940428133991,0.0,0.0,0.4423853949361434,7.6223542161579205,linear,0.050001105030044624,0.1886126664670844,majority,9497,99,9600,0.5032769097222223,1.0,0.01875,0.006740972222222222,0.0806,74.65939528175545,12.406947890818858,,,,,,,,,,,2.3514366890705283,6429362
ldpc,N192_M96,pSA,search,937,932,,,,0.3139539349570952,0.3722721990350992,0.3629053298634822,llr,0.8057560121298688,0.0,0.0,0.18046802726738811,0.18705818793634052,cosine,0.07356648493499729,0.25475246575865834,majority,13626,5421,19200,0.16946614583333333,1.0,1.0,0.006740972222222222,0.0806,25.139718759657978,12.406947890818858,,,,,,,,,,,2.36813674443398,7530103
ldpc,N192_M96,pSA,search,198,933,,,,0.9851143280008327,0.6765729303986668,1.7945681352060239,snr,0.8470212051110372,0.0,0.0,0.25108378140875576,7.545157045883109,linear,1.3529412004980532,0.5753826242471631,majority,4138,1140,6400,0.18263888888888888,0.9604166666666666,0.9562500000000002,0.006740972222222222,0.0806,27.09384979911404,11.915839536807278,,,,,,,,,,,2.3726588483798787,1677962
ldpc,N192_M96,pSA,search,929,934,,,,0.19833910936708332,0.23361320171992692,1.3800535455547065,llr,0.8293689449706766,0.0,0.0,0.24816208684319277,10.35467078358789,constant,0.05814151499528771,0.2322055449598697,majority,13496,5602,19200,0.17237413194444443,1.0,1.0,0.006740972222222222,0.0806,25.571108478417635,12.406947890818858,,,,,,,,,,,2.3762050673412816,7466751
ldpc,N192_M96,pSA,search,202,935,,,,0.9754084843946162,0.6652868112491677,1.8062767925286247,snr,0.8505125004691274,0.0,0.0,0.06014417090528737,7.067105816169083,linear,1.292298541514128,0.5717890179132337,majority,3487,2202,6400,0.18319227430555554,0.9729166666666668,0.96875,0.006740972222222222,0.0806,27.17594261872875,12.070926385442515,,,,,,,,,,,2.3812573013526914,1709638
ldpc,N192_M96,pSA,search,384,936,,,,0.4083188518717416,0.2385468845946784,0.967207059087783,fixed,0.8574958845942515,0.0,0.0,0.32138285456886573,6.717580850704891,linear,0.32245895037469047,0.48735360143833234,majority,802,14501,19200,0.18318142361111112,1.0,0.9604166666666667,0.006740972222222222,0.0806,27.174332955599056,12.406947890818858,,,,,,,,,,,2.3833086782533712,3150896
ldpc,N192_M96,pSA,search,166,937,,,,0.8411434652521018,0.5894478387574777,1.3321326065142232,snr,0.782509540223803,0.0,0.0,1.37070518645526,9.577552114680834,cosine,4.805125209398437,0.6717118357710659,best_state,5063,1415,9600,0.20047743055555556,0.9375,0.9166666666666666,0.006740972222222222,0.0806,29.740135984341197,11.631513647642679,,,,,,,,,,,2.386831735721777,1424554
ldpc,N192_M96,pSA,search,842,938,,,,0.3244445150662606,0.22661615612271702,1.5498864914604469,llr,0.8259691435323308,0.0,0.0,0.5649418454834838,11.931741974534615,piecewise,0.0658979546875762,0.19963536936661633,majority,10410,4639,19200,0.18751085069444443,0.9812500000000001,0.9541666666666666,0.006740972222222222,0.0806,27.816588544349436,12.174317617866006,,,,,,,,,,,2.387177687387868,6777798
ldpc,N192_M96,pSA,search,150,939,,,,0.9653906411232019,0.6390281373079078,2.0492556819152252,snr,0.8146143517392861,0.0,0.0,1.1801462000898577,9.967835215792876,cosine,4.193219261809876,0.7573998006882315,best_state,3800,1812,6400,0.18722873263888892,0.9666666666666668,0.9645833333333332,0.006740972222222222,0.0806,27.77473730297724,11.993382961124897,,,,,,,,,,,2.388594240956772,1297850
ldpc,N192_M96,pSA,search,164,940,,,,0.838703401393567,0.5912614845279907,1.4120322635984368,snr,0.7730372389621076,0.0,0.0,1.3892338305190652,9.43106982538122,cosine,5.864059808271082,0.6828868642738509,best_state,4047,2438,9600,0.2015950520833333,0.9270833333333334,0.9145833333333334,0.006740972222222222,0.0806,29.905931286700316,11.502274607113316,,,,,,,,,,,2.38949928265469,1408716
ldpc,N192_M96,pSA,search,163,941,,,,0.8417055393795756,0.5882759381785205,1.3938236070521857,snr,0.7876618510204283,0.0,0.0,1.376724508629524,9.432325722977543,cosine,5.5178144020431406,0.6664054332199599,best_state,5426,2439,9600,0.19793836805555554,0.9416666666666668,0.9333333333333332,0.006740972222222222,0.0806,29.363474811991345,11.683209263854426,,,,,,,,,,,2.3925401842579936,1400797
ldpc,N192_M96,pSA,search,568,942,,,,0.3691738159554753,0.28296604399315406,0.5035830547325407,fixed,0.7106012685280942,0.0,0.0,0.3717909927862702,9.78604566009544,exponential,0.08039733190347981,0.2585083241526131,majority,11532,3468,19200,0.18025173611111112,1.0,0.9958333333333332,0.006740972222222222,0.0806,26.739723910579997,12.406947890818858,,,,,,,,,,,2.3940578156150276,4607992
ldpc,N192_M96,pSA,search,144,943,,,,0.602567802764424,0.4141278371588038,3.687378002464674,fixed,0.9141636476845769,0.0,0.0,0.8577158207254071,8.361334252178214,cosine,1.524053461986941,0.8642200480786201,best_state,4691,1677,6400,0.18668619791666666,0.9812500000000001,0.9770833333333333,0.006740972222222222,0.0806,27.69425414649222,12.174317617866006,,,,,,,,,,,2.396734561511024,1250336
ldpc,N192_M96,pSA,search,429,944,,,,0.4002751528517808,0.20448431996681024,1.1065745207465256,llr,0.8130654493751402,0.0,0.0,0.34486337653518334,6.319268724659219,linear,0.6140790870011503,0.5636187219400731,majority,9849,2923,12800,0.19432508680555557,0.9791666666666666,0.9458333333333333,0.006740972222222222,0.0806,28.827456989801178,12.148469809760131,,,,,,,,,,,2.398116074998934,3507251
ldpc,N192_M96,pSA,search,204,945,,,,0.9646435319583601,0.6501025525481632,1.783306720616304,snr,0.8521679149678877,0.0,0.0,0.05804522334318803,7.348985836681491,linear,1.350960096067628,0.6525875966780705,majority,5824,542,6400,0.18893229166666667,0.9770833333333333,0.9729166666666668,0.006740972222222222,0.0806,28.02745441434017,12.122622001654259,,,,,,,,,,,2.3984637277494603,1725476
ldpc,N192_M96,pSA,search,205,946,,,,6.887389630530382,0.6463218203867324,1.9633278520834236,llr,0.8776819442688428,0.0,0.0,0.13967283390280455,8.606533124219334,linear,0.7598881290096627,0.6025634407609145,majority,6277,1794,12800,0.4986979166666667,1.0,0.125,0.006740972222222222,0.0806,73.98011744102195,12.406947890818858,,,,,,,,,,,2.4006087815169694,1733395
ldpc,N192_M96,pSA,search,571,947,,,,0.3652128736402578,0.27860485805419144,0.4894489151550611,fixed,0.6881562465985309,0.0,0.0,0.3683208506807399,9.480295802069184,linear,0.19944165722116836,0.20146913934382935,majority,12239,3492,19200,0.1858832465277778,1.0,0.9958333333333332,0.006740972222222222,0.0806,27.57513907489441,12.406947890818858,,,,,,,,,,,2.4073600951880123,4631749
ldpc,N192_M96,pSA,search,432,948,,,,0.37985671804001625,0.19788615066461485,1.0931180033068864,llr,0.8980219888762393,0.0,0.0,0.413568488601449,6.219129317806383,linear,0.6075803701697108,0.5667767221298295,majority,10395,1685,12800,0.19684244791666664,0.9791666666666666,0.9625,0.006740972222222222,0.0806,29.20089883589162,12.148469809760131,,,,,,,,,,,2.411744702165856,3531008
ldpc,N192_M96,pSA,search,405,949,,,,0.44670553763621457,0.24010698041459447,1.4048695061596026,llr,0.7288267918136343,0.0,0.0,0.2453181578687307,7.700942785804748,linear,0.28552443554073,0.6285428325262239,majority,1541,5492,12800,0.1985568576388889,0.9812500000000001,0.9562499999999999,0.006740972222222222,0.0806,29.45522561038426,12.174317617866006,,,,,,,,,,,2.4130233758281876,3317195
ldpc,N192_M96,pSA,search,167,950,,,,0.8572047820761142,0.5893329622716257,1.417013350358609,snr,0.7825090544114921,0.0,0.0,1.5208744930462563,9.458791710202004,cosine,5.1037630382643595,0.683083622843036,best_state,3533,2405,6400,0.20454644097222222,0.9500000000000001,0.94375,0.006740972222222222,0.0806,30.34375965797878,11.786600496277917,,,,,,,,,,,2.414066799518637,1432473
ldpc,N192_M96,pSA,search,672,951,,,,1.6482859691093663,0.2839057437680241,1.147852991916363,llr,0.6969857585001951,0.0,0.0,0.388088120859472,6.450938011299764,linear,0.08869712922866178,0.3007089836660639,majority,15716,3407,19200,0.4986545138888889,1.0,0.1729166666666667,0.006740972222222222,0.0806,73.97367878850314,12.406947890818858,,,,,,,,,,,2.4245372639740244,5431568
ldpc,N192_M96,pSA,search,756,952,,,,0.33681178530576367,0.33964941751693956,0.08988485699829818,llr,0.7962115833760781,0.0,0.0,0.44433905293418297,8.94007610288195,constant,0.06121763381555783,0.25407195713481207,majority,12184,5737,19200,0.19571397569444446,1.0,1.0,0.006740972222222222,0.0806,29.033493870402804,12.406947890818858,,,,,,,,,,,2.4301323095262806,6096764
ldpc,N192_M96,pSA,search,359,953,,,,0.5832069681206171,0.31873363116940384,0.8501405489614254,llr,0.8172330910527932,0.0,0.0,0.2913475720940458,7.048553245155129,linear,0.43011309938002423,0.5388716004426116,majority,2475,3274,12800,0.2095920138888889,0.9791666666666666,0.9458333333333333,0.006740972222222222,0.0806,31.092253013289383,12.148469809760131,,,,,,,,,,,2.431137607851003,2952921
ldpc,N192_M96,pSA,search,59,954,,,,0.08280974017744111,6.3484656820902226,1.2827371989866656,llr,0.47171953968865,0.0,0.0,0.1518489805982228,0.5796856263616917,constant,0.978543152369649,0.005214866149947844,last,8612,4044,12800,0.19938151041666666,1.0,1.0,0.006740972222222222,0.0806,29.577560008241473,12.406947890818858,,,,,,,,,,,2.439662623640891,577221
ldpc,N192_M96,pSA,search,360,955,,,,0.590339314695006,0.338964675542706,0.6702263457402807,llr,0.8147422193696997,0.0,0.0,0.2798479020644068,7.078437721001672,linear,0.45554469918524826,0.5704689387686127,majority,2578,3608,12800,0.21694878472222223,0.9895833333333334,0.9562499999999999,0.006740972222222222,0.0806,32.18360461522613,12.277708850289494,,,,,,,,,,,2.450371377776195,2960840
ldpc,N192_M96,pSA,search,664,956,,,,1.5778617900784213,0.40664370087008245,1.1235579260330164,llr,0.7271210800638553,0.0,0.0,0.37880999648557273,6.412007826641033,linear,0.09009574519095268,0.12709453945918203,majority,15931,3229,19200,0.4974175347222222,1.0,0.23958333333333334,0.006740972222222222,0.0806,73.79017719171732,12.406947890818858,,,,,,,,,,,2.456790039163491,5368216
ldpc,N192_M96,pSA,search,425,957,,,,0.3957059954739029,0.19254839204891025,1.055050491731428,llr,0.8091048110358477,0.0,0.0,0.4135768110050578,6.156640787819305,linear,0.09105873048038124,0.31845353592887615,majority,9778,2693,12800,0.2196723090277778,0.9979166666666667,0.9604166666666667,0.006740972222222222,0.0806,32.58763006078088,12.381100082712985,,,,,,,,,,,2.461061920404471,3475575
ldpc,N192_M96,pSA,search,337,958,,,,0.49444681675176205,0.46598118663664634,0.8598013796089266,llr,0.9999059133456468,0.0,0.0,0.40809109362973767,6.443508472546672,linear,0.43946125016126225,0.6025901170656103,majority,2123,283,12800,0.4927083333333333,1.0,0.25833333333333336,0.006740972222222222,0.0806,73.09158339342743,12.406947890818858,,,,,,,,,,,2.462031470257567,2778703
ldpc,N192_M96,pSA,search,186,959,,,,0.6505416372809218,1.1058675282921877,2.9960560495953605,snr,0.8401776964249251,0.0,0.0,0.047706455746614924,0.07546205403298893,linear,1.1351827585022478,0.696412749161559,majority,3937,2111,6400,0.2150173611111111,1.0,1.0,0.006740972222222222,0.0806,31.897084578139488,12.406947890818858,,,,,,,,,,,2.4725113189258856,1582934
ldpc,N192_M96,pSA,search,57,960,,,,0.0963893301774157,6.112356789405448,0.5887166108503371,llr,0.4603518226016677,0.0,0.0,0.16055005587682536,0.5456191794049285,constant,0.7576898124495864,0.11305915562629026,last,8188,4447,12800,0.21727430555555557,1.0,1.0,0.006740972222222222,0.0806,32.23189450911713,12.406947890818858,,,,,,,,,,,2.47680854297301,561383
ldpc,N192_M96,pSA,search,142,961,,,,0.6124707338340397,0.388999400518872,3.394608320369441,snr,0.9508916950470516,0.0,0.0,0.7220896438534414,8.403701775747663,cosine,1.5157212702555662,0.8403324963673813,best_state,4215,1998,6400,0.22483723958333335,0.9979166666666667,0.9916666666666666,0.006740972222222222,0.0806,33.353829710518184,12.381100082712985,,,,,,,,,,,2.4871566066814963,1234498
ldpc,N192_M96,pSA,search,60,962,,,,0.36525650188902087,6.1036380755133095,0.6197895028789745,llr,0.4612110598023603,0.0,0.0,0.15281093949198213,0.5743489847102788,constant,0.6598453977782623,0.010918080051088686,last,8453,4191,12800,0.2244357638888889,1.0,1.0,0.006740972222222222,0.0806,33.294272174719275,12.406947890818858,,,,,,,,,,,2.4911136179458246,585140
ldpc,N192_M96,pSA,search,58,963,,,,0.07915294293370813,5.1640244847143695,0.6102438246084031,llr,0.4630299973470987,0.0,0.0,0.17273196835168417,0.5675682187596004,constant,0.7193637052118574,0.014280309539395047,last,8375,4260,12800,0.23080512152777777,1.0,1.0,0.006740972222222222,0.0806,34.239144431853305,12.406947890818858,,,,,,,,,,,2.50315577448752,569302
ldpc,N192_M96,pSA,search,53,964,,,,0.08441929932162522,5.409944846151756,1.245208864089735,llr,0.5185186922739333,0.0,0.0,0.15088870143222763,1.0238979476490129,constant,0.8426842336546562,0.1170341580093492,last,8497,4167,12800,0.23077256944444444,1.0,1.0,0.006740972222222222,0.0806,34.2343154424642,12.406947890818858,,,,,,,,,,,2.5033032691823562,529707
ldpc,N192_M96,pSA,search,426,965,,,,0.4015591744331091,0.1886254919996541,1.0930872930014572,llr,0.8052892219892763,0.0,0.0,0.41094713563635304,6.228988290484391,linear,0.05501761381944915,0.4279321059242895,majority,10232,1664,12800,0.24789496527777777,1.0,0.9520833333333334,0.006740972222222222,0.0806,36.77436386113114,12.406947890818858,,,,,,,,,,,2.5101192682218882,3483494
ldpc,N192_M96,pSA,search,228,966,,,,0.45459890963492094,0.5169324797043316,0.052252012377194124,llr,0.8716261173787041,0.0,0.0,0.11368186396252,6.026538475643738,linear,0.7148973046890617,0.548200513730298,majority,9105,1239,12800,0.23527560763888888,1.0,1.0,0.006740972222222222,0.0806,34.90232564128979,12.406947890818858,,,,,,,,,,,2.510622177812495,1915532
ldpc,N192_M96,pSA,search,4,967,,,,0.6782097024982251,0.31150192500620144,2.309385601224649,snr,0.7684279062889213,0.0,0.0,2.1927514413047424,3.1844949718646305,constant,0.2943268492655525,0.5454538556416306,majority,16599,651,19200,0.23717447916666667,0.9979166666666667,0.99375,0.006740972222222222,0.0806,35.184016688987334,12.381100082712985,,,,,,,,,,,2.511728798745843,141676
ldpc,N192_M96,pSA,search,873,968,,,,0.21554111273502036,0.18247337728101148,1.4662834212082665,llr,0.8577867231582152,0.0,0.0,0.19292092231034835,0.2611856574881713,linear,0.15115455281775936,0.2705207495749212,majority,10452,5211,19200,0.2357855902777778,1.0,1.0,0.006740972222222222,0.0806,34.977979808385705,12.406947890818858,,,,,,,,,,,2.5126039925937143,7023287
ldpc,N192_M96,pSA,search,138,969,,,,0.6159624710235111,0.34885017858331474,3.3874752768227863,snr,0.9217378735885888,0.0,0.0,0.783989624211844,8.52981839747889,cosine,1.5484334104493973,0.8292448849502141,best_state,4779,1601,6400,0.2387912326388889,1.0,0.9958333333333332,0.006740972222222222,0.0806,35.42385649531266,12.406947890818858,,,,,,,,,,,2.5158529268890475,1202822
ldpc,N192_M96,pSA,search,56,970,,,,0.08642470278816182,5.265032881052655,0.6028165094786319,llr,0.4905276711134599,0.0,0.0,0.16225774723062736,0.5599883211542116,constant,0.8630116597153261,0.01775390780388794,last,8311,4325,12800,0.23832465277777778,1.0,1.0,0.006740972222222222,0.0806,35.35464098073555,12.406947890818858,,,,,,,,,,,2.5169912093229594,553464
ldpc,N192_M96,pSA,search,536,971,,,,0.3886872022669644,0.17660841228348176,0.9911669953978028,llr,0.7488230980531599,0.0,0.0,0.39809436024477074,7.220946676136233,linear,0.05997018130692969,0.3565568959336414,majority,10917,3368,19200,0.26456163194444443,1.0,0.9270833333333334,0.006740972222222222,0.0806,39.24680642835067,12.406947890818858,,,,,,,,,,,2.5262069041526174,4354584
ldpc,N192_M96,pSA,search,673,972,,,,7.760931145369623,0.28712185665249407,0.7570100141136841,llr,0.8072783766100933,0.0,0.0,0.23240017901644308,9.533781222708374,piecewise,0.15091113318261065,0.2871818557608699,majority,10091,8268,19200,0.49373914930555557,1.0,0.4083333333333334,0.006740972222222222,0.0806,73.24450139074895,12.406947890818858,,,,,,,,,,,2.537933709662651,5439487
ldpc,N192_M96,pSA,search,148,973,,,,0.5219971540960197,0.2793260993145106,2.084163951743657,snr,0.811795967142951,0.0,0.0,0.0575178650629209,5.533699992516722,cosine,4.155100920401083,0.7446896699226974,best_state,3767,1815,6400,0.25860460069444446,1.0,0.9874999999999999,0.006740972222222222,0.0806,38.36310137014526,12.406947890818858,,,,,,,,,,,2.546289494944778,1282012
ldpc,N192_M96,pSA,search,52,974,,,,0.09169368749746884,5.186539073135514,0.6238925615317762,llr,0.5463486891211973,0.0,0.0,0.14821318406235467,0.5825938903799851,constant,0.6982259764396583,0.02805917438981559,last,8570,4107,12800,0.2552083333333333,1.0,1.0,0.006740972222222222,0.0806,37.85927681054908,12.406947890818858,,,,,,,,,,,2.5469388940618565,521788
ldpc,N192_M96,pSA,search,146,975,,,,0.5279859302505323,0.2824366583830356,2.0971026861166813,snr,0.807596515658269,0.0,0.0,1.1844436216675978,9.951104087581792,cosine,3.945005375717125,0.7511131510659008,best_state,3768,2223,6400,0.25789930555555557,1.0,0.9958333333333332,0.006740972222222222,0.0806,38.258473266714745,12.406947890818858,,,,,,,,,,,2.549312282629284,1266174
ldpc,N192_M96,pSA,search,154,976,,,,0.5237439056731318,0.27928325707177337,2.1307596342371524,snr,0.812450922557208,0.0,0.0,1.0381543993581988,10.211569791576828,cosine,3.574985187118404,0.7506319755665614,best_state,3704,2150,6400,0.2593532986111111,1.0,0.9958333333333332,0.006740972222222222,0.0806,38.474168126094575,12.406947890818858,,,,,,,,,,,2.5518387934759605,1329526
ldpc,N192_M96,pSA,search,22,977,,,,0.2616111926387952,1.8329988030476128,0.23814765595714468,snr,0.9968581836860223,0.0,0.0,0.03213754626302694,0.7874643649367743,piecewise,0.06683405570066969,0.28580598122488576,majority,730,2501,6400,0.2585503472222222,1.0,1.0,0.006740972222222222,0.0806,38.35505305449675,12.406947890818858,,,,,,,,,,,2.551920506284284,284218
ldpc,N192_M96,pSA,search,573,978,,,,0.36621796425321756,0.211385650551381,0.9220998357836709,fixed,0.7225354197354494,0.0,0.0,0.36852934673900345,8.852904007094528,linear,0.06377505348962015,0.19212628624105332,majority,12251,3492,19200,0.3256510416666667,1.0,0.7999999999999999,0.006740972222222222,0.0806,48.3092098485629,12.406947890818858,,,,,,,,,,,2.5530279237059017,4647587
ldpc,N192_M96,pSA,search,857,979,,,,0.26883915901568733,0.1163247681543861,1.3725189607509936,llr,0.7949401898646676,0.0,0.0,0.3490129911030812,10.151397146056045,linear,0.05042697666581834,0.2913701582545348,majority,14117,5059,19200,0.27901475694444444,1.0,0.9395833333333332,0.006740972222222222,0.0806,41.390877717111366,12.406947890818858,,,,,,,,,,,2.555596177739425,6896583
ldpc,N192_M96,pSA,search,104,980,,,,2.113843194619738,1.5532627685136997,1.106353559637017,snr,0.7438674895097552,0.0,0.0,0.030642255654312903,11.290805121209528,cosine,0.5892448856819367,0.7497092667491047,majority,3330,2354,6400,0.2663845486111111,0.9979166666666667,0.99375,0.006740972222222222,0.0806,39.51722983414031,12.381100082712985,,,,,,,,,,,2.561758307472092,933576
ldpc,N192_M96,pSA,search,540,981,,,,0.39823851926764653,0.1756483548897796,1.0301247532260067,llr,0.8068281258178182,0.0,0.0,0.397100109433413,7.3913846719976934,linear,0.08422905759092644,0.35983174779610394,majority,10716,3310,19200,0.28692491319444446,1.0,0.9458333333333334,0.006740972222222222,0.0806,42.564322138662824,12.406947890818858,,,,,,,,,,,2.5708012701386966,4386260
ldpc,N192_M96,pSA,search,396,982,,,,0.3432467567803471,0.31733546542686325,1.1765045331552826,llr,0.6842052118098325,0.0,0.0,0.3877103564532588,5.227792546004529,constant,0.4543204145377447,0.519450577040671,majority,9311,242,9600,0.2709418402777778,1.0,1.0,0.006740972222222222,0.0806,40.1932883486144,12.406947890818858,,,,,,,,,,,2.5730278038763545,3245924
ldpc,N192_M96,pSA,search,155,983,,,,0.5044060902482282,0.23377725843788083,2.106429322313852,snr,0.8222180666053022,0.0,0.0,1.1608945397103834,10.297536866387116,cosine,1.0209046896415102,0.7512612667677021,best_state,3716,1818,6400,0.2747287326388889,1.0,0.99375,0.006740972222222222,0.0806,40.75506078087978,12.406947890818858,,,,,,,,,,,2.5757773260556376,1337445
ldpc,N192_M96,pSA,search,947,984,,,,0.31017922654836727,0.14527837084297088,1.5893515669852107,llr,0.8070890420014293,0.0,0.0,0.2159534790543564,11.356755192536744,cosine,0.07679299447764669,0.24729748730026763,majority,14304,4833,19200,0.28342013888888884,1.0,0.9770833333333334,0.006740972222222222,0.0806,42.044400947769645,12.406947890818858,,,,,,,,,,,2.581150413390173,7609293
ldpc,N192_M96,pSA,search,854,985,,,,0.2689319479991281,0.10804709447832271,1.3022059991184083,llr,0.7993803025969148,0.0,0.0,0.40435276933808645,10.148367192763446,linear,0.07328453041319892,0.29700425165087935,majority,10381,4350,19200,0.2883246527777778,1.0,0.9645833333333332,0.006740972222222222,0.0806,42.77196868239415,12.406947890818858,,,,,,,,,,,2.5823115325816257,6872826
ldpc,N192_M96,pSA,search,5,986,,,,0.12309679328944015,0.355822527007263,1.0706148949808587,fixed,0.5104860585123584,0.0,0.0,2.788859201479392,10.868009726035915,constant,3.978496746457344,0.2204128071112185,last,11666,5395,19200,0.27725694444444443,1.0,1.0,0.006740972222222222,0.0806,41.13011229009993,12.406947890818858,,,,,,,,,,,2.5830847898380926,149595
ldpc,N192_M96,pSA,search,50,987,,,,0.08687862108788567,5.1696251015634855,0.1540658028898656,llr,0.454489433795713,0.0,0.0,0.19299493405949206,0.5460600982664395,cosine,0.7062243594755904,0.0187051017405184,last,8730,8479,19200,0.27874348958333334,1.0,1.0,0.006740972222222222,0.0806,41.35063613886886,12.406947890818858,,,,,,,,,,,2.5846746200217936,505950
ldpc,N192_M96,pSA,search,392,988,,,,0.3498077613416943,0.46449058695765977,0.8975042188126965,llr,0.7862620270190703,0.0,0.0,0.4985026683032477,5.81523959955131,constant,0.4371806482995505,0.4195397066126255,majority,9441,101,9600,0.27921006944444443,1.0,1.0,0.006740972222222222,0.0806,41.41985165344597,12.406947890818858,,,,,,,,,,,2.5860681468930045,3214248
ldpc,N192_M96,pSA,search,938,989,,,,0.3100831274613658,0.14492084466990549,1.302045336939761,llr,0.7496127025448395,0.0,0.0,0.17810360843708634,11.992376492038293,cosine,0.07402691753650172,0.2534217933710523,majority,14043,5071,19200,0.2943576388888889,1.0,0.975,0.006740972222222222,0.0806,43.66694138250747,12.406947890818858,,,,,,,,,,,2.596583196489573,7538022
ldpc,N192_M96,pSA,search,576,990,,,,0.36604731492960124,0.20224156274780647,0.9323582790060659,fixed,0.7156071587321845,0.0,0.0,0.37316330965311,9.834228847278908,exponential,0.06417506585409596,0.1986223742920496,majority,10634,4263,19200,0.32842881944444446,1.0,0.9145833333333333,0.006740972222222222,0.0806,48.721283609766154,12.406947890818858,,,,,,,,,,,2.6140118260685856,4671344
ldpc,N192_M96,pSA,search,656,991,,,,0.39115639061954227,0.06969161731746933,0.9723500213644571,llr,0.7691992601255575,0.0,0.0,0.6264017508868057,3.75071970943284,linear,0.06975833412089448,0.24385196506836881,majority,12427,4011,19200,0.30380859374999997,1.0,1.0,0.006740972222222222,0.0806,45.068957968476354,12.406947890818858,,,,,,,,,,,2.622704645884447,5304864
ldpc,N192_M96,pSA,search,566,992,,,,0.3627337574527898,0.20245866446147345,0.9288111422697743,fixed,0.6986266953107925,0.0,0.0,0.37010291498439746,9.638010222331996,exponential,0.07834839070585817,0.259272446888262,majority,12136,3502,19200,0.33232421874999996,1.0,0.9333333333333332,0.006740972222222222,0.0806,49.29915267332852,12.406947890818858,,,,,,,,,,,2.6284979107997533,4592154
ldpc,N192_M96,pSA,search,537,993,,,,0.3733574976736549,0.18024136646665684,1.0475850811682594,llr,0.8069073126744493,0.0,0.0,0.40119154537528184,9.123409848977314,linear,0.06065266533392166,0.2923823803079237,majority,10832,4168,19200,0.3341579861111111,1.0,0.9354166666666668,0.006740972222222222,0.0806,49.57118574224786,12.406947890818858,,,,,,,,,,,2.631828608588244,4362503
ldpc,N192_M96,pSA,search,973,994,,,,0.3040996928526298,0.36797674537800773,0.1619020248313244,snr,0.8068318519905943,0.0,0.0,0.23158388469459776,11.69528143706394,constant,0.06911438379125617,0.2345247087780647,majority,10159,4985,19200,0.3115451388888889,1.0,1.0,0.006740972222222222,0.0806,46.216647779952616,12.406947890818858,,,,,,,,,,,2.63337251553447,7815187
ldpc,N192_M96,pSA,search,92,995,,,,2.3648000468225208,2.048291907094085,0.941973498813965,snr,0.5983144040272006,0.0,0.0,0.03650988265309599,8.361254042622067,cosine,0.5355343763051267,0.06412128491116492,majority,2251,3196,6400,0.33001302083333334,1.0,0.9875000000000002,0.006740972222222222,0.0806,48.956294426702385,12.406947890818858,,,,,,,,,,,2.6523485790305363,838548
ldpc,N192_M96,pSA,search,574,996,,,,0.3556558232225758,0.2098509562238798,0.5204403444473699,fixed,0.700995778914705,0.0,0.0,0.3773516755153522,9.25612950385683,exponential,0.07853664615064761,0.19696870165774727,majority,10699,4149,19200,0.3443142361111111,1.0,0.9562499999999999,0.006740972222222222,0.0806,51.077830431647264,12.406947890818858,,,,,,,,,,,2.655348971360429,4655506
ldpc,N192_M96,pSA,search,736,997,,,,0.2427977464452174,0.05175449658036861,1.4334592974874785,llr,0.7371353420018434,0.0,0.0,0.25990314309171203,9.572844268387323,piecewise,0.07815396714878703,0.09255837532957852,majority,11110,6240,19200,0.35629340277777777,1.0,0.93125,0.006740972222222222,0.0806,52.8548985268363,12.406947890818858,,,,,,,,,,,2.6577032537203906,5938384
ldpc,N192_M96,pSA,search,339,998,,,,0.5077916798817179,0.13937069823405468,0.9182043777582612,llr,0.9431352520056057,0.0,0.0,0.08514847917416708,4.433070179414042,linear,0.5528622321680411,0.603534262431686,majority,2227,86,12800,0.34227430555555555,1.0,0.975,0.006740972222222222,0.0806,50.77521376326362,12.406947890818858,,,,,,,,,,,2.662089937164511,2794541
ldpc,N192_M96,pSA,search,345,999,,,,0.5020276827154736,0.12170202360296019,1.3426715441917207,llr,0.86023404937919,0.0,0.0,0.3980114040430079,6.575389742778326,linear,0.8379280183661216,0.601643973817829,majority,3301,1555,12800,0.3546983506944444,1.0,0.9708333333333333,0.006740972222222222,0.0806,52.618278046770364,12.406947890818858,,,,,,,,,,,2.6755324144714216,2842055
ldpc,N192_M96,pSA,search,293,1000,,,,0.601667376199357,0.5211959630443925,1.5723688467196586,llr,0.8034307680948669,0.0,0.0,0.10704218665121569,3.2003730981008585,constant,1.1977555214660038,0.6197599557782888,majority,11960,686,12800,0.3485134548611111,1.0,1.0,0.006740972222222222,0.0806,51.70077006284125,12.406947890818858,,,,,,,,,,,2.6824103943382283,2430267
ldpc,N192_M96,pSA,search,182,1001,,,,0.6575278602437826,0.6873017316772402,1.5547647305409973,snr,0.8383419945413875,0.0,0.0,0.04728692975918745,0.05,linear,1.1629088778278365,0.771159682875374,majority,3943,2125,6400,0.3606770833333333,1.0,1.0,0.006740972222222222,0.0806,53.50520243123519,12.406947890818858,,,,,,,,,,,2.697330157123634,1551258
ldpc,N192_M96,pSA,search,343,1002,,,,0.49441480823158673,0.12483282850418277,0.8009260599979771,llr,0.9447260295107818,0.0,0.0,0.333871853634915,6.525721697032466,linear,0.490626567960855,0.5118672332449453,majority,3404,1561,12800,0.3671549479166667,1.0,0.9895833333333334,0.006740972222222222,0.0806,54.46617131966622,12.406947890818858,,,,,,,,,,,2.6998718803795194,2826217
ldpc,N192_M96,pSA,search,290,1003,,,,0.6413399208398554,0.5001176988777134,1.5428467816815967,llr,0.7953222330720104,0.0,0.0,0.1066726808024057,6.873174903496719,constant,1.2024110860033963,0.6298115754856154,majority,2589,402,12800,0.3846028645833333,1.0,1.0,0.006740972222222222,0.0806,57.05450963222417,12.406947890818858,,,,,,,,,,,2.7252858984619026,2406510
ldpc,N192_M96,pSA,search,637,1004,,,,0.2986466723053733,0.2473036714990167,0.13677634818233364,llr,0.8291380793113616,0.0,0.0,0.5130517827151345,10.211138138315972,linear,0.05789700802316725,0.323370384636162,last,13326,5319,19200,0.39256727430555555,1.0,1.0,0.006740972222222222,0.0806,58.23600236942413,12.406947890818858,,,,,,,,,,,2.7340844541355267,5154403
ldpc,N192_M96,pSA,search,570,1005,,,,0.35868049345343406,0.20264995487639548,0.05339336035275047,fixed,0.715003982905353,0.0,0.0,0.3659585982834149,9.74337728361968,linear,0.0572642841265508,0.25671976830790466,majority,11589,3473,19200,0.48784722222222227,1.0,0.8145833333333333,0.006740972222222222,0.0806,72.37045431132174,12.406947890818858,,,,,,,,,,,2.735853213322668,4623830
ldpc,N192_M96,pSA,search,289,1006,,,,0.6063035759531671,0.5030544796511033,1.5887073080810927,llr,0.8003722849521681,0.0,0.0,0.1069661458291964,6.7829382370365945,constant,0.9017738191962943,0.6213432647265849,majority,12256,325,12800,0.3990885416666667,1.0,1.0,0.006740972222222222,0.0806,59.20340991037396,12.406947890818858,,,,,,,,,,,2.741326368622246,2398591
ldpc,N192_M96,pSA,search,8,1007,,,,0.05196529817141256,0.08778729821449417,1.9012988766091026,llr,0.6332286854205439,0.0,0.0,0.450941562919868,2.889071565505822,cosine,0.20469063850166533,0.10330033824812129,last,4488,528,9600,0.39907769097222223,1.0,1.0,0.006740972222222222,0.0806,59.20180024724426,12.406947890818858,,,,,,,,,,,2.741334987999341,173352
ldpc,N192_M96,pSA,search,960,1008,,,,0.36504298408450797,0.3351624969494839,1.153216689754856,llr,0.7905630059594251,0.0,0.0,0.1689155947259633,0.29870652509575923,cosine,0.0626762130063102,0.21707797992987368,majority,9514,84,9600,0.4021484375,1.0,1.0,0.006740972222222222,0.0806,59.65733491294942,12.406947890818858,,,,,,,,,,,2.7446592555053577,7712240
ldpc,N192_M96,pSA,search,6,1009,,,,1.259309077955592,0.16192632202535065,1.8999480446367123,llr,0.8048139852049476,0.0,0.0,0.09692051812672564,0.1040901725478723,cosine,1.806236564652449,0.46356893526471027,majority,1987,2817,6400,0.40898437499999996,1.0,1.0,0.006740972222222222,0.0806,60.67142268466055,12.406947890818858,,,,,,,,,,,2.7519504439534934,157514
ldpc,N192_M96,pSA,search,291,1010,,,,0.6151826041808921,0.5153278960519182,1.5626951544523155,llr,0.8631451668996483,0.0,0.0,0.1432970016652312,6.861384913546118,constant,0.8701029583833746,0.6106576276583082,majority,2553,183,12800,0.4111328125,1.0,1.0,0.006740972222222222,0.0806,60.9901359843412,12.406947890818858,,,,,,,,,,,2.754255932174072,2414429
ldpc,N192_M96,pSA,search,649,1011,,,,0.3412388444625318,0.08458203793970262,0.9429916064509832,llr,0.7718759926198453,0.0,0.0,0.3022684840892807,9.377440185187634,linear,0.07013200682555422,0.24325133518595804,majority,15108,3819,19200,0.42750651041666665,1.0,0.96875,0.006740972222222222,0.0806,63.419117647058826,12.406947890818858,,,,,,,,,,,2.7555435371072354,5249431
ldpc,N192_M96,pSA,search,181,1012,,,,0.4743305097951649,0.055457088275569597,1.560283941077485,snr,0.8361878514206126,0.0,0.0,0.0481677986267118,5.335607051252767,linear,1.1096085837579788,0.6436621328547958,majority,3957,2120,6400,0.43427734375,1.0,0.9854166666666666,0.006740972222222222,0.0806,64.42354743999176,12.406947890818858,,,,,,,,,,,2.7707447414628827,1543339
ldpc,N192_M96,pSA,search,385,1013,,,,3.4230470845456917,0.4526665649157569,1.1698104134794869,llr,0.7628734772850374,0.0,0.0,0.39414746560011577,5.8217587418467,constant,0.2549270475187598,0.521171264727474,majority,9302,259,9600,0.4359266493055556,1.0,1.0,0.006740972222222222,0.0806,64.6682162357062,12.406947890818858,,,,,,,,,,,2.779674793533789,3158815
ldpc,N192_M96,pSA,search,192,1014,,,,0.6637204889463001,0.0741597157723213,1.55779260417294,snr,0.8360787590927986,0.0,0.0,0.9749463233693988,11.422021705925719,cosine,0.9131550537884681,0.7689547850246191,majority,3968,2133,6400,0.44338107638888885,1.0,0.9916666666666667,0.006740972222222222,0.0806,65.77405480581024,12.406947890818858,,,,,,,,,,,2.7828847244062533,1630448
ldpc,N192_M96,pSA,search,653,1015,,,,0.38619205036239335,0.08614747925620224,0.9572008374600106,llr,0.7791162550419592,0.0,0.0,0.3075294468102068,9.356282033558795,linear,0.0728065492608985,0.2948342505814198,majority,11862,4076,19200,0.4604926215277778,1.0,0.9770833333333334,0.006740972222222222,0.0806,68.3124935613475,12.406947890818858,,,,,,,,,,,2.7920411958739013,5281107
ldpc,N192_M96,pSA,search,250,1016,,,,4.480123777094832,0.5024741406229032,1.3159418793985984,llr,0.8687670254286348,0.0,0.0,0.09088559743660837,5.3819049850055425,linear,0.7883260779368608,0.4754927555804419,majority,9930,1194,12800,0.45495876736111107,1.0,0.9979166666666667,0.006740972222222222,0.0806,67.49156536520037,12.406947890818858,,,,,,,,,,,2.797205411553689,2089750
ldpc,N192_M96,pSA,search,10,1017,,,,0.13283281873252106,6.162415293518029,0.07637139943162706,fixed,0.2043530076894432,0.0,0.0,0.2650771790597953,8.983316630316004,piecewise,4.893674703520245,0.5839838673574148,best_state,1726,6515,9600,0.45878906249999996,1.0,1.0,0.006740972222222222,0.0806,68.05977644998454,12.406947890818858,,,,,,,,,,,2.8018918838509212,189190
ldpc,N192_M96,pSA,search,955,1018,,,,0.37075197505258506,0.06665794890871839,1.1775238012336626,llr,0.7887846181717824,0.0,0.0,0.18655284097545774,10.814067485712162,cosine,0.06307825769636675,0.21266057228856924,majority,9476,120,9600,0.46725260416666664,1.0,1.0,0.006740972222222222,0.0806,69.31531369115072,12.406947890818858,,,,,,,,,,,2.809822651602684,7672645
ldpc,N192_M96,pSA,search,904,1019,,,,1.35134051503695,0.27812336064811394,1.1872137021192128,llr,0.7743531662767871,0.0,0.0,0.16873294318031207,9.777803353504623,linear,0.05122697145728958,0.330127954327226,majority,9753,4939,19200,0.4991644965277778,1.0,0.94375,0.006740972222222222,0.0806,74.04933295559906,12.406947890818858,,,,,,,,,,,2.8103915595686604,7268776
ldpc,N192_M96,pSA,search,28,1020,,,,0.6439527228186139,0.696005173117381,0.11296745112485283,fixed,0.1848343862149654,0.0,0.0,0.09738958205415373,1.7640898894761043,linear,0.12257892572287625,0.3972322542269085,best_state,3526,1685,9600,0.47069227430555555,1.0,1.0,0.006740972222222222,0.0806,69.82557690326568,12.406947890818858,,,,,,,,,,,2.813005983088749,331732
ldpc,N192_M96,pSA,search,26,1021,,,,0.5499152041935361,0.7760625078149789,0.06981915849192401,fixed,0.20061933553654415,0.0,0.0,0.08103624142419857,0.23945750783254943,linear,0.12768874519589177,0.37971176224918507,best_state,3611,1535,9600,0.4827799479166666,1.0,1.0,0.006740972222222222,0.0806,71.61874162975172,12.406947890818858,,,,,,,,,,,2.8240273980845005,315894
ldpc,N192_M96,pSA,search,29,1022,,,,0.5106492031088178,0.7652307600879498,0.10353791504887788,fixed,0.190241938718171,0.0,0.0,0.08831321392296862,0.272456090786402,linear,0.13564819103085482,0.40632234090847685,best_state,3407,1634,9600,0.4828016493055556,1.0,1.0,0.006740972222222222,0.0806,71.62196095601114,12.406947890818858,,,,,,,,,,,2.824044540788273,339651
ldpc,N192_M96,pSA,search,27,1023,,,,0.5940603577028336,0.801708905825192,0.10476281810204002,fixed,0.19856842416944598,0.0,0.0,0.08766168205844438,0.24758416785507956,linear,0.16422972880272274,0.4048310625083271,best_state,3658,3500,9600,0.48285590277777773,1.0,1.0,0.006740972222222222,0.0806,71.63000927165962,12.406947890818858,,,,,,,,,,,2.8240971674567628,323813
ldpc,N192_M96,pSA,search,36,1024,,,,0.5441572155230117,0.907633419930438,0.11030799878802326,fixed,0.1860675905645939,0.0,0.0,0.09668093372467779,0.25473950973267495,linear,0.1253238660185037,0.39675977001146995,best_state,3634,1711,9600,0.4829861111111111,1.0,1.0,0.006740972222222222,0.0806,71.64932522921603,12.406947890818858,,,,,,,,,,,2.8242135596165245,395084
ldpc,N192_M96,pSA,search,30,1025,,,,0.48115084568473704,0.686542126005675,0.10602567300022904,fixed,0.17678552775622752,0.0,0.0,0.09898695242519871,0.23524415527610304,linear,0.15948584151339526,0.4037298156220436,best_state,3425,3508,9600,0.4830512152777778,1.0,1.0,0.006740972222222222,0.0806,71.65898320799424,12.406947890818858,,,,,,,,,,,2.8242688922974346,347570
ldpc,N192_M96,pSA,search,33,1026,,,,0.5465439747799824,0.8216071110269705,0.10803991428659819,fixed,0.19219485447534854,0.0,0.0,0.08673113179283068,0.26128329211347245,linear,0.11653252781795832,0.4046081053810443,best_state,4212,1565,9600,0.48338758680555555,1.0,1.0,0.006740972222222222,0.0806,71.70888276501493,12.406947890818858,,,,,,,,,,,2.824574830011809,371327
ldpc,N192_M96,pSA,search,32,1027,,,,0.554277809598465,0.7451647293184711,0.10461058483777598,fixed,0.21439218402297028,0.0,0.0,0.08006690951344983,0.298784340470794,linear,0.1277490559202646,0.4052295259577243,best_state,3697,1471,9600,0.4836371527777778,1.0,1.0,0.006740972222222222,0.0806,71.74590501699805,12.406947890818858,,,,,,,,,,,2.824798594407551,363408
ldpc,N192_M96,pSA,search,31,1028,,,,0.5217166912761005,0.6246077906098123,0.10460383877910527,fixed,0.18359398068016225,0.0,0.0,0.08942329998258933,0.251536597972773,linear,0.16648550890108632,0.39730957495771047,best_state,3630,1492,9600,0.4865451388888889,1.0,1.0,0.006740972222222222,0.0806,72.1772947357577,12.406947890818858,,,,,,,,,,,2.8273910086905674,355489
ldpc,N192_M96,pSA,search,25,1029,,,,0.4977538469704239,0.6412432021438061,0.11637538405229608,fixed,0.20957309749794378,0.0,0.0,0.11159822873392042,0.22813935676475178,linear,0.1474071791578946,0.40863425929811276,best_state,3804,3629,9600,0.48720703125000003,1.0,1.0,0.006740972222222222,0.0806,72.27548418666942,12.406947890818858,,,,,,,,,,,2.827989484555474,307975
ldpc,N192_M96,pSA,search,34,1030,,,,0.5286760662616594,0.7213169785323665,0.10575701241756441,fixed,0.1998842563002992,0.0,0.0,0.09889136272178464,0.17292716934449004,linear,0.14099696741413198,0.41908470738052217,best_state,3614,1364,9600,0.4909396701388889,1.0,1.0,0.006740972222222222,0.0806,72.8292083032863,12.406947890818858,,,,,,,,,,,2.8313022362264877,379246
ldpc,N192_M96,pSA,search,2,1031,,,,4.53679016928291,0.14162358472398115,3.7653620213853665,snr,0.08061116263486179,0.0,0.0,0.0939104767077617,0.4031851826770017,constant,0.74242437394231,0.5193108244616148,last,8762,668,9600,0.49267578125,1.0,1.0,0.006740972222222222,0.0806,73.08675440403833,12.406947890818858,,,,,,,,,,,2.8328399452852535,125838
ldpc,N192_M96,pSA,search,35,1032,,,,0.5543940085366736,0.5371192703983603,0.07351167918454518,fixed,0.2057065635762642,0.0,0.0,0.09772158155308205,0.2431373124700824,linear,0.1224837460943587,0.41218876800958826,best_state,3591,1539,9600,0.49314236111111115,1.0,1.0,0.006740972222222222,0.0806,73.15596991861544,12.406947890818858,,,,,,,,,,,2.8332516252386095,387165
ldpc,N192_M96,pSA,search,9,1033,,,,1.9410206039223816,0.6023411694250927,6.218194453240893,snr,0.2897732103761729,0.0,0.0,0.8278713654097842,1.6308944461639907,cosine,4.570395923545097,0.7169518649857007,last,11065,522,12800,0.4967447916666667,1.0,1.0,0.006740972222222222,0.0806,73.69037807767592,12.406947890818858,,,,,,,,,,,2.8364065728856516,181271
