size,variant,event,cycle,cumulative_reach_probability,not_yet_reached_probability,n_trajectories,n_ever_reached
N192_M96,additive,valid,0,0.0,1.0,200,193
N192_M96,additive,valid,100,0.035,0.965,200,193
N192_M96,additive,valid,200,0.2,0.8,200,193
N192_M96,additive,valid,300,0.36,0.64,200,193
N192_M96,additive,valid,400,0.46,0.54,200,193
N192_M96,additive,valid,500,0.505,0.495,200,193
N192_M96,additive,valid,600,0.575,0.42500000000000004,200,193
N192_M96,additive,valid,700,0.625,0.375,200,193
N192_M96,additive,valid,800,0.66,0.33999999999999997,200,193
N192_M96,additive,valid,900,0.685,0.31499999999999995,200,193
N192_M96,additive,valid,1000,0.705,0.29500000000000004,200,193
N192_M96,additive,valid,1100,0.715,0.28500000000000003,200,193
N192_M96,additive,valid,1200,0.725,0.275,200,193
N192_M96,additive,valid,1300,0.745,0.255,200,193
N192_M96,additive,valid,1400,0.76,0.24,200,193
N192_M96,additive,valid,1500,0.765,0.235,200,193
N192_M96,additive,valid,1600,0.795,0.20499999999999996,200,193
N192_M96,additive,valid,1700,0.795,0.20499999999999996,200,193
N192_M96,additive,valid,1800,0.795,0.20499999999999996,200,193
N192_M96,additive,valid,1900,0.8,0.19999999999999996,200,193
N192_M96,additive,valid,2000,0.815,0.18500000000000005,200,193
N192_M96,additive,valid,2100,0.815,0.18500000000000005,200,193
N192_M96,additive,valid,2200,0.815,0.18500000000000005,200,193
N192_M96,additive,valid,2300,0.825,0.17500000000000004,200,193
N192_M96,additive,valid,2400,0.835,0.16500000000000004,200,193
N192_M96,additive,valid,2500,0.835,0.16500000000000004,200,193
N192_M96,additive,valid,2600,0.845,0.15500000000000003,200,193
N192_M96,additive,valid,2700,0.855,0.14500000000000002,200,193
N192_M96,additive,valid,2800,0.855,0.14500000000000002,200,193
N192_M96,additive,valid,2900,0.86,0.14,200,193
N192_M96,additive,valid,3000,0.86,0.14,200,193
N192_M96,additive,valid,3100,0.865,0.135,200,193
N192_M96,additive,valid,3200,0.865,0.135,200,193
N192_M96,additive,valid,3300,0.87,0.13,200,193
N192_M96,additive,valid,3400,0.87,0.13,200,193
N192_M96,additive,valid,3500,0.875,0.125,200,193
N192_M96,additive,valid,3600,0.875,0.125,200,193
N192_M96,additive,valid,3700,0.88,0.12,200,193
N192_M96,additive,valid,3800,0.88,0.12,200,193
N192_M96,additive,valid,3900,0.885,0.11499999999999999,200,193
N192_M96,additive,valid,4000,0.89,0.10999999999999999,200,193
N192_M96,additive,valid,4100,0.89,0.10999999999999999,200,193
N192_M96,additive,valid,4200,0.89,0.10999999999999999,200,193
N192_M96,additive,valid,4300,0.895,0.10499999999999998,200,193
N192_M96,additive,valid,4400,0.895,0.10499999999999998,200,193
N192_M96,additive,valid,4500,0.895,0.10499999999999998,200,193
N192_M96,additive,valid,4600,0.895,0.10499999999999998,200,193
N192_M96,additive,valid,4700,0.895,0.10499999999999998,200,193
N192_M96,additive,valid,4800,0.895,0.10499999999999998,200,193
N192_M96,additive,valid,4900,0.895,0.10499999999999998,200,193
N192_M96,additive,valid,5000,0.895,0.10499999999999998,200,193
N192_M96,additive,valid,5100,0.895,0.10499999999999998,200,193
N192_M96,additive,valid,5200,0.895,0.10499999999999998,200,193
N192_M96,additive,valid,5300,0.895,0.10499999999999998,200,193
N192_M96,additive,valid,5400,0.895,0.10499999999999998,200,193
N192_M96,additive,valid,5500,0.895,0.10499999999999998,200,193
N192_M96,additive,valid,5600,0.9,0.09999999999999998,200,193
N192_M96,additive,valid,5700,0.9,0.09999999999999998,200,193
N192_M96,additive,valid,5800,0.9,0.09999999999999998,200,193
N192_M96,additive,valid,5900,0.9,0.09999999999999998,200,193
N192_M96,additive,valid,6000,0.9,0.09999999999999998,200,193
N192_M96,additive,valid,6100,0.9,0.09999999999999998,200,193
N192_M96,additive,valid,6200,0.9,0.09999999999999998,200,193
N192_M96,additive,valid,6300,0.905,0.09499999999999997,200,193
N192_M96,additive,valid,6400,0.905,0.09499999999999997,200,193
N192_M96,additive,valid,6500,0.905,0.09499999999999997,200,193
N192_M96,additive,valid,6600,0.905,0.09499999999999997,200,193
N192_M96,additive,valid,6700,0.905,0.09499999999999997,200,193
N192_M96,additive,valid,6800,0.905,0.09499999999999997,200,193
N192_M96,additive,valid,6900,0.905,0.09499999999999997,200,193
N192_M96,additive,valid,7000,0.905,0.09499999999999997,200,193
N192_M96,additive,valid,7100,0.905,0.09499999999999997,200,193
N192_M96,additive,valid,7200,0.915,0.08499999999999996,200,193
N192_M96,additive,valid,7300,0.915,0.08499999999999996,200,193
N192_M96,additive,valid,7400,0.915,0.08499999999999996,200,193
N192_M96,additive,valid,7500,0.915,0.08499999999999996,200,193
N192_M96,additive,valid,7600,0.915,0.08499999999999996,200,193
N192_M96,additive,valid,7700,0.915,0.08499999999999996,200,193
N192_M96,additive,valid,7800,0.915,0.08499999999999996,200,193
N192_M96,additive,valid,7900,0.915,0.08499999999999996,200,193
N192_M96,additive,valid,8000,0.915,0.08499999999999996,200,193
N192_M96,additive,valid,8100,0.915,0.08499999999999996,200,193
N192_M96,additive,valid,8200,0.915,0.08499999999999996,200,193
N192_M96,additive,valid,8300,0.915,0.08499999999999996,200,193
N192_M96,additive,valid,8400,0.92,0.07999999999999996,200,193
N192_M96,additive,valid,8500,0.925,0.07499999999999996,200,193
N192_M96,additive,valid,8600,0.925,0.07499999999999996,200,193
N192_M96,additive,valid,8700,0.925,0.07499999999999996,200,193
N192_M96,additive,valid,8800,0.925,0.07499999999999996,200,193
N192_M96,additive,valid,8900,0.925,0.07499999999999996,200,193
N192_M96,additive,valid,9000,0.925,0.07499999999999996,200,193
N192_M96,additive,valid,9100,0.925,0.07499999999999996,200,193
N192_M96,additive,valid,9200,0.925,0.07499999999999996,200,193
N192_M96,additive,valid,9300,0.925,0.07499999999999996,200,193
N192_M96,additive,valid,9400,0.925,0.07499999999999996,200,193
N192_M96,additive,valid,9500,0.925,0.07499999999999996,200,193
N192_M96,additive,valid,9600,0.93,0.06999999999999995,200,193
N192_M96,additive,valid,9700,0.93,0.06999999999999995,200,193
N192_M96,additive,valid,9800,0.93,0.06999999999999995,200,193
N192_M96,additive,valid,9900,0.935,0.06499999999999995,200,193
N192_M96,additive,valid,10000,0.935,0.06499999999999995,200,193
N192_M96,additive,valid,10100,0.94,0.06000000000000005,200,193
N192_M96,additive,valid,10200,0.945,0.05500000000000005,200,193
N192_M96,additive,valid,10300,0.945,0.05500000000000005,200,193
N192_M96,additive,valid,10400,0.945,0.05500000000000005,200,193
N192_M96,additive,valid,10500,0.95,0.050000000000000044,200,193
N192_M96,additive,valid,10600,0.95,0.050000000000000044,200,193
N192_M96,additive,valid,10700,0.95,0.050000000000000044,200,193
N192_M96,additive,valid,10800,0.95,0.050000000000000044,200,193
N192_M96,additive,valid,10900,0.95,0.050000000000000044,200,193
N192_M96,additive,valid,11000,0.95,0.050000000000000044,200,193
N192_M96,additive,valid,11100,0.95,0.050000000000000044,200,193
N192_M96,additive,valid,11200,0.95,0.050000000000000044,200,193
N192_M96,additive,valid,11300,0.95,0.050000000000000044,200,193
N192_M96,additive,valid,11400,0.95,0.050000000000000044,200,193
N192_M96,additive,valid,11500,0.95,0.050000000000000044,200,193
N192_M96,additive,valid,11600,0.95,0.050000000000000044,200,193
N192_M96,additive,valid,11700,0.95,0.050000000000000044,200,193
N192_M96,additive,valid,11800,0.95,0.050000000000000044,200,193
N192_M96,additive,valid,11900,0.95,0.050000000000000044,200,193
N192_M96,additive,valid,12000,0.95,0.050000000000000044,200,193
N192_M96,additive,valid,12100,0.95,0.050000000000000044,200,193
N192_M96,additive,valid,12200,0.95,0.050000000000000044,200,193
N192_M96,additive,valid,12300,0.95,0.050000000000000044,200,193
N192_M96,additive,valid,12400,0.95,0.050000000000000044,200,193
N192_M96,additive,valid,12500,0.95,0.050000000000000044,200,193
N192_M96,additive,valid,12600,0.95,0.050000000000000044,200,193
N192_M96,additive,valid,12700,0.95,0.050000000000000044,200,193
N192_M96,additive,valid,12800,0.95,0.050000000000000044,200,193
N192_M96,additive,valid,12900,0.95,0.050000000000000044,200,193
N192_M96,additive,valid,13000,0.95,0.050000000000000044,200,193
N192_M96,additive,valid,13100,0.95,0.050000000000000044,200,193
N192_M96,additive,valid,13200,0.95,0.050000000000000044,200,193
N192_M96,additive,valid,13300,0.95,0.050000000000000044,200,193
N192_M96,additive,valid,13400,0.95,0.050000000000000044,200,193
N192_M96,additive,valid,13500,0.95,0.050000000000000044,200,193
N192_M96,additive,valid,13600,0.955,0.04500000000000004,200,193
N192_M96,additive,valid,13700,0.955,0.04500000000000004,200,193
N192_M96,additive,valid,13800,0.955,0.04500000000000004,200,193
N192_M96,additive,valid,13900,0.955,0.04500000000000004,200,193
N192_M96,additive,valid,14000,0.955,0.04500000000000004,200,193
N192_M96,additive,valid,14100,0.955,0.04500000000000004,200,193
N192_M96,additive,valid,14200,0.955,0.04500000000000004,200,193
N192_M96,additive,valid,14300,0.955,0.04500000000000004,200,193
N192_M96,additive,valid,14400,0.955,0.04500000000000004,200,193
N192_M96,additive,valid,14500,0.955,0.04500000000000004,200,193
N192_M96,additive,valid,14600,0.955,0.04500000000000004,200,193
N192_M96,additive,valid,14700,0.96,0.040000000000000036,200,193
N192_M96,additive,valid,14800,0.96,0.040000000000000036,200,193
N192_M96,additive,valid,14900,0.96,0.040000000000000036,200,193
N192_M96,additive,valid,15000,0.96,0.040000000000000036,200,193
N192_M96,additive,valid,15100,0.96,0.040000000000000036,200,193
N192_M96,additive,valid,15200,0.96,0.040000000000000036,200,193
N192_M96,additive,valid,15300,0.965,0.03500000000000003,200,193
N192_M96,additive,valid,15400,0.965,0.03500000000000003,200,193
N192_M96,additive,valid,15500,0.965,0.03500000000000003,200,193
N192_M96,additive,valid,15600,0.965,0.03500000000000003,200,193
N192_M96,additive,valid,15700,0.965,0.03500000000000003,200,193
N192_M96,additive,valid,15800,0.965,0.03500000000000003,200,193
N192_M96,additive,valid,15900,0.965,0.03500000000000003,200,193
N192_M96,additive,valid,16000,0.965,0.03500000000000003,200,193
N192_M96,additive,valid,16100,0.965,0.03500000000000003,200,193
N192_M96,additive,valid,16200,0.965,0.03500000000000003,200,193
N192_M96,additive,valid,16300,0.965,0.03500000000000003,200,193
N192_M96,additive,valid,16400,0.965,0.03500000000000003,200,193
N192_M96,additive,valid,16500,0.965,0.03500000000000003,200,193
N192_M96,additive,valid,16600,0.965,0.03500000000000003,200,193
N192_M96,additive,valid,16700,0.965,0.03500000000000003,200,193
N192_M96,additive,valid,16800,0.965,0.03500000000000003,200,193
N192_M96,additive,valid,16900,0.965,0.03500000000000003,200,193
N192_M96,additive,valid,17000,0.965,0.03500000000000003,200,193
N192_M96,additive,valid,17100,0.965,0.03500000000000003,200,193
N192_M96,additive,valid,17200,0.965,0.03500000000000003,200,193
N192_M96,additive,valid,17300,0.965,0.03500000000000003,200,193
N192_M96,additive,valid,17400,0.965,0.03500000000000003,200,193
N192_M96,additive,valid,17500,0.965,0.03500000000000003,200,193
N192_M96,additive,valid,17600,0.965,0.03500000000000003,200,193
N192_M96,additive,valid,17700,0.965,0.03500000000000003,200,193
N192_M96,additive,valid,17800,0.965,0.03500000000000003,200,193
N192_M96,additive,valid,17900,0.965,0.03500000000000003,200,193
N192_M96,additive,valid,18000,0.965,0.03500000000000003,200,193
N192_M96,additive,valid,18100,0.965,0.03500000000000003,200,193
N192_M96,additive,valid,18200,0.965,0.03500000000000003,200,193
N192_M96,additive,valid,18300,0.965,0.03500000000000003,200,193
N192_M96,additive,valid,18400,0.965,0.03500000000000003,200,193
N192_M96,additive,valid,18500,0.965,0.03500000000000003,200,193
N192_M96,additive,valid,18600,0.965,0.03500000000000003,200,193
N192_M96,additive,valid,18700,0.965,0.03500000000000003,200,193
N192_M96,additive,valid,18800,0.965,0.03500000000000003,200,193
N192_M96,additive,valid,18900,0.965,0.03500000000000003,200,193
N192_M96,additive,valid,19000,0.965,0.03500000000000003,200,193
N192_M96,additive,valid,19100,0.965,0.03500000000000003,200,193
N192_M96,additive,valid,19200,0.965,0.03500000000000003,200,193
N192_M96,additive,valid_after_nonvalid,0,0.0,1.0,200,193
N192_M96,additive,valid_after_nonvalid,100,0.035,0.965,200,193
N192_M96,additive,valid_after_nonvalid,200,0.2,0.8,200,193
N192_M96,additive,valid_after_nonvalid,300,0.36,0.64,200,193
N192_M96,additive,valid_after_nonvalid,400,0.46,0.54,200,193
N192_M96,additive,valid_after_nonvalid,500,0.505,0.495,200,193
N192_M96,additive,valid_after_nonvalid,600,0.575,0.42500000000000004,200,193
N192_M96,additive,valid_after_nonvalid,700,0.625,0.375,200,193
N192_M96,additive,valid_after_nonvalid,800,0.66,0.33999999999999997,200,193
N192_M96,additive,valid_after_nonvalid,900,0.685,0.31499999999999995,200,193
N192_M96,additive,valid_after_nonvalid,1000,0.705,0.29500000000000004,200,193
N192_M96,additive,valid_after_nonvalid,1100,0.715,0.28500000000000003,200,193
N192_M96,additive,valid_after_nonvalid,1200,0.725,0.275,200,193
N192_M96,additive,valid_after_nonvalid,1300,0.745,0.255,200,193
N192_M96,additive,valid_after_nonvalid,1400,0.76,0.24,200,193
N192_M96,additive,valid_after_nonvalid,1500,0.765,0.235,200,193
N192_M96,additive,valid_after_nonvalid,1600,0.795,0.20499999999999996,200,193
N192_M96,additive,valid_after_nonvalid,1700,0.795,0.20499999999999996,200,193
N192_M96,additive,valid_after_nonvalid,1800,0.795,0.20499999999999996,200,193
N192_M96,additive,valid_after_nonvalid,1900,0.8,0.19999999999999996,200,193
N192_M96,additive,valid_after_nonvalid,2000,0.815,0.18500000000000005,200,193
N192_M96,additive,valid_after_nonvalid,2100,0.815,0.18500000000000005,200,193
N192_M96,additive,valid_after_nonvalid,2200,0.815,0.18500000000000005,200,193
N192_M96,additive,valid_after_nonvalid,2300,0.825,0.17500000000000004,200,193
N192_M96,additive,valid_after_nonvalid,2400,0.835,0.16500000000000004,200,193
N192_M96,additive,valid_after_nonvalid,2500,0.835,0.16500000000000004,200,193
N192_M96,additive,valid_after_nonvalid,2600,0.845,0.15500000000000003,200,193
N192_M96,additive,valid_after_nonvalid,2700,0.855,0.14500000000000002,200,193
N192_M96,additive,valid_after_nonvalid,2800,0.855,0.14500000000000002,200,193
N192_M96,additive,valid_after_nonvalid,2900,0.86,0.14,200,193
N192_M96,additive,valid_after_nonvalid,3000,0.86,0.14,200,193
N192_M96,additive,valid_after_nonvalid,3100,0.865,0.135,200,193
N192_M96,additive,valid_after_nonvalid,3200,0.865,0.135,200,193
N192_M96,additive,valid_after_nonvalid,3300,0.87,0.13,200,193
N192_M96,additive,valid_after_nonvalid,3400,0.87,0.13,200,193
N192_M96,additive,valid_after_nonvalid,3500,0.875,0.125,200,193
N192_M96,additive,valid_after_nonvalid,3600,0.875,0.125,200,193
N192_M96,additive,valid_after_nonvalid,3700,0.88,0.12,200,193
N192_M96,additive,valid_after_nonvalid,3800,0.88,0.12,200,193
N192_M96,additive,valid_after_nonvalid,3900,0.885,0.11499999999999999,200,193
N192_M96,additive,valid_after_nonvalid,4000,0.89,0.10999999999999999,200,193
N192_M96,additive,valid_after_nonvalid,4100,0.89,0.10999999999999999,200,193
N192_M96,additive,valid_after_nonvalid,4200,0.89,0.10999999999999999,200,193
N192_M96,additive,valid_after_nonvalid,4300,0.895,0.10499999999999998,200,193
N192_M96,additive,valid_after_nonvalid,4400,0.895,0.10499999999999998,200,193
N192_M96,additive,valid_after_nonvalid,4500,0.895,0.10499999999999998,200,193
N192_M96,additive,valid_after_nonvalid,4600,0.895,0.10499999999999998,200,193
N192_M96,additive,valid_after_nonvalid,4700,0.895,0.10499999999999998,200,193
N192_M96,additive,valid_after_nonvalid,4800,0.895,0.10499999999999998,200,193
N192_M96,additive,valid_after_nonvalid,4900,0.895,0.10499999999999998,200,193
N192_M96,additive,valid_after_nonvalid,5000,0.895,0.10499999999999998,200,193
N192_M96,additive,valid_after_nonvalid,5100,0.895,0.10499999999999998,200,193
N192_M96,additive,valid_after_nonvalid,5200,0.895,0.10499999999999998,200,193
N192_M96,additive,valid_after_nonvalid,5300,0.895,0.10499999999999998,200,193
N192_M96,additive,valid_after_nonvalid,5400,0.895,0.10499999999999998,200,193
N192_M96,additive,valid_after_nonvalid,5500,0.895,0.10499999999999998,200,193
N192_M96,additive,valid_after_nonvalid,5600,0.9,0.09999999999999998,200,193
N192_M96,additive,valid_after_nonvalid,5700,0.9,0.09999999999999998,200,193
N192_M96,additive,valid_after_nonvalid,5800,0.9,0.09999999999999998,200,193
N192_M96,additive,valid_after_nonvalid,5900,0.9,0.09999999999999998,200,193
N192_M96,additive,valid_after_nonvalid,6000,0.9,0.09999999999999998,200,193
N192_M96,additive,valid_after_nonvalid,6100,0.9,0.09999999999999998,200,193
N192_M96,additive,valid_after_nonvalid,6200,0.9,0.09999999999999998,200,193
N192_M96,additive,valid_after_nonvalid,6300,0.905,0.09499999999999997,200,193
N192_M96,additive,valid_after_nonvalid,6400,0.905,0.09499999999999997,200,193
N192_M96,additive,valid_after_nonvalid,6500,0.905,0.09499999999999997,200,193
N192_M96,additive,valid_after_nonvalid,6600,0.905,0.09499999999999997,200,193
N192_M96,additive,valid_after_nonvalid,6700,0.905,0.09499999999999997,200,193
N192_M96,additive,valid_after_nonvalid,6800,0.905,0.09499999999999997,200,193
N192_M96,additive,valid_after_nonvalid,6900,0.905,0.09499999999999997,200,193
N192_M96,additive,valid_after_nonvalid,7000,0.905,0.09499999999999997,200,193
N192_M96,additive,valid_after_nonvalid,7100,0.905,0.09499999999999997,200,193
N192_M96,additive,valid_after_nonvalid,7200,0.915,0.08499999999999996,200,193
N192_M96,additive,valid_after_nonvalid,7300,0.915,0.08499999999999996,200,193
N192_M96,additive,valid_after_nonvalid,7400,0.915,0.08499999999999996,200,193
N192_M96,additive,valid_after_nonvalid,7500,0.915,0.08499999999999996,200,193
N192_M96,additive,valid_after_nonvalid,7600,0.915,0.08499999999999996,200,193
N192_M96,additive,valid_after_nonvalid,7700,0.915,0.08499999999999996,200,193
N192_M96,additive,valid_after_nonvalid,7800,0.915,0.08499999999999996,200,193
N192_M96,additive,valid_after_nonvalid,7900,0.915,0.08499999999999996,200,193
N192_M96,additive,valid_after_nonvalid,8000,0.915,0.08499999999999996,200,193
N192_M96,additive,valid_after_nonvalid,8100,0.915,0.08499999999999996,200,193
N192_M96,additive,valid_after_nonvalid,8200,0.915,0.08499999999999996,200,193
N192_M96,additive,valid_after_nonvalid,8300,0.915,0.08499999999999996,200,193
N192_M96,additive,valid_after_nonvalid,8400,0.92,0.07999999999999996,200,193
N192_M96,additive,valid_after_nonvalid,8500,0.925,0.07499999999999996,200,193
N192_M96,additive,valid_after_nonvalid,8600,0.925,0.07499999999999996,200,193
N192_M96,additive,valid_after_nonvalid,8700,0.925,0.07499999999999996,200,193
N192_M96,additive,valid_after_nonvalid,8800,0.925,0.07499999999999996,200,193
N192_M96,additive,valid_after_nonvalid,8900,0.925,0.07499999999999996,200,193
N192_M96,additive,valid_after_nonvalid,9000,0.925,0.07499999999999996,200,193
N192_M96,additive,valid_after_nonvalid,9100,0.925,0.07499999999999996,200,193
N192_M96,additive,valid_after_nonvalid,9200,0.925,0.07499999999999996,200,193
N192_M96,additive,valid_after_nonvalid,9300,0.925,0.07499999999999996,200,193
N192_M96,additive,valid_after_nonvalid,9400,0.925,0.07499999999999996,200,193
N192_M96,additive,valid_after_nonvalid,9500,0.925,0.07499999999999996,200,193
N192_M96,additive,valid_after_nonvalid,9600,0.93,0.06999999999999995,200,193
N192_M96,additive,valid_after_nonvalid,9700,0.93,0.06999999999999995,200,193
N192_M96,additive,valid_after_nonvalid,9800,0.93,0.06999999999999995,200,193
N192_M96,additive,valid_after_nonvalid,9900,0.935,0.06499999999999995,200,193
N192_M96,additive,valid_after_nonvalid,10000,0.935,0.06499999999999995,200,193
N192_M96,additive,valid_after_nonvalid,10100,0.94,0.06000000000000005,200,193
N192_M96,additive,valid_after_nonvalid,10200,0.945,0.05500000000000005,200,193
N192_M96,additive,valid_after_nonvalid,10300,0.945,0.05500000000000005,200,193
N192_M96,additive,valid_after_nonvalid,10400,0.945,0.05500000000000005,200,193
N192_M96,additive,valid_after_nonvalid,10500,0.95,0.050000000000000044,200,193
N192_M96,additive,valid_after_nonvalid,10600,0.95,0.050000000000000044,200,193
N192_M96,additive,valid_after_nonvalid,10700,0.95,0.050000000000000044,200,193
N192_M96,additive,valid_after_nonvalid,10800,0.95,0.050000000000000044,200,193
N192_M96,additive,valid_after_nonvalid,10900,0.95,0.050000000000000044,200,193
N192_M96,additive,valid_after_nonvalid,11000,0.95,0.050000000000000044,200,193
N192_M96,additive,valid_after_nonvalid,11100,0.95,0.050000000000000044,200,193
N192_M96,additive,valid_after_nonvalid,11200,0.95,0.050000000000000044,200,193
N192_M96,additive,valid_after_nonvalid,11300,0.95,0.050000000000000044,200,193
N192_M96,additive,valid_after_nonvalid,11400,0.95,0.050000000000000044,200,193
N192_M96,additive,valid_after_nonvalid,11500,0.95,0.050000000000000044,200,193
N192_M96,additive,valid_after_nonvalid,11600,0.95,0.050000000000000044,200,193
N192_M96,additive,valid_after_nonvalid,11700,0.95,0.050000000000000044,200,193
N192_M96,additive,valid_after_nonvalid,11800,0.95,0.050000000000000044,200,193
N192_M96,additive,valid_after_nonvalid,11900,0.95,0.050000000000000044,200,193
N192_M96,additive,valid_after_nonvalid,12000,0.95,0.050000000000000044,200,193
N192_M96,additive,valid_after_nonvalid,12100,0.95,0.050000000000000044,200,193
N192_M96,additive,valid_after_nonvalid,12200,0.95,0.050000000000000044,200,193
N192_M96,additive,valid_after_nonvalid,12300,0.95,0.050000000000000044,200,193
N192_M96,additive,valid_after_nonvalid,12400,0.95,0.050000000000000044,200,193
N192_M96,additive,valid_after_nonvalid,12500,0.95,0.050000000000000044,200,193
N192_M96,additive,valid_after_nonvalid,12600,0.95,0.050000000000000044,200,193
N192_M96,additive,valid_after_nonvalid,12700,0.95,0.050000000000000044,200,193
N192_M96,additive,valid_after_nonvalid,12800,0.95,0.050000000000000044,200,193
N192_M96,additive,valid_after_nonvalid,12900,0.95,0.050000000000000044,200,193
N192_M96,additive,valid_after_nonvalid,13000,0.95,0.050000000000000044,200,193
N192_M96,additive,valid_after_nonvalid,13100,0.95,0.050000000000000044,200,193
N192_M96,additive,valid_after_nonvalid,13200,0.95,0.050000000000000044,200,193
N192_M96,additive,valid_after_nonvalid,13300,0.95,0.050000000000000044,200,193
N192_M96,additive,valid_after_nonvalid,13400,0.95,0.050000000000000044,200,193
N192_M96,additive,valid_after_nonvalid,13500,0.95,0.050000000000000044,200,193
N192_M96,additive,valid_after_nonvalid,13600,0.955,0.04500000000000004,200,193
N192_M96,additive,valid_after_nonvalid,13700,0.955,0.04500000000000004,200,193
N192_M96,additive,valid_after_nonvalid,13800,0.955,0.04500000000000004,200,193
N192_M96,additive,valid_after_nonvalid,13900,0.955,0.04500000000000004,200,193
N192_M96,additive,valid_after_nonvalid,14000,0.955,0.04500000000000004,200,193
N192_M96,additive,valid_after_nonvalid,14100,0.955,0.04500000000000004,200,193
N192_M96,additive,valid_after_nonvalid,14200,0.955,0.04500000000000004,200,193
N192_M96,additive,valid_after_nonvalid,14300,0.955,0.04500000000000004,200,193
N192_M96,additive,valid_after_nonvalid,14400,0.955,0.04500000000000004,200,193
N192_M96,additive,valid_after_nonvalid,14500,0.955,0.04500000000000004,200,193
N192_M96,additive,valid_after_nonvalid,14600,0.955,0.04500000000000004,200,193
N192_M96,additive,valid_after_nonvalid,14700,0.96,0.040000000000000036,200,193
N192_M96,additive,valid_after_nonvalid,14800,0.96,0.040000000000000036,200,193
N192_M96,additive,valid_after_nonvalid,14900,0.96,0.040000000000000036,200,193
N192_M96,additive,valid_after_nonvalid,15000,0.96,0.040000000000000036,200,193
N192_M96,additive,valid_after_nonvalid,15100,0.96,0.040000000000000036,200,193
N192_M96,additive,valid_after_nonvalid,15200,0.96,0.040000000000000036,200,193
N192_M96,additive,valid_after_nonvalid,15300,0.965,0.03500000000000003,200,193
N192_M96,additive,valid_after_nonvalid,15400,0.965,0.03500000000000003,200,193
N192_M96,additive,valid_after_nonvalid,15500,0.965,0.03500000000000003,200,193
N192_M96,additive,valid_after_nonvalid,15600,0.965,0.03500000000000003,200,193
N192_M96,additive,valid_after_nonvalid,15700,0.965,0.03500000000000003,200,193
N192_M96,additive,valid_after_nonvalid,15800,0.965,0.03500000000000003,200,193
N192_M96,additive,valid_after_nonvalid,15900,0.965,0.03500000000000003,200,193
N192_M96,additive,valid_after_nonvalid,16000,0.965,0.03500000000000003,200,193
N192_M96,additive,valid_after_nonvalid,16100,0.965,0.03500000000000003,200,193
N192_M96,additive,valid_after_nonvalid,16200,0.965,0.03500000000000003,200,193
N192_M96,additive,valid_after_nonvalid,16300,0.965,0.03500000000000003,200,193
N192_M96,additive,valid_after_nonvalid,16400,0.965,0.03500000000000003,200,193
N192_M96,additive,valid_after_nonvalid,16500,0.965,0.03500000000000003,200,193
N192_M96,additive,valid_after_nonvalid,16600,0.965,0.03500000000000003,200,193
N192_M96,additive,valid_after_nonvalid,16700,0.965,0.03500000000000003,200,193
N192_M96,additive,valid_after_nonvalid,16800,0.965,0.03500000000000003,200,193
N192_M96,additive,valid_after_nonvalid,16900,0.965,0.03500000000000003,200,193
N192_M96,additive,valid_after_nonvalid,17000,0.965,0.03500000000000003,200,193
N192_M96,additive,valid_after_nonvalid,17100,0.965,0.03500000000000003,200,193
N192_M96,additive,valid_after_nonvalid,17200,0.965,0.03500000000000003,200,193
N192_M96,additive,valid_after_nonvalid,17300,0.965,0.03500000000000003,200,193
N192_M96,additive,valid_after_nonvalid,17400,0.965,0.03500000000000003,200,193
N192_M96,additive,valid_after_nonvalid,17500,0.965,0.03500000000000003,200,193
N192_M96,additive,valid_after_nonvalid,17600,0.965,0.03500000000000003,200,193
N192_M96,additive,valid_after_nonvalid,17700,0.965,0.03500000000000003,200,193
N192_M96,additive,valid_after_nonvalid,17800,0.965,0.03500000000000003,200,193
N192_M96,additive,valid_after_nonvalid,17900,0.965,0.03500000000000003,200,193
N192_M96,additive,valid_after_nonvalid,18000,0.965,0.03500000000000003,200,193
N192_M96,additive,valid_after_nonvalid,18100,0.965,0.03500000000000003,200,193
N192_M96,additive,valid_after_nonvalid,18200,0.965,0.03500000000000003,200,193
N192_M96,additive,valid_after_nonvalid,18300,0.965,0.03500000000000003,200,193
N192_M96,additive,valid_after_nonvalid,18400,0.965,0.03500000000000003,200,193
N192_M96,additive,valid_after_nonvalid,18500,0.965,0.03500000000000003,200,193
N192_M96,additive,valid_after_nonvalid,18600,0.965,0.03500000000000003,200,193
N192_M96,additive,valid_after_nonvalid,18700,0.965,0.03500000000000003,200,193
N192_M96,additive,valid_after_nonvalid,18800,0.965,0.03500000000000003,200,193
N192_M96,additive,valid_after_nonvalid,18900,0.965,0.03500000000000003,200,193
N192_M96,additive,valid_after_nonvalid,19000,0.965,0.03500000000000003,200,193
N192_M96,additive,valid_after_nonvalid,19100,0.965,0.03500000000000003,200,193
N192_M96,additive,valid_after_nonvalid,19200,0.965,0.03500000000000003,200,193
N192_M96,additive,correct,0,0.0,1.0,200,191
N192_M96,additive,correct,100,0.035,0.965,200,191
N192_M96,additive,correct,200,0.2,0.8,200,191
N192_M96,additive,correct,300,0.36,0.64,200,191
N192_M96,additive,correct,400,0.46,0.54,200,191
N192_M96,additive,correct,500,0.505,0.495,200,191
N192_M96,additive,correct,600,0.575,0.42500000000000004,200,191
N192_M96,additive,correct,700,0.625,0.375,200,191
N192_M96,additive,correct,800,0.66,0.33999999999999997,200,191
N192_M96,additive,correct,900,0.685,0.31499999999999995,200,191
N192_M96,additive,correct,1000,0.705,0.29500000000000004,200,191
N192_M96,additive,correct,1100,0.715,0.28500000000000003,200,191
N192_M96,additive,correct,1200,0.725,0.275,200,191
N192_M96,additive,correct,1300,0.745,0.255,200,191
N192_M96,additive,correct,1400,0.76,0.24,200,191
N192_M96,additive,correct,1500,0.765,0.235,200,191
N192_M96,additive,correct,1600,0.795,0.20499999999999996,200,191
N192_M96,additive,correct,1700,0.795,0.20499999999999996,200,191
N192_M96,additive,correct,1800,0.795,0.20499999999999996,200,191
N192_M96,additive,correct,1900,0.8,0.19999999999999996,200,191
N192_M96,additive,correct,2000,0.815,0.18500000000000005,200,191
N192_M96,additive,correct,2100,0.815,0.18500000000000005,200,191
N192_M96,additive,correct,2200,0.815,0.18500000000000005,200,191
N192_M96,additive,correct,2300,0.825,0.17500000000000004,200,191
N192_M96,additive,correct,2400,0.835,0.16500000000000004,200,191
N192_M96,additive,correct,2500,0.835,0.16500000000000004,200,191
N192_M96,additive,correct,2600,0.845,0.15500000000000003,200,191
N192_M96,additive,correct,2700,0.85,0.15000000000000002,200,191
N192_M96,additive,correct,2800,0.85,0.15000000000000002,200,191
N192_M96,additive,correct,2900,0.855,0.14500000000000002,200,191
N192_M96,additive,correct,3000,0.855,0.14500000000000002,200,191
N192_M96,additive,correct,3100,0.86,0.14,200,191
N192_M96,additive,correct,3200,0.86,0.14,200,191
N192_M96,additive,correct,3300,0.865,0.135,200,191
N192_M96,additive,correct,3400,0.865,0.135,200,191
N192_M96,additive,correct,3500,0.87,0.13,200,191
N192_M96,additive,correct,3600,0.87,0.13,200,191
N192_M96,additive,correct,3700,0.875,0.125,200,191
N192_M96,additive,correct,3800,0.875,0.125,200,191
N192_M96,additive,correct,3900,0.88,0.12,200,191
N192_M96,additive,correct,4000,0.885,0.11499999999999999,200,191
N192_M96,additive,correct,4100,0.885,0.11499999999999999,200,191
N192_M96,additive,correct,4200,0.885,0.11499999999999999,200,191
N192_M96,additive,correct,4300,0.89,0.10999999999999999,200,191
N192_M96,additive,correct,4400,0.89,0.10999999999999999,200,191
N192_M96,additive,correct,4500,0.89,0.10999999999999999,200,191
N192_M96,additive,correct,4600,0.89,0.10999999999999999,200,191
N192_M96,additive,correct,4700,0.89,0.10999999999999999,200,191
N192_M96,additive,correct,4800,0.89,0.10999999999999999,200,191
N192_M96,additive,correct,4900,0.89,0.10999999999999999,200,191
N192_M96,additive,correct,5000,0.89,0.10999999999999999,200,191
N192_M96,additive,correct,5100,0.89,0.10999999999999999,200,191
N192_M96,additive,correct,5200,0.89,0.10999999999999999,200,191
N192_M96,additive,correct,5300,0.89,0.10999999999999999,200,191
N192_M96,additive,correct,5400,0.89,0.10999999999999999,200,191
N192_M96,additive,correct,5500,0.89,0.10999999999999999,200,191
N192_M96,additive,correct,5600,0.895,0.10499999999999998,200,191
N192_M96,additive,correct,5700,0.895,0.10499999999999998,200,191
N192_M96,additive,correct,5800,0.895,0.10499999999999998,200,191
N192_M96,additive,correct,5900,0.895,0.10499999999999998,200,191
N192_M96,additive,correct,6000,0.895,0.10499999999999998,200,191
N192_M96,additive,correct,6100,0.895,0.10499999999999998,200,191
N192_M96,additive,correct,6200,0.895,0.10499999999999998,200,191
N192_M96,additive,correct,6300,0.9,0.09999999999999998,200,191
N192_M96,additive,correct,6400,0.9,0.09999999999999998,200,191
N192_M96,additive,correct,6500,0.9,0.09999999999999998,200,191
N192_M96,additive,correct,6600,0.9,0.09999999999999998,200,191
N192_M96,additive,correct,6700,0.9,0.09999999999999998,200,191
N192_M96,additive,correct,6800,0.9,0.09999999999999998,200,191
N192_M96,additive,correct,6900,0.9,0.09999999999999998,200,191
N192_M96,additive,correct,7000,0.9,0.09999999999999998,200,191
N192_M96,additive,correct,7100,0.9,0.09999999999999998,200,191
N192_M96,additive,correct,7200,0.91,0.08999999999999997,200,191
N192_M96,additive,correct,7300,0.91,0.08999999999999997,200,191
N192_M96,additive,correct,7400,0.91,0.08999999999999997,200,191
N192_M96,additive,correct,7500,0.91,0.08999999999999997,200,191
N192_M96,additive,correct,7600,0.91,0.08999999999999997,200,191
N192_M96,additive,correct,7700,0.91,0.08999999999999997,200,191
N192_M96,additive,correct,7800,0.91,0.08999999999999997,200,191
N192_M96,additive,correct,7900,0.91,0.08999999999999997,200,191
N192_M96,additive,correct,8000,0.91,0.08999999999999997,200,191
N192_M96,additive,correct,8100,0.91,0.08999999999999997,200,191
N192_M96,additive,correct,8200,0.91,0.08999999999999997,200,191
N192_M96,additive,correct,8300,0.91,0.08999999999999997,200,191
N192_M96,additive,correct,8400,0.915,0.08499999999999996,200,191
N192_M96,additive,correct,8500,0.92,0.07999999999999996,200,191
N192_M96,additive,correct,8600,0.92,0.07999999999999996,200,191
N192_M96,additive,correct,8700,0.92,0.07999999999999996,200,191
N192_M96,additive,correct,8800,0.92,0.07999999999999996,200,191
N192_M96,additive,correct,8900,0.92,0.07999999999999996,200,191
N192_M96,additive,correct,9000,0.92,0.07999999999999996,200,191
N192_M96,additive,correct,9100,0.92,0.07999999999999996,200,191
N192_M96,additive,correct,9200,0.92,0.07999999999999996,200,191
N192_M96,additive,correct,9300,0.92,0.07999999999999996,200,191
N192_M96,additive,correct,9400,0.92,0.07999999999999996,200,191
N192_M96,additive,correct,9500,0.92,0.07999999999999996,200,191
N192_M96,additive,correct,9600,0.925,0.07499999999999996,200,191
N192_M96,additive,correct,9700,0.925,0.07499999999999996,200,191
N192_M96,additive,correct,9800,0.925,0.07499999999999996,200,191
N192_M96,additive,correct,9900,0.93,0.06999999999999995,200,191
N192_M96,additive,correct,10000,0.93,0.06999999999999995,200,191
N192_M96,additive,correct,10100,0.93,0.06999999999999995,200,191
N192_M96,additive,correct,10200,0.935,0.06499999999999995,200,191
N192_M96,additive,correct,10300,0.935,0.06499999999999995,200,191
N192_M96,additive,correct,10400,0.935,0.06499999999999995,200,191
N192_M96,additive,correct,10500,0.94,0.06000000000000005,200,191
N192_M96,additive,correct,10600,0.94,0.06000000000000005,200,191
N192_M96,additive,correct,10700,0.94,0.06000000000000005,200,191
N192_M96,additive,correct,10800,0.94,0.06000000000000005,200,191
N192_M96,additive,correct,10900,0.94,0.06000000000000005,200,191
N192_M96,additive,correct,11000,0.94,0.06000000000000005,200,191
N192_M96,additive,correct,11100,0.94,0.06000000000000005,200,191
N192_M96,additive,correct,11200,0.94,0.06000000000000005,200,191
N192_M96,additive,correct,11300,0.94,0.06000000000000005,200,191
N192_M96,additive,correct,11400,0.94,0.06000000000000005,200,191
N192_M96,additive,correct,11500,0.94,0.06000000000000005,200,191
N192_M96,additive,correct,11600,0.94,0.06000000000000005,200,191
N192_M96,additive,correct,11700,0.94,0.06000000000000005,200,191
N192_M96,additive,correct,11800,0.94,0.06000000000000005,200,191
N192_M96,additive,correct,11900,0.94,0.06000000000000005,200,191
N192_M96,additive,correct,12000,0.94,0.06000000000000005,200,191
N192_M96,additive,correct,12100,0.94,0.06000000000000005,200,191
N192_M96,additive,correct,12200,0.94,0.06000000000000005,200,191
N192_M96,additive,correct,12300,0.94,0.06000000000000005,200,191
N192_M96,additive,correct,12400,0.94,0.06000000000000005,200,191
N192_M96,additive,correct,12500,0.94,0.06000000000000005,200,191
N192_M96,additive,correct,12600,0.94,0.06000000000000005,200,191
N192_M96,additive,correct,12700,0.94,0.06000000000000005,200,191
N192_M96,additive,correct,12800,0.94,0.06000000000000005,200,191
N192_M96,additive,correct,12900,0.94,0.06000000000000005,200,191
N192_M96,additive,correct,13000,0.94,0.06000000000000005,200,191
N192_M96,additive,correct,13100,0.94,0.06000000000000005,200,191
N192_M96,additive,correct,13200,0.94,0.06000000000000005,200,191
N192_M96,additive,correct,13300,0.94,0.06000000000000005,200,191
N192_M96,additive,correct,13400,0.94,0.06000000000000005,200,191
N192_M96,additive,correct,13500,0.94,0.06000000000000005,200,191
N192_M96,additive,correct,13600,0.945,0.05500000000000005,200,191
N192_M96,additive,correct,13700,0.945,0.05500000000000005,200,191
N192_M96,additive,correct,13800,0.945,0.05500000000000005,200,191
N192_M96,additive,correct,13900,0.945,0.05500000000000005,200,191
N192_M96,additive,correct,14000,0.945,0.05500000000000005,200,191
N192_M96,additive,correct,14100,0.945,0.05500000000000005,200,191
N192_M96,additive,correct,14200,0.945,0.05500000000000005,200,191
N192_M96,additive,correct,14300,0.945,0.05500000000000005,200,191
N192_M96,additive,correct,14400,0.945,0.05500000000000005,200,191
N192_M96,additive,correct,14500,0.945,0.05500000000000005,200,191
N192_M96,additive,correct,14600,0.945,0.05500000000000005,200,191
N192_M96,additive,correct,14700,0.95,0.050000000000000044,200,191
N192_M96,additive,correct,14800,0.95,0.050000000000000044,200,191
N192_M96,additive,correct,14900,0.95,0.050000000000000044,200,191
N192_M96,additive,correct,15000,0.95,0.050000000000000044,200,191
N192_M96,additive,correct,15100,0.95,0.050000000000000044,200,191
N192_M96,additive,correct,15200,0.95,0.050000000000000044,200,191
N192_M96,additive,correct,15300,0.955,0.04500000000000004,200,191
N192_M96,additive,correct,15400,0.955,0.04500000000000004,200,191
N192_M96,additive,correct,15500,0.955,0.04500000000000004,200,191
N192_M96,additive,correct,15600,0.955,0.04500000000000004,200,191
N192_M96,additive,correct,15700,0.955,0.04500000000000004,200,191
N192_M96,additive,correct,15800,0.955,0.04500000000000004,200,191
N192_M96,additive,correct,15900,0.955,0.04500000000000004,200,191
N192_M96,additive,correct,16000,0.955,0.04500000000000004,200,191
N192_M96,additive,correct,16100,0.955,0.04500000000000004,200,191
N192_M96,additive,correct,16200,0.955,0.04500000000000004,200,191
N192_M96,additive,correct,16300,0.955,0.04500000000000004,200,191
N192_M96,additive,correct,16400,0.955,0.04500000000000004,200,191
N192_M96,additive,correct,16500,0.955,0.04500000000000004,200,191
N192_M96,additive,correct,16600,0.955,0.04500000000000004,200,191
N192_M96,additive,correct,16700,0.955,0.04500000000000004,200,191
N192_M96,additive,correct,16800,0.955,0.04500000000000004,200,191
N192_M96,additive,correct,16900,0.955,0.04500000000000004,200,191
N192_M96,additive,correct,17000,0.955,0.04500000000000004,200,191
N192_M96,additive,correct,17100,0.955,0.04500000000000004,200,191
N192_M96,additive,correct,17200,0.955,0.04500000000000004,200,191
N192_M96,additive,correct,17300,0.955,0.04500000000000004,200,191
N192_M96,additive,correct,17400,0.955,0.04500000000000004,200,191
N192_M96,additive,correct,17500,0.955,0.04500000000000004,200,191
N192_M96,additive,correct,17600,0.955,0.04500000000000004,200,191
N192_M96,additive,correct,17700,0.955,0.04500000000000004,200,191
N192_M96,additive,correct,17800,0.955,0.04500000000000004,200,191
N192_M96,additive,correct,17900,0.955,0.04500000000000004,200,191
N192_M96,additive,correct,18000,0.955,0.04500000000000004,200,191
N192_M96,additive,correct,18100,0.955,0.04500000000000004,200,191
N192_M96,additive,correct,18200,0.955,0.04500000000000004,200,191
N192_M96,additive,correct,18300,0.955,0.04500000000000004,200,191
N192_M96,additive,correct,18400,0.955,0.04500000000000004,200,191
N192_M96,additive,correct,18500,0.955,0.04500000000000004,200,191
N192_M96,additive,correct,18600,0.955,0.04500000000000004,200,191
N192_M96,additive,correct,18700,0.955,0.04500000000000004,200,191
N192_M96,additive,correct,18800,0.955,0.04500000000000004,200,191
N192_M96,additive,correct,18900,0.955,0.04500000000000004,200,191
N192_M96,additive,correct,19000,0.955,0.04500000000000004,200,191
N192_M96,additive,correct,19100,0.955,0.04500000000000004,200,191
N192_M96,additive,correct,19200,0.955,0.04500000000000004,200,191
N192_M96,additive,low_BER,0,0.0,1.0,200,198
N192_M96,additive,low_BER,100,0.145,0.855,200,198
N192_M96,additive,low_BER,200,0.435,0.565,200,198
N192_M96,additive,low_BER,300,0.595,0.405,200,198
N192_M96,additive,low_BER,400,0.68,0.31999999999999995,200,198
N192_M96,additive,low_BER,500,0.745,0.255,200,198
N192_M96,additive,low_BER,600,0.775,0.22499999999999998,200,198
N192_M96,additive,low_BER,700,0.79,0.20999999999999996,200,198
N192_M96,additive,low_BER,800,0.82,0.18000000000000005,200,198
N192_M96,additive,low_BER,900,0.83,0.17000000000000004,200,198
N192_M96,additive,low_BER,1000,0.845,0.15500000000000003,200,198
N192_M96,additive,low_BER,1100,0.855,0.14500000000000002,200,198
N192_M96,additive,low_BER,1200,0.865,0.135,200,198
N192_M96,additive,low_BER,1300,0.87,0.13,200,198
N192_M96,additive,low_BER,1400,0.88,0.12,200,198
N192_M96,additive,low_BER,1500,0.885,0.11499999999999999,200,198
N192_M96,additive,low_BER,1600,0.885,0.11499999999999999,200,198
N192_M96,additive,low_BER,1700,0.885,0.11499999999999999,200,198
N192_M96,additive,low_BER,1800,0.885,0.11499999999999999,200,198
N192_M96,additive,low_BER,1900,0.895,0.10499999999999998,200,198
N192_M96,additive,low_BER,2000,0.895,0.10499999999999998,200,198
N192_M96,additive,low_BER,2100,0.9,0.09999999999999998,200,198
N192_M96,additive,low_BER,2200,0.905,0.09499999999999997,200,198
N192_M96,additive,low_BER,2300,0.915,0.08499999999999996,200,198
N192_M96,additive,low_BER,2400,0.92,0.07999999999999996,200,198
N192_M96,additive,low_BER,2500,0.92,0.07999999999999996,200,198
N192_M96,additive,low_BER,2600,0.93,0.06999999999999995,200,198
N192_M96,additive,low_BER,2700,0.93,0.06999999999999995,200,198
N192_M96,additive,low_BER,2800,0.93,0.06999999999999995,200,198
N192_M96,additive,low_BER,2900,0.93,0.06999999999999995,200,198
N192_M96,additive,low_BER,3000,0.935,0.06499999999999995,200,198
N192_M96,additive,low_BER,3100,0.935,0.06499999999999995,200,198
N192_M96,additive,low_BER,3200,0.935,0.06499999999999995,200,198
N192_M96,additive,low_BER,3300,0.94,0.06000000000000005,200,198
N192_M96,additive,low_BER,3400,0.945,0.05500000000000005,200,198
N192_M96,additive,low_BER,3500,0.95,0.050000000000000044,200,198
N192_M96,additive,low_BER,3600,0.95,0.050000000000000044,200,198
N192_M96,additive,low_BER,3700,0.95,0.050000000000000044,200,198
N192_M96,additive,low_BER,3800,0.95,0.050000000000000044,200,198
N192_M96,additive,low_BER,3900,0.95,0.050000000000000044,200,198
N192_M96,additive,low_BER,4000,0.955,0.04500000000000004,200,198
N192_M96,additive,low_BER,4100,0.955,0.04500000000000004,200,198
N192_M96,additive,low_BER,4200,0.955,0.04500000000000004,200,198
N192_M96,additive,low_BER,4300,0.955,0.04500000000000004,200,198
N192_M96,additive,low_BER,4400,0.955,0.04500000000000004,200,198
N192_M96,additive,low_BER,4500,0.955,0.04500000000000004,200,198
N192_M96,additive,low_BER,4600,0.955,0.04500000000000004,200,198
N192_M96,additive,low_BER,4700,0.955,0.04500000000000004,200,198
N192_M96,additive,low_BER,4800,0.955,0.04500000000000004,200,198
N192_M96,additive,low_BER,4900,0.955,0.04500000000000004,200,198
N192_M96,additive,low_BER,5000,0.955,0.04500000000000004,200,198
N192_M96,additive,low_BER,5100,0.955,0.04500000000000004,200,198
N192_M96,additive,low_BER,5200,0.955,0.04500000000000004,200,198
N192_M96,additive,low_BER,5300,0.955,0.04500000000000004,200,198
N192_M96,additive,low_BER,5400,0.955,0.04500000000000004,200,198
N192_M96,additive,low_BER,5500,0.955,0.04500000000000004,200,198
N192_M96,additive,low_BER,5600,0.955,0.04500000000000004,200,198
N192_M96,additive,low_BER,5700,0.955,0.04500000000000004,200,198
N192_M96,additive,low_BER,5800,0.955,0.04500000000000004,200,198
N192_M96,additive,low_BER,5900,0.955,0.04500000000000004,200,198
N192_M96,additive,low_BER,6000,0.955,0.04500000000000004,200,198
N192_M96,additive,low_BER,6100,0.955,0.04500000000000004,200,198
N192_M96,additive,low_BER,6200,0.955,0.04500000000000004,200,198
N192_M96,additive,low_BER,6300,0.955,0.04500000000000004,200,198
N192_M96,additive,low_BER,6400,0.955,0.04500000000000004,200,198
N192_M96,additive,low_BER,6500,0.955,0.04500000000000004,200,198
N192_M96,additive,low_BER,6600,0.955,0.04500000000000004,200,198
N192_M96,additive,low_BER,6700,0.955,0.04500000000000004,200,198
N192_M96,additive,low_BER,6800,0.955,0.04500000000000004,200,198
N192_M96,additive,low_BER,6900,0.955,0.04500000000000004,200,198
N192_M96,additive,low_BER,7000,0.96,0.040000000000000036,200,198
N192_M96,additive,low_BER,7100,0.96,0.040000000000000036,200,198
N192_M96,additive,low_BER,7200,0.965,0.03500000000000003,200,198
N192_M96,additive,low_BER,7300,0.965,0.03500000000000003,200,198
N192_M96,additive,low_BER,7400,0.965,0.03500000000000003,200,198
N192_M96,additive,low_BER,7500,0.965,0.03500000000000003,200,198
N192_M96,additive,low_BER,7600,0.965,0.03500000000000003,200,198
N192_M96,additive,low_BER,7700,0.965,0.03500000000000003,200,198
N192_M96,additive,low_BER,7800,0.965,0.03500000000000003,200,198
N192_M96,additive,low_BER,7900,0.965,0.03500000000000003,200,198
N192_M96,additive,low_BER,8000,0.965,0.03500000000000003,200,198
N192_M96,additive,low_BER,8100,0.965,0.03500000000000003,200,198
N192_M96,additive,low_BER,8200,0.965,0.03500000000000003,200,198
N192_M96,additive,low_BER,8300,0.965,0.03500000000000003,200,198
N192_M96,additive,low_BER,8400,0.965,0.03500000000000003,200,198
N192_M96,additive,low_BER,8500,0.965,0.03500000000000003,200,198
N192_M96,additive,low_BER,8600,0.975,0.025000000000000022,200,198
N192_M96,additive,low_BER,8700,0.975,0.025000000000000022,200,198
N192_M96,additive,low_BER,8800,0.975,0.025000000000000022,200,198
N192_M96,additive,low_BER,8900,0.975,0.025000000000000022,200,198
N192_M96,additive,low_BER,9000,0.975,0.025000000000000022,200,198
N192_M96,additive,low_BER,9100,0.975,0.025000000000000022,200,198
N192_M96,additive,low_BER,9200,0.975,0.025000000000000022,200,198
N192_M96,additive,low_BER,9300,0.975,0.025000000000000022,200,198
N192_M96,additive,low_BER,9400,0.975,0.025000000000000022,200,198
N192_M96,additive,low_BER,9500,0.975,0.025000000000000022,200,198
N192_M96,additive,low_BER,9600,0.975,0.025000000000000022,200,198
N192_M96,additive,low_BER,9700,0.975,0.025000000000000022,200,198
N192_M96,additive,low_BER,9800,0.98,0.020000000000000018,200,198
N192_M96,additive,low_BER,9900,0.98,0.020000000000000018,200,198
N192_M96,additive,low_BER,10000,0.98,0.020000000000000018,200,198
N192_M96,additive,low_BER,10100,0.98,0.020000000000000018,200,198
N192_M96,additive,low_BER,10200,0.98,0.020000000000000018,200,198
N192_M96,additive,low_BER,10300,0.98,0.020000000000000018,200,198
N192_M96,additive,low_BER,10400,0.98,0.020000000000000018,200,198
N192_M96,additive,low_BER,10500,0.98,0.020000000000000018,200,198
N192_M96,additive,low_BER,10600,0.98,0.020000000000000018,200,198
N192_M96,additive,low_BER,10700,0.98,0.020000000000000018,200,198
N192_M96,additive,low_BER,10800,0.98,0.020000000000000018,200,198
N192_M96,additive,low_BER,10900,0.98,0.020000000000000018,200,198
N192_M96,additive,low_BER,11000,0.98,0.020000000000000018,200,198
N192_M96,additive,low_BER,11100,0.98,0.020000000000000018,200,198
N192_M96,additive,low_BER,11200,0.98,0.020000000000000018,200,198
N192_M96,additive,low_BER,11300,0.98,0.020000000000000018,200,198
N192_M96,additive,low_BER,11400,0.98,0.020000000000000018,200,198
N192_M96,additive,low_BER,11500,0.98,0.020000000000000018,200,198
N192_M96,additive,low_BER,11600,0.98,0.020000000000000018,200,198
N192_M96,additive,low_BER,11700,0.98,0.020000000000000018,200,198
N192_M96,additive,low_BER,11800,0.98,0.020000000000000018,200,198
N192_M96,additive,low_BER,11900,0.98,0.020000000000000018,200,198
N192_M96,additive,low_BER,12000,0.98,0.020000000000000018,200,198
N192_M96,additive,low_BER,12100,0.98,0.020000000000000018,200,198
N192_M96,additive,low_BER,12200,0.98,0.020000000000000018,200,198
N192_M96,additive,low_BER,12300,0.98,0.020000000000000018,200,198
N192_M96,additive,low_BER,12400,0.98,0.020000000000000018,200,198
N192_M96,additive,low_BER,12500,0.98,0.020000000000000018,200,198
N192_M96,additive,low_BER,12600,0.98,0.020000000000000018,200,198
N192_M96,additive,low_BER,12700,0.98,0.020000000000000018,200,198
N192_M96,additive,low_BER,12800,0.98,0.020000000000000018,200,198
N192_M96,additive,low_BER,12900,0.98,0.020000000000000018,200,198
N192_M96,additive,low_BER,13000,0.98,0.020000000000000018,200,198
N192_M96,additive,low_BER,13100,0.985,0.015000000000000013,200,198
N192_M96,additive,low_BER,13200,0.985,0.015000000000000013,200,198
N192_M96,additive,low_BER,13300,0.985,0.015000000000000013,200,198
N192_M96,additive,low_BER,13400,0.985,0.015000000000000013,200,198
N192_M96,additive,low_BER,13500,0.985,0.015000000000000013,200,198
N192_M96,additive,low_BER,13600,0.99,0.010000000000000009,200,198
N192_M96,additive,low_BER,13700,0.99,0.010000000000000009,200,198
N192_M96,additive,low_BER,13800,0.99,0.010000000000000009,200,198
N192_M96,additive,low_BER,13900,0.99,0.010000000000000009,200,198
N192_M96,additive,low_BER,14000,0.99,0.010000000000000009,200,198
N192_M96,additive,low_BER,14100,0.99,0.010000000000000009,200,198
N192_M96,additive,low_BER,14200,0.99,0.010000000000000009,200,198
N192_M96,additive,low_BER,14300,0.99,0.010000000000000009,200,198
N192_M96,additive,low_BER,14400,0.99,0.010000000000000009,200,198
N192_M96,additive,low_BER,14500,0.99,0.010000000000000009,200,198
N192_M96,additive,low_BER,14600,0.99,0.010000000000000009,200,198
N192_M96,additive,low_BER,14700,0.99,0.010000000000000009,200,198
N192_M96,additive,low_BER,14800,0.99,0.010000000000000009,200,198
N192_M96,additive,low_BER,14900,0.99,0.010000000000000009,200,198
N192_M96,additive,low_BER,15000,0.99,0.010000000000000009,200,198
N192_M96,additive,low_BER,15100,0.99,0.010000000000000009,200,198
N192_M96,additive,low_BER,15200,0.99,0.010000000000000009,200,198
N192_M96,additive,low_BER,15300,0.99,0.010000000000000009,200,198
N192_M96,additive,low_BER,15400,0.99,0.010000000000000009,200,198
N192_M96,additive,low_BER,15500,0.99,0.010000000000000009,200,198
N192_M96,additive,low_BER,15600,0.99,0.010000000000000009,200,198
N192_M96,additive,low_BER,15700,0.99,0.010000000000000009,200,198
N192_M96,additive,low_BER,15800,0.99,0.010000000000000009,200,198
N192_M96,additive,low_BER,15900,0.99,0.010000000000000009,200,198
N192_M96,additive,low_BER,16000,0.99,0.010000000000000009,200,198
N192_M96,additive,low_BER,16100,0.99,0.010000000000000009,200,198
N192_M96,additive,low_BER,16200,0.99,0.010000000000000009,200,198
N192_M96,additive,low_BER,16300,0.99,0.010000000000000009,200,198
N192_M96,additive,low_BER,16400,0.99,0.010000000000000009,200,198
N192_M96,additive,low_BER,16500,0.99,0.010000000000000009,200,198
N192_M96,additive,low_BER,16600,0.99,0.010000000000000009,200,198
N192_M96,additive,low_BER,16700,0.99,0.010000000000000009,200,198
N192_M96,additive,low_BER,16800,0.99,0.010000000000000009,200,198
N192_M96,additive,low_BER,16900,0.99,0.010000000000000009,200,198
N192_M96,additive,low_BER,17000,0.99,0.010000000000000009,200,198
N192_M96,additive,low_BER,17100,0.99,0.010000000000000009,200,198
N192_M96,additive,low_BER,17200,0.99,0.010000000000000009,200,198
N192_M96,additive,low_BER,17300,0.99,0.010000000000000009,200,198
N192_M96,additive,low_BER,17400,0.99,0.010000000000000009,200,198
N192_M96,additive,low_BER,17500,0.99,0.010000000000000009,200,198
N192_M96,additive,low_BER,17600,0.99,0.010000000000000009,200,198
N192_M96,additive,low_BER,17700,0.99,0.010000000000000009,200,198
N192_M96,additive,low_BER,17800,0.99,0.010000000000000009,200,198
N192_M96,additive,low_BER,17900,0.99,0.010000000000000009,200,198
N192_M96,additive,low_BER,18000,0.99,0.010000000000000009,200,198
N192_M96,additive,low_BER,18100,0.99,0.010000000000000009,200,198
N192_M96,additive,low_BER,18200,0.99,0.010000000000000009,200,198
N192_M96,additive,low_BER,18300,0.99,0.010000000000000009,200,198
N192_M96,additive,low_BER,18400,0.99,0.010000000000000009,200,198
N192_M96,additive,low_BER,18500,0.99,0.010000000000000009,200,198
N192_M96,additive,low_BER,18600,0.99,0.010000000000000009,200,198
N192_M96,additive,low_BER,18700,0.99,0.010000000000000009,200,198
N192_M96,additive,low_BER,18800,0.99,0.010000000000000009,200,198
N192_M96,additive,low_BER,18900,0.99,0.010000000000000009,200,198
N192_M96,additive,low_BER,19000,0.99,0.010000000000000009,200,198
N192_M96,additive,low_BER,19100,0.99,0.010000000000000009,200,198
N192_M96,additive,low_BER,19200,0.99,0.010000000000000009,200,198
N192_M96,additive,relaxed_basin,0,0.0,1.0,200,195
N192_M96,additive,relaxed_basin,100,0.08,0.92,200,195
N192_M96,additive,relaxed_basin,200,0.32,0.6799999999999999,200,195
N192_M96,additive,relaxed_basin,300,0.51,0.49,200,195
N192_M96,additive,relaxed_basin,400,0.585,0.41500000000000004,200,195
N192_M96,additive,relaxed_basin,500,0.665,0.33499999999999996,200,195
N192_M96,additive,relaxed_basin,600,0.715,0.28500000000000003,200,195
N192_M96,additive,relaxed_basin,700,0.745,0.255,200,195
N192_M96,additive,relaxed_basin,800,0.77,0.22999999999999998,200,195
N192_M96,additive,relaxed_basin,900,0.78,0.21999999999999997,200,195
N192_M96,additive,relaxed_basin,1000,0.805,0.19499999999999995,200,195
N192_M96,additive,relaxed_basin,1100,0.825,0.17500000000000004,200,195
N192_M96,additive,relaxed_basin,1200,0.825,0.17500000000000004,200,195
N192_M96,additive,relaxed_basin,1300,0.84,0.16000000000000003,200,195
N192_M96,additive,relaxed_basin,1400,0.855,0.14500000000000002,200,195
N192_M96,additive,relaxed_basin,1500,0.86,0.14,200,195
N192_M96,additive,relaxed_basin,1600,0.865,0.135,200,195
N192_M96,additive,relaxed_basin,1700,0.865,0.135,200,195
N192_M96,additive,relaxed_basin,1800,0.87,0.13,200,195
N192_M96,additive,relaxed_basin,1900,0.885,0.11499999999999999,200,195
N192_M96,additive,relaxed_basin,2000,0.885,0.11499999999999999,200,195
N192_M96,additive,relaxed_basin,2100,0.89,0.10999999999999999,200,195
N192_M96,additive,relaxed_basin,2200,0.89,0.10999999999999999,200,195
N192_M96,additive,relaxed_basin,2300,0.895,0.10499999999999998,200,195
N192_M96,additive,relaxed_basin,2400,0.905,0.09499999999999997,200,195
N192_M96,additive,relaxed_basin,2500,0.905,0.09499999999999997,200,195
N192_M96,additive,relaxed_basin,2600,0.91,0.08999999999999997,200,195
N192_M96,additive,relaxed_basin,2700,0.91,0.08999999999999997,200,195
N192_M96,additive,relaxed_basin,2800,0.91,0.08999999999999997,200,195
N192_M96,additive,relaxed_basin,2900,0.91,0.08999999999999997,200,195
N192_M96,additive,relaxed_basin,3000,0.915,0.08499999999999996,200,195
N192_M96,additive,relaxed_basin,3100,0.915,0.08499999999999996,200,195
N192_M96,additive,relaxed_basin,3200,0.915,0.08499999999999996,200,195
N192_M96,additive,relaxed_basin,3300,0.915,0.08499999999999996,200,195
N192_M96,additive,relaxed_basin,3400,0.915,0.08499999999999996,200,195
N192_M96,additive,relaxed_basin,3500,0.915,0.08499999999999996,200,195
N192_M96,additive,relaxed_basin,3600,0.925,0.07499999999999996,200,195
N192_M96,additive,relaxed_basin,3700,0.925,0.07499999999999996,200,195
N192_M96,additive,relaxed_basin,3800,0.925,0.07499999999999996,200,195
N192_M96,additive,relaxed_basin,3900,0.925,0.07499999999999996,200,195
N192_M96,additive,relaxed_basin,4000,0.93,0.06999999999999995,200,195
N192_M96,additive,relaxed_basin,4100,0.93,0.06999999999999995,200,195
N192_M96,additive,relaxed_basin,4200,0.935,0.06499999999999995,200,195
N192_M96,additive,relaxed_basin,4300,0.935,0.06499999999999995,200,195
N192_M96,additive,relaxed_basin,4400,0.935,0.06499999999999995,200,195
N192_M96,additive,relaxed_basin,4500,0.935,0.06499999999999995,200,195
N192_M96,additive,relaxed_basin,4600,0.935,0.06499999999999995,200,195
N192_M96,additive,relaxed_basin,4700,0.935,0.06499999999999995,200,195
N192_M96,additive,relaxed_basin,4800,0.935,0.06499999999999995,200,195
N192_M96,additive,relaxed_basin,4900,0.935,0.06499999999999995,200,195
N192_M96,additive,relaxed_basin,5000,0.935,0.06499999999999995,200,195
N192_M96,additive,relaxed_basin,5100,0.935,0.06499999999999995,200,195
N192_M96,additive,relaxed_basin,5200,0.935,0.06499999999999995,200,195
N192_M96,additive,relaxed_basin,5300,0.935,0.06499999999999995,200,195
N192_M96,additive,relaxed_basin,5400,0.935,0.06499999999999995,200,195
N192_M96,additive,relaxed_basin,5500,0.935,0.06499999999999995,200,195
N192_M96,additive,relaxed_basin,5600,0.935,0.06499999999999995,200,195
N192_M96,additive,relaxed_basin,5700,0.935,0.06499999999999995,200,195
N192_M96,additive,relaxed_basin,5800,0.935,0.06499999999999995,200,195
N192_M96,additive,relaxed_basin,5900,0.935,0.06499999999999995,200,195
N192_M96,additive,relaxed_basin,6000,0.935,0.06499999999999995,200,195
N192_M96,additive,relaxed_basin,6100,0.935,0.06499999999999995,200,195
N192_M96,additive,relaxed_basin,6200,0.935,0.06499999999999995,200,195
N192_M96,additive,relaxed_basin,6300,0.935,0.06499999999999995,200,195
N192_M96,additive,relaxed_basin,6400,0.935,0.06499999999999995,200,195
N192_M96,additive,relaxed_basin,6500,0.935,0.06499999999999995,200,195
N192_M96,additive,relaxed_basin,6600,0.935,0.06499999999999995,200,195
N192_M96,additive,relaxed_basin,6700,0.935,0.06499999999999995,200,195
N192_M96,additive,relaxed_basin,6800,0.935,0.06499999999999995,200,195
N192_M96,additive,relaxed_basin,6900,0.935,0.06499999999999995,200,195
N192_M96,additive,relaxed_basin,7000,0.94,0.06000000000000005,200,195
N192_M96,additive,relaxed_basin,7100,0.94,0.06000000000000005,200,195
N192_M96,additive,relaxed_basin,7200,0.945,0.05500000000000005,200,195
N192_M96,additive,relaxed_basin,7300,0.945,0.05500000000000005,200,195
N192_M96,additive,relaxed_basin,7400,0.945,0.05500000000000005,200,195
N192_M96,additive,relaxed_basin,7500,0.945,0.05500000000000005,200,195
N192_M96,additive,relaxed_basin,7600,0.945,0.05500000000000005,200,195
N192_M96,additive,relaxed_basin,7700,0.95,0.050000000000000044,200,195
N192_M96,additive,relaxed_basin,7800,0.95,0.050000000000000044,200,195
N192_M96,additive,relaxed_basin,7900,0.95,0.050000000000000044,200,195
N192_M96,additive,relaxed_basin,8000,0.95,0.050000000000000044,200,195
N192_M96,additive,relaxed_basin,8100,0.95,0.050000000000000044,200,195
N192_M96,additive,relaxed_basin,8200,0.95,0.050000000000000044,200,195
N192_M96,additive,relaxed_basin,8300,0.95,0.050000000000000044,200,195
N192_M96,additive,relaxed_basin,8400,0.95,0.050000000000000044,200,195
N192_M96,additive,relaxed_basin,8500,0.95,0.050000000000000044,200,195
N192_M96,additive,relaxed_basin,8600,0.96,0.040000000000000036,200,195
N192_M96,additive,relaxed_basin,8700,0.96,0.040000000000000036,200,195
N192_M96,additive,relaxed_basin,8800,0.96,0.040000000000000036,200,195
N192_M96,additive,relaxed_basin,8900,0.96,0.040000000000000036,200,195
N192_M96,additive,relaxed_basin,9000,0.96,0.040000000000000036,200,195
N192_M96,additive,relaxed_basin,9100,0.96,0.040000000000000036,200,195
N192_M96,additive,relaxed_basin,9200,0.96,0.040000000000000036,200,195
N192_M96,additive,relaxed_basin,9300,0.96,0.040000000000000036,200,195
N192_M96,additive,relaxed_basin,9400,0.96,0.040000000000000036,200,195
N192_M96,additive,relaxed_basin,9500,0.96,0.040000000000000036,200,195
N192_M96,additive,relaxed_basin,9600,0.96,0.040000000000000036,200,195
N192_M96,additive,relaxed_basin,9700,0.96,0.040000000000000036,200,195
N192_M96,additive,relaxed_basin,9800,0.96,0.040000000000000036,200,195
N192_M96,additive,relaxed_basin,9900,0.965,0.03500000000000003,200,195
N192_M96,additive,relaxed_basin,10000,0.965,0.03500000000000003,200,195
N192_M96,additive,relaxed_basin,10100,0.965,0.03500000000000003,200,195
N192_M96,additive,relaxed_basin,10200,0.965,0.03500000000000003,200,195
N192_M96,additive,relaxed_basin,10300,0.965,0.03500000000000003,200,195
N192_M96,additive,relaxed_basin,10400,0.965,0.03500000000000003,200,195
N192_M96,additive,relaxed_basin,10500,0.97,0.030000000000000027,200,195
N192_M96,additive,relaxed_basin,10600,0.97,0.030000000000000027,200,195
N192_M96,additive,relaxed_basin,10700,0.97,0.030000000000000027,200,195
N192_M96,additive,relaxed_basin,10800,0.97,0.030000000000000027,200,195
N192_M96,additive,relaxed_basin,10900,0.97,0.030000000000000027,200,195
N192_M96,additive,relaxed_basin,11000,0.97,0.030000000000000027,200,195
N192_M96,additive,relaxed_basin,11100,0.97,0.030000000000000027,200,195
N192_M96,additive,relaxed_basin,11200,0.97,0.030000000000000027,200,195
N192_M96,additive,relaxed_basin,11300,0.97,0.030000000000000027,200,195
N192_M96,additive,relaxed_basin,11400,0.97,0.030000000000000027,200,195
N192_M96,additive,relaxed_basin,11500,0.97,0.030000000000000027,200,195
N192_M96,additive,relaxed_basin,11600,0.97,0.030000000000000027,200,195
N192_M96,additive,relaxed_basin,11700,0.97,0.030000000000000027,200,195
N192_M96,additive,relaxed_basin,11800,0.97,0.030000000000000027,200,195
N192_M96,additive,relaxed_basin,11900,0.97,0.030000000000000027,200,195
N192_M96,additive,relaxed_basin,12000,0.97,0.030000000000000027,200,195
N192_M96,additive,relaxed_basin,12100,0.97,0.030000000000000027,200,195
N192_M96,additive,relaxed_basin,12200,0.97,0.030000000000000027,200,195
N192_M96,additive,relaxed_basin,12300,0.97,0.030000000000000027,200,195
N192_M96,additive,relaxed_basin,12400,0.97,0.030000000000000027,200,195
N192_M96,additive,relaxed_basin,12500,0.97,0.030000000000000027,200,195
N192_M96,additive,relaxed_basin,12600,0.97,0.030000000000000027,200,195
N192_M96,additive,relaxed_basin,12700,0.97,0.030000000000000027,200,195
N192_M96,additive,relaxed_basin,12800,0.97,0.030000000000000027,200,195
N192_M96,additive,relaxed_basin,12900,0.97,0.030000000000000027,200,195
N192_M96,additive,relaxed_basin,13000,0.97,0.030000000000000027,200,195
N192_M96,additive,relaxed_basin,13100,0.975,0.025000000000000022,200,195
N192_M96,additive,relaxed_basin,13200,0.975,0.025000000000000022,200,195
N192_M96,additive,relaxed_basin,13300,0.975,0.025000000000000022,200,195
N192_M96,additive,relaxed_basin,13400,0.975,0.025000000000000022,200,195
N192_M96,additive,relaxed_basin,13500,0.975,0.025000000000000022,200,195
N192_M96,additive,relaxed_basin,13600,0.975,0.025000000000000022,200,195
N192_M96,additive,relaxed_basin,13700,0.975,0.025000000000000022,200,195
N192_M96,additive,relaxed_basin,13800,0.975,0.025000000000000022,200,195
N192_M96,additive,relaxed_basin,13900,0.975,0.025000000000000022,200,195
N192_M96,additive,relaxed_basin,14000,0.975,0.025000000000000022,200,195
N192_M96,additive,relaxed_basin,14100,0.975,0.025000000000000022,200,195
N192_M96,additive,relaxed_basin,14200,0.975,0.025000000000000022,200,195
N192_M96,additive,relaxed_basin,14300,0.975,0.025000000000000022,200,195
N192_M96,additive,relaxed_basin,14400,0.975,0.025000000000000022,200,195
N192_M96,additive,relaxed_basin,14500,0.975,0.025000000000000022,200,195
N192_M96,additive,relaxed_basin,14600,0.975,0.025000000000000022,200,195
N192_M96,additive,relaxed_basin,14700,0.975,0.025000000000000022,200,195
N192_M96,additive,relaxed_basin,14800,0.975,0.025000000000000022,200,195
N192_M96,additive,relaxed_basin,14900,0.975,0.025000000000000022,200,195
N192_M96,additive,relaxed_basin,15000,0.975,0.025000000000000022,200,195
N192_M96,additive,relaxed_basin,15100,0.975,0.025000000000000022,200,195
N192_M96,additive,relaxed_basin,15200,0.975,0.025000000000000022,200,195
N192_M96,additive,relaxed_basin,15300,0.975,0.025000000000000022,200,195
N192_M96,additive,relaxed_basin,15400,0.975,0.025000000000000022,200,195
N192_M96,additive,relaxed_basin,15500,0.975,0.025000000000000022,200,195
N192_M96,additive,relaxed_basin,15600,0.975,0.025000000000000022,200,195
N192_M96,additive,relaxed_basin,15700,0.975,0.025000000000000022,200,195
N192_M96,additive,relaxed_basin,15800,0.975,0.025000000000000022,200,195
N192_M96,additive,relaxed_basin,15900,0.975,0.025000000000000022,200,195
N192_M96,additive,relaxed_basin,16000,0.975,0.025000000000000022,200,195
N192_M96,additive,relaxed_basin,16100,0.975,0.025000000000000022,200,195
N192_M96,additive,relaxed_basin,16200,0.975,0.025000000000000022,200,195
N192_M96,additive,relaxed_basin,16300,0.975,0.025000000000000022,200,195
N192_M96,additive,relaxed_basin,16400,0.975,0.025000000000000022,200,195
N192_M96,additive,relaxed_basin,16500,0.975,0.025000000000000022,200,195
N192_M96,additive,relaxed_basin,16600,0.975,0.025000000000000022,200,195
N192_M96,additive,relaxed_basin,16700,0.975,0.025000000000000022,200,195
N192_M96,additive,relaxed_basin,16800,0.975,0.025000000000000022,200,195
N192_M96,additive,relaxed_basin,16900,0.975,0.025000000000000022,200,195
N192_M96,additive,relaxed_basin,17000,0.975,0.025000000000000022,200,195
N192_M96,additive,relaxed_basin,17100,0.975,0.025000000000000022,200,195
N192_M96,additive,relaxed_basin,17200,0.975,0.025000000000000022,200,195
N192_M96,additive,relaxed_basin,17300,0.975,0.025000000000000022,200,195
N192_M96,additive,relaxed_basin,17400,0.975,0.025000000000000022,200,195
N192_M96,additive,relaxed_basin,17500,0.975,0.025000000000000022,200,195
N192_M96,additive,relaxed_basin,17600,0.975,0.025000000000000022,200,195
N192_M96,additive,relaxed_basin,17700,0.975,0.025000000000000022,200,195
N192_M96,additive,relaxed_basin,17800,0.975,0.025000000000000022,200,195
N192_M96,additive,relaxed_basin,17900,0.975,0.025000000000000022,200,195
N192_M96,additive,relaxed_basin,18000,0.975,0.025000000000000022,200,195
N192_M96,additive,relaxed_basin,18100,0.975,0.025000000000000022,200,195
N192_M96,additive,relaxed_basin,18200,0.975,0.025000000000000022,200,195
N192_M96,additive,relaxed_basin,18300,0.975,0.025000000000000022,200,195
N192_M96,additive,relaxed_basin,18400,0.975,0.025000000000000022,200,195
N192_M96,additive,relaxed_basin,18500,0.975,0.025000000000000022,200,195
N192_M96,additive,relaxed_basin,18600,0.975,0.025000000000000022,200,195
N192_M96,additive,relaxed_basin,18700,0.975,0.025000000000000022,200,195
N192_M96,additive,relaxed_basin,18800,0.975,0.025000000000000022,200,195
N192_M96,additive,relaxed_basin,18900,0.975,0.025000000000000022,200,195
N192_M96,additive,relaxed_basin,19000,0.975,0.025000000000000022,200,195
N192_M96,additive,relaxed_basin,19100,0.975,0.025000000000000022,200,195
N192_M96,additive,relaxed_basin,19200,0.975,0.025000000000000022,200,195
N192_M96,additive,wrong_valid,0,0.0,1.0,200,2
N192_M96,additive,wrong_valid,100,0.0,1.0,200,2
N192_M96,additive,wrong_valid,200,0.0,1.0,200,2
N192_M96,additive,wrong_valid,300,0.0,1.0,200,2
N192_M96,additive,wrong_valid,400,0.0,1.0,200,2
N192_M96,additive,wrong_valid,500,0.0,1.0,200,2
N192_M96,additive,wrong_valid,600,0.0,1.0,200,2
N192_M96,additive,wrong_valid,700,0.0,1.0,200,2
N192_M96,additive,wrong_valid,800,0.0,1.0,200,2
N192_M96,additive,wrong_valid,900,0.0,1.0,200,2
N192_M96,additive,wrong_valid,1000,0.0,1.0,200,2
N192_M96,additive,wrong_valid,1100,0.0,1.0,200,2
N192_M96,additive,wrong_valid,1200,0.0,1.0,200,2
N192_M96,additive,wrong_valid,1300,0.0,1.0,200,2
N192_M96,additive,wrong_valid,1400,0.0,1.0,200,2
N192_M96,additive,wrong_valid,1500,0.0,1.0,200,2
N192_M96,additive,wrong_valid,1600,0.0,1.0,200,2
N192_M96,additive,wrong_valid,1700,0.0,1.0,200,2
N192_M96,additive,wrong_valid,1800,0.0,1.0,200,2
N192_M96,additive,wrong_valid,1900,0.0,1.0,200,2
N192_M96,additive,wrong_valid,2000,0.0,1.0,200,2
N192_M96,additive,wrong_valid,2100,0.0,1.0,200,2
N192_M96,additive,wrong_valid,2200,0.0,1.0,200,2
N192_M96,additive,wrong_valid,2300,0.0,1.0,200,2
N192_M96,additive,wrong_valid,2400,0.0,1.0,200,2
N192_M96,additive,wrong_valid,2500,0.0,1.0,200,2
N192_M96,additive,wrong_valid,2600,0.0,1.0,200,2
N192_M96,additive,wrong_valid,2700,0.005,0.995,200,2
N192_M96,additive,wrong_valid,2800,0.005,0.995,200,2
N192_M96,additive,wrong_valid,2900,0.005,0.995,200,2
N192_M96,additive,wrong_valid,3000,0.005,0.995,200,2
N192_M96,additive,wrong_valid,3100,0.005,0.995,200,2
N192_M96,additive,wrong_valid,3200,0.005,0.995,200,2
N192_M96,additive,wrong_valid,3300,0.005,0.995,200,2
N192_M96,additive,wrong_valid,3400,0.005,0.995,200,2
N192_M96,additive,wrong_valid,3500,0.005,0.995,200,2
N192_M96,additive,wrong_valid,3600,0.005,0.995,200,2
N192_M96,additive,wrong_valid,3700,0.005,0.995,200,2
N192_M96,additive,wrong_valid,3800,0.005,0.995,200,2
N192_M96,additive,wrong_valid,3900,0.005,0.995,200,2
N192_M96,additive,wrong_valid,4000,0.005,0.995,200,2
N192_M96,additive,wrong_valid,4100,0.005,0.995,200,2
N192_M96,additive,wrong_valid,4200,0.005,0.995,200,2
N192_M96,additive,wrong_valid,4300,0.005,0.995,200,2
N192_M96,additive,wrong_valid,4400,0.005,0.995,200,2
N192_M96,additive,wrong_valid,4500,0.005,0.995,200,2
N192_M96,additive,wrong_valid,4600,0.005,0.995,200,2
N192_M96,additive,wrong_valid,4700,0.005,0.995,200,2
N192_M96,additive,wrong_valid,4800,0.005,0.995,200,2
N192_M96,additive,wrong_valid,4900,0.005,0.995,200,2
N192_M96,additive,wrong_valid,5000,0.005,0.995,200,2
N192_M96,additive,wrong_valid,5100,0.005,0.995,200,2
N192_M96,additive,wrong_valid,5200,0.005,0.995,200,2
N192_M96,additive,wrong_valid,5300,0.005,0.995,200,2
N192_M96,additive,wrong_valid,5400,0.005,0.995,200,2
N192_M96,additive,wrong_valid,5500,0.005,0.995,200,2
N192_M96,additive,wrong_valid,5600,0.005,0.995,200,2
N192_M96,additive,wrong_valid,5700,0.005,0.995,200,2
N192_M96,additive,wrong_valid,5800,0.005,0.995,200,2
N192_M96,additive,wrong_valid,5900,0.005,0.995,200,2
N192_M96,additive,wrong_valid,6000,0.005,0.995,200,2
N192_M96,additive,wrong_valid,6100,0.005,0.995,200,2
N192_M96,additive,wrong_valid,6200,0.005,0.995,200,2
N192_M96,additive,wrong_valid,6300,0.005,0.995,200,2
N192_M96,additive,wrong_valid,6400,0.005,0.995,200,2
N192_M96,additive,wrong_valid,6500,0.005,0.995,200,2
N192_M96,additive,wrong_valid,6600,0.005,0.995,200,2
N192_M96,additive,wrong_valid,6700,0.005,0.995,200,2
N192_M96,additive,wrong_valid,6800,0.005,0.995,200,2
N192_M96,additive,wrong_valid,6900,0.005,0.995,200,2
N192_M96,additive,wrong_valid,7000,0.005,0.995,200,2
N192_M96,additive,wrong_valid,7100,0.005,0.995,200,2
N192_M96,additive,wrong_valid,7200,0.005,0.995,200,2
N192_M96,additive,wrong_valid,7300,0.005,0.995,200,2
N192_M96,additive,wrong_valid,7400,0.005,0.995,200,2
N192_M96,additive,wrong_valid,7500,0.005,0.995,200,2
N192_M96,additive,wrong_valid,7600,0.005,0.995,200,2
N192_M96,additive,wrong_valid,7700,0.005,0.995,200,2
N192_M96,additive,wrong_valid,7800,0.005,0.995,200,2
N192_M96,additive,wrong_valid,7900,0.005,0.995,200,2
N192_M96,additive,wrong_valid,8000,0.005,0.995,200,2
N192_M96,additive,wrong_valid,8100,0.005,0.995,200,2
N192_M96,additive,wrong_valid,8200,0.005,0.995,200,2
N192_M96,additive,wrong_valid,8300,0.005,0.995,200,2
N192_M96,additive,wrong_valid,8400,0.005,0.995,200,2
N192_M96,additive,wrong_valid,8500,0.005,0.995,200,2
N192_M96,additive,wrong_valid,8600,0.005,0.995,200,2
N192_M96,additive,wrong_valid,8700,0.005,0.995,200,2
N192_M96,additive,wrong_valid,8800,0.005,0.995,200,2
N192_M96,additive,wrong_valid,8900,0.005,0.995,200,2
N192_M96,additive,wrong_valid,9000,0.005,0.995,200,2
N192_M96,additive,wrong_valid,9100,0.005,0.995,200,2
N192_M96,additive,wrong_valid,9200,0.005,0.995,200,2
N192_M96,additive,wrong_valid,9300,0.005,0.995,200,2
N192_M96,additive,wrong_valid,9400,0.005,0.995,200,2
N192_M96,additive,wrong_valid,9500,0.005,0.995,200,2
N192_M96,additive,wrong_valid,9600,0.005,0.995,200,2
N192_M96,additive,wrong_valid,9700,0.005,0.995,200,2
N192_M96,additive,wrong_valid,9800,0.005,0.995,200,2
N192_M96,additive,wrong_valid,9900,0.005,0.995,200,2
N192_M96,additive,wrong_valid,10000,0.005,0.995,200,2
N192_M96,additive,wrong_valid,10100,0.01,0.99,200,2
N192_M96,additive,wrong_valid,10200,0.01,0.99,200,2
N192_M96,additive,wrong_valid,10300,0.01,0.99,200,2
N192_M96,additive,wrong_valid,10400,0.01,0.99,200,2
N192_M96,additive,wrong_valid,10500,0.01,0.99,200,2
N192_M96,additive,wrong_valid,10600,0.01,0.99,200,2
N192_M96,additive,wrong_valid,10700,0.01,0.99,200,2
N192_M96,additive,wrong_valid,10800,0.01,0.99,200,2
N192_M96,additive,wrong_valid,10900,0.01,0.99,200,2
N192_M96,additive,wrong_valid,11000,0.01,0.99,200,2
N192_M96,additive,wrong_valid,11100,0.01,0.99,200,2
N192_M96,additive,wrong_valid,11200,0.01,0.99,200,2
N192_M96,additive,wrong_valid,11300,0.01,0.99,200,2
N192_M96,additive,wrong_valid,11400,0.01,0.99,200,2
N192_M96,additive,wrong_valid,11500,0.01,0.99,200,2
N192_M96,additive,wrong_valid,11600,0.01,0.99,200,2
N192_M96,additive,wrong_valid,11700,0.01,0.99,200,2
N192_M96,additive,wrong_valid,11800,0.01,0.99,200,2
N192_M96,additive,wrong_valid,11900,0.01,0.99,200,2
N192_M96,additive,wrong_valid,12000,0.01,0.99,200,2
N192_M96,additive,wrong_valid,12100,0.01,0.99,200,2
N192_M96,additive,wrong_valid,12200,0.01,0.99,200,2
N192_M96,additive,wrong_valid,12300,0.01,0.99,200,2
N192_M96,additive,wrong_valid,12400,0.01,0.99,200,2
N192_M96,additive,wrong_valid,12500,0.01,0.99,200,2
N192_M96,additive,wrong_valid,12600,0.01,0.99,200,2
N192_M96,additive,wrong_valid,12700,0.01,0.99,200,2
N192_M96,additive,wrong_valid,12800,0.01,0.99,200,2
N192_M96,additive,wrong_valid,12900,0.01,0.99,200,2
N192_M96,additive,wrong_valid,13000,0.01,0.99,200,2
N192_M96,additive,wrong_valid,13100,0.01,0.99,200,2
N192_M96,additive,wrong_valid,13200,0.01,0.99,200,2
N192_M96,additive,wrong_valid,13300,0.01,0.99,200,2
N192_M96,additive,wrong_valid,13400,0.01,0.99,200,2
N192_M96,additive,wrong_valid,13500,0.01,0.99,200,2
N192_M96,additive,wrong_valid,13600,0.01,0.99,200,2
N192_M96,additive,wrong_valid,13700,0.01,0.99,200,2
N192_M96,additive,wrong_valid,13800,0.01,0.99,200,2
N192_M96,additive,wrong_valid,13900,0.01,0.99,200,2
N192_M96,additive,wrong_valid,14000,0.01,0.99,200,2
N192_M96,additive,wrong_valid,14100,0.01,0.99,200,2
N192_M96,additive,wrong_valid,14200,0.01,0.99,200,2
N192_M96,additive,wrong_valid,14300,0.01,0.99,200,2
N192_M96,additive,wrong_valid,14400,0.01,0.99,200,2
N192_M96,additive,wrong_valid,14500,0.01,0.99,200,2
N192_M96,additive,wrong_valid,14600,0.01,0.99,200,2
N192_M96,additive,wrong_valid,14700,0.01,0.99,200,2
N192_M96,additive,wrong_valid,14800,0.01,0.99,200,2
N192_M96,additive,wrong_valid,14900,0.01,0.99,200,2
N192_M96,additive,wrong_valid,15000,0.01,0.99,200,2
N192_M96,additive,wrong_valid,15100,0.01,0.99,200,2
N192_M96,additive,wrong_valid,15200,0.01,0.99,200,2
N192_M96,additive,wrong_valid,15300,0.01,0.99,200,2
N192_M96,additive,wrong_valid,15400,0.01,0.99,200,2
N192_M96,additive,wrong_valid,15500,0.01,0.99,200,2
N192_M96,additive,wrong_valid,15600,0.01,0.99,200,2
N192_M96,additive,wrong_valid,15700,0.01,0.99,200,2
N192_M96,additive,wrong_valid,15800,0.01,0.99,200,2
N192_M96,additive,wrong_valid,15900,0.01,0.99,200,2
N192_M96,additive,wrong_valid,16000,0.01,0.99,200,2
N192_M96,additive,wrong_valid,16100,0.01,0.99,200,2
N192_M96,additive,wrong_valid,16200,0.01,0.99,200,2
N192_M96,additive,wrong_valid,16300,0.01,0.99,200,2
N192_M96,additive,wrong_valid,16400,0.01,0.99,200,2
N192_M96,additive,wrong_valid,16500,0.01,0.99,200,2
N192_M96,additive,wrong_valid,16600,0.01,0.99,200,2
N192_M96,additive,wrong_valid,16700,0.01,0.99,200,2
N192_M96,additive,wrong_valid,16800,0.01,0.99,200,2
N192_M96,additive,wrong_valid,16900,0.01,0.99,200,2
N192_M96,additive,wrong_valid,17000,0.01,0.99,200,2
N192_M96,additive,wrong_valid,17100,0.01,0.99,200,2
N192_M96,additive,wrong_valid,17200,0.01,0.99,200,2
N192_M96,additive,wrong_valid,17300,0.01,0.99,200,2
N192_M96,additive,wrong_valid,17400,0.01,0.99,200,2
N192_M96,additive,wrong_valid,17500,0.01,0.99,200,2
N192_M96,additive,wrong_valid,17600,0.01,0.99,200,2
N192_M96,additive,wrong_valid,17700,0.01,0.99,200,2
N192_M96,additive,wrong_valid,17800,0.01,0.99,200,2
N192_M96,additive,wrong_valid,17900,0.01,0.99,200,2
N192_M96,additive,wrong_valid,18000,0.01,0.99,200,2
N192_M96,additive,wrong_valid,18100,0.01,0.99,200,2
N192_M96,additive,wrong_valid,18200,0.01,0.99,200,2
N192_M96,additive,wrong_valid,18300,0.01,0.99,200,2
N192_M96,additive,wrong_valid,18400,0.01,0.99,200,2
N192_M96,additive,wrong_valid,18500,0.01,0.99,200,2
N192_M96,additive,wrong_valid,18600,0.01,0.99,200,2
N192_M96,additive,wrong_valid,18700,0.01,0.99,200,2
N192_M96,additive,wrong_valid,18800,0.01,0.99,200,2
N192_M96,additive,wrong_valid,18900,0.01,0.99,200,2
N192_M96,additive,wrong_valid,19000,0.01,0.99,200,2
N192_M96,additive,wrong_valid,19100,0.01,0.99,200,2
N192_M96,additive,wrong_valid,19200,0.01,0.99,200,2
N192_M96,binary_state,valid,0,0.0,1.0,200,200
N192_M96,binary_state,valid,100,1.0,0.0,200,200
N192_M96,binary_state,valid,200,1.0,0.0,200,200
N192_M96,binary_state,valid,300,1.0,0.0,200,200
N192_M96,binary_state,valid,400,1.0,0.0,200,200
N192_M96,binary_state,valid,500,1.0,0.0,200,200
N192_M96,binary_state,valid,600,1.0,0.0,200,200
N192_M96,binary_state,valid,700,1.0,0.0,200,200
N192_M96,binary_state,valid,800,1.0,0.0,200,200
N192_M96,binary_state,valid,900,1.0,0.0,200,200
N192_M96,binary_state,valid,1000,1.0,0.0,200,200
N192_M96,binary_state,valid,1100,1.0,0.0,200,200
N192_M96,binary_state,valid,1200,1.0,0.0,200,200
N192_M96,binary_state,valid,1300,1.0,0.0,200,200
N192_M96,binary_state,valid,1400,1.0,0.0,200,200
N192_M96,binary_state,valid,1500,1.0,0.0,200,200
N192_M96,binary_state,valid,1600,1.0,0.0,200,200
N192_M96,binary_state,valid,1700,1.0,0.0,200,200
N192_M96,binary_state,valid,1800,1.0,0.0,200,200
N192_M96,binary_state,valid,1900,1.0,0.0,200,200
N192_M96,binary_state,valid,2000,1.0,0.0,200,200
N192_M96,binary_state,valid,2100,1.0,0.0,200,200
N192_M96,binary_state,valid,2200,1.0,0.0,200,200
N192_M96,binary_state,valid,2300,1.0,0.0,200,200
N192_M96,binary_state,valid,2400,1.0,0.0,200,200
N192_M96,binary_state,valid,2500,1.0,0.0,200,200
N192_M96,binary_state,valid,2600,1.0,0.0,200,200
N192_M96,binary_state,valid,2700,1.0,0.0,200,200
N192_M96,binary_state,valid,2800,1.0,0.0,200,200
N192_M96,binary_state,valid,2900,1.0,0.0,200,200
N192_M96,binary_state,valid,3000,1.0,0.0,200,200
N192_M96,binary_state,valid,3100,1.0,0.0,200,200
N192_M96,binary_state,valid,3200,1.0,0.0,200,200
N192_M96,binary_state,valid,3300,1.0,0.0,200,200
N192_M96,binary_state,valid,3400,1.0,0.0,200,200
N192_M96,binary_state,valid,3500,1.0,0.0,200,200
N192_M96,binary_state,valid,3600,1.0,0.0,200,200
N192_M96,binary_state,valid,3700,1.0,0.0,200,200
N192_M96,binary_state,valid,3800,1.0,0.0,200,200
N192_M96,binary_state,valid,3900,1.0,0.0,200,200
N192_M96,binary_state,valid,4000,1.0,0.0,200,200
N192_M96,binary_state,valid,4100,1.0,0.0,200,200
N192_M96,binary_state,valid,4200,1.0,0.0,200,200
N192_M96,binary_state,valid,4300,1.0,0.0,200,200
N192_M96,binary_state,valid,4400,1.0,0.0,200,200
N192_M96,binary_state,valid,4500,1.0,0.0,200,200
N192_M96,binary_state,valid,4600,1.0,0.0,200,200
N192_M96,binary_state,valid,4700,1.0,0.0,200,200
N192_M96,binary_state,valid,4800,1.0,0.0,200,200
N192_M96,binary_state,valid,4900,1.0,0.0,200,200
N192_M96,binary_state,valid,5000,1.0,0.0,200,200
N192_M96,binary_state,valid,5100,1.0,0.0,200,200
N192_M96,binary_state,valid,5200,1.0,0.0,200,200
N192_M96,binary_state,valid,5300,1.0,0.0,200,200
N192_M96,binary_state,valid,5400,1.0,0.0,200,200
N192_M96,binary_state,valid,5500,1.0,0.0,200,200
N192_M96,binary_state,valid,5600,1.0,0.0,200,200
N192_M96,binary_state,valid,5700,1.0,0.0,200,200
N192_M96,binary_state,valid,5800,1.0,0.0,200,200
N192_M96,binary_state,valid,5900,1.0,0.0,200,200
N192_M96,binary_state,valid,6000,1.0,0.0,200,200
N192_M96,binary_state,valid,6100,1.0,0.0,200,200
N192_M96,binary_state,valid,6200,1.0,0.0,200,200
N192_M96,binary_state,valid,6300,1.0,0.0,200,200
N192_M96,binary_state,valid,6400,1.0,0.0,200,200
N192_M96,binary_state,valid,6500,1.0,0.0,200,200
N192_M96,binary_state,valid,6600,1.0,0.0,200,200
N192_M96,binary_state,valid,6700,1.0,0.0,200,200
N192_M96,binary_state,valid,6800,1.0,0.0,200,200
N192_M96,binary_state,valid,6900,1.0,0.0,200,200
N192_M96,binary_state,valid,7000,1.0,0.0,200,200
N192_M96,binary_state,valid,7100,1.0,0.0,200,200
N192_M96,binary_state,valid,7200,1.0,0.0,200,200
N192_M96,binary_state,valid,7300,1.0,0.0,200,200
N192_M96,binary_state,valid,7400,1.0,0.0,200,200
N192_M96,binary_state,valid,7500,1.0,0.0,200,200
N192_M96,binary_state,valid,7600,1.0,0.0,200,200
N192_M96,binary_state,valid,7700,1.0,0.0,200,200
N192_M96,binary_state,valid,7800,1.0,0.0,200,200
N192_M96,binary_state,valid,7900,1.0,0.0,200,200
N192_M96,binary_state,valid,8000,1.0,0.0,200,200
N192_M96,binary_state,valid,8100,1.0,0.0,200,200
N192_M96,binary_state,valid,8200,1.0,0.0,200,200
N192_M96,binary_state,valid,8300,1.0,0.0,200,200
N192_M96,binary_state,valid,8400,1.0,0.0,200,200
N192_M96,binary_state,valid,8500,1.0,0.0,200,200
N192_M96,binary_state,valid,8600,1.0,0.0,200,200
N192_M96,binary_state,valid,8700,1.0,0.0,200,200
N192_M96,binary_state,valid,8800,1.0,0.0,200,200
N192_M96,binary_state,valid,8900,1.0,0.0,200,200
N192_M96,binary_state,valid,9000,1.0,0.0,200,200
N192_M96,binary_state,valid,9100,1.0,0.0,200,200
N192_M96,binary_state,valid,9200,1.0,0.0,200,200
N192_M96,binary_state,valid,9300,1.0,0.0,200,200
N192_M96,binary_state,valid,9400,1.0,0.0,200,200
N192_M96,binary_state,valid,9500,1.0,0.0,200,200
N192_M96,binary_state,valid,9600,1.0,0.0,200,200
N192_M96,binary_state,valid,9700,1.0,0.0,200,200
N192_M96,binary_state,valid,9800,1.0,0.0,200,200
N192_M96,binary_state,valid,9900,1.0,0.0,200,200
N192_M96,binary_state,valid,10000,1.0,0.0,200,200
N192_M96,binary_state,valid,10100,1.0,0.0,200,200
N192_M96,binary_state,valid,10200,1.0,0.0,200,200
N192_M96,binary_state,valid,10300,1.0,0.0,200,200
N192_M96,binary_state,valid,10400,1.0,0.0,200,200
N192_M96,binary_state,valid,10500,1.0,0.0,200,200
N192_M96,binary_state,valid,10600,1.0,0.0,200,200
N192_M96,binary_state,valid,10700,1.0,0.0,200,200
N192_M96,binary_state,valid,10800,1.0,0.0,200,200
N192_M96,binary_state,valid,10900,1.0,0.0,200,200
N192_M96,binary_state,valid,11000,1.0,0.0,200,200
N192_M96,binary_state,valid,11100,1.0,0.0,200,200
N192_M96,binary_state,valid,11200,1.0,0.0,200,200
N192_M96,binary_state,valid,11300,1.0,0.0,200,200
N192_M96,binary_state,valid,11400,1.0,0.0,200,200
N192_M96,binary_state,valid,11500,1.0,0.0,200,200
N192_M96,binary_state,valid,11600,1.0,0.0,200,200
N192_M96,binary_state,valid,11700,1.0,0.0,200,200
N192_M96,binary_state,valid,11800,1.0,0.0,200,200
N192_M96,binary_state,valid,11900,1.0,0.0,200,200
N192_M96,binary_state,valid,12000,1.0,0.0,200,200
N192_M96,binary_state,valid,12100,1.0,0.0,200,200
N192_M96,binary_state,valid,12200,1.0,0.0,200,200
N192_M96,binary_state,valid,12300,1.0,0.0,200,200
N192_M96,binary_state,valid,12400,1.0,0.0,200,200
N192_M96,binary_state,valid,12500,1.0,0.0,200,200
N192_M96,binary_state,valid,12600,1.0,0.0,200,200
N192_M96,binary_state,valid,12700,1.0,0.0,200,200
N192_M96,binary_state,valid,12800,1.0,0.0,200,200
N192_M96,binary_state,valid,12900,1.0,0.0,200,200
N192_M96,binary_state,valid,13000,1.0,0.0,200,200
N192_M96,binary_state,valid,13100,1.0,0.0,200,200
N192_M96,binary_state,valid,13200,1.0,0.0,200,200
N192_M96,binary_state,valid,13300,1.0,0.0,200,200
N192_M96,binary_state,valid,13400,1.0,0.0,200,200
N192_M96,binary_state,valid,13500,1.0,0.0,200,200
N192_M96,binary_state,valid,13600,1.0,0.0,200,200
N192_M96,binary_state,valid,13700,1.0,0.0,200,200
N192_M96,binary_state,valid,13800,1.0,0.0,200,200
N192_M96,binary_state,valid,13900,1.0,0.0,200,200
N192_M96,binary_state,valid,14000,1.0,0.0,200,200
N192_M96,binary_state,valid,14100,1.0,0.0,200,200
N192_M96,binary_state,valid,14200,1.0,0.0,200,200
N192_M96,binary_state,valid,14300,1.0,0.0,200,200
N192_M96,binary_state,valid,14400,1.0,0.0,200,200
N192_M96,binary_state,valid,14500,1.0,0.0,200,200
N192_M96,binary_state,valid,14600,1.0,0.0,200,200
N192_M96,binary_state,valid,14700,1.0,0.0,200,200
N192_M96,binary_state,valid,14800,1.0,0.0,200,200
N192_M96,binary_state,valid,14900,1.0,0.0,200,200
N192_M96,binary_state,valid,15000,1.0,0.0,200,200
N192_M96,binary_state,valid,15100,1.0,0.0,200,200
N192_M96,binary_state,valid,15200,1.0,0.0,200,200
N192_M96,binary_state,valid,15300,1.0,0.0,200,200
N192_M96,binary_state,valid,15400,1.0,0.0,200,200
N192_M96,binary_state,valid,15500,1.0,0.0,200,200
N192_M96,binary_state,valid,15600,1.0,0.0,200,200
N192_M96,binary_state,valid,15700,1.0,0.0,200,200
N192_M96,binary_state,valid,15800,1.0,0.0,200,200
N192_M96,binary_state,valid,15900,1.0,0.0,200,200
N192_M96,binary_state,valid,16000,1.0,0.0,200,200
N192_M96,binary_state,valid,16100,1.0,0.0,200,200
N192_M96,binary_state,valid,16200,1.0,0.0,200,200
N192_M96,binary_state,valid,16300,1.0,0.0,200,200
N192_M96,binary_state,valid,16400,1.0,0.0,200,200
N192_M96,binary_state,valid,16500,1.0,0.0,200,200
N192_M96,binary_state,valid,16600,1.0,0.0,200,200
N192_M96,binary_state,valid,16700,1.0,0.0,200,200
N192_M96,binary_state,valid,16800,1.0,0.0,200,200
N192_M96,binary_state,valid,16900,1.0,0.0,200,200
N192_M96,binary_state,valid,17000,1.0,0.0,200,200
N192_M96,binary_state,valid,17100,1.0,0.0,200,200
N192_M96,binary_state,valid,17200,1.0,0.0,200,200
N192_M96,binary_state,valid,17300,1.0,0.0,200,200
N192_M96,binary_state,valid,17400,1.0,0.0,200,200
N192_M96,binary_state,valid,17500,1.0,0.0,200,200
N192_M96,binary_state,valid,17600,1.0,0.0,200,200
N192_M96,binary_state,valid,17700,1.0,0.0,200,200
N192_M96,binary_state,valid,17800,1.0,0.0,200,200
N192_M96,binary_state,valid,17900,1.0,0.0,200,200
N192_M96,binary_state,valid,18000,1.0,0.0,200,200
N192_M96,binary_state,valid,18100,1.0,0.0,200,200
N192_M96,binary_state,valid,18200,1.0,0.0,200,200
N192_M96,binary_state,valid,18300,1.0,0.0,200,200
N192_M96,binary_state,valid,18400,1.0,0.0,200,200
N192_M96,binary_state,valid,18500,1.0,0.0,200,200
N192_M96,binary_state,valid,18600,1.0,0.0,200,200
N192_M96,binary_state,valid,18700,1.0,0.0,200,200
N192_M96,binary_state,valid,18800,1.0,0.0,200,200
N192_M96,binary_state,valid,18900,1.0,0.0,200,200
N192_M96,binary_state,valid,19000,1.0,0.0,200,200
N192_M96,binary_state,valid,19100,1.0,0.0,200,200
N192_M96,binary_state,valid,19200,1.0,0.0,200,200
N192_M96,binary_state,valid_after_nonvalid,0,0.0,1.0,200,0
N192_M96,binary_state,valid_after_nonvalid,100,0.0,1.0,200,0
N192_M96,binary_state,valid_after_nonvalid,200,0.0,1.0,200,0
N192_M96,binary_state,valid_after_nonvalid,300,0.0,1.0,200,0
N192_M96,binary_state,valid_after_nonvalid,400,0.0,1.0,200,0
N192_M96,binary_state,valid_after_nonvalid,500,0.0,1.0,200,0
N192_M96,binary_state,valid_after_nonvalid,600,0.0,1.0,200,0
N192_M96,binary_state,valid_after_nonvalid,700,0.0,1.0,200,0
N192_M96,binary_state,valid_after_nonvalid,800,0.0,1.0,200,0
N192_M96,binary_state,valid_after_nonvalid,900,0.0,1.0,200,0
N192_M96,binary_state,valid_after_nonvalid,1000,0.0,1.0,200,0
N192_M96,binary_state,valid_after_nonvalid,1100,0.0,1.0,200,0
N192_M96,binary_state,valid_after_nonvalid,1200,0.0,1.0,200,0
N192_M96,binary_state,valid_after_nonvalid,1300,0.0,1.0,200,0
N192_M96,binary_state,valid_after_nonvalid,1400,0.0,1.0,200,0
N192_M96,binary_state,valid_after_nonvalid,1500,0.0,1.0,200,0
N192_M96,binary_state,valid_after_nonvalid,1600,0.0,1.0,200,0
N192_M96,binary_state,valid_after_nonvalid,1700,0.0,1.0,200,0
N192_M96,binary_state,valid_after_nonvalid,1800,0.0,1.0,200,0
N192_M96,binary_state,valid_after_nonvalid,1900,0.0,1.0,200,0
N192_M96,binary_state,valid_after_nonvalid,2000,0.0,1.0,200,0
N192_M96,binary_state,valid_after_nonvalid,2100,0.0,1.0,200,0
N192_M96,binary_state,valid_after_nonvalid,2200,0.0,1.0,200,0
N192_M96,binary_state,valid_after_nonvalid,2300,0.0,1.0,200,0
N192_M96,binary_state,valid_after_nonvalid,2400,0.0,1.0,200,0
N192_M96,binary_state,valid_after_nonvalid,2500,0.0,1.0,200,0
N192_M96,binary_state,valid_after_nonvalid,2600,0.0,1.0,200,0
N192_M96,binary_state,valid_after_nonvalid,2700,0.0,1.0,200,0
N192_M96,binary_state,valid_after_nonvalid,2800,0.0,1.0,200,0
N192_M96,binary_state,valid_after_nonvalid,2900,0.0,1.0,200,0
N192_M96,binary_state,valid_after_nonvalid,3000,0.0,1.0,200,0
N192_M96,binary_state,valid_after_nonvalid,3100,0.0,1.0,200,0
N192_M96,binary_state,valid_after_nonvalid,3200,0.0,1.0,200,0
N192_M96,binary_state,valid_after_nonvalid,3300,0.0,1.0,200,0
N192_M96,binary_state,valid_after_nonvalid,3400,0.0,1.0,200,0
N192_M96,binary_state,valid_after_nonvalid,3500,0.0,1.0,200,0
N192_M96,binary_state,valid_after_nonvalid,3600,0.0,1.0,200,0
N192_M96,binary_state,valid_after_nonvalid,3700,0.0,1.0,200,0
N192_M96,binary_state,valid_after_nonvalid,3800,0.0,1.0,200,0
N192_M96,binary_state,valid_after_nonvalid,3900,0.0,1.0,200,0
N192_M96,binary_state,valid_after_nonvalid,4000,0.0,1.0,200,0
N192_M96,binary_state,valid_after_nonvalid,4100,0.0,1.0,200,0
N192_M96,binary_state,valid_after_nonvalid,4200,0.0,1.0,200,0
N192_M96,binary_state,valid_after_nonvalid,4300,0.0,1.0,200,0
N192_M96,binary_state,valid_after_nonvalid,4400,0.0,1.0,200,0
N192_M96,binary_state,valid_after_nonvalid,4500,0.0,1.0,200,0
N192_M96,binary_state,valid_after_nonvalid,4600,0.0,1.0,200,0
N192_M96,binary_state,valid_after_nonvalid,4700,0.0,1.0,200,0
N192_M96,binary_state,valid_after_nonvalid,4800,0.0,1.0,200,0
N192_M96,binary_state,valid_after_nonvalid,4900,0.0,1.0,200,0
N192_M96,binary_state,valid_after_nonvalid,5000,0.0,1.0,200,0
N192_M96,binary_state,valid_after_nonvalid,5100,0.0,1.0,200,0
N192_M96,binary_state,valid_after_nonvalid,5200,0.0,1.0,200,0
N192_M96,binary_state,valid_after_nonvalid,5300,0.0,1.0,200,0
N192_M96,binary_state,valid_after_nonvalid,5400,0.0,1.0,200,0
N192_M96,binary_state,valid_after_nonvalid,5500,0.0,1.0,200,0
N192_M96,binary_state,valid_after_nonvalid,5600,0.0,1.0,200,0
N192_M96,binary_state,valid_after_nonvalid,5700,0.0,1.0,200,0
N192_M96,binary_state,valid_after_nonvalid,5800,0.0,1.0,200,0
N192_M96,binary_state,valid_after_nonvalid,5900,0.0,1.0,200,0
N192_M96,binary_state,valid_after_nonvalid,6000,0.0,1.0,200,0
N192_M96,binary_state,valid_after_nonvalid,6100,0.0,1.0,200,0
N192_M96,binary_state,valid_after_nonvalid,6200,0.0,1.0,200,0
N192_M96,binary_state,valid_after_nonvalid,6300,0.0,1.0,200,0
N192_M96,binary_state,valid_after_nonvalid,6400,0.0,1.0,200,0
N192_M96,binary_state,valid_after_nonvalid,6500,0.0,1.0,200,0
N192_M96,binary_state,valid_after_nonvalid,6600,0.0,1.0,200,0
N192_M96,binary_state,valid_after_nonvalid,6700,0.0,1.0,200,0
N192_M96,binary_state,valid_after_nonvalid,6800,0.0,1.0,200,0
N192_M96,binary_state,valid_after_nonvalid,6900,0.0,1.0,200,0
N192_M96,binary_state,valid_after_nonvalid,7000,0.0,1.0,200,0
N192_M96,binary_state,valid_after_nonvalid,7100,0.0,1.0,200,0
N192_M96,binary_state,valid_after_nonvalid,7200,0.0,1.0,200,0
N192_M96,binary_state,valid_after_nonvalid,7300,0.0,1.0,200,0
N192_M96,binary_state,valid_after_nonvalid,7400,0.0,1.0,200,0
N192_M96,binary_state,valid_after_nonvalid,7500,0.0,1.0,200,0
N192_M96,binary_state,valid_after_nonvalid,7600,0.0,1.0,200,0
N192_M96,binary_state,valid_after_nonvalid,7700,0.0,1.0,200,0
N192_M96,binary_state,valid_after_nonvalid,7800,0.0,1.0,200,0
N192_M96,binary_state,valid_after_nonvalid,7900,0.0,1.0,200,0
N192_M96,binary_state,valid_after_nonvalid,8000,0.0,1.0,200,0
N192_M96,binary_state,valid_after_nonvalid,8100,0.0,1.0,200,0
N192_M96,binary_state,valid_after_nonvalid,8200,0.0,1.0,200,0
N192_M96,binary_state,valid_after_nonvalid,8300,0.0,1.0,200,0
N192_M96,binary_state,valid_after_nonvalid,8400,0.0,1.0,200,0
N192_M96,binary_state,valid_after_nonvalid,8500,0.0,1.0,200,0
N192_M96,binary_state,valid_after_nonvalid,8600,0.0,1.0,200,0
N192_M96,binary_state,valid_after_nonvalid,8700,0.0,1.0,200,0
N192_M96,binary_state,valid_after_nonvalid,8800,0.0,1.0,200,0
N192_M96,binary_state,valid_after_nonvalid,8900,0.0,1.0,200,0
N192_M96,binary_state,valid_after_nonvalid,9000,0.0,1.0,200,0
N192_M96,binary_state,valid_after_nonvalid,9100,0.0,1.0,200,0
N192_M96,binary_state,valid_after_nonvalid,9200,0.0,1.0,200,0
N192_M96,binary_state,valid_after_nonvalid,9300,0.0,1.0,200,0
N192_M96,binary_state,valid_after_nonvalid,9400,0.0,1.0,200,0
N192_M96,binary_state,valid_after_nonvalid,9500,0.0,1.0,200,0
N192_M96,binary_state,valid_after_nonvalid,9600,0.0,1.0,200,0
N192_M96,binary_state,valid_after_nonvalid,9700,0.0,1.0,200,0
N192_M96,binary_state,valid_after_nonvalid,9800,0.0,1.0,200,0
N192_M96,binary_state,valid_after_nonvalid,9900,0.0,1.0,200,0
N192_M96,binary_state,valid_after_nonvalid,10000,0.0,1.0,200,0
N192_M96,binary_state,valid_after_nonvalid,10100,0.0,1.0,200,0
N192_M96,binary_state,valid_after_nonvalid,10200,0.0,1.0,200,0
N192_M96,binary_state,valid_after_nonvalid,10300,0.0,1.0,200,0
N192_M96,binary_state,valid_after_nonvalid,10400,0.0,1.0,200,0
N192_M96,binary_state,valid_after_nonvalid,10500,0.0,1.0,200,0
N192_M96,binary_state,valid_after_nonvalid,10600,0.0,1.0,200,0
N192_M96,binary_state,valid_after_nonvalid,10700,0.0,1.0,200,0
N192_M96,binary_state,valid_after_nonvalid,10800,0.0,1.0,200,0
N192_M96,binary_state,valid_after_nonvalid,10900,0.0,1.0,200,0
N192_M96,binary_state,valid_after_nonvalid,11000,0.0,1.0,200,0
N192_M96,binary_state,valid_after_nonvalid,11100,0.0,1.0,200,0
N192_M96,binary_state,valid_after_nonvalid,11200,0.0,1.0,200,0
N192_M96,binary_state,valid_after_nonvalid,11300,0.0,1.0,200,0
N192_M96,binary_state,valid_after_nonvalid,11400,0.0,1.0,200,0
N192_M96,binary_state,valid_after_nonvalid,11500,0.0,1.0,200,0
N192_M96,binary_state,valid_after_nonvalid,11600,0.0,1.0,200,0
N192_M96,binary_state,valid_after_nonvalid,11700,0.0,1.0,200,0
N192_M96,binary_state,valid_after_nonvalid,11800,0.0,1.0,200,0
N192_M96,binary_state,valid_after_nonvalid,11900,0.0,1.0,200,0
N192_M96,binary_state,valid_after_nonvalid,12000,0.0,1.0,200,0
N192_M96,binary_state,valid_after_nonvalid,12100,0.0,1.0,200,0
N192_M96,binary_state,valid_after_nonvalid,12200,0.0,1.0,200,0
N192_M96,binary_state,valid_after_nonvalid,12300,0.0,1.0,200,0
N192_M96,binary_state,valid_after_nonvalid,12400,0.0,1.0,200,0
N192_M96,binary_state,valid_after_nonvalid,12500,0.0,1.0,200,0
N192_M96,binary_state,valid_after_nonvalid,12600,0.0,1.0,200,0
N192_M96,binary_state,valid_after_nonvalid,12700,0.0,1.0,200,0
N192_M96,binary_state,valid_after_nonvalid,12800,0.0,1.0,200,0
N192_M96,binary_state,valid_after_nonvalid,12900,0.0,1.0,200,0
N192_M96,binary_state,valid_after_nonvalid,13000,0.0,1.0,200,0
N192_M96,binary_state,valid_after_nonvalid,13100,0.0,1.0,200,0
N192_M96,binary_state,valid_after_nonvalid,13200,0.0,1.0,200,0
N192_M96,binary_state,valid_after_nonvalid,13300,0.0,1.0,200,0
N192_M96,binary_state,valid_after_nonvalid,13400,0.0,1.0,200,0
N192_M96,binary_state,valid_after_nonvalid,13500,0.0,1.0,200,0
N192_M96,binary_state,valid_after_nonvalid,13600,0.0,1.0,200,0
N192_M96,binary_state,valid_after_nonvalid,13700,0.0,1.0,200,0
N192_M96,binary_state,valid_after_nonvalid,13800,0.0,1.0,200,0
N192_M96,binary_state,valid_after_nonvalid,13900,0.0,1.0,200,0
N192_M96,binary_state,valid_after_nonvalid,14000,0.0,1.0,200,0
N192_M96,binary_state,valid_after_nonvalid,14100,0.0,1.0,200,0
N192_M96,binary_state,valid_after_nonvalid,14200,0.0,1.0,200,0
N192_M96,binary_state,valid_after_nonvalid,14300,0.0,1.0,200,0
N192_M96,binary_state,valid_after_nonvalid,14400,0.0,1.0,200,0
N192_M96,binary_state,valid_after_nonvalid,14500,0.0,1.0,200,0
N192_M96,binary_state,valid_after_nonvalid,14600,0.0,1.0,200,0
N192_M96,binary_state,valid_after_nonvalid,14700,0.0,1.0,200,0
N192_M96,binary_state,valid_after_nonvalid,14800,0.0,1.0,200,0
N192_M96,binary_state,valid_after_nonvalid,14900,0.0,1.0,200,0
N192_M96,binary_state,valid_after_nonvalid,15000,0.0,1.0,200,0
N192_M96,binary_state,valid_after_nonvalid,15100,0.0,1.0,200,0
N192_M96,binary_state,valid_after_nonvalid,15200,0.0,1.0,200,0
N192_M96,binary_state,valid_after_nonvalid,15300,0.0,1.0,200,0
N192_M96,binary_state,valid_after_nonvalid,15400,0.0,1.0,200,0
N192_M96,binary_state,valid_after_nonvalid,15500,0.0,1.0,200,0
N192_M96,binary_state,valid_after_nonvalid,15600,0.0,1.0,200,0
N192_M96,binary_state,valid_after_nonvalid,15700,0.0,1.0,200,0
N192_M96,binary_state,valid_after_nonvalid,15800,0.0,1.0,200,0
N192_M96,binary_state,valid_after_nonvalid,15900,0.0,1.0,200,0
N192_M96,binary_state,valid_after_nonvalid,16000,0.0,1.0,200,0
N192_M96,binary_state,valid_after_nonvalid,16100,0.0,1.0,200,0
N192_M96,binary_state,valid_after_nonvalid,16200,0.0,1.0,200,0
N192_M96,binary_state,valid_after_nonvalid,16300,0.0,1.0,200,0
N192_M96,binary_state,valid_after_nonvalid,16400,0.0,1.0,200,0
N192_M96,binary_state,valid_after_nonvalid,16500,0.0,1.0,200,0
N192_M96,binary_state,valid_after_nonvalid,16600,0.0,1.0,200,0
N192_M96,binary_state,valid_after_nonvalid,16700,0.0,1.0,200,0
N192_M96,binary_state,valid_after_nonvalid,16800,0.0,1.0,200,0
N192_M96,binary_state,valid_after_nonvalid,16900,0.0,1.0,200,0
N192_M96,binary_state,valid_after_nonvalid,17000,0.0,1.0,200,0
N192_M96,binary_state,valid_after_nonvalid,17100,0.0,1.0,200,0
N192_M96,binary_state,valid_after_nonvalid,17200,0.0,1.0,200,0
N192_M96,binary_state,valid_after_nonvalid,17300,0.0,1.0,200,0
N192_M96,binary_state,valid_after_nonvalid,17400,0.0,1.0,200,0
N192_M96,binary_state,valid_after_nonvalid,17500,0.0,1.0,200,0
N192_M96,binary_state,valid_after_nonvalid,17600,0.0,1.0,200,0
N192_M96,binary_state,valid_after_nonvalid,17700,0.0,1.0,200,0
N192_M96,binary_state,valid_after_nonvalid,17800,0.0,1.0,200,0
N192_M96,binary_state,valid_after_nonvalid,17900,0.0,1.0,200,0
N192_M96,binary_state,valid_after_nonvalid,18000,0.0,1.0,200,0
N192_M96,binary_state,valid_after_nonvalid,18100,0.0,1.0,200,0
N192_M96,binary_state,valid_after_nonvalid,18200,0.0,1.0,200,0
N192_M96,binary_state,valid_after_nonvalid,18300,0.0,1.0,200,0
N192_M96,binary_state,valid_after_nonvalid,18400,0.0,1.0,200,0
N192_M96,binary_state,valid_after_nonvalid,18500,0.0,1.0,200,0
N192_M96,binary_state,valid_after_nonvalid,18600,0.0,1.0,200,0
N192_M96,binary_state,valid_after_nonvalid,18700,0.0,1.0,200,0
N192_M96,binary_state,valid_after_nonvalid,18800,0.0,1.0,200,0
N192_M96,binary_state,valid_after_nonvalid,18900,0.0,1.0,200,0
N192_M96,binary_state,valid_after_nonvalid,19000,0.0,1.0,200,0
N192_M96,binary_state,valid_after_nonvalid,19100,0.0,1.0,200,0
N192_M96,binary_state,valid_after_nonvalid,19200,0.0,1.0,200,0
N192_M96,binary_state,correct,0,0.0,1.0,200,0
N192_M96,binary_state,correct,100,0.0,1.0,200,0
N192_M96,binary_state,correct,200,0.0,1.0,200,0
N192_M96,binary_state,correct,300,0.0,1.0,200,0
N192_M96,binary_state,correct,400,0.0,1.0,200,0
N192_M96,binary_state,correct,500,0.0,1.0,200,0
N192_M96,binary_state,correct,600,0.0,1.0,200,0
N192_M96,binary_state,correct,700,0.0,1.0,200,0
N192_M96,binary_state,correct,800,0.0,1.0,200,0
N192_M96,binary_state,correct,900,0.0,1.0,200,0
N192_M96,binary_state,correct,1000,0.0,1.0,200,0
N192_M96,binary_state,correct,1100,0.0,1.0,200,0
N192_M96,binary_state,correct,1200,0.0,1.0,200,0
N192_M96,binary_state,correct,1300,0.0,1.0,200,0
N192_M96,binary_state,correct,1400,0.0,1.0,200,0
N192_M96,binary_state,correct,1500,0.0,1.0,200,0
N192_M96,binary_state,correct,1600,0.0,1.0,200,0
N192_M96,binary_state,correct,1700,0.0,1.0,200,0
N192_M96,binary_state,correct,1800,0.0,1.0,200,0
N192_M96,binary_state,correct,1900,0.0,1.0,200,0
N192_M96,binary_state,correct,2000,0.0,1.0,200,0
N192_M96,binary_state,correct,2100,0.0,1.0,200,0
N192_M96,binary_state,correct,2200,0.0,1.0,200,0
N192_M96,binary_state,correct,2300,0.0,1.0,200,0
N192_M96,binary_state,correct,2400,0.0,1.0,200,0
N192_M96,binary_state,correct,2500,0.0,1.0,200,0
N192_M96,binary_state,correct,2600,0.0,1.0,200,0
N192_M96,binary_state,correct,2700,0.0,1.0,200,0
N192_M96,binary_state,correct,2800,0.0,1.0,200,0
N192_M96,binary_state,correct,2900,0.0,1.0,200,0
N192_M96,binary_state,correct,3000,0.0,1.0,200,0
N192_M96,binary_state,correct,3100,0.0,1.0,200,0
N192_M96,binary_state,correct,3200,0.0,1.0,200,0
N192_M96,binary_state,correct,3300,0.0,1.0,200,0
N192_M96,binary_state,correct,3400,0.0,1.0,200,0
N192_M96,binary_state,correct,3500,0.0,1.0,200,0
N192_M96,binary_state,correct,3600,0.0,1.0,200,0
N192_M96,binary_state,correct,3700,0.0,1.0,200,0
N192_M96,binary_state,correct,3800,0.0,1.0,200,0
N192_M96,binary_state,correct,3900,0.0,1.0,200,0
N192_M96,binary_state,correct,4000,0.0,1.0,200,0
N192_M96,binary_state,correct,4100,0.0,1.0,200,0
N192_M96,binary_state,correct,4200,0.0,1.0,200,0
N192_M96,binary_state,correct,4300,0.0,1.0,200,0
N192_M96,binary_state,correct,4400,0.0,1.0,200,0
N192_M96,binary_state,correct,4500,0.0,1.0,200,0
N192_M96,binary_state,correct,4600,0.0,1.0,200,0
N192_M96,binary_state,correct,4700,0.0,1.0,200,0
N192_M96,binary_state,correct,4800,0.0,1.0,200,0
N192_M96,binary_state,correct,4900,0.0,1.0,200,0
N192_M96,binary_state,correct,5000,0.0,1.0,200,0
N192_M96,binary_state,correct,5100,0.0,1.0,200,0
N192_M96,binary_state,correct,5200,0.0,1.0,200,0
N192_M96,binary_state,correct,5300,0.0,1.0,200,0
N192_M96,binary_state,correct,5400,0.0,1.0,200,0
N192_M96,binary_state,correct,5500,0.0,1.0,200,0
N192_M96,binary_state,correct,5600,0.0,1.0,200,0
N192_M96,binary_state,correct,5700,0.0,1.0,200,0
N192_M96,binary_state,correct,5800,0.0,1.0,200,0
N192_M96,binary_state,correct,5900,0.0,1.0,200,0
N192_M96,binary_state,correct,6000,0.0,1.0,200,0
N192_M96,binary_state,correct,6100,0.0,1.0,200,0
N192_M96,binary_state,correct,6200,0.0,1.0,200,0
N192_M96,binary_state,correct,6300,0.0,1.0,200,0
N192_M96,binary_state,correct,6400,0.0,1.0,200,0
N192_M96,binary_state,correct,6500,0.0,1.0,200,0
N192_M96,binary_state,correct,6600,0.0,1.0,200,0
N192_M96,binary_state,correct,6700,0.0,1.0,200,0
N192_M96,binary_state,correct,6800,0.0,1.0,200,0
N192_M96,binary_state,correct,6900,0.0,1.0,200,0
N192_M96,binary_state,correct,7000,0.0,1.0,200,0
N192_M96,binary_state,correct,7100,0.0,1.0,200,0
N192_M96,binary_state,correct,7200,0.0,1.0,200,0
N192_M96,binary_state,correct,7300,0.0,1.0,200,0
N192_M96,binary_state,correct,7400,0.0,1.0,200,0
N192_M96,binary_state,correct,7500,0.0,1.0,200,0
N192_M96,binary_state,correct,7600,0.0,1.0,200,0
N192_M96,binary_state,correct,7700,0.0,1.0,200,0
N192_M96,binary_state,correct,7800,0.0,1.0,200,0
N192_M96,binary_state,correct,7900,0.0,1.0,200,0
N192_M96,binary_state,correct,8000,0.0,1.0,200,0
N192_M96,binary_state,correct,8100,0.0,1.0,200,0
N192_M96,binary_state,correct,8200,0.0,1.0,200,0
N192_M96,binary_state,correct,8300,0.0,1.0,200,0
N192_M96,binary_state,correct,8400,0.0,1.0,200,0
N192_M96,binary_state,correct,8500,0.0,1.0,200,0
N192_M96,binary_state,correct,8600,0.0,1.0,200,0
N192_M96,binary_state,correct,8700,0.0,1.0,200,0
N192_M96,binary_state,correct,8800,0.0,1.0,200,0
N192_M96,binary_state,correct,8900,0.0,1.0,200,0
N192_M96,binary_state,correct,9000,0.0,1.0,200,0
N192_M96,binary_state,correct,9100,0.0,1.0,200,0
N192_M96,binary_state,correct,9200,0.0,1.0,200,0
N192_M96,binary_state,correct,9300,0.0,1.0,200,0
N192_M96,binary_state,correct,9400,0.0,1.0,200,0
N192_M96,binary_state,correct,9500,0.0,1.0,200,0
N192_M96,binary_state,correct,9600,0.0,1.0,200,0
N192_M96,binary_state,correct,9700,0.0,1.0,200,0
N192_M96,binary_state,correct,9800,0.0,1.0,200,0
N192_M96,binary_state,correct,9900,0.0,1.0,200,0
N192_M96,binary_state,correct,10000,0.0,1.0,200,0
N192_M96,binary_state,correct,10100,0.0,1.0,200,0
N192_M96,binary_state,correct,10200,0.0,1.0,200,0
N192_M96,binary_state,correct,10300,0.0,1.0,200,0
N192_M96,binary_state,correct,10400,0.0,1.0,200,0
N192_M96,binary_state,correct,10500,0.0,1.0,200,0
N192_M96,binary_state,correct,10600,0.0,1.0,200,0
N192_M96,binary_state,correct,10700,0.0,1.0,200,0
N192_M96,binary_state,correct,10800,0.0,1.0,200,0
N192_M96,binary_state,correct,10900,0.0,1.0,200,0
N192_M96,binary_state,correct,11000,0.0,1.0,200,0
N192_M96,binary_state,correct,11100,0.0,1.0,200,0
N192_M96,binary_state,correct,11200,0.0,1.0,200,0
N192_M96,binary_state,correct,11300,0.0,1.0,200,0
N192_M96,binary_state,correct,11400,0.0,1.0,200,0
N192_M96,binary_state,correct,11500,0.0,1.0,200,0
N192_M96,binary_state,correct,11600,0.0,1.0,200,0
N192_M96,binary_state,correct,11700,0.0,1.0,200,0
N192_M96,binary_state,correct,11800,0.0,1.0,200,0
N192_M96,binary_state,correct,11900,0.0,1.0,200,0
N192_M96,binary_state,correct,12000,0.0,1.0,200,0
N192_M96,binary_state,correct,12100,0.0,1.0,200,0
N192_M96,binary_state,correct,12200,0.0,1.0,200,0
N192_M96,binary_state,correct,12300,0.0,1.0,200,0
N192_M96,binary_state,correct,12400,0.0,1.0,200,0
N192_M96,binary_state,correct,12500,0.0,1.0,200,0
N192_M96,binary_state,correct,12600,0.0,1.0,200,0
N192_M96,binary_state,correct,12700,0.0,1.0,200,0
N192_M96,binary_state,correct,12800,0.0,1.0,200,0
N192_M96,binary_state,correct,12900,0.0,1.0,200,0
N192_M96,binary_state,correct,13000,0.0,1.0,200,0
N192_M96,binary_state,correct,13100,0.0,1.0,200,0
N192_M96,binary_state,correct,13200,0.0,1.0,200,0
N192_M96,binary_state,correct,13300,0.0,1.0,200,0
N192_M96,binary_state,correct,13400,0.0,1.0,200,0
N192_M96,binary_state,correct,13500,0.0,1.0,200,0
N192_M96,binary_state,correct,13600,0.0,1.0,200,0
N192_M96,binary_state,correct,13700,0.0,1.0,200,0
N192_M96,binary_state,correct,13800,0.0,1.0,200,0
N192_M96,binary_state,correct,13900,0.0,1.0,200,0
N192_M96,binary_state,correct,14000,0.0,1.0,200,0
N192_M96,binary_state,correct,14100,0.0,1.0,200,0
N192_M96,binary_state,correct,14200,0.0,1.0,200,0
N192_M96,binary_state,correct,14300,0.0,1.0,200,0
N192_M96,binary_state,correct,14400,0.0,1.0,200,0
N192_M96,binary_state,correct,14500,0.0,1.0,200,0
N192_M96,binary_state,correct,14600,0.0,1.0,200,0
N192_M96,binary_state,correct,14700,0.0,1.0,200,0
N192_M96,binary_state,correct,14800,0.0,1.0,200,0
N192_M96,binary_state,correct,14900,0.0,1.0,200,0
N192_M96,binary_state,correct,15000,0.0,1.0,200,0
N192_M96,binary_state,correct,15100,0.0,1.0,200,0
N192_M96,binary_state,correct,15200,0.0,1.0,200,0
N192_M96,binary_state,correct,15300,0.0,1.0,200,0
N192_M96,binary_state,correct,15400,0.0,1.0,200,0
N192_M96,binary_state,correct,15500,0.0,1.0,200,0
N192_M96,binary_state,correct,15600,0.0,1.0,200,0
N192_M96,binary_state,correct,15700,0.0,1.0,200,0
N192_M96,binary_state,correct,15800,0.0,1.0,200,0
N192_M96,binary_state,correct,15900,0.0,1.0,200,0
N192_M96,binary_state,correct,16000,0.0,1.0,200,0
N192_M96,binary_state,correct,16100,0.0,1.0,200,0
N192_M96,binary_state,correct,16200,0.0,1.0,200,0
N192_M96,binary_state,correct,16300,0.0,1.0,200,0
N192_M96,binary_state,correct,16400,0.0,1.0,200,0
N192_M96,binary_state,correct,16500,0.0,1.0,200,0
N192_M96,binary_state,correct,16600,0.0,1.0,200,0
N192_M96,binary_state,correct,16700,0.0,1.0,200,0
N192_M96,binary_state,correct,16800,0.0,1.0,200,0
N192_M96,binary_state,correct,16900,0.0,1.0,200,0
N192_M96,binary_state,correct,17000,0.0,1.0,200,0
N192_M96,binary_state,correct,17100,0.0,1.0,200,0
N192_M96,binary_state,correct,17200,0.0,1.0,200,0
N192_M96,binary_state,correct,17300,0.0,1.0,200,0
N192_M96,binary_state,correct,17400,0.0,1.0,200,0
N192_M96,binary_state,correct,17500,0.0,1.0,200,0
N192_M96,binary_state,correct,17600,0.0,1.0,200,0
N192_M96,binary_state,correct,17700,0.0,1.0,200,0
N192_M96,binary_state,correct,17800,0.0,1.0,200,0
N192_M96,binary_state,correct,17900,0.0,1.0,200,0
N192_M96,binary_state,correct,18000,0.0,1.0,200,0
N192_M96,binary_state,correct,18100,0.0,1.0,200,0
N192_M96,binary_state,correct,18200,0.0,1.0,200,0
N192_M96,binary_state,correct,18300,0.0,1.0,200,0
N192_M96,binary_state,correct,18400,0.0,1.0,200,0
N192_M96,binary_state,correct,18500,0.0,1.0,200,0
N192_M96,binary_state,correct,18600,0.0,1.0,200,0
N192_M96,binary_state,correct,18700,0.0,1.0,200,0
N192_M96,binary_state,correct,18800,0.0,1.0,200,0
N192_M96,binary_state,correct,18900,0.0,1.0,200,0
N192_M96,binary_state,correct,19000,0.0,1.0,200,0
N192_M96,binary_state,correct,19100,0.0,1.0,200,0
N192_M96,binary_state,correct,19200,0.0,1.0,200,0
N192_M96,binary_state,low_BER,0,0.0,1.0,200,0
N192_M96,binary_state,low_BER,100,0.0,1.0,200,0
N192_M96,binary_state,low_BER,200,0.0,1.0,200,0
N192_M96,binary_state,low_BER,300,0.0,1.0,200,0
N192_M96,binary_state,low_BER,400,0.0,1.0,200,0
N192_M96,binary_state,low_BER,500,0.0,1.0,200,0
N192_M96,binary_state,low_BER,600,0.0,1.0,200,0
N192_M96,binary_state,low_BER,700,0.0,1.0,200,0
N192_M96,binary_state,low_BER,800,0.0,1.0,200,0
N192_M96,binary_state,low_BER,900,0.0,1.0,200,0
N192_M96,binary_state,low_BER,1000,0.0,1.0,200,0
N192_M96,binary_state,low_BER,1100,0.0,1.0,200,0
N192_M96,binary_state,low_BER,1200,0.0,1.0,200,0
N192_M96,binary_state,low_BER,1300,0.0,1.0,200,0
N192_M96,binary_state,low_BER,1400,0.0,1.0,200,0
N192_M96,binary_state,low_BER,1500,0.0,1.0,200,0
N192_M96,binary_state,low_BER,1600,0.0,1.0,200,0
N192_M96,binary_state,low_BER,1700,0.0,1.0,200,0
N192_M96,binary_state,low_BER,1800,0.0,1.0,200,0
N192_M96,binary_state,low_BER,1900,0.0,1.0,200,0
N192_M96,binary_state,low_BER,2000,0.0,1.0,200,0
N192_M96,binary_state,low_BER,2100,0.0,1.0,200,0
N192_M96,binary_state,low_BER,2200,0.0,1.0,200,0
N192_M96,binary_state,low_BER,2300,0.0,1.0,200,0
N192_M96,binary_state,low_BER,2400,0.0,1.0,200,0
N192_M96,binary_state,low_BER,2500,0.0,1.0,200,0
N192_M96,binary_state,low_BER,2600,0.0,1.0,200,0
N192_M96,binary_state,low_BER,2700,0.0,1.0,200,0
N192_M96,binary_state,low_BER,2800,0.0,1.0,200,0
N192_M96,binary_state,low_BER,2900,0.0,1.0,200,0
N192_M96,binary_state,low_BER,3000,0.0,1.0,200,0
N192_M96,binary_state,low_BER,3100,0.0,1.0,200,0
N192_M96,binary_state,low_BER,3200,0.0,1.0,200,0
N192_M96,binary_state,low_BER,3300,0.0,1.0,200,0
N192_M96,binary_state,low_BER,3400,0.0,1.0,200,0
N192_M96,binary_state,low_BER,3500,0.0,1.0,200,0
N192_M96,binary_state,low_BER,3600,0.0,1.0,200,0
N192_M96,binary_state,low_BER,3700,0.0,1.0,200,0
N192_M96,binary_state,low_BER,3800,0.0,1.0,200,0
N192_M96,binary_state,low_BER,3900,0.0,1.0,200,0
N192_M96,binary_state,low_BER,4000,0.0,1.0,200,0
N192_M96,binary_state,low_BER,4100,0.0,1.0,200,0
N192_M96,binary_state,low_BER,4200,0.0,1.0,200,0
N192_M96,binary_state,low_BER,4300,0.0,1.0,200,0
N192_M96,binary_state,low_BER,4400,0.0,1.0,200,0
N192_M96,binary_state,low_BER,4500,0.0,1.0,200,0
N192_M96,binary_state,low_BER,4600,0.0,1.0,200,0
N192_M96,binary_state,low_BER,4700,0.0,1.0,200,0
N192_M96,binary_state,low_BER,4800,0.0,1.0,200,0
N192_M96,binary_state,low_BER,4900,0.0,1.0,200,0
N192_M96,binary_state,low_BER,5000,0.0,1.0,200,0
N192_M96,binary_state,low_BER,5100,0.0,1.0,200,0
N192_M96,binary_state,low_BER,5200,0.0,1.0,200,0
N192_M96,binary_state,low_BER,5300,0.0,1.0,200,0
N192_M96,binary_state,low_BER,5400,0.0,1.0,200,0
N192_M96,binary_state,low_BER,5500,0.0,1.0,200,0
N192_M96,binary_state,low_BER,5600,0.0,1.0,200,0
N192_M96,binary_state,low_BER,5700,0.0,1.0,200,0
N192_M96,binary_state,low_BER,5800,0.0,1.0,200,0
N192_M96,binary_state,low_BER,5900,0.0,1.0,200,0
N192_M96,binary_state,low_BER,6000,0.0,1.0,200,0
N192_M96,binary_state,low_BER,6100,0.0,1.0,200,0
N192_M96,binary_state,low_BER,6200,0.0,1.0,200,0
N192_M96,binary_state,low_BER,6300,0.0,1.0,200,0
N192_M96,binary_state,low_BER,6400,0.0,1.0,200,0
N192_M96,binary_state,low_BER,6500,0.0,1.0,200,0
N192_M96,binary_state,low_BER,6600,0.0,1.0,200,0
N192_M96,binary_state,low_BER,6700,0.0,1.0,200,0
N192_M96,binary_state,low_BER,6800,0.0,1.0,200,0
N192_M96,binary_state,low_BER,6900,0.0,1.0,200,0
N192_M96,binary_state,low_BER,7000,0.0,1.0,200,0
N192_M96,binary_state,low_BER,7100,0.0,1.0,200,0
N192_M96,binary_state,low_BER,7200,0.0,1.0,200,0
N192_M96,binary_state,low_BER,7300,0.0,1.0,200,0
N192_M96,binary_state,low_BER,7400,0.0,1.0,200,0
N192_M96,binary_state,low_BER,7500,0.0,1.0,200,0
N192_M96,binary_state,low_BER,7600,0.0,1.0,200,0
N192_M96,binary_state,low_BER,7700,0.0,1.0,200,0
N192_M96,binary_state,low_BER,7800,0.0,1.0,200,0
N192_M96,binary_state,low_BER,7900,0.0,1.0,200,0
N192_M96,binary_state,low_BER,8000,0.0,1.0,200,0
N192_M96,binary_state,low_BER,8100,0.0,1.0,200,0
N192_M96,binary_state,low_BER,8200,0.0,1.0,200,0
N192_M96,binary_state,low_BER,8300,0.0,1.0,200,0
N192_M96,binary_state,low_BER,8400,0.0,1.0,200,0
N192_M96,binary_state,low_BER,8500,0.0,1.0,200,0
N192_M96,binary_state,low_BER,8600,0.0,1.0,200,0
N192_M96,binary_state,low_BER,8700,0.0,1.0,200,0
N192_M96,binary_state,low_BER,8800,0.0,1.0,200,0
N192_M96,binary_state,low_BER,8900,0.0,1.0,200,0
N192_M96,binary_state,low_BER,9000,0.0,1.0,200,0
N192_M96,binary_state,low_BER,9100,0.0,1.0,200,0
N192_M96,binary_state,low_BER,9200,0.0,1.0,200,0
N192_M96,binary_state,low_BER,9300,0.0,1.0,200,0
N192_M96,binary_state,low_BER,9400,0.0,1.0,200,0
N192_M96,binary_state,low_BER,9500,0.0,1.0,200,0
N192_M96,binary_state,low_BER,9600,0.0,1.0,200,0
N192_M96,binary_state,low_BER,9700,0.0,1.0,200,0
N192_M96,binary_state,low_BER,9800,0.0,1.0,200,0
N192_M96,binary_state,low_BER,9900,0.0,1.0,200,0
N192_M96,binary_state,low_BER,10000,0.0,1.0,200,0
N192_M96,binary_state,low_BER,10100,0.0,1.0,200,0
N192_M96,binary_state,low_BER,10200,0.0,1.0,200,0
N192_M96,binary_state,low_BER,10300,0.0,1.0,200,0
N192_M96,binary_state,low_BER,10400,0.0,1.0,200,0
N192_M96,binary_state,low_BER,10500,0.0,1.0,200,0
N192_M96,binary_state,low_BER,10600,0.0,1.0,200,0
N192_M96,binary_state,low_BER,10700,0.0,1.0,200,0
N192_M96,binary_state,low_BER,10800,0.0,1.0,200,0
N192_M96,binary_state,low_BER,10900,0.0,1.0,200,0
N192_M96,binary_state,low_BER,11000,0.0,1.0,200,0
N192_M96,binary_state,low_BER,11100,0.0,1.0,200,0
N192_M96,binary_state,low_BER,11200,0.0,1.0,200,0
N192_M96,binary_state,low_BER,11300,0.0,1.0,200,0
N192_M96,binary_state,low_BER,11400,0.0,1.0,200,0
N192_M96,binary_state,low_BER,11500,0.0,1.0,200,0
N192_M96,binary_state,low_BER,11600,0.0,1.0,200,0
N192_M96,binary_state,low_BER,11700,0.0,1.0,200,0
N192_M96,binary_state,low_BER,11800,0.0,1.0,200,0
N192_M96,binary_state,low_BER,11900,0.0,1.0,200,0
N192_M96,binary_state,low_BER,12000,0.0,1.0,200,0
N192_M96,binary_state,low_BER,12100,0.0,1.0,200,0
N192_M96,binary_state,low_BER,12200,0.0,1.0,200,0
N192_M96,binary_state,low_BER,12300,0.0,1.0,200,0
N192_M96,binary_state,low_BER,12400,0.0,1.0,200,0
N192_M96,binary_state,low_BER,12500,0.0,1.0,200,0
N192_M96,binary_state,low_BER,12600,0.0,1.0,200,0
N192_M96,binary_state,low_BER,12700,0.0,1.0,200,0
N192_M96,binary_state,low_BER,12800,0.0,1.0,200,0
N192_M96,binary_state,low_BER,12900,0.0,1.0,200,0
N192_M96,binary_state,low_BER,13000,0.0,1.0,200,0
N192_M96,binary_state,low_BER,13100,0.0,1.0,200,0
N192_M96,binary_state,low_BER,13200,0.0,1.0,200,0
N192_M96,binary_state,low_BER,13300,0.0,1.0,200,0
N192_M96,binary_state,low_BER,13400,0.0,1.0,200,0
N192_M96,binary_state,low_BER,13500,0.0,1.0,200,0
N192_M96,binary_state,low_BER,13600,0.0,1.0,200,0
N192_M96,binary_state,low_BER,13700,0.0,1.0,200,0
N192_M96,binary_state,low_BER,13800,0.0,1.0,200,0
N192_M96,binary_state,low_BER,13900,0.0,1.0,200,0
N192_M96,binary_state,low_BER,14000,0.0,1.0,200,0
N192_M96,binary_state,low_BER,14100,0.0,1.0,200,0
N192_M96,binary_state,low_BER,14200,0.0,1.0,200,0
N192_M96,binary_state,low_BER,14300,0.0,1.0,200,0
N192_M96,binary_state,low_BER,14400,0.0,1.0,200,0
N192_M96,binary_state,low_BER,14500,0.0,1.0,200,0
N192_M96,binary_state,low_BER,14600,0.0,1.0,200,0
N192_M96,binary_state,low_BER,14700,0.0,1.0,200,0
N192_M96,binary_state,low_BER,14800,0.0,1.0,200,0
N192_M96,binary_state,low_BER,14900,0.0,1.0,200,0
N192_M96,binary_state,low_BER,15000,0.0,1.0,200,0
N192_M96,binary_state,low_BER,15100,0.0,1.0,200,0
N192_M96,binary_state,low_BER,15200,0.0,1.0,200,0
N192_M96,binary_state,low_BER,15300,0.0,1.0,200,0
N192_M96,binary_state,low_BER,15400,0.0,1.0,200,0
N192_M96,binary_state,low_BER,15500,0.0,1.0,200,0
N192_M96,binary_state,low_BER,15600,0.0,1.0,200,0
N192_M96,binary_state,low_BER,15700,0.0,1.0,200,0
N192_M96,binary_state,low_BER,15800,0.0,1.0,200,0
N192_M96,binary_state,low_BER,15900,0.0,1.0,200,0
N192_M96,binary_state,low_BER,16000,0.0,1.0,200,0
N192_M96,binary_state,low_BER,16100,0.0,1.0,200,0
N192_M96,binary_state,low_BER,16200,0.0,1.0,200,0
N192_M96,binary_state,low_BER,16300,0.0,1.0,200,0
N192_M96,binary_state,low_BER,16400,0.0,1.0,200,0
N192_M96,binary_state,low_BER,16500,0.0,1.0,200,0
N192_M96,binary_state,low_BER,16600,0.0,1.0,200,0
N192_M96,binary_state,low_BER,16700,0.0,1.0,200,0
N192_M96,binary_state,low_BER,16800,0.0,1.0,200,0
N192_M96,binary_state,low_BER,16900,0.0,1.0,200,0
N192_M96,binary_state,low_BER,17000,0.0,1.0,200,0
N192_M96,binary_state,low_BER,17100,0.0,1.0,200,0
N192_M96,binary_state,low_BER,17200,0.0,1.0,200,0
N192_M96,binary_state,low_BER,17300,0.0,1.0,200,0
N192_M96,binary_state,low_BER,17400,0.0,1.0,200,0
N192_M96,binary_state,low_BER,17500,0.0,1.0,200,0
N192_M96,binary_state,low_BER,17600,0.0,1.0,200,0
N192_M96,binary_state,low_BER,17700,0.0,1.0,200,0
N192_M96,binary_state,low_BER,17800,0.0,1.0,200,0
N192_M96,binary_state,low_BER,17900,0.0,1.0,200,0
N192_M96,binary_state,low_BER,18000,0.0,1.0,200,0
N192_M96,binary_state,low_BER,18100,0.0,1.0,200,0
N192_M96,binary_state,low_BER,18200,0.0,1.0,200,0
N192_M96,binary_state,low_BER,18300,0.0,1.0,200,0
N192_M96,binary_state,low_BER,18400,0.0,1.0,200,0
N192_M96,binary_state,low_BER,18500,0.0,1.0,200,0
N192_M96,binary_state,low_BER,18600,0.0,1.0,200,0
N192_M96,binary_state,low_BER,18700,0.0,1.0,200,0
N192_M96,binary_state,low_BER,18800,0.0,1.0,200,0
N192_M96,binary_state,low_BER,18900,0.0,1.0,200,0
N192_M96,binary_state,low_BER,19000,0.0,1.0,200,0
N192_M96,binary_state,low_BER,19100,0.0,1.0,200,0
N192_M96,binary_state,low_BER,19200,0.0,1.0,200,0
N192_M96,binary_state,relaxed_basin,0,0.0,1.0,200,0
N192_M96,binary_state,relaxed_basin,100,0.0,1.0,200,0
N192_M96,binary_state,relaxed_basin,200,0.0,1.0,200,0
N192_M96,binary_state,relaxed_basin,300,0.0,1.0,200,0
N192_M96,binary_state,relaxed_basin,400,0.0,1.0,200,0
N192_M96,binary_state,relaxed_basin,500,0.0,1.0,200,0
N192_M96,binary_state,relaxed_basin,600,0.0,1.0,200,0
N192_M96,binary_state,relaxed_basin,700,0.0,1.0,200,0
N192_M96,binary_state,relaxed_basin,800,0.0,1.0,200,0
N192_M96,binary_state,relaxed_basin,900,0.0,1.0,200,0
N192_M96,binary_state,relaxed_basin,1000,0.0,1.0,200,0
N192_M96,binary_state,relaxed_basin,1100,0.0,1.0,200,0
N192_M96,binary_state,relaxed_basin,1200,0.0,1.0,200,0
N192_M96,binary_state,relaxed_basin,1300,0.0,1.0,200,0
N192_M96,binary_state,relaxed_basin,1400,0.0,1.0,200,0
N192_M96,binary_state,relaxed_basin,1500,0.0,1.0,200,0
N192_M96,binary_state,relaxed_basin,1600,0.0,1.0,200,0
N192_M96,binary_state,relaxed_basin,1700,0.0,1.0,200,0
N192_M96,binary_state,relaxed_basin,1800,0.0,1.0,200,0
N192_M96,binary_state,relaxed_basin,1900,0.0,1.0,200,0
N192_M96,binary_state,relaxed_basin,2000,0.0,1.0,200,0
N192_M96,binary_state,relaxed_basin,2100,0.0,1.0,200,0
N192_M96,binary_state,relaxed_basin,2200,0.0,1.0,200,0
N192_M96,binary_state,relaxed_basin,2300,0.0,1.0,200,0
N192_M96,binary_state,relaxed_basin,2400,0.0,1.0,200,0
N192_M96,binary_state,relaxed_basin,2500,0.0,1.0,200,0
N192_M96,binary_state,relaxed_basin,2600,0.0,1.0,200,0
N192_M96,binary_state,relaxed_basin,2700,0.0,1.0,200,0
N192_M96,binary_state,relaxed_basin,2800,0.0,1.0,200,0
N192_M96,binary_state,relaxed_basin,2900,0.0,1.0,200,0
N192_M96,binary_state,relaxed_basin,3000,0.0,1.0,200,0
N192_M96,binary_state,relaxed_basin,3100,0.0,1.0,200,0
N192_M96,binary_state,relaxed_basin,3200,0.0,1.0,200,0
N192_M96,binary_state,relaxed_basin,3300,0.0,1.0,200,0
N192_M96,binary_state,relaxed_basin,3400,0.0,1.0,200,0
N192_M96,binary_state,relaxed_basin,3500,0.0,1.0,200,0
N192_M96,binary_state,relaxed_basin,3600,0.0,1.0,200,0
N192_M96,binary_state,relaxed_basin,3700,0.0,1.0,200,0
N192_M96,binary_state,relaxed_basin,3800,0.0,1.0,200,0
N192_M96,binary_state,relaxed_basin,3900,0.0,1.0,200,0
N192_M96,binary_state,relaxed_basin,4000,0.0,1.0,200,0
N192_M96,binary_state,relaxed_basin,4100,0.0,1.0,200,0
N192_M96,binary_state,relaxed_basin,4200,0.0,1.0,200,0
N192_M96,binary_state,relaxed_basin,4300,0.0,1.0,200,0
N192_M96,binary_state,relaxed_basin,4400,0.0,1.0,200,0
N192_M96,binary_state,relaxed_basin,4500,0.0,1.0,200,0
N192_M96,binary_state,relaxed_basin,4600,0.0,1.0,200,0
N192_M96,binary_state,relaxed_basin,4700,0.0,1.0,200,0
N192_M96,binary_state,relaxed_basin,4800,0.0,1.0,200,0
N192_M96,binary_state,relaxed_basin,4900,0.0,1.0,200,0
N192_M96,binary_state,relaxed_basin,5000,0.0,1.0,200,0
N192_M96,binary_state,relaxed_basin,5100,0.0,1.0,200,0
N192_M96,binary_state,relaxed_basin,5200,0.0,1.0,200,0
N192_M96,binary_state,relaxed_basin,5300,0.0,1.0,200,0
N192_M96,binary_state,relaxed_basin,5400,0.0,1.0,200,0
N192_M96,binary_state,relaxed_basin,5500,0.0,1.0,200,0
N192_M96,binary_state,relaxed_basin,5600,0.0,1.0,200,0
N192_M96,binary_state,relaxed_basin,5700,0.0,1.0,200,0
N192_M96,binary_state,relaxed_basin,5800,0.0,1.0,200,0
N192_M96,binary_state,relaxed_basin,5900,0.0,1.0,200,0
N192_M96,binary_state,relaxed_basin,6000,0.0,1.0,200,0
N192_M96,binary_state,relaxed_basin,6100,0.0,1.0,200,0
N192_M96,binary_state,relaxed_basin,6200,0.0,1.0,200,0
N192_M96,binary_state,relaxed_basin,6300,0.0,1.0,200,0
N192_M96,binary_state,relaxed_basin,6400,0.0,1.0,200,0
N192_M96,binary_state,relaxed_basin,6500,0.0,1.0,200,0
N192_M96,binary_state,relaxed_basin,6600,0.0,1.0,200,0
N192_M96,binary_state,relaxed_basin,6700,0.0,1.0,200,0
N192_M96,binary_state,relaxed_basin,6800,0.0,1.0,200,0
N192_M96,binary_state,relaxed_basin,6900,0.0,1.0,200,0
N192_M96,binary_state,relaxed_basin,7000,0.0,1.0,200,0
N192_M96,binary_state,relaxed_basin,7100,0.0,1.0,200,0
N192_M96,binary_state,relaxed_basin,7200,0.0,1.0,200,0
N192_M96,binary_state,relaxed_basin,7300,0.0,1.0,200,0
N192_M96,binary_state,relaxed_basin,7400,0.0,1.0,200,0
N192_M96,binary_state,relaxed_basin,7500,0.0,1.0,200,0
N192_M96,binary_state,relaxed_basin,7600,0.0,1.0,200,0
N192_M96,binary_state,relaxed_basin,7700,0.0,1.0,200,0
N192_M96,binary_state,relaxed_basin,7800,0.0,1.0,200,0
N192_M96,binary_state,relaxed_basin,7900,0.0,1.0,200,0
N192_M96,binary_state,relaxed_basin,8000,0.0,1.0,200,0
N192_M96,binary_state,relaxed_basin,8100,0.0,1.0,200,0
N192_M96,binary_state,relaxed_basin,8200,0.0,1.0,200,0
N192_M96,binary_state,relaxed_basin,8300,0.0,1.0,200,0
N192_M96,binary_state,relaxed_basin,8400,0.0,1.0,200,0
N192_M96,binary_state,relaxed_basin,8500,0.0,1.0,200,0
N192_M96,binary_state,relaxed_basin,8600,0.0,1.0,200,0
N192_M96,binary_state,relaxed_basin,8700,0.0,1.0,200,0
N192_M96,binary_state,relaxed_basin,8800,0.0,1.0,200,0
N192_M96,binary_state,relaxed_basin,8900,0.0,1.0,200,0
N192_M96,binary_state,relaxed_basin,9000,0.0,1.0,200,0
N192_M96,binary_state,relaxed_basin,9100,0.0,1.0,200,0
N192_M96,binary_state,relaxed_basin,9200,0.0,1.0,200,0
N192_M96,binary_state,relaxed_basin,9300,0.0,1.0,200,0
N192_M96,binary_state,relaxed_basin,9400,0.0,1.0,200,0
N192_M96,binary_state,relaxed_basin,9500,0.0,1.0,200,0
N192_M96,binary_state,relaxed_basin,9600,0.0,1.0,200,0
N192_M96,binary_state,relaxed_basin,9700,0.0,1.0,200,0
N192_M96,binary_state,relaxed_basin,9800,0.0,1.0,200,0
N192_M96,binary_state,relaxed_basin,9900,0.0,1.0,200,0
N192_M96,binary_state,relaxed_basin,10000,0.0,1.0,200,0
N192_M96,binary_state,relaxed_basin,10100,0.0,1.0,200,0
N192_M96,binary_state,relaxed_basin,10200,0.0,1.0,200,0
N192_M96,binary_state,relaxed_basin,10300,0.0,1.0,200,0
N192_M96,binary_state,relaxed_basin,10400,0.0,1.0,200,0
N192_M96,binary_state,relaxed_basin,10500,0.0,1.0,200,0
N192_M96,binary_state,relaxed_basin,10600,0.0,1.0,200,0
N192_M96,binary_state,relaxed_basin,10700,0.0,1.0,200,0
N192_M96,binary_state,relaxed_basin,10800,0.0,1.0,200,0
N192_M96,binary_state,relaxed_basin,10900,0.0,1.0,200,0
N192_M96,binary_state,relaxed_basin,11000,0.0,1.0,200,0
N192_M96,binary_state,relaxed_basin,11100,0.0,1.0,200,0
N192_M96,binary_state,relaxed_basin,11200,0.0,1.0,200,0
N192_M96,binary_state,relaxed_basin,11300,0.0,1.0,200,0
N192_M96,binary_state,relaxed_basin,11400,0.0,1.0,200,0
N192_M96,binary_state,relaxed_basin,11500,0.0,1.0,200,0
N192_M96,binary_state,relaxed_basin,11600,0.0,1.0,200,0
N192_M96,binary_state,relaxed_basin,11700,0.0,1.0,200,0
N192_M96,binary_state,relaxed_basin,11800,0.0,1.0,200,0
N192_M96,binary_state,relaxed_basin,11900,0.0,1.0,200,0
N192_M96,binary_state,relaxed_basin,12000,0.0,1.0,200,0
N192_M96,binary_state,relaxed_basin,12100,0.0,1.0,200,0
N192_M96,binary_state,relaxed_basin,12200,0.0,1.0,200,0
N192_M96,binary_state,relaxed_basin,12300,0.0,1.0,200,0
N192_M96,binary_state,relaxed_basin,12400,0.0,1.0,200,0
N192_M96,binary_state,relaxed_basin,12500,0.0,1.0,200,0
N192_M96,binary_state,relaxed_basin,12600,0.0,1.0,200,0
N192_M96,binary_state,relaxed_basin,12700,0.0,1.0,200,0
N192_M96,binary_state,relaxed_basin,12800,0.0,1.0,200,0
N192_M96,binary_state,relaxed_basin,12900,0.0,1.0,200,0
N192_M96,binary_state,relaxed_basin,13000,0.0,1.0,200,0
N192_M96,binary_state,relaxed_basin,13100,0.0,1.0,200,0
N192_M96,binary_state,relaxed_basin,13200,0.0,1.0,200,0
N192_M96,binary_state,relaxed_basin,13300,0.0,1.0,200,0
N192_M96,binary_state,relaxed_basin,13400,0.0,1.0,200,0
N192_M96,binary_state,relaxed_basin,13500,0.0,1.0,200,0
N192_M96,binary_state,relaxed_basin,13600,0.0,1.0,200,0
N192_M96,binary_state,relaxed_basin,13700,0.0,1.0,200,0
N192_M96,binary_state,relaxed_basin,13800,0.0,1.0,200,0
N192_M96,binary_state,relaxed_basin,13900,0.0,1.0,200,0
N192_M96,binary_state,relaxed_basin,14000,0.0,1.0,200,0
N192_M96,binary_state,relaxed_basin,14100,0.0,1.0,200,0
N192_M96,binary_state,relaxed_basin,14200,0.0,1.0,200,0
N192_M96,binary_state,relaxed_basin,14300,0.0,1.0,200,0
N192_M96,binary_state,relaxed_basin,14400,0.0,1.0,200,0
N192_M96,binary_state,relaxed_basin,14500,0.0,1.0,200,0
N192_M96,binary_state,relaxed_basin,14600,0.0,1.0,200,0
N192_M96,binary_state,relaxed_basin,14700,0.0,1.0,200,0
N192_M96,binary_state,relaxed_basin,14800,0.0,1.0,200,0
N192_M96,binary_state,relaxed_basin,14900,0.0,1.0,200,0
N192_M96,binary_state,relaxed_basin,15000,0.0,1.0,200,0
N192_M96,binary_state,relaxed_basin,15100,0.0,1.0,200,0
N192_M96,binary_state,relaxed_basin,15200,0.0,1.0,200,0
N192_M96,binary_state,relaxed_basin,15300,0.0,1.0,200,0
N192_M96,binary_state,relaxed_basin,15400,0.0,1.0,200,0
N192_M96,binary_state,relaxed_basin,15500,0.0,1.0,200,0
N192_M96,binary_state,relaxed_basin,15600,0.0,1.0,200,0
N192_M96,binary_state,relaxed_basin,15700,0.0,1.0,200,0
N192_M96,binary_state,relaxed_basin,15800,0.0,1.0,200,0
N192_M96,binary_state,relaxed_basin,15900,0.0,1.0,200,0
N192_M96,binary_state,relaxed_basin,16000,0.0,1.0,200,0
N192_M96,binary_state,relaxed_basin,16100,0.0,1.0,200,0
N192_M96,binary_state,relaxed_basin,16200,0.0,1.0,200,0
N192_M96,binary_state,relaxed_basin,16300,0.0,1.0,200,0
N192_M96,binary_state,relaxed_basin,16400,0.0,1.0,200,0
N192_M96,binary_state,relaxed_basin,16500,0.0,1.0,200,0
N192_M96,binary_state,relaxed_basin,16600,0.0,1.0,200,0
N192_M96,binary_state,relaxed_basin,16700,0.0,1.0,200,0
N192_M96,binary_state,relaxed_basin,16800,0.0,1.0,200,0
N192_M96,binary_state,relaxed_basin,16900,0.0,1.0,200,0
N192_M96,binary_state,relaxed_basin,17000,0.0,1.0,200,0
N192_M96,binary_state,relaxed_basin,17100,0.0,1.0,200,0
N192_M96,binary_state,relaxed_basin,17200,0.0,1.0,200,0
N192_M96,binary_state,relaxed_basin,17300,0.0,1.0,200,0
N192_M96,binary_state,relaxed_basin,17400,0.0,1.0,200,0
N192_M96,binary_state,relaxed_basin,17500,0.0,1.0,200,0
N192_M96,binary_state,relaxed_basin,17600,0.0,1.0,200,0
N192_M96,binary_state,relaxed_basin,17700,0.0,1.0,200,0
N192_M96,binary_state,relaxed_basin,17800,0.0,1.0,200,0
N192_M96,binary_state,relaxed_basin,17900,0.0,1.0,200,0
N192_M96,binary_state,relaxed_basin,18000,0.0,1.0,200,0
N192_M96,binary_state,relaxed_basin,18100,0.0,1.0,200,0
N192_M96,binary_state,relaxed_basin,18200,0.0,1.0,200,0
N192_M96,binary_state,relaxed_basin,18300,0.0,1.0,200,0
N192_M96,binary_state,relaxed_basin,18400,0.0,1.0,200,0
N192_M96,binary_state,relaxed_basin,18500,0.0,1.0,200,0
N192_M96,binary_state,relaxed_basin,18600,0.0,1.0,200,0
N192_M96,binary_state,relaxed_basin,18700,0.0,1.0,200,0
N192_M96,binary_state,relaxed_basin,18800,0.0,1.0,200,0
N192_M96,binary_state,relaxed_basin,18900,0.0,1.0,200,0
N192_M96,binary_state,relaxed_basin,19000,0.0,1.0,200,0
N192_M96,binary_state,relaxed_basin,19100,0.0,1.0,200,0
N192_M96,binary_state,relaxed_basin,19200,0.0,1.0,200,0
N192_M96,binary_state,wrong_valid,0,0.0,1.0,200,200
N192_M96,binary_state,wrong_valid,100,1.0,0.0,200,200
N192_M96,binary_state,wrong_valid,200,1.0,0.0,200,200
N192_M96,binary_state,wrong_valid,300,1.0,0.0,200,200
N192_M96,binary_state,wrong_valid,400,1.0,0.0,200,200
N192_M96,binary_state,wrong_valid,500,1.0,0.0,200,200
N192_M96,binary_state,wrong_valid,600,1.0,0.0,200,200
N192_M96,binary_state,wrong_valid,700,1.0,0.0,200,200
N192_M96,binary_state,wrong_valid,800,1.0,0.0,200,200
N192_M96,binary_state,wrong_valid,900,1.0,0.0,200,200
N192_M96,binary_state,wrong_valid,1000,1.0,0.0,200,200
N192_M96,binary_state,wrong_valid,1100,1.0,0.0,200,200
N192_M96,binary_state,wrong_valid,1200,1.0,0.0,200,200
N192_M96,binary_state,wrong_valid,1300,1.0,0.0,200,200
N192_M96,binary_state,wrong_valid,1400,1.0,0.0,200,200
N192_M96,binary_state,wrong_valid,1500,1.0,0.0,200,200
N192_M96,binary_state,wrong_valid,1600,1.0,0.0,200,200
N192_M96,binary_state,wrong_valid,1700,1.0,0.0,200,200
N192_M96,binary_state,wrong_valid,1800,1.0,0.0,200,200
N192_M96,binary_state,wrong_valid,1900,1.0,0.0,200,200
N192_M96,binary_state,wrong_valid,2000,1.0,0.0,200,200
N192_M96,binary_state,wrong_valid,2100,1.0,0.0,200,200
N192_M96,binary_state,wrong_valid,2200,1.0,0.0,200,200
N192_M96,binary_state,wrong_valid,2300,1.0,0.0,200,200
N192_M96,binary_state,wrong_valid,2400,1.0,0.0,200,200
N192_M96,binary_state,wrong_valid,2500,1.0,0.0,200,200
N192_M96,binary_state,wrong_valid,2600,1.0,0.0,200,200
N192_M96,binary_state,wrong_valid,2700,1.0,0.0,200,200
N192_M96,binary_state,wrong_valid,2800,1.0,0.0,200,200
N192_M96,binary_state,wrong_valid,2900,1.0,0.0,200,200
N192_M96,binary_state,wrong_valid,3000,1.0,0.0,200,200
N192_M96,binary_state,wrong_valid,3100,1.0,0.0,200,200
N192_M96,binary_state,wrong_valid,3200,1.0,0.0,200,200
N192_M96,binary_state,wrong_valid,3300,1.0,0.0,200,200
N192_M96,binary_state,wrong_valid,3400,1.0,0.0,200,200
N192_M96,binary_state,wrong_valid,3500,1.0,0.0,200,200
N192_M96,binary_state,wrong_valid,3600,1.0,0.0,200,200
N192_M96,binary_state,wrong_valid,3700,1.0,0.0,200,200
N192_M96,binary_state,wrong_valid,3800,1.0,0.0,200,200
N192_M96,binary_state,wrong_valid,3900,1.0,0.0,200,200
N192_M96,binary_state,wrong_valid,4000,1.0,0.0,200,200
N192_M96,binary_state,wrong_valid,4100,1.0,0.0,200,200
N192_M96,binary_state,wrong_valid,4200,1.0,0.0,200,200
N192_M96,binary_state,wrong_valid,4300,1.0,0.0,200,200
N192_M96,binary_state,wrong_valid,4400,1.0,0.0,200,200
N192_M96,binary_state,wrong_valid,4500,1.0,0.0,200,200
N192_M96,binary_state,wrong_valid,4600,1.0,0.0,200,200
N192_M96,binary_state,wrong_valid,4700,1.0,0.0,200,200
N192_M96,binary_state,wrong_valid,4800,1.0,0.0,200,200
N192_M96,binary_state,wrong_valid,4900,1.0,0.0,200,200
N192_M96,binary_state,wrong_valid,5000,1.0,0.0,200,200
N192_M96,binary_state,wrong_valid,5100,1.0,0.0,200,200
N192_M96,binary_state,wrong_valid,5200,1.0,0.0,200,200
N192_M96,binary_state,wrong_valid,5300,1.0,0.0,200,200
N192_M96,binary_state,wrong_valid,5400,1.0,0.0,200,200
N192_M96,binary_state,wrong_valid,5500,1.0,0.0,200,200
N192_M96,binary_state,wrong_valid,5600,1.0,0.0,200,200
N192_M96,binary_state,wrong_valid,5700,1.0,0.0,200,200
N192_M96,binary_state,wrong_valid,5800,1.0,0.0,200,200
N192_M96,binary_state,wrong_valid,5900,1.0,0.0,200,200
N192_M96,binary_state,wrong_valid,6000,1.0,0.0,200,200
N192_M96,binary_state,wrong_valid,6100,1.0,0.0,200,200
N192_M96,binary_state,wrong_valid,6200,1.0,0.0,200,200
N192_M96,binary_state,wrong_valid,6300,1.0,0.0,200,200
N192_M96,binary_state,wrong_valid,6400,1.0,0.0,200,200
N192_M96,binary_state,wrong_valid,6500,1.0,0.0,200,200
N192_M96,binary_state,wrong_valid,6600,1.0,0.0,200,200
N192_M96,binary_state,wrong_valid,6700,1.0,0.0,200,200
N192_M96,binary_state,wrong_valid,6800,1.0,0.0,200,200
N192_M96,binary_state,wrong_valid,6900,1.0,0.0,200,200
N192_M96,binary_state,wrong_valid,7000,1.0,0.0,200,200
N192_M96,binary_state,wrong_valid,7100,1.0,0.0,200,200
N192_M96,binary_state,wrong_valid,7200,1.0,0.0,200,200
N192_M96,binary_state,wrong_valid,7300,1.0,0.0,200,200
N192_M96,binary_state,wrong_valid,7400,1.0,0.0,200,200
N192_M96,binary_state,wrong_valid,7500,1.0,0.0,200,200
N192_M96,binary_state,wrong_valid,7600,1.0,0.0,200,200
N192_M96,binary_state,wrong_valid,7700,1.0,0.0,200,200
N192_M96,binary_state,wrong_valid,7800,1.0,0.0,200,200
N192_M96,binary_state,wrong_valid,7900,1.0,0.0,200,200
N192_M96,binary_state,wrong_valid,8000,1.0,0.0,200,200
N192_M96,binary_state,wrong_valid,8100,1.0,0.0,200,200
N192_M96,binary_state,wrong_valid,8200,1.0,0.0,200,200
N192_M96,binary_state,wrong_valid,8300,1.0,0.0,200,200
N192_M96,binary_state,wrong_valid,8400,1.0,0.0,200,200
N192_M96,binary_state,wrong_valid,8500,1.0,0.0,200,200
N192_M96,binary_state,wrong_valid,8600,1.0,0.0,200,200
N192_M96,binary_state,wrong_valid,8700,1.0,0.0,200,200
N192_M96,binary_state,wrong_valid,8800,1.0,0.0,200,200
N192_M96,binary_state,wrong_valid,8900,1.0,0.0,200,200
N192_M96,binary_state,wrong_valid,9000,1.0,0.0,200,200
N192_M96,binary_state,wrong_valid,9100,1.0,0.0,200,200
N192_M96,binary_state,wrong_valid,9200,1.0,0.0,200,200
N192_M96,binary_state,wrong_valid,9300,1.0,0.0,200,200
N192_M96,binary_state,wrong_valid,9400,1.0,0.0,200,200
N192_M96,binary_state,wrong_valid,9500,1.0,0.0,200,200
N192_M96,binary_state,wrong_valid,9600,1.0,0.0,200,200
N192_M96,binary_state,wrong_valid,9700,1.0,0.0,200,200
N192_M96,binary_state,wrong_valid,9800,1.0,0.0,200,200
N192_M96,binary_state,wrong_valid,9900,1.0,0.0,200,200
N192_M96,binary_state,wrong_valid,10000,1.0,0.0,200,200
N192_M96,binary_state,wrong_valid,10100,1.0,0.0,200,200
N192_M96,binary_state,wrong_valid,10200,1.0,0.0,200,200
N192_M96,binary_state,wrong_valid,10300,1.0,0.0,200,200
N192_M96,binary_state,wrong_valid,10400,1.0,0.0,200,200
N192_M96,binary_state,wrong_valid,10500,1.0,0.0,200,200
N192_M96,binary_state,wrong_valid,10600,1.0,0.0,200,200
N192_M96,binary_state,wrong_valid,10700,1.0,0.0,200,200
N192_M96,binary_state,wrong_valid,10800,1.0,0.0,200,200
N192_M96,binary_state,wrong_valid,10900,1.0,0.0,200,200
N192_M96,binary_state,wrong_valid,11000,1.0,0.0,200,200
N192_M96,binary_state,wrong_valid,11100,1.0,0.0,200,200
N192_M96,binary_state,wrong_valid,11200,1.0,0.0,200,200
N192_M96,binary_state,wrong_valid,11300,1.0,0.0,200,200
N192_M96,binary_state,wrong_valid,11400,1.0,0.0,200,200
N192_M96,binary_state,wrong_valid,11500,1.0,0.0,200,200
N192_M96,binary_state,wrong_valid,11600,1.0,0.0,200,200
N192_M96,binary_state,wrong_valid,11700,1.0,0.0,200,200
N192_M96,binary_state,wrong_valid,11800,1.0,0.0,200,200
N192_M96,binary_state,wrong_valid,11900,1.0,0.0,200,200
N192_M96,binary_state,wrong_valid,12000,1.0,0.0,200,200
N192_M96,binary_state,wrong_valid,12100,1.0,0.0,200,200
N192_M96,binary_state,wrong_valid,12200,1.0,0.0,200,200
N192_M96,binary_state,wrong_valid,12300,1.0,0.0,200,200
N192_M96,binary_state,wrong_valid,12400,1.0,0.0,200,200
N192_M96,binary_state,wrong_valid,12500,1.0,0.0,200,200
N192_M96,binary_state,wrong_valid,12600,1.0,0.0,200,200
N192_M96,binary_state,wrong_valid,12700,1.0,0.0,200,200
N192_M96,binary_state,wrong_valid,12800,1.0,0.0,200,200
N192_M96,binary_state,wrong_valid,12900,1.0,0.0,200,200
N192_M96,binary_state,wrong_valid,13000,1.0,0.0,200,200
N192_M96,binary_state,wrong_valid,13100,1.0,0.0,200,200
N192_M96,binary_state,wrong_valid,13200,1.0,0.0,200,200
N192_M96,binary_state,wrong_valid,13300,1.0,0.0,200,200
N192_M96,binary_state,wrong_valid,13400,1.0,0.0,200,200
N192_M96,binary_state,wrong_valid,13500,1.0,0.0,200,200
N192_M96,binary_state,wrong_valid,13600,1.0,0.0,200,200
N192_M96,binary_state,wrong_valid,13700,1.0,0.0,200,200
N192_M96,binary_state,wrong_valid,13800,1.0,0.0,200,200
N192_M96,binary_state,wrong_valid,13900,1.0,0.0,200,200
N192_M96,binary_state,wrong_valid,14000,1.0,0.0,200,200
N192_M96,binary_state,wrong_valid,14100,1.0,0.0,200,200
N192_M96,binary_state,wrong_valid,14200,1.0,0.0,200,200
N192_M96,binary_state,wrong_valid,14300,1.0,0.0,200,200
N192_M96,binary_state,wrong_valid,14400,1.0,0.0,200,200
N192_M96,binary_state,wrong_valid,14500,1.0,0.0,200,200
N192_M96,binary_state,wrong_valid,14600,1.0,0.0,200,200
N192_M96,binary_state,wrong_valid,14700,1.0,0.0,200,200
N192_M96,binary_state,wrong_valid,14800,1.0,0.0,200,200
N192_M96,binary_state,wrong_valid,14900,1.0,0.0,200,200
N192_M96,binary_state,wrong_valid,15000,1.0,0.0,200,200
N192_M96,binary_state,wrong_valid,15100,1.0,0.0,200,200
N192_M96,binary_state,wrong_valid,15200,1.0,0.0,200,200
N192_M96,binary_state,wrong_valid,15300,1.0,0.0,200,200
N192_M96,binary_state,wrong_valid,15400,1.0,0.0,200,200
N192_M96,binary_state,wrong_valid,15500,1.0,0.0,200,200
N192_M96,binary_state,wrong_valid,15600,1.0,0.0,200,200
N192_M96,binary_state,wrong_valid,15700,1.0,0.0,200,200
N192_M96,binary_state,wrong_valid,15800,1.0,0.0,200,200
N192_M96,binary_state,wrong_valid,15900,1.0,0.0,200,200
N192_M96,binary_state,wrong_valid,16000,1.0,0.0,200,200
N192_M96,binary_state,wrong_valid,16100,1.0,0.0,200,200
N192_M96,binary_state,wrong_valid,16200,1.0,0.0,200,200
N192_M96,binary_state,wrong_valid,16300,1.0,0.0,200,200
N192_M96,binary_state,wrong_valid,16400,1.0,0.0,200,200
N192_M96,binary_state,wrong_valid,16500,1.0,0.0,200,200
N192_M96,binary_state,wrong_valid,16600,1.0,0.0,200,200
N192_M96,binary_state,wrong_valid,16700,1.0,0.0,200,200
N192_M96,binary_state,wrong_valid,16800,1.0,0.0,200,200
N192_M96,binary_state,wrong_valid,16900,1.0,0.0,200,200
N192_M96,binary_state,wrong_valid,17000,1.0,0.0,200,200
N192_M96,binary_state,wrong_valid,17100,1.0,0.0,200,200
N192_M96,binary_state,wrong_valid,17200,1.0,0.0,200,200
N192_M96,binary_state,wrong_valid,17300,1.0,0.0,200,200
N192_M96,binary_state,wrong_valid,17400,1.0,0.0,200,200
N192_M96,binary_state,wrong_valid,17500,1.0,0.0,200,200
N192_M96,binary_state,wrong_valid,17600,1.0,0.0,200,200
N192_M96,binary_state,wrong_valid,17700,1.0,0.0,200,200
N192_M96,binary_state,wrong_valid,17800,1.0,0.0,200,200
N192_M96,binary_state,wrong_valid,17900,1.0,0.0,200,200
N192_M96,binary_state,wrong_valid,18000,1.0,0.0,200,200
N192_M96,binary_state,wrong_valid,18100,1.0,0.0,200,200
N192_M96,binary_state,wrong_valid,18200,1.0,0.0,200,200
N192_M96,binary_state,wrong_valid,18300,1.0,0.0,200,200
N192_M96,binary_state,wrong_valid,18400,1.0,0.0,200,200
N192_M96,binary_state,wrong_valid,18500,1.0,0.0,200,200
N192_M96,binary_state,wrong_valid,18600,1.0,0.0,200,200
N192_M96,binary_state,wrong_valid,18700,1.0,0.0,200,200
N192_M96,binary_state,wrong_valid,18800,1.0,0.0,200,200
N192_M96,binary_state,wrong_valid,18900,1.0,0.0,200,200
N192_M96,binary_state,wrong_valid,19000,1.0,0.0,200,200
N192_M96,binary_state,wrong_valid,19100,1.0,0.0,200,200
N192_M96,binary_state,wrong_valid,19200,1.0,0.0,200,200
N192_M96,pSA,valid,0,0.0,1.0,200,0
N192_M96,pSA,valid,100,0.0,1.0,200,0
N192_M96,pSA,valid,200,0.0,1.0,200,0
N192_M96,pSA,valid,300,0.0,1.0,200,0
N192_M96,pSA,valid,400,0.0,1.0,200,0
N192_M96,pSA,valid,500,0.0,1.0,200,0
N192_M96,pSA,valid,600,0.0,1.0,200,0
N192_M96,pSA,valid,700,0.0,1.0,200,0
N192_M96,pSA,valid,800,0.0,1.0,200,0
N192_M96,pSA,valid,900,0.0,1.0,200,0
N192_M96,pSA,valid,1000,0.0,1.0,200,0
N192_M96,pSA,valid,1100,0.0,1.0,200,0
N192_M96,pSA,valid,1200,0.0,1.0,200,0
N192_M96,pSA,valid,1300,0.0,1.0,200,0
N192_M96,pSA,valid,1400,0.0,1.0,200,0
N192_M96,pSA,valid,1500,0.0,1.0,200,0
N192_M96,pSA,valid,1600,0.0,1.0,200,0
N192_M96,pSA,valid,1700,0.0,1.0,200,0
N192_M96,pSA,valid,1800,0.0,1.0,200,0
N192_M96,pSA,valid,1900,0.0,1.0,200,0
N192_M96,pSA,valid,2000,0.0,1.0,200,0
N192_M96,pSA,valid,2100,0.0,1.0,200,0
N192_M96,pSA,valid,2200,0.0,1.0,200,0
N192_M96,pSA,valid,2300,0.0,1.0,200,0
N192_M96,pSA,valid,2400,0.0,1.0,200,0
N192_M96,pSA,valid,2500,0.0,1.0,200,0
N192_M96,pSA,valid,2600,0.0,1.0,200,0
N192_M96,pSA,valid,2700,0.0,1.0,200,0
N192_M96,pSA,valid,2800,0.0,1.0,200,0
N192_M96,pSA,valid,2900,0.0,1.0,200,0
N192_M96,pSA,valid,3000,0.0,1.0,200,0
N192_M96,pSA,valid,3100,0.0,1.0,200,0
N192_M96,pSA,valid,3200,0.0,1.0,200,0
N192_M96,pSA,valid,3300,0.0,1.0,200,0
N192_M96,pSA,valid,3400,0.0,1.0,200,0
N192_M96,pSA,valid,3500,0.0,1.0,200,0
N192_M96,pSA,valid,3600,0.0,1.0,200,0
N192_M96,pSA,valid,3700,0.0,1.0,200,0
N192_M96,pSA,valid,3800,0.0,1.0,200,0
N192_M96,pSA,valid,3900,0.0,1.0,200,0
N192_M96,pSA,valid,4000,0.0,1.0,200,0
N192_M96,pSA,valid,4100,0.0,1.0,200,0
N192_M96,pSA,valid,4200,0.0,1.0,200,0
N192_M96,pSA,valid,4300,0.0,1.0,200,0
N192_M96,pSA,valid,4400,0.0,1.0,200,0
N192_M96,pSA,valid,4500,0.0,1.0,200,0
N192_M96,pSA,valid,4600,0.0,1.0,200,0
N192_M96,pSA,valid,4700,0.0,1.0,200,0
N192_M96,pSA,valid,4800,0.0,1.0,200,0
N192_M96,pSA,valid,4900,0.0,1.0,200,0
N192_M96,pSA,valid,5000,0.0,1.0,200,0
N192_M96,pSA,valid,5100,0.0,1.0,200,0
N192_M96,pSA,valid,5200,0.0,1.0,200,0
N192_M96,pSA,valid,5300,0.0,1.0,200,0
N192_M96,pSA,valid,5400,0.0,1.0,200,0
N192_M96,pSA,valid,5500,0.0,1.0,200,0
N192_M96,pSA,valid,5600,0.0,1.0,200,0
N192_M96,pSA,valid,5700,0.0,1.0,200,0
N192_M96,pSA,valid,5800,0.0,1.0,200,0
N192_M96,pSA,valid,5900,0.0,1.0,200,0
N192_M96,pSA,valid,6000,0.0,1.0,200,0
N192_M96,pSA,valid,6100,0.0,1.0,200,0
N192_M96,pSA,valid,6200,0.0,1.0,200,0
N192_M96,pSA,valid,6300,0.0,1.0,200,0
N192_M96,pSA,valid,6400,0.0,1.0,200,0
N192_M96,pSA,valid,6500,0.0,1.0,200,0
N192_M96,pSA,valid,6600,0.0,1.0,200,0
N192_M96,pSA,valid,6700,0.0,1.0,200,0
N192_M96,pSA,valid,6800,0.0,1.0,200,0
N192_M96,pSA,valid,6900,0.0,1.0,200,0
N192_M96,pSA,valid,7000,0.0,1.0,200,0
N192_M96,pSA,valid,7100,0.0,1.0,200,0
N192_M96,pSA,valid,7200,0.0,1.0,200,0
N192_M96,pSA,valid,7300,0.0,1.0,200,0
N192_M96,pSA,valid,7400,0.0,1.0,200,0
N192_M96,pSA,valid,7500,0.0,1.0,200,0
N192_M96,pSA,valid,7600,0.0,1.0,200,0
N192_M96,pSA,valid,7700,0.0,1.0,200,0
N192_M96,pSA,valid,7800,0.0,1.0,200,0
N192_M96,pSA,valid,7900,0.0,1.0,200,0
N192_M96,pSA,valid,8000,0.0,1.0,200,0
N192_M96,pSA,valid,8100,0.0,1.0,200,0
N192_M96,pSA,valid,8200,0.0,1.0,200,0
N192_M96,pSA,valid,8300,0.0,1.0,200,0
N192_M96,pSA,valid,8400,0.0,1.0,200,0
N192_M96,pSA,valid,8500,0.0,1.0,200,0
N192_M96,pSA,valid,8600,0.0,1.0,200,0
N192_M96,pSA,valid,8700,0.0,1.0,200,0
N192_M96,pSA,valid,8800,0.0,1.0,200,0
N192_M96,pSA,valid,8900,0.0,1.0,200,0
N192_M96,pSA,valid,9000,0.0,1.0,200,0
N192_M96,pSA,valid,9100,0.0,1.0,200,0
N192_M96,pSA,valid,9200,0.0,1.0,200,0
N192_M96,pSA,valid,9300,0.0,1.0,200,0
N192_M96,pSA,valid,9400,0.0,1.0,200,0
N192_M96,pSA,valid,9500,0.0,1.0,200,0
N192_M96,pSA,valid,9600,0.0,1.0,200,0
N192_M96,pSA,valid,9700,0.0,1.0,200,0
N192_M96,pSA,valid,9800,0.0,1.0,200,0
N192_M96,pSA,valid,9900,0.0,1.0,200,0
N192_M96,pSA,valid,10000,0.0,1.0,200,0
N192_M96,pSA,valid,10100,0.0,1.0,200,0
N192_M96,pSA,valid,10200,0.0,1.0,200,0
N192_M96,pSA,valid,10300,0.0,1.0,200,0
N192_M96,pSA,valid,10400,0.0,1.0,200,0
N192_M96,pSA,valid,10500,0.0,1.0,200,0
N192_M96,pSA,valid,10600,0.0,1.0,200,0
N192_M96,pSA,valid,10700,0.0,1.0,200,0
N192_M96,pSA,valid,10800,0.0,1.0,200,0
N192_M96,pSA,valid,10900,0.0,1.0,200,0
N192_M96,pSA,valid,11000,0.0,1.0,200,0
N192_M96,pSA,valid,11100,0.0,1.0,200,0
N192_M96,pSA,valid,11200,0.0,1.0,200,0
N192_M96,pSA,valid,11300,0.0,1.0,200,0
N192_M96,pSA,valid,11400,0.0,1.0,200,0
N192_M96,pSA,valid,11500,0.0,1.0,200,0
N192_M96,pSA,valid,11600,0.0,1.0,200,0
N192_M96,pSA,valid,11700,0.0,1.0,200,0
N192_M96,pSA,valid,11800,0.0,1.0,200,0
N192_M96,pSA,valid,11900,0.0,1.0,200,0
N192_M96,pSA,valid,12000,0.0,1.0,200,0
N192_M96,pSA,valid,12100,0.0,1.0,200,0
N192_M96,pSA,valid,12200,0.0,1.0,200,0
N192_M96,pSA,valid,12300,0.0,1.0,200,0
N192_M96,pSA,valid,12400,0.0,1.0,200,0
N192_M96,pSA,valid,12500,0.0,1.0,200,0
N192_M96,pSA,valid,12600,0.0,1.0,200,0
N192_M96,pSA,valid,12700,0.0,1.0,200,0
N192_M96,pSA,valid,12800,0.0,1.0,200,0
N192_M96,pSA,valid,12900,0.0,1.0,200,0
N192_M96,pSA,valid,13000,0.0,1.0,200,0
N192_M96,pSA,valid,13100,0.0,1.0,200,0
N192_M96,pSA,valid,13200,0.0,1.0,200,0
N192_M96,pSA,valid,13300,0.0,1.0,200,0
N192_M96,pSA,valid,13400,0.0,1.0,200,0
N192_M96,pSA,valid,13500,0.0,1.0,200,0
N192_M96,pSA,valid,13600,0.0,1.0,200,0
N192_M96,pSA,valid,13700,0.0,1.0,200,0
N192_M96,pSA,valid,13800,0.0,1.0,200,0
N192_M96,pSA,valid,13900,0.0,1.0,200,0
N192_M96,pSA,valid,14000,0.0,1.0,200,0
N192_M96,pSA,valid,14100,0.0,1.0,200,0
N192_M96,pSA,valid,14200,0.0,1.0,200,0
N192_M96,pSA,valid,14300,0.0,1.0,200,0
N192_M96,pSA,valid,14400,0.0,1.0,200,0
N192_M96,pSA,valid,14500,0.0,1.0,200,0
N192_M96,pSA,valid,14600,0.0,1.0,200,0
N192_M96,pSA,valid,14700,0.0,1.0,200,0
N192_M96,pSA,valid,14800,0.0,1.0,200,0
N192_M96,pSA,valid,14900,0.0,1.0,200,0
N192_M96,pSA,valid,15000,0.0,1.0,200,0
N192_M96,pSA,valid,15100,0.0,1.0,200,0
N192_M96,pSA,valid,15200,0.0,1.0,200,0
N192_M96,pSA,valid,15300,0.0,1.0,200,0
N192_M96,pSA,valid,15400,0.0,1.0,200,0
N192_M96,pSA,valid,15500,0.0,1.0,200,0
N192_M96,pSA,valid,15600,0.0,1.0,200,0
N192_M96,pSA,valid,15700,0.0,1.0,200,0
N192_M96,pSA,valid,15800,0.0,1.0,200,0
N192_M96,pSA,valid,15900,0.0,1.0,200,0
N192_M96,pSA,valid,16000,0.0,1.0,200,0
N192_M96,pSA,valid,16100,0.0,1.0,200,0
N192_M96,pSA,valid,16200,0.0,1.0,200,0
N192_M96,pSA,valid,16300,0.0,1.0,200,0
N192_M96,pSA,valid,16400,0.0,1.0,200,0
N192_M96,pSA,valid,16500,0.0,1.0,200,0
N192_M96,pSA,valid,16600,0.0,1.0,200,0
N192_M96,pSA,valid,16700,0.0,1.0,200,0
N192_M96,pSA,valid,16800,0.0,1.0,200,0
N192_M96,pSA,valid,16900,0.0,1.0,200,0
N192_M96,pSA,valid,17000,0.0,1.0,200,0
N192_M96,pSA,valid,17100,0.0,1.0,200,0
N192_M96,pSA,valid,17200,0.0,1.0,200,0
N192_M96,pSA,valid,17300,0.0,1.0,200,0
N192_M96,pSA,valid,17400,0.0,1.0,200,0
N192_M96,pSA,valid,17500,0.0,1.0,200,0
N192_M96,pSA,valid,17600,0.0,1.0,200,0
N192_M96,pSA,valid,17700,0.0,1.0,200,0
N192_M96,pSA,valid,17800,0.0,1.0,200,0
N192_M96,pSA,valid,17900,0.0,1.0,200,0
N192_M96,pSA,valid,18000,0.0,1.0,200,0
N192_M96,pSA,valid,18100,0.0,1.0,200,0
N192_M96,pSA,valid,18200,0.0,1.0,200,0
N192_M96,pSA,valid,18300,0.0,1.0,200,0
N192_M96,pSA,valid,18400,0.0,1.0,200,0
N192_M96,pSA,valid,18500,0.0,1.0,200,0
N192_M96,pSA,valid,18600,0.0,1.0,200,0
N192_M96,pSA,valid,18700,0.0,1.0,200,0
N192_M96,pSA,valid,18800,0.0,1.0,200,0
N192_M96,pSA,valid,18900,0.0,1.0,200,0
N192_M96,pSA,valid,19000,0.0,1.0,200,0
N192_M96,pSA,valid,19100,0.0,1.0,200,0
N192_M96,pSA,valid,19200,0.0,1.0,200,0
N192_M96,pSA,valid_after_nonvalid,0,0.0,1.0,200,0
N192_M96,pSA,valid_after_nonvalid,100,0.0,1.0,200,0
N192_M96,pSA,valid_after_nonvalid,200,0.0,1.0,200,0
N192_M96,pSA,valid_after_nonvalid,300,0.0,1.0,200,0
N192_M96,pSA,valid_after_nonvalid,400,0.0,1.0,200,0
N192_M96,pSA,valid_after_nonvalid,500,0.0,1.0,200,0
N192_M96,pSA,valid_after_nonvalid,600,0.0,1.0,200,0
N192_M96,pSA,valid_after_nonvalid,700,0.0,1.0,200,0
N192_M96,pSA,valid_after_nonvalid,800,0.0,1.0,200,0
N192_M96,pSA,valid_after_nonvalid,900,0.0,1.0,200,0
N192_M96,pSA,valid_after_nonvalid,1000,0.0,1.0,200,0
N192_M96,pSA,valid_after_nonvalid,1100,0.0,1.0,200,0
N192_M96,pSA,valid_after_nonvalid,1200,0.0,1.0,200,0
N192_M96,pSA,valid_after_nonvalid,1300,0.0,1.0,200,0
N192_M96,pSA,valid_after_nonvalid,1400,0.0,1.0,200,0
N192_M96,pSA,valid_after_nonvalid,1500,0.0,1.0,200,0
N192_M96,pSA,valid_after_nonvalid,1600,0.0,1.0,200,0
N192_M96,pSA,valid_after_nonvalid,1700,0.0,1.0,200,0
N192_M96,pSA,valid_after_nonvalid,1800,0.0,1.0,200,0
N192_M96,pSA,valid_after_nonvalid,1900,0.0,1.0,200,0
N192_M96,pSA,valid_after_nonvalid,2000,0.0,1.0,200,0
N192_M96,pSA,valid_after_nonvalid,2100,0.0,1.0,200,0
N192_M96,pSA,valid_after_nonvalid,2200,0.0,1.0,200,0
N192_M96,pSA,valid_after_nonvalid,2300,0.0,1.0,200,0
N192_M96,pSA,valid_after_nonvalid,2400,0.0,1.0,200,0
N192_M96,pSA,valid_after_nonvalid,2500,0.0,1.0,200,0
N192_M96,pSA,valid_after_nonvalid,2600,0.0,1.0,200,0
N192_M96,pSA,valid_after_nonvalid,2700,0.0,1.0,200,0
N192_M96,pSA,valid_after_nonvalid,2800,0.0,1.0,200,0
N192_M96,pSA,valid_after_nonvalid,2900,0.0,1.0,200,0
N192_M96,pSA,valid_after_nonvalid,3000,0.0,1.0,200,0
N192_M96,pSA,valid_after_nonvalid,3100,0.0,1.0,200,0
N192_M96,pSA,valid_after_nonvalid,3200,0.0,1.0,200,0
N192_M96,pSA,valid_after_nonvalid,3300,0.0,1.0,200,0
N192_M96,pSA,valid_after_nonvalid,3400,0.0,1.0,200,0
N192_M96,pSA,valid_after_nonvalid,3500,0.0,1.0,200,0
N192_M96,pSA,valid_after_nonvalid,3600,0.0,1.0,200,0
N192_M96,pSA,valid_after_nonvalid,3700,0.0,1.0,200,0
N192_M96,pSA,valid_after_nonvalid,3800,0.0,1.0,200,0
N192_M96,pSA,valid_after_nonvalid,3900,0.0,1.0,200,0
N192_M96,pSA,valid_after_nonvalid,4000,0.0,1.0,200,0
N192_M96,pSA,valid_after_nonvalid,4100,0.0,1.0,200,0
N192_M96,pSA,valid_after_nonvalid,4200,0.0,1.0,200,0
N192_M96,pSA,valid_after_nonvalid,4300,0.0,1.0,200,0
N192_M96,pSA,valid_after_nonvalid,4400,0.0,1.0,200,0
N192_M96,pSA,valid_after_nonvalid,4500,0.0,1.0,200,0
N192_M96,pSA,valid_after_nonvalid,4600,0.0,1.0,200,0
N192_M96,pSA,valid_after_nonvalid,4700,0.0,1.0,200,0
N192_M96,pSA,valid_after_nonvalid,4800,0.0,1.0,200,0
N192_M96,pSA,valid_after_nonvalid,4900,0.0,1.0,200,0
N192_M96,pSA,valid_after_nonvalid,5000,0.0,1.0,200,0
N192_M96,pSA,valid_after_nonvalid,5100,0.0,1.0,200,0
N192_M96,pSA,valid_after_nonvalid,5200,0.0,1.0,200,0
N192_M96,pSA,valid_after_nonvalid,5300,0.0,1.0,200,0
N192_M96,pSA,valid_after_nonvalid,5400,0.0,1.0,200,0
N192_M96,pSA,valid_after_nonvalid,5500,0.0,1.0,200,0
N192_M96,pSA,valid_after_nonvalid,5600,0.0,1.0,200,0
N192_M96,pSA,valid_after_nonvalid,5700,0.0,1.0,200,0
N192_M96,pSA,valid_after_nonvalid,5800,0.0,1.0,200,0
N192_M96,pSA,valid_after_nonvalid,5900,0.0,1.0,200,0
N192_M96,pSA,valid_after_nonvalid,6000,0.0,1.0,200,0
N192_M96,pSA,valid_after_nonvalid,6100,0.0,1.0,200,0
N192_M96,pSA,valid_after_nonvalid,6200,0.0,1.0,200,0
N192_M96,pSA,valid_after_nonvalid,6300,0.0,1.0,200,0
N192_M96,pSA,valid_after_nonvalid,6400,0.0,1.0,200,0
N192_M96,pSA,valid_after_nonvalid,6500,0.0,1.0,200,0
N192_M96,pSA,valid_after_nonvalid,6600,0.0,1.0,200,0
N192_M96,pSA,valid_after_nonvalid,6700,0.0,1.0,200,0
N192_M96,pSA,valid_after_nonvalid,6800,0.0,1.0,200,0
N192_M96,pSA,valid_after_nonvalid,6900,0.0,1.0,200,0
N192_M96,pSA,valid_after_nonvalid,7000,0.0,1.0,200,0
N192_M96,pSA,valid_after_nonvalid,7100,0.0,1.0,200,0
N192_M96,pSA,valid_after_nonvalid,7200,0.0,1.0,200,0
N192_M96,pSA,valid_after_nonvalid,7300,0.0,1.0,200,0
N192_M96,pSA,valid_after_nonvalid,7400,0.0,1.0,200,0
N192_M96,pSA,valid_after_nonvalid,7500,0.0,1.0,200,0
N192_M96,pSA,valid_after_nonvalid,7600,0.0,1.0,200,0
N192_M96,pSA,valid_after_nonvalid,7700,0.0,1.0,200,0
N192_M96,pSA,valid_after_nonvalid,7800,0.0,1.0,200,0
N192_M96,pSA,valid_after_nonvalid,7900,0.0,1.0,200,0
N192_M96,pSA,valid_after_nonvalid,8000,0.0,1.0,200,0
N192_M96,pSA,valid_after_nonvalid,8100,0.0,1.0,200,0
N192_M96,pSA,valid_after_nonvalid,8200,0.0,1.0,200,0
N192_M96,pSA,valid_after_nonvalid,8300,0.0,1.0,200,0
N192_M96,pSA,valid_after_nonvalid,8400,0.0,1.0,200,0
N192_M96,pSA,valid_after_nonvalid,8500,0.0,1.0,200,0
N192_M96,pSA,valid_after_nonvalid,8600,0.0,1.0,200,0
N192_M96,pSA,valid_after_nonvalid,8700,0.0,1.0,200,0
N192_M96,pSA,valid_after_nonvalid,8800,0.0,1.0,200,0
N192_M96,pSA,valid_after_nonvalid,8900,0.0,1.0,200,0
N192_M96,pSA,valid_after_nonvalid,9000,0.0,1.0,200,0
N192_M96,pSA,valid_after_nonvalid,9100,0.0,1.0,200,0
N192_M96,pSA,valid_after_nonvalid,9200,0.0,1.0,200,0
N192_M96,pSA,valid_after_nonvalid,9300,0.0,1.0,200,0
N192_M96,pSA,valid_after_nonvalid,9400,0.0,1.0,200,0
N192_M96,pSA,valid_after_nonvalid,9500,0.0,1.0,200,0
N192_M96,pSA,valid_after_nonvalid,9600,0.0,1.0,200,0
N192_M96,pSA,valid_after_nonvalid,9700,0.0,1.0,200,0
N192_M96,pSA,valid_after_nonvalid,9800,0.0,1.0,200,0
N192_M96,pSA,valid_after_nonvalid,9900,0.0,1.0,200,0
N192_M96,pSA,valid_after_nonvalid,10000,0.0,1.0,200,0
N192_M96,pSA,valid_after_nonvalid,10100,0.0,1.0,200,0
N192_M96,pSA,valid_after_nonvalid,10200,0.0,1.0,200,0
N192_M96,pSA,valid_after_nonvalid,10300,0.0,1.0,200,0
N192_M96,pSA,valid_after_nonvalid,10400,0.0,1.0,200,0
N192_M96,pSA,valid_after_nonvalid,10500,0.0,1.0,200,0
N192_M96,pSA,valid_after_nonvalid,10600,0.0,1.0,200,0
N192_M96,pSA,valid_after_nonvalid,10700,0.0,1.0,200,0
N192_M96,pSA,valid_after_nonvalid,10800,0.0,1.0,200,0
N192_M96,pSA,valid_after_nonvalid,10900,0.0,1.0,200,0
N192_M96,pSA,valid_after_nonvalid,11000,0.0,1.0,200,0
N192_M96,pSA,valid_after_nonvalid,11100,0.0,1.0,200,0
N192_M96,pSA,valid_after_nonvalid,11200,0.0,1.0,200,0
N192_M96,pSA,valid_after_nonvalid,11300,0.0,1.0,200,0
N192_M96,pSA,valid_after_nonvalid,11400,0.0,1.0,200,0
N192_M96,pSA,valid_after_nonvalid,11500,0.0,1.0,200,0
N192_M96,pSA,valid_after_nonvalid,11600,0.0,1.0,200,0
N192_M96,pSA,valid_after_nonvalid,11700,0.0,1.0,200,0
N192_M96,pSA,valid_after_nonvalid,11800,0.0,1.0,200,0
N192_M96,pSA,valid_after_nonvalid,11900,0.0,1.0,200,0
N192_M96,pSA,valid_after_nonvalid,12000,0.0,1.0,200,0
N192_M96,pSA,valid_after_nonvalid,12100,0.0,1.0,200,0
N192_M96,pSA,valid_after_nonvalid,12200,0.0,1.0,200,0
N192_M96,pSA,valid_after_nonvalid,12300,0.0,1.0,200,0
N192_M96,pSA,valid_after_nonvalid,12400,0.0,1.0,200,0
N192_M96,pSA,valid_after_nonvalid,12500,0.0,1.0,200,0
N192_M96,pSA,valid_after_nonvalid,12600,0.0,1.0,200,0
N192_M96,pSA,valid_after_nonvalid,12700,0.0,1.0,200,0
N192_M96,pSA,valid_after_nonvalid,12800,0.0,1.0,200,0
N192_M96,pSA,valid_after_nonvalid,12900,0.0,1.0,200,0
N192_M96,pSA,valid_after_nonvalid,13000,0.0,1.0,200,0
N192_M96,pSA,valid_after_nonvalid,13100,0.0,1.0,200,0
N192_M96,pSA,valid_after_nonvalid,13200,0.0,1.0,200,0
N192_M96,pSA,valid_after_nonvalid,13300,0.0,1.0,200,0
N192_M96,pSA,valid_after_nonvalid,13400,0.0,1.0,200,0
N192_M96,pSA,valid_after_nonvalid,13500,0.0,1.0,200,0
N192_M96,pSA,valid_after_nonvalid,13600,0.0,1.0,200,0
N192_M96,pSA,valid_after_nonvalid,13700,0.0,1.0,200,0
N192_M96,pSA,valid_after_nonvalid,13800,0.0,1.0,200,0
N192_M96,pSA,valid_after_nonvalid,13900,0.0,1.0,200,0
N192_M96,pSA,valid_after_nonvalid,14000,0.0,1.0,200,0
N192_M96,pSA,valid_after_nonvalid,14100,0.0,1.0,200,0
N192_M96,pSA,valid_after_nonvalid,14200,0.0,1.0,200,0
N192_M96,pSA,valid_after_nonvalid,14300,0.0,1.0,200,0
N192_M96,pSA,valid_after_nonvalid,14400,0.0,1.0,200,0
N192_M96,pSA,valid_after_nonvalid,14500,0.0,1.0,200,0
N192_M96,pSA,valid_after_nonvalid,14600,0.0,1.0,200,0
N192_M96,pSA,valid_after_nonvalid,14700,0.0,1.0,200,0
N192_M96,pSA,valid_after_nonvalid,14800,0.0,1.0,200,0
N192_M96,pSA,valid_after_nonvalid,14900,0.0,1.0,200,0
N192_M96,pSA,valid_after_nonvalid,15000,0.0,1.0,200,0
N192_M96,pSA,valid_after_nonvalid,15100,0.0,1.0,200,0
N192_M96,pSA,valid_after_nonvalid,15200,0.0,1.0,200,0
N192_M96,pSA,valid_after_nonvalid,15300,0.0,1.0,200,0
N192_M96,pSA,valid_after_nonvalid,15400,0.0,1.0,200,0
N192_M96,pSA,valid_after_nonvalid,15500,0.0,1.0,200,0
N192_M96,pSA,valid_after_nonvalid,15600,0.0,1.0,200,0
N192_M96,pSA,valid_after_nonvalid,15700,0.0,1.0,200,0
N192_M96,pSA,valid_after_nonvalid,15800,0.0,1.0,200,0
N192_M96,pSA,valid_after_nonvalid,15900,0.0,1.0,200,0
N192_M96,pSA,valid_after_nonvalid,16000,0.0,1.0,200,0
N192_M96,pSA,valid_after_nonvalid,16100,0.0,1.0,200,0
N192_M96,pSA,valid_after_nonvalid,16200,0.0,1.0,200,0
N192_M96,pSA,valid_after_nonvalid,16300,0.0,1.0,200,0
N192_M96,pSA,valid_after_nonvalid,16400,0.0,1.0,200,0
N192_M96,pSA,valid_after_nonvalid,16500,0.0,1.0,200,0
N192_M96,pSA,valid_after_nonvalid,16600,0.0,1.0,200,0
N192_M96,pSA,valid_after_nonvalid,16700,0.0,1.0,200,0
N192_M96,pSA,valid_after_nonvalid,16800,0.0,1.0,200,0
N192_M96,pSA,valid_after_nonvalid,16900,0.0,1.0,200,0
N192_M96,pSA,valid_after_nonvalid,17000,0.0,1.0,200,0
N192_M96,pSA,valid_after_nonvalid,17100,0.0,1.0,200,0
N192_M96,pSA,valid_after_nonvalid,17200,0.0,1.0,200,0
N192_M96,pSA,valid_after_nonvalid,17300,0.0,1.0,200,0
N192_M96,pSA,valid_after_nonvalid,17400,0.0,1.0,200,0
N192_M96,pSA,valid_after_nonvalid,17500,0.0,1.0,200,0
N192_M96,pSA,valid_after_nonvalid,17600,0.0,1.0,200,0
N192_M96,pSA,valid_after_nonvalid,17700,0.0,1.0,200,0
N192_M96,pSA,valid_after_nonvalid,17800,0.0,1.0,200,0
N192_M96,pSA,valid_after_nonvalid,17900,0.0,1.0,200,0
N192_M96,pSA,valid_after_nonvalid,18000,0.0,1.0,200,0
N192_M96,pSA,valid_after_nonvalid,18100,0.0,1.0,200,0
N192_M96,pSA,valid_after_nonvalid,18200,0.0,1.0,200,0
N192_M96,pSA,valid_after_nonvalid,18300,0.0,1.0,200,0
N192_M96,pSA,valid_after_nonvalid,18400,0.0,1.0,200,0
N192_M96,pSA,valid_after_nonvalid,18500,0.0,1.0,200,0
N192_M96,pSA,valid_after_nonvalid,18600,0.0,1.0,200,0
N192_M96,pSA,valid_after_nonvalid,18700,0.0,1.0,200,0
N192_M96,pSA,valid_after_nonvalid,18800,0.0,1.0,200,0
N192_M96,pSA,valid_after_nonvalid,18900,0.0,1.0,200,0
N192_M96,pSA,valid_after_nonvalid,19000,0.0,1.0,200,0
N192_M96,pSA,valid_after_nonvalid,19100,0.0,1.0,200,0
N192_M96,pSA,valid_after_nonvalid,19200,0.0,1.0,200,0
N192_M96,pSA,correct,0,0.0,1.0,200,0
N192_M96,pSA,correct,100,0.0,1.0,200,0
N192_M96,pSA,correct,200,0.0,1.0,200,0
N192_M96,pSA,correct,300,0.0,1.0,200,0
N192_M96,pSA,correct,400,0.0,1.0,200,0
N192_M96,pSA,correct,500,0.0,1.0,200,0
N192_M96,pSA,correct,600,0.0,1.0,200,0
N192_M96,pSA,correct,700,0.0,1.0,200,0
N192_M96,pSA,correct,800,0.0,1.0,200,0
N192_M96,pSA,correct,900,0.0,1.0,200,0
N192_M96,pSA,correct,1000,0.0,1.0,200,0
N192_M96,pSA,correct,1100,0.0,1.0,200,0
N192_M96,pSA,correct,1200,0.0,1.0,200,0
N192_M96,pSA,correct,1300,0.0,1.0,200,0
N192_M96,pSA,correct,1400,0.0,1.0,200,0
N192_M96,pSA,correct,1500,0.0,1.0,200,0
N192_M96,pSA,correct,1600,0.0,1.0,200,0
N192_M96,pSA,correct,1700,0.0,1.0,200,0
N192_M96,pSA,correct,1800,0.0,1.0,200,0
N192_M96,pSA,correct,1900,0.0,1.0,200,0
N192_M96,pSA,correct,2000,0.0,1.0,200,0
N192_M96,pSA,correct,2100,0.0,1.0,200,0
N192_M96,pSA,correct,2200,0.0,1.0,200,0
N192_M96,pSA,correct,2300,0.0,1.0,200,0
N192_M96,pSA,correct,2400,0.0,1.0,200,0
N192_M96,pSA,correct,2500,0.0,1.0,200,0
N192_M96,pSA,correct,2600,0.0,1.0,200,0
N192_M96,pSA,correct,2700,0.0,1.0,200,0
N192_M96,pSA,correct,2800,0.0,1.0,200,0
N192_M96,pSA,correct,2900,0.0,1.0,200,0
N192_M96,pSA,correct,3000,0.0,1.0,200,0
N192_M96,pSA,correct,3100,0.0,1.0,200,0
N192_M96,pSA,correct,3200,0.0,1.0,200,0
N192_M96,pSA,correct,3300,0.0,1.0,200,0
N192_M96,pSA,correct,3400,0.0,1.0,200,0
N192_M96,pSA,correct,3500,0.0,1.0,200,0
N192_M96,pSA,correct,3600,0.0,1.0,200,0
N192_M96,pSA,correct,3700,0.0,1.0,200,0
N192_M96,pSA,correct,3800,0.0,1.0,200,0
N192_M96,pSA,correct,3900,0.0,1.0,200,0
N192_M96,pSA,correct,4000,0.0,1.0,200,0
N192_M96,pSA,correct,4100,0.0,1.0,200,0
N192_M96,pSA,correct,4200,0.0,1.0,200,0
N192_M96,pSA,correct,4300,0.0,1.0,200,0
N192_M96,pSA,correct,4400,0.0,1.0,200,0
N192_M96,pSA,correct,4500,0.0,1.0,200,0
N192_M96,pSA,correct,4600,0.0,1.0,200,0
N192_M96,pSA,correct,4700,0.0,1.0,200,0
N192_M96,pSA,correct,4800,0.0,1.0,200,0
N192_M96,pSA,correct,4900,0.0,1.0,200,0
N192_M96,pSA,correct,5000,0.0,1.0,200,0
N192_M96,pSA,correct,5100,0.0,1.0,200,0
N192_M96,pSA,correct,5200,0.0,1.0,200,0
N192_M96,pSA,correct,5300,0.0,1.0,200,0
N192_M96,pSA,correct,5400,0.0,1.0,200,0
N192_M96,pSA,correct,5500,0.0,1.0,200,0
N192_M96,pSA,correct,5600,0.0,1.0,200,0
N192_M96,pSA,correct,5700,0.0,1.0,200,0
N192_M96,pSA,correct,5800,0.0,1.0,200,0
N192_M96,pSA,correct,5900,0.0,1.0,200,0
N192_M96,pSA,correct,6000,0.0,1.0,200,0
N192_M96,pSA,correct,6100,0.0,1.0,200,0
N192_M96,pSA,correct,6200,0.0,1.0,200,0
N192_M96,pSA,correct,6300,0.0,1.0,200,0
N192_M96,pSA,correct,6400,0.0,1.0,200,0
N192_M96,pSA,correct,6500,0.0,1.0,200,0
N192_M96,pSA,correct,6600,0.0,1.0,200,0
N192_M96,pSA,correct,6700,0.0,1.0,200,0
N192_M96,pSA,correct,6800,0.0,1.0,200,0
N192_M96,pSA,correct,6900,0.0,1.0,200,0
N192_M96,pSA,correct,7000,0.0,1.0,200,0
N192_M96,pSA,correct,7100,0.0,1.0,200,0
N192_M96,pSA,correct,7200,0.0,1.0,200,0
N192_M96,pSA,correct,7300,0.0,1.0,200,0
N192_M96,pSA,correct,7400,0.0,1.0,200,0
N192_M96,pSA,correct,7500,0.0,1.0,200,0
N192_M96,pSA,correct,7600,0.0,1.0,200,0
N192_M96,pSA,correct,7700,0.0,1.0,200,0
N192_M96,pSA,correct,7800,0.0,1.0,200,0
N192_M96,pSA,correct,7900,0.0,1.0,200,0
N192_M96,pSA,correct,8000,0.0,1.0,200,0
N192_M96,pSA,correct,8100,0.0,1.0,200,0
N192_M96,pSA,correct,8200,0.0,1.0,200,0
N192_M96,pSA,correct,8300,0.0,1.0,200,0
N192_M96,pSA,correct,8400,0.0,1.0,200,0
N192_M96,pSA,correct,8500,0.0,1.0,200,0
N192_M96,pSA,correct,8600,0.0,1.0,200,0
N192_M96,pSA,correct,8700,0.0,1.0,200,0
N192_M96,pSA,correct,8800,0.0,1.0,200,0
N192_M96,pSA,correct,8900,0.0,1.0,200,0
N192_M96,pSA,correct,9000,0.0,1.0,200,0
N192_M96,pSA,correct,9100,0.0,1.0,200,0
N192_M96,pSA,correct,9200,0.0,1.0,200,0
N192_M96,pSA,correct,9300,0.0,1.0,200,0
N192_M96,pSA,correct,9400,0.0,1.0,200,0
N192_M96,pSA,correct,9500,0.0,1.0,200,0
N192_M96,pSA,correct,9600,0.0,1.0,200,0
N192_M96,pSA,correct,9700,0.0,1.0,200,0
N192_M96,pSA,correct,9800,0.0,1.0,200,0
N192_M96,pSA,correct,9900,0.0,1.0,200,0
N192_M96,pSA,correct,10000,0.0,1.0,200,0
N192_M96,pSA,correct,10100,0.0,1.0,200,0
N192_M96,pSA,correct,10200,0.0,1.0,200,0
N192_M96,pSA,correct,10300,0.0,1.0,200,0
N192_M96,pSA,correct,10400,0.0,1.0,200,0
N192_M96,pSA,correct,10500,0.0,1.0,200,0
N192_M96,pSA,correct,10600,0.0,1.0,200,0
N192_M96,pSA,correct,10700,0.0,1.0,200,0
N192_M96,pSA,correct,10800,0.0,1.0,200,0
N192_M96,pSA,correct,10900,0.0,1.0,200,0
N192_M96,pSA,correct,11000,0.0,1.0,200,0
N192_M96,pSA,correct,11100,0.0,1.0,200,0
N192_M96,pSA,correct,11200,0.0,1.0,200,0
N192_M96,pSA,correct,11300,0.0,1.0,200,0
N192_M96,pSA,correct,11400,0.0,1.0,200,0
N192_M96,pSA,correct,11500,0.0,1.0,200,0
N192_M96,pSA,correct,11600,0.0,1.0,200,0
N192_M96,pSA,correct,11700,0.0,1.0,200,0
N192_M96,pSA,correct,11800,0.0,1.0,200,0
N192_M96,pSA,correct,11900,0.0,1.0,200,0
N192_M96,pSA,correct,12000,0.0,1.0,200,0
N192_M96,pSA,correct,12100,0.0,1.0,200,0
N192_M96,pSA,correct,12200,0.0,1.0,200,0
N192_M96,pSA,correct,12300,0.0,1.0,200,0
N192_M96,pSA,correct,12400,0.0,1.0,200,0
N192_M96,pSA,correct,12500,0.0,1.0,200,0
N192_M96,pSA,correct,12600,0.0,1.0,200,0
N192_M96,pSA,correct,12700,0.0,1.0,200,0
N192_M96,pSA,correct,12800,0.0,1.0,200,0
N192_M96,pSA,correct,12900,0.0,1.0,200,0
N192_M96,pSA,correct,13000,0.0,1.0,200,0
N192_M96,pSA,correct,13100,0.0,1.0,200,0
N192_M96,pSA,correct,13200,0.0,1.0,200,0
N192_M96,pSA,correct,13300,0.0,1.0,200,0
N192_M96,pSA,correct,13400,0.0,1.0,200,0
N192_M96,pSA,correct,13500,0.0,1.0,200,0
N192_M96,pSA,correct,13600,0.0,1.0,200,0
N192_M96,pSA,correct,13700,0.0,1.0,200,0
N192_M96,pSA,correct,13800,0.0,1.0,200,0
N192_M96,pSA,correct,13900,0.0,1.0,200,0
N192_M96,pSA,correct,14000,0.0,1.0,200,0
N192_M96,pSA,correct,14100,0.0,1.0,200,0
N192_M96,pSA,correct,14200,0.0,1.0,200,0
N192_M96,pSA,correct,14300,0.0,1.0,200,0
N192_M96,pSA,correct,14400,0.0,1.0,200,0
N192_M96,pSA,correct,14500,0.0,1.0,200,0
N192_M96,pSA,correct,14600,0.0,1.0,200,0
N192_M96,pSA,correct,14700,0.0,1.0,200,0
N192_M96,pSA,correct,14800,0.0,1.0,200,0
N192_M96,pSA,correct,14900,0.0,1.0,200,0
N192_M96,pSA,correct,15000,0.0,1.0,200,0
N192_M96,pSA,correct,15100,0.0,1.0,200,0
N192_M96,pSA,correct,15200,0.0,1.0,200,0
N192_M96,pSA,correct,15300,0.0,1.0,200,0
N192_M96,pSA,correct,15400,0.0,1.0,200,0
N192_M96,pSA,correct,15500,0.0,1.0,200,0
N192_M96,pSA,correct,15600,0.0,1.0,200,0
N192_M96,pSA,correct,15700,0.0,1.0,200,0
N192_M96,pSA,correct,15800,0.0,1.0,200,0
N192_M96,pSA,correct,15900,0.0,1.0,200,0
N192_M96,pSA,correct,16000,0.0,1.0,200,0
N192_M96,pSA,correct,16100,0.0,1.0,200,0
N192_M96,pSA,correct,16200,0.0,1.0,200,0
N192_M96,pSA,correct,16300,0.0,1.0,200,0
N192_M96,pSA,correct,16400,0.0,1.0,200,0
N192_M96,pSA,correct,16500,0.0,1.0,200,0
N192_M96,pSA,correct,16600,0.0,1.0,200,0
N192_M96,pSA,correct,16700,0.0,1.0,200,0
N192_M96,pSA,correct,16800,0.0,1.0,200,0
N192_M96,pSA,correct,16900,0.0,1.0,200,0
N192_M96,pSA,correct,17000,0.0,1.0,200,0
N192_M96,pSA,correct,17100,0.0,1.0,200,0
N192_M96,pSA,correct,17200,0.0,1.0,200,0
N192_M96,pSA,correct,17300,0.0,1.0,200,0
N192_M96,pSA,correct,17400,0.0,1.0,200,0
N192_M96,pSA,correct,17500,0.0,1.0,200,0
N192_M96,pSA,correct,17600,0.0,1.0,200,0
N192_M96,pSA,correct,17700,0.0,1.0,200,0
N192_M96,pSA,correct,17800,0.0,1.0,200,0
N192_M96,pSA,correct,17900,0.0,1.0,200,0
N192_M96,pSA,correct,18000,0.0,1.0,200,0
N192_M96,pSA,correct,18100,0.0,1.0,200,0
N192_M96,pSA,correct,18200,0.0,1.0,200,0
N192_M96,pSA,correct,18300,0.0,1.0,200,0
N192_M96,pSA,correct,18400,0.0,1.0,200,0
N192_M96,pSA,correct,18500,0.0,1.0,200,0
N192_M96,pSA,correct,18600,0.0,1.0,200,0
N192_M96,pSA,correct,18700,0.0,1.0,200,0
N192_M96,pSA,correct,18800,0.0,1.0,200,0
N192_M96,pSA,correct,18900,0.0,1.0,200,0
N192_M96,pSA,correct,19000,0.0,1.0,200,0
N192_M96,pSA,correct,19100,0.0,1.0,200,0
N192_M96,pSA,correct,19200,0.0,1.0,200,0
N192_M96,pSA,low_BER,0,0.0,1.0,200,0
N192_M96,pSA,low_BER,100,0.0,1.0,200,0
N192_M96,pSA,low_BER,200,0.0,1.0,200,0
N192_M96,pSA,low_BER,300,0.0,1.0,200,0
N192_M96,pSA,low_BER,400,0.0,1.0,200,0
N192_M96,pSA,low_BER,500,0.0,1.0,200,0
N192_M96,pSA,low_BER,600,0.0,1.0,200,0
N192_M96,pSA,low_BER,700,0.0,1.0,200,0
N192_M96,pSA,low_BER,800,0.0,1.0,200,0
N192_M96,pSA,low_BER,900,0.0,1.0,200,0
N192_M96,pSA,low_BER,1000,0.0,1.0,200,0
N192_M96,pSA,low_BER,1100,0.0,1.0,200,0
N192_M96,pSA,low_BER,1200,0.0,1.0,200,0
N192_M96,pSA,low_BER,1300,0.0,1.0,200,0
N192_M96,pSA,low_BER,1400,0.0,1.0,200,0
N192_M96,pSA,low_BER,1500,0.0,1.0,200,0
N192_M96,pSA,low_BER,1600,0.0,1.0,200,0
N192_M96,pSA,low_BER,1700,0.0,1.0,200,0
N192_M96,pSA,low_BER,1800,0.0,1.0,200,0
N192_M96,pSA,low_BER,1900,0.0,1.0,200,0
N192_M96,pSA,low_BER,2000,0.0,1.0,200,0
N192_M96,pSA,low_BER,2100,0.0,1.0,200,0
N192_M96,pSA,low_BER,2200,0.0,1.0,200,0
N192_M96,pSA,low_BER,2300,0.0,1.0,200,0
N192_M96,pSA,low_BER,2400,0.0,1.0,200,0
N192_M96,pSA,low_BER,2500,0.0,1.0,200,0
N192_M96,pSA,low_BER,2600,0.0,1.0,200,0
N192_M96,pSA,low_BER,2700,0.0,1.0,200,0
N192_M96,pSA,low_BER,2800,0.0,1.0,200,0
N192_M96,pSA,low_BER,2900,0.0,1.0,200,0
N192_M96,pSA,low_BER,3000,0.0,1.0,200,0
N192_M96,pSA,low_BER,3100,0.0,1.0,200,0
N192_M96,pSA,low_BER,3200,0.0,1.0,200,0
N192_M96,pSA,low_BER,3300,0.0,1.0,200,0
N192_M96,pSA,low_BER,3400,0.0,1.0,200,0
N192_M96,pSA,low_BER,3500,0.0,1.0,200,0
N192_M96,pSA,low_BER,3600,0.0,1.0,200,0
N192_M96,pSA,low_BER,3700,0.0,1.0,200,0
N192_M96,pSA,low_BER,3800,0.0,1.0,200,0
N192_M96,pSA,low_BER,3900,0.0,1.0,200,0
N192_M96,pSA,low_BER,4000,0.0,1.0,200,0
N192_M96,pSA,low_BER,4100,0.0,1.0,200,0
N192_M96,pSA,low_BER,4200,0.0,1.0,200,0
N192_M96,pSA,low_BER,4300,0.0,1.0,200,0
N192_M96,pSA,low_BER,4400,0.0,1.0,200,0
N192_M96,pSA,low_BER,4500,0.0,1.0,200,0
N192_M96,pSA,low_BER,4600,0.0,1.0,200,0
N192_M96,pSA,low_BER,4700,0.0,1.0,200,0
N192_M96,pSA,low_BER,4800,0.0,1.0,200,0
N192_M96,pSA,low_BER,4900,0.0,1.0,200,0
N192_M96,pSA,low_BER,5000,0.0,1.0,200,0
N192_M96,pSA,low_BER,5100,0.0,1.0,200,0
N192_M96,pSA,low_BER,5200,0.0,1.0,200,0
N192_M96,pSA,low_BER,5300,0.0,1.0,200,0
N192_M96,pSA,low_BER,5400,0.0,1.0,200,0
N192_M96,pSA,low_BER,5500,0.0,1.0,200,0
N192_M96,pSA,low_BER,5600,0.0,1.0,200,0
N192_M96,pSA,low_BER,5700,0.0,1.0,200,0
N192_M96,pSA,low_BER,5800,0.0,1.0,200,0
N192_M96,pSA,low_BER,5900,0.0,1.0,200,0
N192_M96,pSA,low_BER,6000,0.0,1.0,200,0
N192_M96,pSA,low_BER,6100,0.0,1.0,200,0
N192_M96,pSA,low_BER,6200,0.0,1.0,200,0
N192_M96,pSA,low_BER,6300,0.0,1.0,200,0
N192_M96,pSA,low_BER,6400,0.0,1.0,200,0
N192_M96,pSA,low_BER,6500,0.0,1.0,200,0
N192_M96,pSA,low_BER,6600,0.0,1.0,200,0
N192_M96,pSA,low_BER,6700,0.0,1.0,200,0
N192_M96,pSA,low_BER,6800,0.0,1.0,200,0
N192_M96,pSA,low_BER,6900,0.0,1.0,200,0
N192_M96,pSA,low_BER,7000,0.0,1.0,200,0
N192_M96,pSA,low_BER,7100,0.0,1.0,200,0
N192_M96,pSA,low_BER,7200,0.0,1.0,200,0
N192_M96,pSA,low_BER,7300,0.0,1.0,200,0
N192_M96,pSA,low_BER,7400,0.0,1.0,200,0
N192_M96,pSA,low_BER,7500,0.0,1.0,200,0
N192_M96,pSA,low_BER,7600,0.0,1.0,200,0
N192_M96,pSA,low_BER,7700,0.0,1.0,200,0
N192_M96,pSA,low_BER,7800,0.0,1.0,200,0
N192_M96,pSA,low_BER,7900,0.0,1.0,200,0
N192_M96,pSA,low_BER,8000,0.0,1.0,200,0
N192_M96,pSA,low_BER,8100,0.0,1.0,200,0
N192_M96,pSA,low_BER,8200,0.0,1.0,200,0
N192_M96,pSA,low_BER,8300,0.0,1.0,200,0
N192_M96,pSA,low_BER,8400,0.0,1.0,200,0
N192_M96,pSA,low_BER,8500,0.0,1.0,200,0
N192_M96,pSA,low_BER,8600,0.0,1.0,200,0
N192_M96,pSA,low_BER,8700,0.0,1.0,200,0
N192_M96,pSA,low_BER,8800,0.0,1.0,200,0
N192_M96,pSA,low_BER,8900,0.0,1.0,200,0
N192_M96,pSA,low_BER,9000,0.0,1.0,200,0
N192_M96,pSA,low_BER,9100,0.0,1.0,200,0
N192_M96,pSA,low_BER,9200,0.0,1.0,200,0
N192_M96,pSA,low_BER,9300,0.0,1.0,200,0
N192_M96,pSA,low_BER,9400,0.0,1.0,200,0
N192_M96,pSA,low_BER,9500,0.0,1.0,200,0
N192_M96,pSA,low_BER,9600,0.0,1.0,200,0
N192_M96,pSA,low_BER,9700,0.0,1.0,200,0
N192_M96,pSA,low_BER,9800,0.0,1.0,200,0
N192_M96,pSA,low_BER,9900,0.0,1.0,200,0
N192_M96,pSA,low_BER,10000,0.0,1.0,200,0
N192_M96,pSA,low_BER,10100,0.0,1.0,200,0
N192_M96,pSA,low_BER,10200,0.0,1.0,200,0
N192_M96,pSA,low_BER,10300,0.0,1.0,200,0
N192_M96,pSA,low_BER,10400,0.0,1.0,200,0
N192_M96,pSA,low_BER,10500,0.0,1.0,200,0
N192_M96,pSA,low_BER,10600,0.0,1.0,200,0
N192_M96,pSA,low_BER,10700,0.0,1.0,200,0
N192_M96,pSA,low_BER,10800,0.0,1.0,200,0
N192_M96,pSA,low_BER,10900,0.0,1.0,200,0
N192_M96,pSA,low_BER,11000,0.0,1.0,200,0
N192_M96,pSA,low_BER,11100,0.0,1.0,200,0
N192_M96,pSA,low_BER,11200,0.0,1.0,200,0
N192_M96,pSA,low_BER,11300,0.0,1.0,200,0
N192_M96,pSA,low_BER,11400,0.0,1.0,200,0
N192_M96,pSA,low_BER,11500,0.0,1.0,200,0
N192_M96,pSA,low_BER,11600,0.0,1.0,200,0
N192_M96,pSA,low_BER,11700,0.0,1.0,200,0
N192_M96,pSA,low_BER,11800,0.0,1.0,200,0
N192_M96,pSA,low_BER,11900,0.0,1.0,200,0
N192_M96,pSA,low_BER,12000,0.0,1.0,200,0
N192_M96,pSA,low_BER,12100,0.0,1.0,200,0
N192_M96,pSA,low_BER,12200,0.0,1.0,200,0
N192_M96,pSA,low_BER,12300,0.0,1.0,200,0
N192_M96,pSA,low_BER,12400,0.0,1.0,200,0
N192_M96,pSA,low_BER,12500,0.0,1.0,200,0
N192_M96,pSA,low_BER,12600,0.0,1.0,200,0
N192_M96,pSA,low_BER,12700,0.0,1.0,200,0
N192_M96,pSA,low_BER,12800,0.0,1.0,200,0
N192_M96,pSA,low_BER,12900,0.0,1.0,200,0
N192_M96,pSA,low_BER,13000,0.0,1.0,200,0
N192_M96,pSA,low_BER,13100,0.0,1.0,200,0
N192_M96,pSA,low_BER,13200,0.0,1.0,200,0
N192_M96,pSA,low_BER,13300,0.0,1.0,200,0
N192_M96,pSA,low_BER,13400,0.0,1.0,200,0
N192_M96,pSA,low_BER,13500,0.0,1.0,200,0
N192_M96,pSA,low_BER,13600,0.0,1.0,200,0
N192_M96,pSA,low_BER,13700,0.0,1.0,200,0
N192_M96,pSA,low_BER,13800,0.0,1.0,200,0
N192_M96,pSA,low_BER,13900,0.0,1.0,200,0
N192_M96,pSA,low_BER,14000,0.0,1.0,200,0
N192_M96,pSA,low_BER,14100,0.0,1.0,200,0
N192_M96,pSA,low_BER,14200,0.0,1.0,200,0
N192_M96,pSA,low_BER,14300,0.0,1.0,200,0
N192_M96,pSA,low_BER,14400,0.0,1.0,200,0
N192_M96,pSA,low_BER,14500,0.0,1.0,200,0
N192_M96,pSA,low_BER,14600,0.0,1.0,200,0
N192_M96,pSA,low_BER,14700,0.0,1.0,200,0
N192_M96,pSA,low_BER,14800,0.0,1.0,200,0
N192_M96,pSA,low_BER,14900,0.0,1.0,200,0
N192_M96,pSA,low_BER,15000,0.0,1.0,200,0
N192_M96,pSA,low_BER,15100,0.0,1.0,200,0
N192_M96,pSA,low_BER,15200,0.0,1.0,200,0
N192_M96,pSA,low_BER,15300,0.0,1.0,200,0
N192_M96,pSA,low_BER,15400,0.0,1.0,200,0
N192_M96,pSA,low_BER,15500,0.0,1.0,200,0
N192_M96,pSA,low_BER,15600,0.0,1.0,200,0
N192_M96,pSA,low_BER,15700,0.0,1.0,200,0
N192_M96,pSA,low_BER,15800,0.0,1.0,200,0
N192_M96,pSA,low_BER,15900,0.0,1.0,200,0
N192_M96,pSA,low_BER,16000,0.0,1.0,200,0
N192_M96,pSA,low_BER,16100,0.0,1.0,200,0
N192_M96,pSA,low_BER,16200,0.0,1.0,200,0
N192_M96,pSA,low_BER,16300,0.0,1.0,200,0
N192_M96,pSA,low_BER,16400,0.0,1.0,200,0
N192_M96,pSA,low_BER,16500,0.0,1.0,200,0
N192_M96,pSA,low_BER,16600,0.0,1.0,200,0
N192_M96,pSA,low_BER,16700,0.0,1.0,200,0
N192_M96,pSA,low_BER,16800,0.0,1.0,200,0
N192_M96,pSA,low_BER,16900,0.0,1.0,200,0
N192_M96,pSA,low_BER,17000,0.0,1.0,200,0
N192_M96,pSA,low_BER,17100,0.0,1.0,200,0
N192_M96,pSA,low_BER,17200,0.0,1.0,200,0
N192_M96,pSA,low_BER,17300,0.0,1.0,200,0
N192_M96,pSA,low_BER,17400,0.0,1.0,200,0
N192_M96,pSA,low_BER,17500,0.0,1.0,200,0
N192_M96,pSA,low_BER,17600,0.0,1.0,200,0
N192_M96,pSA,low_BER,17700,0.0,1.0,200,0
N192_M96,pSA,low_BER,17800,0.0,1.0,200,0
N192_M96,pSA,low_BER,17900,0.0,1.0,200,0
N192_M96,pSA,low_BER,18000,0.0,1.0,200,0
N192_M96,pSA,low_BER,18100,0.0,1.0,200,0
N192_M96,pSA,low_BER,18200,0.0,1.0,200,0
N192_M96,pSA,low_BER,18300,0.0,1.0,200,0
N192_M96,pSA,low_BER,18400,0.0,1.0,200,0
N192_M96,pSA,low_BER,18500,0.0,1.0,200,0
N192_M96,pSA,low_BER,18600,0.0,1.0,200,0
N192_M96,pSA,low_BER,18700,0.0,1.0,200,0
N192_M96,pSA,low_BER,18800,0.0,1.0,200,0
N192_M96,pSA,low_BER,18900,0.0,1.0,200,0
N192_M96,pSA,low_BER,19000,0.0,1.0,200,0
N192_M96,pSA,low_BER,19100,0.0,1.0,200,0
N192_M96,pSA,low_BER,19200,0.0,1.0,200,0
N192_M96,pSA,relaxed_basin,0,0.0,1.0,200,0
N192_M96,pSA,relaxed_basin,100,0.0,1.0,200,0
N192_M96,pSA,relaxed_basin,200,0.0,1.0,200,0
N192_M96,pSA,relaxed_basin,300,0.0,1.0,200,0
N192_M96,pSA,relaxed_basin,400,0.0,1.0,200,0
N192_M96,pSA,relaxed_basin,500,0.0,1.0,200,0
N192_M96,pSA,relaxed_basin,600,0.0,1.0,200,0
N192_M96,pSA,relaxed_basin,700,0.0,1.0,200,0
N192_M96,pSA,relaxed_basin,800,0.0,1.0,200,0
N192_M96,pSA,relaxed_basin,900,0.0,1.0,200,0
N192_M96,pSA,relaxed_basin,1000,0.0,1.0,200,0
N192_M96,pSA,relaxed_basin,1100,0.0,1.0,200,0
N192_M96,pSA,relaxed_basin,1200,0.0,1.0,200,0
N192_M96,pSA,relaxed_basin,1300,0.0,1.0,200,0
N192_M96,pSA,relaxed_basin,1400,0.0,1.0,200,0
N192_M96,pSA,relaxed_basin,1500,0.0,1.0,200,0
N192_M96,pSA,relaxed_basin,1600,0.0,1.0,200,0
N192_M96,pSA,relaxed_basin,1700,0.0,1.0,200,0
N192_M96,pSA,relaxed_basin,1800,0.0,1.0,200,0
N192_M96,pSA,relaxed_basin,1900,0.0,1.0,200,0
N192_M96,pSA,relaxed_basin,2000,0.0,1.0,200,0
N192_M96,pSA,relaxed_basin,2100,0.0,1.0,200,0
N192_M96,pSA,relaxed_basin,2200,0.0,1.0,200,0
N192_M96,pSA,relaxed_basin,2300,0.0,1.0,200,0
N192_M96,pSA,relaxed_basin,2400,0.0,1.0,200,0
N192_M96,pSA,relaxed_basin,2500,0.0,1.0,200,0
N192_M96,pSA,relaxed_basin,2600,0.0,1.0,200,0
N192_M96,pSA,relaxed_basin,2700,0.0,1.0,200,0
N192_M96,pSA,relaxed_basin,2800,0.0,1.0,200,0
N192_M96,pSA,relaxed_basin,2900,0.0,1.0,200,0
N192_M96,pSA,relaxed_basin,3000,0.0,1.0,200,0
N192_M96,pSA,relaxed_basin,3100,0.0,1.0,200,0
N192_M96,pSA,relaxed_basin,3200,0.0,1.0,200,0
N192_M96,pSA,relaxed_basin,3300,0.0,1.0,200,0
N192_M96,pSA,relaxed_basin,3400,0.0,1.0,200,0
N192_M96,pSA,relaxed_basin,3500,0.0,1.0,200,0
N192_M96,pSA,relaxed_basin,3600,0.0,1.0,200,0
N192_M96,pSA,relaxed_basin,3700,0.0,1.0,200,0
N192_M96,pSA,relaxed_basin,3800,0.0,1.0,200,0
N192_M96,pSA,relaxed_basin,3900,0.0,1.0,200,0
N192_M96,pSA,relaxed_basin,4000,0.0,1.0,200,0
N192_M96,pSA,relaxed_basin,4100,0.0,1.0,200,0
N192_M96,pSA,relaxed_basin,4200,0.0,1.0,200,0
N192_M96,pSA,relaxed_basin,4300,0.0,1.0,200,0
N192_M96,pSA,relaxed_basin,4400,0.0,1.0,200,0
N192_M96,pSA,relaxed_basin,4500,0.0,1.0,200,0
N192_M96,pSA,relaxed_basin,4600,0.0,1.0,200,0
N192_M96,pSA,relaxed_basin,4700,0.0,1.0,200,0
N192_M96,pSA,relaxed_basin,4800,0.0,1.0,200,0
N192_M96,pSA,relaxed_basin,4900,0.0,1.0,200,0
N192_M96,pSA,relaxed_basin,5000,0.0,1.0,200,0
N192_M96,pSA,relaxed_basin,5100,0.0,1.0,200,0
N192_M96,pSA,relaxed_basin,5200,0.0,1.0,200,0
N192_M96,pSA,relaxed_basin,5300,0.0,1.0,200,0
N192_M96,pSA,relaxed_basin,5400,0.0,1.0,200,0
N192_M96,pSA,relaxed_basin,5500,0.0,1.0,200,0
N192_M96,pSA,relaxed_basin,5600,0.0,1.0,200,0
N192_M96,pSA,relaxed_basin,5700,0.0,1.0,200,0
N192_M96,pSA,relaxed_basin,5800,0.0,1.0,200,0
N192_M96,pSA,relaxed_basin,5900,0.0,1.0,200,0
N192_M96,pSA,relaxed_basin,6000,0.0,1.0,200,0
N192_M96,pSA,relaxed_basin,6100,0.0,1.0,200,0
N192_M96,pSA,relaxed_basin,6200,0.0,1.0,200,0
N192_M96,pSA,relaxed_basin,6300,0.0,1.0,200,0
N192_M96,pSA,relaxed_basin,6400,0.0,1.0,200,0
N192_M96,pSA,relaxed_basin,6500,0.0,1.0,200,0
N192_M96,pSA,relaxed_basin,6600,0.0,1.0,200,0
N192_M96,pSA,relaxed_basin,6700,0.0,1.0,200,0
N192_M96,pSA,relaxed_basin,6800,0.0,1.0,200,0
N192_M96,pSA,relaxed_basin,6900,0.0,1.0,200,0
N192_M96,pSA,relaxed_basin,7000,0.0,1.0,200,0
N192_M96,pSA,relaxed_basin,7100,0.0,1.0,200,0
N192_M96,pSA,relaxed_basin,7200,0.0,1.0,200,0
N192_M96,pSA,relaxed_basin,7300,0.0,1.0,200,0
N192_M96,pSA,relaxed_basin,7400,0.0,1.0,200,0
N192_M96,pSA,relaxed_basin,7500,0.0,1.0,200,0
N192_M96,pSA,relaxed_basin,7600,0.0,1.0,200,0
N192_M96,pSA,relaxed_basin,7700,0.0,1.0,200,0
N192_M96,pSA,relaxed_basin,7800,0.0,1.0,200,0
N192_M96,pSA,relaxed_basin,7900,0.0,1.0,200,0
N192_M96,pSA,relaxed_basin,8000,0.0,1.0,200,0
N192_M96,pSA,relaxed_basin,8100,0.0,1.0,200,0
N192_M96,pSA,relaxed_basin,8200,0.0,1.0,200,0
N192_M96,pSA,relaxed_basin,8300,0.0,1.0,200,0
N192_M96,pSA,relaxed_basin,8400,0.0,1.0,200,0
N192_M96,pSA,relaxed_basin,8500,0.0,1.0,200,0
N192_M96,pSA,relaxed_basin,8600,0.0,1.0,200,0
N192_M96,pSA,relaxed_basin,8700,0.0,1.0,200,0
N192_M96,pSA,relaxed_basin,8800,0.0,1.0,200,0
N192_M96,pSA,relaxed_basin,8900,0.0,1.0,200,0
N192_M96,pSA,relaxed_basin,9000,0.0,1.0,200,0
N192_M96,pSA,relaxed_basin,9100,0.0,1.0,200,0
N192_M96,pSA,relaxed_basin,9200,0.0,1.0,200,0
N192_M96,pSA,relaxed_basin,9300,0.0,1.0,200,0
N192_M96,pSA,relaxed_basin,9400,0.0,1.0,200,0
N192_M96,pSA,relaxed_basin,9500,0.0,1.0,200,0
N192_M96,pSA,relaxed_basin,9600,0.0,1.0,200,0
N192_M96,pSA,relaxed_basin,9700,0.0,1.0,200,0
N192_M96,pSA,relaxed_basin,9800,0.0,1.0,200,0
N192_M96,pSA,relaxed_basin,9900,0.0,1.0,200,0
N192_M96,pSA,relaxed_basin,10000,0.0,1.0,200,0
N192_M96,pSA,relaxed_basin,10100,0.0,1.0,200,0
N192_M96,pSA,relaxed_basin,10200,0.0,1.0,200,0
N192_M96,pSA,relaxed_basin,10300,0.0,1.0,200,0
N192_M96,pSA,relaxed_basin,10400,0.0,1.0,200,0
N192_M96,pSA,relaxed_basin,10500,0.0,1.0,200,0
N192_M96,pSA,relaxed_basin,10600,0.0,1.0,200,0
N192_M96,pSA,relaxed_basin,10700,0.0,1.0,200,0
N192_M96,pSA,relaxed_basin,10800,0.0,1.0,200,0
N192_M96,pSA,relaxed_basin,10900,0.0,1.0,200,0
N192_M96,pSA,relaxed_basin,11000,0.0,1.0,200,0
N192_M96,pSA,relaxed_basin,11100,0.0,1.0,200,0
N192_M96,pSA,relaxed_basin,11200,0.0,1.0,200,0
N192_M96,pSA,relaxed_basin,11300,0.0,1.0,200,0
N192_M96,pSA,relaxed_basin,11400,0.0,1.0,200,0
N192_M96,pSA,relaxed_basin,11500,0.0,1.0,200,0
N192_M96,pSA,relaxed_basin,11600,0.0,1.0,200,0
N192_M96,pSA,relaxed_basin,11700,0.0,1.0,200,0
N192_M96,pSA,relaxed_basin,11800,0.0,1.0,200,0
N192_M96,pSA,relaxed_basin,11900,0.0,1.0,200,0
N192_M96,pSA,relaxed_basin,12000,0.0,1.0,200,0
N192_M96,pSA,relaxed_basin,12100,0.0,1.0,200,0
N192_M96,pSA,relaxed_basin,12200,0.0,1.0,200,0
N192_M96,pSA,relaxed_basin,12300,0.0,1.0,200,0
N192_M96,pSA,relaxed_basin,12400,0.0,1.0,200,0
N192_M96,pSA,relaxed_basin,12500,0.0,1.0,200,0
N192_M96,pSA,relaxed_basin,12600,0.0,1.0,200,0
N192_M96,pSA,relaxed_basin,12700,0.0,1.0,200,0
N192_M96,pSA,relaxed_basin,12800,0.0,1.0,200,0
N192_M96,pSA,relaxed_basin,12900,0.0,1.0,200,0
N192_M96,pSA,relaxed_basin,13000,0.0,1.0,200,0
N192_M96,pSA,relaxed_basin,13100,0.0,1.0,200,0
N192_M96,pSA,relaxed_basin,13200,0.0,1.0,200,0
N192_M96,pSA,relaxed_basin,13300,0.0,1.0,200,0
N192_M96,pSA,relaxed_basin,13400,0.0,1.0,200,0
N192_M96,pSA,relaxed_basin,13500,0.0,1.0,200,0
N192_M96,pSA,relaxed_basin,13600,0.0,1.0,200,0
N192_M96,pSA,relaxed_basin,13700,0.0,1.0,200,0
N192_M96,pSA,relaxed_basin,13800,0.0,1.0,200,0
N192_M96,pSA,relaxed_basin,13900,0.0,1.0,200,0
N192_M96,pSA,relaxed_basin,14000,0.0,1.0,200,0
N192_M96,pSA,relaxed_basin,14100,0.0,1.0,200,0
N192_M96,pSA,relaxed_basin,14200,0.0,1.0,200,0
N192_M96,pSA,relaxed_basin,14300,0.0,1.0,200,0
N192_M96,pSA,relaxed_basin,14400,0.0,1.0,200,0
N192_M96,pSA,relaxed_basin,14500,0.0,1.0,200,0
N192_M96,pSA,relaxed_basin,14600,0.0,1.0,200,0
N192_M96,pSA,relaxed_basin,14700,0.0,1.0,200,0
N192_M96,pSA,relaxed_basin,14800,0.0,1.0,200,0
N192_M96,pSA,relaxed_basin,14900,0.0,1.0,200,0
N192_M96,pSA,relaxed_basin,15000,0.0,1.0,200,0
N192_M96,pSA,relaxed_basin,15100,0.0,1.0,200,0
N192_M96,pSA,relaxed_basin,15200,0.0,1.0,200,0
N192_M96,pSA,relaxed_basin,15300,0.0,1.0,200,0
N192_M96,pSA,relaxed_basin,15400,0.0,1.0,200,0
N192_M96,pSA,relaxed_basin,15500,0.0,1.0,200,0
N192_M96,pSA,relaxed_basin,15600,0.0,1.0,200,0
N192_M96,pSA,relaxed_basin,15700,0.0,1.0,200,0
N192_M96,pSA,relaxed_basin,15800,0.0,1.0,200,0
N192_M96,pSA,relaxed_basin,15900,0.0,1.0,200,0
N192_M96,pSA,relaxed_basin,16000,0.0,1.0,200,0
N192_M96,pSA,relaxed_basin,16100,0.0,1.0,200,0
N192_M96,pSA,relaxed_basin,16200,0.0,1.0,200,0
N192_M96,pSA,relaxed_basin,16300,0.0,1.0,200,0
N192_M96,pSA,relaxed_basin,16400,0.0,1.0,200,0
N192_M96,pSA,relaxed_basin,16500,0.0,1.0,200,0
N192_M96,pSA,relaxed_basin,16600,0.0,1.0,200,0
N192_M96,pSA,relaxed_basin,16700,0.0,1.0,200,0
N192_M96,pSA,relaxed_basin,16800,0.0,1.0,200,0
N192_M96,pSA,relaxed_basin,16900,0.0,1.0,200,0
N192_M96,pSA,relaxed_basin,17000,0.0,1.0,200,0
N192_M96,pSA,relaxed_basin,17100,0.0,1.0,200,0
N192_M96,pSA,relaxed_basin,17200,0.0,1.0,200,0
N192_M96,pSA,relaxed_basin,17300,0.0,1.0,200,0
N192_M96,pSA,relaxed_basin,17400,0.0,1.0,200,0
N192_M96,pSA,relaxed_basin,17500,0.0,1.0,200,0
N192_M96,pSA,relaxed_basin,17600,0.0,1.0,200,0
N192_M96,pSA,relaxed_basin,17700,0.0,1.0,200,0
N192_M96,pSA,relaxed_basin,17800,0.0,1.0,200,0
N192_M96,pSA,relaxed_basin,17900,0.0,1.0,200,0
N192_M96,pSA,relaxed_basin,18000,0.0,1.0,200,0
N192_M96,pSA,relaxed_basin,18100,0.0,1.0,200,0
N192_M96,pSA,relaxed_basin,18200,0.0,1.0,200,0
N192_M96,pSA,relaxed_basin,18300,0.0,1.0,200,0
N192_M96,pSA,relaxed_basin,18400,0.0,1.0,200,0
N192_M96,pSA,relaxed_basin,18500,0.0,1.0,200,0
N192_M96,pSA,relaxed_basin,18600,0.0,1.0,200,0
N192_M96,pSA,relaxed_basin,18700,0.0,1.0,200,0
N192_M96,pSA,relaxed_basin,18800,0.0,1.0,200,0
N192_M96,pSA,relaxed_basin,18900,0.0,1.0,200,0
N192_M96,pSA,relaxed_basin,19000,0.0,1.0,200,0
N192_M96,pSA,relaxed_basin,19100,0.0,1.0,200,0
N192_M96,pSA,relaxed_basin,19200,0.0,1.0,200,0
N192_M96,pSA,wrong_valid,0,0.0,1.0,200,0
N192_M96,pSA,wrong_valid,100,0.0,1.0,200,0
N192_M96,pSA,wrong_valid,200,0.0,1.0,200,0
N192_M96,pSA,wrong_valid,300,0.0,1.0,200,0
N192_M96,pSA,wrong_valid,400,0.0,1.0,200,0
N192_M96,pSA,wrong_valid,500,0.0,1.0,200,0
N192_M96,pSA,wrong_valid,600,0.0,1.0,200,0
N192_M96,pSA,wrong_valid,700,0.0,1.0,200,0
N192_M96,pSA,wrong_valid,800,0.0,1.0,200,0
N192_M96,pSA,wrong_valid,900,0.0,1.0,200,0
N192_M96,pSA,wrong_valid,1000,0.0,1.0,200,0
N192_M96,pSA,wrong_valid,1100,0.0,1.0,200,0
N192_M96,pSA,wrong_valid,1200,0.0,1.0,200,0
N192_M96,pSA,wrong_valid,1300,0.0,1.0,200,0
N192_M96,pSA,wrong_valid,1400,0.0,1.0,200,0
N192_M96,pSA,wrong_valid,1500,0.0,1.0,200,0
N192_M96,pSA,wrong_valid,1600,0.0,1.0,200,0
N192_M96,pSA,wrong_valid,1700,0.0,1.0,200,0
N192_M96,pSA,wrong_valid,1800,0.0,1.0,200,0
N192_M96,pSA,wrong_valid,1900,0.0,1.0,200,0
N192_M96,pSA,wrong_valid,2000,0.0,1.0,200,0
N192_M96,pSA,wrong_valid,2100,0.0,1.0,200,0
N192_M96,pSA,wrong_valid,2200,0.0,1.0,200,0
N192_M96,pSA,wrong_valid,2300,0.0,1.0,200,0
N192_M96,pSA,wrong_valid,2400,0.0,1.0,200,0
N192_M96,pSA,wrong_valid,2500,0.0,1.0,200,0
N192_M96,pSA,wrong_valid,2600,0.0,1.0,200,0
N192_M96,pSA,wrong_valid,2700,0.0,1.0,200,0
N192_M96,pSA,wrong_valid,2800,0.0,1.0,200,0
N192_M96,pSA,wrong_valid,2900,0.0,1.0,200,0
N192_M96,pSA,wrong_valid,3000,0.0,1.0,200,0
N192_M96,pSA,wrong_valid,3100,0.0,1.0,200,0
N192_M96,pSA,wrong_valid,3200,0.0,1.0,200,0
N192_M96,pSA,wrong_valid,3300,0.0,1.0,200,0
N192_M96,pSA,wrong_valid,3400,0.0,1.0,200,0
N192_M96,pSA,wrong_valid,3500,0.0,1.0,200,0
N192_M96,pSA,wrong_valid,3600,0.0,1.0,200,0
N192_M96,pSA,wrong_valid,3700,0.0,1.0,200,0
N192_M96,pSA,wrong_valid,3800,0.0,1.0,200,0
N192_M96,pSA,wrong_valid,3900,0.0,1.0,200,0
N192_M96,pSA,wrong_valid,4000,0.0,1.0,200,0
N192_M96,pSA,wrong_valid,4100,0.0,1.0,200,0
N192_M96,pSA,wrong_valid,4200,0.0,1.0,200,0
N192_M96,pSA,wrong_valid,4300,0.0,1.0,200,0
N192_M96,pSA,wrong_valid,4400,0.0,1.0,200,0
N192_M96,pSA,wrong_valid,4500,0.0,1.0,200,0
N192_M96,pSA,wrong_valid,4600,0.0,1.0,200,0
N192_M96,pSA,wrong_valid,4700,0.0,1.0,200,0
N192_M96,pSA,wrong_valid,4800,0.0,1.0,200,0
N192_M96,pSA,wrong_valid,4900,0.0,1.0,200,0
N192_M96,pSA,wrong_valid,5000,0.0,1.0,200,0
N192_M96,pSA,wrong_valid,5100,0.0,1.0,200,0
N192_M96,pSA,wrong_valid,5200,0.0,1.0,200,0
N192_M96,pSA,wrong_valid,5300,0.0,1.0,200,0
N192_M96,pSA,wrong_valid,5400,0.0,1.0,200,0
N192_M96,pSA,wrong_valid,5500,0.0,1.0,200,0
N192_M96,pSA,wrong_valid,5600,0.0,1.0,200,0
N192_M96,pSA,wrong_valid,5700,0.0,1.0,200,0
N192_M96,pSA,wrong_valid,5800,0.0,1.0,200,0
N192_M96,pSA,wrong_valid,5900,0.0,1.0,200,0
N192_M96,pSA,wrong_valid,6000,0.0,1.0,200,0
N192_M96,pSA,wrong_valid,6100,0.0,1.0,200,0
N192_M96,pSA,wrong_valid,6200,0.0,1.0,200,0
N192_M96,pSA,wrong_valid,6300,0.0,1.0,200,0
N192_M96,pSA,wrong_valid,6400,0.0,1.0,200,0
N192_M96,pSA,wrong_valid,6500,0.0,1.0,200,0
N192_M96,pSA,wrong_valid,6600,0.0,1.0,200,0
N192_M96,pSA,wrong_valid,6700,0.0,1.0,200,0
N192_M96,pSA,wrong_valid,6800,0.0,1.0,200,0
N192_M96,pSA,wrong_valid,6900,0.0,1.0,200,0
N192_M96,pSA,wrong_valid,7000,0.0,1.0,200,0
N192_M96,pSA,wrong_valid,7100,0.0,1.0,200,0
N192_M96,pSA,wrong_valid,7200,0.0,1.0,200,0
N192_M96,pSA,wrong_valid,7300,0.0,1.0,200,0
N192_M96,pSA,wrong_valid,7400,0.0,1.0,200,0
N192_M96,pSA,wrong_valid,7500,0.0,1.0,200,0
N192_M96,pSA,wrong_valid,7600,0.0,1.0,200,0
N192_M96,pSA,wrong_valid,7700,0.0,1.0,200,0
N192_M96,pSA,wrong_valid,7800,0.0,1.0,200,0
N192_M96,pSA,wrong_valid,7900,0.0,1.0,200,0
N192_M96,pSA,wrong_valid,8000,0.0,1.0,200,0
N192_M96,pSA,wrong_valid,8100,0.0,1.0,200,0
N192_M96,pSA,wrong_valid,8200,0.0,1.0,200,0
N192_M96,pSA,wrong_valid,8300,0.0,1.0,200,0
N192_M96,pSA,wrong_valid,8400,0.0,1.0,200,0
N192_M96,pSA,wrong_valid,8500,0.0,1.0,200,0
N192_M96,pSA,wrong_valid,8600,0.0,1.0,200,0
N192_M96,pSA,wrong_valid,8700,0.0,1.0,200,0
N192_M96,pSA,wrong_valid,8800,0.0,1.0,200,0
N192_M96,pSA,wrong_valid,8900,0.0,1.0,200,0
N192_M96,pSA,wrong_valid,9000,0.0,1.0,200,0
N192_M96,pSA,wrong_valid,9100,0.0,1.0,200,0
N192_M96,pSA,wrong_valid,9200,0.0,1.0,200,0
N192_M96,pSA,wrong_valid,9300,0.0,1.0,200,0
N192_M96,pSA,wrong_valid,9400,0.0,1.0,200,0
N192_M96,pSA,wrong_valid,9500,0.0,1.0,200,0
N192_M96,pSA,wrong_valid,9600,0.0,1.0,200,0
N192_M96,pSA,wrong_valid,9700,0.0,1.0,200,0
N192_M96,pSA,wrong_valid,9800,0.0,1.0,200,0
N192_M96,pSA,wrong_valid,9900,0.0,1.0,200,0
N192_M96,pSA,wrong_valid,10000,0.0,1.0,200,0
N192_M96,pSA,wrong_valid,10100,0.0,1.0,200,0
N192_M96,pSA,wrong_valid,10200,0.0,1.0,200,0
N192_M96,pSA,wrong_valid,10300,0.0,1.0,200,0
N192_M96,pSA,wrong_valid,10400,0.0,1.0,200,0
N192_M96,pSA,wrong_valid,10500,0.0,1.0,200,0
N192_M96,pSA,wrong_valid,10600,0.0,1.0,200,0
N192_M96,pSA,wrong_valid,10700,0.0,1.0,200,0
N192_M96,pSA,wrong_valid,10800,0.0,1.0,200,0
N192_M96,pSA,wrong_valid,10900,0.0,1.0,200,0
N192_M96,pSA,wrong_valid,11000,0.0,1.0,200,0
N192_M96,pSA,wrong_valid,11100,0.0,1.0,200,0
N192_M96,pSA,wrong_valid,11200,0.0,1.0,200,0
N192_M96,pSA,wrong_valid,11300,0.0,1.0,200,0
N192_M96,pSA,wrong_valid,11400,0.0,1.0,200,0
N192_M96,pSA,wrong_valid,11500,0.0,1.0,200,0
N192_M96,pSA,wrong_valid,11600,0.0,1.0,200,0
N192_M96,pSA,wrong_valid,11700,0.0,1.0,200,0
N192_M96,pSA,wrong_valid,11800,0.0,1.0,200,0
N192_M96,pSA,wrong_valid,11900,0.0,1.0,200,0
N192_M96,pSA,wrong_valid,12000,0.0,1.0,200,0
N192_M96,pSA,wrong_valid,12100,0.0,1.0,200,0
N192_M96,pSA,wrong_valid,12200,0.0,1.0,200,0
N192_M96,pSA,wrong_valid,12300,0.0,1.0,200,0
N192_M96,pSA,wrong_valid,12400,0.0,1.0,200,0
N192_M96,pSA,wrong_valid,12500,0.0,1.0,200,0
N192_M96,pSA,wrong_valid,12600,0.0,1.0,200,0
N192_M96,pSA,wrong_valid,12700,0.0,1.0,200,0
N192_M96,pSA,wrong_valid,12800,0.0,1.0,200,0
N192_M96,pSA,wrong_valid,12900,0.0,1.0,200,0
N192_M96,pSA,wrong_valid,13000,0.0,1.0,200,0
N192_M96,pSA,wrong_valid,13100,0.0,1.0,200,0
N192_M96,pSA,wrong_valid,13200,0.0,1.0,200,0
N192_M96,pSA,wrong_valid,13300,0.0,1.0,200,0
N192_M96,pSA,wrong_valid,13400,0.0,1.0,200,0
N192_M96,pSA,wrong_valid,13500,0.0,1.0,200,0
N192_M96,pSA,wrong_valid,13600,0.0,1.0,200,0
N192_M96,pSA,wrong_valid,13700,0.0,1.0,200,0
N192_M96,pSA,wrong_valid,13800,0.0,1.0,200,0
N192_M96,pSA,wrong_valid,13900,0.0,1.0,200,0
N192_M96,pSA,wrong_valid,14000,0.0,1.0,200,0
N192_M96,pSA,wrong_valid,14100,0.0,1.0,200,0
N192_M96,pSA,wrong_valid,14200,0.0,1.0,200,0
N192_M96,pSA,wrong_valid,14300,0.0,1.0,200,0
N192_M96,pSA,wrong_valid,14400,0.0,1.0,200,0
N192_M96,pSA,wrong_valid,14500,0.0,1.0,200,0
N192_M96,pSA,wrong_valid,14600,0.0,1.0,200,0
N192_M96,pSA,wrong_valid,14700,0.0,1.0,200,0
N192_M96,pSA,wrong_valid,14800,0.0,1.0,200,0
N192_M96,pSA,wrong_valid,14900,0.0,1.0,200,0
N192_M96,pSA,wrong_valid,15000,0.0,1.0,200,0
N192_M96,pSA,wrong_valid,15100,0.0,1.0,200,0
N192_M96,pSA,wrong_valid,15200,0.0,1.0,200,0
N192_M96,pSA,wrong_valid,15300,0.0,1.0,200,0
N192_M96,pSA,wrong_valid,15400,0.0,1.0,200,0
N192_M96,pSA,wrong_valid,15500,0.0,1.0,200,0
N192_M96,pSA,wrong_valid,15600,0.0,1.0,200,0
N192_M96,pSA,wrong_valid,15700,0.0,1.0,200,0
N192_M96,pSA,wrong_valid,15800,0.0,1.0,200,0
N192_M96,pSA,wrong_valid,15900,0.0,1.0,200,0
N192_M96,pSA,wrong_valid,16000,0.0,1.0,200,0
N192_M96,pSA,wrong_valid,16100,0.0,1.0,200,0
N192_M96,pSA,wrong_valid,16200,0.0,1.0,200,0
N192_M96,pSA,wrong_valid,16300,0.0,1.0,200,0
N192_M96,pSA,wrong_valid,16400,0.0,1.0,200,0
N192_M96,pSA,wrong_valid,16500,0.0,1.0,200,0
N192_M96,pSA,wrong_valid,16600,0.0,1.0,200,0
N192_M96,pSA,wrong_valid,16700,0.0,1.0,200,0
N192_M96,pSA,wrong_valid,16800,0.0,1.0,200,0
N192_M96,pSA,wrong_valid,16900,0.0,1.0,200,0
N192_M96,pSA,wrong_valid,17000,0.0,1.0,200,0
N192_M96,pSA,wrong_valid,17100,0.0,1.0,200,0
N192_M96,pSA,wrong_valid,17200,0.0,1.0,200,0
N192_M96,pSA,wrong_valid,17300,0.0,1.0,200,0
N192_M96,pSA,wrong_valid,17400,0.0,1.0,200,0
N192_M96,pSA,wrong_valid,17500,0.0,1.0,200,0
N192_M96,pSA,wrong_valid,17600,0.0,1.0,200,0
N192_M96,pSA,wrong_valid,17700,0.0,1.0,200,0
N192_M96,pSA,wrong_valid,17800,0.0,1.0,200,0
N192_M96,pSA,wrong_valid,17900,0.0,1.0,200,0
N192_M96,pSA,wrong_valid,18000,0.0,1.0,200,0
N192_M96,pSA,wrong_valid,18100,0.0,1.0,200,0
N192_M96,pSA,wrong_valid,18200,0.0,1.0,200,0
N192_M96,pSA,wrong_valid,18300,0.0,1.0,200,0
N192_M96,pSA,wrong_valid,18400,0.0,1.0,200,0
N192_M96,pSA,wrong_valid,18500,0.0,1.0,200,0
N192_M96,pSA,wrong_valid,18600,0.0,1.0,200,0
N192_M96,pSA,wrong_valid,18700,0.0,1.0,200,0
N192_M96,pSA,wrong_valid,18800,0.0,1.0,200,0
N192_M96,pSA,wrong_valid,18900,0.0,1.0,200,0
N192_M96,pSA,wrong_valid,19000,0.0,1.0,200,0
N192_M96,pSA,wrong_valid,19100,0.0,1.0,200,0
N192_M96,pSA,wrong_valid,19200,0.0,1.0,200,0
N288_M144,additive,valid,0,0.0,1.0,200,190
N288_M144,additive,valid,100,0.02,0.98,200,190
N288_M144,additive,valid,200,0.125,0.875,200,190
N288_M144,additive,valid,300,0.325,0.675,200,190
N288_M144,additive,valid,400,0.445,0.5549999999999999,200,190
N288_M144,additive,valid,500,0.52,0.48,200,190
N288_M144,additive,valid,600,0.55,0.44999999999999996,200,190
N288_M144,additive,valid,700,0.61,0.39,200,190
N288_M144,additive,valid,800,0.65,0.35,200,190
N288_M144,additive,valid,900,0.675,0.32499999999999996,200,190
N288_M144,additive,valid,1000,0.675,0.32499999999999996,200,190
N288_M144,additive,valid,1100,0.69,0.31000000000000005,200,190
N288_M144,additive,valid,1200,0.7,0.30000000000000004,200,190
N288_M144,additive,valid,1300,0.725,0.275,200,190
N288_M144,additive,valid,1400,0.735,0.265,200,190
N288_M144,additive,valid,1500,0.745,0.255,200,190
N288_M144,additive,valid,1600,0.75,0.25,200,190
N288_M144,additive,valid,1700,0.76,0.24,200,190
N288_M144,additive,valid,1800,0.78,0.21999999999999997,200,190
N288_M144,additive,valid,1900,0.795,0.20499999999999996,200,190
N288_M144,additive,valid,2000,0.8,0.19999999999999996,200,190
N288_M144,additive,valid,2100,0.805,0.19499999999999995,200,190
N288_M144,additive,valid,2200,0.825,0.17500000000000004,200,190
N288_M144,additive,valid,2300,0.83,0.17000000000000004,200,190
N288_M144,additive,valid,2400,0.83,0.17000000000000004,200,190
N288_M144,additive,valid,2500,0.83,0.17000000000000004,200,190
N288_M144,additive,valid,2600,0.835,0.16500000000000004,200,190
N288_M144,additive,valid,2700,0.84,0.16000000000000003,200,190
N288_M144,additive,valid,2800,0.845,0.15500000000000003,200,190
N288_M144,additive,valid,2900,0.845,0.15500000000000003,200,190
N288_M144,additive,valid,3000,0.85,0.15000000000000002,200,190
N288_M144,additive,valid,3100,0.855,0.14500000000000002,200,190
N288_M144,additive,valid,3200,0.86,0.14,200,190
N288_M144,additive,valid,3300,0.865,0.135,200,190
N288_M144,additive,valid,3400,0.865,0.135,200,190
N288_M144,additive,valid,3500,0.865,0.135,200,190
N288_M144,additive,valid,3600,0.87,0.13,200,190
N288_M144,additive,valid,3700,0.875,0.125,200,190
N288_M144,additive,valid,3800,0.875,0.125,200,190
N288_M144,additive,valid,3900,0.875,0.125,200,190
N288_M144,additive,valid,4000,0.875,0.125,200,190
N288_M144,additive,valid,4100,0.875,0.125,200,190
N288_M144,additive,valid,4200,0.88,0.12,200,190
N288_M144,additive,valid,4300,0.88,0.12,200,190
N288_M144,additive,valid,4400,0.885,0.11499999999999999,200,190
N288_M144,additive,valid,4500,0.885,0.11499999999999999,200,190
N288_M144,additive,valid,4600,0.885,0.11499999999999999,200,190
N288_M144,additive,valid,4700,0.885,0.11499999999999999,200,190
N288_M144,additive,valid,4800,0.885,0.11499999999999999,200,190
N288_M144,additive,valid,4900,0.89,0.10999999999999999,200,190
N288_M144,additive,valid,5000,0.89,0.10999999999999999,200,190
N288_M144,additive,valid,5100,0.89,0.10999999999999999,200,190
N288_M144,additive,valid,5200,0.89,0.10999999999999999,200,190
N288_M144,additive,valid,5300,0.895,0.10499999999999998,200,190
N288_M144,additive,valid,5400,0.895,0.10499999999999998,200,190
N288_M144,additive,valid,5500,0.895,0.10499999999999998,200,190
N288_M144,additive,valid,5600,0.895,0.10499999999999998,200,190
N288_M144,additive,valid,5700,0.895,0.10499999999999998,200,190
N288_M144,additive,valid,5800,0.895,0.10499999999999998,200,190
N288_M144,additive,valid,5900,0.895,0.10499999999999998,200,190
N288_M144,additive,valid,6000,0.9,0.09999999999999998,200,190
N288_M144,additive,valid,6100,0.9,0.09999999999999998,200,190
N288_M144,additive,valid,6200,0.905,0.09499999999999997,200,190
N288_M144,additive,valid,6300,0.905,0.09499999999999997,200,190
N288_M144,additive,valid,6400,0.91,0.08999999999999997,200,190
N288_M144,additive,valid,6500,0.915,0.08499999999999996,200,190
N288_M144,additive,valid,6600,0.92,0.07999999999999996,200,190
N288_M144,additive,valid,6700,0.92,0.07999999999999996,200,190
N288_M144,additive,valid,6800,0.92,0.07999999999999996,200,190
N288_M144,additive,valid,6900,0.925,0.07499999999999996,200,190
N288_M144,additive,valid,7000,0.925,0.07499999999999996,200,190
N288_M144,additive,valid,7100,0.93,0.06999999999999995,200,190
N288_M144,additive,valid,7200,0.93,0.06999999999999995,200,190
N288_M144,additive,valid,7300,0.93,0.06999999999999995,200,190
N288_M144,additive,valid,7400,0.93,0.06999999999999995,200,190
N288_M144,additive,valid,7500,0.93,0.06999999999999995,200,190
N288_M144,additive,valid,7600,0.93,0.06999999999999995,200,190
N288_M144,additive,valid,7700,0.93,0.06999999999999995,200,190
N288_M144,additive,valid,7800,0.93,0.06999999999999995,200,190
N288_M144,additive,valid,7900,0.93,0.06999999999999995,200,190
N288_M144,additive,valid,8000,0.93,0.06999999999999995,200,190
N288_M144,additive,valid,8100,0.93,0.06999999999999995,200,190
N288_M144,additive,valid,8200,0.93,0.06999999999999995,200,190
N288_M144,additive,valid,8300,0.93,0.06999999999999995,200,190
N288_M144,additive,valid,8400,0.93,0.06999999999999995,200,190
N288_M144,additive,valid,8500,0.93,0.06999999999999995,200,190
N288_M144,additive,valid,8600,0.93,0.06999999999999995,200,190
N288_M144,additive,valid,8700,0.93,0.06999999999999995,200,190
N288_M144,additive,valid,8800,0.93,0.06999999999999995,200,190
N288_M144,additive,valid,8900,0.93,0.06999999999999995,200,190
N288_M144,additive,valid,9000,0.93,0.06999999999999995,200,190
N288_M144,additive,valid,9100,0.93,0.06999999999999995,200,190
N288_M144,additive,valid,9200,0.93,0.06999999999999995,200,190
N288_M144,additive,valid,9300,0.93,0.06999999999999995,200,190
N288_M144,additive,valid,9400,0.935,0.06499999999999995,200,190
N288_M144,additive,valid,9500,0.935,0.06499999999999995,200,190
N288_M144,additive,valid,9600,0.935,0.06499999999999995,200,190
N288_M144,additive,valid,9700,0.935,0.06499999999999995,200,190
N288_M144,additive,valid,9800,0.935,0.06499999999999995,200,190
N288_M144,additive,valid,9900,0.935,0.06499999999999995,200,190
N288_M144,additive,valid,10000,0.94,0.06000000000000005,200,190
N288_M144,additive,valid,10100,0.94,0.06000000000000005,200,190
N288_M144,additive,valid,10200,0.94,0.06000000000000005,200,190
N288_M144,additive,valid,10300,0.94,0.06000000000000005,200,190
N288_M144,additive,valid,10400,0.94,0.06000000000000005,200,190
N288_M144,additive,valid,10500,0.94,0.06000000000000005,200,190
N288_M144,additive,valid,10600,0.94,0.06000000000000005,200,190
N288_M144,additive,valid,10700,0.94,0.06000000000000005,200,190
N288_M144,additive,valid,10800,0.94,0.06000000000000005,200,190
N288_M144,additive,valid,10900,0.94,0.06000000000000005,200,190
N288_M144,additive,valid,11000,0.94,0.06000000000000005,200,190
N288_M144,additive,valid,11100,0.94,0.06000000000000005,200,190
N288_M144,additive,valid,11200,0.94,0.06000000000000005,200,190
N288_M144,additive,valid,11300,0.94,0.06000000000000005,200,190
N288_M144,additive,valid,11400,0.94,0.06000000000000005,200,190
N288_M144,additive,valid,11500,0.94,0.06000000000000005,200,190
N288_M144,additive,valid,11600,0.94,0.06000000000000005,200,190
N288_M144,additive,valid,11700,0.94,0.06000000000000005,200,190
N288_M144,additive,valid,11800,0.94,0.06000000000000005,200,190
N288_M144,additive,valid,11900,0.94,0.06000000000000005,200,190
N288_M144,additive,valid,12000,0.94,0.06000000000000005,200,190
N288_M144,additive,valid,12100,0.94,0.06000000000000005,200,190
N288_M144,additive,valid,12200,0.94,0.06000000000000005,200,190
N288_M144,additive,valid,12300,0.94,0.06000000000000005,200,190
N288_M144,additive,valid,12400,0.94,0.06000000000000005,200,190
N288_M144,additive,valid,12500,0.94,0.06000000000000005,200,190
N288_M144,additive,valid,12600,0.94,0.06000000000000005,200,190
N288_M144,additive,valid,12700,0.94,0.06000000000000005,200,190
N288_M144,additive,valid,12800,0.94,0.06000000000000005,200,190
N288_M144,additive,valid,12900,0.94,0.06000000000000005,200,190
N288_M144,additive,valid,13000,0.945,0.05500000000000005,200,190
N288_M144,additive,valid,13100,0.945,0.05500000000000005,200,190
N288_M144,additive,valid,13200,0.945,0.05500000000000005,200,190
N288_M144,additive,valid,13300,0.945,0.05500000000000005,200,190
N288_M144,additive,valid,13400,0.945,0.05500000000000005,200,190
N288_M144,additive,valid,13500,0.945,0.05500000000000005,200,190
N288_M144,additive,valid,13600,0.945,0.05500000000000005,200,190
N288_M144,additive,valid,13700,0.945,0.05500000000000005,200,190
N288_M144,additive,valid,13800,0.945,0.05500000000000005,200,190
N288_M144,additive,valid,13900,0.945,0.05500000000000005,200,190
N288_M144,additive,valid,14000,0.945,0.05500000000000005,200,190
N288_M144,additive,valid,14100,0.945,0.05500000000000005,200,190
N288_M144,additive,valid,14200,0.945,0.05500000000000005,200,190
N288_M144,additive,valid,14300,0.945,0.05500000000000005,200,190
N288_M144,additive,valid,14400,0.945,0.05500000000000005,200,190
N288_M144,additive,valid,14500,0.945,0.05500000000000005,200,190
N288_M144,additive,valid,14600,0.945,0.05500000000000005,200,190
N288_M144,additive,valid,14700,0.945,0.05500000000000005,200,190
N288_M144,additive,valid,14800,0.945,0.05500000000000005,200,190
N288_M144,additive,valid,14900,0.945,0.05500000000000005,200,190
N288_M144,additive,valid,15000,0.945,0.05500000000000005,200,190
N288_M144,additive,valid,15100,0.945,0.05500000000000005,200,190
N288_M144,additive,valid,15200,0.945,0.05500000000000005,200,190
N288_M144,additive,valid,15300,0.945,0.05500000000000005,200,190
N288_M144,additive,valid,15400,0.945,0.05500000000000005,200,190
N288_M144,additive,valid,15500,0.945,0.05500000000000005,200,190
N288_M144,additive,valid,15600,0.945,0.05500000000000005,200,190
N288_M144,additive,valid,15700,0.945,0.05500000000000005,200,190
N288_M144,additive,valid,15800,0.945,0.05500000000000005,200,190
N288_M144,additive,valid,15900,0.945,0.05500000000000005,200,190
N288_M144,additive,valid,16000,0.945,0.05500000000000005,200,190
N288_M144,additive,valid,16100,0.945,0.05500000000000005,200,190
N288_M144,additive,valid,16200,0.945,0.05500000000000005,200,190
N288_M144,additive,valid,16300,0.945,0.05500000000000005,200,190
N288_M144,additive,valid,16400,0.945,0.05500000000000005,200,190
N288_M144,additive,valid,16500,0.945,0.05500000000000005,200,190
N288_M144,additive,valid,16600,0.945,0.05500000000000005,200,190
N288_M144,additive,valid,16700,0.945,0.05500000000000005,200,190
N288_M144,additive,valid,16800,0.945,0.05500000000000005,200,190
N288_M144,additive,valid,16900,0.95,0.050000000000000044,200,190
N288_M144,additive,valid,17000,0.95,0.050000000000000044,200,190
N288_M144,additive,valid,17100,0.95,0.050000000000000044,200,190
N288_M144,additive,valid,17200,0.95,0.050000000000000044,200,190
N288_M144,additive,valid,17300,0.95,0.050000000000000044,200,190
N288_M144,additive,valid,17400,0.95,0.050000000000000044,200,190
N288_M144,additive,valid,17500,0.95,0.050000000000000044,200,190
N288_M144,additive,valid,17600,0.95,0.050000000000000044,200,190
N288_M144,additive,valid,17700,0.95,0.050000000000000044,200,190
N288_M144,additive,valid,17800,0.95,0.050000000000000044,200,190
N288_M144,additive,valid,17900,0.95,0.050000000000000044,200,190
N288_M144,additive,valid,18000,0.95,0.050000000000000044,200,190
N288_M144,additive,valid,18100,0.95,0.050000000000000044,200,190
N288_M144,additive,valid,18200,0.95,0.050000000000000044,200,190
N288_M144,additive,valid,18300,0.95,0.050000000000000044,200,190
N288_M144,additive,valid,18400,0.95,0.050000000000000044,200,190
N288_M144,additive,valid,18500,0.95,0.050000000000000044,200,190
N288_M144,additive,valid,18600,0.95,0.050000000000000044,200,190
N288_M144,additive,valid,18700,0.95,0.050000000000000044,200,190
N288_M144,additive,valid,18800,0.95,0.050000000000000044,200,190
N288_M144,additive,valid,18900,0.95,0.050000000000000044,200,190
N288_M144,additive,valid,19000,0.95,0.050000000000000044,200,190
N288_M144,additive,valid,19100,0.95,0.050000000000000044,200,190
N288_M144,additive,valid,19200,0.95,0.050000000000000044,200,190
N288_M144,additive,valid,19300,0.95,0.050000000000000044,200,190
N288_M144,additive,valid,19400,0.95,0.050000000000000044,200,190
N288_M144,additive,valid,19500,0.95,0.050000000000000044,200,190
N288_M144,additive,valid,19600,0.95,0.050000000000000044,200,190
N288_M144,additive,valid,19700,0.95,0.050000000000000044,200,190
N288_M144,additive,valid,19800,0.95,0.050000000000000044,200,190
N288_M144,additive,valid,19900,0.95,0.050000000000000044,200,190
N288_M144,additive,valid,20000,0.95,0.050000000000000044,200,190
N288_M144,additive,valid,20100,0.95,0.050000000000000044,200,190
N288_M144,additive,valid,20200,0.95,0.050000000000000044,200,190
N288_M144,additive,valid,20300,0.95,0.050000000000000044,200,190
N288_M144,additive,valid,20400,0.95,0.050000000000000044,200,190
N288_M144,additive,valid,20500,0.95,0.050000000000000044,200,190
N288_M144,additive,valid,20600,0.95,0.050000000000000044,200,190
N288_M144,additive,valid,20700,0.95,0.050000000000000044,200,190
N288_M144,additive,valid,20800,0.95,0.050000000000000044,200,190
N288_M144,additive,valid,20900,0.95,0.050000000000000044,200,190
N288_M144,additive,valid,21000,0.95,0.050000000000000044,200,190
N288_M144,additive,valid,21100,0.95,0.050000000000000044,200,190
N288_M144,additive,valid,21200,0.95,0.050000000000000044,200,190
N288_M144,additive,valid,21300,0.95,0.050000000000000044,200,190
N288_M144,additive,valid,21400,0.95,0.050000000000000044,200,190
N288_M144,additive,valid,21500,0.95,0.050000000000000044,200,190
N288_M144,additive,valid,21600,0.95,0.050000000000000044,200,190
N288_M144,additive,valid,21700,0.95,0.050000000000000044,200,190
N288_M144,additive,valid,21800,0.95,0.050000000000000044,200,190
N288_M144,additive,valid,21900,0.95,0.050000000000000044,200,190
N288_M144,additive,valid,22000,0.95,0.050000000000000044,200,190
N288_M144,additive,valid,22100,0.95,0.050000000000000044,200,190
N288_M144,additive,valid,22200,0.95,0.050000000000000044,200,190
N288_M144,additive,valid,22300,0.95,0.050000000000000044,200,190
N288_M144,additive,valid,22400,0.95,0.050000000000000044,200,190
N288_M144,additive,valid,22500,0.95,0.050000000000000044,200,190
N288_M144,additive,valid,22600,0.95,0.050000000000000044,200,190
N288_M144,additive,valid,22700,0.95,0.050000000000000044,200,190
N288_M144,additive,valid,22800,0.95,0.050000000000000044,200,190
N288_M144,additive,valid,22900,0.95,0.050000000000000044,200,190
N288_M144,additive,valid,23000,0.95,0.050000000000000044,200,190
N288_M144,additive,valid,23100,0.95,0.050000000000000044,200,190
N288_M144,additive,valid,23200,0.95,0.050000000000000044,200,190
N288_M144,additive,valid,23300,0.95,0.050000000000000044,200,190
N288_M144,additive,valid,23400,0.95,0.050000000000000044,200,190
N288_M144,additive,valid,23500,0.95,0.050000000000000044,200,190
N288_M144,additive,valid,23600,0.95,0.050000000000000044,200,190
N288_M144,additive,valid,23700,0.95,0.050000000000000044,200,190
N288_M144,additive,valid,23800,0.95,0.050000000000000044,200,190
N288_M144,additive,valid,23900,0.95,0.050000000000000044,200,190
N288_M144,additive,valid,24000,0.95,0.050000000000000044,200,190
N288_M144,additive,valid,24100,0.95,0.050000000000000044,200,190
N288_M144,additive,valid,24200,0.95,0.050000000000000044,200,190
N288_M144,additive,valid,24300,0.95,0.050000000000000044,200,190
N288_M144,additive,valid,24400,0.95,0.050000000000000044,200,190
N288_M144,additive,valid,24500,0.95,0.050000000000000044,200,190
N288_M144,additive,valid,24600,0.95,0.050000000000000044,200,190
N288_M144,additive,valid,24700,0.95,0.050000000000000044,200,190
N288_M144,additive,valid,24800,0.95,0.050000000000000044,200,190
N288_M144,additive,valid,24900,0.95,0.050000000000000044,200,190
N288_M144,additive,valid,25000,0.95,0.050000000000000044,200,190
N288_M144,additive,valid,25100,0.95,0.050000000000000044,200,190
N288_M144,additive,valid,25200,0.95,0.050000000000000044,200,190
N288_M144,additive,valid,25300,0.95,0.050000000000000044,200,190
N288_M144,additive,valid,25400,0.95,0.050000000000000044,200,190
N288_M144,additive,valid,25500,0.95,0.050000000000000044,200,190
N288_M144,additive,valid,25600,0.95,0.050000000000000044,200,190
N288_M144,additive,valid_after_nonvalid,0,0.0,1.0,200,190
N288_M144,additive,valid_after_nonvalid,100,0.02,0.98,200,190
N288_M144,additive,valid_after_nonvalid,200,0.125,0.875,200,190
N288_M144,additive,valid_after_nonvalid,300,0.325,0.675,200,190
N288_M144,additive,valid_after_nonvalid,400,0.445,0.5549999999999999,200,190
N288_M144,additive,valid_after_nonvalid,500,0.52,0.48,200,190
N288_M144,additive,valid_after_nonvalid,600,0.55,0.44999999999999996,200,190
N288_M144,additive,valid_after_nonvalid,700,0.61,0.39,200,190
N288_M144,additive,valid_after_nonvalid,800,0.65,0.35,200,190
N288_M144,additive,valid_after_nonvalid,900,0.675,0.32499999999999996,200,190
N288_M144,additive,valid_after_nonvalid,1000,0.675,0.32499999999999996,200,190
N288_M144,additive,valid_after_nonvalid,1100,0.69,0.31000000000000005,200,190
N288_M144,additive,valid_after_nonvalid,1200,0.7,0.30000000000000004,200,190
N288_M144,additive,valid_after_nonvalid,1300,0.725,0.275,200,190
N288_M144,additive,valid_after_nonvalid,1400,0.735,0.265,200,190
N288_M144,additive,valid_after_nonvalid,1500,0.745,0.255,200,190
N288_M144,additive,valid_after_nonvalid,1600,0.75,0.25,200,190
N288_M144,additive,valid_after_nonvalid,1700,0.76,0.24,200,190
N288_M144,additive,valid_after_nonvalid,1800,0.78,0.21999999999999997,200,190
N288_M144,additive,valid_after_nonvalid,1900,0.795,0.20499999999999996,200,190
N288_M144,additive,valid_after_nonvalid,2000,0.8,0.19999999999999996,200,190
N288_M144,additive,valid_after_nonvalid,2100,0.805,0.19499999999999995,200,190
N288_M144,additive,valid_after_nonvalid,2200,0.825,0.17500000000000004,200,190
N288_M144,additive,valid_after_nonvalid,2300,0.83,0.17000000000000004,200,190
N288_M144,additive,valid_after_nonvalid,2400,0.83,0.17000000000000004,200,190
N288_M144,additive,valid_after_nonvalid,2500,0.83,0.17000000000000004,200,190
N288_M144,additive,valid_after_nonvalid,2600,0.835,0.16500000000000004,200,190
N288_M144,additive,valid_after_nonvalid,2700,0.84,0.16000000000000003,200,190
N288_M144,additive,valid_after_nonvalid,2800,0.845,0.15500000000000003,200,190
N288_M144,additive,valid_after_nonvalid,2900,0.845,0.15500000000000003,200,190
N288_M144,additive,valid_after_nonvalid,3000,0.85,0.15000000000000002,200,190
N288_M144,additive,valid_after_nonvalid,3100,0.855,0.14500000000000002,200,190
N288_M144,additive,valid_after_nonvalid,3200,0.86,0.14,200,190
N288_M144,additive,valid_after_nonvalid,3300,0.865,0.135,200,190
N288_M144,additive,valid_after_nonvalid,3400,0.865,0.135,200,190
N288_M144,additive,valid_after_nonvalid,3500,0.865,0.135,200,190
N288_M144,additive,valid_after_nonvalid,3600,0.87,0.13,200,190
N288_M144,additive,valid_after_nonvalid,3700,0.875,0.125,200,190
N288_M144,additive,valid_after_nonvalid,3800,0.875,0.125,200,190
N288_M144,additive,valid_after_nonvalid,3900,0.875,0.125,200,190
N288_M144,additive,valid_after_nonvalid,4000,0.875,0.125,200,190
N288_M144,additive,valid_after_nonvalid,4100,0.875,0.125,200,190
N288_M144,additive,valid_after_nonvalid,4200,0.88,0.12,200,190
N288_M144,additive,valid_after_nonvalid,4300,0.88,0.12,200,190
N288_M144,additive,valid_after_nonvalid,4400,0.885,0.11499999999999999,200,190
N288_M144,additive,valid_after_nonvalid,4500,0.885,0.11499999999999999,200,190
N288_M144,additive,valid_after_nonvalid,4600,0.885,0.11499999999999999,200,190
N288_M144,additive,valid_after_nonvalid,4700,0.885,0.11499999999999999,200,190
N288_M144,additive,valid_after_nonvalid,4800,0.885,0.11499999999999999,200,190
N288_M144,additive,valid_after_nonvalid,4900,0.89,0.10999999999999999,200,190
N288_M144,additive,valid_after_nonvalid,5000,0.89,0.10999999999999999,200,190
N288_M144,additive,valid_after_nonvalid,5100,0.89,0.10999999999999999,200,190
N288_M144,additive,valid_after_nonvalid,5200,0.89,0.10999999999999999,200,190
N288_M144,additive,valid_after_nonvalid,5300,0.895,0.10499999999999998,200,190
N288_M144,additive,valid_after_nonvalid,5400,0.895,0.10499999999999998,200,190
N288_M144,additive,valid_after_nonvalid,5500,0.895,0.10499999999999998,200,190
N288_M144,additive,valid_after_nonvalid,5600,0.895,0.10499999999999998,200,190
N288_M144,additive,valid_after_nonvalid,5700,0.895,0.10499999999999998,200,190
N288_M144,additive,valid_after_nonvalid,5800,0.895,0.10499999999999998,200,190
N288_M144,additive,valid_after_nonvalid,5900,0.895,0.10499999999999998,200,190
N288_M144,additive,valid_after_nonvalid,6000,0.9,0.09999999999999998,200,190
N288_M144,additive,valid_after_nonvalid,6100,0.9,0.09999999999999998,200,190
N288_M144,additive,valid_after_nonvalid,6200,0.905,0.09499999999999997,200,190
N288_M144,additive,valid_after_nonvalid,6300,0.905,0.09499999999999997,200,190
N288_M144,additive,valid_after_nonvalid,6400,0.91,0.08999999999999997,200,190
N288_M144,additive,valid_after_nonvalid,6500,0.915,0.08499999999999996,200,190
N288_M144,additive,valid_after_nonvalid,6600,0.92,0.07999999999999996,200,190
N288_M144,additive,valid_after_nonvalid,6700,0.92,0.07999999999999996,200,190
N288_M144,additive,valid_after_nonvalid,6800,0.92,0.07999999999999996,200,190
N288_M144,additive,valid_after_nonvalid,6900,0.925,0.07499999999999996,200,190
N288_M144,additive,valid_after_nonvalid,7000,0.925,0.07499999999999996,200,190
N288_M144,additive,valid_after_nonvalid,7100,0.93,0.06999999999999995,200,190
N288_M144,additive,valid_after_nonvalid,7200,0.93,0.06999999999999995,200,190
N288_M144,additive,valid_after_nonvalid,7300,0.93,0.06999999999999995,200,190
N288_M144,additive,valid_after_nonvalid,7400,0.93,0.06999999999999995,200,190
N288_M144,additive,valid_after_nonvalid,7500,0.93,0.06999999999999995,200,190
N288_M144,additive,valid_after_nonvalid,7600,0.93,0.06999999999999995,200,190
N288_M144,additive,valid_after_nonvalid,7700,0.93,0.06999999999999995,200,190
N288_M144,additive,valid_after_nonvalid,7800,0.93,0.06999999999999995,200,190
N288_M144,additive,valid_after_nonvalid,7900,0.93,0.06999999999999995,200,190
N288_M144,additive,valid_after_nonvalid,8000,0.93,0.06999999999999995,200,190
N288_M144,additive,valid_after_nonvalid,8100,0.93,0.06999999999999995,200,190
N288_M144,additive,valid_after_nonvalid,8200,0.93,0.06999999999999995,200,190
N288_M144,additive,valid_after_nonvalid,8300,0.93,0.06999999999999995,200,190
N288_M144,additive,valid_after_nonvalid,8400,0.93,0.06999999999999995,200,190
N288_M144,additive,valid_after_nonvalid,8500,0.93,0.06999999999999995,200,190
N288_M144,additive,valid_after_nonvalid,8600,0.93,0.06999999999999995,200,190
N288_M144,additive,valid_after_nonvalid,8700,0.93,0.06999999999999995,200,190
N288_M144,additive,valid_after_nonvalid,8800,0.93,0.06999999999999995,200,190
N288_M144,additive,valid_after_nonvalid,8900,0.93,0.06999999999999995,200,190
N288_M144,additive,valid_after_nonvalid,9000,0.93,0.06999999999999995,200,190
N288_M144,additive,valid_after_nonvalid,9100,0.93,0.06999999999999995,200,190
N288_M144,additive,valid_after_nonvalid,9200,0.93,0.06999999999999995,200,190
N288_M144,additive,valid_after_nonvalid,9300,0.93,0.06999999999999995,200,190
N288_M144,additive,valid_after_nonvalid,9400,0.935,0.06499999999999995,200,190
N288_M144,additive,valid_after_nonvalid,9500,0.935,0.06499999999999995,200,190
N288_M144,additive,valid_after_nonvalid,9600,0.935,0.06499999999999995,200,190
N288_M144,additive,valid_after_nonvalid,9700,0.935,0.06499999999999995,200,190
N288_M144,additive,valid_after_nonvalid,9800,0.935,0.06499999999999995,200,190
N288_M144,additive,valid_after_nonvalid,9900,0.935,0.06499999999999995,200,190
N288_M144,additive,valid_after_nonvalid,10000,0.94,0.06000000000000005,200,190
N288_M144,additive,valid_after_nonvalid,10100,0.94,0.06000000000000005,200,190
N288_M144,additive,valid_after_nonvalid,10200,0.94,0.06000000000000005,200,190
N288_M144,additive,valid_after_nonvalid,10300,0.94,0.06000000000000005,200,190
N288_M144,additive,valid_after_nonvalid,10400,0.94,0.06000000000000005,200,190
N288_M144,additive,valid_after_nonvalid,10500,0.94,0.06000000000000005,200,190
N288_M144,additive,valid_after_nonvalid,10600,0.94,0.06000000000000005,200,190
N288_M144,additive,valid_after_nonvalid,10700,0.94,0.06000000000000005,200,190
N288_M144,additive,valid_after_nonvalid,10800,0.94,0.06000000000000005,200,190
N288_M144,additive,valid_after_nonvalid,10900,0.94,0.06000000000000005,200,190
N288_M144,additive,valid_after_nonvalid,11000,0.94,0.06000000000000005,200,190
N288_M144,additive,valid_after_nonvalid,11100,0.94,0.06000000000000005,200,190
N288_M144,additive,valid_after_nonvalid,11200,0.94,0.06000000000000005,200,190
N288_M144,additive,valid_after_nonvalid,11300,0.94,0.06000000000000005,200,190
N288_M144,additive,valid_after_nonvalid,11400,0.94,0.06000000000000005,200,190
N288_M144,additive,valid_after_nonvalid,11500,0.94,0.06000000000000005,200,190
N288_M144,additive,valid_after_nonvalid,11600,0.94,0.06000000000000005,200,190
N288_M144,additive,valid_after_nonvalid,11700,0.94,0.06000000000000005,200,190
N288_M144,additive,valid_after_nonvalid,11800,0.94,0.06000000000000005,200,190
N288_M144,additive,valid_after_nonvalid,11900,0.94,0.06000000000000005,200,190
N288_M144,additive,valid_after_nonvalid,12000,0.94,0.06000000000000005,200,190
N288_M144,additive,valid_after_nonvalid,12100,0.94,0.06000000000000005,200,190
N288_M144,additive,valid_after_nonvalid,12200,0.94,0.06000000000000005,200,190
N288_M144,additive,valid_after_nonvalid,12300,0.94,0.06000000000000005,200,190
N288_M144,additive,valid_after_nonvalid,12400,0.94,0.06000000000000005,200,190
N288_M144,additive,valid_after_nonvalid,12500,0.94,0.06000000000000005,200,190
N288_M144,additive,valid_after_nonvalid,12600,0.94,0.06000000000000005,200,190
N288_M144,additive,valid_after_nonvalid,12700,0.94,0.06000000000000005,200,190
N288_M144,additive,valid_after_nonvalid,12800,0.94,0.06000000000000005,200,190
N288_M144,additive,valid_after_nonvalid,12900,0.94,0.06000000000000005,200,190
N288_M144,additive,valid_after_nonvalid,13000,0.945,0.05500000000000005,200,190
N288_M144,additive,valid_after_nonvalid,13100,0.945,0.05500000000000005,200,190
N288_M144,additive,valid_after_nonvalid,13200,0.945,0.05500000000000005,200,190
N288_M144,additive,valid_after_nonvalid,13300,0.945,0.05500000000000005,200,190
N288_M144,additive,valid_after_nonvalid,13400,0.945,0.05500000000000005,200,190
N288_M144,additive,valid_after_nonvalid,13500,0.945,0.05500000000000005,200,190
N288_M144,additive,valid_after_nonvalid,13600,0.945,0.05500000000000005,200,190
N288_M144,additive,valid_after_nonvalid,13700,0.945,0.05500000000000005,200,190
N288_M144,additive,valid_after_nonvalid,13800,0.945,0.05500000000000005,200,190
N288_M144,additive,valid_after_nonvalid,13900,0.945,0.05500000000000005,200,190
N288_M144,additive,valid_after_nonvalid,14000,0.945,0.05500000000000005,200,190
N288_M144,additive,valid_after_nonvalid,14100,0.945,0.05500000000000005,200,190
N288_M144,additive,valid_after_nonvalid,14200,0.945,0.05500000000000005,200,190
N288_M144,additive,valid_after_nonvalid,14300,0.945,0.05500000000000005,200,190
N288_M144,additive,valid_after_nonvalid,14400,0.945,0.05500000000000005,200,190
N288_M144,additive,valid_after_nonvalid,14500,0.945,0.05500000000000005,200,190
N288_M144,additive,valid_after_nonvalid,14600,0.945,0.05500000000000005,200,190
N288_M144,additive,valid_after_nonvalid,14700,0.945,0.05500000000000005,200,190
N288_M144,additive,valid_after_nonvalid,14800,0.945,0.05500000000000005,200,190
N288_M144,additive,valid_after_nonvalid,14900,0.945,0.05500000000000005,200,190
N288_M144,additive,valid_after_nonvalid,15000,0.945,0.05500000000000005,200,190
N288_M144,additive,valid_after_nonvalid,15100,0.945,0.05500000000000005,200,190
N288_M144,additive,valid_after_nonvalid,15200,0.945,0.05500000000000005,200,190
N288_M144,additive,valid_after_nonvalid,15300,0.945,0.05500000000000005,200,190
N288_M144,additive,valid_after_nonvalid,15400,0.945,0.05500000000000005,200,190
N288_M144,additive,valid_after_nonvalid,15500,0.945,0.05500000000000005,200,190
N288_M144,additive,valid_after_nonvalid,15600,0.945,0.05500000000000005,200,190
N288_M144,additive,valid_after_nonvalid,15700,0.945,0.05500000000000005,200,190
N288_M144,additive,valid_after_nonvalid,15800,0.945,0.05500000000000005,200,190
N288_M144,additive,valid_after_nonvalid,15900,0.945,0.05500000000000005,200,190
N288_M144,additive,valid_after_nonvalid,16000,0.945,0.05500000000000005,200,190
N288_M144,additive,valid_after_nonvalid,16100,0.945,0.05500000000000005,200,190
N288_M144,additive,valid_after_nonvalid,16200,0.945,0.05500000000000005,200,190
N288_M144,additive,valid_after_nonvalid,16300,0.945,0.05500000000000005,200,190
N288_M144,additive,valid_after_nonvalid,16400,0.945,0.05500000000000005,200,190
N288_M144,additive,valid_after_nonvalid,16500,0.945,0.05500000000000005,200,190
N288_M144,additive,valid_after_nonvalid,16600,0.945,0.05500000000000005,200,190
N288_M144,additive,valid_after_nonvalid,16700,0.945,0.05500000000000005,200,190
N288_M144,additive,valid_after_nonvalid,16800,0.945,0.05500000000000005,200,190
N288_M144,additive,valid_after_nonvalid,16900,0.95,0.050000000000000044,200,190
N288_M144,additive,valid_after_nonvalid,17000,0.95,0.050000000000000044,200,190
N288_M144,additive,valid_after_nonvalid,17100,0.95,0.050000000000000044,200,190
N288_M144,additive,valid_after_nonvalid,17200,0.95,0.050000000000000044,200,190
N288_M144,additive,valid_after_nonvalid,17300,0.95,0.050000000000000044,200,190
N288_M144,additive,valid_after_nonvalid,17400,0.95,0.050000000000000044,200,190
N288_M144,additive,valid_after_nonvalid,17500,0.95,0.050000000000000044,200,190
N288_M144,additive,valid_after_nonvalid,17600,0.95,0.050000000000000044,200,190
N288_M144,additive,valid_after_nonvalid,17700,0.95,0.050000000000000044,200,190
N288_M144,additive,valid_after_nonvalid,17800,0.95,0.050000000000000044,200,190
N288_M144,additive,valid_after_nonvalid,17900,0.95,0.050000000000000044,200,190
N288_M144,additive,valid_after_nonvalid,18000,0.95,0.050000000000000044,200,190
N288_M144,additive,valid_after_nonvalid,18100,0.95,0.050000000000000044,200,190
N288_M144,additive,valid_after_nonvalid,18200,0.95,0.050000000000000044,200,190
N288_M144,additive,valid_after_nonvalid,18300,0.95,0.050000000000000044,200,190
N288_M144,additive,valid_after_nonvalid,18400,0.95,0.050000000000000044,200,190
N288_M144,additive,valid_after_nonvalid,18500,0.95,0.050000000000000044,200,190
N288_M144,additive,valid_after_nonvalid,18600,0.95,0.050000000000000044,200,190
N288_M144,additive,valid_after_nonvalid,18700,0.95,0.050000000000000044,200,190
N288_M144,additive,valid_after_nonvalid,18800,0.95,0.050000000000000044,200,190
N288_M144,additive,valid_after_nonvalid,18900,0.95,0.050000000000000044,200,190
N288_M144,additive,valid_after_nonvalid,19000,0.95,0.050000000000000044,200,190
N288_M144,additive,valid_after_nonvalid,19100,0.95,0.050000000000000044,200,190
N288_M144,additive,valid_after_nonvalid,19200,0.95,0.050000000000000044,200,190
N288_M144,additive,valid_after_nonvalid,19300,0.95,0.050000000000000044,200,190
N288_M144,additive,valid_after_nonvalid,19400,0.95,0.050000000000000044,200,190
N288_M144,additive,valid_after_nonvalid,19500,0.95,0.050000000000000044,200,190
N288_M144,additive,valid_after_nonvalid,19600,0.95,0.050000000000000044,200,190
N288_M144,additive,valid_after_nonvalid,19700,0.95,0.050000000000000044,200,190
N288_M144,additive,valid_after_nonvalid,19800,0.95,0.050000000000000044,200,190
N288_M144,additive,valid_after_nonvalid,19900,0.95,0.050000000000000044,200,190
N288_M144,additive,valid_after_nonvalid,20000,0.95,0.050000000000000044,200,190
N288_M144,additive,valid_after_nonvalid,20100,0.95,0.050000000000000044,200,190
N288_M144,additive,valid_after_nonvalid,20200,0.95,0.050000000000000044,200,190
N288_M144,additive,valid_after_nonvalid,20300,0.95,0.050000000000000044,200,190
N288_M144,additive,valid_after_nonvalid,20400,0.95,0.050000000000000044,200,190
N288_M144,additive,valid_after_nonvalid,20500,0.95,0.050000000000000044,200,190
N288_M144,additive,valid_after_nonvalid,20600,0.95,0.050000000000000044,200,190
N288_M144,additive,valid_after_nonvalid,20700,0.95,0.050000000000000044,200,190
N288_M144,additive,valid_after_nonvalid,20800,0.95,0.050000000000000044,200,190
N288_M144,additive,valid_after_nonvalid,20900,0.95,0.050000000000000044,200,190
N288_M144,additive,valid_after_nonvalid,21000,0.95,0.050000000000000044,200,190
N288_M144,additive,valid_after_nonvalid,21100,0.95,0.050000000000000044,200,190
N288_M144,additive,valid_after_nonvalid,21200,0.95,0.050000000000000044,200,190
N288_M144,additive,valid_after_nonvalid,21300,0.95,0.050000000000000044,200,190
N288_M144,additive,valid_after_nonvalid,21400,0.95,0.050000000000000044,200,190
N288_M144,additive,valid_after_nonvalid,21500,0.95,0.050000000000000044,200,190
N288_M144,additive,valid_after_nonvalid,21600,0.95,0.050000000000000044,200,190
N288_M144,additive,valid_after_nonvalid,21700,0.95,0.050000000000000044,200,190
N288_M144,additive,valid_after_nonvalid,21800,0.95,0.050000000000000044,200,190
N288_M144,additive,valid_after_nonvalid,21900,0.95,0.050000000000000044,200,190
N288_M144,additive,valid_after_nonvalid,22000,0.95,0.050000000000000044,200,190
N288_M144,additive,valid_after_nonvalid,22100,0.95,0.050000000000000044,200,190
N288_M144,additive,valid_after_nonvalid,22200,0.95,0.050000000000000044,200,190
N288_M144,additive,valid_after_nonvalid,22300,0.95,0.050000000000000044,200,190
N288_M144,additive,valid_after_nonvalid,22400,0.95,0.050000000000000044,200,190
N288_M144,additive,valid_after_nonvalid,22500,0.95,0.050000000000000044,200,190
N288_M144,additive,valid_after_nonvalid,22600,0.95,0.050000000000000044,200,190
N288_M144,additive,valid_after_nonvalid,22700,0.95,0.050000000000000044,200,190
N288_M144,additive,valid_after_nonvalid,22800,0.95,0.050000000000000044,200,190
N288_M144,additive,valid_after_nonvalid,22900,0.95,0.050000000000000044,200,190
N288_M144,additive,valid_after_nonvalid,23000,0.95,0.050000000000000044,200,190
N288_M144,additive,valid_after_nonvalid,23100,0.95,0.050000000000000044,200,190
N288_M144,additive,valid_after_nonvalid,23200,0.95,0.050000000000000044,200,190
N288_M144,additive,valid_after_nonvalid,23300,0.95,0.050000000000000044,200,190
N288_M144,additive,valid_after_nonvalid,23400,0.95,0.050000000000000044,200,190
N288_M144,additive,valid_after_nonvalid,23500,0.95,0.050000000000000044,200,190
N288_M144,additive,valid_after_nonvalid,23600,0.95,0.050000000000000044,200,190
N288_M144,additive,valid_after_nonvalid,23700,0.95,0.050000000000000044,200,190
N288_M144,additive,valid_after_nonvalid,23800,0.95,0.050000000000000044,200,190
N288_M144,additive,valid_after_nonvalid,23900,0.95,0.050000000000000044,200,190
N288_M144,additive,valid_after_nonvalid,24000,0.95,0.050000000000000044,200,190
N288_M144,additive,valid_after_nonvalid,24100,0.95,0.050000000000000044,200,190
N288_M144,additive,valid_after_nonvalid,24200,0.95,0.050000000000000044,200,190
N288_M144,additive,valid_after_nonvalid,24300,0.95,0.050000000000000044,200,190
N288_M144,additive,valid_after_nonvalid,24400,0.95,0.050000000000000044,200,190
N288_M144,additive,valid_after_nonvalid,24500,0.95,0.050000000000000044,200,190
N288_M144,additive,valid_after_nonvalid,24600,0.95,0.050000000000000044,200,190
N288_M144,additive,valid_after_nonvalid,24700,0.95,0.050000000000000044,200,190
N288_M144,additive,valid_after_nonvalid,24800,0.95,0.050000000000000044,200,190
N288_M144,additive,valid_after_nonvalid,24900,0.95,0.050000000000000044,200,190
N288_M144,additive,valid_after_nonvalid,25000,0.95,0.050000000000000044,200,190
N288_M144,additive,valid_after_nonvalid,25100,0.95,0.050000000000000044,200,190
N288_M144,additive,valid_after_nonvalid,25200,0.95,0.050000000000000044,200,190
N288_M144,additive,valid_after_nonvalid,25300,0.95,0.050000000000000044,200,190
N288_M144,additive,valid_after_nonvalid,25400,0.95,0.050000000000000044,200,190
N288_M144,additive,valid_after_nonvalid,25500,0.95,0.050000000000000044,200,190
N288_M144,additive,valid_after_nonvalid,25600,0.95,0.050000000000000044,200,190
N288_M144,additive,correct,0,0.0,1.0,200,190
N288_M144,additive,correct,100,0.02,0.98,200,190
N288_M144,additive,correct,200,0.125,0.875,200,190
N288_M144,additive,correct,300,0.325,0.675,200,190
N288_M144,additive,correct,400,0.445,0.5549999999999999,200,190
N288_M144,additive,correct,500,0.52,0.48,200,190
N288_M144,additive,correct,600,0.55,0.44999999999999996,200,190
N288_M144,additive,correct,700,0.61,0.39,200,190
N288_M144,additive,correct,800,0.65,0.35,200,190
N288_M144,additive,correct,900,0.675,0.32499999999999996,200,190
N288_M144,additive,correct,1000,0.675,0.32499999999999996,200,190
N288_M144,additive,correct,1100,0.69,0.31000000000000005,200,190
N288_M144,additive,correct,1200,0.7,0.30000000000000004,200,190
N288_M144,additive,correct,1300,0.725,0.275,200,190
N288_M144,additive,correct,1400,0.735,0.265,200,190
N288_M144,additive,correct,1500,0.745,0.255,200,190
N288_M144,additive,correct,1600,0.75,0.25,200,190
N288_M144,additive,correct,1700,0.76,0.24,200,190
N288_M144,additive,correct,1800,0.78,0.21999999999999997,200,190
N288_M144,additive,correct,1900,0.795,0.20499999999999996,200,190
N288_M144,additive,correct,2000,0.8,0.19999999999999996,200,190
N288_M144,additive,correct,2100,0.805,0.19499999999999995,200,190
N288_M144,additive,correct,2200,0.825,0.17500000000000004,200,190
N288_M144,additive,correct,2300,0.83,0.17000000000000004,200,190
N288_M144,additive,correct,2400,0.83,0.17000000000000004,200,190
N288_M144,additive,correct,2500,0.83,0.17000000000000004,200,190
N288_M144,additive,correct,2600,0.835,0.16500000000000004,200,190
N288_M144,additive,correct,2700,0.84,0.16000000000000003,200,190
N288_M144,additive,correct,2800,0.845,0.15500000000000003,200,190
N288_M144,additive,correct,2900,0.845,0.15500000000000003,200,190
N288_M144,additive,correct,3000,0.85,0.15000000000000002,200,190
N288_M144,additive,correct,3100,0.855,0.14500000000000002,200,190
N288_M144,additive,correct,3200,0.86,0.14,200,190
N288_M144,additive,correct,3300,0.865,0.135,200,190
N288_M144,additive,correct,3400,0.865,0.135,200,190
N288_M144,additive,correct,3500,0.865,0.135,200,190
N288_M144,additive,correct,3600,0.87,0.13,200,190
N288_M144,additive,correct,3700,0.875,0.125,200,190
N288_M144,additive,correct,3800,0.875,0.125,200,190
N288_M144,additive,correct,3900,0.875,0.125,200,190
N288_M144,additive,correct,4000,0.875,0.125,200,190
N288_M144,additive,correct,4100,0.875,0.125,200,190
N288_M144,additive,correct,4200,0.88,0.12,200,190
N288_M144,additive,correct,4300,0.88,0.12,200,190
N288_M144,additive,correct,4400,0.885,0.11499999999999999,200,190
N288_M144,additive,correct,4500,0.885,0.11499999999999999,200,190
N288_M144,additive,correct,4600,0.885,0.11499999999999999,200,190
N288_M144,additive,correct,4700,0.885,0.11499999999999999,200,190
N288_M144,additive,correct,4800,0.885,0.11499999999999999,200,190
N288_M144,additive,correct,4900,0.89,0.10999999999999999,200,190
N288_M144,additive,correct,5000,0.89,0.10999999999999999,200,190
N288_M144,additive,correct,5100,0.89,0.10999999999999999,200,190
N288_M144,additive,correct,5200,0.89,0.10999999999999999,200,190
N288_M144,additive,correct,5300,0.895,0.10499999999999998,200,190
N288_M144,additive,correct,5400,0.895,0.10499999999999998,200,190
N288_M144,additive,correct,5500,0.895,0.10499999999999998,200,190
N288_M144,additive,correct,5600,0.895,0.10499999999999998,200,190
N288_M144,additive,correct,5700,0.895,0.10499999999999998,200,190
N288_M144,additive,correct,5800,0.895,0.10499999999999998,200,190
N288_M144,additive,correct,5900,0.895,0.10499999999999998,200,190
N288_M144,additive,correct,6000,0.9,0.09999999999999998,200,190
N288_M144,additive,correct,6100,0.9,0.09999999999999998,200,190
N288_M144,additive,correct,6200,0.905,0.09499999999999997,200,190
N288_M144,additive,correct,6300,0.905,0.09499999999999997,200,190
N288_M144,additive,correct,6400,0.91,0.08999999999999997,200,190
N288_M144,additive,correct,6500,0.915,0.08499999999999996,200,190
N288_M144,additive,correct,6600,0.92,0.07999999999999996,200,190
N288_M144,additive,correct,6700,0.92,0.07999999999999996,200,190
N288_M144,additive,correct,6800,0.92,0.07999999999999996,200,190
N288_M144,additive,correct,6900,0.925,0.07499999999999996,200,190
N288_M144,additive,correct,7000,0.925,0.07499999999999996,200,190
N288_M144,additive,correct,7100,0.93,0.06999999999999995,200,190
N288_M144,additive,correct,7200,0.93,0.06999999999999995,200,190
N288_M144,additive,correct,7300,0.93,0.06999999999999995,200,190
N288_M144,additive,correct,7400,0.93,0.06999999999999995,200,190
N288_M144,additive,correct,7500,0.93,0.06999999999999995,200,190
N288_M144,additive,correct,7600,0.93,0.06999999999999995,200,190
N288_M144,additive,correct,7700,0.93,0.06999999999999995,200,190
N288_M144,additive,correct,7800,0.93,0.06999999999999995,200,190
N288_M144,additive,correct,7900,0.93,0.06999999999999995,200,190
N288_M144,additive,correct,8000,0.93,0.06999999999999995,200,190
N288_M144,additive,correct,8100,0.93,0.06999999999999995,200,190
N288_M144,additive,correct,8200,0.93,0.06999999999999995,200,190
N288_M144,additive,correct,8300,0.93,0.06999999999999995,200,190
N288_M144,additive,correct,8400,0.93,0.06999999999999995,200,190
N288_M144,additive,correct,8500,0.93,0.06999999999999995,200,190
N288_M144,additive,correct,8600,0.93,0.06999999999999995,200,190
N288_M144,additive,correct,8700,0.93,0.06999999999999995,200,190
N288_M144,additive,correct,8800,0.93,0.06999999999999995,200,190
N288_M144,additive,correct,8900,0.93,0.06999999999999995,200,190
N288_M144,additive,correct,9000,0.93,0.06999999999999995,200,190
N288_M144,additive,correct,9100,0.93,0.06999999999999995,200,190
N288_M144,additive,correct,9200,0.93,0.06999999999999995,200,190
N288_M144,additive,correct,9300,0.93,0.06999999999999995,200,190
N288_M144,additive,correct,9400,0.935,0.06499999999999995,200,190
N288_M144,additive,correct,9500,0.935,0.06499999999999995,200,190
N288_M144,additive,correct,9600,0.935,0.06499999999999995,200,190
N288_M144,additive,correct,9700,0.935,0.06499999999999995,200,190
N288_M144,additive,correct,9800,0.935,0.06499999999999995,200,190
N288_M144,additive,correct,9900,0.935,0.06499999999999995,200,190
N288_M144,additive,correct,10000,0.94,0.06000000000000005,200,190
N288_M144,additive,correct,10100,0.94,0.06000000000000005,200,190
N288_M144,additive,correct,10200,0.94,0.06000000000000005,200,190
N288_M144,additive,correct,10300,0.94,0.06000000000000005,200,190
N288_M144,additive,correct,10400,0.94,0.06000000000000005,200,190
N288_M144,additive,correct,10500,0.94,0.06000000000000005,200,190
N288_M144,additive,correct,10600,0.94,0.06000000000000005,200,190
N288_M144,additive,correct,10700,0.94,0.06000000000000005,200,190
N288_M144,additive,correct,10800,0.94,0.06000000000000005,200,190
N288_M144,additive,correct,10900,0.94,0.06000000000000005,200,190
N288_M144,additive,correct,11000,0.94,0.06000000000000005,200,190
N288_M144,additive,correct,11100,0.94,0.06000000000000005,200,190
N288_M144,additive,correct,11200,0.94,0.06000000000000005,200,190
N288_M144,additive,correct,11300,0.94,0.06000000000000005,200,190
N288_M144,additive,correct,11400,0.94,0.06000000000000005,200,190
N288_M144,additive,correct,11500,0.94,0.06000000000000005,200,190
N288_M144,additive,correct,11600,0.94,0.06000000000000005,200,190
N288_M144,additive,correct,11700,0.94,0.06000000000000005,200,190
N288_M144,additive,correct,11800,0.94,0.06000000000000005,200,190
N288_M144,additive,correct,11900,0.94,0.06000000000000005,200,190
N288_M144,additive,correct,12000,0.94,0.06000000000000005,200,190
N288_M144,additive,correct,12100,0.94,0.06000000000000005,200,190
N288_M144,additive,correct,12200,0.94,0.06000000000000005,200,190
N288_M144,additive,correct,12300,0.94,0.06000000000000005,200,190
N288_M144,additive,correct,12400,0.94,0.06000000000000005,200,190
N288_M144,additive,correct,12500,0.94,0.06000000000000005,200,190
N288_M144,additive,correct,12600,0.94,0.06000000000000005,200,190
N288_M144,additive,correct,12700,0.94,0.06000000000000005,200,190
N288_M144,additive,correct,12800,0.94,0.06000000000000005,200,190
N288_M144,additive,correct,12900,0.94,0.06000000000000005,200,190
N288_M144,additive,correct,13000,0.945,0.05500000000000005,200,190
N288_M144,additive,correct,13100,0.945,0.05500000000000005,200,190
N288_M144,additive,correct,13200,0.945,0.05500000000000005,200,190
N288_M144,additive,correct,13300,0.945,0.05500000000000005,200,190
N288_M144,additive,correct,13400,0.945,0.05500000000000005,200,190
N288_M144,additive,correct,13500,0.945,0.05500000000000005,200,190
N288_M144,additive,correct,13600,0.945,0.05500000000000005,200,190
N288_M144,additive,correct,13700,0.945,0.05500000000000005,200,190
N288_M144,additive,correct,13800,0.945,0.05500000000000005,200,190
N288_M144,additive,correct,13900,0.945,0.05500000000000005,200,190
N288_M144,additive,correct,14000,0.945,0.05500000000000005,200,190
N288_M144,additive,correct,14100,0.945,0.05500000000000005,200,190
N288_M144,additive,correct,14200,0.945,0.05500000000000005,200,190
N288_M144,additive,correct,14300,0.945,0.05500000000000005,200,190
N288_M144,additive,correct,14400,0.945,0.05500000000000005,200,190
N288_M144,additive,correct,14500,0.945,0.05500000000000005,200,190
N288_M144,additive,correct,14600,0.945,0.05500000000000005,200,190
N288_M144,additive,correct,14700,0.945,0.05500000000000005,200,190
N288_M144,additive,correct,14800,0.945,0.05500000000000005,200,190
N288_M144,additive,correct,14900,0.945,0.05500000000000005,200,190
N288_M144,additive,correct,15000,0.945,0.05500000000000005,200,190
N288_M144,additive,correct,15100,0.945,0.05500000000000005,200,190
N288_M144,additive,correct,15200,0.945,0.05500000000000005,200,190
N288_M144,additive,correct,15300,0.945,0.05500000000000005,200,190
N288_M144,additive,correct,15400,0.945,0.05500000000000005,200,190
N288_M144,additive,correct,15500,0.945,0.05500000000000005,200,190
N288_M144,additive,correct,15600,0.945,0.05500000000000005,200,190
N288_M144,additive,correct,15700,0.945,0.05500000000000005,200,190
N288_M144,additive,correct,15800,0.945,0.05500000000000005,200,190
N288_M144,additive,correct,15900,0.945,0.05500000000000005,200,190
N288_M144,additive,correct,16000,0.945,0.05500000000000005,200,190
N288_M144,additive,correct,16100,0.945,0.05500000000000005,200,190
N288_M144,additive,correct,16200,0.945,0.05500000000000005,200,190
N288_M144,additive,correct,16300,0.945,0.05500000000000005,200,190
N288_M144,additive,correct,16400,0.945,0.05500000000000005,200,190
N288_M144,additive,correct,16500,0.945,0.05500000000000005,200,190
N288_M144,additive,correct,16600,0.945,0.05500000000000005,200,190
N288_M144,additive,correct,16700,0.945,0.05500000000000005,200,190
N288_M144,additive,correct,16800,0.945,0.05500000000000005,200,190
N288_M144,additive,correct,16900,0.95,0.050000000000000044,200,190
N288_M144,additive,correct,17000,0.95,0.050000000000000044,200,190
N288_M144,additive,correct,17100,0.95,0.050000000000000044,200,190
N288_M144,additive,correct,17200,0.95,0.050000000000000044,200,190
N288_M144,additive,correct,17300,0.95,0.050000000000000044,200,190
N288_M144,additive,correct,17400,0.95,0.050000000000000044,200,190
N288_M144,additive,correct,17500,0.95,0.050000000000000044,200,190
N288_M144,additive,correct,17600,0.95,0.050000000000000044,200,190
N288_M144,additive,correct,17700,0.95,0.050000000000000044,200,190
N288_M144,additive,correct,17800,0.95,0.050000000000000044,200,190
N288_M144,additive,correct,17900,0.95,0.050000000000000044,200,190
N288_M144,additive,correct,18000,0.95,0.050000000000000044,200,190
N288_M144,additive,correct,18100,0.95,0.050000000000000044,200,190
N288_M144,additive,correct,18200,0.95,0.050000000000000044,200,190
N288_M144,additive,correct,18300,0.95,0.050000000000000044,200,190
N288_M144,additive,correct,18400,0.95,0.050000000000000044,200,190
N288_M144,additive,correct,18500,0.95,0.050000000000000044,200,190
N288_M144,additive,correct,18600,0.95,0.050000000000000044,200,190
N288_M144,additive,correct,18700,0.95,0.050000000000000044,200,190
N288_M144,additive,correct,18800,0.95,0.050000000000000044,200,190
N288_M144,additive,correct,18900,0.95,0.050000000000000044,200,190
N288_M144,additive,correct,19000,0.95,0.050000000000000044,200,190
N288_M144,additive,correct,19100,0.95,0.050000000000000044,200,190
N288_M144,additive,correct,19200,0.95,0.050000000000000044,200,190
N288_M144,additive,correct,19300,0.95,0.050000000000000044,200,190
N288_M144,additive,correct,19400,0.95,0.050000000000000044,200,190
N288_M144,additive,correct,19500,0.95,0.050000000000000044,200,190
N288_M144,additive,correct,19600,0.95,0.050000000000000044,200,190
N288_M144,additive,correct,19700,0.95,0.050000000000000044,200,190
N288_M144,additive,correct,19800,0.95,0.050000000000000044,200,190
N288_M144,additive,correct,19900,0.95,0.050000000000000044,200,190
N288_M144,additive,correct,20000,0.95,0.050000000000000044,200,190
N288_M144,additive,correct,20100,0.95,0.050000000000000044,200,190
N288_M144,additive,correct,20200,0.95,0.050000000000000044,200,190
N288_M144,additive,correct,20300,0.95,0.050000000000000044,200,190
N288_M144,additive,correct,20400,0.95,0.050000000000000044,200,190
N288_M144,additive,correct,20500,0.95,0.050000000000000044,200,190
N288_M144,additive,correct,20600,0.95,0.050000000000000044,200,190
N288_M144,additive,correct,20700,0.95,0.050000000000000044,200,190
N288_M144,additive,correct,20800,0.95,0.050000000000000044,200,190
N288_M144,additive,correct,20900,0.95,0.050000000000000044,200,190
N288_M144,additive,correct,21000,0.95,0.050000000000000044,200,190
N288_M144,additive,correct,21100,0.95,0.050000000000000044,200,190
N288_M144,additive,correct,21200,0.95,0.050000000000000044,200,190
N288_M144,additive,correct,21300,0.95,0.050000000000000044,200,190
N288_M144,additive,correct,21400,0.95,0.050000000000000044,200,190
N288_M144,additive,correct,21500,0.95,0.050000000000000044,200,190
N288_M144,additive,correct,21600,0.95,0.050000000000000044,200,190
N288_M144,additive,correct,21700,0.95,0.050000000000000044,200,190
N288_M144,additive,correct,21800,0.95,0.050000000000000044,200,190
N288_M144,additive,correct,21900,0.95,0.050000000000000044,200,190
N288_M144,additive,correct,22000,0.95,0.050000000000000044,200,190
N288_M144,additive,correct,22100,0.95,0.050000000000000044,200,190
N288_M144,additive,correct,22200,0.95,0.050000000000000044,200,190
N288_M144,additive,correct,22300,0.95,0.050000000000000044,200,190
N288_M144,additive,correct,22400,0.95,0.050000000000000044,200,190
N288_M144,additive,correct,22500,0.95,0.050000000000000044,200,190
N288_M144,additive,correct,22600,0.95,0.050000000000000044,200,190
N288_M144,additive,correct,22700,0.95,0.050000000000000044,200,190
N288_M144,additive,correct,22800,0.95,0.050000000000000044,200,190
N288_M144,additive,correct,22900,0.95,0.050000000000000044,200,190
N288_M144,additive,correct,23000,0.95,0.050000000000000044,200,190
N288_M144,additive,correct,23100,0.95,0.050000000000000044,200,190
N288_M144,additive,correct,23200,0.95,0.050000000000000044,200,190
N288_M144,additive,correct,23300,0.95,0.050000000000000044,200,190
N288_M144,additive,correct,23400,0.95,0.050000000000000044,200,190
N288_M144,additive,correct,23500,0.95,0.050000000000000044,200,190
N288_M144,additive,correct,23600,0.95,0.050000000000000044,200,190
N288_M144,additive,correct,23700,0.95,0.050000000000000044,200,190
N288_M144,additive,correct,23800,0.95,0.050000000000000044,200,190
N288_M144,additive,correct,23900,0.95,0.050000000000000044,200,190
N288_M144,additive,correct,24000,0.95,0.050000000000000044,200,190
N288_M144,additive,correct,24100,0.95,0.050000000000000044,200,190
N288_M144,additive,correct,24200,0.95,0.050000000000000044,200,190
N288_M144,additive,correct,24300,0.95,0.050000000000000044,200,190
N288_M144,additive,correct,24400,0.95,0.050000000000000044,200,190
N288_M144,additive,correct,24500,0.95,0.050000000000000044,200,190
N288_M144,additive,correct,24600,0.95,0.050000000000000044,200,190
N288_M144,additive,correct,24700,0.95,0.050000000000000044,200,190
N288_M144,additive,correct,24800,0.95,0.050000000000000044,200,190
N288_M144,additive,correct,24900,0.95,0.050000000000000044,200,190
N288_M144,additive,correct,25000,0.95,0.050000000000000044,200,190
N288_M144,additive,correct,25100,0.95,0.050000000000000044,200,190
N288_M144,additive,correct,25200,0.95,0.050000000000000044,200,190
N288_M144,additive,correct,25300,0.95,0.050000000000000044,200,190
N288_M144,additive,correct,25400,0.95,0.050000000000000044,200,190
N288_M144,additive,correct,25500,0.95,0.050000000000000044,200,190
N288_M144,additive,correct,25600,0.95,0.050000000000000044,200,190
N288_M144,additive,low_BER,0,0.0,1.0,200,195
N288_M144,additive,low_BER,100,0.09,0.91,200,195
N288_M144,additive,low_BER,200,0.44,0.56,200,195
N288_M144,additive,low_BER,300,0.595,0.405,200,195
N288_M144,additive,low_BER,400,0.665,0.33499999999999996,200,195
N288_M144,additive,low_BER,500,0.735,0.265,200,195
N288_M144,additive,low_BER,600,0.79,0.20999999999999996,200,195
N288_M144,additive,low_BER,700,0.825,0.17500000000000004,200,195
N288_M144,additive,low_BER,800,0.835,0.16500000000000004,200,195
N288_M144,additive,low_BER,900,0.85,0.15000000000000002,200,195
N288_M144,additive,low_BER,1000,0.855,0.14500000000000002,200,195
N288_M144,additive,low_BER,1100,0.86,0.14,200,195
N288_M144,additive,low_BER,1200,0.86,0.14,200,195
N288_M144,additive,low_BER,1300,0.86,0.14,200,195
N288_M144,additive,low_BER,1400,0.87,0.13,200,195
N288_M144,additive,low_BER,1500,0.87,0.13,200,195
N288_M144,additive,low_BER,1600,0.875,0.125,200,195
N288_M144,additive,low_BER,1700,0.89,0.10999999999999999,200,195
N288_M144,additive,low_BER,1800,0.895,0.10499999999999998,200,195
N288_M144,additive,low_BER,1900,0.9,0.09999999999999998,200,195
N288_M144,additive,low_BER,2000,0.9,0.09999999999999998,200,195
N288_M144,additive,low_BER,2100,0.905,0.09499999999999997,200,195
N288_M144,additive,low_BER,2200,0.92,0.07999999999999996,200,195
N288_M144,additive,low_BER,2300,0.92,0.07999999999999996,200,195
N288_M144,additive,low_BER,2400,0.925,0.07499999999999996,200,195
N288_M144,additive,low_BER,2500,0.93,0.06999999999999995,200,195
N288_M144,additive,low_BER,2600,0.93,0.06999999999999995,200,195
N288_M144,additive,low_BER,2700,0.93,0.06999999999999995,200,195
N288_M144,additive,low_BER,2800,0.93,0.06999999999999995,200,195
N288_M144,additive,low_BER,2900,0.93,0.06999999999999995,200,195
N288_M144,additive,low_BER,3000,0.93,0.06999999999999995,200,195
N288_M144,additive,low_BER,3100,0.93,0.06999999999999995,200,195
N288_M144,additive,low_BER,3200,0.93,0.06999999999999995,200,195
N288_M144,additive,low_BER,3300,0.93,0.06999999999999995,200,195
N288_M144,additive,low_BER,3400,0.93,0.06999999999999995,200,195
N288_M144,additive,low_BER,3500,0.93,0.06999999999999995,200,195
N288_M144,additive,low_BER,3600,0.935,0.06499999999999995,200,195
N288_M144,additive,low_BER,3700,0.935,0.06499999999999995,200,195
N288_M144,additive,low_BER,3800,0.94,0.06000000000000005,200,195
N288_M144,additive,low_BER,3900,0.94,0.06000000000000005,200,195
N288_M144,additive,low_BER,4000,0.94,0.06000000000000005,200,195
N288_M144,additive,low_BER,4100,0.945,0.05500000000000005,200,195
N288_M144,additive,low_BER,4200,0.95,0.050000000000000044,200,195
N288_M144,additive,low_BER,4300,0.95,0.050000000000000044,200,195
N288_M144,additive,low_BER,4400,0.95,0.050000000000000044,200,195
N288_M144,additive,low_BER,4500,0.95,0.050000000000000044,200,195
N288_M144,additive,low_BER,4600,0.95,0.050000000000000044,200,195
N288_M144,additive,low_BER,4700,0.95,0.050000000000000044,200,195
N288_M144,additive,low_BER,4800,0.95,0.050000000000000044,200,195
N288_M144,additive,low_BER,4900,0.95,0.050000000000000044,200,195
N288_M144,additive,low_BER,5000,0.95,0.050000000000000044,200,195
N288_M144,additive,low_BER,5100,0.95,0.050000000000000044,200,195
N288_M144,additive,low_BER,5200,0.95,0.050000000000000044,200,195
N288_M144,additive,low_BER,5300,0.95,0.050000000000000044,200,195
N288_M144,additive,low_BER,5400,0.95,0.050000000000000044,200,195
N288_M144,additive,low_BER,5500,0.95,0.050000000000000044,200,195
N288_M144,additive,low_BER,5600,0.95,0.050000000000000044,200,195
N288_M144,additive,low_BER,5700,0.95,0.050000000000000044,200,195
N288_M144,additive,low_BER,5800,0.95,0.050000000000000044,200,195
N288_M144,additive,low_BER,5900,0.95,0.050000000000000044,200,195
N288_M144,additive,low_BER,6000,0.955,0.04500000000000004,200,195
N288_M144,additive,low_BER,6100,0.955,0.04500000000000004,200,195
N288_M144,additive,low_BER,6200,0.955,0.04500000000000004,200,195
N288_M144,additive,low_BER,6300,0.955,0.04500000000000004,200,195
N288_M144,additive,low_BER,6400,0.955,0.04500000000000004,200,195
N288_M144,additive,low_BER,6500,0.955,0.04500000000000004,200,195
N288_M144,additive,low_BER,6600,0.955,0.04500000000000004,200,195
N288_M144,additive,low_BER,6700,0.955,0.04500000000000004,200,195
N288_M144,additive,low_BER,6800,0.955,0.04500000000000004,200,195
N288_M144,additive,low_BER,6900,0.955,0.04500000000000004,200,195
N288_M144,additive,low_BER,7000,0.955,0.04500000000000004,200,195
N288_M144,additive,low_BER,7100,0.955,0.04500000000000004,200,195
N288_M144,additive,low_BER,7200,0.955,0.04500000000000004,200,195
N288_M144,additive,low_BER,7300,0.955,0.04500000000000004,200,195
N288_M144,additive,low_BER,7400,0.955,0.04500000000000004,200,195
N288_M144,additive,low_BER,7500,0.955,0.04500000000000004,200,195
N288_M144,additive,low_BER,7600,0.955,0.04500000000000004,200,195
N288_M144,additive,low_BER,7700,0.955,0.04500000000000004,200,195
N288_M144,additive,low_BER,7800,0.955,0.04500000000000004,200,195
N288_M144,additive,low_BER,7900,0.955,0.04500000000000004,200,195
N288_M144,additive,low_BER,8000,0.955,0.04500000000000004,200,195
N288_M144,additive,low_BER,8100,0.955,0.04500000000000004,200,195
N288_M144,additive,low_BER,8200,0.955,0.04500000000000004,200,195
N288_M144,additive,low_BER,8300,0.955,0.04500000000000004,200,195
N288_M144,additive,low_BER,8400,0.955,0.04500000000000004,200,195
N288_M144,additive,low_BER,8500,0.955,0.04500000000000004,200,195
N288_M144,additive,low_BER,8600,0.955,0.04500000000000004,200,195
N288_M144,additive,low_BER,8700,0.955,0.04500000000000004,200,195
N288_M144,additive,low_BER,8800,0.955,0.04500000000000004,200,195
N288_M144,additive,low_BER,8900,0.955,0.04500000000000004,200,195
N288_M144,additive,low_BER,9000,0.955,0.04500000000000004,200,195
N288_M144,additive,low_BER,9100,0.955,0.04500000000000004,200,195
N288_M144,additive,low_BER,9200,0.955,0.04500000000000004,200,195
N288_M144,additive,low_BER,9300,0.955,0.04500000000000004,200,195
N288_M144,additive,low_BER,9400,0.955,0.04500000000000004,200,195
N288_M144,additive,low_BER,9500,0.955,0.04500000000000004,200,195
N288_M144,additive,low_BER,9600,0.955,0.04500000000000004,200,195
N288_M144,additive,low_BER,9700,0.96,0.040000000000000036,200,195
N288_M144,additive,low_BER,9800,0.96,0.040000000000000036,200,195
N288_M144,additive,low_BER,9900,0.96,0.040000000000000036,200,195
N288_M144,additive,low_BER,10000,0.96,0.040000000000000036,200,195
N288_M144,additive,low_BER,10100,0.96,0.040000000000000036,200,195
N288_M144,additive,low_BER,10200,0.96,0.040000000000000036,200,195
N288_M144,additive,low_BER,10300,0.965,0.03500000000000003,200,195
N288_M144,additive,low_BER,10400,0.965,0.03500000000000003,200,195
N288_M144,additive,low_BER,10500,0.965,0.03500000000000003,200,195
N288_M144,additive,low_BER,10600,0.965,0.03500000000000003,200,195
N288_M144,additive,low_BER,10700,0.965,0.03500000000000003,200,195
N288_M144,additive,low_BER,10800,0.965,0.03500000000000003,200,195
N288_M144,additive,low_BER,10900,0.965,0.03500000000000003,200,195
N288_M144,additive,low_BER,11000,0.965,0.03500000000000003,200,195
N288_M144,additive,low_BER,11100,0.965,0.03500000000000003,200,195
N288_M144,additive,low_BER,11200,0.965,0.03500000000000003,200,195
N288_M144,additive,low_BER,11300,0.965,0.03500000000000003,200,195
N288_M144,additive,low_BER,11400,0.965,0.03500000000000003,200,195
N288_M144,additive,low_BER,11500,0.965,0.03500000000000003,200,195
N288_M144,additive,low_BER,11600,0.965,0.03500000000000003,200,195
N288_M144,additive,low_BER,11700,0.965,0.03500000000000003,200,195
N288_M144,additive,low_BER,11800,0.965,0.03500000000000003,200,195
N288_M144,additive,low_BER,11900,0.965,0.03500000000000003,200,195
N288_M144,additive,low_BER,12000,0.965,0.03500000000000003,200,195
N288_M144,additive,low_BER,12100,0.965,0.03500000000000003,200,195
N288_M144,additive,low_BER,12200,0.965,0.03500000000000003,200,195
N288_M144,additive,low_BER,12300,0.965,0.03500000000000003,200,195
N288_M144,additive,low_BER,12400,0.965,0.03500000000000003,200,195
N288_M144,additive,low_BER,12500,0.965,0.03500000000000003,200,195
N288_M144,additive,low_BER,12600,0.965,0.03500000000000003,200,195
N288_M144,additive,low_BER,12700,0.965,0.03500000000000003,200,195
N288_M144,additive,low_BER,12800,0.965,0.03500000000000003,200,195
N288_M144,additive,low_BER,12900,0.97,0.030000000000000027,200,195
N288_M144,additive,low_BER,13000,0.97,0.030000000000000027,200,195
N288_M144,additive,low_BER,13100,0.97,0.030000000000000027,200,195
N288_M144,additive,low_BER,13200,0.97,0.030000000000000027,200,195
N288_M144,additive,low_BER,13300,0.97,0.030000000000000027,200,195
N288_M144,additive,low_BER,13400,0.975,0.025000000000000022,200,195
N288_M144,additive,low_BER,13500,0.975,0.025000000000000022,200,195
N288_M144,additive,low_BER,13600,0.975,0.025000000000000022,200,195
N288_M144,additive,low_BER,13700,0.975,0.025000000000000022,200,195
N288_M144,additive,low_BER,13800,0.975,0.025000000000000022,200,195
N288_M144,additive,low_BER,13900,0.975,0.025000000000000022,200,195
N288_M144,additive,low_BER,14000,0.975,0.025000000000000022,200,195
N288_M144,additive,low_BER,14100,0.975,0.025000000000000022,200,195
N288_M144,additive,low_BER,14200,0.975,0.025000000000000022,200,195
N288_M144,additive,low_BER,14300,0.975,0.025000000000000022,200,195
N288_M144,additive,low_BER,14400,0.975,0.025000000000000022,200,195
N288_M144,additive,low_BER,14500,0.975,0.025000000000000022,200,195
N288_M144,additive,low_BER,14600,0.975,0.025000000000000022,200,195
N288_M144,additive,low_BER,14700,0.975,0.025000000000000022,200,195
N288_M144,additive,low_BER,14800,0.975,0.025000000000000022,200,195
N288_M144,additive,low_BER,14900,0.975,0.025000000000000022,200,195
N288_M144,additive,low_BER,15000,0.975,0.025000000000000022,200,195
N288_M144,additive,low_BER,15100,0.975,0.025000000000000022,200,195
N288_M144,additive,low_BER,15200,0.975,0.025000000000000022,200,195
N288_M144,additive,low_BER,15300,0.975,0.025000000000000022,200,195
N288_M144,additive,low_BER,15400,0.975,0.025000000000000022,200,195
N288_M144,additive,low_BER,15500,0.975,0.025000000000000022,200,195
N288_M144,additive,low_BER,15600,0.975,0.025000000000000022,200,195
N288_M144,additive,low_BER,15700,0.975,0.025000000000000022,200,195
N288_M144,additive,low_BER,15800,0.975,0.025000000000000022,200,195
N288_M144,additive,low_BER,15900,0.975,0.025000000000000022,200,195
N288_M144,additive,low_BER,16000,0.975,0.025000000000000022,200,195
N288_M144,additive,low_BER,16100,0.975,0.025000000000000022,200,195
N288_M144,additive,low_BER,16200,0.975,0.025000000000000022,200,195
N288_M144,additive,low_BER,16300,0.975,0.025000000000000022,200,195
N288_M144,additive,low_BER,16400,0.975,0.025000000000000022,200,195
N288_M144,additive,low_BER,16500,0.975,0.025000000000000022,200,195
N288_M144,additive,low_BER,16600,0.975,0.025000000000000022,200,195
N288_M144,additive,low_BER,16700,0.975,0.025000000000000022,200,195
N288_M144,additive,low_BER,16800,0.975,0.025000000000000022,200,195
N288_M144,additive,low_BER,16900,0.975,0.025000000000000022,200,195
N288_M144,additive,low_BER,17000,0.975,0.025000000000000022,200,195
N288_M144,additive,low_BER,17100,0.975,0.025000000000000022,200,195
N288_M144,additive,low_BER,17200,0.975,0.025000000000000022,200,195
N288_M144,additive,low_BER,17300,0.975,0.025000000000000022,200,195
N288_M144,additive,low_BER,17400,0.975,0.025000000000000022,200,195
N288_M144,additive,low_BER,17500,0.975,0.025000000000000022,200,195
N288_M144,additive,low_BER,17600,0.975,0.025000000000000022,200,195
N288_M144,additive,low_BER,17700,0.975,0.025000000000000022,200,195
N288_M144,additive,low_BER,17800,0.975,0.025000000000000022,200,195
N288_M144,additive,low_BER,17900,0.975,0.025000000000000022,200,195
N288_M144,additive,low_BER,18000,0.975,0.025000000000000022,200,195
N288_M144,additive,low_BER,18100,0.975,0.025000000000000022,200,195
N288_M144,additive,low_BER,18200,0.975,0.025000000000000022,200,195
N288_M144,additive,low_BER,18300,0.975,0.025000000000000022,200,195
N288_M144,additive,low_BER,18400,0.975,0.025000000000000022,200,195
N288_M144,additive,low_BER,18500,0.975,0.025000000000000022,200,195
N288_M144,additive,low_BER,18600,0.975,0.025000000000000022,200,195
N288_M144,additive,low_BER,18700,0.975,0.025000000000000022,200,195
N288_M144,additive,low_BER,18800,0.975,0.025000000000000022,200,195
N288_M144,additive,low_BER,18900,0.975,0.025000000000000022,200,195
N288_M144,additive,low_BER,19000,0.975,0.025000000000000022,200,195
N288_M144,additive,low_BER,19100,0.975,0.025000000000000022,200,195
N288_M144,additive,low_BER,19200,0.975,0.025000000000000022,200,195
N288_M144,additive,low_BER,19300,0.975,0.025000000000000022,200,195
N288_M144,additive,low_BER,19400,0.975,0.025000000000000022,200,195
N288_M144,additive,low_BER,19500,0.975,0.025000000000000022,200,195
N288_M144,additive,low_BER,19600,0.975,0.025000000000000022,200,195
N288_M144,additive,low_BER,19700,0.975,0.025000000000000022,200,195
N288_M144,additive,low_BER,19800,0.975,0.025000000000000022,200,195
N288_M144,additive,low_BER,19900,0.975,0.025000000000000022,200,195
N288_M144,additive,low_BER,20000,0.975,0.025000000000000022,200,195
N288_M144,additive,low_BER,20100,0.975,0.025000000000000022,200,195
N288_M144,additive,low_BER,20200,0.975,0.025000000000000022,200,195
N288_M144,additive,low_BER,20300,0.975,0.025000000000000022,200,195
N288_M144,additive,low_BER,20400,0.975,0.025000000000000022,200,195
N288_M144,additive,low_BER,20500,0.975,0.025000000000000022,200,195
N288_M144,additive,low_BER,20600,0.975,0.025000000000000022,200,195
N288_M144,additive,low_BER,20700,0.975,0.025000000000000022,200,195
N288_M144,additive,low_BER,20800,0.975,0.025000000000000022,200,195
N288_M144,additive,low_BER,20900,0.975,0.025000000000000022,200,195
N288_M144,additive,low_BER,21000,0.975,0.025000000000000022,200,195
N288_M144,additive,low_BER,21100,0.975,0.025000000000000022,200,195
N288_M144,additive,low_BER,21200,0.975,0.025000000000000022,200,195
N288_M144,additive,low_BER,21300,0.975,0.025000000000000022,200,195
N288_M144,additive,low_BER,21400,0.975,0.025000000000000022,200,195
N288_M144,additive,low_BER,21500,0.975,0.025000000000000022,200,195
N288_M144,additive,low_BER,21600,0.975,0.025000000000000022,200,195
N288_M144,additive,low_BER,21700,0.975,0.025000000000000022,200,195
N288_M144,additive,low_BER,21800,0.975,0.025000000000000022,200,195
N288_M144,additive,low_BER,21900,0.975,0.025000000000000022,200,195
N288_M144,additive,low_BER,22000,0.975,0.025000000000000022,200,195
N288_M144,additive,low_BER,22100,0.975,0.025000000000000022,200,195
N288_M144,additive,low_BER,22200,0.975,0.025000000000000022,200,195
N288_M144,additive,low_BER,22300,0.975,0.025000000000000022,200,195
N288_M144,additive,low_BER,22400,0.975,0.025000000000000022,200,195
N288_M144,additive,low_BER,22500,0.975,0.025000000000000022,200,195
N288_M144,additive,low_BER,22600,0.975,0.025000000000000022,200,195
N288_M144,additive,low_BER,22700,0.975,0.025000000000000022,200,195
N288_M144,additive,low_BER,22800,0.975,0.025000000000000022,200,195
N288_M144,additive,low_BER,22900,0.975,0.025000000000000022,200,195
N288_M144,additive,low_BER,23000,0.975,0.025000000000000022,200,195
N288_M144,additive,low_BER,23100,0.975,0.025000000000000022,200,195
N288_M144,additive,low_BER,23200,0.975,0.025000000000000022,200,195
N288_M144,additive,low_BER,23300,0.975,0.025000000000000022,200,195
N288_M144,additive,low_BER,23400,0.975,0.025000000000000022,200,195
N288_M144,additive,low_BER,23500,0.975,0.025000000000000022,200,195
N288_M144,additive,low_BER,23600,0.975,0.025000000000000022,200,195
N288_M144,additive,low_BER,23700,0.975,0.025000000000000022,200,195
N288_M144,additive,low_BER,23800,0.975,0.025000000000000022,200,195
N288_M144,additive,low_BER,23900,0.975,0.025000000000000022,200,195
N288_M144,additive,low_BER,24000,0.975,0.025000000000000022,200,195
N288_M144,additive,low_BER,24100,0.975,0.025000000000000022,200,195
N288_M144,additive,low_BER,24200,0.975,0.025000000000000022,200,195
N288_M144,additive,low_BER,24300,0.975,0.025000000000000022,200,195
N288_M144,additive,low_BER,24400,0.975,0.025000000000000022,200,195
N288_M144,additive,low_BER,24500,0.975,0.025000000000000022,200,195
N288_M144,additive,low_BER,24600,0.975,0.025000000000000022,200,195
N288_M144,additive,low_BER,24700,0.975,0.025000000000000022,200,195
N288_M144,additive,low_BER,24800,0.975,0.025000000000000022,200,195
N288_M144,additive,low_BER,24900,0.975,0.025000000000000022,200,195
N288_M144,additive,low_BER,25000,0.975,0.025000000000000022,200,195
N288_M144,additive,low_BER,25100,0.975,0.025000000000000022,200,195
N288_M144,additive,low_BER,25200,0.975,0.025000000000000022,200,195
N288_M144,additive,low_BER,25300,0.975,0.025000000000000022,200,195
N288_M144,additive,low_BER,25400,0.975,0.025000000000000022,200,195
N288_M144,additive,low_BER,25500,0.975,0.025000000000000022,200,195
N288_M144,additive,low_BER,25600,0.975,0.025000000000000022,200,195
N288_M144,additive,relaxed_basin,0,0.0,1.0,200,195
N288_M144,additive,relaxed_basin,100,0.055,0.945,200,195
N288_M144,additive,relaxed_basin,200,0.37,0.63,200,195
N288_M144,additive,relaxed_basin,300,0.555,0.44499999999999995,200,195
N288_M144,additive,relaxed_basin,400,0.635,0.365,200,195
N288_M144,additive,relaxed_basin,500,0.68,0.31999999999999995,200,195
N288_M144,additive,relaxed_basin,600,0.75,0.25,200,195
N288_M144,additive,relaxed_basin,700,0.79,0.20999999999999996,200,195
N288_M144,additive,relaxed_basin,800,0.81,0.18999999999999995,200,195
N288_M144,additive,relaxed_basin,900,0.82,0.18000000000000005,200,195
N288_M144,additive,relaxed_basin,1000,0.83,0.17000000000000004,200,195
N288_M144,additive,relaxed_basin,1100,0.84,0.16000000000000003,200,195
N288_M144,additive,relaxed_basin,1200,0.84,0.16000000000000003,200,195
N288_M144,additive,relaxed_basin,1300,0.84,0.16000000000000003,200,195
N288_M144,additive,relaxed_basin,1400,0.855,0.14500000000000002,200,195
N288_M144,additive,relaxed_basin,1500,0.855,0.14500000000000002,200,195
N288_M144,additive,relaxed_basin,1600,0.86,0.14,200,195
N288_M144,additive,relaxed_basin,1700,0.865,0.135,200,195
N288_M144,additive,relaxed_basin,1800,0.88,0.12,200,195
N288_M144,additive,relaxed_basin,1900,0.885,0.11499999999999999,200,195
N288_M144,additive,relaxed_basin,2000,0.89,0.10999999999999999,200,195
N288_M144,additive,relaxed_basin,2100,0.895,0.10499999999999998,200,195
N288_M144,additive,relaxed_basin,2200,0.9,0.09999999999999998,200,195
N288_M144,additive,relaxed_basin,2300,0.905,0.09499999999999997,200,195
N288_M144,additive,relaxed_basin,2400,0.91,0.08999999999999997,200,195
N288_M144,additive,relaxed_basin,2500,0.91,0.08999999999999997,200,195
N288_M144,additive,relaxed_basin,2600,0.91,0.08999999999999997,200,195
N288_M144,additive,relaxed_basin,2700,0.91,0.08999999999999997,200,195
N288_M144,additive,relaxed_basin,2800,0.915,0.08499999999999996,200,195
N288_M144,additive,relaxed_basin,2900,0.915,0.08499999999999996,200,195
N288_M144,additive,relaxed_basin,3000,0.915,0.08499999999999996,200,195
N288_M144,additive,relaxed_basin,3100,0.915,0.08499999999999996,200,195
N288_M144,additive,relaxed_basin,3200,0.92,0.07999999999999996,200,195
N288_M144,additive,relaxed_basin,3300,0.92,0.07999999999999996,200,195
N288_M144,additive,relaxed_basin,3400,0.92,0.07999999999999996,200,195
N288_M144,additive,relaxed_basin,3500,0.925,0.07499999999999996,200,195
N288_M144,additive,relaxed_basin,3600,0.93,0.06999999999999995,200,195
N288_M144,additive,relaxed_basin,3700,0.93,0.06999999999999995,200,195
N288_M144,additive,relaxed_basin,3800,0.935,0.06499999999999995,200,195
N288_M144,additive,relaxed_basin,3900,0.94,0.06000000000000005,200,195
N288_M144,additive,relaxed_basin,4000,0.94,0.06000000000000005,200,195
N288_M144,additive,relaxed_basin,4100,0.94,0.06000000000000005,200,195
N288_M144,additive,relaxed_basin,4200,0.95,0.050000000000000044,200,195
N288_M144,additive,relaxed_basin,4300,0.95,0.050000000000000044,200,195
N288_M144,additive,relaxed_basin,4400,0.95,0.050000000000000044,200,195
N288_M144,additive,relaxed_basin,4500,0.95,0.050000000000000044,200,195
N288_M144,additive,relaxed_basin,4600,0.95,0.050000000000000044,200,195
N288_M144,additive,relaxed_basin,4700,0.95,0.050000000000000044,200,195
N288_M144,additive,relaxed_basin,4800,0.95,0.050000000000000044,200,195
N288_M144,additive,relaxed_basin,4900,0.95,0.050000000000000044,200,195
N288_M144,additive,relaxed_basin,5000,0.95,0.050000000000000044,200,195
N288_M144,additive,relaxed_basin,5100,0.95,0.050000000000000044,200,195
N288_M144,additive,relaxed_basin,5200,0.95,0.050000000000000044,200,195
N288_M144,additive,relaxed_basin,5300,0.95,0.050000000000000044,200,195
N288_M144,additive,relaxed_basin,5400,0.95,0.050000000000000044,200,195
N288_M144,additive,relaxed_basin,5500,0.95,0.050000000000000044,200,195
N288_M144,additive,relaxed_basin,5600,0.95,0.050000000000000044,200,195
N288_M144,additive,relaxed_basin,5700,0.95,0.050000000000000044,200,195
N288_M144,additive,relaxed_basin,5800,0.95,0.050000000000000044,200,195
N288_M144,additive,relaxed_basin,5900,0.95,0.050000000000000044,200,195
N288_M144,additive,relaxed_basin,6000,0.955,0.04500000000000004,200,195
N288_M144,additive,relaxed_basin,6100,0.955,0.04500000000000004,200,195
N288_M144,additive,relaxed_basin,6200,0.955,0.04500000000000004,200,195
N288_M144,additive,relaxed_basin,6300,0.955,0.04500000000000004,200,195
N288_M144,additive,relaxed_basin,6400,0.955,0.04500000000000004,200,195
N288_M144,additive,relaxed_basin,6500,0.955,0.04500000000000004,200,195
N288_M144,additive,relaxed_basin,6600,0.955,0.04500000000000004,200,195
N288_M144,additive,relaxed_basin,6700,0.955,0.04500000000000004,200,195
N288_M144,additive,relaxed_basin,6800,0.955,0.04500000000000004,200,195
N288_M144,additive,relaxed_basin,6900,0.955,0.04500000000000004,200,195
N288_M144,additive,relaxed_basin,7000,0.955,0.04500000000000004,200,195
N288_M144,additive,relaxed_basin,7100,0.955,0.04500000000000004,200,195
N288_M144,additive,relaxed_basin,7200,0.955,0.04500000000000004,200,195
N288_M144,additive,relaxed_basin,7300,0.955,0.04500000000000004,200,195
N288_M144,additive,relaxed_basin,7400,0.955,0.04500000000000004,200,195
N288_M144,additive,relaxed_basin,7500,0.955,0.04500000000000004,200,195
N288_M144,additive,relaxed_basin,7600,0.955,0.04500000000000004,200,195
N288_M144,additive,relaxed_basin,7700,0.955,0.04500000000000004,200,195
N288_M144,additive,relaxed_basin,7800,0.955,0.04500000000000004,200,195
N288_M144,additive,relaxed_basin,7900,0.955,0.04500000000000004,200,195
N288_M144,additive,relaxed_basin,8000,0.955,0.04500000000000004,200,195
N288_M144,additive,relaxed_basin,8100,0.955,0.04500000000000004,200,195
N288_M144,additive,relaxed_basin,8200,0.955,0.04500000000000004,200,195
N288_M144,additive,relaxed_basin,8300,0.955,0.04500000000000004,200,195
N288_M144,additive,relaxed_basin,8400,0.955,0.04500000000000004,200,195
N288_M144,additive,relaxed_basin,8500,0.955,0.04500000000000004,200,195
N288_M144,additive,relaxed_basin,8600,0.955,0.04500000000000004,200,195
N288_M144,additive,relaxed_basin,8700,0.955,0.04500000000000004,200,195
N288_M144,additive,relaxed_basin,8800,0.955,0.04500000000000004,200,195
N288_M144,additive,relaxed_basin,8900,0.955,0.04500000000000004,200,195
N288_M144,additive,relaxed_basin,9000,0.955,0.04500000000000004,200,195
N288_M144,additive,relaxed_basin,9100,0.955,0.04500000000000004,200,195
N288_M144,additive,relaxed_basin,9200,0.955,0.04500000000000004,200,195
N288_M144,additive,relaxed_basin,9300,0.955,0.04500000000000004,200,195
N288_M144,additive,relaxed_basin,9400,0.955,0.04500000000000004,200,195
N288_M144,additive,relaxed_basin,9500,0.955,0.04500000000000004,200,195
N288_M144,additive,relaxed_basin,9600,0.955,0.04500000000000004,200,195
N288_M144,additive,relaxed_basin,9700,0.955,0.04500000000000004,200,195
N288_M144,additive,relaxed_basin,9800,0.955,0.04500000000000004,200,195
N288_M144,additive,relaxed_basin,9900,0.96,0.040000000000000036,200,195
N288_M144,additive,relaxed_basin,10000,0.96,0.040000000000000036,200,195
N288_M144,additive,relaxed_basin,10100,0.96,0.040000000000000036,200,195
N288_M144,additive,relaxed_basin,10200,0.96,0.040000000000000036,200,195
N288_M144,additive,relaxed_basin,10300,0.965,0.03500000000000003,200,195
N288_M144,additive,relaxed_basin,10400,0.965,0.03500000000000003,200,195
N288_M144,additive,relaxed_basin,10500,0.965,0.03500000000000003,200,195
N288_M144,additive,relaxed_basin,10600,0.965,0.03500000000000003,200,195
N288_M144,additive,relaxed_basin,10700,0.965,0.03500000000000003,200,195
N288_M144,additive,relaxed_basin,10800,0.965,0.03500000000000003,200,195
N288_M144,additive,relaxed_basin,10900,0.965,0.03500000000000003,200,195
N288_M144,additive,relaxed_basin,11000,0.965,0.03500000000000003,200,195
N288_M144,additive,relaxed_basin,11100,0.965,0.03500000000000003,200,195
N288_M144,additive,relaxed_basin,11200,0.965,0.03500000000000003,200,195
N288_M144,additive,relaxed_basin,11300,0.965,0.03500000000000003,200,195
N288_M144,additive,relaxed_basin,11400,0.965,0.03500000000000003,200,195
N288_M144,additive,relaxed_basin,11500,0.965,0.03500000000000003,200,195
N288_M144,additive,relaxed_basin,11600,0.965,0.03500000000000003,200,195
N288_M144,additive,relaxed_basin,11700,0.965,0.03500000000000003,200,195
N288_M144,additive,relaxed_basin,11800,0.965,0.03500000000000003,200,195
N288_M144,additive,relaxed_basin,11900,0.965,0.03500000000000003,200,195
N288_M144,additive,relaxed_basin,12000,0.965,0.03500000000000003,200,195
N288_M144,additive,relaxed_basin,12100,0.965,0.03500000000000003,200,195
N288_M144,additive,relaxed_basin,12200,0.965,0.03500000000000003,200,195
N288_M144,additive,relaxed_basin,12300,0.965,0.03500000000000003,200,195
N288_M144,additive,relaxed_basin,12400,0.965,0.03500000000000003,200,195
N288_M144,additive,relaxed_basin,12500,0.965,0.03500000000000003,200,195
N288_M144,additive,relaxed_basin,12600,0.965,0.03500000000000003,200,195
N288_M144,additive,relaxed_basin,12700,0.965,0.03500000000000003,200,195
N288_M144,additive,relaxed_basin,12800,0.965,0.03500000000000003,200,195
N288_M144,additive,relaxed_basin,12900,0.97,0.030000000000000027,200,195
N288_M144,additive,relaxed_basin,13000,0.97,0.030000000000000027,200,195
N288_M144,additive,relaxed_basin,13100,0.97,0.030000000000000027,200,195
N288_M144,additive,relaxed_basin,13200,0.97,0.030000000000000027,200,195
N288_M144,additive,relaxed_basin,13300,0.97,0.030000000000000027,200,195
N288_M144,additive,relaxed_basin,13400,0.97,0.030000000000000027,200,195
N288_M144,additive,relaxed_basin,13500,0.975,0.025000000000000022,200,195
N288_M144,additive,relaxed_basin,13600,0.975,0.025000000000000022,200,195
N288_M144,additive,relaxed_basin,13700,0.975,0.025000000000000022,200,195
N288_M144,additive,relaxed_basin,13800,0.975,0.025000000000000022,200,195
N288_M144,additive,relaxed_basin,13900,0.975,0.025000000000000022,200,195
N288_M144,additive,relaxed_basin,14000,0.975,0.025000000000000022,200,195
N288_M144,additive,relaxed_basin,14100,0.975,0.025000000000000022,200,195
N288_M144,additive,relaxed_basin,14200,0.975,0.025000000000000022,200,195
N288_M144,additive,relaxed_basin,14300,0.975,0.025000000000000022,200,195
N288_M144,additive,relaxed_basin,14400,0.975,0.025000000000000022,200,195
N288_M144,additive,relaxed_basin,14500,0.975,0.025000000000000022,200,195
N288_M144,additive,relaxed_basin,14600,0.975,0.025000000000000022,200,195
N288_M144,additive,relaxed_basin,14700,0.975,0.025000000000000022,200,195
N288_M144,additive,relaxed_basin,14800,0.975,0.025000000000000022,200,195
N288_M144,additive,relaxed_basin,14900,0.975,0.025000000000000022,200,195
N288_M144,additive,relaxed_basin,15000,0.975,0.025000000000000022,200,195
N288_M144,additive,relaxed_basin,15100,0.975,0.025000000000000022,200,195
N288_M144,additive,relaxed_basin,15200,0.975,0.025000000000000022,200,195
N288_M144,additive,relaxed_basin,15300,0.975,0.025000000000000022,200,195
N288_M144,additive,relaxed_basin,15400,0.975,0.025000000000000022,200,195
N288_M144,additive,relaxed_basin,15500,0.975,0.025000000000000022,200,195
N288_M144,additive,relaxed_basin,15600,0.975,0.025000000000000022,200,195
N288_M144,additive,relaxed_basin,15700,0.975,0.025000000000000022,200,195
N288_M144,additive,relaxed_basin,15800,0.975,0.025000000000000022,200,195
N288_M144,additive,relaxed_basin,15900,0.975,0.025000000000000022,200,195
N288_M144,additive,relaxed_basin,16000,0.975,0.025000000000000022,200,195
N288_M144,additive,relaxed_basin,16100,0.975,0.025000000000000022,200,195
N288_M144,additive,relaxed_basin,16200,0.975,0.025000000000000022,200,195
N288_M144,additive,relaxed_basin,16300,0.975,0.025000000000000022,200,195
N288_M144,additive,relaxed_basin,16400,0.975,0.025000000000000022,200,195
N288_M144,additive,relaxed_basin,16500,0.975,0.025000000000000022,200,195
N288_M144,additive,relaxed_basin,16600,0.975,0.025000000000000022,200,195
N288_M144,additive,relaxed_basin,16700,0.975,0.025000000000000022,200,195
N288_M144,additive,relaxed_basin,16800,0.975,0.025000000000000022,200,195
N288_M144,additive,relaxed_basin,16900,0.975,0.025000000000000022,200,195
N288_M144,additive,relaxed_basin,17000,0.975,0.025000000000000022,200,195
N288_M144,additive,relaxed_basin,17100,0.975,0.025000000000000022,200,195
N288_M144,additive,relaxed_basin,17200,0.975,0.025000000000000022,200,195
N288_M144,additive,relaxed_basin,17300,0.975,0.025000000000000022,200,195
N288_M144,additive,relaxed_basin,17400,0.975,0.025000000000000022,200,195
N288_M144,additive,relaxed_basin,17500,0.975,0.025000000000000022,200,195
N288_M144,additive,relaxed_basin,17600,0.975,0.025000000000000022,200,195
N288_M144,additive,relaxed_basin,17700,0.975,0.025000000000000022,200,195
N288_M144,additive,relaxed_basin,17800,0.975,0.025000000000000022,200,195
N288_M144,additive,relaxed_basin,17900,0.975,0.025000000000000022,200,195
N288_M144,additive,relaxed_basin,18000,0.975,0.025000000000000022,200,195
N288_M144,additive,relaxed_basin,18100,0.975,0.025000000000000022,200,195
N288_M144,additive,relaxed_basin,18200,0.975,0.025000000000000022,200,195
N288_M144,additive,relaxed_basin,18300,0.975,0.025000000000000022,200,195
N288_M144,additive,relaxed_basin,18400,0.975,0.025000000000000022,200,195
N288_M144,additive,relaxed_basin,18500,0.975,0.025000000000000022,200,195
N288_M144,additive,relaxed_basin,18600,0.975,0.025000000000000022,200,195
N288_M144,additive,relaxed_basin,18700,0.975,0.025000000000000022,200,195
N288_M144,additive,relaxed_basin,18800,0.975,0.025000000000000022,200,195
N288_M144,additive,relaxed_basin,18900,0.975,0.025000000000000022,200,195
N288_M144,additive,relaxed_basin,19000,0.975,0.025000000000000022,200,195
N288_M144,additive,relaxed_basin,19100,0.975,0.025000000000000022,200,195
N288_M144,additive,relaxed_basin,19200,0.975,0.025000000000000022,200,195
N288_M144,additive,relaxed_basin,19300,0.975,0.025000000000000022,200,195
N288_M144,additive,relaxed_basin,19400,0.975,0.025000000000000022,200,195
N288_M144,additive,relaxed_basin,19500,0.975,0.025000000000000022,200,195
N288_M144,additive,relaxed_basin,19600,0.975,0.025000000000000022,200,195
N288_M144,additive,relaxed_basin,19700,0.975,0.025000000000000022,200,195
N288_M144,additive,relaxed_basin,19800,0.975,0.025000000000000022,200,195
N288_M144,additive,relaxed_basin,19900,0.975,0.025000000000000022,200,195
N288_M144,additive,relaxed_basin,20000,0.975,0.025000000000000022,200,195
N288_M144,additive,relaxed_basin,20100,0.975,0.025000000000000022,200,195
N288_M144,additive,relaxed_basin,20200,0.975,0.025000000000000022,200,195
N288_M144,additive,relaxed_basin,20300,0.975,0.025000000000000022,200,195
N288_M144,additive,relaxed_basin,20400,0.975,0.025000000000000022,200,195
N288_M144,additive,relaxed_basin,20500,0.975,0.025000000000000022,200,195
N288_M144,additive,relaxed_basin,20600,0.975,0.025000000000000022,200,195
N288_M144,additive,relaxed_basin,20700,0.975,0.025000000000000022,200,195
N288_M144,additive,relaxed_basin,20800,0.975,0.025000000000000022,200,195
N288_M144,additive,relaxed_basin,20900,0.975,0.025000000000000022,200,195
N288_M144,additive,relaxed_basin,21000,0.975,0.025000000000000022,200,195
N288_M144,additive,relaxed_basin,21100,0.975,0.025000000000000022,200,195
N288_M144,additive,relaxed_basin,21200,0.975,0.025000000000000022,200,195
N288_M144,additive,relaxed_basin,21300,0.975,0.025000000000000022,200,195
N288_M144,additive,relaxed_basin,21400,0.975,0.025000000000000022,200,195
N288_M144,additive,relaxed_basin,21500,0.975,0.025000000000000022,200,195
N288_M144,additive,relaxed_basin,21600,0.975,0.025000000000000022,200,195
N288_M144,additive,relaxed_basin,21700,0.975,0.025000000000000022,200,195
N288_M144,additive,relaxed_basin,21800,0.975,0.025000000000000022,200,195
N288_M144,additive,relaxed_basin,21900,0.975,0.025000000000000022,200,195
N288_M144,additive,relaxed_basin,22000,0.975,0.025000000000000022,200,195
N288_M144,additive,relaxed_basin,22100,0.975,0.025000000000000022,200,195
N288_M144,additive,relaxed_basin,22200,0.975,0.025000000000000022,200,195
N288_M144,additive,relaxed_basin,22300,0.975,0.025000000000000022,200,195
N288_M144,additive,relaxed_basin,22400,0.975,0.025000000000000022,200,195
N288_M144,additive,relaxed_basin,22500,0.975,0.025000000000000022,200,195
N288_M144,additive,relaxed_basin,22600,0.975,0.025000000000000022,200,195
N288_M144,additive,relaxed_basin,22700,0.975,0.025000000000000022,200,195
N288_M144,additive,relaxed_basin,22800,0.975,0.025000000000000022,200,195
N288_M144,additive,relaxed_basin,22900,0.975,0.025000000000000022,200,195
N288_M144,additive,relaxed_basin,23000,0.975,0.025000000000000022,200,195
N288_M144,additive,relaxed_basin,23100,0.975,0.025000000000000022,200,195
N288_M144,additive,relaxed_basin,23200,0.975,0.025000000000000022,200,195
N288_M144,additive,relaxed_basin,23300,0.975,0.025000000000000022,200,195
N288_M144,additive,relaxed_basin,23400,0.975,0.025000000000000022,200,195
N288_M144,additive,relaxed_basin,23500,0.975,0.025000000000000022,200,195
N288_M144,additive,relaxed_basin,23600,0.975,0.025000000000000022,200,195
N288_M144,additive,relaxed_basin,23700,0.975,0.025000000000000022,200,195
N288_M144,additive,relaxed_basin,23800,0.975,0.025000000000000022,200,195
N288_M144,additive,relaxed_basin,23900,0.975,0.025000000000000022,200,195
N288_M144,additive,relaxed_basin,24000,0.975,0.025000000000000022,200,195
N288_M144,additive,relaxed_basin,24100,0.975,0.025000000000000022,200,195
N288_M144,additive,relaxed_basin,24200,0.975,0.025000000000000022,200,195
N288_M144,additive,relaxed_basin,24300,0.975,0.025000000000000022,200,195
N288_M144,additive,relaxed_basin,24400,0.975,0.025000000000000022,200,195
N288_M144,additive,relaxed_basin,24500,0.975,0.025000000000000022,200,195
N288_M144,additive,relaxed_basin,24600,0.975,0.025000000000000022,200,195
N288_M144,additive,relaxed_basin,24700,0.975,0.025000000000000022,200,195
N288_M144,additive,relaxed_basin,24800,0.975,0.025000000000000022,200,195
N288_M144,additive,relaxed_basin,24900,0.975,0.025000000000000022,200,195
N288_M144,additive,relaxed_basin,25000,0.975,0.025000000000000022,200,195
N288_M144,additive,relaxed_basin,25100,0.975,0.025000000000000022,200,195
N288_M144,additive,relaxed_basin,25200,0.975,0.025000000000000022,200,195
N288_M144,additive,relaxed_basin,25300,0.975,0.025000000000000022,200,195
N288_M144,additive,relaxed_basin,25400,0.975,0.025000000000000022,200,195
N288_M144,additive,relaxed_basin,25500,0.975,0.025000000000000022,200,195
N288_M144,additive,relaxed_basin,25600,0.975,0.025000000000000022,200,195
N288_M144,additive,wrong_valid,0,0.0,1.0,200,0
N288_M144,additive,wrong_valid,100,0.0,1.0,200,0
N288_M144,additive,wrong_valid,200,0.0,1.0,200,0
N288_M144,additive,wrong_valid,300,0.0,1.0,200,0
N288_M144,additive,wrong_valid,400,0.0,1.0,200,0
N288_M144,additive,wrong_valid,500,0.0,1.0,200,0
N288_M144,additive,wrong_valid,600,0.0,1.0,200,0
N288_M144,additive,wrong_valid,700,0.0,1.0,200,0
N288_M144,additive,wrong_valid,800,0.0,1.0,200,0
N288_M144,additive,wrong_valid,900,0.0,1.0,200,0
N288_M144,additive,wrong_valid,1000,0.0,1.0,200,0
N288_M144,additive,wrong_valid,1100,0.0,1.0,200,0
N288_M144,additive,wrong_valid,1200,0.0,1.0,200,0
N288_M144,additive,wrong_valid,1300,0.0,1.0,200,0
N288_M144,additive,wrong_valid,1400,0.0,1.0,200,0
N288_M144,additive,wrong_valid,1500,0.0,1.0,200,0
N288_M144,additive,wrong_valid,1600,0.0,1.0,200,0
N288_M144,additive,wrong_valid,1700,0.0,1.0,200,0
N288_M144,additive,wrong_valid,1800,0.0,1.0,200,0
N288_M144,additive,wrong_valid,1900,0.0,1.0,200,0
N288_M144,additive,wrong_valid,2000,0.0,1.0,200,0
N288_M144,additive,wrong_valid,2100,0.0,1.0,200,0
N288_M144,additive,wrong_valid,2200,0.0,1.0,200,0
N288_M144,additive,wrong_valid,2300,0.0,1.0,200,0
N288_M144,additive,wrong_valid,2400,0.0,1.0,200,0
N288_M144,additive,wrong_valid,2500,0.0,1.0,200,0
N288_M144,additive,wrong_valid,2600,0.0,1.0,200,0
N288_M144,additive,wrong_valid,2700,0.0,1.0,200,0
N288_M144,additive,wrong_valid,2800,0.0,1.0,200,0
N288_M144,additive,wrong_valid,2900,0.0,1.0,200,0
N288_M144,additive,wrong_valid,3000,0.0,1.0,200,0
N288_M144,additive,wrong_valid,3100,0.0,1.0,200,0
N288_M144,additive,wrong_valid,3200,0.0,1.0,200,0
N288_M144,additive,wrong_valid,3300,0.0,1.0,200,0
N288_M144,additive,wrong_valid,3400,0.0,1.0,200,0
N288_M144,additive,wrong_valid,3500,0.0,1.0,200,0
N288_M144,additive,wrong_valid,3600,0.0,1.0,200,0
N288_M144,additive,wrong_valid,3700,0.0,1.0,200,0
N288_M144,additive,wrong_valid,3800,0.0,1.0,200,0
N288_M144,additive,wrong_valid,3900,0.0,1.0,200,0
N288_M144,additive,wrong_valid,4000,0.0,1.0,200,0
N288_M144,additive,wrong_valid,4100,0.0,1.0,200,0
N288_M144,additive,wrong_valid,4200,0.0,1.0,200,0
N288_M144,additive,wrong_valid,4300,0.0,1.0,200,0
N288_M144,additive,wrong_valid,4400,0.0,1.0,200,0
N288_M144,additive,wrong_valid,4500,0.0,1.0,200,0
N288_M144,additive,wrong_valid,4600,0.0,1.0,200,0
N288_M144,additive,wrong_valid,4700,0.0,1.0,200,0
N288_M144,additive,wrong_valid,4800,0.0,1.0,200,0
N288_M144,additive,wrong_valid,4900,0.0,1.0,200,0
N288_M144,additive,wrong_valid,5000,0.0,1.0,200,0
N288_M144,additive,wrong_valid,5100,0.0,1.0,200,0
N288_M144,additive,wrong_valid,5200,0.0,1.0,200,0
N288_M144,additive,wrong_valid,5300,0.0,1.0,200,0
N288_M144,additive,wrong_valid,5400,0.0,1.0,200,0
N288_M144,additive,wrong_valid,5500,0.0,1.0,200,0
N288_M144,additive,wrong_valid,5600,0.0,1.0,200,0
N288_M144,additive,wrong_valid,5700,0.0,1.0,200,0
N288_M144,additive,wrong_valid,5800,0.0,1.0,200,0
N288_M144,additive,wrong_valid,5900,0.0,1.0,200,0
N288_M144,additive,wrong_valid,6000,0.0,1.0,200,0
N288_M144,additive,wrong_valid,6100,0.0,1.0,200,0
N288_M144,additive,wrong_valid,6200,0.0,1.0,200,0
N288_M144,additive,wrong_valid,6300,0.0,1.0,200,0
N288_M144,additive,wrong_valid,6400,0.0,1.0,200,0
N288_M144,additive,wrong_valid,6500,0.0,1.0,200,0
N288_M144,additive,wrong_valid,6600,0.0,1.0,200,0
N288_M144,additive,wrong_valid,6700,0.0,1.0,200,0
N288_M144,additive,wrong_valid,6800,0.0,1.0,200,0
N288_M144,additive,wrong_valid,6900,0.0,1.0,200,0
N288_M144,additive,wrong_valid,7000,0.0,1.0,200,0
N288_M144,additive,wrong_valid,7100,0.0,1.0,200,0
N288_M144,additive,wrong_valid,7200,0.0,1.0,200,0
N288_M144,additive,wrong_valid,7300,0.0,1.0,200,0
N288_M144,additive,wrong_valid,7400,0.0,1.0,200,0
N288_M144,additive,wrong_valid,7500,0.0,1.0,200,0
N288_M144,additive,wrong_valid,7600,0.0,1.0,200,0
N288_M144,additive,wrong_valid,7700,0.0,1.0,200,0
N288_M144,additive,wrong_valid,7800,0.0,1.0,200,0
N288_M144,additive,wrong_valid,7900,0.0,1.0,200,0
N288_M144,additive,wrong_valid,8000,0.0,1.0,200,0
N288_M144,additive,wrong_valid,8100,0.0,1.0,200,0
N288_M144,additive,wrong_valid,8200,0.0,1.0,200,0
N288_M144,additive,wrong_valid,8300,0.0,1.0,200,0
N288_M144,additive,wrong_valid,8400,0.0,1.0,200,0
N288_M144,additive,wrong_valid,8500,0.0,1.0,200,0
N288_M144,additive,wrong_valid,8600,0.0,1.0,200,0
N288_M144,additive,wrong_valid,8700,0.0,1.0,200,0
N288_M144,additive,wrong_valid,8800,0.0,1.0,200,0
N288_M144,additive,wrong_valid,8900,0.0,1.0,200,0
N288_M144,additive,wrong_valid,9000,0.0,1.0,200,0
N288_M144,additive,wrong_valid,9100,0.0,1.0,200,0
N288_M144,additive,wrong_valid,9200,0.0,1.0,200,0
N288_M144,additive,wrong_valid,9300,0.0,1.0,200,0
N288_M144,additive,wrong_valid,9400,0.0,1.0,200,0
N288_M144,additive,wrong_valid,9500,0.0,1.0,200,0
N288_M144,additive,wrong_valid,9600,0.0,1.0,200,0
N288_M144,additive,wrong_valid,9700,0.0,1.0,200,0
N288_M144,additive,wrong_valid,9800,0.0,1.0,200,0
N288_M144,additive,wrong_valid,9900,0.0,1.0,200,0
N288_M144,additive,wrong_valid,10000,0.0,1.0,200,0
N288_M144,additive,wrong_valid,10100,0.0,1.0,200,0
N288_M144,additive,wrong_valid,10200,0.0,1.0,200,0
N288_M144,additive,wrong_valid,10300,0.0,1.0,200,0
N288_M144,additive,wrong_valid,10400,0.0,1.0,200,0
N288_M144,additive,wrong_valid,10500,0.0,1.0,200,0
N288_M144,additive,wrong_valid,10600,0.0,1.0,200,0
N288_M144,additive,wrong_valid,10700,0.0,1.0,200,0
N288_M144,additive,wrong_valid,10800,0.0,1.0,200,0
N288_M144,additive,wrong_valid,10900,0.0,1.0,200,0
N288_M144,additive,wrong_valid,11000,0.0,1.0,200,0
N288_M144,additive,wrong_valid,11100,0.0,1.0,200,0
N288_M144,additive,wrong_valid,11200,0.0,1.0,200,0
N288_M144,additive,wrong_valid,11300,0.0,1.0,200,0
N288_M144,additive,wrong_valid,11400,0.0,1.0,200,0
N288_M144,additive,wrong_valid,11500,0.0,1.0,200,0
N288_M144,additive,wrong_valid,11600,0.0,1.0,200,0
N288_M144,additive,wrong_valid,11700,0.0,1.0,200,0
N288_M144,additive,wrong_valid,11800,0.0,1.0,200,0
N288_M144,additive,wrong_valid,11900,0.0,1.0,200,0
N288_M144,additive,wrong_valid,12000,0.0,1.0,200,0
N288_M144,additive,wrong_valid,12100,0.0,1.0,200,0
N288_M144,additive,wrong_valid,12200,0.0,1.0,200,0
N288_M144,additive,wrong_valid,12300,0.0,1.0,200,0
N288_M144,additive,wrong_valid,12400,0.0,1.0,200,0
N288_M144,additive,wrong_valid,12500,0.0,1.0,200,0
N288_M144,additive,wrong_valid,12600,0.0,1.0,200,0
N288_M144,additive,wrong_valid,12700,0.0,1.0,200,0
N288_M144,additive,wrong_valid,12800,0.0,1.0,200,0
N288_M144,additive,wrong_valid,12900,0.0,1.0,200,0
N288_M144,additive,wrong_valid,13000,0.0,1.0,200,0
N288_M144,additive,wrong_valid,13100,0.0,1.0,200,0
N288_M144,additive,wrong_valid,13200,0.0,1.0,200,0
N288_M144,additive,wrong_valid,13300,0.0,1.0,200,0
N288_M144,additive,wrong_valid,13400,0.0,1.0,200,0
N288_M144,additive,wrong_valid,13500,0.0,1.0,200,0
N288_M144,additive,wrong_valid,13600,0.0,1.0,200,0
N288_M144,additive,wrong_valid,13700,0.0,1.0,200,0
N288_M144,additive,wrong_valid,13800,0.0,1.0,200,0
N288_M144,additive,wrong_valid,13900,0.0,1.0,200,0
N288_M144,additive,wrong_valid,14000,0.0,1.0,200,0
N288_M144,additive,wrong_valid,14100,0.0,1.0,200,0
N288_M144,additive,wrong_valid,14200,0.0,1.0,200,0
N288_M144,additive,wrong_valid,14300,0.0,1.0,200,0
N288_M144,additive,wrong_valid,14400,0.0,1.0,200,0
N288_M144,additive,wrong_valid,14500,0.0,1.0,200,0
N288_M144,additive,wrong_valid,14600,0.0,1.0,200,0
N288_M144,additive,wrong_valid,14700,0.0,1.0,200,0
N288_M144,additive,wrong_valid,14800,0.0,1.0,200,0
N288_M144,additive,wrong_valid,14900,0.0,1.0,200,0
N288_M144,additive,wrong_valid,15000,0.0,1.0,200,0
N288_M144,additive,wrong_valid,15100,0.0,1.0,200,0
N288_M144,additive,wrong_valid,15200,0.0,1.0,200,0
N288_M144,additive,wrong_valid,15300,0.0,1.0,200,0
N288_M144,additive,wrong_valid,15400,0.0,1.0,200,0
N288_M144,additive,wrong_valid,15500,0.0,1.0,200,0
N288_M144,additive,wrong_valid,15600,0.0,1.0,200,0
N288_M144,additive,wrong_valid,15700,0.0,1.0,200,0
N288_M144,additive,wrong_valid,15800,0.0,1.0,200,0
N288_M144,additive,wrong_valid,15900,0.0,1.0,200,0
N288_M144,additive,wrong_valid,16000,0.0,1.0,200,0
N288_M144,additive,wrong_valid,16100,0.0,1.0,200,0
N288_M144,additive,wrong_valid,16200,0.0,1.0,200,0
N288_M144,additive,wrong_valid,16300,0.0,1.0,200,0
N288_M144,additive,wrong_valid,16400,0.0,1.0,200,0
N288_M144,additive,wrong_valid,16500,0.0,1.0,200,0
N288_M144,additive,wrong_valid,16600,0.0,1.0,200,0
N288_M144,additive,wrong_valid,16700,0.0,1.0,200,0
N288_M144,additive,wrong_valid,16800,0.0,1.0,200,0
N288_M144,additive,wrong_valid,16900,0.0,1.0,200,0
N288_M144,additive,wrong_valid,17000,0.0,1.0,200,0
N288_M144,additive,wrong_valid,17100,0.0,1.0,200,0
N288_M144,additive,wrong_valid,17200,0.0,1.0,200,0
N288_M144,additive,wrong_valid,17300,0.0,1.0,200,0
N288_M144,additive,wrong_valid,17400,0.0,1.0,200,0
N288_M144,additive,wrong_valid,17500,0.0,1.0,200,0
N288_M144,additive,wrong_valid,17600,0.0,1.0,200,0
N288_M144,additive,wrong_valid,17700,0.0,1.0,200,0
N288_M144,additive,wrong_valid,17800,0.0,1.0,200,0
N288_M144,additive,wrong_valid,17900,0.0,1.0,200,0
N288_M144,additive,wrong_valid,18000,0.0,1.0,200,0
N288_M144,additive,wrong_valid,18100,0.0,1.0,200,0
N288_M144,additive,wrong_valid,18200,0.0,1.0,200,0
N288_M144,additive,wrong_valid,18300,0.0,1.0,200,0
N288_M144,additive,wrong_valid,18400,0.0,1.0,200,0
N288_M144,additive,wrong_valid,18500,0.0,1.0,200,0
N288_M144,additive,wrong_valid,18600,0.0,1.0,200,0
N288_M144,additive,wrong_valid,18700,0.0,1.0,200,0
N288_M144,additive,wrong_valid,18800,0.0,1.0,200,0
N288_M144,additive,wrong_valid,18900,0.0,1.0,200,0
N288_M144,additive,wrong_valid,19000,0.0,1.0,200,0
N288_M144,additive,wrong_valid,19100,0.0,1.0,200,0
N288_M144,additive,wrong_valid,19200,0.0,1.0,200,0
N288_M144,additive,wrong_valid,19300,0.0,1.0,200,0
N288_M144,additive,wrong_valid,19400,0.0,1.0,200,0
N288_M144,additive,wrong_valid,19500,0.0,1.0,200,0
N288_M144,additive,wrong_valid,19600,0.0,1.0,200,0
N288_M144,additive,wrong_valid,19700,0.0,1.0,200,0
N288_M144,additive,wrong_valid,19800,0.0,1.0,200,0
N288_M144,additive,wrong_valid,19900,0.0,1.0,200,0
N288_M144,additive,wrong_valid,20000,0.0,1.0,200,0
N288_M144,additive,wrong_valid,20100,0.0,1.0,200,0
N288_M144,additive,wrong_valid,20200,0.0,1.0,200,0
N288_M144,additive,wrong_valid,20300,0.0,1.0,200,0
N288_M144,additive,wrong_valid,20400,0.0,1.0,200,0
N288_M144,additive,wrong_valid,20500,0.0,1.0,200,0
N288_M144,additive,wrong_valid,20600,0.0,1.0,200,0
N288_M144,additive,wrong_valid,20700,0.0,1.0,200,0
N288_M144,additive,wrong_valid,20800,0.0,1.0,200,0
N288_M144,additive,wrong_valid,20900,0.0,1.0,200,0
N288_M144,additive,wrong_valid,21000,0.0,1.0,200,0
N288_M144,additive,wrong_valid,21100,0.0,1.0,200,0
N288_M144,additive,wrong_valid,21200,0.0,1.0,200,0
N288_M144,additive,wrong_valid,21300,0.0,1.0,200,0
N288_M144,additive,wrong_valid,21400,0.0,1.0,200,0
N288_M144,additive,wrong_valid,21500,0.0,1.0,200,0
N288_M144,additive,wrong_valid,21600,0.0,1.0,200,0
N288_M144,additive,wrong_valid,21700,0.0,1.0,200,0
N288_M144,additive,wrong_valid,21800,0.0,1.0,200,0
N288_M144,additive,wrong_valid,21900,0.0,1.0,200,0
N288_M144,additive,wrong_valid,22000,0.0,1.0,200,0
N288_M144,additive,wrong_valid,22100,0.0,1.0,200,0
N288_M144,additive,wrong_valid,22200,0.0,1.0,200,0
N288_M144,additive,wrong_valid,22300,0.0,1.0,200,0
N288_M144,additive,wrong_valid,22400,0.0,1.0,200,0
N288_M144,additive,wrong_valid,22500,0.0,1.0,200,0
N288_M144,additive,wrong_valid,22600,0.0,1.0,200,0
N288_M144,additive,wrong_valid,22700,0.0,1.0,200,0
N288_M144,additive,wrong_valid,22800,0.0,1.0,200,0
N288_M144,additive,wrong_valid,22900,0.0,1.0,200,0
N288_M144,additive,wrong_valid,23000,0.0,1.0,200,0
N288_M144,additive,wrong_valid,23100,0.0,1.0,200,0
N288_M144,additive,wrong_valid,23200,0.0,1.0,200,0
N288_M144,additive,wrong_valid,23300,0.0,1.0,200,0
N288_M144,additive,wrong_valid,23400,0.0,1.0,200,0
N288_M144,additive,wrong_valid,23500,0.0,1.0,200,0
N288_M144,additive,wrong_valid,23600,0.0,1.0,200,0
N288_M144,additive,wrong_valid,23700,0.0,1.0,200,0
N288_M144,additive,wrong_valid,23800,0.0,1.0,200,0
N288_M144,additive,wrong_valid,23900,0.0,1.0,200,0
N288_M144,additive,wrong_valid,24000,0.0,1.0,200,0
N288_M144,additive,wrong_valid,24100,0.0,1.0,200,0
N288_M144,additive,wrong_valid,24200,0.0,1.0,200,0
N288_M144,additive,wrong_valid,24300,0.0,1.0,200,0
N288_M144,additive,wrong_valid,24400,0.0,1.0,200,0
N288_M144,additive,wrong_valid,24500,0.0,1.0,200,0
N288_M144,additive,wrong_valid,24600,0.0,1.0,200,0
N288_M144,additive,wrong_valid,24700,0.0,1.0,200,0
N288_M144,additive,wrong_valid,24800,0.0,1.0,200,0
N288_M144,additive,wrong_valid,24900,0.0,1.0,200,0
N288_M144,additive,wrong_valid,25000,0.0,1.0,200,0
N288_M144,additive,wrong_valid,25100,0.0,1.0,200,0
N288_M144,additive,wrong_valid,25200,0.0,1.0,200,0
N288_M144,additive,wrong_valid,25300,0.0,1.0,200,0
N288_M144,additive,wrong_valid,25400,0.0,1.0,200,0
N288_M144,additive,wrong_valid,25500,0.0,1.0,200,0
N288_M144,additive,wrong_valid,25600,0.0,1.0,200,0
N288_M144,binary_state,valid,0,0.0,1.0,200,186
N288_M144,binary_state,valid,100,0.0,1.0,200,186
N288_M144,binary_state,valid,200,0.005,0.995,200,186
N288_M144,binary_state,valid,300,0.02,0.98,200,186
N288_M144,binary_state,valid,400,0.04,0.96,200,186
N288_M144,binary_state,valid,500,0.125,0.875,200,186
N288_M144,binary_state,valid,600,0.17,0.83,200,186
N288_M144,binary_state,valid,700,0.235,0.765,200,186
N288_M144,binary_state,valid,800,0.285,0.7150000000000001,200,186
N288_M144,binary_state,valid,900,0.3,0.7,200,186
N288_M144,binary_state,valid,1000,0.335,0.665,200,186
N288_M144,binary_state,valid,1100,0.375,0.625,200,186
N288_M144,binary_state,valid,1200,0.43,0.5700000000000001,200,186
N288_M144,binary_state,valid,1300,0.44,0.56,200,186
N288_M144,binary_state,valid,1400,0.45,0.55,200,186
N288_M144,binary_state,valid,1500,0.48,0.52,200,186
N288_M144,binary_state,valid,1600,0.495,0.505,200,186
N288_M144,binary_state,valid,1700,0.53,0.47,200,186
N288_M144,binary_state,valid,1800,0.545,0.45499999999999996,200,186
N288_M144,binary_state,valid,1900,0.56,0.43999999999999995,200,186
N288_M144,binary_state,valid,2000,0.57,0.43000000000000005,200,186
N288_M144,binary_state,valid,2100,0.58,0.42000000000000004,200,186
N288_M144,binary_state,valid,2200,0.59,0.41000000000000003,200,186
N288_M144,binary_state,valid,2300,0.605,0.395,200,186
N288_M144,binary_state,valid,2400,0.615,0.385,200,186
N288_M144,binary_state,valid,2500,0.615,0.385,200,186
N288_M144,binary_state,valid,2600,0.635,0.365,200,186
N288_M144,binary_state,valid,2700,0.645,0.355,200,186
N288_M144,binary_state,valid,2800,0.65,0.35,200,186
N288_M144,binary_state,valid,2900,0.655,0.345,200,186
N288_M144,binary_state,valid,3000,0.675,0.32499999999999996,200,186
N288_M144,binary_state,valid,3100,0.685,0.31499999999999995,200,186
N288_M144,binary_state,valid,3200,0.695,0.30500000000000005,200,186
N288_M144,binary_state,valid,3300,0.7,0.30000000000000004,200,186
N288_M144,binary_state,valid,3400,0.705,0.29500000000000004,200,186
N288_M144,binary_state,valid,3500,0.715,0.28500000000000003,200,186
N288_M144,binary_state,valid,3600,0.72,0.28,200,186
N288_M144,binary_state,valid,3700,0.72,0.28,200,186
N288_M144,binary_state,valid,3800,0.725,0.275,200,186
N288_M144,binary_state,valid,3900,0.725,0.275,200,186
N288_M144,binary_state,valid,4000,0.725,0.275,200,186
N288_M144,binary_state,valid,4100,0.73,0.27,200,186
N288_M144,binary_state,valid,4200,0.73,0.27,200,186
N288_M144,binary_state,valid,4300,0.74,0.26,200,186
N288_M144,binary_state,valid,4400,0.74,0.26,200,186
N288_M144,binary_state,valid,4500,0.74,0.26,200,186
N288_M144,binary_state,valid,4600,0.745,0.255,200,186
N288_M144,binary_state,valid,4700,0.75,0.25,200,186
N288_M144,binary_state,valid,4800,0.755,0.245,200,186
N288_M144,binary_state,valid,4900,0.76,0.24,200,186
N288_M144,binary_state,valid,5000,0.765,0.235,200,186
N288_M144,binary_state,valid,5100,0.77,0.22999999999999998,200,186
N288_M144,binary_state,valid,5200,0.77,0.22999999999999998,200,186
N288_M144,binary_state,valid,5300,0.77,0.22999999999999998,200,186
N288_M144,binary_state,valid,5400,0.775,0.22499999999999998,200,186
N288_M144,binary_state,valid,5500,0.775,0.22499999999999998,200,186
N288_M144,binary_state,valid,5600,0.775,0.22499999999999998,200,186
N288_M144,binary_state,valid,5700,0.785,0.21499999999999997,200,186
N288_M144,binary_state,valid,5800,0.79,0.20999999999999996,200,186
N288_M144,binary_state,valid,5900,0.795,0.20499999999999996,200,186
N288_M144,binary_state,valid,6000,0.795,0.20499999999999996,200,186
N288_M144,binary_state,valid,6100,0.795,0.20499999999999996,200,186
N288_M144,binary_state,valid,6200,0.8,0.19999999999999996,200,186
N288_M144,binary_state,valid,6300,0.8,0.19999999999999996,200,186
N288_M144,binary_state,valid,6400,0.805,0.19499999999999995,200,186
N288_M144,binary_state,valid,6500,0.805,0.19499999999999995,200,186
N288_M144,binary_state,valid,6600,0.805,0.19499999999999995,200,186
N288_M144,binary_state,valid,6700,0.815,0.18500000000000005,200,186
N288_M144,binary_state,valid,6800,0.815,0.18500000000000005,200,186
N288_M144,binary_state,valid,6900,0.815,0.18500000000000005,200,186
N288_M144,binary_state,valid,7000,0.82,0.18000000000000005,200,186
N288_M144,binary_state,valid,7100,0.82,0.18000000000000005,200,186
N288_M144,binary_state,valid,7200,0.82,0.18000000000000005,200,186
N288_M144,binary_state,valid,7300,0.82,0.18000000000000005,200,186
N288_M144,binary_state,valid,7400,0.82,0.18000000000000005,200,186
N288_M144,binary_state,valid,7500,0.82,0.18000000000000005,200,186
N288_M144,binary_state,valid,7600,0.82,0.18000000000000005,200,186
N288_M144,binary_state,valid,7700,0.825,0.17500000000000004,200,186
N288_M144,binary_state,valid,7800,0.825,0.17500000000000004,200,186
N288_M144,binary_state,valid,7900,0.83,0.17000000000000004,200,186
N288_M144,binary_state,valid,8000,0.83,0.17000000000000004,200,186
N288_M144,binary_state,valid,8100,0.83,0.17000000000000004,200,186
N288_M144,binary_state,valid,8200,0.83,0.17000000000000004,200,186
N288_M144,binary_state,valid,8300,0.835,0.16500000000000004,200,186
N288_M144,binary_state,valid,8400,0.835,0.16500000000000004,200,186
N288_M144,binary_state,valid,8500,0.835,0.16500000000000004,200,186
N288_M144,binary_state,valid,8600,0.84,0.16000000000000003,200,186
N288_M144,binary_state,valid,8700,0.84,0.16000000000000003,200,186
N288_M144,binary_state,valid,8800,0.84,0.16000000000000003,200,186
N288_M144,binary_state,valid,8900,0.84,0.16000000000000003,200,186
N288_M144,binary_state,valid,9000,0.84,0.16000000000000003,200,186
N288_M144,binary_state,valid,9100,0.84,0.16000000000000003,200,186
N288_M144,binary_state,valid,9200,0.84,0.16000000000000003,200,186
N288_M144,binary_state,valid,9300,0.84,0.16000000000000003,200,186
N288_M144,binary_state,valid,9400,0.84,0.16000000000000003,200,186
N288_M144,binary_state,valid,9500,0.84,0.16000000000000003,200,186
N288_M144,binary_state,valid,9600,0.845,0.15500000000000003,200,186
N288_M144,binary_state,valid,9700,0.85,0.15000000000000002,200,186
N288_M144,binary_state,valid,9800,0.85,0.15000000000000002,200,186
N288_M144,binary_state,valid,9900,0.85,0.15000000000000002,200,186
N288_M144,binary_state,valid,10000,0.85,0.15000000000000002,200,186
N288_M144,binary_state,valid,10100,0.85,0.15000000000000002,200,186
N288_M144,binary_state,valid,10200,0.85,0.15000000000000002,200,186
N288_M144,binary_state,valid,10300,0.85,0.15000000000000002,200,186
N288_M144,binary_state,valid,10400,0.85,0.15000000000000002,200,186
N288_M144,binary_state,valid,10500,0.85,0.15000000000000002,200,186
N288_M144,binary_state,valid,10600,0.85,0.15000000000000002,200,186
N288_M144,binary_state,valid,10700,0.85,0.15000000000000002,200,186
N288_M144,binary_state,valid,10800,0.85,0.15000000000000002,200,186
N288_M144,binary_state,valid,10900,0.85,0.15000000000000002,200,186
N288_M144,binary_state,valid,11000,0.85,0.15000000000000002,200,186
N288_M144,binary_state,valid,11100,0.85,0.15000000000000002,200,186
N288_M144,binary_state,valid,11200,0.855,0.14500000000000002,200,186
N288_M144,binary_state,valid,11300,0.86,0.14,200,186
N288_M144,binary_state,valid,11400,0.865,0.135,200,186
N288_M144,binary_state,valid,11500,0.865,0.135,200,186
N288_M144,binary_state,valid,11600,0.865,0.135,200,186
N288_M144,binary_state,valid,11700,0.865,0.135,200,186
N288_M144,binary_state,valid,11800,0.87,0.13,200,186
N288_M144,binary_state,valid,11900,0.87,0.13,200,186
N288_M144,binary_state,valid,12000,0.87,0.13,200,186
N288_M144,binary_state,valid,12100,0.87,0.13,200,186
N288_M144,binary_state,valid,12200,0.875,0.125,200,186
N288_M144,binary_state,valid,12300,0.875,0.125,200,186
N288_M144,binary_state,valid,12400,0.875,0.125,200,186
N288_M144,binary_state,valid,12500,0.875,0.125,200,186
N288_M144,binary_state,valid,12600,0.875,0.125,200,186
N288_M144,binary_state,valid,12700,0.885,0.11499999999999999,200,186
N288_M144,binary_state,valid,12800,0.885,0.11499999999999999,200,186
N288_M144,binary_state,valid,12900,0.885,0.11499999999999999,200,186
N288_M144,binary_state,valid,13000,0.885,0.11499999999999999,200,186
N288_M144,binary_state,valid,13100,0.885,0.11499999999999999,200,186
N288_M144,binary_state,valid,13200,0.885,0.11499999999999999,200,186
N288_M144,binary_state,valid,13300,0.885,0.11499999999999999,200,186
N288_M144,binary_state,valid,13400,0.89,0.10999999999999999,200,186
N288_M144,binary_state,valid,13500,0.89,0.10999999999999999,200,186
N288_M144,binary_state,valid,13600,0.89,0.10999999999999999,200,186
N288_M144,binary_state,valid,13700,0.895,0.10499999999999998,200,186
N288_M144,binary_state,valid,13800,0.895,0.10499999999999998,200,186
N288_M144,binary_state,valid,13900,0.895,0.10499999999999998,200,186
N288_M144,binary_state,valid,14000,0.895,0.10499999999999998,200,186
N288_M144,binary_state,valid,14100,0.895,0.10499999999999998,200,186
N288_M144,binary_state,valid,14200,0.895,0.10499999999999998,200,186
N288_M144,binary_state,valid,14300,0.895,0.10499999999999998,200,186
N288_M144,binary_state,valid,14400,0.895,0.10499999999999998,200,186
N288_M144,binary_state,valid,14500,0.895,0.10499999999999998,200,186
N288_M144,binary_state,valid,14600,0.895,0.10499999999999998,200,186
N288_M144,binary_state,valid,14700,0.895,0.10499999999999998,200,186
N288_M144,binary_state,valid,14800,0.895,0.10499999999999998,200,186
N288_M144,binary_state,valid,14900,0.895,0.10499999999999998,200,186
N288_M144,binary_state,valid,15000,0.895,0.10499999999999998,200,186
N288_M144,binary_state,valid,15100,0.895,0.10499999999999998,200,186
N288_M144,binary_state,valid,15200,0.895,0.10499999999999998,200,186
N288_M144,binary_state,valid,15300,0.895,0.10499999999999998,200,186
N288_M144,binary_state,valid,15400,0.9,0.09999999999999998,200,186
N288_M144,binary_state,valid,15500,0.9,0.09999999999999998,200,186
N288_M144,binary_state,valid,15600,0.9,0.09999999999999998,200,186
N288_M144,binary_state,valid,15700,0.9,0.09999999999999998,200,186
N288_M144,binary_state,valid,15800,0.9,0.09999999999999998,200,186
N288_M144,binary_state,valid,15900,0.9,0.09999999999999998,200,186
N288_M144,binary_state,valid,16000,0.9,0.09999999999999998,200,186
N288_M144,binary_state,valid,16100,0.905,0.09499999999999997,200,186
N288_M144,binary_state,valid,16200,0.905,0.09499999999999997,200,186
N288_M144,binary_state,valid,16300,0.905,0.09499999999999997,200,186
N288_M144,binary_state,valid,16400,0.905,0.09499999999999997,200,186
N288_M144,binary_state,valid,16500,0.91,0.08999999999999997,200,186
N288_M144,binary_state,valid,16600,0.915,0.08499999999999996,200,186
N288_M144,binary_state,valid,16700,0.915,0.08499999999999996,200,186
N288_M144,binary_state,valid,16800,0.915,0.08499999999999996,200,186
N288_M144,binary_state,valid,16900,0.915,0.08499999999999996,200,186
N288_M144,binary_state,valid,17000,0.915,0.08499999999999996,200,186
N288_M144,binary_state,valid,17100,0.915,0.08499999999999996,200,186
N288_M144,binary_state,valid,17200,0.915,0.08499999999999996,200,186
N288_M144,binary_state,valid,17300,0.915,0.08499999999999996,200,186
N288_M144,binary_state,valid,17400,0.915,0.08499999999999996,200,186
N288_M144,binary_state,valid,17500,0.915,0.08499999999999996,200,186
N288_M144,binary_state,valid,17600,0.915,0.08499999999999996,200,186
N288_M144,binary_state,valid,17700,0.915,0.08499999999999996,200,186
N288_M144,binary_state,valid,17800,0.915,0.08499999999999996,200,186
N288_M144,binary_state,valid,17900,0.92,0.07999999999999996,200,186
N288_M144,binary_state,valid,18000,0.92,0.07999999999999996,200,186
N288_M144,binary_state,valid,18100,0.92,0.07999999999999996,200,186
N288_M144,binary_state,valid,18200,0.92,0.07999999999999996,200,186
N288_M144,binary_state,valid,18300,0.92,0.07999999999999996,200,186
N288_M144,binary_state,valid,18400,0.92,0.07999999999999996,200,186
N288_M144,binary_state,valid,18500,0.92,0.07999999999999996,200,186
N288_M144,binary_state,valid,18600,0.92,0.07999999999999996,200,186
N288_M144,binary_state,valid,18700,0.92,0.07999999999999996,200,186
N288_M144,binary_state,valid,18800,0.92,0.07999999999999996,200,186
N288_M144,binary_state,valid,18900,0.92,0.07999999999999996,200,186
N288_M144,binary_state,valid,19000,0.92,0.07999999999999996,200,186
N288_M144,binary_state,valid,19100,0.92,0.07999999999999996,200,186
N288_M144,binary_state,valid,19200,0.92,0.07999999999999996,200,186
N288_M144,binary_state,valid,19300,0.92,0.07999999999999996,200,186
N288_M144,binary_state,valid,19400,0.92,0.07999999999999996,200,186
N288_M144,binary_state,valid,19500,0.92,0.07999999999999996,200,186
N288_M144,binary_state,valid,19600,0.925,0.07499999999999996,200,186
N288_M144,binary_state,valid,19700,0.925,0.07499999999999996,200,186
N288_M144,binary_state,valid,19800,0.925,0.07499999999999996,200,186
N288_M144,binary_state,valid,19900,0.925,0.07499999999999996,200,186
N288_M144,binary_state,valid,20000,0.925,0.07499999999999996,200,186
N288_M144,binary_state,valid,20100,0.925,0.07499999999999996,200,186
N288_M144,binary_state,valid,20200,0.925,0.07499999999999996,200,186
N288_M144,binary_state,valid,20300,0.925,0.07499999999999996,200,186
N288_M144,binary_state,valid,20400,0.925,0.07499999999999996,200,186
N288_M144,binary_state,valid,20500,0.925,0.07499999999999996,200,186
N288_M144,binary_state,valid,20600,0.925,0.07499999999999996,200,186
N288_M144,binary_state,valid,20700,0.925,0.07499999999999996,200,186
N288_M144,binary_state,valid,20800,0.925,0.07499999999999996,200,186
N288_M144,binary_state,valid,20900,0.925,0.07499999999999996,200,186
N288_M144,binary_state,valid,21000,0.925,0.07499999999999996,200,186
N288_M144,binary_state,valid,21100,0.925,0.07499999999999996,200,186
N288_M144,binary_state,valid,21200,0.925,0.07499999999999996,200,186
N288_M144,binary_state,valid,21300,0.925,0.07499999999999996,200,186
N288_M144,binary_state,valid,21400,0.925,0.07499999999999996,200,186
N288_M144,binary_state,valid,21500,0.925,0.07499999999999996,200,186
N288_M144,binary_state,valid,21600,0.925,0.07499999999999996,200,186
N288_M144,binary_state,valid,21700,0.925,0.07499999999999996,200,186
N288_M144,binary_state,valid,21800,0.925,0.07499999999999996,200,186
N288_M144,binary_state,valid,21900,0.925,0.07499999999999996,200,186
N288_M144,binary_state,valid,22000,0.925,0.07499999999999996,200,186
N288_M144,binary_state,valid,22100,0.925,0.07499999999999996,200,186
N288_M144,binary_state,valid,22200,0.925,0.07499999999999996,200,186
N288_M144,binary_state,valid,22300,0.925,0.07499999999999996,200,186
N288_M144,binary_state,valid,22400,0.925,0.07499999999999996,200,186
N288_M144,binary_state,valid,22500,0.925,0.07499999999999996,200,186
N288_M144,binary_state,valid,22600,0.925,0.07499999999999996,200,186
N288_M144,binary_state,valid,22700,0.925,0.07499999999999996,200,186
N288_M144,binary_state,valid,22800,0.925,0.07499999999999996,200,186
N288_M144,binary_state,valid,22900,0.925,0.07499999999999996,200,186
N288_M144,binary_state,valid,23000,0.925,0.07499999999999996,200,186
N288_M144,binary_state,valid,23100,0.925,0.07499999999999996,200,186
N288_M144,binary_state,valid,23200,0.925,0.07499999999999996,200,186
N288_M144,binary_state,valid,23300,0.925,0.07499999999999996,200,186
N288_M144,binary_state,valid,23400,0.925,0.07499999999999996,200,186
N288_M144,binary_state,valid,23500,0.925,0.07499999999999996,200,186
N288_M144,binary_state,valid,23600,0.925,0.07499999999999996,200,186
N288_M144,binary_state,valid,23700,0.925,0.07499999999999996,200,186
N288_M144,binary_state,valid,23800,0.925,0.07499999999999996,200,186
N288_M144,binary_state,valid,23900,0.925,0.07499999999999996,200,186
N288_M144,binary_state,valid,24000,0.925,0.07499999999999996,200,186
N288_M144,binary_state,valid,24100,0.925,0.07499999999999996,200,186
N288_M144,binary_state,valid,24200,0.925,0.07499999999999996,200,186
N288_M144,binary_state,valid,24300,0.925,0.07499999999999996,200,186
N288_M144,binary_state,valid,24400,0.925,0.07499999999999996,200,186
N288_M144,binary_state,valid,24500,0.925,0.07499999999999996,200,186
N288_M144,binary_state,valid,24600,0.925,0.07499999999999996,200,186
N288_M144,binary_state,valid,24700,0.925,0.07499999999999996,200,186
N288_M144,binary_state,valid,24800,0.925,0.07499999999999996,200,186
N288_M144,binary_state,valid,24900,0.925,0.07499999999999996,200,186
N288_M144,binary_state,valid,25000,0.925,0.07499999999999996,200,186
N288_M144,binary_state,valid,25100,0.925,0.07499999999999996,200,186
N288_M144,binary_state,valid,25200,0.93,0.06999999999999995,200,186
N288_M144,binary_state,valid,25300,0.93,0.06999999999999995,200,186
N288_M144,binary_state,valid,25400,0.93,0.06999999999999995,200,186
N288_M144,binary_state,valid,25500,0.93,0.06999999999999995,200,186
N288_M144,binary_state,valid,25600,0.93,0.06999999999999995,200,186
N288_M144,binary_state,valid_after_nonvalid,0,0.0,1.0,200,186
N288_M144,binary_state,valid_after_nonvalid,100,0.0,1.0,200,186
N288_M144,binary_state,valid_after_nonvalid,200,0.005,0.995,200,186
N288_M144,binary_state,valid_after_nonvalid,300,0.02,0.98,200,186
N288_M144,binary_state,valid_after_nonvalid,400,0.04,0.96,200,186
N288_M144,binary_state,valid_after_nonvalid,500,0.125,0.875,200,186
N288_M144,binary_state,valid_after_nonvalid,600,0.17,0.83,200,186
N288_M144,binary_state,valid_after_nonvalid,700,0.235,0.765,200,186
N288_M144,binary_state,valid_after_nonvalid,800,0.285,0.7150000000000001,200,186
N288_M144,binary_state,valid_after_nonvalid,900,0.3,0.7,200,186
N288_M144,binary_state,valid_after_nonvalid,1000,0.335,0.665,200,186
N288_M144,binary_state,valid_after_nonvalid,1100,0.375,0.625,200,186
N288_M144,binary_state,valid_after_nonvalid,1200,0.43,0.5700000000000001,200,186
N288_M144,binary_state,valid_after_nonvalid,1300,0.44,0.56,200,186
N288_M144,binary_state,valid_after_nonvalid,1400,0.45,0.55,200,186
N288_M144,binary_state,valid_after_nonvalid,1500,0.48,0.52,200,186
N288_M144,binary_state,valid_after_nonvalid,1600,0.495,0.505,200,186
N288_M144,binary_state,valid_after_nonvalid,1700,0.53,0.47,200,186
N288_M144,binary_state,valid_after_nonvalid,1800,0.545,0.45499999999999996,200,186
N288_M144,binary_state,valid_after_nonvalid,1900,0.56,0.43999999999999995,200,186
N288_M144,binary_state,valid_after_nonvalid,2000,0.57,0.43000000000000005,200,186
N288_M144,binary_state,valid_after_nonvalid,2100,0.58,0.42000000000000004,200,186
N288_M144,binary_state,valid_after_nonvalid,2200,0.59,0.41000000000000003,200,186
N288_M144,binary_state,valid_after_nonvalid,2300,0.605,0.395,200,186
N288_M144,binary_state,valid_after_nonvalid,2400,0.615,0.385,200,186
N288_M144,binary_state,valid_after_nonvalid,2500,0.615,0.385,200,186
N288_M144,binary_state,valid_after_nonvalid,2600,0.635,0.365,200,186
N288_M144,binary_state,valid_after_nonvalid,2700,0.645,0.355,200,186
N288_M144,binary_state,valid_after_nonvalid,2800,0.65,0.35,200,186
N288_M144,binary_state,valid_after_nonvalid,2900,0.655,0.345,200,186
N288_M144,binary_state,valid_after_nonvalid,3000,0.675,0.32499999999999996,200,186
N288_M144,binary_state,valid_after_nonvalid,3100,0.685,0.31499999999999995,200,186
N288_M144,binary_state,valid_after_nonvalid,3200,0.695,0.30500000000000005,200,186
N288_M144,binary_state,valid_after_nonvalid,3300,0.7,0.30000000000000004,200,186
N288_M144,binary_state,valid_after_nonvalid,3400,0.705,0.29500000000000004,200,186
N288_M144,binary_state,valid_after_nonvalid,3500,0.715,0.28500000000000003,200,186
N288_M144,binary_state,valid_after_nonvalid,3600,0.72,0.28,200,186
N288_M144,binary_state,valid_after_nonvalid,3700,0.72,0.28,200,186
N288_M144,binary_state,valid_after_nonvalid,3800,0.725,0.275,200,186
N288_M144,binary_state,valid_after_nonvalid,3900,0.725,0.275,200,186
N288_M144,binary_state,valid_after_nonvalid,4000,0.725,0.275,200,186
N288_M144,binary_state,valid_after_nonvalid,4100,0.73,0.27,200,186
N288_M144,binary_state,valid_after_nonvalid,4200,0.73,0.27,200,186
N288_M144,binary_state,valid_after_nonvalid,4300,0.74,0.26,200,186
N288_M144,binary_state,valid_after_nonvalid,4400,0.74,0.26,200,186
N288_M144,binary_state,valid_after_nonvalid,4500,0.74,0.26,200,186
N288_M144,binary_state,valid_after_nonvalid,4600,0.745,0.255,200,186
N288_M144,binary_state,valid_after_nonvalid,4700,0.75,0.25,200,186
N288_M144,binary_state,valid_after_nonvalid,4800,0.755,0.245,200,186
N288_M144,binary_state,valid_after_nonvalid,4900,0.76,0.24,200,186
N288_M144,binary_state,valid_after_nonvalid,5000,0.765,0.235,200,186
N288_M144,binary_state,valid_after_nonvalid,5100,0.77,0.22999999999999998,200,186
N288_M144,binary_state,valid_after_nonvalid,5200,0.77,0.22999999999999998,200,186
N288_M144,binary_state,valid_after_nonvalid,5300,0.77,0.22999999999999998,200,186
N288_M144,binary_state,valid_after_nonvalid,5400,0.775,0.22499999999999998,200,186
N288_M144,binary_state,valid_after_nonvalid,5500,0.775,0.22499999999999998,200,186
N288_M144,binary_state,valid_after_nonvalid,5600,0.775,0.22499999999999998,200,186
N288_M144,binary_state,valid_after_nonvalid,5700,0.785,0.21499999999999997,200,186
N288_M144,binary_state,valid_after_nonvalid,5800,0.79,0.20999999999999996,200,186
N288_M144,binary_state,valid_after_nonvalid,5900,0.795,0.20499999999999996,200,186
N288_M144,binary_state,valid_after_nonvalid,6000,0.795,0.20499999999999996,200,186
N288_M144,binary_state,valid_after_nonvalid,6100,0.795,0.20499999999999996,200,186
N288_M144,binary_state,valid_after_nonvalid,6200,0.8,0.19999999999999996,200,186
N288_M144,binary_state,valid_after_nonvalid,6300,0.8,0.19999999999999996,200,186
N288_M144,binary_state,valid_after_nonvalid,6400,0.805,0.19499999999999995,200,186
N288_M144,binary_state,valid_after_nonvalid,6500,0.805,0.19499999999999995,200,186
N288_M144,binary_state,valid_after_nonvalid,6600,0.805,0.19499999999999995,200,186
N288_M144,binary_state,valid_after_nonvalid,6700,0.815,0.18500000000000005,200,186
N288_M144,binary_state,valid_after_nonvalid,6800,0.815,0.18500000000000005,200,186
N288_M144,binary_state,valid_after_nonvalid,6900,0.815,0.18500000000000005,200,186
N288_M144,binary_state,valid_after_nonvalid,7000,0.82,0.18000000000000005,200,186
N288_M144,binary_state,valid_after_nonvalid,7100,0.82,0.18000000000000005,200,186
N288_M144,binary_state,valid_after_nonvalid,7200,0.82,0.18000000000000005,200,186
N288_M144,binary_state,valid_after_nonvalid,7300,0.82,0.18000000000000005,200,186
N288_M144,binary_state,valid_after_nonvalid,7400,0.82,0.18000000000000005,200,186
N288_M144,binary_state,valid_after_nonvalid,7500,0.82,0.18000000000000005,200,186
N288_M144,binary_state,valid_after_nonvalid,7600,0.82,0.18000000000000005,200,186
N288_M144,binary_state,valid_after_nonvalid,7700,0.825,0.17500000000000004,200,186
N288_M144,binary_state,valid_after_nonvalid,7800,0.825,0.17500000000000004,200,186
N288_M144,binary_state,valid_after_nonvalid,7900,0.83,0.17000000000000004,200,186
N288_M144,binary_state,valid_after_nonvalid,8000,0.83,0.17000000000000004,200,186
N288_M144,binary_state,valid_after_nonvalid,8100,0.83,0.17000000000000004,200,186
N288_M144,binary_state,valid_after_nonvalid,8200,0.83,0.17000000000000004,200,186
N288_M144,binary_state,valid_after_nonvalid,8300,0.835,0.16500000000000004,200,186
N288_M144,binary_state,valid_after_nonvalid,8400,0.835,0.16500000000000004,200,186
N288_M144,binary_state,valid_after_nonvalid,8500,0.835,0.16500000000000004,200,186
N288_M144,binary_state,valid_after_nonvalid,8600,0.84,0.16000000000000003,200,186
N288_M144,binary_state,valid_after_nonvalid,8700,0.84,0.16000000000000003,200,186
N288_M144,binary_state,valid_after_nonvalid,8800,0.84,0.16000000000000003,200,186
N288_M144,binary_state,valid_after_nonvalid,8900,0.84,0.16000000000000003,200,186
N288_M144,binary_state,valid_after_nonvalid,9000,0.84,0.16000000000000003,200,186
N288_M144,binary_state,valid_after_nonvalid,9100,0.84,0.16000000000000003,200,186
N288_M144,binary_state,valid_after_nonvalid,9200,0.84,0.16000000000000003,200,186
N288_M144,binary_state,valid_after_nonvalid,9300,0.84,0.16000000000000003,200,186
N288_M144,binary_state,valid_after_nonvalid,9400,0.84,0.16000000000000003,200,186
N288_M144,binary_state,valid_after_nonvalid,9500,0.84,0.16000000000000003,200,186
N288_M144,binary_state,valid_after_nonvalid,9600,0.845,0.15500000000000003,200,186
N288_M144,binary_state,valid_after_nonvalid,9700,0.85,0.15000000000000002,200,186
N288_M144,binary_state,valid_after_nonvalid,9800,0.85,0.15000000000000002,200,186
N288_M144,binary_state,valid_after_nonvalid,9900,0.85,0.15000000000000002,200,186
N288_M144,binary_state,valid_after_nonvalid,10000,0.85,0.15000000000000002,200,186
N288_M144,binary_state,valid_after_nonvalid,10100,0.85,0.15000000000000002,200,186
N288_M144,binary_state,valid_after_nonvalid,10200,0.85,0.15000000000000002,200,186
N288_M144,binary_state,valid_after_nonvalid,10300,0.85,0.15000000000000002,200,186
N288_M144,binary_state,valid_after_nonvalid,10400,0.85,0.15000000000000002,200,186
N288_M144,binary_state,valid_after_nonvalid,10500,0.85,0.15000000000000002,200,186
N288_M144,binary_state,valid_after_nonvalid,10600,0.85,0.15000000000000002,200,186
N288_M144,binary_state,valid_after_nonvalid,10700,0.85,0.15000000000000002,200,186
N288_M144,binary_state,valid_after_nonvalid,10800,0.85,0.15000000000000002,200,186
N288_M144,binary_state,valid_after_nonvalid,10900,0.85,0.15000000000000002,200,186
N288_M144,binary_state,valid_after_nonvalid,11000,0.85,0.15000000000000002,200,186
N288_M144,binary_state,valid_after_nonvalid,11100,0.85,0.15000000000000002,200,186
N288_M144,binary_state,valid_after_nonvalid,11200,0.855,0.14500000000000002,200,186
N288_M144,binary_state,valid_after_nonvalid,11300,0.86,0.14,200,186
N288_M144,binary_state,valid_after_nonvalid,11400,0.865,0.135,200,186
N288_M144,binary_state,valid_after_nonvalid,11500,0.865,0.135,200,186
N288_M144,binary_state,valid_after_nonvalid,11600,0.865,0.135,200,186
N288_M144,binary_state,valid_after_nonvalid,11700,0.865,0.135,200,186
N288_M144,binary_state,valid_after_nonvalid,11800,0.87,0.13,200,186
N288_M144,binary_state,valid_after_nonvalid,11900,0.87,0.13,200,186
N288_M144,binary_state,valid_after_nonvalid,12000,0.87,0.13,200,186
N288_M144,binary_state,valid_after_nonvalid,12100,0.87,0.13,200,186
N288_M144,binary_state,valid_after_nonvalid,12200,0.875,0.125,200,186
N288_M144,binary_state,valid_after_nonvalid,12300,0.875,0.125,200,186
N288_M144,binary_state,valid_after_nonvalid,12400,0.875,0.125,200,186
N288_M144,binary_state,valid_after_nonvalid,12500,0.875,0.125,200,186
N288_M144,binary_state,valid_after_nonvalid,12600,0.875,0.125,200,186
N288_M144,binary_state,valid_after_nonvalid,12700,0.885,0.11499999999999999,200,186
N288_M144,binary_state,valid_after_nonvalid,12800,0.885,0.11499999999999999,200,186
N288_M144,binary_state,valid_after_nonvalid,12900,0.885,0.11499999999999999,200,186
N288_M144,binary_state,valid_after_nonvalid,13000,0.885,0.11499999999999999,200,186
N288_M144,binary_state,valid_after_nonvalid,13100,0.885,0.11499999999999999,200,186
N288_M144,binary_state,valid_after_nonvalid,13200,0.885,0.11499999999999999,200,186
N288_M144,binary_state,valid_after_nonvalid,13300,0.885,0.11499999999999999,200,186
N288_M144,binary_state,valid_after_nonvalid,13400,0.89,0.10999999999999999,200,186
N288_M144,binary_state,valid_after_nonvalid,13500,0.89,0.10999999999999999,200,186
N288_M144,binary_state,valid_after_nonvalid,13600,0.89,0.10999999999999999,200,186
N288_M144,binary_state,valid_after_nonvalid,13700,0.895,0.10499999999999998,200,186
N288_M144,binary_state,valid_after_nonvalid,13800,0.895,0.10499999999999998,200,186
N288_M144,binary_state,valid_after_nonvalid,13900,0.895,0.10499999999999998,200,186
N288_M144,binary_state,valid_after_nonvalid,14000,0.895,0.10499999999999998,200,186
N288_M144,binary_state,valid_after_nonvalid,14100,0.895,0.10499999999999998,200,186
N288_M144,binary_state,valid_after_nonvalid,14200,0.895,0.10499999999999998,200,186
N288_M144,binary_state,valid_after_nonvalid,14300,0.895,0.10499999999999998,200,186
N288_M144,binary_state,valid_after_nonvalid,14400,0.895,0.10499999999999998,200,186
N288_M144,binary_state,valid_after_nonvalid,14500,0.895,0.10499999999999998,200,186
N288_M144,binary_state,valid_after_nonvalid,14600,0.895,0.10499999999999998,200,186
N288_M144,binary_state,valid_after_nonvalid,14700,0.895,0.10499999999999998,200,186
N288_M144,binary_state,valid_after_nonvalid,14800,0.895,0.10499999999999998,200,186
N288_M144,binary_state,valid_after_nonvalid,14900,0.895,0.10499999999999998,200,186
N288_M144,binary_state,valid_after_nonvalid,15000,0.895,0.10499999999999998,200,186
N288_M144,binary_state,valid_after_nonvalid,15100,0.895,0.10499999999999998,200,186
N288_M144,binary_state,valid_after_nonvalid,15200,0.895,0.10499999999999998,200,186
N288_M144,binary_state,valid_after_nonvalid,15300,0.895,0.10499999999999998,200,186
N288_M144,binary_state,valid_after_nonvalid,15400,0.9,0.09999999999999998,200,186
N288_M144,binary_state,valid_after_nonvalid,15500,0.9,0.09999999999999998,200,186
N288_M144,binary_state,valid_after_nonvalid,15600,0.9,0.09999999999999998,200,186
N288_M144,binary_state,valid_after_nonvalid,15700,0.9,0.09999999999999998,200,186
N288_M144,binary_state,valid_after_nonvalid,15800,0.9,0.09999999999999998,200,186
N288_M144,binary_state,valid_after_nonvalid,15900,0.9,0.09999999999999998,200,186
N288_M144,binary_state,valid_after_nonvalid,16000,0.9,0.09999999999999998,200,186
N288_M144,binary_state,valid_after_nonvalid,16100,0.905,0.09499999999999997,200,186
N288_M144,binary_state,valid_after_nonvalid,16200,0.905,0.09499999999999997,200,186
N288_M144,binary_state,valid_after_nonvalid,16300,0.905,0.09499999999999997,200,186
N288_M144,binary_state,valid_after_nonvalid,16400,0.905,0.09499999999999997,200,186
N288_M144,binary_state,valid_after_nonvalid,16500,0.91,0.08999999999999997,200,186
N288_M144,binary_state,valid_after_nonvalid,16600,0.915,0.08499999999999996,200,186
N288_M144,binary_state,valid_after_nonvalid,16700,0.915,0.08499999999999996,200,186
N288_M144,binary_state,valid_after_nonvalid,16800,0.915,0.08499999999999996,200,186
N288_M144,binary_state,valid_after_nonvalid,16900,0.915,0.08499999999999996,200,186
N288_M144,binary_state,valid_after_nonvalid,17000,0.915,0.08499999999999996,200,186
N288_M144,binary_state,valid_after_nonvalid,17100,0.915,0.08499999999999996,200,186
N288_M144,binary_state,valid_after_nonvalid,17200,0.915,0.08499999999999996,200,186
N288_M144,binary_state,valid_after_nonvalid,17300,0.915,0.08499999999999996,200,186
N288_M144,binary_state,valid_after_nonvalid,17400,0.915,0.08499999999999996,200,186
N288_M144,binary_state,valid_after_nonvalid,17500,0.915,0.08499999999999996,200,186
N288_M144,binary_state,valid_after_nonvalid,17600,0.915,0.08499999999999996,200,186
N288_M144,binary_state,valid_after_nonvalid,17700,0.915,0.08499999999999996,200,186
N288_M144,binary_state,valid_after_nonvalid,17800,0.915,0.08499999999999996,200,186
N288_M144,binary_state,valid_after_nonvalid,17900,0.92,0.07999999999999996,200,186
N288_M144,binary_state,valid_after_nonvalid,18000,0.92,0.07999999999999996,200,186
N288_M144,binary_state,valid_after_nonvalid,18100,0.92,0.07999999999999996,200,186
N288_M144,binary_state,valid_after_nonvalid,18200,0.92,0.07999999999999996,200,186
N288_M144,binary_state,valid_after_nonvalid,18300,0.92,0.07999999999999996,200,186
N288_M144,binary_state,valid_after_nonvalid,18400,0.92,0.07999999999999996,200,186
N288_M144,binary_state,valid_after_nonvalid,18500,0.92,0.07999999999999996,200,186
N288_M144,binary_state,valid_after_nonvalid,18600,0.92,0.07999999999999996,200,186
N288_M144,binary_state,valid_after_nonvalid,18700,0.92,0.07999999999999996,200,186
N288_M144,binary_state,valid_after_nonvalid,18800,0.92,0.07999999999999996,200,186
N288_M144,binary_state,valid_after_nonvalid,18900,0.92,0.07999999999999996,200,186
N288_M144,binary_state,valid_after_nonvalid,19000,0.92,0.07999999999999996,200,186
N288_M144,binary_state,valid_after_nonvalid,19100,0.92,0.07999999999999996,200,186
N288_M144,binary_state,valid_after_nonvalid,19200,0.92,0.07999999999999996,200,186
N288_M144,binary_state,valid_after_nonvalid,19300,0.92,0.07999999999999996,200,186
N288_M144,binary_state,valid_after_nonvalid,19400,0.92,0.07999999999999996,200,186
N288_M144,binary_state,valid_after_nonvalid,19500,0.92,0.07999999999999996,200,186
N288_M144,binary_state,valid_after_nonvalid,19600,0.925,0.07499999999999996,200,186
N288_M144,binary_state,valid_after_nonvalid,19700,0.925,0.07499999999999996,200,186
N288_M144,binary_state,valid_after_nonvalid,19800,0.925,0.07499999999999996,200,186
N288_M144,binary_state,valid_after_nonvalid,19900,0.925,0.07499999999999996,200,186
N288_M144,binary_state,valid_after_nonvalid,20000,0.925,0.07499999999999996,200,186
N288_M144,binary_state,valid_after_nonvalid,20100,0.925,0.07499999999999996,200,186
N288_M144,binary_state,valid_after_nonvalid,20200,0.925,0.07499999999999996,200,186
N288_M144,binary_state,valid_after_nonvalid,20300,0.925,0.07499999999999996,200,186
N288_M144,binary_state,valid_after_nonvalid,20400,0.925,0.07499999999999996,200,186
N288_M144,binary_state,valid_after_nonvalid,20500,0.925,0.07499999999999996,200,186
N288_M144,binary_state,valid_after_nonvalid,20600,0.925,0.07499999999999996,200,186
N288_M144,binary_state,valid_after_nonvalid,20700,0.925,0.07499999999999996,200,186
N288_M144,binary_state,valid_after_nonvalid,20800,0.925,0.07499999999999996,200,186
N288_M144,binary_state,valid_after_nonvalid,20900,0.925,0.07499999999999996,200,186
N288_M144,binary_state,valid_after_nonvalid,21000,0.925,0.07499999999999996,200,186
N288_M144,binary_state,valid_after_nonvalid,21100,0.925,0.07499999999999996,200,186
N288_M144,binary_state,valid_after_nonvalid,21200,0.925,0.07499999999999996,200,186
N288_M144,binary_state,valid_after_nonvalid,21300,0.925,0.07499999999999996,200,186
N288_M144,binary_state,valid_after_nonvalid,21400,0.925,0.07499999999999996,200,186
N288_M144,binary_state,valid_after_nonvalid,21500,0.925,0.07499999999999996,200,186
N288_M144,binary_state,valid_after_nonvalid,21600,0.925,0.07499999999999996,200,186
N288_M144,binary_state,valid_after_nonvalid,21700,0.925,0.07499999999999996,200,186
N288_M144,binary_state,valid_after_nonvalid,21800,0.925,0.07499999999999996,200,186
N288_M144,binary_state,valid_after_nonvalid,21900,0.925,0.07499999999999996,200,186
N288_M144,binary_state,valid_after_nonvalid,22000,0.925,0.07499999999999996,200,186
N288_M144,binary_state,valid_after_nonvalid,22100,0.925,0.07499999999999996,200,186
N288_M144,binary_state,valid_after_nonvalid,22200,0.925,0.07499999999999996,200,186
N288_M144,binary_state,valid_after_nonvalid,22300,0.925,0.07499999999999996,200,186
N288_M144,binary_state,valid_after_nonvalid,22400,0.925,0.07499999999999996,200,186
N288_M144,binary_state,valid_after_nonvalid,22500,0.925,0.07499999999999996,200,186
N288_M144,binary_state,valid_after_nonvalid,22600,0.925,0.07499999999999996,200,186
N288_M144,binary_state,valid_after_nonvalid,22700,0.925,0.07499999999999996,200,186
N288_M144,binary_state,valid_after_nonvalid,22800,0.925,0.07499999999999996,200,186
N288_M144,binary_state,valid_after_nonvalid,22900,0.925,0.07499999999999996,200,186
N288_M144,binary_state,valid_after_nonvalid,23000,0.925,0.07499999999999996,200,186
N288_M144,binary_state,valid_after_nonvalid,23100,0.925,0.07499999999999996,200,186
N288_M144,binary_state,valid_after_nonvalid,23200,0.925,0.07499999999999996,200,186
N288_M144,binary_state,valid_after_nonvalid,23300,0.925,0.07499999999999996,200,186
N288_M144,binary_state,valid_after_nonvalid,23400,0.925,0.07499999999999996,200,186
N288_M144,binary_state,valid_after_nonvalid,23500,0.925,0.07499999999999996,200,186
N288_M144,binary_state,valid_after_nonvalid,23600,0.925,0.07499999999999996,200,186
N288_M144,binary_state,valid_after_nonvalid,23700,0.925,0.07499999999999996,200,186
N288_M144,binary_state,valid_after_nonvalid,23800,0.925,0.07499999999999996,200,186
N288_M144,binary_state,valid_after_nonvalid,23900,0.925,0.07499999999999996,200,186
N288_M144,binary_state,valid_after_nonvalid,24000,0.925,0.07499999999999996,200,186
N288_M144,binary_state,valid_after_nonvalid,24100,0.925,0.07499999999999996,200,186
N288_M144,binary_state,valid_after_nonvalid,24200,0.925,0.07499999999999996,200,186
N288_M144,binary_state,valid_after_nonvalid,24300,0.925,0.07499999999999996,200,186
N288_M144,binary_state,valid_after_nonvalid,24400,0.925,0.07499999999999996,200,186
N288_M144,binary_state,valid_after_nonvalid,24500,0.925,0.07499999999999996,200,186
N288_M144,binary_state,valid_after_nonvalid,24600,0.925,0.07499999999999996,200,186
N288_M144,binary_state,valid_after_nonvalid,24700,0.925,0.07499999999999996,200,186
N288_M144,binary_state,valid_after_nonvalid,24800,0.925,0.07499999999999996,200,186
N288_M144,binary_state,valid_after_nonvalid,24900,0.925,0.07499999999999996,200,186
N288_M144,binary_state,valid_after_nonvalid,25000,0.925,0.07499999999999996,200,186
N288_M144,binary_state,valid_after_nonvalid,25100,0.925,0.07499999999999996,200,186
N288_M144,binary_state,valid_after_nonvalid,25200,0.93,0.06999999999999995,200,186
N288_M144,binary_state,valid_after_nonvalid,25300,0.93,0.06999999999999995,200,186
N288_M144,binary_state,valid_after_nonvalid,25400,0.93,0.06999999999999995,200,186
N288_M144,binary_state,valid_after_nonvalid,25500,0.93,0.06999999999999995,200,186
N288_M144,binary_state,valid_after_nonvalid,25600,0.93,0.06999999999999995,200,186
N288_M144,binary_state,correct,0,0.0,1.0,200,186
N288_M144,binary_state,correct,100,0.0,1.0,200,186
N288_M144,binary_state,correct,200,0.005,0.995,200,186
N288_M144,binary_state,correct,300,0.02,0.98,200,186
N288_M144,binary_state,correct,400,0.04,0.96,200,186
N288_M144,binary_state,correct,500,0.125,0.875,200,186
N288_M144,binary_state,correct,600,0.17,0.83,200,186
N288_M144,binary_state,correct,700,0.235,0.765,200,186
N288_M144,binary_state,correct,800,0.285,0.7150000000000001,200,186
N288_M144,binary_state,correct,900,0.3,0.7,200,186
N288_M144,binary_state,correct,1000,0.335,0.665,200,186
N288_M144,binary_state,correct,1100,0.375,0.625,200,186
N288_M144,binary_state,correct,1200,0.43,0.5700000000000001,200,186
N288_M144,binary_state,correct,1300,0.44,0.56,200,186
N288_M144,binary_state,correct,1400,0.45,0.55,200,186
N288_M144,binary_state,correct,1500,0.48,0.52,200,186
N288_M144,binary_state,correct,1600,0.495,0.505,200,186
N288_M144,binary_state,correct,1700,0.53,0.47,200,186
N288_M144,binary_state,correct,1800,0.545,0.45499999999999996,200,186
N288_M144,binary_state,correct,1900,0.56,0.43999999999999995,200,186
N288_M144,binary_state,correct,2000,0.57,0.43000000000000005,200,186
N288_M144,binary_state,correct,2100,0.58,0.42000000000000004,200,186
N288_M144,binary_state,correct,2200,0.59,0.41000000000000003,200,186
N288_M144,binary_state,correct,2300,0.605,0.395,200,186
N288_M144,binary_state,correct,2400,0.615,0.385,200,186
N288_M144,binary_state,correct,2500,0.615,0.385,200,186
N288_M144,binary_state,correct,2600,0.635,0.365,200,186
N288_M144,binary_state,correct,2700,0.645,0.355,200,186
N288_M144,binary_state,correct,2800,0.65,0.35,200,186
N288_M144,binary_state,correct,2900,0.655,0.345,200,186
N288_M144,binary_state,correct,3000,0.675,0.32499999999999996,200,186
N288_M144,binary_state,correct,3100,0.685,0.31499999999999995,200,186
N288_M144,binary_state,correct,3200,0.695,0.30500000000000005,200,186
N288_M144,binary_state,correct,3300,0.7,0.30000000000000004,200,186
N288_M144,binary_state,correct,3400,0.705,0.29500000000000004,200,186
N288_M144,binary_state,correct,3500,0.715,0.28500000000000003,200,186
N288_M144,binary_state,correct,3600,0.72,0.28,200,186
N288_M144,binary_state,correct,3700,0.72,0.28,200,186
N288_M144,binary_state,correct,3800,0.725,0.275,200,186
N288_M144,binary_state,correct,3900,0.725,0.275,200,186
N288_M144,binary_state,correct,4000,0.725,0.275,200,186
N288_M144,binary_state,correct,4100,0.73,0.27,200,186
N288_M144,binary_state,correct,4200,0.73,0.27,200,186
N288_M144,binary_state,correct,4300,0.74,0.26,200,186
N288_M144,binary_state,correct,4400,0.74,0.26,200,186
N288_M144,binary_state,correct,4500,0.74,0.26,200,186
N288_M144,binary_state,correct,4600,0.745,0.255,200,186
N288_M144,binary_state,correct,4700,0.75,0.25,200,186
N288_M144,binary_state,correct,4800,0.755,0.245,200,186
N288_M144,binary_state,correct,4900,0.76,0.24,200,186
N288_M144,binary_state,correct,5000,0.765,0.235,200,186
N288_M144,binary_state,correct,5100,0.77,0.22999999999999998,200,186
N288_M144,binary_state,correct,5200,0.77,0.22999999999999998,200,186
N288_M144,binary_state,correct,5300,0.77,0.22999999999999998,200,186
N288_M144,binary_state,correct,5400,0.775,0.22499999999999998,200,186
N288_M144,binary_state,correct,5500,0.775,0.22499999999999998,200,186
N288_M144,binary_state,correct,5600,0.775,0.22499999999999998,200,186
N288_M144,binary_state,correct,5700,0.785,0.21499999999999997,200,186
N288_M144,binary_state,correct,5800,0.79,0.20999999999999996,200,186
N288_M144,binary_state,correct,5900,0.795,0.20499999999999996,200,186
N288_M144,binary_state,correct,6000,0.795,0.20499999999999996,200,186
N288_M144,binary_state,correct,6100,0.795,0.20499999999999996,200,186
N288_M144,binary_state,correct,6200,0.8,0.19999999999999996,200,186
N288_M144,binary_state,correct,6300,0.8,0.19999999999999996,200,186
N288_M144,binary_state,correct,6400,0.805,0.19499999999999995,200,186
N288_M144,binary_state,correct,6500,0.805,0.19499999999999995,200,186
N288_M144,binary_state,correct,6600,0.805,0.19499999999999995,200,186
N288_M144,binary_state,correct,6700,0.815,0.18500000000000005,200,186
N288_M144,binary_state,correct,6800,0.815,0.18500000000000005,200,186
N288_M144,binary_state,correct,6900,0.815,0.18500000000000005,200,186
N288_M144,binary_state,correct,7000,0.82,0.18000000000000005,200,186
N288_M144,binary_state,correct,7100,0.82,0.18000000000000005,200,186
N288_M144,binary_state,correct,7200,0.82,0.18000000000000005,200,186
N288_M144,binary_state,correct,7300,0.82,0.18000000000000005,200,186
N288_M144,binary_state,correct,7400,0.82,0.18000000000000005,200,186
N288_M144,binary_state,correct,7500,0.82,0.18000000000000005,200,186
N288_M144,binary_state,correct,7600,0.82,0.18000000000000005,200,186
N288_M144,binary_state,correct,7700,0.825,0.17500000000000004,200,186
N288_M144,binary_state,correct,7800,0.825,0.17500000000000004,200,186
N288_M144,binary_state,correct,7900,0.83,0.17000000000000004,200,186
N288_M144,binary_state,correct,8000,0.83,0.17000000000000004,200,186
N288_M144,binary_state,correct,8100,0.83,0.17000000000000004,200,186
N288_M144,binary_state,correct,8200,0.83,0.17000000000000004,200,186
N288_M144,binary_state,correct,8300,0.835,0.16500000000000004,200,186
N288_M144,binary_state,correct,8400,0.835,0.16500000000000004,200,186
N288_M144,binary_state,correct,8500,0.835,0.16500000000000004,200,186
N288_M144,binary_state,correct,8600,0.84,0.16000000000000003,200,186
N288_M144,binary_state,correct,8700,0.84,0.16000000000000003,200,186
N288_M144,binary_state,correct,8800,0.84,0.16000000000000003,200,186
N288_M144,binary_state,correct,8900,0.84,0.16000000000000003,200,186
N288_M144,binary_state,correct,9000,0.84,0.16000000000000003,200,186
N288_M144,binary_state,correct,9100,0.84,0.16000000000000003,200,186
N288_M144,binary_state,correct,9200,0.84,0.16000000000000003,200,186
N288_M144,binary_state,correct,9300,0.84,0.16000000000000003,200,186
N288_M144,binary_state,correct,9400,0.84,0.16000000000000003,200,186
N288_M144,binary_state,correct,9500,0.84,0.16000000000000003,200,186
N288_M144,binary_state,correct,9600,0.845,0.15500000000000003,200,186
N288_M144,binary_state,correct,9700,0.85,0.15000000000000002,200,186
N288_M144,binary_state,correct,9800,0.85,0.15000000000000002,200,186
N288_M144,binary_state,correct,9900,0.85,0.15000000000000002,200,186
N288_M144,binary_state,correct,10000,0.85,0.15000000000000002,200,186
N288_M144,binary_state,correct,10100,0.85,0.15000000000000002,200,186
N288_M144,binary_state,correct,10200,0.85,0.15000000000000002,200,186
N288_M144,binary_state,correct,10300,0.85,0.15000000000000002,200,186
N288_M144,binary_state,correct,10400,0.85,0.15000000000000002,200,186
N288_M144,binary_state,correct,10500,0.85,0.15000000000000002,200,186
N288_M144,binary_state,correct,10600,0.85,0.15000000000000002,200,186
N288_M144,binary_state,correct,10700,0.85,0.15000000000000002,200,186
N288_M144,binary_state,correct,10800,0.85,0.15000000000000002,200,186
N288_M144,binary_state,correct,10900,0.85,0.15000000000000002,200,186
N288_M144,binary_state,correct,11000,0.85,0.15000000000000002,200,186
N288_M144,binary_state,correct,11100,0.85,0.15000000000000002,200,186
N288_M144,binary_state,correct,11200,0.855,0.14500000000000002,200,186
N288_M144,binary_state,correct,11300,0.86,0.14,200,186
N288_M144,binary_state,correct,11400,0.865,0.135,200,186
N288_M144,binary_state,correct,11500,0.865,0.135,200,186
N288_M144,binary_state,correct,11600,0.865,0.135,200,186
N288_M144,binary_state,correct,11700,0.865,0.135,200,186
N288_M144,binary_state,correct,11800,0.87,0.13,200,186
N288_M144,binary_state,correct,11900,0.87,0.13,200,186
N288_M144,binary_state,correct,12000,0.87,0.13,200,186
N288_M144,binary_state,correct,12100,0.87,0.13,200,186
N288_M144,binary_state,correct,12200,0.875,0.125,200,186
N288_M144,binary_state,correct,12300,0.875,0.125,200,186
N288_M144,binary_state,correct,12400,0.875,0.125,200,186
N288_M144,binary_state,correct,12500,0.875,0.125,200,186
N288_M144,binary_state,correct,12600,0.875,0.125,200,186
N288_M144,binary_state,correct,12700,0.885,0.11499999999999999,200,186
N288_M144,binary_state,correct,12800,0.885,0.11499999999999999,200,186
N288_M144,binary_state,correct,12900,0.885,0.11499999999999999,200,186
N288_M144,binary_state,correct,13000,0.885,0.11499999999999999,200,186
N288_M144,binary_state,correct,13100,0.885,0.11499999999999999,200,186
N288_M144,binary_state,correct,13200,0.885,0.11499999999999999,200,186
N288_M144,binary_state,correct,13300,0.885,0.11499999999999999,200,186
N288_M144,binary_state,correct,13400,0.89,0.10999999999999999,200,186
N288_M144,binary_state,correct,13500,0.89,0.10999999999999999,200,186
N288_M144,binary_state,correct,13600,0.89,0.10999999999999999,200,186
N288_M144,binary_state,correct,13700,0.895,0.10499999999999998,200,186
N288_M144,binary_state,correct,13800,0.895,0.10499999999999998,200,186
N288_M144,binary_state,correct,13900,0.895,0.10499999999999998,200,186
N288_M144,binary_state,correct,14000,0.895,0.10499999999999998,200,186
N288_M144,binary_state,correct,14100,0.895,0.10499999999999998,200,186
N288_M144,binary_state,correct,14200,0.895,0.10499999999999998,200,186
N288_M144,binary_state,correct,14300,0.895,0.10499999999999998,200,186
N288_M144,binary_state,correct,14400,0.895,0.10499999999999998,200,186
N288_M144,binary_state,correct,14500,0.895,0.10499999999999998,200,186
N288_M144,binary_state,correct,14600,0.895,0.10499999999999998,200,186
N288_M144,binary_state,correct,14700,0.895,0.10499999999999998,200,186
N288_M144,binary_state,correct,14800,0.895,0.10499999999999998,200,186
N288_M144,binary_state,correct,14900,0.895,0.10499999999999998,200,186
N288_M144,binary_state,correct,15000,0.895,0.10499999999999998,200,186
N288_M144,binary_state,correct,15100,0.895,0.10499999999999998,200,186
N288_M144,binary_state,correct,15200,0.895,0.10499999999999998,200,186
N288_M144,binary_state,correct,15300,0.895,0.10499999999999998,200,186
N288_M144,binary_state,correct,15400,0.9,0.09999999999999998,200,186
N288_M144,binary_state,correct,15500,0.9,0.09999999999999998,200,186
N288_M144,binary_state,correct,15600,0.9,0.09999999999999998,200,186
N288_M144,binary_state,correct,15700,0.9,0.09999999999999998,200,186
N288_M144,binary_state,correct,15800,0.9,0.09999999999999998,200,186
N288_M144,binary_state,correct,15900,0.9,0.09999999999999998,200,186
N288_M144,binary_state,correct,16000,0.9,0.09999999999999998,200,186
N288_M144,binary_state,correct,16100,0.905,0.09499999999999997,200,186
N288_M144,binary_state,correct,16200,0.905,0.09499999999999997,200,186
N288_M144,binary_state,correct,16300,0.905,0.09499999999999997,200,186
N288_M144,binary_state,correct,16400,0.905,0.09499999999999997,200,186
N288_M144,binary_state,correct,16500,0.91,0.08999999999999997,200,186
N288_M144,binary_state,correct,16600,0.915,0.08499999999999996,200,186
N288_M144,binary_state,correct,16700,0.915,0.08499999999999996,200,186
N288_M144,binary_state,correct,16800,0.915,0.08499999999999996,200,186
N288_M144,binary_state,correct,16900,0.915,0.08499999999999996,200,186
N288_M144,binary_state,correct,17000,0.915,0.08499999999999996,200,186
N288_M144,binary_state,correct,17100,0.915,0.08499999999999996,200,186
N288_M144,binary_state,correct,17200,0.915,0.08499999999999996,200,186
N288_M144,binary_state,correct,17300,0.915,0.08499999999999996,200,186
N288_M144,binary_state,correct,17400,0.915,0.08499999999999996,200,186
N288_M144,binary_state,correct,17500,0.915,0.08499999999999996,200,186
N288_M144,binary_state,correct,17600,0.915,0.08499999999999996,200,186
N288_M144,binary_state,correct,17700,0.915,0.08499999999999996,200,186
N288_M144,binary_state,correct,17800,0.915,0.08499999999999996,200,186
N288_M144,binary_state,correct,17900,0.92,0.07999999999999996,200,186
N288_M144,binary_state,correct,18000,0.92,0.07999999999999996,200,186
N288_M144,binary_state,correct,18100,0.92,0.07999999999999996,200,186
N288_M144,binary_state,correct,18200,0.92,0.07999999999999996,200,186
N288_M144,binary_state,correct,18300,0.92,0.07999999999999996,200,186
N288_M144,binary_state,correct,18400,0.92,0.07999999999999996,200,186
N288_M144,binary_state,correct,18500,0.92,0.07999999999999996,200,186
N288_M144,binary_state,correct,18600,0.92,0.07999999999999996,200,186
N288_M144,binary_state,correct,18700,0.92,0.07999999999999996,200,186
N288_M144,binary_state,correct,18800,0.92,0.07999999999999996,200,186
N288_M144,binary_state,correct,18900,0.92,0.07999999999999996,200,186
N288_M144,binary_state,correct,19000,0.92,0.07999999999999996,200,186
N288_M144,binary_state,correct,19100,0.92,0.07999999999999996,200,186
N288_M144,binary_state,correct,19200,0.92,0.07999999999999996,200,186
N288_M144,binary_state,correct,19300,0.92,0.07999999999999996,200,186
N288_M144,binary_state,correct,19400,0.92,0.07999999999999996,200,186
N288_M144,binary_state,correct,19500,0.92,0.07999999999999996,200,186
N288_M144,binary_state,correct,19600,0.925,0.07499999999999996,200,186
N288_M144,binary_state,correct,19700,0.925,0.07499999999999996,200,186
N288_M144,binary_state,correct,19800,0.925,0.07499999999999996,200,186
N288_M144,binary_state,correct,19900,0.925,0.07499999999999996,200,186
N288_M144,binary_state,correct,20000,0.925,0.07499999999999996,200,186
N288_M144,binary_state,correct,20100,0.925,0.07499999999999996,200,186
N288_M144,binary_state,correct,20200,0.925,0.07499999999999996,200,186
N288_M144,binary_state,correct,20300,0.925,0.07499999999999996,200,186
N288_M144,binary_state,correct,20400,0.925,0.07499999999999996,200,186
N288_M144,binary_state,correct,20500,0.925,0.07499999999999996,200,186
N288_M144,binary_state,correct,20600,0.925,0.07499999999999996,200,186
N288_M144,binary_state,correct,20700,0.925,0.07499999999999996,200,186
N288_M144,binary_state,correct,20800,0.925,0.07499999999999996,200,186
N288_M144,binary_state,correct,20900,0.925,0.07499999999999996,200,186
N288_M144,binary_state,correct,21000,0.925,0.07499999999999996,200,186
N288_M144,binary_state,correct,21100,0.925,0.07499999999999996,200,186
N288_M144,binary_state,correct,21200,0.925,0.07499999999999996,200,186
N288_M144,binary_state,correct,21300,0.925,0.07499999999999996,200,186
N288_M144,binary_state,correct,21400,0.925,0.07499999999999996,200,186
N288_M144,binary_state,correct,21500,0.925,0.07499999999999996,200,186
N288_M144,binary_state,correct,21600,0.925,0.07499999999999996,200,186
N288_M144,binary_state,correct,21700,0.925,0.07499999999999996,200,186
N288_M144,binary_state,correct,21800,0.925,0.07499999999999996,200,186
N288_M144,binary_state,correct,21900,0.925,0.07499999999999996,200,186
N288_M144,binary_state,correct,22000,0.925,0.07499999999999996,200,186
N288_M144,binary_state,correct,22100,0.925,0.07499999999999996,200,186
N288_M144,binary_state,correct,22200,0.925,0.07499999999999996,200,186
N288_M144,binary_state,correct,22300,0.925,0.07499999999999996,200,186
N288_M144,binary_state,correct,22400,0.925,0.07499999999999996,200,186
N288_M144,binary_state,correct,22500,0.925,0.07499999999999996,200,186
N288_M144,binary_state,correct,22600,0.925,0.07499999999999996,200,186
N288_M144,binary_state,correct,22700,0.925,0.07499999999999996,200,186
N288_M144,binary_state,correct,22800,0.925,0.07499999999999996,200,186
N288_M144,binary_state,correct,22900,0.925,0.07499999999999996,200,186
N288_M144,binary_state,correct,23000,0.925,0.07499999999999996,200,186
N288_M144,binary_state,correct,23100,0.925,0.07499999999999996,200,186
N288_M144,binary_state,correct,23200,0.925,0.07499999999999996,200,186
N288_M144,binary_state,correct,23300,0.925,0.07499999999999996,200,186
N288_M144,binary_state,correct,23400,0.925,0.07499999999999996,200,186
N288_M144,binary_state,correct,23500,0.925,0.07499999999999996,200,186
N288_M144,binary_state,correct,23600,0.925,0.07499999999999996,200,186
N288_M144,binary_state,correct,23700,0.925,0.07499999999999996,200,186
N288_M144,binary_state,correct,23800,0.925,0.07499999999999996,200,186
N288_M144,binary_state,correct,23900,0.925,0.07499999999999996,200,186
N288_M144,binary_state,correct,24000,0.925,0.07499999999999996,200,186
N288_M144,binary_state,correct,24100,0.925,0.07499999999999996,200,186
N288_M144,binary_state,correct,24200,0.925,0.07499999999999996,200,186
N288_M144,binary_state,correct,24300,0.925,0.07499999999999996,200,186
N288_M144,binary_state,correct,24400,0.925,0.07499999999999996,200,186
N288_M144,binary_state,correct,24500,0.925,0.07499999999999996,200,186
N288_M144,binary_state,correct,24600,0.925,0.07499999999999996,200,186
N288_M144,binary_state,correct,24700,0.925,0.07499999999999996,200,186
N288_M144,binary_state,correct,24800,0.925,0.07499999999999996,200,186
N288_M144,binary_state,correct,24900,0.925,0.07499999999999996,200,186
N288_M144,binary_state,correct,25000,0.925,0.07499999999999996,200,186
N288_M144,binary_state,correct,25100,0.925,0.07499999999999996,200,186
N288_M144,binary_state,correct,25200,0.93,0.06999999999999995,200,186
N288_M144,binary_state,correct,25300,0.93,0.06999999999999995,200,186
N288_M144,binary_state,correct,25400,0.93,0.06999999999999995,200,186
N288_M144,binary_state,correct,25500,0.93,0.06999999999999995,200,186
N288_M144,binary_state,correct,25600,0.93,0.06999999999999995,200,186
N288_M144,binary_state,low_BER,0,0.0,1.0,200,193
N288_M144,binary_state,low_BER,100,0.0,1.0,200,193
N288_M144,binary_state,low_BER,200,0.025,0.975,200,193
N288_M144,binary_state,low_BER,300,0.09,0.91,200,193
N288_M144,binary_state,low_BER,400,0.195,0.8049999999999999,200,193
N288_M144,binary_state,low_BER,500,0.275,0.725,200,193
N288_M144,binary_state,low_BER,600,0.34,0.6599999999999999,200,193
N288_M144,binary_state,low_BER,700,0.405,0.595,200,193
N288_M144,binary_state,low_BER,800,0.445,0.5549999999999999,200,193
N288_M144,binary_state,low_BER,900,0.5,0.5,200,193
N288_M144,binary_state,low_BER,1000,0.565,0.43500000000000005,200,193
N288_M144,binary_state,low_BER,1100,0.595,0.405,200,193
N288_M144,binary_state,low_BER,1200,0.62,0.38,200,193
N288_M144,binary_state,low_BER,1300,0.635,0.365,200,193
N288_M144,binary_state,low_BER,1400,0.65,0.35,200,193
N288_M144,binary_state,low_BER,1500,0.68,0.31999999999999995,200,193
N288_M144,binary_state,low_BER,1600,0.71,0.29000000000000004,200,193
N288_M144,binary_state,low_BER,1700,0.735,0.265,200,193
N288_M144,binary_state,low_BER,1800,0.755,0.245,200,193
N288_M144,binary_state,low_BER,1900,0.77,0.22999999999999998,200,193
N288_M144,binary_state,low_BER,2000,0.78,0.21999999999999997,200,193
N288_M144,binary_state,low_BER,2100,0.795,0.20499999999999996,200,193
N288_M144,binary_state,low_BER,2200,0.81,0.18999999999999995,200,193
N288_M144,binary_state,low_BER,2300,0.82,0.18000000000000005,200,193
N288_M144,binary_state,low_BER,2400,0.82,0.18000000000000005,200,193
N288_M144,binary_state,low_BER,2500,0.825,0.17500000000000004,200,193
N288_M144,binary_state,low_BER,2600,0.83,0.17000000000000004,200,193
N288_M144,binary_state,low_BER,2700,0.84,0.16000000000000003,200,193
N288_M144,binary_state,low_BER,2800,0.85,0.15000000000000002,200,193
N288_M144,binary_state,low_BER,2900,0.85,0.15000000000000002,200,193
N288_M144,binary_state,low_BER,3000,0.855,0.14500000000000002,200,193
N288_M144,binary_state,low_BER,3100,0.86,0.14,200,193
N288_M144,binary_state,low_BER,3200,0.87,0.13,200,193
N288_M144,binary_state,low_BER,3300,0.875,0.125,200,193
N288_M144,binary_state,low_BER,3400,0.875,0.125,200,193
N288_M144,binary_state,low_BER,3500,0.875,0.125,200,193
N288_M144,binary_state,low_BER,3600,0.875,0.125,200,193
N288_M144,binary_state,low_BER,3700,0.875,0.125,200,193
N288_M144,binary_state,low_BER,3800,0.875,0.125,200,193
N288_M144,binary_state,low_BER,3900,0.88,0.12,200,193
N288_M144,binary_state,low_BER,4000,0.88,0.12,200,193
N288_M144,binary_state,low_BER,4100,0.88,0.12,200,193
N288_M144,binary_state,low_BER,4200,0.88,0.12,200,193
N288_M144,binary_state,low_BER,4300,0.88,0.12,200,193
N288_M144,binary_state,low_BER,4400,0.885,0.11499999999999999,200,193
N288_M144,binary_state,low_BER,4500,0.885,0.11499999999999999,200,193
N288_M144,binary_state,low_BER,4600,0.89,0.10999999999999999,200,193
N288_M144,binary_state,low_BER,4700,0.89,0.10999999999999999,200,193
N288_M144,binary_state,low_BER,4800,0.89,0.10999999999999999,200,193
N288_M144,binary_state,low_BER,4900,0.9,0.09999999999999998,200,193
N288_M144,binary_state,low_BER,5000,0.9,0.09999999999999998,200,193
N288_M144,binary_state,low_BER,5100,0.9,0.09999999999999998,200,193
N288_M144,binary_state,low_BER,5200,0.91,0.08999999999999997,200,193
N288_M144,binary_state,low_BER,5300,0.91,0.08999999999999997,200,193
N288_M144,binary_state,low_BER,5400,0.91,0.08999999999999997,200,193
N288_M144,binary_state,low_BER,5500,0.91,0.08999999999999997,200,193
N288_M144,binary_state,low_BER,5600,0.91,0.08999999999999997,200,193
N288_M144,binary_state,low_BER,5700,0.91,0.08999999999999997,200,193
N288_M144,binary_state,low_BER,5800,0.91,0.08999999999999997,200,193
N288_M144,binary_state,low_BER,5900,0.91,0.08999999999999997,200,193
N288_M144,binary_state,low_BER,6000,0.91,0.08999999999999997,200,193
N288_M144,binary_state,low_BER,6100,0.91,0.08999999999999997,200,193
N288_M144,binary_state,low_BER,6200,0.91,0.08999999999999997,200,193
N288_M144,binary_state,low_BER,6300,0.91,0.08999999999999997,200,193
N288_M144,binary_state,low_BER,6400,0.91,0.08999999999999997,200,193
N288_M144,binary_state,low_BER,6500,0.915,0.08499999999999996,200,193
N288_M144,binary_state,low_BER,6600,0.915,0.08499999999999996,200,193
N288_M144,binary_state,low_BER,6700,0.915,0.08499999999999996,200,193
N288_M144,binary_state,low_BER,6800,0.915,0.08499999999999996,200,193
N288_M144,binary_state,low_BER,6900,0.92,0.07999999999999996,200,193
N288_M144,binary_state,low_BER,7000,0.92,0.07999999999999996,200,193
N288_M144,binary_state,low_BER,7100,0.92,0.07999999999999996,200,193
N288_M144,binary_state,low_BER,7200,0.92,0.07999999999999996,200,193
N288_M144,binary_state,low_BER,7300,0.92,0.07999999999999996,200,193
N288_M144,binary_state,low_BER,7400,0.92,0.07999999999999996,200,193
N288_M144,binary_state,low_BER,7500,0.92,0.07999999999999996,200,193
N288_M144,binary_state,low_BER,7600,0.92,0.07999999999999996,200,193
N288_M144,binary_state,low_BER,7700,0.92,0.07999999999999996,200,193
N288_M144,binary_state,low_BER,7800,0.92,0.07999999999999996,200,193
N288_M144,binary_state,low_BER,7900,0.92,0.07999999999999996,200,193
N288_M144,binary_state,low_BER,8000,0.92,0.07999999999999996,200,193
N288_M144,binary_state,low_BER,8100,0.92,0.07999999999999996,200,193
N288_M144,binary_state,low_BER,8200,0.92,0.07999999999999996,200,193
N288_M144,binary_state,low_BER,8300,0.92,0.07999999999999996,200,193
N288_M144,binary_state,low_BER,8400,0.92,0.07999999999999996,200,193
N288_M144,binary_state,low_BER,8500,0.92,0.07999999999999996,200,193
N288_M144,binary_state,low_BER,8600,0.92,0.07999999999999996,200,193
N288_M144,binary_state,low_BER,8700,0.92,0.07999999999999996,200,193
N288_M144,binary_state,low_BER,8800,0.92,0.07999999999999996,200,193
N288_M144,binary_state,low_BER,8900,0.92,0.07999999999999996,200,193
N288_M144,binary_state,low_BER,9000,0.92,0.07999999999999996,200,193
N288_M144,binary_state,low_BER,9100,0.92,0.07999999999999996,200,193
N288_M144,binary_state,low_BER,9200,0.92,0.07999999999999996,200,193
N288_M144,binary_state,low_BER,9300,0.92,0.07999999999999996,200,193
N288_M144,binary_state,low_BER,9400,0.92,0.07999999999999996,200,193
N288_M144,binary_state,low_BER,9500,0.92,0.07999999999999996,200,193
N288_M144,binary_state,low_BER,9600,0.92,0.07999999999999996,200,193
N288_M144,binary_state,low_BER,9700,0.92,0.07999999999999996,200,193
N288_M144,binary_state,low_BER,9800,0.92,0.07999999999999996,200,193
N288_M144,binary_state,low_BER,9900,0.92,0.07999999999999996,200,193
N288_M144,binary_state,low_BER,10000,0.925,0.07499999999999996,200,193
N288_M144,binary_state,low_BER,10100,0.925,0.07499999999999996,200,193
N288_M144,binary_state,low_BER,10200,0.925,0.07499999999999996,200,193
N288_M144,binary_state,low_BER,10300,0.925,0.07499999999999996,200,193
N288_M144,binary_state,low_BER,10400,0.925,0.07499999999999996,200,193
N288_M144,binary_state,low_BER,10500,0.925,0.07499999999999996,200,193
N288_M144,binary_state,low_BER,10600,0.925,0.07499999999999996,200,193
N288_M144,binary_state,low_BER,10700,0.925,0.07499999999999996,200,193
N288_M144,binary_state,low_BER,10800,0.925,0.07499999999999996,200,193
N288_M144,binary_state,low_BER,10900,0.925,0.07499999999999996,200,193
N288_M144,binary_state,low_BER,11000,0.925,0.07499999999999996,200,193
N288_M144,binary_state,low_BER,11100,0.925,0.07499999999999996,200,193
N288_M144,binary_state,low_BER,11200,0.925,0.07499999999999996,200,193
N288_M144,binary_state,low_BER,11300,0.925,0.07499999999999996,200,193
N288_M144,binary_state,low_BER,11400,0.93,0.06999999999999995,200,193
N288_M144,binary_state,low_BER,11500,0.935,0.06499999999999995,200,193
N288_M144,binary_state,low_BER,11600,0.935,0.06499999999999995,200,193
N288_M144,binary_state,low_BER,11700,0.935,0.06499999999999995,200,193
N288_M144,binary_state,low_BER,11800,0.935,0.06499999999999995,200,193
N288_M144,binary_state,low_BER,11900,0.935,0.06499999999999995,200,193
N288_M144,binary_state,low_BER,12000,0.935,0.06499999999999995,200,193
N288_M144,binary_state,low_BER,12100,0.935,0.06499999999999995,200,193
N288_M144,binary_state,low_BER,12200,0.935,0.06499999999999995,200,193
N288_M144,binary_state,low_BER,12300,0.935,0.06499999999999995,200,193
N288_M144,binary_state,low_BER,12400,0.935,0.06499999999999995,200,193
N288_M144,binary_state,low_BER,12500,0.935,0.06499999999999995,200,193
N288_M144,binary_state,low_BER,12600,0.94,0.06000000000000005,200,193
N288_M144,binary_state,low_BER,12700,0.94,0.06000000000000005,200,193
N288_M144,binary_state,low_BER,12800,0.94,0.06000000000000005,200,193
N288_M144,binary_state,low_BER,12900,0.94,0.06000000000000005,200,193
N288_M144,binary_state,low_BER,13000,0.94,0.06000000000000005,200,193
N288_M144,binary_state,low_BER,13100,0.94,0.06000000000000005,200,193
N288_M144,binary_state,low_BER,13200,0.94,0.06000000000000005,200,193
N288_M144,binary_state,low_BER,13300,0.94,0.06000000000000005,200,193
N288_M144,binary_state,low_BER,13400,0.945,0.05500000000000005,200,193
N288_M144,binary_state,low_BER,13500,0.945,0.05500000000000005,200,193
N288_M144,binary_state,low_BER,13600,0.945,0.05500000000000005,200,193
N288_M144,binary_state,low_BER,13700,0.945,0.05500000000000005,200,193
N288_M144,binary_state,low_BER,13800,0.95,0.050000000000000044,200,193
N288_M144,binary_state,low_BER,13900,0.95,0.050000000000000044,200,193
N288_M144,binary_state,low_BER,14000,0.95,0.050000000000000044,200,193
N288_M144,binary_state,low_BER,14100,0.95,0.050000000000000044,200,193
N288_M144,binary_state,low_BER,14200,0.95,0.050000000000000044,200,193
N288_M144,binary_state,low_BER,14300,0.95,0.050000000000000044,200,193
N288_M144,binary_state,low_BER,14400,0.95,0.050000000000000044,200,193
N288_M144,binary_state,low_BER,14500,0.95,0.050000000000000044,200,193
N288_M144,binary_state,low_BER,14600,0.95,0.050000000000000044,200,193
N288_M144,binary_state,low_BER,14700,0.95,0.050000000000000044,200,193
N288_M144,binary_state,low_BER,14800,0.95,0.050000000000000044,200,193
N288_M144,binary_state,low_BER,14900,0.95,0.050000000000000044,200,193
N288_M144,binary_state,low_BER,15000,0.95,0.050000000000000044,200,193
N288_M144,binary_state,low_BER,15100,0.95,0.050000000000000044,200,193
N288_M144,binary_state,low_BER,15200,0.95,0.050000000000000044,200,193
N288_M144,binary_state,low_BER,15300,0.95,0.050000000000000044,200,193
N288_M144,binary_state,low_BER,15400,0.95,0.050000000000000044,200,193
N288_M144,binary_state,low_BER,15500,0.95,0.050000000000000044,200,193
N288_M144,binary_state,low_BER,15600,0.95,0.050000000000000044,200,193
N288_M144,binary_state,low_BER,15700,0.95,0.050000000000000044,200,193
N288_M144,binary_state,low_BER,15800,0.95,0.050000000000000044,200,193
N288_M144,binary_state,low_BER,15900,0.95,0.050000000000000044,200,193
N288_M144,binary_state,low_BER,16000,0.95,0.050000000000000044,200,193
N288_M144,binary_state,low_BER,16100,0.95,0.050000000000000044,200,193
N288_M144,binary_state,low_BER,16200,0.95,0.050000000000000044,200,193
N288_M144,binary_state,low_BER,16300,0.955,0.04500000000000004,200,193
N288_M144,binary_state,low_BER,16400,0.96,0.040000000000000036,200,193
N288_M144,binary_state,low_BER,16500,0.96,0.040000000000000036,200,193
N288_M144,binary_state,low_BER,16600,0.96,0.040000000000000036,200,193
N288_M144,binary_state,low_BER,16700,0.96,0.040000000000000036,200,193
N288_M144,binary_state,low_BER,16800,0.96,0.040000000000000036,200,193
N288_M144,binary_state,low_BER,16900,0.96,0.040000000000000036,200,193
N288_M144,binary_state,low_BER,17000,0.96,0.040000000000000036,200,193
N288_M144,binary_state,low_BER,17100,0.96,0.040000000000000036,200,193
N288_M144,binary_state,low_BER,17200,0.96,0.040000000000000036,200,193
N288_M144,binary_state,low_BER,17300,0.96,0.040000000000000036,200,193
N288_M144,binary_state,low_BER,17400,0.96,0.040000000000000036,200,193
N288_M144,binary_state,low_BER,17500,0.965,0.03500000000000003,200,193
N288_M144,binary_state,low_BER,17600,0.965,0.03500000000000003,200,193
N288_M144,binary_state,low_BER,17700,0.965,0.03500000000000003,200,193
N288_M144,binary_state,low_BER,17800,0.965,0.03500000000000003,200,193
N288_M144,binary_state,low_BER,17900,0.965,0.03500000000000003,200,193
N288_M144,binary_state,low_BER,18000,0.965,0.03500000000000003,200,193
N288_M144,binary_state,low_BER,18100,0.965,0.03500000000000003,200,193
N288_M144,binary_state,low_BER,18200,0.965,0.03500000000000003,200,193
N288_M144,binary_state,low_BER,18300,0.965,0.03500000000000003,200,193
N288_M144,binary_state,low_BER,18400,0.965,0.03500000000000003,200,193
N288_M144,binary_state,low_BER,18500,0.965,0.03500000000000003,200,193
N288_M144,binary_state,low_BER,18600,0.965,0.03500000000000003,200,193
N288_M144,binary_state,low_BER,18700,0.965,0.03500000000000003,200,193
N288_M144,binary_state,low_BER,18800,0.965,0.03500000000000003,200,193
N288_M144,binary_state,low_BER,18900,0.965,0.03500000000000003,200,193
N288_M144,binary_state,low_BER,19000,0.965,0.03500000000000003,200,193
N288_M144,binary_state,low_BER,19100,0.965,0.03500000000000003,200,193
N288_M144,binary_state,low_BER,19200,0.965,0.03500000000000003,200,193
N288_M144,binary_state,low_BER,19300,0.965,0.03500000000000003,200,193
N288_M144,binary_state,low_BER,19400,0.965,0.03500000000000003,200,193
N288_M144,binary_state,low_BER,19500,0.965,0.03500000000000003,200,193
N288_M144,binary_state,low_BER,19600,0.965,0.03500000000000003,200,193
N288_M144,binary_state,low_BER,19700,0.965,0.03500000000000003,200,193
N288_M144,binary_state,low_BER,19800,0.965,0.03500000000000003,200,193
N288_M144,binary_state,low_BER,19900,0.965,0.03500000000000003,200,193
N288_M144,binary_state,low_BER,20000,0.965,0.03500000000000003,200,193
N288_M144,binary_state,low_BER,20100,0.965,0.03500000000000003,200,193
N288_M144,binary_state,low_BER,20200,0.965,0.03500000000000003,200,193
N288_M144,binary_state,low_BER,20300,0.965,0.03500000000000003,200,193
N288_M144,binary_state,low_BER,20400,0.965,0.03500000000000003,200,193
N288_M144,binary_state,low_BER,20500,0.965,0.03500000000000003,200,193
N288_M144,binary_state,low_BER,20600,0.965,0.03500000000000003,200,193
N288_M144,binary_state,low_BER,20700,0.965,0.03500000000000003,200,193
N288_M144,binary_state,low_BER,20800,0.965,0.03500000000000003,200,193
N288_M144,binary_state,low_BER,20900,0.965,0.03500000000000003,200,193
N288_M144,binary_state,low_BER,21000,0.965,0.03500000000000003,200,193
N288_M144,binary_state,low_BER,21100,0.965,0.03500000000000003,200,193
N288_M144,binary_state,low_BER,21200,0.965,0.03500000000000003,200,193
N288_M144,binary_state,low_BER,21300,0.965,0.03500000000000003,200,193
N288_M144,binary_state,low_BER,21400,0.965,0.03500000000000003,200,193
N288_M144,binary_state,low_BER,21500,0.965,0.03500000000000003,200,193
N288_M144,binary_state,low_BER,21600,0.965,0.03500000000000003,200,193
N288_M144,binary_state,low_BER,21700,0.965,0.03500000000000003,200,193
N288_M144,binary_state,low_BER,21800,0.965,0.03500000000000003,200,193
N288_M144,binary_state,low_BER,21900,0.965,0.03500000000000003,200,193
N288_M144,binary_state,low_BER,22000,0.965,0.03500000000000003,200,193
N288_M144,binary_state,low_BER,22100,0.965,0.03500000000000003,200,193
N288_M144,binary_state,low_BER,22200,0.965,0.03500000000000003,200,193
N288_M144,binary_state,low_BER,22300,0.965,0.03500000000000003,200,193
N288_M144,binary_state,low_BER,22400,0.965,0.03500000000000003,200,193
N288_M144,binary_state,low_BER,22500,0.965,0.03500000000000003,200,193
N288_M144,binary_state,low_BER,22600,0.965,0.03500000000000003,200,193
N288_M144,binary_state,low_BER,22700,0.965,0.03500000000000003,200,193
N288_M144,binary_state,low_BER,22800,0.965,0.03500000000000003,200,193
N288_M144,binary_state,low_BER,22900,0.965,0.03500000000000003,200,193
N288_M144,binary_state,low_BER,23000,0.965,0.03500000000000003,200,193
N288_M144,binary_state,low_BER,23100,0.965,0.03500000000000003,200,193
N288_M144,binary_state,low_BER,23200,0.965,0.03500000000000003,200,193
N288_M144,binary_state,low_BER,23300,0.965,0.03500000000000003,200,193
N288_M144,binary_state,low_BER,23400,0.965,0.03500000000000003,200,193
N288_M144,binary_state,low_BER,23500,0.965,0.03500000000000003,200,193
N288_M144,binary_state,low_BER,23600,0.965,0.03500000000000003,200,193
N288_M144,binary_state,low_BER,23700,0.965,0.03500000000000003,200,193
N288_M144,binary_state,low_BER,23800,0.965,0.03500000000000003,200,193
N288_M144,binary_state,low_BER,23900,0.965,0.03500000000000003,200,193
N288_M144,binary_state,low_BER,24000,0.965,0.03500000000000003,200,193
N288_M144,binary_state,low_BER,24100,0.965,0.03500000000000003,200,193
N288_M144,binary_state,low_BER,24200,0.965,0.03500000000000003,200,193
N288_M144,binary_state,low_BER,24300,0.965,0.03500000000000003,200,193
N288_M144,binary_state,low_BER,24400,0.965,0.03500000000000003,200,193
N288_M144,binary_state,low_BER,24500,0.965,0.03500000000000003,200,193
N288_M144,binary_state,low_BER,24600,0.965,0.03500000000000003,200,193
N288_M144,binary_state,low_BER,24700,0.965,0.03500000000000003,200,193
N288_M144,binary_state,low_BER,24800,0.965,0.03500000000000003,200,193
N288_M144,binary_state,low_BER,24900,0.965,0.03500000000000003,200,193
N288_M144,binary_state,low_BER,25000,0.965,0.03500000000000003,200,193
N288_M144,binary_state,low_BER,25100,0.965,0.03500000000000003,200,193
N288_M144,binary_state,low_BER,25200,0.965,0.03500000000000003,200,193
N288_M144,binary_state,low_BER,25300,0.965,0.03500000000000003,200,193
N288_M144,binary_state,low_BER,25400,0.965,0.03500000000000003,200,193
N288_M144,binary_state,low_BER,25500,0.965,0.03500000000000003,200,193
N288_M144,binary_state,low_BER,25600,0.965,0.03500000000000003,200,193
N288_M144,binary_state,relaxed_basin,0,0.0,1.0,200,192
N288_M144,binary_state,relaxed_basin,100,0.0,1.0,200,192
N288_M144,binary_state,relaxed_basin,200,0.015,0.985,200,192
N288_M144,binary_state,relaxed_basin,300,0.07,0.9299999999999999,200,192
N288_M144,binary_state,relaxed_basin,400,0.165,0.835,200,192
N288_M144,binary_state,relaxed_basin,500,0.245,0.755,200,192
N288_M144,binary_state,relaxed_basin,600,0.32,0.6799999999999999,200,192
N288_M144,binary_state,relaxed_basin,700,0.365,0.635,200,192
N288_M144,binary_state,relaxed_basin,800,0.415,0.585,200,192
N288_M144,binary_state,relaxed_basin,900,0.46,0.54,200,192
N288_M144,binary_state,relaxed_basin,1000,0.52,0.48,200,192
N288_M144,binary_state,relaxed_basin,1100,0.555,0.44499999999999995,200,192
N288_M144,binary_state,relaxed_basin,1200,0.585,0.41500000000000004,200,192
N288_M144,binary_state,relaxed_basin,1300,0.59,0.41000000000000003,200,192
N288_M144,binary_state,relaxed_basin,1400,0.615,0.385,200,192
N288_M144,binary_state,relaxed_basin,1500,0.635,0.365,200,192
N288_M144,binary_state,relaxed_basin,1600,0.665,0.33499999999999996,200,192
N288_M144,binary_state,relaxed_basin,1700,0.7,0.30000000000000004,200,192
N288_M144,binary_state,relaxed_basin,1800,0.72,0.28,200,192
N288_M144,binary_state,relaxed_basin,1900,0.725,0.275,200,192
N288_M144,binary_state,relaxed_basin,2000,0.74,0.26,200,192
N288_M144,binary_state,relaxed_basin,2100,0.765,0.235,200,192
N288_M144,binary_state,relaxed_basin,2200,0.79,0.20999999999999996,200,192
N288_M144,binary_state,relaxed_basin,2300,0.805,0.19499999999999995,200,192
N288_M144,binary_state,relaxed_basin,2400,0.81,0.18999999999999995,200,192
N288_M144,binary_state,relaxed_basin,2500,0.815,0.18500000000000005,200,192
N288_M144,binary_state,relaxed_basin,2600,0.815,0.18500000000000005,200,192
N288_M144,binary_state,relaxed_basin,2700,0.82,0.18000000000000005,200,192
N288_M144,binary_state,relaxed_basin,2800,0.825,0.17500000000000004,200,192
N288_M144,binary_state,relaxed_basin,2900,0.835,0.16500000000000004,200,192
N288_M144,binary_state,relaxed_basin,3000,0.84,0.16000000000000003,200,192
N288_M144,binary_state,relaxed_basin,3100,0.85,0.15000000000000002,200,192
N288_M144,binary_state,relaxed_basin,3200,0.855,0.14500000000000002,200,192
N288_M144,binary_state,relaxed_basin,3300,0.855,0.14500000000000002,200,192
N288_M144,binary_state,relaxed_basin,3400,0.855,0.14500000000000002,200,192
N288_M144,binary_state,relaxed_basin,3500,0.86,0.14,200,192
N288_M144,binary_state,relaxed_basin,3600,0.86,0.14,200,192
N288_M144,binary_state,relaxed_basin,3700,0.86,0.14,200,192
N288_M144,binary_state,relaxed_basin,3800,0.86,0.14,200,192
N288_M144,binary_state,relaxed_basin,3900,0.87,0.13,200,192
N288_M144,binary_state,relaxed_basin,4000,0.87,0.13,200,192
N288_M144,binary_state,relaxed_basin,4100,0.87,0.13,200,192
N288_M144,binary_state,relaxed_basin,4200,0.87,0.13,200,192
N288_M144,binary_state,relaxed_basin,4300,0.87,0.13,200,192
N288_M144,binary_state,relaxed_basin,4400,0.875,0.125,200,192
N288_M144,binary_state,relaxed_basin,4500,0.875,0.125,200,192
N288_M144,binary_state,relaxed_basin,4600,0.875,0.125,200,192
N288_M144,binary_state,relaxed_basin,4700,0.88,0.12,200,192
N288_M144,binary_state,relaxed_basin,4800,0.88,0.12,200,192
N288_M144,binary_state,relaxed_basin,4900,0.885,0.11499999999999999,200,192
N288_M144,binary_state,relaxed_basin,5000,0.89,0.10999999999999999,200,192
N288_M144,binary_state,relaxed_basin,5100,0.89,0.10999999999999999,200,192
N288_M144,binary_state,relaxed_basin,5200,0.9,0.09999999999999998,200,192
N288_M144,binary_state,relaxed_basin,5300,0.9,0.09999999999999998,200,192
N288_M144,binary_state,relaxed_basin,5400,0.9,0.09999999999999998,200,192
N288_M144,binary_state,relaxed_basin,5500,0.9,0.09999999999999998,200,192
N288_M144,binary_state,relaxed_basin,5600,0.905,0.09499999999999997,200,192
N288_M144,binary_state,relaxed_basin,5700,0.905,0.09499999999999997,200,192
N288_M144,binary_state,relaxed_basin,5800,0.905,0.09499999999999997,200,192
N288_M144,binary_state,relaxed_basin,5900,0.905,0.09499999999999997,200,192
N288_M144,binary_state,relaxed_basin,6000,0.905,0.09499999999999997,200,192
N288_M144,binary_state,relaxed_basin,6100,0.905,0.09499999999999997,200,192
N288_M144,binary_state,relaxed_basin,6200,0.905,0.09499999999999997,200,192
N288_M144,binary_state,relaxed_basin,6300,0.905,0.09499999999999997,200,192
N288_M144,binary_state,relaxed_basin,6400,0.905,0.09499999999999997,200,192
N288_M144,binary_state,relaxed_basin,6500,0.905,0.09499999999999997,200,192
N288_M144,binary_state,relaxed_basin,6600,0.905,0.09499999999999997,200,192
N288_M144,binary_state,relaxed_basin,6700,0.905,0.09499999999999997,200,192
N288_M144,binary_state,relaxed_basin,6800,0.905,0.09499999999999997,200,192
N288_M144,binary_state,relaxed_basin,6900,0.91,0.08999999999999997,200,192
N288_M144,binary_state,relaxed_basin,7000,0.91,0.08999999999999997,200,192
N288_M144,binary_state,relaxed_basin,7100,0.91,0.08999999999999997,200,192
N288_M144,binary_state,relaxed_basin,7200,0.91,0.08999999999999997,200,192
N288_M144,binary_state,relaxed_basin,7300,0.91,0.08999999999999997,200,192
N288_M144,binary_state,relaxed_basin,7400,0.91,0.08999999999999997,200,192
N288_M144,binary_state,relaxed_basin,7500,0.91,0.08999999999999997,200,192
N288_M144,binary_state,relaxed_basin,7600,0.91,0.08999999999999997,200,192
N288_M144,binary_state,relaxed_basin,7700,0.91,0.08999999999999997,200,192
N288_M144,binary_state,relaxed_basin,7800,0.91,0.08999999999999997,200,192
N288_M144,binary_state,relaxed_basin,7900,0.91,0.08999999999999997,200,192
N288_M144,binary_state,relaxed_basin,8000,0.91,0.08999999999999997,200,192
N288_M144,binary_state,relaxed_basin,8100,0.91,0.08999999999999997,200,192
N288_M144,binary_state,relaxed_basin,8200,0.91,0.08999999999999997,200,192
N288_M144,binary_state,relaxed_basin,8300,0.91,0.08999999999999997,200,192
N288_M144,binary_state,relaxed_basin,8400,0.91,0.08999999999999997,200,192
N288_M144,binary_state,relaxed_basin,8500,0.91,0.08999999999999997,200,192
N288_M144,binary_state,relaxed_basin,8600,0.91,0.08999999999999997,200,192
N288_M144,binary_state,relaxed_basin,8700,0.91,0.08999999999999997,200,192
N288_M144,binary_state,relaxed_basin,8800,0.91,0.08999999999999997,200,192
N288_M144,binary_state,relaxed_basin,8900,0.91,0.08999999999999997,200,192
N288_M144,binary_state,relaxed_basin,9000,0.91,0.08999999999999997,200,192
N288_M144,binary_state,relaxed_basin,9100,0.91,0.08999999999999997,200,192
N288_M144,binary_state,relaxed_basin,9200,0.91,0.08999999999999997,200,192
N288_M144,binary_state,relaxed_basin,9300,0.91,0.08999999999999997,200,192
N288_M144,binary_state,relaxed_basin,9400,0.91,0.08999999999999997,200,192
N288_M144,binary_state,relaxed_basin,9500,0.91,0.08999999999999997,200,192
N288_M144,binary_state,relaxed_basin,9600,0.915,0.08499999999999996,200,192
N288_M144,binary_state,relaxed_basin,9700,0.915,0.08499999999999996,200,192
N288_M144,binary_state,relaxed_basin,9800,0.915,0.08499999999999996,200,192
N288_M144,binary_state,relaxed_basin,9900,0.915,0.08499999999999996,200,192
N288_M144,binary_state,relaxed_basin,10000,0.92,0.07999999999999996,200,192
N288_M144,binary_state,relaxed_basin,10100,0.92,0.07999999999999996,200,192
N288_M144,binary_state,relaxed_basin,10200,0.92,0.07999999999999996,200,192
N288_M144,binary_state,relaxed_basin,10300,0.92,0.07999999999999996,200,192
N288_M144,binary_state,relaxed_basin,10400,0.92,0.07999999999999996,200,192
N288_M144,binary_state,relaxed_basin,10500,0.92,0.07999999999999996,200,192
N288_M144,binary_state,relaxed_basin,10600,0.92,0.07999999999999996,200,192
N288_M144,binary_state,relaxed_basin,10700,0.92,0.07999999999999996,200,192
N288_M144,binary_state,relaxed_basin,10800,0.92,0.07999999999999996,200,192
N288_M144,binary_state,relaxed_basin,10900,0.92,0.07999999999999996,200,192
N288_M144,binary_state,relaxed_basin,11000,0.92,0.07999999999999996,200,192
N288_M144,binary_state,relaxed_basin,11100,0.92,0.07999999999999996,200,192
N288_M144,binary_state,relaxed_basin,11200,0.92,0.07999999999999996,200,192
N288_M144,binary_state,relaxed_basin,11300,0.92,0.07999999999999996,200,192
N288_M144,binary_state,relaxed_basin,11400,0.925,0.07499999999999996,200,192
N288_M144,binary_state,relaxed_basin,11500,0.93,0.06999999999999995,200,192
N288_M144,binary_state,relaxed_basin,11600,0.93,0.06999999999999995,200,192
N288_M144,binary_state,relaxed_basin,11700,0.93,0.06999999999999995,200,192
N288_M144,binary_state,relaxed_basin,11800,0.93,0.06999999999999995,200,192
N288_M144,binary_state,relaxed_basin,11900,0.93,0.06999999999999995,200,192
N288_M144,binary_state,relaxed_basin,12000,0.93,0.06999999999999995,200,192
N288_M144,binary_state,relaxed_basin,12100,0.93,0.06999999999999995,200,192
N288_M144,binary_state,relaxed_basin,12200,0.93,0.06999999999999995,200,192
N288_M144,binary_state,relaxed_basin,12300,0.93,0.06999999999999995,200,192
N288_M144,binary_state,relaxed_basin,12400,0.93,0.06999999999999995,200,192
N288_M144,binary_state,relaxed_basin,12500,0.93,0.06999999999999995,200,192
N288_M144,binary_state,relaxed_basin,12600,0.935,0.06499999999999995,200,192
N288_M144,binary_state,relaxed_basin,12700,0.935,0.06499999999999995,200,192
N288_M144,binary_state,relaxed_basin,12800,0.935,0.06499999999999995,200,192
N288_M144,binary_state,relaxed_basin,12900,0.935,0.06499999999999995,200,192
N288_M144,binary_state,relaxed_basin,13000,0.935,0.06499999999999995,200,192
N288_M144,binary_state,relaxed_basin,13100,0.935,0.06499999999999995,200,192
N288_M144,binary_state,relaxed_basin,13200,0.935,0.06499999999999995,200,192
N288_M144,binary_state,relaxed_basin,13300,0.935,0.06499999999999995,200,192
N288_M144,binary_state,relaxed_basin,13400,0.94,0.06000000000000005,200,192
N288_M144,binary_state,relaxed_basin,13500,0.94,0.06000000000000005,200,192
N288_M144,binary_state,relaxed_basin,13600,0.94,0.06000000000000005,200,192
N288_M144,binary_state,relaxed_basin,13700,0.94,0.06000000000000005,200,192
N288_M144,binary_state,relaxed_basin,13800,0.94,0.06000000000000005,200,192
N288_M144,binary_state,relaxed_basin,13900,0.945,0.05500000000000005,200,192
N288_M144,binary_state,relaxed_basin,14000,0.945,0.05500000000000005,200,192
N288_M144,binary_state,relaxed_basin,14100,0.945,0.05500000000000005,200,192
N288_M144,binary_state,relaxed_basin,14200,0.945,0.05500000000000005,200,192
N288_M144,binary_state,relaxed_basin,14300,0.945,0.05500000000000005,200,192
N288_M144,binary_state,relaxed_basin,14400,0.945,0.05500000000000005,200,192
N288_M144,binary_state,relaxed_basin,14500,0.945,0.05500000000000005,200,192
N288_M144,binary_state,relaxed_basin,14600,0.945,0.05500000000000005,200,192
N288_M144,binary_state,relaxed_basin,14700,0.945,0.05500000000000005,200,192
N288_M144,binary_state,relaxed_basin,14800,0.945,0.05500000000000005,200,192
N288_M144,binary_state,relaxed_basin,14900,0.945,0.05500000000000005,200,192
N288_M144,binary_state,relaxed_basin,15000,0.945,0.05500000000000005,200,192
N288_M144,binary_state,relaxed_basin,15100,0.945,0.05500000000000005,200,192
N288_M144,binary_state,relaxed_basin,15200,0.945,0.05500000000000005,200,192
N288_M144,binary_state,relaxed_basin,15300,0.945,0.05500000000000005,200,192
N288_M144,binary_state,relaxed_basin,15400,0.945,0.05500000000000005,200,192
N288_M144,binary_state,relaxed_basin,15500,0.945,0.05500000000000005,200,192
N288_M144,binary_state,relaxed_basin,15600,0.945,0.05500000000000005,200,192
N288_M144,binary_state,relaxed_basin,15700,0.945,0.05500000000000005,200,192
N288_M144,binary_state,relaxed_basin,15800,0.945,0.05500000000000005,200,192
N288_M144,binary_state,relaxed_basin,15900,0.945,0.05500000000000005,200,192
N288_M144,binary_state,relaxed_basin,16000,0.945,0.05500000000000005,200,192
N288_M144,binary_state,relaxed_basin,16100,0.945,0.05500000000000005,200,192
N288_M144,binary_state,relaxed_basin,16200,0.945,0.05500000000000005,200,192
N288_M144,binary_state,relaxed_basin,16300,0.95,0.050000000000000044,200,192
N288_M144,binary_state,relaxed_basin,16400,0.95,0.050000000000000044,200,192
N288_M144,binary_state,relaxed_basin,16500,0.955,0.04500000000000004,200,192
N288_M144,binary_state,relaxed_basin,16600,0.955,0.04500000000000004,200,192
N288_M144,binary_state,relaxed_basin,16700,0.955,0.04500000000000004,200,192
N288_M144,binary_state,relaxed_basin,16800,0.955,0.04500000000000004,200,192
N288_M144,binary_state,relaxed_basin,16900,0.955,0.04500000000000004,200,192
N288_M144,binary_state,relaxed_basin,17000,0.955,0.04500000000000004,200,192
N288_M144,binary_state,relaxed_basin,17100,0.955,0.04500000000000004,200,192
N288_M144,binary_state,relaxed_basin,17200,0.955,0.04500000000000004,200,192
N288_M144,binary_state,relaxed_basin,17300,0.955,0.04500000000000004,200,192
N288_M144,binary_state,relaxed_basin,17400,0.955,0.04500000000000004,200,192
N288_M144,binary_state,relaxed_basin,17500,0.955,0.04500000000000004,200,192
N288_M144,binary_state,relaxed_basin,17600,0.96,0.040000000000000036,200,192
N288_M144,binary_state,relaxed_basin,17700,0.96,0.040000000000000036,200,192
N288_M144,binary_state,relaxed_basin,17800,0.96,0.040000000000000036,200,192
N288_M144,binary_state,relaxed_basin,17900,0.96,0.040000000000000036,200,192
N288_M144,binary_state,relaxed_basin,18000,0.96,0.040000000000000036,200,192
N288_M144,binary_state,relaxed_basin,18100,0.96,0.040000000000000036,200,192
N288_M144,binary_state,relaxed_basin,18200,0.96,0.040000000000000036,200,192
N288_M144,binary_state,relaxed_basin,18300,0.96,0.040000000000000036,200,192
N288_M144,binary_state,relaxed_basin,18400,0.96,0.040000000000000036,200,192
N288_M144,binary_state,relaxed_basin,18500,0.96,0.040000000000000036,200,192
N288_M144,binary_state,relaxed_basin,18600,0.96,0.040000000000000036,200,192
N288_M144,binary_state,relaxed_basin,18700,0.96,0.040000000000000036,200,192
N288_M144,binary_state,relaxed_basin,18800,0.96,0.040000000000000036,200,192
N288_M144,binary_state,relaxed_basin,18900,0.96,0.040000000000000036,200,192
N288_M144,binary_state,relaxed_basin,19000,0.96,0.040000000000000036,200,192
N288_M144,binary_state,relaxed_basin,19100,0.96,0.040000000000000036,200,192
N288_M144,binary_state,relaxed_basin,19200,0.96,0.040000000000000036,200,192
N288_M144,binary_state,relaxed_basin,19300,0.96,0.040000000000000036,200,192
N288_M144,binary_state,relaxed_basin,19400,0.96,0.040000000000000036,200,192
N288_M144,binary_state,relaxed_basin,19500,0.96,0.040000000000000036,200,192
N288_M144,binary_state,relaxed_basin,19600,0.96,0.040000000000000036,200,192
N288_M144,binary_state,relaxed_basin,19700,0.96,0.040000000000000036,200,192
N288_M144,binary_state,relaxed_basin,19800,0.96,0.040000000000000036,200,192
N288_M144,binary_state,relaxed_basin,19900,0.96,0.040000000000000036,200,192
N288_M144,binary_state,relaxed_basin,20000,0.96,0.040000000000000036,200,192
N288_M144,binary_state,relaxed_basin,20100,0.96,0.040000000000000036,200,192
N288_M144,binary_state,relaxed_basin,20200,0.96,0.040000000000000036,200,192
N288_M144,binary_state,relaxed_basin,20300,0.96,0.040000000000000036,200,192
N288_M144,binary_state,relaxed_basin,20400,0.96,0.040000000000000036,200,192
N288_M144,binary_state,relaxed_basin,20500,0.96,0.040000000000000036,200,192
N288_M144,binary_state,relaxed_basin,20600,0.96,0.040000000000000036,200,192
N288_M144,binary_state,relaxed_basin,20700,0.96,0.040000000000000036,200,192
N288_M144,binary_state,relaxed_basin,20800,0.96,0.040000000000000036,200,192
N288_M144,binary_state,relaxed_basin,20900,0.96,0.040000000000000036,200,192
N288_M144,binary_state,relaxed_basin,21000,0.96,0.040000000000000036,200,192
N288_M144,binary_state,relaxed_basin,21100,0.96,0.040000000000000036,200,192
N288_M144,binary_state,relaxed_basin,21200,0.96,0.040000000000000036,200,192
N288_M144,binary_state,relaxed_basin,21300,0.96,0.040000000000000036,200,192
N288_M144,binary_state,relaxed_basin,21400,0.96,0.040000000000000036,200,192
N288_M144,binary_state,relaxed_basin,21500,0.96,0.040000000000000036,200,192
N288_M144,binary_state,relaxed_basin,21600,0.96,0.040000000000000036,200,192
N288_M144,binary_state,relaxed_basin,21700,0.96,0.040000000000000036,200,192
N288_M144,binary_state,relaxed_basin,21800,0.96,0.040000000000000036,200,192
N288_M144,binary_state,relaxed_basin,21900,0.96,0.040000000000000036,200,192
N288_M144,binary_state,relaxed_basin,22000,0.96,0.040000000000000036,200,192
N288_M144,binary_state,relaxed_basin,22100,0.96,0.040000000000000036,200,192
N288_M144,binary_state,relaxed_basin,22200,0.96,0.040000000000000036,200,192
N288_M144,binary_state,relaxed_basin,22300,0.96,0.040000000000000036,200,192
N288_M144,binary_state,relaxed_basin,22400,0.96,0.040000000000000036,200,192
N288_M144,binary_state,relaxed_basin,22500,0.96,0.040000000000000036,200,192
N288_M144,binary_state,relaxed_basin,22600,0.96,0.040000000000000036,200,192
N288_M144,binary_state,relaxed_basin,22700,0.96,0.040000000000000036,200,192
N288_M144,binary_state,relaxed_basin,22800,0.96,0.040000000000000036,200,192
N288_M144,binary_state,relaxed_basin,22900,0.96,0.040000000000000036,200,192
N288_M144,binary_state,relaxed_basin,23000,0.96,0.040000000000000036,200,192
N288_M144,binary_state,relaxed_basin,23100,0.96,0.040000000000000036,200,192
N288_M144,binary_state,relaxed_basin,23200,0.96,0.040000000000000036,200,192
N288_M144,binary_state,relaxed_basin,23300,0.96,0.040000000000000036,200,192
N288_M144,binary_state,relaxed_basin,23400,0.96,0.040000000000000036,200,192
N288_M144,binary_state,relaxed_basin,23500,0.96,0.040000000000000036,200,192
N288_M144,binary_state,relaxed_basin,23600,0.96,0.040000000000000036,200,192
N288_M144,binary_state,relaxed_basin,23700,0.96,0.040000000000000036,200,192
N288_M144,binary_state,relaxed_basin,23800,0.96,0.040000000000000036,200,192
N288_M144,binary_state,relaxed_basin,23900,0.96,0.040000000000000036,200,192
N288_M144,binary_state,relaxed_basin,24000,0.96,0.040000000000000036,200,192
N288_M144,binary_state,relaxed_basin,24100,0.96,0.040000000000000036,200,192
N288_M144,binary_state,relaxed_basin,24200,0.96,0.040000000000000036,200,192
N288_M144,binary_state,relaxed_basin,24300,0.96,0.040000000000000036,200,192
N288_M144,binary_state,relaxed_basin,24400,0.96,0.040000000000000036,200,192
N288_M144,binary_state,relaxed_basin,24500,0.96,0.040000000000000036,200,192
N288_M144,binary_state,relaxed_basin,24600,0.96,0.040000000000000036,200,192
N288_M144,binary_state,relaxed_basin,24700,0.96,0.040000000000000036,200,192
N288_M144,binary_state,relaxed_basin,24800,0.96,0.040000000000000036,200,192
N288_M144,binary_state,relaxed_basin,24900,0.96,0.040000000000000036,200,192
N288_M144,binary_state,relaxed_basin,25000,0.96,0.040000000000000036,200,192
N288_M144,binary_state,relaxed_basin,25100,0.96,0.040000000000000036,200,192
N288_M144,binary_state,relaxed_basin,25200,0.96,0.040000000000000036,200,192
N288_M144,binary_state,relaxed_basin,25300,0.96,0.040000000000000036,200,192
N288_M144,binary_state,relaxed_basin,25400,0.96,0.040000000000000036,200,192
N288_M144,binary_state,relaxed_basin,25500,0.96,0.040000000000000036,200,192
N288_M144,binary_state,relaxed_basin,25600,0.96,0.040000000000000036,200,192
N288_M144,binary_state,wrong_valid,0,0.0,1.0,200,0
N288_M144,binary_state,wrong_valid,100,0.0,1.0,200,0
N288_M144,binary_state,wrong_valid,200,0.0,1.0,200,0
N288_M144,binary_state,wrong_valid,300,0.0,1.0,200,0
N288_M144,binary_state,wrong_valid,400,0.0,1.0,200,0
N288_M144,binary_state,wrong_valid,500,0.0,1.0,200,0
N288_M144,binary_state,wrong_valid,600,0.0,1.0,200,0
N288_M144,binary_state,wrong_valid,700,0.0,1.0,200,0
N288_M144,binary_state,wrong_valid,800,0.0,1.0,200,0
N288_M144,binary_state,wrong_valid,900,0.0,1.0,200,0
N288_M144,binary_state,wrong_valid,1000,0.0,1.0,200,0
N288_M144,binary_state,wrong_valid,1100,0.0,1.0,200,0
N288_M144,binary_state,wrong_valid,1200,0.0,1.0,200,0
N288_M144,binary_state,wrong_valid,1300,0.0,1.0,200,0
N288_M144,binary_state,wrong_valid,1400,0.0,1.0,200,0
N288_M144,binary_state,wrong_valid,1500,0.0,1.0,200,0
N288_M144,binary_state,wrong_valid,1600,0.0,1.0,200,0
N288_M144,binary_state,wrong_valid,1700,0.0,1.0,200,0
N288_M144,binary_state,wrong_valid,1800,0.0,1.0,200,0
N288_M144,binary_state,wrong_valid,1900,0.0,1.0,200,0
N288_M144,binary_state,wrong_valid,2000,0.0,1.0,200,0
N288_M144,binary_state,wrong_valid,2100,0.0,1.0,200,0
N288_M144,binary_state,wrong_valid,2200,0.0,1.0,200,0
N288_M144,binary_state,wrong_valid,2300,0.0,1.0,200,0
N288_M144,binary_state,wrong_valid,2400,0.0,1.0,200,0
N288_M144,binary_state,wrong_valid,2500,0.0,1.0,200,0
N288_M144,binary_state,wrong_valid,2600,0.0,1.0,200,0
N288_M144,binary_state,wrong_valid,2700,0.0,1.0,200,0
N288_M144,binary_state,wrong_valid,2800,0.0,1.0,200,0
N288_M144,binary_state,wrong_valid,2900,0.0,1.0,200,0
N288_M144,binary_state,wrong_valid,3000,0.0,1.0,200,0
N288_M144,binary_state,wrong_valid,3100,0.0,1.0,200,0
N288_M144,binary_state,wrong_valid,3200,0.0,1.0,200,0
N288_M144,binary_state,wrong_valid,3300,0.0,1.0,200,0
N288_M144,binary_state,wrong_valid,3400,0.0,1.0,200,0
N288_M144,binary_state,wrong_valid,3500,0.0,1.0,200,0
N288_M144,binary_state,wrong_valid,3600,0.0,1.0,200,0
N288_M144,binary_state,wrong_valid,3700,0.0,1.0,200,0
N288_M144,binary_state,wrong_valid,3800,0.0,1.0,200,0
N288_M144,binary_state,wrong_valid,3900,0.0,1.0,200,0
N288_M144,binary_state,wrong_valid,4000,0.0,1.0,200,0
N288_M144,binary_state,wrong_valid,4100,0.0,1.0,200,0
N288_M144,binary_state,wrong_valid,4200,0.0,1.0,200,0
N288_M144,binary_state,wrong_valid,4300,0.0,1.0,200,0
N288_M144,binary_state,wrong_valid,4400,0.0,1.0,200,0
N288_M144,binary_state,wrong_valid,4500,0.0,1.0,200,0
N288_M144,binary_state,wrong_valid,4600,0.0,1.0,200,0
N288_M144,binary_state,wrong_valid,4700,0.0,1.0,200,0
N288_M144,binary_state,wrong_valid,4800,0.0,1.0,200,0
N288_M144,binary_state,wrong_valid,4900,0.0,1.0,200,0
N288_M144,binary_state,wrong_valid,5000,0.0,1.0,200,0
N288_M144,binary_state,wrong_valid,5100,0.0,1.0,200,0
N288_M144,binary_state,wrong_valid,5200,0.0,1.0,200,0
N288_M144,binary_state,wrong_valid,5300,0.0,1.0,200,0
N288_M144,binary_state,wrong_valid,5400,0.0,1.0,200,0
N288_M144,binary_state,wrong_valid,5500,0.0,1.0,200,0
N288_M144,binary_state,wrong_valid,5600,0.0,1.0,200,0
N288_M144,binary_state,wrong_valid,5700,0.0,1.0,200,0
N288_M144,binary_state,wrong_valid,5800,0.0,1.0,200,0
N288_M144,binary_state,wrong_valid,5900,0.0,1.0,200,0
N288_M144,binary_state,wrong_valid,6000,0.0,1.0,200,0
N288_M144,binary_state,wrong_valid,6100,0.0,1.0,200,0
N288_M144,binary_state,wrong_valid,6200,0.0,1.0,200,0
N288_M144,binary_state,wrong_valid,6300,0.0,1.0,200,0
N288_M144,binary_state,wrong_valid,6400,0.0,1.0,200,0
N288_M144,binary_state,wrong_valid,6500,0.0,1.0,200,0
N288_M144,binary_state,wrong_valid,6600,0.0,1.0,200,0
N288_M144,binary_state,wrong_valid,6700,0.0,1.0,200,0
N288_M144,binary_state,wrong_valid,6800,0.0,1.0,200,0
N288_M144,binary_state,wrong_valid,6900,0.0,1.0,200,0
N288_M144,binary_state,wrong_valid,7000,0.0,1.0,200,0
N288_M144,binary_state,wrong_valid,7100,0.0,1.0,200,0
N288_M144,binary_state,wrong_valid,7200,0.0,1.0,200,0
N288_M144,binary_state,wrong_valid,7300,0.0,1.0,200,0
N288_M144,binary_state,wrong_valid,7400,0.0,1.0,200,0
N288_M144,binary_state,wrong_valid,7500,0.0,1.0,200,0
N288_M144,binary_state,wrong_valid,7600,0.0,1.0,200,0
N288_M144,binary_state,wrong_valid,7700,0.0,1.0,200,0
N288_M144,binary_state,wrong_valid,7800,0.0,1.0,200,0
N288_M144,binary_state,wrong_valid,7900,0.0,1.0,200,0
N288_M144,binary_state,wrong_valid,8000,0.0,1.0,200,0
N288_M144,binary_state,wrong_valid,8100,0.0,1.0,200,0
N288_M144,binary_state,wrong_valid,8200,0.0,1.0,200,0
N288_M144,binary_state,wrong_valid,8300,0.0,1.0,200,0
N288_M144,binary_state,wrong_valid,8400,0.0,1.0,200,0
N288_M144,binary_state,wrong_valid,8500,0.0,1.0,200,0
N288_M144,binary_state,wrong_valid,8600,0.0,1.0,200,0
N288_M144,binary_state,wrong_valid,8700,0.0,1.0,200,0
N288_M144,binary_state,wrong_valid,8800,0.0,1.0,200,0
N288_M144,binary_state,wrong_valid,8900,0.0,1.0,200,0
N288_M144,binary_state,wrong_valid,9000,0.0,1.0,200,0
N288_M144,binary_state,wrong_valid,9100,0.0,1.0,200,0
N288_M144,binary_state,wrong_valid,9200,0.0,1.0,200,0
N288_M144,binary_state,wrong_valid,9300,0.0,1.0,200,0
N288_M144,binary_state,wrong_valid,9400,0.0,1.0,200,0
N288_M144,binary_state,wrong_valid,9500,0.0,1.0,200,0
N288_M144,binary_state,wrong_valid,9600,0.0,1.0,200,0
N288_M144,binary_state,wrong_valid,9700,0.0,1.0,200,0
N288_M144,binary_state,wrong_valid,9800,0.0,1.0,200,0
N288_M144,binary_state,wrong_valid,9900,0.0,1.0,200,0
N288_M144,binary_state,wrong_valid,10000,0.0,1.0,200,0
N288_M144,binary_state,wrong_valid,10100,0.0,1.0,200,0
N288_M144,binary_state,wrong_valid,10200,0.0,1.0,200,0
N288_M144,binary_state,wrong_valid,10300,0.0,1.0,200,0
N288_M144,binary_state,wrong_valid,10400,0.0,1.0,200,0
N288_M144,binary_state,wrong_valid,10500,0.0,1.0,200,0
N288_M144,binary_state,wrong_valid,10600,0.0,1.0,200,0
N288_M144,binary_state,wrong_valid,10700,0.0,1.0,200,0
N288_M144,binary_state,wrong_valid,10800,0.0,1.0,200,0
N288_M144,binary_state,wrong_valid,10900,0.0,1.0,200,0
N288_M144,binary_state,wrong_valid,11000,0.0,1.0,200,0
N288_M144,binary_state,wrong_valid,11100,0.0,1.0,200,0
N288_M144,binary_state,wrong_valid,11200,0.0,1.0,200,0
N288_M144,binary_state,wrong_valid,11300,0.0,1.0,200,0
N288_M144,binary_state,wrong_valid,11400,0.0,1.0,200,0
N288_M144,binary_state,wrong_valid,11500,0.0,1.0,200,0
N288_M144,binary_state,wrong_valid,11600,0.0,1.0,200,0
N288_M144,binary_state,wrong_valid,11700,0.0,1.0,200,0
N288_M144,binary_state,wrong_valid,11800,0.0,1.0,200,0
N288_M144,binary_state,wrong_valid,11900,0.0,1.0,200,0
N288_M144,binary_state,wrong_valid,12000,0.0,1.0,200,0
N288_M144,binary_state,wrong_valid,12100,0.0,1.0,200,0
N288_M144,binary_state,wrong_valid,12200,0.0,1.0,200,0
N288_M144,binary_state,wrong_valid,12300,0.0,1.0,200,0
N288_M144,binary_state,wrong_valid,12400,0.0,1.0,200,0
N288_M144,binary_state,wrong_valid,12500,0.0,1.0,200,0
N288_M144,binary_state,wrong_valid,12600,0.0,1.0,200,0
N288_M144,binary_state,wrong_valid,12700,0.0,1.0,200,0
N288_M144,binary_state,wrong_valid,12800,0.0,1.0,200,0
N288_M144,binary_state,wrong_valid,12900,0.0,1.0,200,0
N288_M144,binary_state,wrong_valid,13000,0.0,1.0,200,0
N288_M144,binary_state,wrong_valid,13100,0.0,1.0,200,0
N288_M144,binary_state,wrong_valid,13200,0.0,1.0,200,0
N288_M144,binary_state,wrong_valid,13300,0.0,1.0,200,0
N288_M144,binary_state,wrong_valid,13400,0.0,1.0,200,0
N288_M144,binary_state,wrong_valid,13500,0.0,1.0,200,0
N288_M144,binary_state,wrong_valid,13600,0.0,1.0,200,0
N288_M144,binary_state,wrong_valid,13700,0.0,1.0,200,0
N288_M144,binary_state,wrong_valid,13800,0.0,1.0,200,0
N288_M144,binary_state,wrong_valid,13900,0.0,1.0,200,0
N288_M144,binary_state,wrong_valid,14000,0.0,1.0,200,0
N288_M144,binary_state,wrong_valid,14100,0.0,1.0,200,0
N288_M144,binary_state,wrong_valid,14200,0.0,1.0,200,0
N288_M144,binary_state,wrong_valid,14300,0.0,1.0,200,0
N288_M144,binary_state,wrong_valid,14400,0.0,1.0,200,0
N288_M144,binary_state,wrong_valid,14500,0.0,1.0,200,0
N288_M144,binary_state,wrong_valid,14600,0.0,1.0,200,0
N288_M144,binary_state,wrong_valid,14700,0.0,1.0,200,0
N288_M144,binary_state,wrong_valid,14800,0.0,1.0,200,0
N288_M144,binary_state,wrong_valid,14900,0.0,1.0,200,0
N288_M144,binary_state,wrong_valid,15000,0.0,1.0,200,0
N288_M144,binary_state,wrong_valid,15100,0.0,1.0,200,0
N288_M144,binary_state,wrong_valid,15200,0.0,1.0,200,0
N288_M144,binary_state,wrong_valid,15300,0.0,1.0,200,0
N288_M144,binary_state,wrong_valid,15400,0.0,1.0,200,0
N288_M144,binary_state,wrong_valid,15500,0.0,1.0,200,0
N288_M144,binary_state,wrong_valid,15600,0.0,1.0,200,0
N288_M144,binary_state,wrong_valid,15700,0.0,1.0,200,0
N288_M144,binary_state,wrong_valid,15800,0.0,1.0,200,0
N288_M144,binary_state,wrong_valid,15900,0.0,1.0,200,0
N288_M144,binary_state,wrong_valid,16000,0.0,1.0,200,0
N288_M144,binary_state,wrong_valid,16100,0.0,1.0,200,0
N288_M144,binary_state,wrong_valid,16200,0.0,1.0,200,0
N288_M144,binary_state,wrong_valid,16300,0.0,1.0,200,0
N288_M144,binary_state,wrong_valid,16400,0.0,1.0,200,0
N288_M144,binary_state,wrong_valid,16500,0.0,1.0,200,0
N288_M144,binary_state,wrong_valid,16600,0.0,1.0,200,0
N288_M144,binary_state,wrong_valid,16700,0.0,1.0,200,0
N288_M144,binary_state,wrong_valid,16800,0.0,1.0,200,0
N288_M144,binary_state,wrong_valid,16900,0.0,1.0,200,0
N288_M144,binary_state,wrong_valid,17000,0.0,1.0,200,0
N288_M144,binary_state,wrong_valid,17100,0.0,1.0,200,0
N288_M144,binary_state,wrong_valid,17200,0.0,1.0,200,0
N288_M144,binary_state,wrong_valid,17300,0.0,1.0,200,0
N288_M144,binary_state,wrong_valid,17400,0.0,1.0,200,0
N288_M144,binary_state,wrong_valid,17500,0.0,1.0,200,0
N288_M144,binary_state,wrong_valid,17600,0.0,1.0,200,0
N288_M144,binary_state,wrong_valid,17700,0.0,1.0,200,0
N288_M144,binary_state,wrong_valid,17800,0.0,1.0,200,0
N288_M144,binary_state,wrong_valid,17900,0.0,1.0,200,0
N288_M144,binary_state,wrong_valid,18000,0.0,1.0,200,0
N288_M144,binary_state,wrong_valid,18100,0.0,1.0,200,0
N288_M144,binary_state,wrong_valid,18200,0.0,1.0,200,0
N288_M144,binary_state,wrong_valid,18300,0.0,1.0,200,0
N288_M144,binary_state,wrong_valid,18400,0.0,1.0,200,0
N288_M144,binary_state,wrong_valid,18500,0.0,1.0,200,0
N288_M144,binary_state,wrong_valid,18600,0.0,1.0,200,0
N288_M144,binary_state,wrong_valid,18700,0.0,1.0,200,0
N288_M144,binary_state,wrong_valid,18800,0.0,1.0,200,0
N288_M144,binary_state,wrong_valid,18900,0.0,1.0,200,0
N288_M144,binary_state,wrong_valid,19000,0.0,1.0,200,0
N288_M144,binary_state,wrong_valid,19100,0.0,1.0,200,0
N288_M144,binary_state,wrong_valid,19200,0.0,1.0,200,0
N288_M144,binary_state,wrong_valid,19300,0.0,1.0,200,0
N288_M144,binary_state,wrong_valid,19400,0.0,1.0,200,0
N288_M144,binary_state,wrong_valid,19500,0.0,1.0,200,0
N288_M144,binary_state,wrong_valid,19600,0.0,1.0,200,0
N288_M144,binary_state,wrong_valid,19700,0.0,1.0,200,0
N288_M144,binary_state,wrong_valid,19800,0.0,1.0,200,0
N288_M144,binary_state,wrong_valid,19900,0.0,1.0,200,0
N288_M144,binary_state,wrong_valid,20000,0.0,1.0,200,0
N288_M144,binary_state,wrong_valid,20100,0.0,1.0,200,0
N288_M144,binary_state,wrong_valid,20200,0.0,1.0,200,0
N288_M144,binary_state,wrong_valid,20300,0.0,1.0,200,0
N288_M144,binary_state,wrong_valid,20400,0.0,1.0,200,0
N288_M144,binary_state,wrong_valid,20500,0.0,1.0,200,0
N288_M144,binary_state,wrong_valid,20600,0.0,1.0,200,0
N288_M144,binary_state,wrong_valid,20700,0.0,1.0,200,0
N288_M144,binary_state,wrong_valid,20800,0.0,1.0,200,0
N288_M144,binary_state,wrong_valid,20900,0.0,1.0,200,0
N288_M144,binary_state,wrong_valid,21000,0.0,1.0,200,0
N288_M144,binary_state,wrong_valid,21100,0.0,1.0,200,0
N288_M144,binary_state,wrong_valid,21200,0.0,1.0,200,0
N288_M144,binary_state,wrong_valid,21300,0.0,1.0,200,0
N288_M144,binary_state,wrong_valid,21400,0.0,1.0,200,0
N288_M144,binary_state,wrong_valid,21500,0.0,1.0,200,0
N288_M144,binary_state,wrong_valid,21600,0.0,1.0,200,0
N288_M144,binary_state,wrong_valid,21700,0.0,1.0,200,0
N288_M144,binary_state,wrong_valid,21800,0.0,1.0,200,0
N288_M144,binary_state,wrong_valid,21900,0.0,1.0,200,0
N288_M144,binary_state,wrong_valid,22000,0.0,1.0,200,0
N288_M144,binary_state,wrong_valid,22100,0.0,1.0,200,0
N288_M144,binary_state,wrong_valid,22200,0.0,1.0,200,0
N288_M144,binary_state,wrong_valid,22300,0.0,1.0,200,0
N288_M144,binary_state,wrong_valid,22400,0.0,1.0,200,0
N288_M144,binary_state,wrong_valid,22500,0.0,1.0,200,0
N288_M144,binary_state,wrong_valid,22600,0.0,1.0,200,0
N288_M144,binary_state,wrong_valid,22700,0.0,1.0,200,0
N288_M144,binary_state,wrong_valid,22800,0.0,1.0,200,0
N288_M144,binary_state,wrong_valid,22900,0.0,1.0,200,0
N288_M144,binary_state,wrong_valid,23000,0.0,1.0,200,0
N288_M144,binary_state,wrong_valid,23100,0.0,1.0,200,0
N288_M144,binary_state,wrong_valid,23200,0.0,1.0,200,0
N288_M144,binary_state,wrong_valid,23300,0.0,1.0,200,0
N288_M144,binary_state,wrong_valid,23400,0.0,1.0,200,0
N288_M144,binary_state,wrong_valid,23500,0.0,1.0,200,0
N288_M144,binary_state,wrong_valid,23600,0.0,1.0,200,0
N288_M144,binary_state,wrong_valid,23700,0.0,1.0,200,0
N288_M144,binary_state,wrong_valid,23800,0.0,1.0,200,0
N288_M144,binary_state,wrong_valid,23900,0.0,1.0,200,0
N288_M144,binary_state,wrong_valid,24000,0.0,1.0,200,0
N288_M144,binary_state,wrong_valid,24100,0.0,1.0,200,0
N288_M144,binary_state,wrong_valid,24200,0.0,1.0,200,0
N288_M144,binary_state,wrong_valid,24300,0.0,1.0,200,0
N288_M144,binary_state,wrong_valid,24400,0.0,1.0,200,0
N288_M144,binary_state,wrong_valid,24500,0.0,1.0,200,0
N288_M144,binary_state,wrong_valid,24600,0.0,1.0,200,0
N288_M144,binary_state,wrong_valid,24700,0.0,1.0,200,0
N288_M144,binary_state,wrong_valid,24800,0.0,1.0,200,0
N288_M144,binary_state,wrong_valid,24900,0.0,1.0,200,0
N288_M144,binary_state,wrong_valid,25000,0.0,1.0,200,0
N288_M144,binary_state,wrong_valid,25100,0.0,1.0,200,0
N288_M144,binary_state,wrong_valid,25200,0.0,1.0,200,0
N288_M144,binary_state,wrong_valid,25300,0.0,1.0,200,0
N288_M144,binary_state,wrong_valid,25400,0.0,1.0,200,0
N288_M144,binary_state,wrong_valid,25500,0.0,1.0,200,0
N288_M144,binary_state,wrong_valid,25600,0.0,1.0,200,0
N288_M144,pSA,valid,0,0.0,1.0,200,0
N288_M144,pSA,valid,100,0.0,1.0,200,0
N288_M144,pSA,valid,200,0.0,1.0,200,0
N288_M144,pSA,valid,300,0.0,1.0,200,0
N288_M144,pSA,valid,400,0.0,1.0,200,0
N288_M144,pSA,valid,500,0.0,1.0,200,0
N288_M144,pSA,valid,600,0.0,1.0,200,0
N288_M144,pSA,valid,700,0.0,1.0,200,0
N288_M144,pSA,valid,800,0.0,1.0,200,0
N288_M144,pSA,valid,900,0.0,1.0,200,0
N288_M144,pSA,valid,1000,0.0,1.0,200,0
N288_M144,pSA,valid,1100,0.0,1.0,200,0
N288_M144,pSA,valid,1200,0.0,1.0,200,0
N288_M144,pSA,valid,1300,0.0,1.0,200,0
N288_M144,pSA,valid,1400,0.0,1.0,200,0
N288_M144,pSA,valid,1500,0.0,1.0,200,0
N288_M144,pSA,valid,1600,0.0,1.0,200,0
N288_M144,pSA,valid,1700,0.0,1.0,200,0
N288_M144,pSA,valid,1800,0.0,1.0,200,0
N288_M144,pSA,valid,1900,0.0,1.0,200,0
N288_M144,pSA,valid,2000,0.0,1.0,200,0
N288_M144,pSA,valid,2100,0.0,1.0,200,0
N288_M144,pSA,valid,2200,0.0,1.0,200,0
N288_M144,pSA,valid,2300,0.0,1.0,200,0
N288_M144,pSA,valid,2400,0.0,1.0,200,0
N288_M144,pSA,valid,2500,0.0,1.0,200,0
N288_M144,pSA,valid,2600,0.0,1.0,200,0
N288_M144,pSA,valid,2700,0.0,1.0,200,0
N288_M144,pSA,valid,2800,0.0,1.0,200,0
N288_M144,pSA,valid,2900,0.0,1.0,200,0
N288_M144,pSA,valid,3000,0.0,1.0,200,0
N288_M144,pSA,valid,3100,0.0,1.0,200,0
N288_M144,pSA,valid,3200,0.0,1.0,200,0
N288_M144,pSA,valid,3300,0.0,1.0,200,0
N288_M144,pSA,valid,3400,0.0,1.0,200,0
N288_M144,pSA,valid,3500,0.0,1.0,200,0
N288_M144,pSA,valid,3600,0.0,1.0,200,0
N288_M144,pSA,valid,3700,0.0,1.0,200,0
N288_M144,pSA,valid,3800,0.0,1.0,200,0
N288_M144,pSA,valid,3900,0.0,1.0,200,0
N288_M144,pSA,valid,4000,0.0,1.0,200,0
N288_M144,pSA,valid,4100,0.0,1.0,200,0
N288_M144,pSA,valid,4200,0.0,1.0,200,0
N288_M144,pSA,valid,4300,0.0,1.0,200,0
N288_M144,pSA,valid,4400,0.0,1.0,200,0
N288_M144,pSA,valid,4500,0.0,1.0,200,0
N288_M144,pSA,valid,4600,0.0,1.0,200,0
N288_M144,pSA,valid,4700,0.0,1.0,200,0
N288_M144,pSA,valid,4800,0.0,1.0,200,0
N288_M144,pSA,valid,4900,0.0,1.0,200,0
N288_M144,pSA,valid,5000,0.0,1.0,200,0
N288_M144,pSA,valid,5100,0.0,1.0,200,0
N288_M144,pSA,valid,5200,0.0,1.0,200,0
N288_M144,pSA,valid,5300,0.0,1.0,200,0
N288_M144,pSA,valid,5400,0.0,1.0,200,0
N288_M144,pSA,valid,5500,0.0,1.0,200,0
N288_M144,pSA,valid,5600,0.0,1.0,200,0
N288_M144,pSA,valid,5700,0.0,1.0,200,0
N288_M144,pSA,valid,5800,0.0,1.0,200,0
N288_M144,pSA,valid,5900,0.0,1.0,200,0
N288_M144,pSA,valid,6000,0.0,1.0,200,0
N288_M144,pSA,valid,6100,0.0,1.0,200,0
N288_M144,pSA,valid,6200,0.0,1.0,200,0
N288_M144,pSA,valid,6300,0.0,1.0,200,0
N288_M144,pSA,valid,6400,0.0,1.0,200,0
N288_M144,pSA,valid,6500,0.0,1.0,200,0
N288_M144,pSA,valid,6600,0.0,1.0,200,0
N288_M144,pSA,valid,6700,0.0,1.0,200,0
N288_M144,pSA,valid,6800,0.0,1.0,200,0
N288_M144,pSA,valid,6900,0.0,1.0,200,0
N288_M144,pSA,valid,7000,0.0,1.0,200,0
N288_M144,pSA,valid,7100,0.0,1.0,200,0
N288_M144,pSA,valid,7200,0.0,1.0,200,0
N288_M144,pSA,valid,7300,0.0,1.0,200,0
N288_M144,pSA,valid,7400,0.0,1.0,200,0
N288_M144,pSA,valid,7500,0.0,1.0,200,0
N288_M144,pSA,valid,7600,0.0,1.0,200,0
N288_M144,pSA,valid,7700,0.0,1.0,200,0
N288_M144,pSA,valid,7800,0.0,1.0,200,0
N288_M144,pSA,valid,7900,0.0,1.0,200,0
N288_M144,pSA,valid,8000,0.0,1.0,200,0
N288_M144,pSA,valid,8100,0.0,1.0,200,0
N288_M144,pSA,valid,8200,0.0,1.0,200,0
N288_M144,pSA,valid,8300,0.0,1.0,200,0
N288_M144,pSA,valid,8400,0.0,1.0,200,0
N288_M144,pSA,valid,8500,0.0,1.0,200,0
N288_M144,pSA,valid,8600,0.0,1.0,200,0
N288_M144,pSA,valid,8700,0.0,1.0,200,0
N288_M144,pSA,valid,8800,0.0,1.0,200,0
N288_M144,pSA,valid,8900,0.0,1.0,200,0
N288_M144,pSA,valid,9000,0.0,1.0,200,0
N288_M144,pSA,valid,9100,0.0,1.0,200,0
N288_M144,pSA,valid,9200,0.0,1.0,200,0
N288_M144,pSA,valid,9300,0.0,1.0,200,0
N288_M144,pSA,valid,9400,0.0,1.0,200,0
N288_M144,pSA,valid,9500,0.0,1.0,200,0
N288_M144,pSA,valid,9600,0.0,1.0,200,0
N288_M144,pSA,valid,9700,0.0,1.0,200,0
N288_M144,pSA,valid,9800,0.0,1.0,200,0
N288_M144,pSA,valid,9900,0.0,1.0,200,0
N288_M144,pSA,valid,10000,0.0,1.0,200,0
N288_M144,pSA,valid,10100,0.0,1.0,200,0
N288_M144,pSA,valid,10200,0.0,1.0,200,0
N288_M144,pSA,valid,10300,0.0,1.0,200,0
N288_M144,pSA,valid,10400,0.0,1.0,200,0
N288_M144,pSA,valid,10500,0.0,1.0,200,0
N288_M144,pSA,valid,10600,0.0,1.0,200,0
N288_M144,pSA,valid,10700,0.0,1.0,200,0
N288_M144,pSA,valid,10800,0.0,1.0,200,0
N288_M144,pSA,valid,10900,0.0,1.0,200,0
N288_M144,pSA,valid,11000,0.0,1.0,200,0
N288_M144,pSA,valid,11100,0.0,1.0,200,0
N288_M144,pSA,valid,11200,0.0,1.0,200,0
N288_M144,pSA,valid,11300,0.0,1.0,200,0
N288_M144,pSA,valid,11400,0.0,1.0,200,0
N288_M144,pSA,valid,11500,0.0,1.0,200,0
N288_M144,pSA,valid,11600,0.0,1.0,200,0
N288_M144,pSA,valid,11700,0.0,1.0,200,0
N288_M144,pSA,valid,11800,0.0,1.0,200,0
N288_M144,pSA,valid,11900,0.0,1.0,200,0
N288_M144,pSA,valid,12000,0.0,1.0,200,0
N288_M144,pSA,valid,12100,0.0,1.0,200,0
N288_M144,pSA,valid,12200,0.0,1.0,200,0
N288_M144,pSA,valid,12300,0.0,1.0,200,0
N288_M144,pSA,valid,12400,0.0,1.0,200,0
N288_M144,pSA,valid,12500,0.0,1.0,200,0
N288_M144,pSA,valid,12600,0.0,1.0,200,0
N288_M144,pSA,valid,12700,0.0,1.0,200,0
N288_M144,pSA,valid,12800,0.0,1.0,200,0
N288_M144,pSA,valid,12900,0.0,1.0,200,0
N288_M144,pSA,valid,13000,0.0,1.0,200,0
N288_M144,pSA,valid,13100,0.0,1.0,200,0
N288_M144,pSA,valid,13200,0.0,1.0,200,0
N288_M144,pSA,valid,13300,0.0,1.0,200,0
N288_M144,pSA,valid,13400,0.0,1.0,200,0
N288_M144,pSA,valid,13500,0.0,1.0,200,0
N288_M144,pSA,valid,13600,0.0,1.0,200,0
N288_M144,pSA,valid,13700,0.0,1.0,200,0
N288_M144,pSA,valid,13800,0.0,1.0,200,0
N288_M144,pSA,valid,13900,0.0,1.0,200,0
N288_M144,pSA,valid,14000,0.0,1.0,200,0
N288_M144,pSA,valid,14100,0.0,1.0,200,0
N288_M144,pSA,valid,14200,0.0,1.0,200,0
N288_M144,pSA,valid,14300,0.0,1.0,200,0
N288_M144,pSA,valid,14400,0.0,1.0,200,0
N288_M144,pSA,valid,14500,0.0,1.0,200,0
N288_M144,pSA,valid,14600,0.0,1.0,200,0
N288_M144,pSA,valid,14700,0.0,1.0,200,0
N288_M144,pSA,valid,14800,0.0,1.0,200,0
N288_M144,pSA,valid,14900,0.0,1.0,200,0
N288_M144,pSA,valid,15000,0.0,1.0,200,0
N288_M144,pSA,valid,15100,0.0,1.0,200,0
N288_M144,pSA,valid,15200,0.0,1.0,200,0
N288_M144,pSA,valid,15300,0.0,1.0,200,0
N288_M144,pSA,valid,15400,0.0,1.0,200,0
N288_M144,pSA,valid,15500,0.0,1.0,200,0
N288_M144,pSA,valid,15600,0.0,1.0,200,0
N288_M144,pSA,valid,15700,0.0,1.0,200,0
N288_M144,pSA,valid,15800,0.0,1.0,200,0
N288_M144,pSA,valid,15900,0.0,1.0,200,0
N288_M144,pSA,valid,16000,0.0,1.0,200,0
N288_M144,pSA,valid,16100,0.0,1.0,200,0
N288_M144,pSA,valid,16200,0.0,1.0,200,0
N288_M144,pSA,valid,16300,0.0,1.0,200,0
N288_M144,pSA,valid,16400,0.0,1.0,200,0
N288_M144,pSA,valid,16500,0.0,1.0,200,0
N288_M144,pSA,valid,16600,0.0,1.0,200,0
N288_M144,pSA,valid,16700,0.0,1.0,200,0
N288_M144,pSA,valid,16800,0.0,1.0,200,0
N288_M144,pSA,valid,16900,0.0,1.0,200,0
N288_M144,pSA,valid,17000,0.0,1.0,200,0
N288_M144,pSA,valid,17100,0.0,1.0,200,0
N288_M144,pSA,valid,17200,0.0,1.0,200,0
N288_M144,pSA,valid,17300,0.0,1.0,200,0
N288_M144,pSA,valid,17400,0.0,1.0,200,0
N288_M144,pSA,valid,17500,0.0,1.0,200,0
N288_M144,pSA,valid,17600,0.0,1.0,200,0
N288_M144,pSA,valid,17700,0.0,1.0,200,0
N288_M144,pSA,valid,17800,0.0,1.0,200,0
N288_M144,pSA,valid,17900,0.0,1.0,200,0
N288_M144,pSA,valid,18000,0.0,1.0,200,0
N288_M144,pSA,valid,18100,0.0,1.0,200,0
N288_M144,pSA,valid,18200,0.0,1.0,200,0
N288_M144,pSA,valid,18300,0.0,1.0,200,0
N288_M144,pSA,valid,18400,0.0,1.0,200,0
N288_M144,pSA,valid,18500,0.0,1.0,200,0
N288_M144,pSA,valid,18600,0.0,1.0,200,0
N288_M144,pSA,valid,18700,0.0,1.0,200,0
N288_M144,pSA,valid,18800,0.0,1.0,200,0
N288_M144,pSA,valid,18900,0.0,1.0,200,0
N288_M144,pSA,valid,19000,0.0,1.0,200,0
N288_M144,pSA,valid,19100,0.0,1.0,200,0
N288_M144,pSA,valid,19200,0.0,1.0,200,0
N288_M144,pSA,valid,19300,0.0,1.0,200,0
N288_M144,pSA,valid,19400,0.0,1.0,200,0
N288_M144,pSA,valid,19500,0.0,1.0,200,0
N288_M144,pSA,valid,19600,0.0,1.0,200,0
N288_M144,pSA,valid,19700,0.0,1.0,200,0
N288_M144,pSA,valid,19800,0.0,1.0,200,0
N288_M144,pSA,valid,19900,0.0,1.0,200,0
N288_M144,pSA,valid,20000,0.0,1.0,200,0
N288_M144,pSA,valid,20100,0.0,1.0,200,0
N288_M144,pSA,valid,20200,0.0,1.0,200,0
N288_M144,pSA,valid,20300,0.0,1.0,200,0
N288_M144,pSA,valid,20400,0.0,1.0,200,0
N288_M144,pSA,valid,20500,0.0,1.0,200,0
N288_M144,pSA,valid,20600,0.0,1.0,200,0
N288_M144,pSA,valid,20700,0.0,1.0,200,0
N288_M144,pSA,valid,20800,0.0,1.0,200,0
N288_M144,pSA,valid,20900,0.0,1.0,200,0
N288_M144,pSA,valid,21000,0.0,1.0,200,0
N288_M144,pSA,valid,21100,0.0,1.0,200,0
N288_M144,pSA,valid,21200,0.0,1.0,200,0
N288_M144,pSA,valid,21300,0.0,1.0,200,0
N288_M144,pSA,valid,21400,0.0,1.0,200,0
N288_M144,pSA,valid,21500,0.0,1.0,200,0
N288_M144,pSA,valid,21600,0.0,1.0,200,0
N288_M144,pSA,valid,21700,0.0,1.0,200,0
N288_M144,pSA,valid,21800,0.0,1.0,200,0
N288_M144,pSA,valid,21900,0.0,1.0,200,0
N288_M144,pSA,valid,22000,0.0,1.0,200,0
N288_M144,pSA,valid,22100,0.0,1.0,200,0
N288_M144,pSA,valid,22200,0.0,1.0,200,0
N288_M144,pSA,valid,22300,0.0,1.0,200,0
N288_M144,pSA,valid,22400,0.0,1.0,200,0
N288_M144,pSA,valid,22500,0.0,1.0,200,0
N288_M144,pSA,valid,22600,0.0,1.0,200,0
N288_M144,pSA,valid,22700,0.0,1.0,200,0
N288_M144,pSA,valid,22800,0.0,1.0,200,0
N288_M144,pSA,valid,22900,0.0,1.0,200,0
N288_M144,pSA,valid,23000,0.0,1.0,200,0
N288_M144,pSA,valid,23100,0.0,1.0,200,0
N288_M144,pSA,valid,23200,0.0,1.0,200,0
N288_M144,pSA,valid,23300,0.0,1.0,200,0
N288_M144,pSA,valid,23400,0.0,1.0,200,0
N288_M144,pSA,valid,23500,0.0,1.0,200,0
N288_M144,pSA,valid,23600,0.0,1.0,200,0
N288_M144,pSA,valid,23700,0.0,1.0,200,0
N288_M144,pSA,valid,23800,0.0,1.0,200,0
N288_M144,pSA,valid,23900,0.0,1.0,200,0
N288_M144,pSA,valid,24000,0.0,1.0,200,0
N288_M144,pSA,valid,24100,0.0,1.0,200,0
N288_M144,pSA,valid,24200,0.0,1.0,200,0
N288_M144,pSA,valid,24300,0.0,1.0,200,0
N288_M144,pSA,valid,24400,0.0,1.0,200,0
N288_M144,pSA,valid,24500,0.0,1.0,200,0
N288_M144,pSA,valid,24600,0.0,1.0,200,0
N288_M144,pSA,valid,24700,0.0,1.0,200,0
N288_M144,pSA,valid,24800,0.0,1.0,200,0
N288_M144,pSA,valid,24900,0.0,1.0,200,0
N288_M144,pSA,valid,25000,0.0,1.0,200,0
N288_M144,pSA,valid,25100,0.0,1.0,200,0
N288_M144,pSA,valid,25200,0.0,1.0,200,0
N288_M144,pSA,valid,25300,0.0,1.0,200,0
N288_M144,pSA,valid,25400,0.0,1.0,200,0
N288_M144,pSA,valid,25500,0.0,1.0,200,0
N288_M144,pSA,valid,25600,0.0,1.0,200,0
N288_M144,pSA,valid_after_nonvalid,0,0.0,1.0,200,0
N288_M144,pSA,valid_after_nonvalid,100,0.0,1.0,200,0
N288_M144,pSA,valid_after_nonvalid,200,0.0,1.0,200,0
N288_M144,pSA,valid_after_nonvalid,300,0.0,1.0,200,0
N288_M144,pSA,valid_after_nonvalid,400,0.0,1.0,200,0
N288_M144,pSA,valid_after_nonvalid,500,0.0,1.0,200,0
N288_M144,pSA,valid_after_nonvalid,600,0.0,1.0,200,0
N288_M144,pSA,valid_after_nonvalid,700,0.0,1.0,200,0
N288_M144,pSA,valid_after_nonvalid,800,0.0,1.0,200,0
N288_M144,pSA,valid_after_nonvalid,900,0.0,1.0,200,0
N288_M144,pSA,valid_after_nonvalid,1000,0.0,1.0,200,0
N288_M144,pSA,valid_after_nonvalid,1100,0.0,1.0,200,0
N288_M144,pSA,valid_after_nonvalid,1200,0.0,1.0,200,0
N288_M144,pSA,valid_after_nonvalid,1300,0.0,1.0,200,0
N288_M144,pSA,valid_after_nonvalid,1400,0.0,1.0,200,0
N288_M144,pSA,valid_after_nonvalid,1500,0.0,1.0,200,0
N288_M144,pSA,valid_after_nonvalid,1600,0.0,1.0,200,0
N288_M144,pSA,valid_after_nonvalid,1700,0.0,1.0,200,0
N288_M144,pSA,valid_after_nonvalid,1800,0.0,1.0,200,0
N288_M144,pSA,valid_after_nonvalid,1900,0.0,1.0,200,0
N288_M144,pSA,valid_after_nonvalid,2000,0.0,1.0,200,0
N288_M144,pSA,valid_after_nonvalid,2100,0.0,1.0,200,0
N288_M144,pSA,valid_after_nonvalid,2200,0.0,1.0,200,0
N288_M144,pSA,valid_after_nonvalid,2300,0.0,1.0,200,0
N288_M144,pSA,valid_after_nonvalid,2400,0.0,1.0,200,0
N288_M144,pSA,valid_after_nonvalid,2500,0.0,1.0,200,0
N288_M144,pSA,valid_after_nonvalid,2600,0.0,1.0,200,0
N288_M144,pSA,valid_after_nonvalid,2700,0.0,1.0,200,0
N288_M144,pSA,valid_after_nonvalid,2800,0.0,1.0,200,0
N288_M144,pSA,valid_after_nonvalid,2900,0.0,1.0,200,0
N288_M144,pSA,valid_after_nonvalid,3000,0.0,1.0,200,0
N288_M144,pSA,valid_after_nonvalid,3100,0.0,1.0,200,0
N288_M144,pSA,valid_after_nonvalid,3200,0.0,1.0,200,0
N288_M144,pSA,valid_after_nonvalid,3300,0.0,1.0,200,0
N288_M144,pSA,valid_after_nonvalid,3400,0.0,1.0,200,0
N288_M144,pSA,valid_after_nonvalid,3500,0.0,1.0,200,0
N288_M144,pSA,valid_after_nonvalid,3600,0.0,1.0,200,0
N288_M144,pSA,valid_after_nonvalid,3700,0.0,1.0,200,0
N288_M144,pSA,valid_after_nonvalid,3800,0.0,1.0,200,0
N288_M144,pSA,valid_after_nonvalid,3900,0.0,1.0,200,0
N288_M144,pSA,valid_after_nonvalid,4000,0.0,1.0,200,0
N288_M144,pSA,valid_after_nonvalid,4100,0.0,1.0,200,0
N288_M144,pSA,valid_after_nonvalid,4200,0.0,1.0,200,0
N288_M144,pSA,valid_after_nonvalid,4300,0.0,1.0,200,0
N288_M144,pSA,valid_after_nonvalid,4400,0.0,1.0,200,0
N288_M144,pSA,valid_after_nonvalid,4500,0.0,1.0,200,0
N288_M144,pSA,valid_after_nonvalid,4600,0.0,1.0,200,0
N288_M144,pSA,valid_after_nonvalid,4700,0.0,1.0,200,0
N288_M144,pSA,valid_after_nonvalid,4800,0.0,1.0,200,0
N288_M144,pSA,valid_after_nonvalid,4900,0.0,1.0,200,0
N288_M144,pSA,valid_after_nonvalid,5000,0.0,1.0,200,0
N288_M144,pSA,valid_after_nonvalid,5100,0.0,1.0,200,0
N288_M144,pSA,valid_after_nonvalid,5200,0.0,1.0,200,0
N288_M144,pSA,valid_after_nonvalid,5300,0.0,1.0,200,0
N288_M144,pSA,valid_after_nonvalid,5400,0.0,1.0,200,0
N288_M144,pSA,valid_after_nonvalid,5500,0.0,1.0,200,0
N288_M144,pSA,valid_after_nonvalid,5600,0.0,1.0,200,0
N288_M144,pSA,valid_after_nonvalid,5700,0.0,1.0,200,0
N288_M144,pSA,valid_after_nonvalid,5800,0.0,1.0,200,0
N288_M144,pSA,valid_after_nonvalid,5900,0.0,1.0,200,0
N288_M144,pSA,valid_after_nonvalid,6000,0.0,1.0,200,0
N288_M144,pSA,valid_after_nonvalid,6100,0.0,1.0,200,0
N288_M144,pSA,valid_after_nonvalid,6200,0.0,1.0,200,0
N288_M144,pSA,valid_after_nonvalid,6300,0.0,1.0,200,0
N288_M144,pSA,valid_after_nonvalid,6400,0.0,1.0,200,0
N288_M144,pSA,valid_after_nonvalid,6500,0.0,1.0,200,0
N288_M144,pSA,valid_after_nonvalid,6600,0.0,1.0,200,0
N288_M144,pSA,valid_after_nonvalid,6700,0.0,1.0,200,0
N288_M144,pSA,valid_after_nonvalid,6800,0.0,1.0,200,0
N288_M144,pSA,valid_after_nonvalid,6900,0.0,1.0,200,0
N288_M144,pSA,valid_after_nonvalid,7000,0.0,1.0,200,0
N288_M144,pSA,valid_after_nonvalid,7100,0.0,1.0,200,0
N288_M144,pSA,valid_after_nonvalid,7200,0.0,1.0,200,0
N288_M144,pSA,valid_after_nonvalid,7300,0.0,1.0,200,0
N288_M144,pSA,valid_after_nonvalid,7400,0.0,1.0,200,0
N288_M144,pSA,valid_after_nonvalid,7500,0.0,1.0,200,0
N288_M144,pSA,valid_after_nonvalid,7600,0.0,1.0,200,0
N288_M144,pSA,valid_after_nonvalid,7700,0.0,1.0,200,0
N288_M144,pSA,valid_after_nonvalid,7800,0.0,1.0,200,0
N288_M144,pSA,valid_after_nonvalid,7900,0.0,1.0,200,0
N288_M144,pSA,valid_after_nonvalid,8000,0.0,1.0,200,0
N288_M144,pSA,valid_after_nonvalid,8100,0.0,1.0,200,0
N288_M144,pSA,valid_after_nonvalid,8200,0.0,1.0,200,0
N288_M144,pSA,valid_after_nonvalid,8300,0.0,1.0,200,0
N288_M144,pSA,valid_after_nonvalid,8400,0.0,1.0,200,0
N288_M144,pSA,valid_after_nonvalid,8500,0.0,1.0,200,0
N288_M144,pSA,valid_after_nonvalid,8600,0.0,1.0,200,0
N288_M144,pSA,valid_after_nonvalid,8700,0.0,1.0,200,0
N288_M144,pSA,valid_after_nonvalid,8800,0.0,1.0,200,0
N288_M144,pSA,valid_after_nonvalid,8900,0.0,1.0,200,0
N288_M144,pSA,valid_after_nonvalid,9000,0.0,1.0,200,0
N288_M144,pSA,valid_after_nonvalid,9100,0.0,1.0,200,0
N288_M144,pSA,valid_after_nonvalid,9200,0.0,1.0,200,0
N288_M144,pSA,valid_after_nonvalid,9300,0.0,1.0,200,0
N288_M144,pSA,valid_after_nonvalid,9400,0.0,1.0,200,0
N288_M144,pSA,valid_after_nonvalid,9500,0.0,1.0,200,0
N288_M144,pSA,valid_after_nonvalid,9600,0.0,1.0,200,0
N288_M144,pSA,valid_after_nonvalid,9700,0.0,1.0,200,0
N288_M144,pSA,valid_after_nonvalid,9800,0.0,1.0,200,0
N288_M144,pSA,valid_after_nonvalid,9900,0.0,1.0,200,0
N288_M144,pSA,valid_after_nonvalid,10000,0.0,1.0,200,0
N288_M144,pSA,valid_after_nonvalid,10100,0.0,1.0,200,0
N288_M144,pSA,valid_after_nonvalid,10200,0.0,1.0,200,0
N288_M144,pSA,valid_after_nonvalid,10300,0.0,1.0,200,0
N288_M144,pSA,valid_after_nonvalid,10400,0.0,1.0,200,0
N288_M144,pSA,valid_after_nonvalid,10500,0.0,1.0,200,0
N288_M144,pSA,valid_after_nonvalid,10600,0.0,1.0,200,0
N288_M144,pSA,valid_after_nonvalid,10700,0.0,1.0,200,0
N288_M144,pSA,valid_after_nonvalid,10800,0.0,1.0,200,0
N288_M144,pSA,valid_after_nonvalid,10900,0.0,1.0,200,0
N288_M144,pSA,valid_after_nonvalid,11000,0.0,1.0,200,0
N288_M144,pSA,valid_after_nonvalid,11100,0.0,1.0,200,0
N288_M144,pSA,valid_after_nonvalid,11200,0.0,1.0,200,0
N288_M144,pSA,valid_after_nonvalid,11300,0.0,1.0,200,0
N288_M144,pSA,valid_after_nonvalid,11400,0.0,1.0,200,0
N288_M144,pSA,valid_after_nonvalid,11500,0.0,1.0,200,0
N288_M144,pSA,valid_after_nonvalid,11600,0.0,1.0,200,0
N288_M144,pSA,valid_after_nonvalid,11700,0.0,1.0,200,0
N288_M144,pSA,valid_after_nonvalid,11800,0.0,1.0,200,0
N288_M144,pSA,valid_after_nonvalid,11900,0.0,1.0,200,0
N288_M144,pSA,valid_after_nonvalid,12000,0.0,1.0,200,0
N288_M144,pSA,valid_after_nonvalid,12100,0.0,1.0,200,0
N288_M144,pSA,valid_after_nonvalid,12200,0.0,1.0,200,0
N288_M144,pSA,valid_after_nonvalid,12300,0.0,1.0,200,0
N288_M144,pSA,valid_after_nonvalid,12400,0.0,1.0,200,0
N288_M144,pSA,valid_after_nonvalid,12500,0.0,1.0,200,0
N288_M144,pSA,valid_after_nonvalid,12600,0.0,1.0,200,0
N288_M144,pSA,valid_after_nonvalid,12700,0.0,1.0,200,0
N288_M144,pSA,valid_after_nonvalid,12800,0.0,1.0,200,0
N288_M144,pSA,valid_after_nonvalid,12900,0.0,1.0,200,0
N288_M144,pSA,valid_after_nonvalid,13000,0.0,1.0,200,0
N288_M144,pSA,valid_after_nonvalid,13100,0.0,1.0,200,0
N288_M144,pSA,valid_after_nonvalid,13200,0.0,1.0,200,0
N288_M144,pSA,valid_after_nonvalid,13300,0.0,1.0,200,0
N288_M144,pSA,valid_after_nonvalid,13400,0.0,1.0,200,0
N288_M144,pSA,valid_after_nonvalid,13500,0.0,1.0,200,0
N288_M144,pSA,valid_after_nonvalid,13600,0.0,1.0,200,0
N288_M144,pSA,valid_after_nonvalid,13700,0.0,1.0,200,0
N288_M144,pSA,valid_after_nonvalid,13800,0.0,1.0,200,0
N288_M144,pSA,valid_after_nonvalid,13900,0.0,1.0,200,0
N288_M144,pSA,valid_after_nonvalid,14000,0.0,1.0,200,0
N288_M144,pSA,valid_after_nonvalid,14100,0.0,1.0,200,0
N288_M144,pSA,valid_after_nonvalid,14200,0.0,1.0,200,0
N288_M144,pSA,valid_after_nonvalid,14300,0.0,1.0,200,0
N288_M144,pSA,valid_after_nonvalid,14400,0.0,1.0,200,0
N288_M144,pSA,valid_after_nonvalid,14500,0.0,1.0,200,0
N288_M144,pSA,valid_after_nonvalid,14600,0.0,1.0,200,0
N288_M144,pSA,valid_after_nonvalid,14700,0.0,1.0,200,0
N288_M144,pSA,valid_after_nonvalid,14800,0.0,1.0,200,0
N288_M144,pSA,valid_after_nonvalid,14900,0.0,1.0,200,0
N288_M144,pSA,valid_after_nonvalid,15000,0.0,1.0,200,0
N288_M144,pSA,valid_after_nonvalid,15100,0.0,1.0,200,0
N288_M144,pSA,valid_after_nonvalid,15200,0.0,1.0,200,0
N288_M144,pSA,valid_after_nonvalid,15300,0.0,1.0,200,0
N288_M144,pSA,valid_after_nonvalid,15400,0.0,1.0,200,0
N288_M144,pSA,valid_after_nonvalid,15500,0.0,1.0,200,0
N288_M144,pSA,valid_after_nonvalid,15600,0.0,1.0,200,0
N288_M144,pSA,valid_after_nonvalid,15700,0.0,1.0,200,0
N288_M144,pSA,valid_after_nonvalid,15800,0.0,1.0,200,0
N288_M144,pSA,valid_after_nonvalid,15900,0.0,1.0,200,0
N288_M144,pSA,valid_after_nonvalid,16000,0.0,1.0,200,0
N288_M144,pSA,valid_after_nonvalid,16100,0.0,1.0,200,0
N288_M144,pSA,valid_after_nonvalid,16200,0.0,1.0,200,0
N288_M144,pSA,valid_after_nonvalid,16300,0.0,1.0,200,0
N288_M144,pSA,valid_after_nonvalid,16400,0.0,1.0,200,0
N288_M144,pSA,valid_after_nonvalid,16500,0.0,1.0,200,0
N288_M144,pSA,valid_after_nonvalid,16600,0.0,1.0,200,0
N288_M144,pSA,valid_after_nonvalid,16700,0.0,1.0,200,0
N288_M144,pSA,valid_after_nonvalid,16800,0.0,1.0,200,0
N288_M144,pSA,valid_after_nonvalid,16900,0.0,1.0,200,0
N288_M144,pSA,valid_after_nonvalid,17000,0.0,1.0,200,0
N288_M144,pSA,valid_after_nonvalid,17100,0.0,1.0,200,0
N288_M144,pSA,valid_after_nonvalid,17200,0.0,1.0,200,0
N288_M144,pSA,valid_after_nonvalid,17300,0.0,1.0,200,0
N288_M144,pSA,valid_after_nonvalid,17400,0.0,1.0,200,0
N288_M144,pSA,valid_after_nonvalid,17500,0.0,1.0,200,0
N288_M144,pSA,valid_after_nonvalid,17600,0.0,1.0,200,0
N288_M144,pSA,valid_after_nonvalid,17700,0.0,1.0,200,0
N288_M144,pSA,valid_after_nonvalid,17800,0.0,1.0,200,0
N288_M144,pSA,valid_after_nonvalid,17900,0.0,1.0,200,0
N288_M144,pSA,valid_after_nonvalid,18000,0.0,1.0,200,0
N288_M144,pSA,valid_after_nonvalid,18100,0.0,1.0,200,0
N288_M144,pSA,valid_after_nonvalid,18200,0.0,1.0,200,0
N288_M144,pSA,valid_after_nonvalid,18300,0.0,1.0,200,0
N288_M144,pSA,valid_after_nonvalid,18400,0.0,1.0,200,0
N288_M144,pSA,valid_after_nonvalid,18500,0.0,1.0,200,0
N288_M144,pSA,valid_after_nonvalid,18600,0.0,1.0,200,0
N288_M144,pSA,valid_after_nonvalid,18700,0.0,1.0,200,0
N288_M144,pSA,valid_after_nonvalid,18800,0.0,1.0,200,0
N288_M144,pSA,valid_after_nonvalid,18900,0.0,1.0,200,0
N288_M144,pSA,valid_after_nonvalid,19000,0.0,1.0,200,0
N288_M144,pSA,valid_after_nonvalid,19100,0.0,1.0,200,0
N288_M144,pSA,valid_after_nonvalid,19200,0.0,1.0,200,0
N288_M144,pSA,valid_after_nonvalid,19300,0.0,1.0,200,0
N288_M144,pSA,valid_after_nonvalid,19400,0.0,1.0,200,0
N288_M144,pSA,valid_after_nonvalid,19500,0.0,1.0,200,0
N288_M144,pSA,valid_after_nonvalid,19600,0.0,1.0,200,0
N288_M144,pSA,valid_after_nonvalid,19700,0.0,1.0,200,0
N288_M144,pSA,valid_after_nonvalid,19800,0.0,1.0,200,0
N288_M144,pSA,valid_after_nonvalid,19900,0.0,1.0,200,0
N288_M144,pSA,valid_after_nonvalid,20000,0.0,1.0,200,0
N288_M144,pSA,valid_after_nonvalid,20100,0.0,1.0,200,0
N288_M144,pSA,valid_after_nonvalid,20200,0.0,1.0,200,0
N288_M144,pSA,valid_after_nonvalid,20300,0.0,1.0,200,0
N288_M144,pSA,valid_after_nonvalid,20400,0.0,1.0,200,0
N288_M144,pSA,valid_after_nonvalid,20500,0.0,1.0,200,0
N288_M144,pSA,valid_after_nonvalid,20600,0.0,1.0,200,0
N288_M144,pSA,valid_after_nonvalid,20700,0.0,1.0,200,0
N288_M144,pSA,valid_after_nonvalid,20800,0.0,1.0,200,0
N288_M144,pSA,valid_after_nonvalid,20900,0.0,1.0,200,0
N288_M144,pSA,valid_after_nonvalid,21000,0.0,1.0,200,0
N288_M144,pSA,valid_after_nonvalid,21100,0.0,1.0,200,0
N288_M144,pSA,valid_after_nonvalid,21200,0.0,1.0,200,0
N288_M144,pSA,valid_after_nonvalid,21300,0.0,1.0,200,0
N288_M144,pSA,valid_after_nonvalid,21400,0.0,1.0,200,0
N288_M144,pSA,valid_after_nonvalid,21500,0.0,1.0,200,0
N288_M144,pSA,valid_after_nonvalid,21600,0.0,1.0,200,0
N288_M144,pSA,valid_after_nonvalid,21700,0.0,1.0,200,0
N288_M144,pSA,valid_after_nonvalid,21800,0.0,1.0,200,0
N288_M144,pSA,valid_after_nonvalid,21900,0.0,1.0,200,0
N288_M144,pSA,valid_after_nonvalid,22000,0.0,1.0,200,0
N288_M144,pSA,valid_after_nonvalid,22100,0.0,1.0,200,0
N288_M144,pSA,valid_after_nonvalid,22200,0.0,1.0,200,0
N288_M144,pSA,valid_after_nonvalid,22300,0.0,1.0,200,0
N288_M144,pSA,valid_after_nonvalid,22400,0.0,1.0,200,0
N288_M144,pSA,valid_after_nonvalid,22500,0.0,1.0,200,0
N288_M144,pSA,valid_after_nonvalid,22600,0.0,1.0,200,0
N288_M144,pSA,valid_after_nonvalid,22700,0.0,1.0,200,0
N288_M144,pSA,valid_after_nonvalid,22800,0.0,1.0,200,0
N288_M144,pSA,valid_after_nonvalid,22900,0.0,1.0,200,0
N288_M144,pSA,valid_after_nonvalid,23000,0.0,1.0,200,0
N288_M144,pSA,valid_after_nonvalid,23100,0.0,1.0,200,0
N288_M144,pSA,valid_after_nonvalid,23200,0.0,1.0,200,0
N288_M144,pSA,valid_after_nonvalid,23300,0.0,1.0,200,0
N288_M144,pSA,valid_after_nonvalid,23400,0.0,1.0,200,0
N288_M144,pSA,valid_after_nonvalid,23500,0.0,1.0,200,0
N288_M144,pSA,valid_after_nonvalid,23600,0.0,1.0,200,0
N288_M144,pSA,valid_after_nonvalid,23700,0.0,1.0,200,0
N288_M144,pSA,valid_after_nonvalid,23800,0.0,1.0,200,0
N288_M144,pSA,valid_after_nonvalid,23900,0.0,1.0,200,0
N288_M144,pSA,valid_after_nonvalid,24000,0.0,1.0,200,0
N288_M144,pSA,valid_after_nonvalid,24100,0.0,1.0,200,0
N288_M144,pSA,valid_after_nonvalid,24200,0.0,1.0,200,0
N288_M144,pSA,valid_after_nonvalid,24300,0.0,1.0,200,0
N288_M144,pSA,valid_after_nonvalid,24400,0.0,1.0,200,0
N288_M144,pSA,valid_after_nonvalid,24500,0.0,1.0,200,0
N288_M144,pSA,valid_after_nonvalid,24600,0.0,1.0,200,0
N288_M144,pSA,valid_after_nonvalid,24700,0.0,1.0,200,0
N288_M144,pSA,valid_after_nonvalid,24800,0.0,1.0,200,0
N288_M144,pSA,valid_after_nonvalid,24900,0.0,1.0,200,0
N288_M144,pSA,valid_after_nonvalid,25000,0.0,1.0,200,0
N288_M144,pSA,valid_after_nonvalid,25100,0.0,1.0,200,0
N288_M144,pSA,valid_after_nonvalid,25200,0.0,1.0,200,0
N288_M144,pSA,valid_after_nonvalid,25300,0.0,1.0,200,0
N288_M144,pSA,valid_after_nonvalid,25400,0.0,1.0,200,0
N288_M144,pSA,valid_after_nonvalid,25500,0.0,1.0,200,0
N288_M144,pSA,valid_after_nonvalid,25600,0.0,1.0,200,0
N288_M144,pSA,correct,0,0.0,1.0,200,0
N288_M144,pSA,correct,100,0.0,1.0,200,0
N288_M144,pSA,correct,200,0.0,1.0,200,0
N288_M144,pSA,correct,300,0.0,1.0,200,0
N288_M144,pSA,correct,400,0.0,1.0,200,0
N288_M144,pSA,correct,500,0.0,1.0,200,0
N288_M144,pSA,correct,600,0.0,1.0,200,0
N288_M144,pSA,correct,700,0.0,1.0,200,0
N288_M144,pSA,correct,800,0.0,1.0,200,0
N288_M144,pSA,correct,900,0.0,1.0,200,0
N288_M144,pSA,correct,1000,0.0,1.0,200,0
N288_M144,pSA,correct,1100,0.0,1.0,200,0
N288_M144,pSA,correct,1200,0.0,1.0,200,0
N288_M144,pSA,correct,1300,0.0,1.0,200,0
N288_M144,pSA,correct,1400,0.0,1.0,200,0
N288_M144,pSA,correct,1500,0.0,1.0,200,0
N288_M144,pSA,correct,1600,0.0,1.0,200,0
N288_M144,pSA,correct,1700,0.0,1.0,200,0
N288_M144,pSA,correct,1800,0.0,1.0,200,0
N288_M144,pSA,correct,1900,0.0,1.0,200,0
N288_M144,pSA,correct,2000,0.0,1.0,200,0
N288_M144,pSA,correct,2100,0.0,1.0,200,0
N288_M144,pSA,correct,2200,0.0,1.0,200,0
N288_M144,pSA,correct,2300,0.0,1.0,200,0
N288_M144,pSA,correct,2400,0.0,1.0,200,0
N288_M144,pSA,correct,2500,0.0,1.0,200,0
N288_M144,pSA,correct,2600,0.0,1.0,200,0
N288_M144,pSA,correct,2700,0.0,1.0,200,0
N288_M144,pSA,correct,2800,0.0,1.0,200,0
N288_M144,pSA,correct,2900,0.0,1.0,200,0
N288_M144,pSA,correct,3000,0.0,1.0,200,0
N288_M144,pSA,correct,3100,0.0,1.0,200,0
N288_M144,pSA,correct,3200,0.0,1.0,200,0
N288_M144,pSA,correct,3300,0.0,1.0,200,0
N288_M144,pSA,correct,3400,0.0,1.0,200,0
N288_M144,pSA,correct,3500,0.0,1.0,200,0
N288_M144,pSA,correct,3600,0.0,1.0,200,0
N288_M144,pSA,correct,3700,0.0,1.0,200,0
N288_M144,pSA,correct,3800,0.0,1.0,200,0
N288_M144,pSA,correct,3900,0.0,1.0,200,0
N288_M144,pSA,correct,4000,0.0,1.0,200,0
N288_M144,pSA,correct,4100,0.0,1.0,200,0
N288_M144,pSA,correct,4200,0.0,1.0,200,0
N288_M144,pSA,correct,4300,0.0,1.0,200,0
N288_M144,pSA,correct,4400,0.0,1.0,200,0
N288_M144,pSA,correct,4500,0.0,1.0,200,0
N288_M144,pSA,correct,4600,0.0,1.0,200,0
N288_M144,pSA,correct,4700,0.0,1.0,200,0
N288_M144,pSA,correct,4800,0.0,1.0,200,0
N288_M144,pSA,correct,4900,0.0,1.0,200,0
N288_M144,pSA,correct,5000,0.0,1.0,200,0
N288_M144,pSA,correct,5100,0.0,1.0,200,0
N288_M144,pSA,correct,5200,0.0,1.0,200,0
N288_M144,pSA,correct,5300,0.0,1.0,200,0
N288_M144,pSA,correct,5400,0.0,1.0,200,0
N288_M144,pSA,correct,5500,0.0,1.0,200,0
N288_M144,pSA,correct,5600,0.0,1.0,200,0
N288_M144,pSA,correct,5700,0.0,1.0,200,0
N288_M144,pSA,correct,5800,0.0,1.0,200,0
N288_M144,pSA,correct,5900,0.0,1.0,200,0
N288_M144,pSA,correct,6000,0.0,1.0,200,0
N288_M144,pSA,correct,6100,0.0,1.0,200,0
N288_M144,pSA,correct,6200,0.0,1.0,200,0
N288_M144,pSA,correct,6300,0.0,1.0,200,0
N288_M144,pSA,correct,6400,0.0,1.0,200,0
N288_M144,pSA,correct,6500,0.0,1.0,200,0
N288_M144,pSA,correct,6600,0.0,1.0,200,0
N288_M144,pSA,correct,6700,0.0,1.0,200,0
N288_M144,pSA,correct,6800,0.0,1.0,200,0
N288_M144,pSA,correct,6900,0.0,1.0,200,0
N288_M144,pSA,correct,7000,0.0,1.0,200,0
N288_M144,pSA,correct,7100,0.0,1.0,200,0
N288_M144,pSA,correct,7200,0.0,1.0,200,0
N288_M144,pSA,correct,7300,0.0,1.0,200,0
N288_M144,pSA,correct,7400,0.0,1.0,200,0
N288_M144,pSA,correct,7500,0.0,1.0,200,0
N288_M144,pSA,correct,7600,0.0,1.0,200,0
N288_M144,pSA,correct,7700,0.0,1.0,200,0
N288_M144,pSA,correct,7800,0.0,1.0,200,0
N288_M144,pSA,correct,7900,0.0,1.0,200,0
N288_M144,pSA,correct,8000,0.0,1.0,200,0
N288_M144,pSA,correct,8100,0.0,1.0,200,0
N288_M144,pSA,correct,8200,0.0,1.0,200,0
N288_M144,pSA,correct,8300,0.0,1.0,200,0
N288_M144,pSA,correct,8400,0.0,1.0,200,0
N288_M144,pSA,correct,8500,0.0,1.0,200,0
N288_M144,pSA,correct,8600,0.0,1.0,200,0
N288_M144,pSA,correct,8700,0.0,1.0,200,0
N288_M144,pSA,correct,8800,0.0,1.0,200,0
N288_M144,pSA,correct,8900,0.0,1.0,200,0
N288_M144,pSA,correct,9000,0.0,1.0,200,0
N288_M144,pSA,correct,9100,0.0,1.0,200,0
N288_M144,pSA,correct,9200,0.0,1.0,200,0
N288_M144,pSA,correct,9300,0.0,1.0,200,0
N288_M144,pSA,correct,9400,0.0,1.0,200,0
N288_M144,pSA,correct,9500,0.0,1.0,200,0
N288_M144,pSA,correct,9600,0.0,1.0,200,0
N288_M144,pSA,correct,9700,0.0,1.0,200,0
N288_M144,pSA,correct,9800,0.0,1.0,200,0
N288_M144,pSA,correct,9900,0.0,1.0,200,0
N288_M144,pSA,correct,10000,0.0,1.0,200,0
N288_M144,pSA,correct,10100,0.0,1.0,200,0
N288_M144,pSA,correct,10200,0.0,1.0,200,0
N288_M144,pSA,correct,10300,0.0,1.0,200,0
N288_M144,pSA,correct,10400,0.0,1.0,200,0
N288_M144,pSA,correct,10500,0.0,1.0,200,0
N288_M144,pSA,correct,10600,0.0,1.0,200,0
N288_M144,pSA,correct,10700,0.0,1.0,200,0
N288_M144,pSA,correct,10800,0.0,1.0,200,0
N288_M144,pSA,correct,10900,0.0,1.0,200,0
N288_M144,pSA,correct,11000,0.0,1.0,200,0
N288_M144,pSA,correct,11100,0.0,1.0,200,0
N288_M144,pSA,correct,11200,0.0,1.0,200,0
N288_M144,pSA,correct,11300,0.0,1.0,200,0
N288_M144,pSA,correct,11400,0.0,1.0,200,0
N288_M144,pSA,correct,11500,0.0,1.0,200,0
N288_M144,pSA,correct,11600,0.0,1.0,200,0
N288_M144,pSA,correct,11700,0.0,1.0,200,0
N288_M144,pSA,correct,11800,0.0,1.0,200,0
N288_M144,pSA,correct,11900,0.0,1.0,200,0
N288_M144,pSA,correct,12000,0.0,1.0,200,0
N288_M144,pSA,correct,12100,0.0,1.0,200,0
N288_M144,pSA,correct,12200,0.0,1.0,200,0
N288_M144,pSA,correct,12300,0.0,1.0,200,0
N288_M144,pSA,correct,12400,0.0,1.0,200,0
N288_M144,pSA,correct,12500,0.0,1.0,200,0
N288_M144,pSA,correct,12600,0.0,1.0,200,0
N288_M144,pSA,correct,12700,0.0,1.0,200,0
N288_M144,pSA,correct,12800,0.0,1.0,200,0
N288_M144,pSA,correct,12900,0.0,1.0,200,0
N288_M144,pSA,correct,13000,0.0,1.0,200,0
N288_M144,pSA,correct,13100,0.0,1.0,200,0
N288_M144,pSA,correct,13200,0.0,1.0,200,0
N288_M144,pSA,correct,13300,0.0,1.0,200,0
N288_M144,pSA,correct,13400,0.0,1.0,200,0
N288_M144,pSA,correct,13500,0.0,1.0,200,0
N288_M144,pSA,correct,13600,0.0,1.0,200,0
N288_M144,pSA,correct,13700,0.0,1.0,200,0
N288_M144,pSA,correct,13800,0.0,1.0,200,0
N288_M144,pSA,correct,13900,0.0,1.0,200,0
N288_M144,pSA,correct,14000,0.0,1.0,200,0
N288_M144,pSA,correct,14100,0.0,1.0,200,0
N288_M144,pSA,correct,14200,0.0,1.0,200,0
N288_M144,pSA,correct,14300,0.0,1.0,200,0
N288_M144,pSA,correct,14400,0.0,1.0,200,0
N288_M144,pSA,correct,14500,0.0,1.0,200,0
N288_M144,pSA,correct,14600,0.0,1.0,200,0
N288_M144,pSA,correct,14700,0.0,1.0,200,0
N288_M144,pSA,correct,14800,0.0,1.0,200,0
N288_M144,pSA,correct,14900,0.0,1.0,200,0
N288_M144,pSA,correct,15000,0.0,1.0,200,0
N288_M144,pSA,correct,15100,0.0,1.0,200,0
N288_M144,pSA,correct,15200,0.0,1.0,200,0
N288_M144,pSA,correct,15300,0.0,1.0,200,0
N288_M144,pSA,correct,15400,0.0,1.0,200,0
N288_M144,pSA,correct,15500,0.0,1.0,200,0
N288_M144,pSA,correct,15600,0.0,1.0,200,0
N288_M144,pSA,correct,15700,0.0,1.0,200,0
N288_M144,pSA,correct,15800,0.0,1.0,200,0
N288_M144,pSA,correct,15900,0.0,1.0,200,0
N288_M144,pSA,correct,16000,0.0,1.0,200,0
N288_M144,pSA,correct,16100,0.0,1.0,200,0
N288_M144,pSA,correct,16200,0.0,1.0,200,0
N288_M144,pSA,correct,16300,0.0,1.0,200,0
N288_M144,pSA,correct,16400,0.0,1.0,200,0
N288_M144,pSA,correct,16500,0.0,1.0,200,0
N288_M144,pSA,correct,16600,0.0,1.0,200,0
N288_M144,pSA,correct,16700,0.0,1.0,200,0
N288_M144,pSA,correct,16800,0.0,1.0,200,0
N288_M144,pSA,correct,16900,0.0,1.0,200,0
N288_M144,pSA,correct,17000,0.0,1.0,200,0
N288_M144,pSA,correct,17100,0.0,1.0,200,0
N288_M144,pSA,correct,17200,0.0,1.0,200,0
N288_M144,pSA,correct,17300,0.0,1.0,200,0
N288_M144,pSA,correct,17400,0.0,1.0,200,0
N288_M144,pSA,correct,17500,0.0,1.0,200,0
N288_M144,pSA,correct,17600,0.0,1.0,200,0
N288_M144,pSA,correct,17700,0.0,1.0,200,0
N288_M144,pSA,correct,17800,0.0,1.0,200,0
N288_M144,pSA,correct,17900,0.0,1.0,200,0
N288_M144,pSA,correct,18000,0.0,1.0,200,0
N288_M144,pSA,correct,18100,0.0,1.0,200,0
N288_M144,pSA,correct,18200,0.0,1.0,200,0
N288_M144,pSA,correct,18300,0.0,1.0,200,0
N288_M144,pSA,correct,18400,0.0,1.0,200,0
N288_M144,pSA,correct,18500,0.0,1.0,200,0
N288_M144,pSA,correct,18600,0.0,1.0,200,0
N288_M144,pSA,correct,18700,0.0,1.0,200,0
N288_M144,pSA,correct,18800,0.0,1.0,200,0
N288_M144,pSA,correct,18900,0.0,1.0,200,0
N288_M144,pSA,correct,19000,0.0,1.0,200,0
N288_M144,pSA,correct,19100,0.0,1.0,200,0
N288_M144,pSA,correct,19200,0.0,1.0,200,0
N288_M144,pSA,correct,19300,0.0,1.0,200,0
N288_M144,pSA,correct,19400,0.0,1.0,200,0
N288_M144,pSA,correct,19500,0.0,1.0,200,0
N288_M144,pSA,correct,19600,0.0,1.0,200,0
N288_M144,pSA,correct,19700,0.0,1.0,200,0
N288_M144,pSA,correct,19800,0.0,1.0,200,0
N288_M144,pSA,correct,19900,0.0,1.0,200,0
N288_M144,pSA,correct,20000,0.0,1.0,200,0
N288_M144,pSA,correct,20100,0.0,1.0,200,0
N288_M144,pSA,correct,20200,0.0,1.0,200,0
N288_M144,pSA,correct,20300,0.0,1.0,200,0
N288_M144,pSA,correct,20400,0.0,1.0,200,0
N288_M144,pSA,correct,20500,0.0,1.0,200,0
N288_M144,pSA,correct,20600,0.0,1.0,200,0
N288_M144,pSA,correct,20700,0.0,1.0,200,0
N288_M144,pSA,correct,20800,0.0,1.0,200,0
N288_M144,pSA,correct,20900,0.0,1.0,200,0
N288_M144,pSA,correct,21000,0.0,1.0,200,0
N288_M144,pSA,correct,21100,0.0,1.0,200,0
N288_M144,pSA,correct,21200,0.0,1.0,200,0
N288_M144,pSA,correct,21300,0.0,1.0,200,0
N288_M144,pSA,correct,21400,0.0,1.0,200,0
N288_M144,pSA,correct,21500,0.0,1.0,200,0
N288_M144,pSA,correct,21600,0.0,1.0,200,0
N288_M144,pSA,correct,21700,0.0,1.0,200,0
N288_M144,pSA,correct,21800,0.0,1.0,200,0
N288_M144,pSA,correct,21900,0.0,1.0,200,0
N288_M144,pSA,correct,22000,0.0,1.0,200,0
N288_M144,pSA,correct,22100,0.0,1.0,200,0
N288_M144,pSA,correct,22200,0.0,1.0,200,0
N288_M144,pSA,correct,22300,0.0,1.0,200,0
N288_M144,pSA,correct,22400,0.0,1.0,200,0
N288_M144,pSA,correct,22500,0.0,1.0,200,0
N288_M144,pSA,correct,22600,0.0,1.0,200,0
N288_M144,pSA,correct,22700,0.0,1.0,200,0
N288_M144,pSA,correct,22800,0.0,1.0,200,0
N288_M144,pSA,correct,22900,0.0,1.0,200,0
N288_M144,pSA,correct,23000,0.0,1.0,200,0
N288_M144,pSA,correct,23100,0.0,1.0,200,0
N288_M144,pSA,correct,23200,0.0,1.0,200,0
N288_M144,pSA,correct,23300,0.0,1.0,200,0
N288_M144,pSA,correct,23400,0.0,1.0,200,0
N288_M144,pSA,correct,23500,0.0,1.0,200,0
N288_M144,pSA,correct,23600,0.0,1.0,200,0
N288_M144,pSA,correct,23700,0.0,1.0,200,0
N288_M144,pSA,correct,23800,0.0,1.0,200,0
N288_M144,pSA,correct,23900,0.0,1.0,200,0
N288_M144,pSA,correct,24000,0.0,1.0,200,0
N288_M144,pSA,correct,24100,0.0,1.0,200,0
N288_M144,pSA,correct,24200,0.0,1.0,200,0
N288_M144,pSA,correct,24300,0.0,1.0,200,0
N288_M144,pSA,correct,24400,0.0,1.0,200,0
N288_M144,pSA,correct,24500,0.0,1.0,200,0
N288_M144,pSA,correct,24600,0.0,1.0,200,0
N288_M144,pSA,correct,24700,0.0,1.0,200,0
N288_M144,pSA,correct,24800,0.0,1.0,200,0
N288_M144,pSA,correct,24900,0.0,1.0,200,0
N288_M144,pSA,correct,25000,0.0,1.0,200,0
N288_M144,pSA,correct,25100,0.0,1.0,200,0
N288_M144,pSA,correct,25200,0.0,1.0,200,0
N288_M144,pSA,correct,25300,0.0,1.0,200,0
N288_M144,pSA,correct,25400,0.0,1.0,200,0
N288_M144,pSA,correct,25500,0.0,1.0,200,0
N288_M144,pSA,correct,25600,0.0,1.0,200,0
N288_M144,pSA,low_BER,0,0.0,1.0,200,0
N288_M144,pSA,low_BER,100,0.0,1.0,200,0
N288_M144,pSA,low_BER,200,0.0,1.0,200,0
N288_M144,pSA,low_BER,300,0.0,1.0,200,0
N288_M144,pSA,low_BER,400,0.0,1.0,200,0
N288_M144,pSA,low_BER,500,0.0,1.0,200,0
N288_M144,pSA,low_BER,600,0.0,1.0,200,0
N288_M144,pSA,low_BER,700,0.0,1.0,200,0
N288_M144,pSA,low_BER,800,0.0,1.0,200,0
N288_M144,pSA,low_BER,900,0.0,1.0,200,0
N288_M144,pSA,low_BER,1000,0.0,1.0,200,0
N288_M144,pSA,low_BER,1100,0.0,1.0,200,0
N288_M144,pSA,low_BER,1200,0.0,1.0,200,0
N288_M144,pSA,low_BER,1300,0.0,1.0,200,0
N288_M144,pSA,low_BER,1400,0.0,1.0,200,0
N288_M144,pSA,low_BER,1500,0.0,1.0,200,0
N288_M144,pSA,low_BER,1600,0.0,1.0,200,0
N288_M144,pSA,low_BER,1700,0.0,1.0,200,0
N288_M144,pSA,low_BER,1800,0.0,1.0,200,0
N288_M144,pSA,low_BER,1900,0.0,1.0,200,0
N288_M144,pSA,low_BER,2000,0.0,1.0,200,0
N288_M144,pSA,low_BER,2100,0.0,1.0,200,0
N288_M144,pSA,low_BER,2200,0.0,1.0,200,0
N288_M144,pSA,low_BER,2300,0.0,1.0,200,0
N288_M144,pSA,low_BER,2400,0.0,1.0,200,0
N288_M144,pSA,low_BER,2500,0.0,1.0,200,0
N288_M144,pSA,low_BER,2600,0.0,1.0,200,0
N288_M144,pSA,low_BER,2700,0.0,1.0,200,0
N288_M144,pSA,low_BER,2800,0.0,1.0,200,0
N288_M144,pSA,low_BER,2900,0.0,1.0,200,0
N288_M144,pSA,low_BER,3000,0.0,1.0,200,0
N288_M144,pSA,low_BER,3100,0.0,1.0,200,0
N288_M144,pSA,low_BER,3200,0.0,1.0,200,0
N288_M144,pSA,low_BER,3300,0.0,1.0,200,0
N288_M144,pSA,low_BER,3400,0.0,1.0,200,0
N288_M144,pSA,low_BER,3500,0.0,1.0,200,0
N288_M144,pSA,low_BER,3600,0.0,1.0,200,0
N288_M144,pSA,low_BER,3700,0.0,1.0,200,0
N288_M144,pSA,low_BER,3800,0.0,1.0,200,0
N288_M144,pSA,low_BER,3900,0.0,1.0,200,0
N288_M144,pSA,low_BER,4000,0.0,1.0,200,0
N288_M144,pSA,low_BER,4100,0.0,1.0,200,0
N288_M144,pSA,low_BER,4200,0.0,1.0,200,0
N288_M144,pSA,low_BER,4300,0.0,1.0,200,0
N288_M144,pSA,low_BER,4400,0.0,1.0,200,0
N288_M144,pSA,low_BER,4500,0.0,1.0,200,0
N288_M144,pSA,low_BER,4600,0.0,1.0,200,0
N288_M144,pSA,low_BER,4700,0.0,1.0,200,0
N288_M144,pSA,low_BER,4800,0.0,1.0,200,0
N288_M144,pSA,low_BER,4900,0.0,1.0,200,0
N288_M144,pSA,low_BER,5000,0.0,1.0,200,0
N288_M144,pSA,low_BER,5100,0.0,1.0,200,0
N288_M144,pSA,low_BER,5200,0.0,1.0,200,0
N288_M144,pSA,low_BER,5300,0.0,1.0,200,0
N288_M144,pSA,low_BER,5400,0.0,1.0,200,0
N288_M144,pSA,low_BER,5500,0.0,1.0,200,0
N288_M144,pSA,low_BER,5600,0.0,1.0,200,0
N288_M144,pSA,low_BER,5700,0.0,1.0,200,0
N288_M144,pSA,low_BER,5800,0.0,1.0,200,0
N288_M144,pSA,low_BER,5900,0.0,1.0,200,0
N288_M144,pSA,low_BER,6000,0.0,1.0,200,0
N288_M144,pSA,low_BER,6100,0.0,1.0,200,0
N288_M144,pSA,low_BER,6200,0.0,1.0,200,0
N288_M144,pSA,low_BER,6300,0.0,1.0,200,0
N288_M144,pSA,low_BER,6400,0.0,1.0,200,0
N288_M144,pSA,low_BER,6500,0.0,1.0,200,0
N288_M144,pSA,low_BER,6600,0.0,1.0,200,0
N288_M144,pSA,low_BER,6700,0.0,1.0,200,0
N288_M144,pSA,low_BER,6800,0.0,1.0,200,0
N288_M144,pSA,low_BER,6900,0.0,1.0,200,0
N288_M144,pSA,low_BER,7000,0.0,1.0,200,0
N288_M144,pSA,low_BER,7100,0.0,1.0,200,0
N288_M144,pSA,low_BER,7200,0.0,1.0,200,0
N288_M144,pSA,low_BER,7300,0.0,1.0,200,0
N288_M144,pSA,low_BER,7400,0.0,1.0,200,0
N288_M144,pSA,low_BER,7500,0.0,1.0,200,0
N288_M144,pSA,low_BER,7600,0.0,1.0,200,0
N288_M144,pSA,low_BER,7700,0.0,1.0,200,0
N288_M144,pSA,low_BER,7800,0.0,1.0,200,0
N288_M144,pSA,low_BER,7900,0.0,1.0,200,0
N288_M144,pSA,low_BER,8000,0.0,1.0,200,0
N288_M144,pSA,low_BER,8100,0.0,1.0,200,0
N288_M144,pSA,low_BER,8200,0.0,1.0,200,0
N288_M144,pSA,low_BER,8300,0.0,1.0,200,0
N288_M144,pSA,low_BER,8400,0.0,1.0,200,0
N288_M144,pSA,low_BER,8500,0.0,1.0,200,0
N288_M144,pSA,low_BER,8600,0.0,1.0,200,0
N288_M144,pSA,low_BER,8700,0.0,1.0,200,0
N288_M144,pSA,low_BER,8800,0.0,1.0,200,0
N288_M144,pSA,low_BER,8900,0.0,1.0,200,0
N288_M144,pSA,low_BER,9000,0.0,1.0,200,0
N288_M144,pSA,low_BER,9100,0.0,1.0,200,0
N288_M144,pSA,low_BER,9200,0.0,1.0,200,0
N288_M144,pSA,low_BER,9300,0.0,1.0,200,0
N288_M144,pSA,low_BER,9400,0.0,1.0,200,0
N288_M144,pSA,low_BER,9500,0.0,1.0,200,0
N288_M144,pSA,low_BER,9600,0.0,1.0,200,0
N288_M144,pSA,low_BER,9700,0.0,1.0,200,0
N288_M144,pSA,low_BER,9800,0.0,1.0,200,0
N288_M144,pSA,low_BER,9900,0.0,1.0,200,0
N288_M144,pSA,low_BER,10000,0.0,1.0,200,0
N288_M144,pSA,low_BER,10100,0.0,1.0,200,0
N288_M144,pSA,low_BER,10200,0.0,1.0,200,0
N288_M144,pSA,low_BER,10300,0.0,1.0,200,0
N288_M144,pSA,low_BER,10400,0.0,1.0,200,0
N288_M144,pSA,low_BER,10500,0.0,1.0,200,0
N288_M144,pSA,low_BER,10600,0.0,1.0,200,0
N288_M144,pSA,low_BER,10700,0.0,1.0,200,0
N288_M144,pSA,low_BER,10800,0.0,1.0,200,0
N288_M144,pSA,low_BER,10900,0.0,1.0,200,0
N288_M144,pSA,low_BER,11000,0.0,1.0,200,0
N288_M144,pSA,low_BER,11100,0.0,1.0,200,0
N288_M144,pSA,low_BER,11200,0.0,1.0,200,0
N288_M144,pSA,low_BER,11300,0.0,1.0,200,0
N288_M144,pSA,low_BER,11400,0.0,1.0,200,0
N288_M144,pSA,low_BER,11500,0.0,1.0,200,0
N288_M144,pSA,low_BER,11600,0.0,1.0,200,0
N288_M144,pSA,low_BER,11700,0.0,1.0,200,0
N288_M144,pSA,low_BER,11800,0.0,1.0,200,0
N288_M144,pSA,low_BER,11900,0.0,1.0,200,0
N288_M144,pSA,low_BER,12000,0.0,1.0,200,0
N288_M144,pSA,low_BER,12100,0.0,1.0,200,0
N288_M144,pSA,low_BER,12200,0.0,1.0,200,0
N288_M144,pSA,low_BER,12300,0.0,1.0,200,0
N288_M144,pSA,low_BER,12400,0.0,1.0,200,0
N288_M144,pSA,low_BER,12500,0.0,1.0,200,0
N288_M144,pSA,low_BER,12600,0.0,1.0,200,0
N288_M144,pSA,low_BER,12700,0.0,1.0,200,0
N288_M144,pSA,low_BER,12800,0.0,1.0,200,0
N288_M144,pSA,low_BER,12900,0.0,1.0,200,0
N288_M144,pSA,low_BER,13000,0.0,1.0,200,0
N288_M144,pSA,low_BER,13100,0.0,1.0,200,0
N288_M144,pSA,low_BER,13200,0.0,1.0,200,0
N288_M144,pSA,low_BER,13300,0.0,1.0,200,0
N288_M144,pSA,low_BER,13400,0.0,1.0,200,0
N288_M144,pSA,low_BER,13500,0.0,1.0,200,0
N288_M144,pSA,low_BER,13600,0.0,1.0,200,0
N288_M144,pSA,low_BER,13700,0.0,1.0,200,0
N288_M144,pSA,low_BER,13800,0.0,1.0,200,0
N288_M144,pSA,low_BER,13900,0.0,1.0,200,0
N288_M144,pSA,low_BER,14000,0.0,1.0,200,0
N288_M144,pSA,low_BER,14100,0.0,1.0,200,0
N288_M144,pSA,low_BER,14200,0.0,1.0,200,0
N288_M144,pSA,low_BER,14300,0.0,1.0,200,0
N288_M144,pSA,low_BER,14400,0.0,1.0,200,0
N288_M144,pSA,low_BER,14500,0.0,1.0,200,0
N288_M144,pSA,low_BER,14600,0.0,1.0,200,0
N288_M144,pSA,low_BER,14700,0.0,1.0,200,0
N288_M144,pSA,low_BER,14800,0.0,1.0,200,0
N288_M144,pSA,low_BER,14900,0.0,1.0,200,0
N288_M144,pSA,low_BER,15000,0.0,1.0,200,0
N288_M144,pSA,low_BER,15100,0.0,1.0,200,0
N288_M144,pSA,low_BER,15200,0.0,1.0,200,0
N288_M144,pSA,low_BER,15300,0.0,1.0,200,0
N288_M144,pSA,low_BER,15400,0.0,1.0,200,0
N288_M144,pSA,low_BER,15500,0.0,1.0,200,0
N288_M144,pSA,low_BER,15600,0.0,1.0,200,0
N288_M144,pSA,low_BER,15700,0.0,1.0,200,0
N288_M144,pSA,low_BER,15800,0.0,1.0,200,0
N288_M144,pSA,low_BER,15900,0.0,1.0,200,0
N288_M144,pSA,low_BER,16000,0.0,1.0,200,0
N288_M144,pSA,low_BER,16100,0.0,1.0,200,0
N288_M144,pSA,low_BER,16200,0.0,1.0,200,0
N288_M144,pSA,low_BER,16300,0.0,1.0,200,0
N288_M144,pSA,low_BER,16400,0.0,1.0,200,0
N288_M144,pSA,low_BER,16500,0.0,1.0,200,0
N288_M144,pSA,low_BER,16600,0.0,1.0,200,0
N288_M144,pSA,low_BER,16700,0.0,1.0,200,0
N288_M144,pSA,low_BER,16800,0.0,1.0,200,0
N288_M144,pSA,low_BER,16900,0.0,1.0,200,0
N288_M144,pSA,low_BER,17000,0.0,1.0,200,0
N288_M144,pSA,low_BER,17100,0.0,1.0,200,0
N288_M144,pSA,low_BER,17200,0.0,1.0,200,0
N288_M144,pSA,low_BER,17300,0.0,1.0,200,0
N288_M144,pSA,low_BER,17400,0.0,1.0,200,0
N288_M144,pSA,low_BER,17500,0.0,1.0,200,0
N288_M144,pSA,low_BER,17600,0.0,1.0,200,0
N288_M144,pSA,low_BER,17700,0.0,1.0,200,0
N288_M144,pSA,low_BER,17800,0.0,1.0,200,0
N288_M144,pSA,low_BER,17900,0.0,1.0,200,0
N288_M144,pSA,low_BER,18000,0.0,1.0,200,0
N288_M144,pSA,low_BER,18100,0.0,1.0,200,0
N288_M144,pSA,low_BER,18200,0.0,1.0,200,0
N288_M144,pSA,low_BER,18300,0.0,1.0,200,0
N288_M144,pSA,low_BER,18400,0.0,1.0,200,0
N288_M144,pSA,low_BER,18500,0.0,1.0,200,0
N288_M144,pSA,low_BER,18600,0.0,1.0,200,0
N288_M144,pSA,low_BER,18700,0.0,1.0,200,0
N288_M144,pSA,low_BER,18800,0.0,1.0,200,0
N288_M144,pSA,low_BER,18900,0.0,1.0,200,0
N288_M144,pSA,low_BER,19000,0.0,1.0,200,0
N288_M144,pSA,low_BER,19100,0.0,1.0,200,0
N288_M144,pSA,low_BER,19200,0.0,1.0,200,0
N288_M144,pSA,low_BER,19300,0.0,1.0,200,0
N288_M144,pSA,low_BER,19400,0.0,1.0,200,0
N288_M144,pSA,low_BER,19500,0.0,1.0,200,0
N288_M144,pSA,low_BER,19600,0.0,1.0,200,0
N288_M144,pSA,low_BER,19700,0.0,1.0,200,0
N288_M144,pSA,low_BER,19800,0.0,1.0,200,0
N288_M144,pSA,low_BER,19900,0.0,1.0,200,0
N288_M144,pSA,low_BER,20000,0.0,1.0,200,0
N288_M144,pSA,low_BER,20100,0.0,1.0,200,0
N288_M144,pSA,low_BER,20200,0.0,1.0,200,0
N288_M144,pSA,low_BER,20300,0.0,1.0,200,0
N288_M144,pSA,low_BER,20400,0.0,1.0,200,0
N288_M144,pSA,low_BER,20500,0.0,1.0,200,0
N288_M144,pSA,low_BER,20600,0.0,1.0,200,0
N288_M144,pSA,low_BER,20700,0.0,1.0,200,0
N288_M144,pSA,low_BER,20800,0.0,1.0,200,0
N288_M144,pSA,low_BER,20900,0.0,1.0,200,0
N288_M144,pSA,low_BER,21000,0.0,1.0,200,0
N288_M144,pSA,low_BER,21100,0.0,1.0,200,0
N288_M144,pSA,low_BER,21200,0.0,1.0,200,0
N288_M144,pSA,low_BER,21300,0.0,1.0,200,0
N288_M144,pSA,low_BER,21400,0.0,1.0,200,0
N288_M144,pSA,low_BER,21500,0.0,1.0,200,0
N288_M144,pSA,low_BER,21600,0.0,1.0,200,0
N288_M144,pSA,low_BER,21700,0.0,1.0,200,0
N288_M144,pSA,low_BER,21800,0.0,1.0,200,0
N288_M144,pSA,low_BER,21900,0.0,1.0,200,0
N288_M144,pSA,low_BER,22000,0.0,1.0,200,0
N288_M144,pSA,low_BER,22100,0.0,1.0,200,0
N288_M144,pSA,low_BER,22200,0.0,1.0,200,0
N288_M144,pSA,low_BER,22300,0.0,1.0,200,0
N288_M144,pSA,low_BER,22400,0.0,1.0,200,0
N288_M144,pSA,low_BER,22500,0.0,1.0,200,0
N288_M144,pSA,low_BER,22600,0.0,1.0,200,0
N288_M144,pSA,low_BER,22700,0.0,1.0,200,0
N288_M144,pSA,low_BER,22800,0.0,1.0,200,0
N288_M144,pSA,low_BER,22900,0.0,1.0,200,0
N288_M144,pSA,low_BER,23000,0.0,1.0,200,0
N288_M144,pSA,low_BER,23100,0.0,1.0,200,0
N288_M144,pSA,low_BER,23200,0.0,1.0,200,0
N288_M144,pSA,low_BER,23300,0.0,1.0,200,0
N288_M144,pSA,low_BER,23400,0.0,1.0,200,0
N288_M144,pSA,low_BER,23500,0.0,1.0,200,0
N288_M144,pSA,low_BER,23600,0.0,1.0,200,0
N288_M144,pSA,low_BER,23700,0.0,1.0,200,0
N288_M144,pSA,low_BER,23800,0.0,1.0,200,0
N288_M144,pSA,low_BER,23900,0.0,1.0,200,0
N288_M144,pSA,low_BER,24000,0.0,1.0,200,0
N288_M144,pSA,low_BER,24100,0.0,1.0,200,0
N288_M144,pSA,low_BER,24200,0.0,1.0,200,0
N288_M144,pSA,low_BER,24300,0.0,1.0,200,0
N288_M144,pSA,low_BER,24400,0.0,1.0,200,0
N288_M144,pSA,low_BER,24500,0.0,1.0,200,0
N288_M144,pSA,low_BER,24600,0.0,1.0,200,0
N288_M144,pSA,low_BER,24700,0.0,1.0,200,0
N288_M144,pSA,low_BER,24800,0.0,1.0,200,0
N288_M144,pSA,low_BER,24900,0.0,1.0,200,0
N288_M144,pSA,low_BER,25000,0.0,1.0,200,0
N288_M144,pSA,low_BER,25100,0.0,1.0,200,0
N288_M144,pSA,low_BER,25200,0.0,1.0,200,0
N288_M144,pSA,low_BER,25300,0.0,1.0,200,0
N288_M144,pSA,low_BER,25400,0.0,1.0,200,0
N288_M144,pSA,low_BER,25500,0.0,1.0,200,0
N288_M144,pSA,low_BER,25600,0.0,1.0,200,0
N288_M144,pSA,relaxed_basin,0,0.0,1.0,200,0
N288_M144,pSA,relaxed_basin,100,0.0,1.0,200,0
N288_M144,pSA,relaxed_basin,200,0.0,1.0,200,0
N288_M144,pSA,relaxed_basin,300,0.0,1.0,200,0
N288_M144,pSA,relaxed_basin,400,0.0,1.0,200,0
N288_M144,pSA,relaxed_basin,500,0.0,1.0,200,0
N288_M144,pSA,relaxed_basin,600,0.0,1.0,200,0
N288_M144,pSA,relaxed_basin,700,0.0,1.0,200,0
N288_M144,pSA,relaxed_basin,800,0.0,1.0,200,0
N288_M144,pSA,relaxed_basin,900,0.0,1.0,200,0
N288_M144,pSA,relaxed_basin,1000,0.0,1.0,200,0
N288_M144,pSA,relaxed_basin,1100,0.0,1.0,200,0
N288_M144,pSA,relaxed_basin,1200,0.0,1.0,200,0
N288_M144,pSA,relaxed_basin,1300,0.0,1.0,200,0
N288_M144,pSA,relaxed_basin,1400,0.0,1.0,200,0
N288_M144,pSA,relaxed_basin,1500,0.0,1.0,200,0
N288_M144,pSA,relaxed_basin,1600,0.0,1.0,200,0
N288_M144,pSA,relaxed_basin,1700,0.0,1.0,200,0
N288_M144,pSA,relaxed_basin,1800,0.0,1.0,200,0
N288_M144,pSA,relaxed_basin,1900,0.0,1.0,200,0
N288_M144,pSA,relaxed_basin,2000,0.0,1.0,200,0
N288_M144,pSA,relaxed_basin,2100,0.0,1.0,200,0
N288_M144,pSA,relaxed_basin,2200,0.0,1.0,200,0
N288_M144,pSA,relaxed_basin,2300,0.0,1.0,200,0
N288_M144,pSA,relaxed_basin,2400,0.0,1.0,200,0
N288_M144,pSA,relaxed_basin,2500,0.0,1.0,200,0
N288_M144,pSA,relaxed_basin,2600,0.0,1.0,200,0
N288_M144,pSA,relaxed_basin,2700,0.0,1.0,200,0
N288_M144,pSA,relaxed_basin,2800,0.0,1.0,200,0
N288_M144,pSA,relaxed_basin,2900,0.0,1.0,200,0
N288_M144,pSA,relaxed_basin,3000,0.0,1.0,200,0
N288_M144,pSA,relaxed_basin,3100,0.0,1.0,200,0
N288_M144,pSA,relaxed_basin,3200,0.0,1.0,200,0
N288_M144,pSA,relaxed_basin,3300,0.0,1.0,200,0
N288_M144,pSA,relaxed_basin,3400,0.0,1.0,200,0
N288_M144,pSA,relaxed_basin,3500,0.0,1.0,200,0
N288_M144,pSA,relaxed_basin,3600,0.0,1.0,200,0
N288_M144,pSA,relaxed_basin,3700,0.0,1.0,200,0
N288_M144,pSA,relaxed_basin,3800,0.0,1.0,200,0
N288_M144,pSA,relaxed_basin,3900,0.0,1.0,200,0
N288_M144,pSA,relaxed_basin,4000,0.0,1.0,200,0
N288_M144,pSA,relaxed_basin,4100,0.0,1.0,200,0
N288_M144,pSA,relaxed_basin,4200,0.0,1.0,200,0
N288_M144,pSA,relaxed_basin,4300,0.0,1.0,200,0
N288_M144,pSA,relaxed_basin,4400,0.0,1.0,200,0
N288_M144,pSA,relaxed_basin,4500,0.0,1.0,200,0
N288_M144,pSA,relaxed_basin,4600,0.0,1.0,200,0
N288_M144,pSA,relaxed_basin,4700,0.0,1.0,200,0
N288_M144,pSA,relaxed_basin,4800,0.0,1.0,200,0
N288_M144,pSA,relaxed_basin,4900,0.0,1.0,200,0
N288_M144,pSA,relaxed_basin,5000,0.0,1.0,200,0
N288_M144,pSA,relaxed_basin,5100,0.0,1.0,200,0
N288_M144,pSA,relaxed_basin,5200,0.0,1.0,200,0
N288_M144,pSA,relaxed_basin,5300,0.0,1.0,200,0
N288_M144,pSA,relaxed_basin,5400,0.0,1.0,200,0
N288_M144,pSA,relaxed_basin,5500,0.0,1.0,200,0
N288_M144,pSA,relaxed_basin,5600,0.0,1.0,200,0
N288_M144,pSA,relaxed_basin,5700,0.0,1.0,200,0
N288_M144,pSA,relaxed_basin,5800,0.0,1.0,200,0
N288_M144,pSA,relaxed_basin,5900,0.0,1.0,200,0
N288_M144,pSA,relaxed_basin,6000,0.0,1.0,200,0
N288_M144,pSA,relaxed_basin,6100,0.0,1.0,200,0
N288_M144,pSA,relaxed_basin,6200,0.0,1.0,200,0
N288_M144,pSA,relaxed_basin,6300,0.0,1.0,200,0
N288_M144,pSA,relaxed_basin,6400,0.0,1.0,200,0
N288_M144,pSA,relaxed_basin,6500,0.0,1.0,200,0
N288_M144,pSA,relaxed_basin,6600,0.0,1.0,200,0
N288_M144,pSA,relaxed_basin,6700,0.0,1.0,200,0
N288_M144,pSA,relaxed_basin,6800,0.0,1.0,200,0
N288_M144,pSA,relaxed_basin,6900,0.0,1.0,200,0
N288_M144,pSA,relaxed_basin,7000,0.0,1.0,200,0
N288_M144,pSA,relaxed_basin,7100,0.0,1.0,200,0
N288_M144,pSA,relaxed_basin,7200,0.0,1.0,200,0
N288_M144,pSA,relaxed_basin,7300,0.0,1.0,200,0
N288_M144,pSA,relaxed_basin,7400,0.0,1.0,200,0
N288_M144,pSA,relaxed_basin,7500,0.0,1.0,200,0
N288_M144,pSA,relaxed_basin,7600,0.0,1.0,200,0
N288_M144,pSA,relaxed_basin,7700,0.0,1.0,200,0
N288_M144,pSA,relaxed_basin,7800,0.0,1.0,200,0
N288_M144,pSA,relaxed_basin,7900,0.0,1.0,200,0
N288_M144,pSA,relaxed_basin,8000,0.0,1.0,200,0
N288_M144,pSA,relaxed_basin,8100,0.0,1.0,200,0
N288_M144,pSA,relaxed_basin,8200,0.0,1.0,200,0
N288_M144,pSA,relaxed_basin,8300,0.0,1.0,200,0
N288_M144,pSA,relaxed_basin,8400,0.0,1.0,200,0
N288_M144,pSA,relaxed_basin,8500,0.0,1.0,200,0
N288_M144,pSA,relaxed_basin,8600,0.0,1.0,200,0
N288_M144,pSA,relaxed_basin,8700,0.0,1.0,200,0
N288_M144,pSA,relaxed_basin,8800,0.0,1.0,200,0
N288_M144,pSA,relaxed_basin,8900,0.0,1.0,200,0
N288_M144,pSA,relaxed_basin,9000,0.0,1.0,200,0
N288_M144,pSA,relaxed_basin,9100,0.0,1.0,200,0
N288_M144,pSA,relaxed_basin,9200,0.0,1.0,200,0
N288_M144,pSA,relaxed_basin,9300,0.0,1.0,200,0
N288_M144,pSA,relaxed_basin,9400,0.0,1.0,200,0
N288_M144,pSA,relaxed_basin,9500,0.0,1.0,200,0
N288_M144,pSA,relaxed_basin,9600,0.0,1.0,200,0
N288_M144,pSA,relaxed_basin,9700,0.0,1.0,200,0
N288_M144,pSA,relaxed_basin,9800,0.0,1.0,200,0
N288_M144,pSA,relaxed_basin,9900,0.0,1.0,200,0
N288_M144,pSA,relaxed_basin,10000,0.0,1.0,200,0
N288_M144,pSA,relaxed_basin,10100,0.0,1.0,200,0
N288_M144,pSA,relaxed_basin,10200,0.0,1.0,200,0
N288_M144,pSA,relaxed_basin,10300,0.0,1.0,200,0
N288_M144,pSA,relaxed_basin,10400,0.0,1.0,200,0
N288_M144,pSA,relaxed_basin,10500,0.0,1.0,200,0
N288_M144,pSA,relaxed_basin,10600,0.0,1.0,200,0
N288_M144,pSA,relaxed_basin,10700,0.0,1.0,200,0
N288_M144,pSA,relaxed_basin,10800,0.0,1.0,200,0
N288_M144,pSA,relaxed_basin,10900,0.0,1.0,200,0
N288_M144,pSA,relaxed_basin,11000,0.0,1.0,200,0
N288_M144,pSA,relaxed_basin,11100,0.0,1.0,200,0
N288_M144,pSA,relaxed_basin,11200,0.0,1.0,200,0
N288_M144,pSA,relaxed_basin,11300,0.0,1.0,200,0
N288_M144,pSA,relaxed_basin,11400,0.0,1.0,200,0
N288_M144,pSA,relaxed_basin,11500,0.0,1.0,200,0
N288_M144,pSA,relaxed_basin,11600,0.0,1.0,200,0
N288_M144,pSA,relaxed_basin,11700,0.0,1.0,200,0
N288_M144,pSA,relaxed_basin,11800,0.0,1.0,200,0
N288_M144,pSA,relaxed_basin,11900,0.0,1.0,200,0
N288_M144,pSA,relaxed_basin,12000,0.0,1.0,200,0
N288_M144,pSA,relaxed_basin,12100,0.0,1.0,200,0
N288_M144,pSA,relaxed_basin,12200,0.0,1.0,200,0
N288_M144,pSA,relaxed_basin,12300,0.0,1.0,200,0
N288_M144,pSA,relaxed_basin,12400,0.0,1.0,200,0
N288_M144,pSA,relaxed_basin,12500,0.0,1.0,200,0
N288_M144,pSA,relaxed_basin,12600,0.0,1.0,200,0
N288_M144,pSA,relaxed_basin,12700,0.0,1.0,200,0
N288_M144,pSA,relaxed_basin,12800,0.0,1.0,200,0
N288_M144,pSA,relaxed_basin,12900,0.0,1.0,200,0
N288_M144,pSA,relaxed_basin,13000,0.0,1.0,200,0
N288_M144,pSA,relaxed_basin,13100,0.0,1.0,200,0
N288_M144,pSA,relaxed_basin,13200,0.0,1.0,200,0
N288_M144,pSA,relaxed_basin,13300,0.0,1.0,200,0
N288_M144,pSA,relaxed_basin,13400,0.0,1.0,200,0
N288_M144,pSA,relaxed_basin,13500,0.0,1.0,200,0
N288_M144,pSA,relaxed_basin,13600,0.0,1.0,200,0
N288_M144,pSA,relaxed_basin,13700,0.0,1.0,200,0
N288_M144,pSA,relaxed_basin,13800,0.0,1.0,200,0
N288_M144,pSA,relaxed_basin,13900,0.0,1.0,200,0
N288_M144,pSA,relaxed_basin,14000,0.0,1.0,200,0
N288_M144,pSA,relaxed_basin,14100,0.0,1.0,200,0
N288_M144,pSA,relaxed_basin,14200,0.0,1.0,200,0
N288_M144,pSA,relaxed_basin,14300,0.0,1.0,200,0
N288_M144,pSA,relaxed_basin,14400,0.0,1.0,200,0
N288_M144,pSA,relaxed_basin,14500,0.0,1.0,200,0
N288_M144,pSA,relaxed_basin,14600,0.0,1.0,200,0
N288_M144,pSA,relaxed_basin,14700,0.0,1.0,200,0
N288_M144,pSA,relaxed_basin,14800,0.0,1.0,200,0
N288_M144,pSA,relaxed_basin,14900,0.0,1.0,200,0
N288_M144,pSA,relaxed_basin,15000,0.0,1.0,200,0
N288_M144,pSA,relaxed_basin,15100,0.0,1.0,200,0
N288_M144,pSA,relaxed_basin,15200,0.0,1.0,200,0
N288_M144,pSA,relaxed_basin,15300,0.0,1.0,200,0
N288_M144,pSA,relaxed_basin,15400,0.0,1.0,200,0
N288_M144,pSA,relaxed_basin,15500,0.0,1.0,200,0
N288_M144,pSA,relaxed_basin,15600,0.0,1.0,200,0
N288_M144,pSA,relaxed_basin,15700,0.0,1.0,200,0
N288_M144,pSA,relaxed_basin,15800,0.0,1.0,200,0
N288_M144,pSA,relaxed_basin,15900,0.0,1.0,200,0
N288_M144,pSA,relaxed_basin,16000,0.0,1.0,200,0
N288_M144,pSA,relaxed_basin,16100,0.0,1.0,200,0
N288_M144,pSA,relaxed_basin,16200,0.0,1.0,200,0
N288_M144,pSA,relaxed_basin,16300,0.0,1.0,200,0
N288_M144,pSA,relaxed_basin,16400,0.0,1.0,200,0
N288_M144,pSA,relaxed_basin,16500,0.0,1.0,200,0
N288_M144,pSA,relaxed_basin,16600,0.0,1.0,200,0
N288_M144,pSA,relaxed_basin,16700,0.0,1.0,200,0
N288_M144,pSA,relaxed_basin,16800,0.0,1.0,200,0
N288_M144,pSA,relaxed_basin,16900,0.0,1.0,200,0
N288_M144,pSA,relaxed_basin,17000,0.0,1.0,200,0
N288_M144,pSA,relaxed_basin,17100,0.0,1.0,200,0
N288_M144,pSA,relaxed_basin,17200,0.0,1.0,200,0
N288_M144,pSA,relaxed_basin,17300,0.0,1.0,200,0
N288_M144,pSA,relaxed_basin,17400,0.0,1.0,200,0
N288_M144,pSA,relaxed_basin,17500,0.0,1.0,200,0
N288_M144,pSA,relaxed_basin,17600,0.0,1.0,200,0
N288_M144,pSA,relaxed_basin,17700,0.0,1.0,200,0
N288_M144,pSA,relaxed_basin,17800,0.0,1.0,200,0
N288_M144,pSA,relaxed_basin,17900,0.0,1.0,200,0
N288_M144,pSA,relaxed_basin,18000,0.0,1.0,200,0
N288_M144,pSA,relaxed_basin,18100,0.0,1.0,200,0
N288_M144,pSA,relaxed_basin,18200,0.0,1.0,200,0
N288_M144,pSA,relaxed_basin,18300,0.0,1.0,200,0
N288_M144,pSA,relaxed_basin,18400,0.0,1.0,200,0
N288_M144,pSA,relaxed_basin,18500,0.0,1.0,200,0
N288_M144,pSA,relaxed_basin,18600,0.0,1.0,200,0
N288_M144,pSA,relaxed_basin,18700,0.0,1.0,200,0
N288_M144,pSA,relaxed_basin,18800,0.0,1.0,200,0
N288_M144,pSA,relaxed_basin,18900,0.0,1.0,200,0
N288_M144,pSA,relaxed_basin,19000,0.0,1.0,200,0
N288_M144,pSA,relaxed_basin,19100,0.0,1.0,200,0
N288_M144,pSA,relaxed_basin,19200,0.0,1.0,200,0
N288_M144,pSA,relaxed_basin,19300,0.0,1.0,200,0
N288_M144,pSA,relaxed_basin,19400,0.0,1.0,200,0
N288_M144,pSA,relaxed_basin,19500,0.0,1.0,200,0
N288_M144,pSA,relaxed_basin,19600,0.0,1.0,200,0
N288_M144,pSA,relaxed_basin,19700,0.0,1.0,200,0
N288_M144,pSA,relaxed_basin,19800,0.0,1.0,200,0
N288_M144,pSA,relaxed_basin,19900,0.0,1.0,200,0
N288_M144,pSA,relaxed_basin,20000,0.0,1.0,200,0
N288_M144,pSA,relaxed_basin,20100,0.0,1.0,200,0
N288_M144,pSA,relaxed_basin,20200,0.0,1.0,200,0
N288_M144,pSA,relaxed_basin,20300,0.0,1.0,200,0
N288_M144,pSA,relaxed_basin,20400,0.0,1.0,200,0
N288_M144,pSA,relaxed_basin,20500,0.0,1.0,200,0
N288_M144,pSA,relaxed_basin,20600,0.0,1.0,200,0
N288_M144,pSA,relaxed_basin,20700,0.0,1.0,200,0
N288_M144,pSA,relaxed_basin,20800,0.0,1.0,200,0
N288_M144,pSA,relaxed_basin,20900,0.0,1.0,200,0
N288_M144,pSA,relaxed_basin,21000,0.0,1.0,200,0
N288_M144,pSA,relaxed_basin,21100,0.0,1.0,200,0
N288_M144,pSA,relaxed_basin,21200,0.0,1.0,200,0
N288_M144,pSA,relaxed_basin,21300,0.0,1.0,200,0
N288_M144,pSA,relaxed_basin,21400,0.0,1.0,200,0
N288_M144,pSA,relaxed_basin,21500,0.0,1.0,200,0
N288_M144,pSA,relaxed_basin,21600,0.0,1.0,200,0
N288_M144,pSA,relaxed_basin,21700,0.0,1.0,200,0
N288_M144,pSA,relaxed_basin,21800,0.0,1.0,200,0
N288_M144,pSA,relaxed_basin,21900,0.0,1.0,200,0
N288_M144,pSA,relaxed_basin,22000,0.0,1.0,200,0
N288_M144,pSA,relaxed_basin,22100,0.0,1.0,200,0
N288_M144,pSA,relaxed_basin,22200,0.0,1.0,200,0
N288_M144,pSA,relaxed_basin,22300,0.0,1.0,200,0
N288_M144,pSA,relaxed_basin,22400,0.0,1.0,200,0
N288_M144,pSA,relaxed_basin,22500,0.0,1.0,200,0
N288_M144,pSA,relaxed_basin,22600,0.0,1.0,200,0
N288_M144,pSA,relaxed_basin,22700,0.0,1.0,200,0
N288_M144,pSA,relaxed_basin,22800,0.0,1.0,200,0
N288_M144,pSA,relaxed_basin,22900,0.0,1.0,200,0
N288_M144,pSA,relaxed_basin,23000,0.0,1.0,200,0
N288_M144,pSA,relaxed_basin,23100,0.0,1.0,200,0
N288_M144,pSA,relaxed_basin,23200,0.0,1.0,200,0
N288_M144,pSA,relaxed_basin,23300,0.0,1.0,200,0
N288_M144,pSA,relaxed_basin,23400,0.0,1.0,200,0
N288_M144,pSA,relaxed_basin,23500,0.0,1.0,200,0
N288_M144,pSA,relaxed_basin,23600,0.0,1.0,200,0
N288_M144,pSA,relaxed_basin,23700,0.0,1.0,200,0
N288_M144,pSA,relaxed_basin,23800,0.0,1.0,200,0
N288_M144,pSA,relaxed_basin,23900,0.0,1.0,200,0
N288_M144,pSA,relaxed_basin,24000,0.0,1.0,200,0
N288_M144,pSA,relaxed_basin,24100,0.0,1.0,200,0
N288_M144,pSA,relaxed_basin,24200,0.0,1.0,200,0
N288_M144,pSA,relaxed_basin,24300,0.0,1.0,200,0
N288_M144,pSA,relaxed_basin,24400,0.0,1.0,200,0
N288_M144,pSA,relaxed_basin,24500,0.0,1.0,200,0
N288_M144,pSA,relaxed_basin,24600,0.0,1.0,200,0
N288_M144,pSA,relaxed_basin,24700,0.0,1.0,200,0
N288_M144,pSA,relaxed_basin,24800,0.0,1.0,200,0
N288_M144,pSA,relaxed_basin,24900,0.0,1.0,200,0
N288_M144,pSA,relaxed_basin,25000,0.0,1.0,200,0
N288_M144,pSA,relaxed_basin,25100,0.0,1.0,200,0
N288_M144,pSA,relaxed_basin,25200,0.0,1.0,200,0
N288_M144,pSA,relaxed_basin,25300,0.0,1.0,200,0
N288_M144,pSA,relaxed_basin,25400,0.0,1.0,200,0
N288_M144,pSA,relaxed_basin,25500,0.0,1.0,200,0
N288_M144,pSA,relaxed_basin,25600,0.0,1.0,200,0
N288_M144,pSA,wrong_valid,0,0.0,1.0,200,0
N288_M144,pSA,wrong_valid,100,0.0,1.0,200,0
N288_M144,pSA,wrong_valid,200,0.0,1.0,200,0
N288_M144,pSA,wrong_valid,300,0.0,1.0,200,0
N288_M144,pSA,wrong_valid,400,0.0,1.0,200,0
N288_M144,pSA,wrong_valid,500,0.0,1.0,200,0
N288_M144,pSA,wrong_valid,600,0.0,1.0,200,0
N288_M144,pSA,wrong_valid,700,0.0,1.0,200,0
N288_M144,pSA,wrong_valid,800,0.0,1.0,200,0
N288_M144,pSA,wrong_valid,900,0.0,1.0,200,0
N288_M144,pSA,wrong_valid,1000,0.0,1.0,200,0
N288_M144,pSA,wrong_valid,1100,0.0,1.0,200,0
N288_M144,pSA,wrong_valid,1200,0.0,1.0,200,0
N288_M144,pSA,wrong_valid,1300,0.0,1.0,200,0
N288_M144,pSA,wrong_valid,1400,0.0,1.0,200,0
N288_M144,pSA,wrong_valid,1500,0.0,1.0,200,0
N288_M144,pSA,wrong_valid,1600,0.0,1.0,200,0
N288_M144,pSA,wrong_valid,1700,0.0,1.0,200,0
N288_M144,pSA,wrong_valid,1800,0.0,1.0,200,0
N288_M144,pSA,wrong_valid,1900,0.0,1.0,200,0
N288_M144,pSA,wrong_valid,2000,0.0,1.0,200,0
N288_M144,pSA,wrong_valid,2100,0.0,1.0,200,0
N288_M144,pSA,wrong_valid,2200,0.0,1.0,200,0
N288_M144,pSA,wrong_valid,2300,0.0,1.0,200,0
N288_M144,pSA,wrong_valid,2400,0.0,1.0,200,0
N288_M144,pSA,wrong_valid,2500,0.0,1.0,200,0
N288_M144,pSA,wrong_valid,2600,0.0,1.0,200,0
N288_M144,pSA,wrong_valid,2700,0.0,1.0,200,0
N288_M144,pSA,wrong_valid,2800,0.0,1.0,200,0
N288_M144,pSA,wrong_valid,2900,0.0,1.0,200,0
N288_M144,pSA,wrong_valid,3000,0.0,1.0,200,0
N288_M144,pSA,wrong_valid,3100,0.0,1.0,200,0
N288_M144,pSA,wrong_valid,3200,0.0,1.0,200,0
N288_M144,pSA,wrong_valid,3300,0.0,1.0,200,0
N288_M144,pSA,wrong_valid,3400,0.0,1.0,200,0
N288_M144,pSA,wrong_valid,3500,0.0,1.0,200,0
N288_M144,pSA,wrong_valid,3600,0.0,1.0,200,0
N288_M144,pSA,wrong_valid,3700,0.0,1.0,200,0
N288_M144,pSA,wrong_valid,3800,0.0,1.0,200,0
N288_M144,pSA,wrong_valid,3900,0.0,1.0,200,0
N288_M144,pSA,wrong_valid,4000,0.0,1.0,200,0
N288_M144,pSA,wrong_valid,4100,0.0,1.0,200,0
N288_M144,pSA,wrong_valid,4200,0.0,1.0,200,0
N288_M144,pSA,wrong_valid,4300,0.0,1.0,200,0
N288_M144,pSA,wrong_valid,4400,0.0,1.0,200,0
N288_M144,pSA,wrong_valid,4500,0.0,1.0,200,0
N288_M144,pSA,wrong_valid,4600,0.0,1.0,200,0
N288_M144,pSA,wrong_valid,4700,0.0,1.0,200,0
N288_M144,pSA,wrong_valid,4800,0.0,1.0,200,0
N288_M144,pSA,wrong_valid,4900,0.0,1.0,200,0
N288_M144,pSA,wrong_valid,5000,0.0,1.0,200,0
N288_M144,pSA,wrong_valid,5100,0.0,1.0,200,0
N288_M144,pSA,wrong_valid,5200,0.0,1.0,200,0
N288_M144,pSA,wrong_valid,5300,0.0,1.0,200,0
N288_M144,pSA,wrong_valid,5400,0.0,1.0,200,0
N288_M144,pSA,wrong_valid,5500,0.0,1.0,200,0
N288_M144,pSA,wrong_valid,5600,0.0,1.0,200,0
N288_M144,pSA,wrong_valid,5700,0.0,1.0,200,0
N288_M144,pSA,wrong_valid,5800,0.0,1.0,200,0
N288_M144,pSA,wrong_valid,5900,0.0,1.0,200,0
N288_M144,pSA,wrong_valid,6000,0.0,1.0,200,0
N288_M144,pSA,wrong_valid,6100,0.0,1.0,200,0
N288_M144,pSA,wrong_valid,6200,0.0,1.0,200,0
N288_M144,pSA,wrong_valid,6300,0.0,1.0,200,0
N288_M144,pSA,wrong_valid,6400,0.0,1.0,200,0
N288_M144,pSA,wrong_valid,6500,0.0,1.0,200,0
N288_M144,pSA,wrong_valid,6600,0.0,1.0,200,0
N288_M144,pSA,wrong_valid,6700,0.0,1.0,200,0
N288_M144,pSA,wrong_valid,6800,0.0,1.0,200,0
N288_M144,pSA,wrong_valid,6900,0.0,1.0,200,0
N288_M144,pSA,wrong_valid,7000,0.0,1.0,200,0
N288_M144,pSA,wrong_valid,7100,0.0,1.0,200,0
N288_M144,pSA,wrong_valid,7200,0.0,1.0,200,0
N288_M144,pSA,wrong_valid,7300,0.0,1.0,200,0
N288_M144,pSA,wrong_valid,7400,0.0,1.0,200,0
N288_M144,pSA,wrong_valid,7500,0.0,1.0,200,0
N288_M144,pSA,wrong_valid,7600,0.0,1.0,200,0
N288_M144,pSA,wrong_valid,7700,0.0,1.0,200,0
N288_M144,pSA,wrong_valid,7800,0.0,1.0,200,0
N288_M144,pSA,wrong_valid,7900,0.0,1.0,200,0
N288_M144,pSA,wrong_valid,8000,0.0,1.0,200,0
N288_M144,pSA,wrong_valid,8100,0.0,1.0,200,0
N288_M144,pSA,wrong_valid,8200,0.0,1.0,200,0
N288_M144,pSA,wrong_valid,8300,0.0,1.0,200,0
N288_M144,pSA,wrong_valid,8400,0.0,1.0,200,0
N288_M144,pSA,wrong_valid,8500,0.0,1.0,200,0
N288_M144,pSA,wrong_valid,8600,0.0,1.0,200,0
N288_M144,pSA,wrong_valid,8700,0.0,1.0,200,0
N288_M144,pSA,wrong_valid,8800,0.0,1.0,200,0
N288_M144,pSA,wrong_valid,8900,0.0,1.0,200,0
N288_M144,pSA,wrong_valid,9000,0.0,1.0,200,0
N288_M144,pSA,wrong_valid,9100,0.0,1.0,200,0
N288_M144,pSA,wrong_valid,9200,0.0,1.0,200,0
N288_M144,pSA,wrong_valid,9300,0.0,1.0,200,0
N288_M144,pSA,wrong_valid,9400,0.0,1.0,200,0
N288_M144,pSA,wrong_valid,9500,0.0,1.0,200,0
N288_M144,pSA,wrong_valid,9600,0.0,1.0,200,0
N288_M144,pSA,wrong_valid,9700,0.0,1.0,200,0
N288_M144,pSA,wrong_valid,9800,0.0,1.0,200,0
N288_M144,pSA,wrong_valid,9900,0.0,1.0,200,0
N288_M144,pSA,wrong_valid,10000,0.0,1.0,200,0
N288_M144,pSA,wrong_valid,10100,0.0,1.0,200,0
N288_M144,pSA,wrong_valid,10200,0.0,1.0,200,0
N288_M144,pSA,wrong_valid,10300,0.0,1.0,200,0
N288_M144,pSA,wrong_valid,10400,0.0,1.0,200,0
N288_M144,pSA,wrong_valid,10500,0.0,1.0,200,0
N288_M144,pSA,wrong_valid,10600,0.0,1.0,200,0
N288_M144,pSA,wrong_valid,10700,0.0,1.0,200,0
N288_M144,pSA,wrong_valid,10800,0.0,1.0,200,0
N288_M144,pSA,wrong_valid,10900,0.0,1.0,200,0
N288_M144,pSA,wrong_valid,11000,0.0,1.0,200,0
N288_M144,pSA,wrong_valid,11100,0.0,1.0,200,0
N288_M144,pSA,wrong_valid,11200,0.0,1.0,200,0
N288_M144,pSA,wrong_valid,11300,0.0,1.0,200,0
N288_M144,pSA,wrong_valid,11400,0.0,1.0,200,0
N288_M144,pSA,wrong_valid,11500,0.0,1.0,200,0
N288_M144,pSA,wrong_valid,11600,0.0,1.0,200,0
N288_M144,pSA,wrong_valid,11700,0.0,1.0,200,0
N288_M144,pSA,wrong_valid,11800,0.0,1.0,200,0
N288_M144,pSA,wrong_valid,11900,0.0,1.0,200,0
N288_M144,pSA,wrong_valid,12000,0.0,1.0,200,0
N288_M144,pSA,wrong_valid,12100,0.0,1.0,200,0
N288_M144,pSA,wrong_valid,12200,0.0,1.0,200,0
N288_M144,pSA,wrong_valid,12300,0.0,1.0,200,0
N288_M144,pSA,wrong_valid,12400,0.0,1.0,200,0
N288_M144,pSA,wrong_valid,12500,0.0,1.0,200,0
N288_M144,pSA,wrong_valid,12600,0.0,1.0,200,0
N288_M144,pSA,wrong_valid,12700,0.0,1.0,200,0
N288_M144,pSA,wrong_valid,12800,0.0,1.0,200,0
N288_M144,pSA,wrong_valid,12900,0.0,1.0,200,0
N288_M144,pSA,wrong_valid,13000,0.0,1.0,200,0
N288_M144,pSA,wrong_valid,13100,0.0,1.0,200,0
N288_M144,pSA,wrong_valid,13200,0.0,1.0,200,0
N288_M144,pSA,wrong_valid,13300,0.0,1.0,200,0
N288_M144,pSA,wrong_valid,13400,0.0,1.0,200,0
N288_M144,pSA,wrong_valid,13500,0.0,1.0,200,0
N288_M144,pSA,wrong_valid,13600,0.0,1.0,200,0
N288_M144,pSA,wrong_valid,13700,0.0,1.0,200,0
N288_M144,pSA,wrong_valid,13800,0.0,1.0,200,0
N288_M144,pSA,wrong_valid,13900,0.0,1.0,200,0
N288_M144,pSA,wrong_valid,14000,0.0,1.0,200,0
N288_M144,pSA,wrong_valid,14100,0.0,1.0,200,0
N288_M144,pSA,wrong_valid,14200,0.0,1.0,200,0
N288_M144,pSA,wrong_valid,14300,0.0,1.0,200,0
N288_M144,pSA,wrong_valid,14400,0.0,1.0,200,0
N288_M144,pSA,wrong_valid,14500,0.0,1.0,200,0
N288_M144,pSA,wrong_valid,14600,0.0,1.0,200,0
N288_M144,pSA,wrong_valid,14700,0.0,1.0,200,0
N288_M144,pSA,wrong_valid,14800,0.0,1.0,200,0
N288_M144,pSA,wrong_valid,14900,0.0,1.0,200,0
N288_M144,pSA,wrong_valid,15000,0.0,1.0,200,0
N288_M144,pSA,wrong_valid,15100,0.0,1.0,200,0
N288_M144,pSA,wrong_valid,15200,0.0,1.0,200,0
N288_M144,pSA,wrong_valid,15300,0.0,1.0,200,0
N288_M144,pSA,wrong_valid,15400,0.0,1.0,200,0
N288_M144,pSA,wrong_valid,15500,0.0,1.0,200,0
N288_M144,pSA,wrong_valid,15600,0.0,1.0,200,0
N288_M144,pSA,wrong_valid,15700,0.0,1.0,200,0
N288_M144,pSA,wrong_valid,15800,0.0,1.0,200,0
N288_M144,pSA,wrong_valid,15900,0.0,1.0,200,0
N288_M144,pSA,wrong_valid,16000,0.0,1.0,200,0
N288_M144,pSA,wrong_valid,16100,0.0,1.0,200,0
N288_M144,pSA,wrong_valid,16200,0.0,1.0,200,0
N288_M144,pSA,wrong_valid,16300,0.0,1.0,200,0
N288_M144,pSA,wrong_valid,16400,0.0,1.0,200,0
N288_M144,pSA,wrong_valid,16500,0.0,1.0,200,0
N288_M144,pSA,wrong_valid,16600,0.0,1.0,200,0
N288_M144,pSA,wrong_valid,16700,0.0,1.0,200,0
N288_M144,pSA,wrong_valid,16800,0.0,1.0,200,0
N288_M144,pSA,wrong_valid,16900,0.0,1.0,200,0
N288_M144,pSA,wrong_valid,17000,0.0,1.0,200,0
N288_M144,pSA,wrong_valid,17100,0.0,1.0,200,0
N288_M144,pSA,wrong_valid,17200,0.0,1.0,200,0
N288_M144,pSA,wrong_valid,17300,0.0,1.0,200,0
N288_M144,pSA,wrong_valid,17400,0.0,1.0,200,0
N288_M144,pSA,wrong_valid,17500,0.0,1.0,200,0
N288_M144,pSA,wrong_valid,17600,0.0,1.0,200,0
N288_M144,pSA,wrong_valid,17700,0.0,1.0,200,0
N288_M144,pSA,wrong_valid,17800,0.0,1.0,200,0
N288_M144,pSA,wrong_valid,17900,0.0,1.0,200,0
N288_M144,pSA,wrong_valid,18000,0.0,1.0,200,0
N288_M144,pSA,wrong_valid,18100,0.0,1.0,200,0
N288_M144,pSA,wrong_valid,18200,0.0,1.0,200,0
N288_M144,pSA,wrong_valid,18300,0.0,1.0,200,0
N288_M144,pSA,wrong_valid,18400,0.0,1.0,200,0
N288_M144,pSA,wrong_valid,18500,0.0,1.0,200,0
N288_M144,pSA,wrong_valid,18600,0.0,1.0,200,0
N288_M144,pSA,wrong_valid,18700,0.0,1.0,200,0
N288_M144,pSA,wrong_valid,18800,0.0,1.0,200,0
N288_M144,pSA,wrong_valid,18900,0.0,1.0,200,0
N288_M144,pSA,wrong_valid,19000,0.0,1.0,200,0
N288_M144,pSA,wrong_valid,19100,0.0,1.0,200,0
N288_M144,pSA,wrong_valid,19200,0.0,1.0,200,0
N288_M144,pSA,wrong_valid,19300,0.0,1.0,200,0
N288_M144,pSA,wrong_valid,19400,0.0,1.0,200,0
N288_M144,pSA,wrong_valid,19500,0.0,1.0,200,0
N288_M144,pSA,wrong_valid,19600,0.0,1.0,200,0
N288_M144,pSA,wrong_valid,19700,0.0,1.0,200,0
N288_M144,pSA,wrong_valid,19800,0.0,1.0,200,0
N288_M144,pSA,wrong_valid,19900,0.0,1.0,200,0
N288_M144,pSA,wrong_valid,20000,0.0,1.0,200,0
N288_M144,pSA,wrong_valid,20100,0.0,1.0,200,0
N288_M144,pSA,wrong_valid,20200,0.0,1.0,200,0
N288_M144,pSA,wrong_valid,20300,0.0,1.0,200,0
N288_M144,pSA,wrong_valid,20400,0.0,1.0,200,0
N288_M144,pSA,wrong_valid,20500,0.0,1.0,200,0
N288_M144,pSA,wrong_valid,20600,0.0,1.0,200,0
N288_M144,pSA,wrong_valid,20700,0.0,1.0,200,0
N288_M144,pSA,wrong_valid,20800,0.0,1.0,200,0
N288_M144,pSA,wrong_valid,20900,0.0,1.0,200,0
N288_M144,pSA,wrong_valid,21000,0.0,1.0,200,0
N288_M144,pSA,wrong_valid,21100,0.0,1.0,200,0
N288_M144,pSA,wrong_valid,21200,0.0,1.0,200,0
N288_M144,pSA,wrong_valid,21300,0.0,1.0,200,0
N288_M144,pSA,wrong_valid,21400,0.0,1.0,200,0
N288_M144,pSA,wrong_valid,21500,0.0,1.0,200,0
N288_M144,pSA,wrong_valid,21600,0.0,1.0,200,0
N288_M144,pSA,wrong_valid,21700,0.0,1.0,200,0
N288_M144,pSA,wrong_valid,21800,0.0,1.0,200,0
N288_M144,pSA,wrong_valid,21900,0.0,1.0,200,0
N288_M144,pSA,wrong_valid,22000,0.0,1.0,200,0
N288_M144,pSA,wrong_valid,22100,0.0,1.0,200,0
N288_M144,pSA,wrong_valid,22200,0.0,1.0,200,0
N288_M144,pSA,wrong_valid,22300,0.0,1.0,200,0
N288_M144,pSA,wrong_valid,22400,0.0,1.0,200,0
N288_M144,pSA,wrong_valid,22500,0.0,1.0,200,0
N288_M144,pSA,wrong_valid,22600,0.0,1.0,200,0
N288_M144,pSA,wrong_valid,22700,0.0,1.0,200,0
N288_M144,pSA,wrong_valid,22800,0.0,1.0,200,0
N288_M144,pSA,wrong_valid,22900,0.0,1.0,200,0
N288_M144,pSA,wrong_valid,23000,0.0,1.0,200,0
N288_M144,pSA,wrong_valid,23100,0.0,1.0,200,0
N288_M144,pSA,wrong_valid,23200,0.0,1.0,200,0
N288_M144,pSA,wrong_valid,23300,0.0,1.0,200,0
N288_M144,pSA,wrong_valid,23400,0.0,1.0,200,0
N288_M144,pSA,wrong_valid,23500,0.0,1.0,200,0
N288_M144,pSA,wrong_valid,23600,0.0,1.0,200,0
N288_M144,pSA,wrong_valid,23700,0.0,1.0,200,0
N288_M144,pSA,wrong_valid,23800,0.0,1.0,200,0
N288_M144,pSA,wrong_valid,23900,0.0,1.0,200,0
N288_M144,pSA,wrong_valid,24000,0.0,1.0,200,0
N288_M144,pSA,wrong_valid,24100,0.0,1.0,200,0
N288_M144,pSA,wrong_valid,24200,0.0,1.0,200,0
N288_M144,pSA,wrong_valid,24300,0.0,1.0,200,0
N288_M144,pSA,wrong_valid,24400,0.0,1.0,200,0
N288_M144,pSA,wrong_valid,24500,0.0,1.0,200,0
N288_M144,pSA,wrong_valid,24600,0.0,1.0,200,0
N288_M144,pSA,wrong_valid,24700,0.0,1.0,200,0
N288_M144,pSA,wrong_valid,24800,0.0,1.0,200,0
N288_M144,pSA,wrong_valid,24900,0.0,1.0,200,0
N288_M144,pSA,wrong_valid,25000,0.0,1.0,200,0
N288_M144,pSA,wrong_valid,25100,0.0,1.0,200,0
N288_M144,pSA,wrong_valid,25200,0.0,1.0,200,0
N288_M144,pSA,wrong_valid,25300,0.0,1.0,200,0
N288_M144,pSA,wrong_valid,25400,0.0,1.0,200,0
N288_M144,pSA,wrong_valid,25500,0.0,1.0,200,0
N288_M144,pSA,wrong_valid,25600,0.0,1.0,200,0
