problem,size,mode,stage,candidate_id,rank,graph_type,instance_seed,EbNo_dB,kw,kr,alpha,alpha_mode,psa_p,lambda_mem,response_lambda,I0_min,I0_max,I0_schedule_type,I0_schedule_shape,I0_hold_fraction,decision_method,burn_in,sample_window,n_cycles,BER,FER,syndrome_violation,BP_BER,BP_FER,BER_ratio_to_BP,FER_ratio_to_BP,best_cut,normalized_cut,approximation_ratio,success_rate,score,seed
ldpc,N96_M48,pSA,search,886,1,,,,2.632814839482164,3.882462337427968,1.3977226600565602,snr,0.8079422437086284,0.0,0.0,0.219042585367516,11.338008964669731,exponential,2.0949782032251987,0.2442514776703601,best_state,19248,6063,25600,0.01968315972222222,0.225,0.14166666666666666,0.014404166666666668,0.15986666666666668,1.3664906952077909,1.4074228523769807,,,,,0.20428278939477465,7126234
ldpc,N96_M48,pSA,search,603,2,,,,6.07159503934819,8.701238853151828,1.408043545246457,snr,0.6690696057271701,0.0,0.0,0.030035660879210977,8.907346241058521,exponential,1.1499214426459787,0.24750310091683875,majority,13349,3503,25600,0.01937934027777778,0.22083333333333333,0.14583333333333334,0.014404166666666668,0.15986666666666668,1.3453982258220036,1.3813594662218514,,,,,0.20995585221040092,4885157
ldpc,N96_M48,pSA,search,493,3,,,,2.9864022039245213,5.5757928012863776,1.3431854327813293,snr,0.746224197145558,0.0,0.0,0.14960354352540203,11.98516373699954,cosine,1.097167820209248,0.1924831529793863,best_state,13965,4062,25600,0.02035590277777778,0.23541666666666664,0.1729166666666667,0.014404166666666668,0.15986666666666668,1.4131954488477485,1.4725813177648037,,,,,0.23444526259012016,4014067
ldpc,N96_M48,pSA,search,208,4,,,,4.3336331246167665,6.543673080919476,1.4382428165028036,snr,0.9151237983549031,0.0,0.0,0.6447416537948227,7.022911953016498,constant,1.1251057716693513,0.8470534541352731,best_state,19157,6336,25600,0.021050347222222224,0.225,0.18541666666666667,0.014404166666666668,0.15986666666666668,1.4614068074438338,1.4074228523769807,,,,,0.24403332435118866,1757152
ldpc,N96_M48,pSA,search,308,5,,,,2.130647776463577,3.359978186416052,1.0618739788217293,snr,0.7635900432095077,0.0,0.0,0.17672423379805535,11.330776581511158,exponential,1.2076160953056736,0.865929240051384,best_state,17370,4805,25600,0.021549479166666666,0.2333333333333333,0.17500000000000002,0.014404166666666668,0.15986666666666668,1.49605872143477,1.459549624687239,,,,,0.252837268937591,2549052
ldpc,N96_M48,pSA,search,987,6,,,,3.082055324640338,6.004388683325594,1.4895486295147395,snr,0.7997852541589541,0.0,0.0,0.23480086889266766,8.78587518130858,exponential,1.3504459197869791,0.10104617304203299,best_state,16946,3333,25600,0.019010416666666665,0.22291666666666665,0.13958333333333334,0.014404166666666668,0.15986666666666668,1.3197859415678332,1.394391159299416,,,,,0.2559725475246271,7926053
ldpc,N96_M48,pSA,search,763,7,,,,2.994372595512584,4.868690895732048,1.3620487008648394,snr,0.7041342936028682,0.0,0.0,0.16723341873320482,11.883292378033694,exponential,1.3315610835272942,0.5351018435089224,best_state,19608,1787,25600,0.018923611111111113,0.2041666666666667,0.1416666666666667,0.014404166666666668,0.15986666666666668,1.3137595217433229,1.2771059216013345,,,,,0.2654599328218776,6152197
ldpc,N96_M48,pSA,search,474,8,,,,3.324745976311834,4.856846206543046,1.3438527472371586,snr,0.6984897979196459,0.0,0.0,0.14550822468951213,8.325205590923327,cosine,1.2490285149340632,0.240661853094891,best_state,13435,3903,25600,0.021701388888888885,0.22291666666666668,0.15833333333333333,0.014404166666666668,0.15986666666666668,1.5066049561276633,1.394391159299416,,,,,0.2839980780244644,3863606
ldpc,N96_M48,pSA,search,521,9,,,,4.597500961868684,10.702047855824192,1.4300714538248038,snr,0.6366042626305745,0.0,0.0,0.15608682730722304,10.944381580163022,exponential,1.4038367250551391,0.24021589294658383,best_state,12948,3415,25600,0.02131076388888889,0.23124999999999998,0.16041666666666665,0.014404166666666668,0.15986666666666668,1.4794860669173657,1.4465179316096746,,,,,0.29223790106030056,4235799
ldpc,N96_M48,pSA,search,323,10,,,,2.1935611922671483,3.744884429569563,1.3009725225834363,snr,0.719090079879236,0.0,0.0,0.2103067164283947,11.975371940972913,exponential,1.198973895075374,0.3107623319206446,last,20841,4449,25600,0.0224609375,0.22708333333333333,0.13125,0.014404166666666668,0.15986666666666668,1.5593361295921317,1.4204545454545452,,,,,0.29438414524686723,2667837
ldpc,N96_M48,pSA,search,842,11,,,,2.052632051475023,3.8850063988795256,1.2759939655129546,snr,0.7041066252082087,0.0,0.0,0.20773481471621677,9.963695573148605,exponential,0.08314392368732729,0.22301697764147385,best_state,18920,1284,25600,0.02493489583333333,0.25833333333333336,0.18333333333333335,0.014404166666666668,0.15986666666666668,1.7310890945906854,1.615929941618015,,,,,0.2952660708025622,6777798
ldpc,N96_M48,pSA,search,822,12,,,,2.532015488774391,3.5449126677366936,1.1815525326868919,snr,0.6655997301021388,0.0,0.0,0.21968001242347854,11.110355171908457,exponential,1.4842250997546589,0.27039637279700734,best_state,19443,1619,25600,0.022178819444444442,0.24583333333333332,0.15833333333333335,0.014404166666666668,0.15986666666666668,1.539750265162472,1.537739783152627,,,,,0.2983928357231339,6619418
ldpc,N96_M48,pSA,search,345,13,,,,2.7353266663934357,4.99080957814001,1.1700273841458677,snr,0.7431840035852302,0.0,0.0,0.15581194100122658,9.552953615057655,piecewise,1.0301422425677684,0.004658269329969156,best_state,14879,6402,25600,0.02024739583333333,0.2333333333333333,0.16041666666666668,0.014404166666666668,0.15986666666666668,1.4056624240671098,1.459549624687239,,,,,0.2991138540868207,2842055
ldpc,N96_M48,pSA,search,702,14,,,,3.4937924326559564,4.647322788128165,1.7903649849048808,snr,0.6684306535039493,0.0,0.0,0.17854329852219078,10.964759110572206,exponential,1.3423964451782362,0.2830042220004917,best_state,12416,2392,25600,0.02161458333333333,0.22708333333333333,0.15625,0.014404166666666668,0.15986666666666668,1.5005785363031527,1.4204545454545452,,,,,0.2999286378234889,5669138
ldpc,N96_M48,pSA,search,765,15,,,,2.8052992777864567,4.655298078289219,1.386984023619446,snr,0.7665094605945356,0.0,0.0,0.24308995065060826,11.038068080423422,exponential,1.863572563682769,0.5545261068733968,best_state,19363,3784,25600,0.020551215277777778,0.22708333333333333,0.15,0.014404166666666668,0.15986666666666668,1.4267548934528973,1.4204545454545452,,,,,0.30238669127740603,6168035
ldpc,N96_M48,pSA,search,815,16,,,,2.7589290389350873,4.145363760101707,1.213810806681727,snr,0.6884842809673386,0.0,0.0,0.20227201185289767,10.48252327087016,exponential,0.3436530998547968,0.2736806642374948,best_state,18590,1609,25600,0.023003472222222224,0.23749999999999996,0.15625,0.014404166666666668,0.15986666666666668,1.5970012534953235,1.4856130108423682,,,,,0.3047416914807811,6563985
ldpc,N96_M48,pSA,search,989,17,,,,3.2268499518299474,5.552242937541713,1.3035424707595165,snr,0.7194604949791231,0.0,0.0,0.21585292158826544,8.844515312079727,piecewise,0.5284867479355688,0.2544388874287161,best_state,21443,4119,25600,0.02157118055555556,0.24166666666666667,0.15625,0.014404166666666668,0.15986666666666668,1.497565326390898,1.5116763969974978,,,,,0.3067358971010257,7941891
ldpc,N96_M48,pSA,search,967,18,,,,3.5347226925530126,6.474901697188609,1.5840068321267722,snr,0.7096447366960018,0.0,0.0,0.23823411159172286,10.206226705853421,exponential,1.0517708513203292,0.8513120859479114,best_state,19260,5893,25600,0.021397569444444445,0.25625,0.17500000000000002,0.014404166666666668,0.15986666666666668,1.4855124867418763,1.6028982485404502,,,,,0.3070716733715711,7767673
ldpc,N96_M48,pSA,search,776,19,,,,2.5892970588755206,3.4058878175264526,1.689753619920578,snr,0.712722806841773,0.0,0.0,0.22808577614196868,8.591662183844882,exponential,1.101572357845452,0.444573846441251,best_state,18661,1443,25600,0.021549479166666663,0.25416666666666665,0.15416666666666667,0.014404166666666668,0.15986666666666668,1.4960587214347696,1.5898665554628855,,,,,0.30784291610635994,6255144
ldpc,N96_M48,pSA,search,825,20,,,,2.581140294255185,3.621745204680632,1.1753670406795507,snr,0.6699989798011023,0.0,0.0,0.2285780417023409,11.055578575862778,exponential,0.2046681956904513,0.20990255543678454,best_state,19199,1524,25600,0.024131944444444442,0.22708333333333333,0.15833333333333335,0.014404166666666668,0.15986666666666668,1.6753447112139617,1.4204545454545452,,,,,0.30793478488357634,6643175
ldpc,N96_M48,pSA,search,523,21,,,,4.625500525210949,9.117975956723443,1.414757803348973,snr,0.6501831529410823,0.0,0.0,0.11536988298411671,10.884909568701541,exponential,1.4742724529230413,0.23705677539714387,best_state,12835,2956,25600,0.02541232638888889,0.24583333333333335,0.16666666666666666,0.014404166666666668,0.15986666666666668,1.764234403625494,1.5377397831526272,,,,,0.30962632649245647,4251637
ldpc,N96_M48,pSA,search,913,22,,,,2.481416343205628,3.767868778910013,1.494951223346883,snr,0.7231417817266625,0.0,0.0,0.14994963218682206,8.700412244555645,exponential,1.5591646116579239,0.691210458030328,best_state,17956,6484,25600,0.023111979166666668,0.23124999999999998,0.1708333333333333,0.014404166666666668,0.15986666666666668,1.6045342782759617,1.4465179316096746,,,,,0.31036685902340655,7340047
ldpc,N96_M48,pSA,search,469,23,,,,3.1339155782001695,4.785994171517779,1.3644387944692538,snr,0.7173869570485577,0.0,0.0,0.14380840525970495,8.097149752153891,cosine,1.2006666729030275,0.22729754636565136,best_state,12865,3939,25600,0.022699652777777777,0.23750000000000002,0.16874999999999998,0.014404166666666668,0.15986666666666668,1.575908784109536,1.4856130108423686,,,,,0.3134137833649494,3824011
ldpc,N96_M48,pSA,search,508,24,,,,3.432447457951448,6.878161457725739,1.60422624314023,snr,0.6499591427902163,0.0,0.0,0.12271282000654224,11.970539740323169,exponential,1.1998524158868664,0.21768784710160197,best_state,13684,3645,25600,0.021679687500000003,0.2520833333333334,0.1708333333333333,0.014404166666666668,0.15986666666666668,1.5050983511715361,1.5768348623853212,,,,,0.31465741639029543,4132852
ldpc,N96_M48,pSA,search,524,25,,,,4.551687753745852,5.879859909634165,1.4160397046525024,snr,0.5060010450228585,0.0,0.0,0.12099505790760944,11.09722315644271,exponential,1.4557896628216862,0.24952555358996603,best_state,12971,3147,25600,0.02228732638888889,0.2520833333333333,0.15624999999999997,0.014404166666666668,0.15986666666666668,1.5472832899431106,1.5768348623853208,,,,,0.3147955412521135,4259556
ldpc,N96_M48,pSA,search,233,26,,,,2.0468907350889567,4.105695258161751,1.1659710234207166,snr,0.8651762544400553,0.0,0.0,0.9315369299032747,8.273036783201785,cosine,1.379570580179558,0.8746131210166538,best_state,18632,5916,25600,0.021723090277777777,0.2354166666666667,0.16666666666666666,0.014404166666666668,0.15986666666666668,1.5081115610837912,1.472581317764804,,,,,0.31724443424752524,1955127
ldpc,N96_M48,pSA,search,722,27,,,,3.8055245036596914,5.555177864652118,1.4627151114768182,snr,0.7219460827378442,0.0,0.0,0.20433257105720645,10.475399038106735,exponential,1.758763274223676,0.21074761687041352,best_state,12094,13459,25600,0.02228732638888889,0.23958333333333334,0.14583333333333334,0.014404166666666668,0.15986666666666668,1.5472832899431106,1.498644703919933,,,,,0.3202566499832472,5827518
ldpc,N96_M48,pSA,search,988,28,,,,3.2441764615464854,5.932756065769956,1.321341294630551,snr,0.7222058695514935,0.0,0.0,0.21703879923520372,8.74074816760647,exponential,1.3665331089117008,0.25399278406227255,best_state,17130,7759,25600,0.02016059027777778,0.23750000000000002,0.16458333333333333,0.014404166666666668,0.15986666666666668,1.3996360042425995,1.4856130108423686,,,,,0.3224642582433944,7933972
ldpc,N96_M48,pSA,search,986,29,,,,3.203561412249291,5.88081157204245,1.3160681658818216,snr,0.645033141427659,0.0,0.0,0.22026667564662672,8.937169746701114,piecewise,0.9333064617557655,0.23748643706510036,best_state,16767,3359,25600,0.023372395833333334,0.2583333333333333,0.1729166666666667,0.014404166666666668,0.15986666666666668,1.6226135377494937,1.6159299416180146,,,,,0.32304585659721097,7918134
ldpc,N96_M48,pSA,search,812,30,,,,2.754214791808502,4.105446928388437,1.2506921475088295,snr,0.6936719202022843,0.0,0.0,0.19744492951402043,11.981277238818256,exponential,1.0609969124849,0.38292618793959726,best_state,19386,3952,25600,0.023177083333333334,0.25000000000000006,0.16458333333333333,0.014404166666666668,0.15986666666666668,1.6090540931443447,1.5638031693077565,,,,,0.32523440701888123,6540228
ldpc,N96_M48,pSA,search,843,31,,,,2.5061598253791493,4.12411466868349,1.0785564272353338,snr,0.7502383924149176,0.0,0.0,0.20860520844887273,10.029171191597674,exponential,0.19711879330119872,0.22168807644213775,best_state,18936,1383,25600,0.025455729166666666,0.24375000000000002,0.18958333333333333,0.014404166666666668,0.15986666666666668,1.7672476135377493,1.5247080900750625,,,,,0.3257697811795561,6785717
ldpc,N96_M48,pSA,search,753,32,,,,2.9168099768412206,4.239743292799113,1.1234456777699142,snr,0.7354379724231396,0.0,0.0,0.2123178841401723,11.273052741532071,exponential,2.093946955170206,0.5059030424991271,best_state,20311,1900,25600,0.02261284722222222,0.25,0.15,0.014404166666666668,0.15986666666666668,1.5698823642850255,1.5638031693077563,,,,,0.32712011200415675,6073007
ldpc,N96_M48,pSA,search,510,33,,,,4.57525449009542,6.756842149793636,1.61452618521937,snr,0.522977609695626,0.0,0.0,0.13269584157055248,11.950530722285746,exponential,1.172793369300369,0.26970096707416097,best_state,14064,3607,25600,0.02365451388888889,0.2541666666666667,0.18541666666666667,0.014404166666666668,0.15986666666666668,1.6421994021791535,1.589866555462886,,,,,0.32888666663396726,4148690
ldpc,N96_M48,pSA,search,740,34,,,,3.3449597375116706,5.048354733967585,1.3109868249530603,snr,0.7416249466053915,0.0,0.0,0.18918731831716107,9.591834886610808,exponential,1.2179669915989597,0.5172133701269809,best_state,13031,1952,25600,0.023133680555555553,0.23124999999999998,0.16874999999999998,0.014404166666666668,0.15986666666666668,1.6060408832320892,1.4465179316096746,,,,,0.3293604986913819,5970060
ldpc,N96_M48,pSA,search,455,35,,,,3.409763087551015,5.001773880273256,1.3530925123845607,snr,0.7155269684063535,0.0,0.0,0.16851325276631676,8.93563868225704,cosine,0.8467065061470929,0.2806566248297781,best_state,13442,4044,25600,0.0224609375,0.23958333333333334,0.17708333333333334,0.014404166666666668,0.15986666666666668,1.5593361295921317,1.498644703919933,,,,,0.3295528759058646,3713145
ldpc,N96_M48,pSA,search,520,36,,,,4.572380335179967,5.66266348015433,1.4208973416279629,snr,0.6558484222015712,0.0,0.0,0.11990087883047844,10.962903588843375,exponential,1.4097622630388205,0.23641765936383677,best_state,14329,3470,25600,0.02183159722222222,0.23750000000000002,0.14791666666666667,0.014404166666666668,0.15986666666666668,1.5156445858644294,1.4856130108423686,,,,,0.32982133731762486,4227880
ldpc,N96_M48,pSA,search,818,37,,,,2.557082989439554,3.58926615545525,1.1928826586984687,snr,0.6639000211085937,0.0,0.0,0.18111983066508824,11.938609627643762,exponential,1.5680975717710812,0.4604488428920924,best_state,19349,1625,25600,0.025933159722222224,0.26875,0.17916666666666667,0.014404166666666668,0.15986666666666668,1.8003929225725581,1.6810884070058378,,,,,0.33002471959133134,6587742
ldpc,N96_M48,pSA,search,449,38,,,,3.46925312237764,4.939949320622078,1.4180365561496935,snr,0.7131254947419042,0.0,0.0,0.1381317524996878,8.91173375004406,cosine,0.8872841141210598,0.3707487419341774,best_state,13546,4067,25600,0.021592881944444444,0.23125000000000004,0.16458333333333333,0.014404166666666668,0.15986666666666668,1.4990719313470253,1.4465179316096748,,,,,0.33247592543145876,3665631
ldpc,N96_M48,pSA,search,853,39,,,,1.993350183536895,3.4804549429596303,1.0649115256609762,snr,0.7753892316173502,0.0,0.0,0.23306532647610625,10.450822941930673,exponential,0.05433419031209042,0.22420381042371887,best_state,17697,1255,25600,0.025108506944444445,0.26875,0.1708333333333333,0.014404166666666668,0.15986666666666668,1.7431419342397068,1.6810884070058378,,,,,0.33371402489057206,6864907
ldpc,N96_M48,pSA,search,452,40,,,,2.138814344800301,4.9875014595044895,1.4132776050968812,snr,0.7147063923305819,0.0,0.0,1.3647305363626314,9.190956168721712,cosine,0.48292355389952624,0.28224698185045377,best_state,12473,4096,25600,0.023958333333333335,0.23958333333333334,0.17708333333333334,0.014404166666666668,0.15986666666666668,1.6632918715649407,1.498644703919933,,,,,0.3339384846886775,3689388
ldpc,N96_M48,pSA,search,568,41,,,,6.921379407078571,8.126359349006018,1.3201085837119853,snr,0.5552747822336577,0.0,0.0,0.03459706653477834,9.956267458549835,exponential,1.4041360146641584,0.23072077408332387,best_state,11942,1965,25600,0.021875000000000002,0.2708333333333333,0.16874999999999998,0.014404166666666668,0.15986666666666668,1.5186577957766851,1.6941201000834025,,,,,0.3350943367899165,4607992
ldpc,N96_M48,pSA,search,565,42,,,,4.910111978735007,9.64740983723019,1.329749108007041,snr,0.5544301660632792,0.0,0.0,0.046125746105179805,11.859592873842994,exponential,1.3903515466412537,0.23689259323835027,best_state,13094,3219,25600,0.022743055555555558,0.25833333333333336,0.18125,0.014404166666666668,0.15986666666666668,1.5789219940217916,1.615929941618015,,,,,0.3357632640708121,4584235
ldpc,N96_M48,pSA,search,743,43,,,,2.9115600067829384,5.21141122818042,1.2900320844824194,snr,0.7422428709067586,0.0,0.0,0.18809516529808434,11.997294861342416,exponential,1.9669679965855174,0.5053337094661329,best_state,19792,4061,25600,0.022417534722222226,0.25416666666666665,0.16458333333333333,0.014404166666666668,0.15986666666666668,1.5563229196798767,1.5898665554628855,,,,,0.33604887924608096,5993817
ldpc,N96_M48,pSA,search,762,44,,,,2.9272757074719773,4.822698279510363,1.4053593570462957,snr,0.7042838308084083,0.0,0.0,0.17067365662107528,8.570229617229398,exponential,1.3577257733279684,0.5637263387280095,best_state,21365,1901,25600,0.021961805555555557,0.24375,0.15624999999999997,0.014404166666666668,0.15986666666666668,1.5246842156011957,1.5247080900750623,,,,,0.3369433182856947,6144278
ldpc,N96_M48,pSA,search,845,45,,,,2.4950299313622293,3.806636246464721,1.3034901944926884,snr,0.7037229413205206,0.0,0.0,0.20688244683099066,9.978702212145935,exponential,0.15488759752175638,0.5182455589341562,best_state,19001,1326,25600,0.023676215277777777,0.25833333333333336,0.17708333333333334,0.014404166666666668,0.15986666666666668,1.643706007135281,1.615929941618015,,,,,0.3378966073415486,6801555
ldpc,N96_M48,pSA,search,544,46,,,,6.91895711966716,8.708199434558857,1.2916199754948992,snr,0.5654616244110354,0.0,0.0,0.06758433454304488,10.308134593397677,exponential,1.565640910984078,0.2528494389204103,best_state,13560,2291,25600,0.023328993055555552,0.27499999999999997,0.1875,0.014404166666666668,0.15986666666666668,1.6196003278372382,1.7201834862385317,,,,,0.3380171334460288,4417936
ldpc,N96_M48,pSA,search,862,47,,,,1.982230876847437,3.5555400928636365,1.0499785622933295,snr,0.7809361749138174,0.0,0.0,0.22710827783282642,10.558985196875087,exponential,0.05617563386358615,0.22150826653882003,best_state,17599,1077,25600,0.026085069444444442,0.24583333333333335,0.16458333333333333,0.014404166666666668,0.15986666666666668,1.8109391572654514,1.5377397831526272,,,,,0.33831264036759756,6936178
ldpc,N96_M48,pSA,refine,603,48,,,,6.07159503934819,8.701238853151828,1.408043545246457,snr,0.6690696057271701,0.0,0.0,0.030035660879210977,8.907346241058521,exponential,1.1499214426459787,0.24750310091683875,majority,13349,3503,25600,0.021923611111111112,0.248,0.17433333333333334,0.014404166666666668,0.15986666666666668,1.522032590878411,1.5512927439532942,,,,,0.33858022073183003,215838;215939;216040;216141;216242;216343
ldpc,N96_M48,pSA,search,823,49,,,,2.5275174902721425,3.7025828769580933,1.2044451651025052,snr,0.6679324367919097,0.0,0.0,0.22996347220352134,11.978772573333083,exponential,1.500917710184374,0.26811385247753233,best_state,19598,5826,25600,0.023849826388888894,0.24375,0.15208333333333332,0.014404166666666668,0.15986666666666668,1.6557588467843027,1.5247080900750623,,,,,0.33868256487352144,6627337
ldpc,N96_M48,pSA,search,819,50,,,,2.5358209556345805,3.6262565090893357,1.1815994998517125,snr,0.6589445736089256,0.0,0.0,0.22459058262558146,11.069596180750937,exponential,0.1831501231715391,0.21209831500232967,best_state,19355,1732,25600,0.02280815972222222,0.25625000000000003,0.16666666666666666,0.014404166666666668,0.15986666666666668,1.5834418088901743,1.6028982485404504,,,,,0.3394730992394341,6595661
ldpc,N96_M48,pSA,search,494,51,,,,3.044171059708599,5.49293900182221,1.3155308102896714,snr,0.748974085644822,0.0,0.0,0.14629840029133795,10.349834166333844,exponential,1.0833310394635818,0.634896242602971,best_state,13700,4094,25600,0.02389322916666667,0.24583333333333332,0.16874999999999998,0.014404166666666668,0.15986666666666668,1.6587720566965578,1.537739783152627,,,,,0.3423070871089524,4021986
ldpc,N96_M48,pSA,search,558,52,,,,7.549680723284931,11.673890101171521,1.5133104910480435,snr,0.4864734290749344,0.0,0.0,0.03808547635312898,10.036959579584895,exponential,1.6421329877602187,0.2737953485993609,best_state,14339,2424,25600,0.023111979166666668,0.2604166666666667,0.18958333333333333,0.014404166666666668,0.15986666666666668,1.6045342782759617,1.6289616346955795,,,,,0.3426346893289673,4528802
ldpc,N96_M48,pSA,search,942,53,,,,2.158642625987888,4.277002456381807,1.3957407124003047,snr,0.6482048221976991,0.0,0.0,0.1994995453791619,10.58150385331767,exponential,1.244077777449704,0.4227001838917838,best_state,19850,5665,25600,0.02194010416666667,0.26458333333333334,0.17500000000000002,0.014404166666666668,0.15986666666666668,1.523177610645068,1.6550250208507087,,,,,0.34285551376161616,7569698
ldpc,N96_M48,pSA,search,596,54,,,,3.98846233779713,7.376342151083197,1.572821975147194,snr,0.6594676397246508,0.0,0.0,0.03860264687072792,10.315445576975982,exponential,1.3110945772323512,0.2644187428633163,majority,12490,3633,25600,0.022547743055555555,0.2625,0.18958333333333333,0.014404166666666668,0.15986666666666668,1.5653625494166425,1.6419933277731442,,,,,0.34337403122927657,4829724
ldpc,N96_M48,pSA,refine,523,55,,,,4.625500525210949,9.117975956723443,1.414757803348973,snr,0.6501831529410823,0.0,0.0,0.11536988298411671,10.884909568701541,exponential,1.4742724529230413,0.23705677539714387,best_state,12835,2956,25600,0.02255034722222222,0.24083333333333334,0.16616666666666666,0.014404166666666668,0.15986666666666668,1.5655433420113778,1.5064637197664719,,,,,0.34406875452182145,366299;366400;366501;366602;366703;366804
ldpc,N96_M48,pSA,search,583,56,,,,4.673726698929744,10.006562477289753,1.2060030546175737,snr,0.5455109962486797,0.0,0.0,0.045007933420732164,9.546540696566067,exponential,1.5272526654602123,0.2934437533122436,best_state,13532,3531,25600,0.026302083333333334,0.27708333333333335,0.2020833333333333,0.014404166666666668,0.15986666666666668,1.8260052068267283,1.7332151793160966,,,,,0.3442298686385604,4726777
ldpc,N96_M48,pSA,search,820,57,,,,2.6315750061558325,3.5199975291000785,1.1683990721785547,snr,0.6641866324526344,0.0,0.0,0.2313194284380975,11.970312645994214,exponential,0.13051469607759147,0.4387454500703276,best_state,19322,1651,25600,0.024869791666666665,0.2604166666666667,0.18333333333333335,0.014404166666666668,0.15986666666666668,1.7265692797223025,1.6289616346955795,,,,,0.3442764141314137,6603580
ldpc,N96_M48,pSA,search,805,58,,,,3.8820079615558276,4.196976396054599,1.1995619254045748,snr,0.6878027257145717,0.0,0.0,0.20600725782075277,11.97636636915477,exponential,1.05497027916368,0.395046673925193,best_state,18555,1219,25600,0.02291666666666667,0.2354166666666667,0.13958333333333334,0.014404166666666668,0.15986666666666668,1.590974833670813,1.472581317764804,,,,,0.34496478787414775,6484795
ldpc,N96_M48,pSA,search,982,59,,,,4.1205208338278405,5.244940832916425,1.905934738121411,snr,0.7413976486321999,0.0,0.0,0.10919213015350172,7.806139732072012,exponential,1.7115219651393851,0.15715254723572888,best_state,18343,6866,25600,0.02298177083333333,0.2625,0.16041666666666668,0.014404166666666668,0.15986666666666668,1.5954946485391956,1.6419933277731442,,,,,0.3463370368121385,7886458
ldpc,N96_M48,pSA,search,423,60,,,,2.3730836631374763,4.4541503456832885,1.466830458846269,snr,0.765370627241848,0.0,0.0,0.1329814934261029,9.610386418890165,cosine,0.9119667755069922,0.29067336468400684,best_state,15621,4821,25600,0.022591145833333336,0.25208333333333327,0.18125,0.014404166666666668,0.15986666666666668,1.568375759328898,1.5768348623853206,,,,,0.3497554572704005,3459737
ldpc,N96_M48,pSA,search,773,61,,,,3.458442519566193,3.7200199183076346,1.71742569293757,snr,0.7029959381554409,0.0,0.0,0.19787196107837554,9.750983244912085,exponential,1.1277681260004049,0.4533908024030317,best_state,20376,1637,25600,0.02406684027777778,0.24791666666666667,0.13749999999999998,0.014404166666666668,0.15986666666666668,1.670824896345579,1.5507714762301916,,,,,0.3502749723179242,6231387
ldpc,N96_M48,pSA,search,347,62,,,,2.7118240192684855,4.940227831770055,1.1814864285864506,snr,0.7386348030933954,0.0,0.0,0.18994423634536559,7.4217583858822485,cosine,1.0072065818681637,0.8843030852548087,best_state,15849,4953,25600,0.02263454861111111,0.23958333333333337,0.18541666666666667,0.014404166666666668,0.15986666666666668,1.5713889692411531,1.4986447039199333,,,,,0.35131820213123943,2857893
ldpc,N96_M48,pSA,search,906,63,,,,3.3891849822575613,5.02352578205097,1.2121709314244131,snr,0.6610224463531055,0.0,0.0,0.21877421180458695,11.908662703887174,exponential,1.3254173422716,0.2221410057536059,last,17067,6169,25600,0.02827690972222222,0.24166666666666667,0.1729166666666667,0.014404166666666668,0.15986666666666668,1.9631062578343454,1.5116763969974978,,,,,0.35156005214379016,7284614
ldpc,N96_M48,pSA,search,601,64,,,,5.980697939748806,7.9043100085323985,1.829394436638016,snr,0.5753374315828336,0.0,0.0,0.039640509392332345,9.293465382104122,exponential,1.1718746880567072,0.2451515937049796,majority,13244,3500,25600,0.022786458333333332,0.26666666666666666,0.18541666666666667,0.014404166666666668,0.15986666666666668,1.5819352039340466,1.6680567139282734,,,,,0.351840732050577,4869319
ldpc,N96_M48,pSA,search,754,65,,,,3.4546850532339732,4.192019925091129,1.1294497286404601,snr,0.7322195667470839,0.0,0.0,0.21237568406823626,10.948507183052943,exponential,1.4478946305998046,0.47536716358762765,best_state,20497,1974,25600,0.02322048611111111,0.24791666666666665,0.14791666666666667,0.014404166666666668,0.15986666666666668,1.6120673030566,1.5507714762301916,,,,,0.3518739675488182,6080926
ldpc,N96_M48,pSA,search,529,66,,,,5.693393992501148,10.498438296816209,1.4160723050412138,snr,0.507550989306912,0.0,0.0,0.05214764919167142,11.850995931612038,exponential,1.7369221185301342,0.20210680601099176,best_state,14152,2651,25600,0.024305555555555556,0.2541666666666667,0.1875,0.014404166666666668,0.15986666666666668,1.6873975508629833,1.589866555462886,,,,,0.3544321119407454,4299151
ldpc,N96_M48,pSA,search,887,67,,,,3.068226828670212,4.007878261717974,1.365971014041406,snr,0.8075165820083298,0.0,0.0,0.4166534897936722,11.265054991082811,exponential,0.17059082468714554,0.241735790925515,best_state,18494,1429,25600,0.02352430555555556,0.23958333333333334,0.16666666666666666,0.014404166666666668,0.15986666666666668,1.6331597724423876,1.498644703919933,,,,,0.35480750202382594,7134153
ldpc,N96_M48,pSA,search,535,68,,,,5.8067480221492564,10.184606074979282,1.413190285810809,snr,0.6161704666810472,0.0,0.0,0.15729369066315188,10.744157805039944,exponential,1.7915732995181164,0.19978806880933447,best_state,14114,3100,25600,0.025889756944444443,0.26458333333333334,0.1875,0.014404166666666668,0.15986666666666668,1.7973797126603026,1.6550250208507087,,,,,0.3553683284649661,4346665
ldpc,N96_M48,pSA,search,851,69,,,,2.0630507930502944,4.093648232121425,1.299017156766427,snr,0.7109732406675294,0.0,0.0,0.20745526205516582,9.996048572920108,exponential,0.2873889062627634,0.518729583518593,best_state,18838,1800,25600,0.026931423611111113,0.26458333333333334,0.19791666666666666,0.014404166666666668,0.15986666666666668,1.8696967505544306,1.6550250208507087,,,,,0.3554751126088921,6849069
ldpc,N96_M48,pSA,search,703,70,,,,5.052824911751817,6.73776081921829,1.7682146905347018,snr,0.5765946602836628,0.0,0.0,0.19411444665276475,10.939176352642033,exponential,1.3490099286668893,0.28345126019468114,best_state,12443,3075,25600,0.022547743055555555,0.2333333333333333,0.17083333333333336,0.014404166666666668,0.15986666666666668,1.5653625494166425,1.459549624687239,,,,,0.35650012538000486,5677057
ldpc,N96_M48,pSA,search,933,71,,,,1.6007097767606082,2.5419195238744376,1.6090010963025907,snr,0.6933637966661431,0.0,0.0,0.14511497051639327,6.78625196550339,exponential,2.077869225072098,0.7416873438314714,majority,17527,6546,25600,0.02146267361111111,0.2604166666666667,0.18125,0.014404166666666668,0.15986666666666668,1.4900323016102592,1.6289616346955795,,,,,0.3572500334367267,7498427
ldpc,N96_M48,pSA,search,848,72,,,,2.0973868714967456,3.9707687386523074,1.0925383842932095,snr,0.7065722107106743,0.0,0.0,0.20426416172926573,9.94198274763384,exponential,0.15754143825901507,0.5172189682675703,best_state,18851,1348,25600,0.023784722222222224,0.25625000000000003,0.16666666666666666,0.014404166666666668,0.15986666666666668,1.6512390319159194,1.6028982485404504,,,,,0.35807590721959315,6825312
ldpc,N96_M48,pSA,search,543,73,,,,7.145676398549148,8.651911567343793,1.267514264783374,snr,0.5851430436603371,0.0,0.0,0.16264471245135187,11.845803516474875,exponential,2.2709874250138475,0.1858786874107985,best_state,12808,2356,25600,0.024739583333333332,0.25833333333333336,0.16458333333333333,0.014404166666666668,0.15986666666666668,1.7175296499855364,1.615929941618015,,,,,0.35865097092259557,4410017
ldpc,N96_M48,pSA,final,603,74,,,,6.07159503934819,8.701238853151828,1.408043545246457,snr,0.6690696057271701,0.0,0.0,0.030035660879210977,8.907346241058521,exponential,1.1499214426459787,0.24750310091683875,majority,13349,3503,25600,0.022753819444444445,0.26156666666666667,0.18083333333333332,0.014404166666666668,0.15986666666666668,1.5796692700800308,1.6361551292743952,,,,,0.3593753262123177,607919;615941;623963;631985;640007;648029;656051;664073;672095;680117
ldpc,N96_M48,pSA,search,650,75,,,,4.513138103758339,5.960826304022495,1.466171467056444,snr,0.6350390084573149,0.0,0.0,0.14887216246370938,9.782283502491918,exponential,1.271173115972779,0.19143935350093988,majority,11296,2890,25600,0.0234375,0.26458333333333334,0.18958333333333333,0.014404166666666668,0.15986666666666668,1.6271333526178766,1.6550250208507087,,,,,0.3595349950805866,5257350
ldpc,N96_M48,pSA,search,533,76,,,,5.48428461402409,10.504930203028954,1.4875451742567272,snr,0.6183708678608358,0.0,0.0,0.15422512892983692,10.807642684605732,exponential,1.6900004388424301,0.21060288625747708,best_state,14381,2412,25600,0.023958333333333335,0.25625000000000003,0.19583333333333333,0.014404166666666668,0.15986666666666668,1.6632918715649407,1.6028982485404504,,,,,0.35955543419280744,4330827
ldpc,N96_M48,pSA,search,666,77,,,,7.022392235003388,11.822140247614945,1.1124289058013386,snr,0.5125582624772334,0.0,0.0,0.04494075760922711,11.98072463204174,exponential,1.5027341483071843,0.2638762610674603,best_state,14837,3964,25600,0.02743055555555556,0.28124999999999994,0.21875,0.014404166666666668,0.15986666666666668,1.9043486645453669,1.7592785654712255,,,,,0.3605816595913827,5384054
ldpc,N96_M48,pSA,search,528,78,,,,4.553743818523064,8.326974323130978,1.3959054850605521,snr,0.6221468137293574,0.0,0.0,0.11350883885924457,11.048269615580262,exponential,1.4396890308523078,0.24214580697378724,best_state,12841,3506,25600,0.02378472222222222,0.24791666666666665,0.17916666666666667,0.014404166666666668,0.15986666666666668,1.6512390319159191,1.5507714762301916,,,,,0.3612627734714563,4291232
ldpc,N96_M48,pSA,search,924,79,,,,2.806757080086116,3.8015570552810773,1.4964652184614027,snr,0.7177052999858188,0.0,0.0,0.1572578553004329,8.653428317435905,exponential,1.1414225463676144,0.6578577898030138,best_state,22174,3379,25600,0.023936631944444443,0.26875,0.1708333333333333,0.014404166666666668,0.15986666666666668,1.6617852666088129,1.6810884070058378,,,,,0.3638321337980806,7427156
ldpc,N96_M48,pSA,search,675,80,,,,7.064509433856776,10.597387321085304,1.3138225432748807,snr,0.6692219469612587,0.0,0.0,0.12620599347138925,9.942735041105662,exponential,1.9595236942786947,0.23298709463404668,best_state,13339,4273,25600,0.02339409722222222,0.24791666666666665,0.17500000000000002,0.014404166666666668,0.15986666666666668,1.624120142705621,1.5507714762301916,,,,,0.363983250498624,5455325
ldpc,N96_M48,pSA,search,730,81,,,,3.590620392874882,5.605926346454412,1.472262928197221,snr,0.7265929913351145,0.0,0.0,0.1186876110092348,10.051727094492701,exponential,1.7092332409013835,0.3942337994415793,best_state,40,1525,25600,0.02328559027777778,0.2291666666666667,0.15833333333333333,0.014404166666666668,0.15986666666666668,1.616587117924983,1.4334862385321103,,,,,0.36420354166809377,5890870
ldpc,N96_M48,pSA,search,616,82,,,,5.462586843148752,9.989857020953226,1.3938734222150257,snr,0.6587715391845193,0.0,0.0,0.034066864499261974,10.383137761881898,exponential,1.4044728022855306,0.21315013145962425,majority,13819,4146,25600,0.02298177083333333,0.26666666666666666,0.1958333333333334,0.014404166666666668,0.15986666666666668,1.5954946485391956,1.6680567139282734,,,,,0.3643251578550868,4988104
ldpc,N96_M48,pSA,search,849,83,,,,2.4759169521929385,3.8064621617780277,1.3249239758384261,snr,0.703854394066995,0.0,0.0,0.20554000376955986,9.984609860999136,exponential,0.10472646618177991,0.5161315923329272,best_state,18971,1393,25600,0.024283854166666664,0.26666666666666666,0.17500000000000002,0.014404166666666668,0.15986666666666668,1.6858909459068554,1.6680567139282734,,,,,0.36452856289194924,6833231
ldpc,N96_M48,pSA,search,970,84,,,,3.5469750551314445,6.038487635149991,1.6123045352874068,snr,0.7082799997127454,0.0,0.0,0.24121172243572206,10.418639003621552,exponential,1.0792555443075442,0.2539392529059275,best_state,19130,6147,25600,0.024370659722222226,0.23958333333333334,0.17708333333333334,0.014404166666666668,0.15986666666666668,1.6919173657313664,1.498644703919933,,,,,0.3656078172749431,7791430
ldpc,N96_M48,pSA,search,885,85,,,,2.615867109375876,2.714539392406903,1.3906912188707379,snr,0.6872746489576615,0.0,0.0,0.2169207455225367,11.922698360365468,exponential,1.8090479941443187,0.24416239954768906,best_state,20894,4624,25600,0.027387152777777774,0.23958333333333334,0.12916666666666668,0.014404166666666668,0.15986666666666668,1.9013354546331112,1.498644703919933,,,,,0.36658679768225705,7118315
ldpc,N96_M48,pSA,search,925,86,,,,3.0308386545083628,3.355777665709369,1.6378721122246063,snr,0.6932867856239082,0.0,0.0,0.16740051918932872,7.317462599812296,exponential,1.8524164929757585,0.6181275854915211,majority,17644,7158,25600,0.022851562500000002,0.26875,0.15208333333333332,0.014404166666666668,0.15986666666666668,1.58645501880243,1.6810884070058378,,,,,0.36688691616955993,7435075
ldpc,N96_M48,pSA,search,353,87,,,,3.1627820427023297,5.558960864034337,1.0521899610718726,snr,0.7247110934466695,0.0,0.0,0.13058961462197566,5.428942235148354,cosine,0.8006428484480584,0.031577585635391064,best_state,15962,4642,25600,0.02619357638888889,0.2604166666666667,0.18541666666666667,0.014404166666666668,0.15986666666666668,1.81847218204609,1.6289616346955795,,,,,0.3692638840249096,2905407
ldpc,N96_M48,pSA,search,534,88,,,,4.360605489742301,10.529555740655894,1.3973121957032344,snr,0.6055954881416447,0.0,0.0,0.15708741658612882,10.644603717956038,exponential,1.7577245082625814,0.1921204201659681,best_state,13242,2442,25600,0.02406684027777778,0.26666666666666666,0.1875,0.014404166666666668,0.15986666666666668,1.670824896345579,1.6680567139282734,,,,,0.3697319406591175,4338746
ldpc,N96_M48,pSA,refine,989,89,,,,3.2268499518299474,5.552242937541713,1.3035424707595165,snr,0.7194604949791231,0.0,0.0,0.21585292158826544,8.844515312079727,piecewise,0.5284867479355688,0.2544388874287161,best_state,21443,4119,25600,0.023673611111111114,0.2555,0.18033333333333332,0.014404166666666668,0.15986666666666668,1.643525214540546,1.598206839032527,,,,,0.3701161168465888,334623;334724;334825;334926;335027;335128
ldpc,N96_M48,pSA,search,742,90,,,,2.9008191566307913,5.171905795697474,1.2880858092981926,snr,0.7437164291604424,0.0,0.0,0.16461734380628829,2.143359046235198,exponential,0.41583941412310477,0.7193144837425346,best_state,11227,13931,25600,0.025781250000000002,0.2625,0.20416666666666664,0.014404166666666668,0.15986666666666668,1.7898466878796644,1.6419933277731442,,,,,0.371138172267484,5985898
ldpc,N96_M48,pSA,search,975,91,,,,4.295376362838901,5.316323865801768,1.8547330489450344,snr,0.6720112466475183,0.0,0.0,0.30540397959091964,9.869444563381366,exponential,1.7594689687306206,0.8050853841546121,best_state,18219,5948,25600,0.025000000000000005,0.2604166666666667,0.1708333333333333,0.014404166666666668,0.15986666666666668,1.7356089094590688,1.6289616346955795,,,,,0.371374598854656,7831025
ldpc,N96_M48,pSA,search,514,92,,,,3.4894916464165826,6.552288727885551,1.606694370886808,snr,0.658310569302717,0.0,0.0,0.12626609109436632,11.752635610173947,exponential,1.1785389028218503,0.23351526058868644,best_state,13238,3674,25600,0.02326388888888889,0.24375000000000002,0.15833333333333335,0.014404166666666668,0.15986666666666668,1.6150805129688555,1.5247080900750625,,,,,0.37178217964688365,4180366
ldpc,N96_M48,pSA,search,919,93,,,,2.380253216518524,3.826962204977571,1.4682956348436877,snr,0.7119772391395297,0.0,0.0,0.15410348513209485,8.954754307549745,exponential,1.146873285354316,0.19721448679238762,best_state,18099,6474,25600,0.022677951388888885,0.25625000000000003,0.16041666666666665,0.014404166666666668,0.15986666666666668,1.5744021791534082,1.6028982485404504,,,,,0.37230901390964116,7387561
ldpc,N96_M48,pSA,refine,345,94,,,,2.7353266663934357,4.99080957814001,1.1700273841458677,snr,0.7431840035852302,0.0,0.0,0.15581194100122658,9.552953615057655,piecewise,1.0301422425677684,0.004658269329969156,best_state,14879,6402,25600,0.02459201388888889,0.2578333333333333,0.17966666666666664,0.014404166666666668,0.15986666666666668,1.7072847362838683,1.6128023352793992,,,,,0.37288774885536413,302947;303048;303149;303250;303351;303452
ldpc,N96_M48,pSA,refine,469,95,,,,3.1339155782001695,4.785994171517779,1.3644387944692538,snr,0.7173869570485577,0.0,0.0,0.14380840525970495,8.097149752153891,cosine,1.2006666729030275,0.22729754636565136,best_state,12865,3939,25600,0.024881944444444446,0.26499999999999996,0.18333333333333335,0.014404166666666668,0.15986666666666668,1.7274129784977341,1.6576313594662213,,,,,0.3739564835030769,382137;382238;382339;382440;382541;382642
ldpc,N96_M48,pSA,search,729,96,,,,3.7380829773921493,5.637880663052011,1.5355606979560465,snr,0.716047465888652,0.0,0.0,0.20604236579776394,10.490408154162347,exponential,1.6405392737200843,0.16461869579381247,best_state,12077,3002,25600,0.02517361111111111,0.23750000000000002,0.1708333333333333,0.014404166666666668,0.15986666666666668,1.7476617491080895,1.4856130108423686,,,,,0.37426307852352697,5882951
ldpc,N96_M48,pSA,search,401,97,,,,2.4076120806610795,5.494452347424669,1.0683900615863493,snr,0.7766407250508908,0.0,0.0,0.11667191894984878,6.591738644355193,cosine,0.8085694913163529,0.4274377735877741,best_state,16760,4407,25600,0.02502170138888889,0.2625,0.17916666666666667,0.014404166666666668,0.15986666666666668,1.7371155144151962,1.6419933277731442,,,,,0.37438093131102296,3285519
ldpc,N96_M48,pSA,search,966,98,,,,3.5800040657837275,6.557746921529761,1.5904785419293526,snr,0.7034126777918777,0.0,0.0,0.24738155175757937,10.440604345038233,exponential,1.0762616675435146,0.8553655774801768,best_state,19107,6345,25600,0.024305555555555552,0.27708333333333335,0.17500000000000002,0.014404166666666668,0.15986666666666668,1.687397550862983,1.7332151793160966,,,,,0.37466003953658805,7759754
ldpc,N96_M48,pSA,search,570,99,,,,5.009150617287318,7.766302960357347,1.338839167193912,snr,0.4285921759515052,0.0,0.0,0.04235442391907575,11.975396640530851,exponential,1.4182837266425004,0.2368238056327893,best_state,12160,3335,25600,0.023719618055555555,0.25625000000000003,0.20624999999999996,0.014404166666666668,0.15986666666666668,1.6467192170475362,1.6028982485404504,,,,,0.37477597876229846,4623830
ldpc,N96_M48,pSA,search,914,100,,,,2.941048719820048,4.018597876113729,1.479819118010507,snr,0.723272183629967,0.0,0.0,0.15659047867659337,8.61643738796841,exponential,1.5585108548599085,0.700205225863295,best_state,17732,6525,25600,0.02345920138888889,0.2520833333333333,0.15625000000000003,0.014404166666666668,0.15986666666666668,1.6286399575740043,1.5768348623853208,,,,,0.3751917968887722,7347966
ldpc,N96_M48,pSA,search,659,101,,,,4.67119888142267,6.0040495687687265,1.4607989238945513,snr,0.5571828770571364,0.0,0.0,0.14275931024420563,9.831102609351255,exponential,1.269840561537447,0.23271333749496848,majority,23327,2218,25600,0.024001736111111113,0.26875,0.2020833333333333,0.014404166666666668,0.15986666666666668,1.666305081477196,1.6810884070058378,,,,,0.3756100809107772,5328621
ldpc,N96_M48,pSA,search,893,102,,,,2.0939782023594713,3.689187094260891,1.5094524042682238,snr,0.7176912450190691,0.0,0.0,0.1727743325072796,9.92782086070316,exponential,0.11848558053349283,0.26809318486827727,best_state,18751,415,19200,0.02322048611111111,0.23958333333333334,0.17500000000000002,0.014404166666666668,0.15986666666666668,1.6120673030566,1.498644703919933,,,,,0.3766055340607701,7181667
ldpc,N96_M48,pSA,search,360,103,,,,3.1829968768076693,5.417138601425634,1.0353536750215446,snr,0.7324633227541083,0.0,0.0,0.1304289549462412,8.922013894736383,cosine,0.8392404320331981,0.13821388277142777,best_state,15403,4654,25600,0.024804687500000002,0.2770833333333333,0.2125,0.014404166666666668,0.15986666666666668,1.7220494648539195,1.7332151793160964,,,,,0.37683479460746444,2960840
ldpc,N96_M48,pSA,refine,722,104,,,,3.8055245036596914,5.555177864652118,1.4627151114768182,snr,0.7219460827378442,0.0,0.0,0.20433257105720645,10.475399038106735,exponential,1.758763274223676,0.21074761687041352,best_state,12094,13459,25600,0.023609375000000002,0.25766666666666665,0.17266666666666663,0.014404166666666668,0.15986666666666668,1.639065663870408,1.611759799833194,,,,,0.37719497006226566,413813;413914;414015;414116;414217;414318
ldpc,N96_M48,pSA,search,726,105,,,,3.6190965327215157,4.009436209747861,1.4488201734787751,snr,0.723924190078157,0.0,0.0,0.20926500993574626,10.75229934250923,exponential,1.6797216013515088,0.16371120334866857,best_state,11921,2205,25600,0.023350694444444445,0.25,0.14166666666666666,0.014404166666666668,0.15986666666666668,1.621106932793366,1.5638031693077563,,,,,0.378149165102427,5859194
ldpc,N96_M48,pSA,search,444,106,,,,2.6341425506530514,4.249869858826924,1.6571448852082522,snr,0.7393604114524375,0.0,0.0,0.1212398868656155,2.7653301782049486,cosine,1.0684481581904575,0.33756605932690487,best_state,11835,3958,25600,0.022547743055555555,0.24583333333333332,0.18333333333333332,0.014404166666666668,0.15986666666666668,1.5653625494166425,1.537739783152627,,,,,0.3788546233519032,3626036
ldpc,N96_M48,pSA,search,775,107,,,,2.625130386636681,3.788609348863037,1.6152764713661691,snr,0.7029144220083413,0.0,0.0,0.21488042690422085,8.534772342646537,exponential,1.120923592566994,0.5492586056288657,best_state,19046,3799,25600,0.02517361111111111,0.25416666666666665,0.18541666666666667,0.014404166666666668,0.15986666666666668,1.7476617491080895,1.5898665554628855,,,,,0.3791421710021094,6247225
ldpc,N96_M48,pSA,search,560,108,,,,7.884280426985577,11.69385144730853,1.2743374161626786,snr,0.5914875064299778,0.0,0.0,0.05634244892561576,10.20145152191663,exponential,1.5677772801209138,0.22638923329165248,best_state,14371,2570,25600,0.02651909722222222,0.26875,0.17708333333333334,0.014404166666666668,0.15986666666666668,1.841071256388005,1.6810884070058378,,,,,0.3793397900273932,4544640
ldpc,N96_M48,pSA,search,592,109,,,,4.191022364251783,7.347298506329181,1.5786635090319545,snr,0.6490053836903713,0.0,0.0,0.0458032023938243,10.477278322440785,piecewise,1.3042308760024475,0.2668367578330591,best_state,12473,3799,25600,0.025390625,0.26458333333333334,0.20625000000000002,0.014404166666666668,0.15986666666666668,1.7627277986693664,1.6550250208507087,,,,,0.379935955454969,4798048
ldpc,N96_M48,pSA,search,579,110,,,,4.613064347651409,10.067508900979659,1.206759565226337,snr,0.550291381897353,0.0,0.0,0.03694947944462612,9.60128571891466,exponential,1.5782748570859295,0.28912887231790585,best_state,11563,1700,25600,0.025151909722222223,0.27291666666666664,0.2020833333333333,0.014404166666666668,0.15986666666666668,1.746155144151962,1.7071517931609672,,,,,0.38029070026672857,4695101
ldpc,N96_M48,pSA,search,573,111,,,,6.8746464803746274,8.514312251587384,1.3163921248297061,snr,0.4437125500659771,0.0,0.0,0.03736920590530502,11.948829873914326,exponential,1.4118144005135598,0.22744039683049658,best_state,12928,3287,25600,0.024804687499999995,0.2854166666666667,0.2041666666666667,0.014404166666666668,0.15986666666666668,1.722049464853919,1.7853419516263553,,,,,0.38056499237296293,4647587
ldpc,N96_M48,pSA,refine,988,112,,,,3.2441764615464854,5.932756065769956,1.321341294630551,snr,0.7222058695514935,0.0,0.0,0.21703879923520372,8.74074816760647,exponential,1.3665331089117008,0.25399278406227255,best_state,17130,7759,25600,0.02423263888888889,0.255,0.17866666666666664,0.014404166666666668,0.15986666666666668,1.6823353582103944,1.5950792326939114,,,,,0.3808172431001546,421732;421833;421934;422035;422136;422237
ldpc,N96_M48,pSA,refine,842,113,,,,2.052632051475023,3.8850063988795256,1.2759939655129546,snr,0.7041066252082087,0.0,0.0,0.20773481471621677,9.963695573148605,exponential,0.08314392368732729,0.22301697764147385,best_state,18920,1284,25600,0.02511979166666667,0.2571666666666667,0.1815,0.014404166666666668,0.15986666666666668,1.7439253688168932,1.6086321934945789,,,,,0.3815610365922371,287109;287210;287311;287412;287513;287614
ldpc,N96_M48,pSA,search,619,114,,,,5.421684983983219,10.016177655213543,1.3810230361644162,snr,0.659894568846507,0.0,0.0,0.03820716438461909,10.571437329638071,exponential,1.4126651135750492,0.2150881014395348,majority,13643,3012,25600,0.02341579861111111,0.26875,0.18541666666666667,0.014404166666666668,0.15986666666666668,1.625626747661749,1.6810884070058378,,,,,0.38211026129684317,5011861
ldpc,N96_M48,pSA,search,945,115,,,,2.2101970999449194,4.411361438305898,1.3866841958497487,snr,0.7352464909940131,0.0,0.0,0.35894420962937934,11.116986218553645,exponential,1.3229580864649413,0.30019881158642664,best_state,19905,5640,25600,0.023372395833333334,0.25833333333333336,0.18125,0.014404166666666668,0.15986666666666668,1.6226135377494937,1.615929941618015,,,,,0.3825906992684753,7593455
ldpc,N96_M48,pSA,search,600,116,,,,4.1309575661874325,8.400539296748702,1.5332826513926003,snr,0.6405587827055265,0.0,0.0,0.042998162942437565,10.48271411455557,piecewise,1.2706802710435336,0.2628249017351209,majority,12398,3821,25600,0.025716145833333332,0.27499999999999997,0.19999999999999998,0.014404166666666668,0.15986666666666668,1.7853268730112812,1.7201834862385317,,,,,0.38276739818472827,4861400
ldpc,N96_M48,pSA,search,922,117,,,,2.4789277246031745,3.8365328176324978,1.4723311963613437,snr,0.7139143768723408,0.0,0.0,0.15446229753012203,8.760907997700391,exponential,1.571630445946888,0.18784614844743325,best_state,19086,6290,25600,0.024479166666666663,0.2604166666666667,0.16875000000000004,0.014404166666666668,0.15986666666666668,1.6994503905120042,1.6289616346955795,,,,,0.38332599249070326,7411318
ldpc,N96_M48,pSA,search,974,118,,,,4.195225889565327,7.118182998156561,1.9865952944603997,snr,0.7442562048355048,0.0,0.0,0.3012566749186973,9.66262925525147,exponential,1.7036697803636196,0.8144762215872523,best_state,18409,5883,25600,0.023763020833333332,0.27499999999999997,0.19374999999999998,0.014404166666666668,0.15986666666666668,1.6497324269597915,1.7201834862385317,,,,,0.3834140471792026,7823106
ldpc,N96_M48,pSA,search,888,119,,,,2.6098533026514166,4.000199306509387,1.4246378635897075,snr,0.8056689666785872,0.0,0.0,0.21893299877050593,11.106198201703068,exponential,2.49903124472233,0.423066050747383,best_state,19120,6209,25600,0.02291666666666667,0.2708333333333333,0.18125,0.014404166666666668,0.15986666666666668,1.590974833670813,1.6941201000834025,,,,,0.38375702563735464,7142072
ldpc,N96_M48,pSA,search,355,120,,,,3.1853341368364942,5.129738156158307,1.0398994192013227,snr,0.7231869367809427,0.0,0.0,0.12379363756829052,5.666017721533907,cosine,0.8263471665245361,0.046136494913443626,best_state,14809,6392,25600,0.02478298611111111,0.27083333333333337,0.19791666666666666,0.014404166666666668,0.15986666666666668,1.7205428598977917,1.694120100083403,,,,,0.38416422971160175,2921245
ldpc,N96_M48,pSA,refine,815,121,,,,2.7589290389350873,4.145363760101707,1.213810806681727,snr,0.6884842809673386,0.0,0.0,0.20227201185289767,10.48252327087016,exponential,0.3436530998547968,0.2736806642374948,best_state,18590,1609,25600,0.024475694444444446,0.263,0.17666666666666667,0.014404166666666668,0.15986666666666668,1.6992093337190242,1.6451209341117596,,,,,0.3847277479700015,326704;326805;326906;327007;327108;327209
ldpc,N96_M48,pSA,search,518,122,,,,4.529504581714897,5.885791980518712,1.4430153910655106,snr,0.6498918786148056,0.0,0.0,0.11840280241318606,11.871937160134316,exponential,1.3168387727077944,0.23669681983178997,best_state,13081,3446,25600,0.02523871527777778,0.25625000000000003,0.16249999999999998,0.014404166666666668,0.15986666666666668,1.7521815639764728,1.6028982485404504,,,,,0.38486877536391234,4212042
ldpc,N96_M48,pSA,search,947,123,,,,2.1216110561110177,4.401182563277824,1.3961824180975395,snr,0.6451814868173511,0.0,0.0,0.1922857100270719,10.644136176905153,exponential,1.242124597169874,0.6975140146746754,best_state,19838,5710,25600,0.02476128472222222,0.25833333333333336,0.18125000000000002,0.014404166666666668,0.15986666666666668,1.719036254941664,1.615929941618015,,,,,0.3854812756625017,7609293
ldpc,N96_M48,pSA,search,965,124,,,,3.5131194361066695,6.418176260069422,1.6024534729756705,snr,0.7095692948623665,0.0,0.0,0.25840632715867384,10.424189433064978,exponential,1.0690885229153142,0.8520170246571777,best_state,19082,6064,25600,0.02309027777777778,0.2895833333333333,0.18958333333333333,0.014404166666666668,0.15986666666666668,1.603027673319834,1.8114053377814843,,,,,0.38576129037626844,7751835
ldpc,N96_M48,pSA,refine,776,125,,,,2.5892970588755206,3.4058878175264526,1.689753619920578,snr,0.712722806841773,0.0,0.0,0.22808577614196868,8.591662183844882,exponential,1.101572357845452,0.444573846441251,best_state,18661,1443,25600,0.024276041666666665,0.2543333333333333,0.17666666666666667,0.014404166666666668,0.15986666666666668,1.6853485681226494,1.5909090909090906,,,,,0.38624810482136634,350461;350562;350663;350764;350865;350966
ldpc,N96_M48,pSA,search,771,126,,,,2.6010924224410448,3.665728947700158,1.6532508441416454,snr,0.7039567206531572,0.0,0.0,0.5047248001874622,11.22385553171453,exponential,1.1660175534480137,0.22028188452861755,best_state,18623,1417,25600,0.023763020833333332,0.24583333333333335,0.1625,0.014404166666666668,0.15986666666666668,1.6497324269597915,1.5377397831526272,,,,,0.38687308723877134,6215549
ldpc,N96_M48,pSA,search,806,127,,,,2.7878915779488556,4.23280961978688,1.0206309467377261,snr,0.6834390416414604,0.0,0.0,0.20014318033621178,10.353289959170247,exponential,0.3566476479206148,0.5038968199810734,best_state,18466,3842,25600,0.02621527777777778,0.2770833333333333,0.18541666666666667,0.014404166666666668,0.15986666666666668,1.8199787870022177,1.7332151793160964,,,,,0.3868738353631479,6492714
ldpc,N96_M48,pSA,search,655,128,,,,4.631513860148676,5.929751698776695,1.4644740085552022,snr,0.5969814595786712,0.0,0.0,0.14095036480673412,9.80120128318207,exponential,1.2251999268415745,0.22733782718838574,majority,11801,2500,25600,0.023828124999999995,0.27708333333333335,0.19791666666666666,0.014404166666666668,0.15986666666666668,1.6542522418281742,1.7332151793160966,,,,,0.38695915564685784,5296945
ldpc,N96_M48,pSA,search,480,129,,,,3.3572796821371034,4.798572173096607,1.8169996656411012,snr,0.7142974982877262,0.0,0.0,0.14064839658621842,8.030767853498084,cosine,1.2324786010242397,0.5784790483233118,best_state,13392,4043,25600,0.025108506944444445,0.28125,0.21458333333333335,0.014404166666666668,0.15986666666666668,1.7431419342397068,1.7592785654712257,,,,,0.3871248617777086,3911120
ldpc,N96_M48,pSA,search,244,130,,,,2.3199342390555935,4.565742948701896,1.134866722770029,snr,0.8177104191728123,0.0,0.0,0.21598118355968834,9.316902581412354,cosine,1.4296581944690545,0.8792790574233704,best_state,19796,5623,25600,0.02502170138888889,0.28125,0.19374999999999998,0.014404166666666668,0.15986666666666668,1.7371155144151962,1.7592785654712257,,,,,0.3873223545854961,2042236
ldpc,N96_M48,pSA,search,447,131,,,,3.477409072935603,5.0081401143160535,1.413965322998744,snr,0.7166616669622935,0.0,0.0,0.13282990732190908,8.822377393895916,cosine,0.9973711412420885,0.3644115008442549,best_state,13144,3973,25600,0.025672743055555558,0.2729166666666667,0.1875,0.014404166666666668,0.15986666666666668,1.7823136630990262,1.7071517931609674,,,,,0.3877484257114532,3649793
ldpc,N96_M48,pSA,search,868,132,,,,2.3421882575590884,4.4306548437558035,1.230221631484765,snr,0.7404546993762693,0.0,0.0,0.183474056011747,9.430337448215724,exponential,0.08061846176682388,0.18998494873159444,best_state,19540,5816,25600,0.02526041666666667,0.25,0.18125,0.014404166666666668,0.15986666666666668,1.7536881689326007,1.5638031693077563,,,,,0.38863781069141773,6983692
ldpc,N96_M48,pSA,search,300,133,,,,2.796840923895466,3.1142006121344448,1.1120178362625193,snr,0.8677044564518377,0.0,0.0,0.19096075951077132,9.043302767190358,cosine,1.015086056317089,0.8331857698531538,best_state,20826,4667,25600,0.02736545138888889,0.29375,0.18125,0.014404166666666668,0.15986666666666668,1.8998288496769837,1.8374687239366136,,,,,0.38904655894754675,2485700
ldpc,N96_M48,pSA,search,604,134,,,,6.104292116730759,8.198303766853275,1.897720864337914,snr,0.6736687412209058,0.0,0.0,0.03825340621134935,9.299208218270042,exponential,0.3278531366287622,0.30933193237386747,majority,13151,3490,25600,0.022526041666666666,0.25416666666666665,0.19583333333333333,0.014404166666666668,0.15986666666666668,1.5638559444605147,1.5898665554628855,,,,,0.38935453671395004,4893076
ldpc,N96_M48,pSA,search,319,135,,,,2.13048366398754,2.8348165382436714,1.3327752657757863,snr,0.7117092401900419,0.0,0.0,0.20648172855054533,9.460349677861274,exponential,1.183377615528947,0.8949115639695971,last,20925,4480,25600,0.026888020833333335,0.23958333333333334,0.16458333333333333,0.014404166666666668,0.15986666666666668,1.8666835406421753,1.498644703919933,,,,,0.38935898564416316,2636161
ldpc,N96_M48,pSA,refine,825,136,,,,2.581140294255185,3.621745204680632,1.1753670406795507,snr,0.6699989798011023,0.0,0.0,0.2285780417023409,11.055578575862778,exponential,0.2046681956904513,0.20990255543678454,best_state,19199,1524,25600,0.025539930555555552,0.2655,0.18666666666666668,0.014404166666666668,0.15986666666666668,1.7730932407675244,1.6607589658048372,,,,,0.38948274448997194,358380;358481;358582;358683;358784;358885
ldpc,N96_M48,pSA,search,501,137,,,,3.067205154315028,5.374114541023008,1.3231733087217283,snr,0.6016225271909822,0.0,0.0,0.13466651620555672,10.20749082380829,exponential,1.0749790949446074,0.31452268566273694,best_state,13976,4157,25600,0.024609375,0.24583333333333335,0.18958333333333333,0.014404166666666668,0.15986666666666668,1.7084900202487705,1.5377397831526272,,,,,0.3895984269800962,4077419
ldpc,N96_M48,pSA,refine,987,138,,,,3.082055324640338,6.004388683325594,1.4895486295147395,snr,0.7997852541589541,0.0,0.0,0.23480086889266766,8.78587518130858,exponential,1.3504459197869791,0.10104617304203299,best_state,16946,3333,25600,0.024494791666666668,0.26166666666666666,0.18783333333333332,0.014404166666666668,0.15986666666666668,1.7005351460804166,1.6367806505421183,,,,,0.3909885472243839,247514;247615;247716;247817;247918;248019
ldpc,N96_M48,pSA,refine,812,139,,,,2.754214791808502,4.105446928388437,1.2506921475088295,snr,0.6936719202022843,0.0,0.0,0.19744492951402043,11.981277238818256,exponential,1.0609969124849,0.38292618793959726,best_state,19386,3952,25600,0.025607638888888885,0.26533333333333337,0.18483333333333332,0.014404166666666668,0.15986666666666668,1.7777938482306428,1.6597164303586323,,,,,0.39115636332933545,437570;437671;437772;437873;437974;438075
ldpc,N96_M48,pSA,search,562,140,,,,7.792706818812886,11.852417218596946,1.253842224043881,snr,0.5192658885080921,0.0,0.0,0.16432630817473226,10.159181754472092,exponential,2.077637445739484,0.2675060609080148,best_state,14380,1903,25600,0.02575954861111111,0.2583333333333333,0.20625000000000002,0.014404166666666668,0.15986666666666668,1.7883400829235365,1.6159299416180146,,,,,0.3918720323822874,4560478
ldpc,N96_M48,pSA,search,541,141,,,,6.272957617456382,8.985327773036522,1.6871578670698146,snr,0.5706617847082441,0.0,0.0,0.1718067545283009,11.998309202778799,exponential,1.5257681922908621,0.25119830552507755,best_state,13510,2303,25600,0.02517361111111111,0.25,0.18333333333333335,0.014404166666666668,0.15986666666666668,1.7476617491080895,1.5638031693077563,,,,,0.3920963939918397,4394179
ldpc,N96_M48,pSA,search,898,142,,,,2.0903690844699754,3.130686454054817,1.5092643747651484,snr,0.8329624641674176,0.0,0.0,0.1991981414434326,9.971051258127458,exponential,1.8061043291080425,0.26911772824771274,best_state,16991,6381,25600,0.02428385416666667,0.2520833333333334,0.18125,0.014404166666666668,0.15986666666666668,1.6858909459068558,1.5768348623853212,,,,,0.3924234857778256,7221262
ldpc,N96_M48,pSA,search,723,143,,,,3.8041851275751464,4.047527279346252,1.4779915037466853,snr,0.7219425384527242,0.0,0.0,0.16383903567508193,10.218588065660061,exponential,1.6160638073923088,0.21257151801583568,best_state,12056,2988,25600,0.027712673611111113,0.26458333333333334,0.14791666666666667,0.014404166666666668,0.15986666666666668,1.9239345289750265,1.6550250208507087,,,,,0.3924461899792426,5835437
ldpc,N96_M48,pSA,search,597,144,,,,4.084896961286257,7.2163651980019,1.5286928790802463,snr,0.6353378110937342,0.0,0.0,0.038317868501645806,8.887133191956847,piecewise,1.2964001934020726,0.26661233384029587,majority,12483,3827,25600,0.023546006944444444,0.2791666666666667,0.21250000000000002,0.014404166666666668,0.15986666666666668,1.634666377398515,1.7462468723936613,,,,,0.39334511586796667,4837643
ldpc,N96_M48,pSA,search,566,145,,,,5.047926060192212,8.450736838678461,1.3337254415498676,snr,0.5406511075672861,0.0,0.0,0.051184436665185344,11.954546728464148,exponential,1.4025358628149036,0.2280447739364332,best_state,12914,3269,25600,0.024978298611111113,0.25416666666666665,0.18541666666666667,0.014404166666666668,0.15986666666666668,1.734102304502941,1.5898665554628855,,,,,0.3937792162671706,4592154
ldpc,N96_M48,pSA,search,537,146,,,,5.445219211718023,10.807904406838981,1.4232067100605972,snr,0.6017045002238668,0.0,0.0,0.1586241567733281,10.660495581702065,exponential,1.7436542142299751,0.20984378454776056,best_state,14177,2837,25600,0.023871527777777776,0.275,0.18541666666666667,0.014404166666666668,0.15986666666666668,1.65726545174043,1.7201834862385321,,,,,0.3940346009259564,4362503
ldpc,N96_M48,pSA,search,509,147,,,,3.2521441611570685,6.86971397364916,1.5926715208356297,snr,0.5427055710780966,0.0,0.0,0.13422611093570713,11.975185324033154,exponential,1.180477831437594,0.7254728973283722,best_state,13774,3803,25600,0.026150173611111115,0.2625,0.19791666666666666,0.014404166666666668,0.15986666666666668,1.815458972133835,1.6419933277731442,,,,,0.39415781863579646,4140771
ldpc,N96_M48,pSA,search,595,148,,,,4.005224304525806,7.556246144272828,1.5669881294583197,snr,0.6568459543761215,0.0,0.0,0.04249383218676685,10.40196701299026,piecewise,1.224118014819446,0.2614282293067888,majority,12321,3909,25600,0.02426215277777778,0.28125,0.20208333333333336,0.014404166666666668,0.15986666666666668,1.684384340950728,1.7592785654712257,,,,,0.3946797405254349,4821805
ldpc,N96_M48,pSA,search,996,149,,,,3.193809447396195,5.79120116269931,1.4830256085201137,snr,0.6461286819087951,0.0,0.0,0.21417302675899952,8.798863406088458,piecewise,1.3451755777210916,0.2366136030463887,best_state,16765,2088,25600,0.0232421875,0.2604166666666667,0.18958333333333333,0.014404166666666668,0.15986666666666668,1.6135739080127278,1.6289616346955795,,,,,0.394727363721875,7997324
ldpc,N96_M48,pSA,search,536,150,,,,6.101030550695264,9.890232536331746,1.417428544260462,snr,0.6244511564334952,0.0,0.0,0.15379119567669097,11.013491823607241,exponential,1.657348081575964,0.21202422056659223,best_state,14143,2740,25600,0.026106770833333334,0.27291666666666664,0.19166666666666668,0.014404166666666668,0.15986666666666668,1.8124457622215793,1.7071517931609672,,,,,0.3947382616957942,4354584
ldpc,N96_M48,pSA,search,917,151,,,,2.7587235148920484,3.7240331178830623,1.52247826592496,snr,0.7923629587182229,0.0,0.0,0.15386948115940868,7.388223561747515,exponential,1.5827730674156797,0.20231498588419156,best_state,19845,5697,25600,0.02732204861111111,0.2833333333333333,0.18958333333333335,0.014404166666666668,0.15986666666666668,1.8968156397647284,1.7723102585487904,,,,,0.39504547805238743,7371723
ldpc,N96_M48,pSA,refine,765,152,,,,2.8052992777864567,4.655298078289219,1.386984023619446,snr,0.7665094605945356,0.0,0.0,0.24308995065060826,11.038068080423422,exponential,1.863572563682769,0.5545261068733968,best_state,19363,3784,25600,0.025295138888888888,0.2608333333333333,0.18483333333333332,0.014404166666666668,0.15986666666666668,1.7560987368624046,1.6315679733110922,,,,,0.39563106378064083,318785;318886;318987;319088;319189;319290
ldpc,N96_M48,pSA,refine,493,153,,,,2.9864022039245213,5.5757928012863776,1.3431854327813293,snr,0.746224197145558,0.0,0.0,0.14960354352540203,11.98516373699954,cosine,1.097167820209248,0.1924831529793863,best_state,13965,4062,25600,0.025065972222222222,0.26116666666666666,0.18599999999999997,0.014404166666666668,0.15986666666666668,1.7401889885256965,1.6336530442035027,,,,,0.39651964738112033,223757;223858;223959;224060;224161;224262
ldpc,N96_M48,pSA,search,697,154,,,,3.5306938815492637,6.647851118939433,1.7443621951803892,snr,0.5839195068722886,0.0,0.0,0.17338029046800962,10.901464050631242,exponential,1.3361196565940676,0.28818710624808314,best_state,18868,3449,25600,0.02493489583333333,0.26458333333333334,0.19791666666666666,0.014404166666666668,0.15986666666666668,1.7310890945906854,1.6550250208507087,,,,,0.39662168748571963,5629543
ldpc,N96_M48,pSA,search,356,155,,,,2.729719157598258,5.538063722229933,1.0589370008371235,snr,0.722892222425634,0.0,0.0,0.1406099241003481,9.046713999532686,cosine,0.818780299423035,0.11179379765230352,best_state,16116,4783,25600,0.025672743055555558,0.29583333333333334,0.21458333333333335,0.014404166666666668,0.15986666666666668,1.7823136630990262,1.8505004170141783,,,,,0.3969384599890655,2929164
ldpc,N96_M48,pSA,refine,913,156,,,,2.481416343205628,3.767868778910013,1.494951223346883,snr,0.7231417817266625,0.0,0.0,0.14994963218682206,8.700412244555645,exponential,1.5591646116579239,0.691210458030328,best_state,17956,6484,25600,0.024850694444444446,0.265,0.18383333333333332,0.014404166666666668,0.15986666666666668,1.7252434673609103,1.6576313594662218,,,,,0.39701065056198986,374218;374319;374420;374521;374622;374723
ldpc,N96_M48,pSA,search,428,157,,,,2.497009066992581,4.438171268718541,1.5120756866144014,snr,0.7668577328500177,0.0,0.0,0.10723071160069778,7.184812224044207,cosine,0.940188424719168,0.48480306183977495,best_state,15353,5198,25600,0.023546006944444444,0.2625,0.1708333333333333,0.014404166666666668,0.15986666666666668,1.634666377398515,1.6419933277731442,,,,,0.3972831164988587,3499332
ldpc,N96_M48,pSA,search,881,158,,,,2.705358888985821,3.7543333219911674,1.397380779921902,snr,0.6852690339790517,0.0,0.0,0.2445911212415057,11.142540930196374,exponential,1.939370985288844,0.25130153097437,best_state,18407,1403,25600,0.024999999999999998,0.24791666666666667,0.17916666666666667,0.014404166666666668,0.15986666666666668,1.7356089094590683,1.5507714762301916,,,,,0.3982623874378175,7086639
ldpc,N96_M48,pSA,search,984,159,,,,4.163471788365841,7.037451525124379,1.8462077551521252,snr,0.6728919057718322,0.0,0.0,0.2137726805191243,9.094995169666207,exponential,1.736493795926284,0.8741682461843042,best_state,18472,6087,25600,0.023936631944444443,0.26875000000000004,0.19166666666666665,0.014404166666666668,0.15986666666666668,1.6617852666088129,1.6810884070058383,,,,,0.39883476982930605,7902296
ldpc,N96_M48,pSA,search,540,160,,,,5.411692762663793,9.73424180260206,1.4321367491881996,snr,0.6150855792227776,0.0,0.0,0.15544664395980323,11.005190755612137,exponential,1.7386681926583107,0.2017295589487511,best_state,14295,2564,25600,0.027473958333333336,0.2770833333333333,0.19375,0.014404166666666668,0.15986666666666668,1.9073618744576224,1.7332151793160964,,,,,0.39908828090689397,4386260
ldpc,N96_M48,pSA,search,292,161,,,,2.09050945692639,3.04292783616489,1.1559575093435426,snr,0.8665958163579768,0.0,0.0,0.2012904586821528,8.90227806583593,cosine,1.062593786262688,0.8298290548715963,best_state,17391,6440,25600,0.025434027777777774,0.2833333333333333,0.1875,0.014404166666666668,0.15986666666666668,1.7657410085816214,1.7723102585487904,,,,,0.39928289192605504,2422348
ldpc,N96_M48,pSA,search,821,162,,,,2.5878778348997304,3.723009649211876,1.188489706656544,snr,0.6709489256768619,0.0,0.0,0.22542679887922001,11.012683685203534,exponential,1.4211983515944633,0.20373200564083907,best_state,19281,1631,25600,0.02439236111111111,0.25,0.17083333333333336,0.014404166666666668,0.15986666666666668,1.6934239706874938,1.5638031693077563,,,,,0.3997252787747596,6611499
ldpc,N96_M48,pSA,search,772,163,,,,2.65559025643768,3.9568379089472034,1.730789672362874,snr,0.7019458258573795,0.0,0.0,0.2756777685020516,10.097700970489885,exponential,1.137788406216459,0.49497302355745254,best_state,18846,3791,25600,0.028602430555555558,0.30625,0.21458333333333335,0.014404166666666668,0.15986666666666668,1.9857053321762608,1.9156588824020016,,,,,0.39996029256177096,6223468
ldpc,N96_M48,pSA,search,828,164,,,,2.542886728159303,3.5273276281637287,1.1369844209121374,snr,0.6623866328890328,0.0,0.0,0.17902007437571316,11.849481036133776,exponential,1.4902607222423567,0.20609446262770192,best_state,19294,1575,25600,0.02788628472222222,0.2854166666666667,0.20625000000000002,0.014404166666666668,0.15986666666666668,1.9359873686240476,1.7853419516263553,,,,,0.4001827141488304,6666932
ldpc,N96_M48,pSA,refine,763,165,,,,2.994372595512584,4.868690895732048,1.3620487008648394,snr,0.7041342936028682,0.0,0.0,0.16723341873320482,11.883292378033694,exponential,1.3315610835272942,0.5351018435089224,best_state,19608,1787,25600,0.024708333333333332,0.259,0.18399999999999997,0.014404166666666668,0.15986666666666668,1.7153601388487125,1.6201000834028356,,,,,0.4007342822350891,255433;255534;255635;255736;255837;255938
ldpc,N96_M48,pSA,search,941,166,,,,2.1389897703153644,4.4967865746665545,1.3863498722859213,snr,0.6423733694429585,0.0,0.0,0.3469455478408701,11.142311953410022,exponential,1.2493272934064068,0.6714740280130674,best_state,19959,3902,25600,0.02582465277777778,0.27499999999999997,0.2020833333333333,0.014404166666666668,0.15986666666666668,1.79285989779192,1.7201834862385317,,,,,0.40113181638634715,7561779
ldpc,N96_M48,pSA,search,448,167,,,,3.578998234733331,4.998494796827228,1.4443718078302392,snr,0.70988991967923,0.0,0.0,0.13384493120209162,8.902388404234932,cosine,0.8520944795394646,0.35964754391370124,best_state,13690,4787,25600,0.024696180555555558,0.26666666666666666,0.17500000000000002,0.014404166666666668,0.15986666666666668,1.7145164400732813,1.6680567139282734,,,,,0.4021154789339947,3657712
ldpc,N96_M48,pSA,search,445,168,,,,2.213906853450494,5.000926621916679,1.4799743692157337,snr,0.7064033868676876,0.0,0.0,0.1407758889555458,8.752550900725655,cosine,0.8531475766654264,0.36666722996536394,best_state,12769,4020,25600,0.025303819444444445,0.26875,0.18958333333333333,0.014404166666666668,0.15986666666666668,1.7567013788448558,1.6810884070058378,,,,,0.4021194459618172,3633955
ldpc,N96_M48,pSA,search,770,169,,,,2.572008186684137,3.864673390609357,1.6981385452970363,snr,0.7020945901013291,0.0,0.0,0.22645810890118587,8.734919927955064,exponential,2.3773104501854103,0.5430356216309205,best_state,19045,3794,25600,0.023177083333333334,0.28125,0.18541666666666667,0.014404166666666668,0.15986666666666668,1.6090540931443447,1.7592785654712257,,,,,0.4034609817226406,6207630
ldpc,N96_M48,pSA,search,553,170,,,,7.551139034987276,11.032732451862959,1.5252904919064858,snr,0.4869732585802529,0.0,0.0,0.0658973424106479,10.131976066628269,exponential,2.0699440511399243,0.19099652277704643,best_state,14349,2971,25600,0.026692708333333332,0.2625,0.20208333333333336,0.014404166666666668,0.15986666666666668,1.853124096037026,1.6419933277731442,,,,,0.40439961115064904,4489207
ldpc,N96_M48,pSA,search,612,171,,,,4.194829890906415,9.02894666533851,1.9235079372561408,snr,0.572013076932229,0.0,0.0,0.053413066853321305,9.30203071717491,exponential,1.1820494980088982,0.24498527866325728,majority,13333,3604,25600,0.024348958333333334,0.2833333333333334,0.22083333333333335,0.014404166666666668,0.15986666666666668,1.6904107607752386,1.7723102585487907,,,,,0.4046160321274913,4956428
ldpc,N96_M48,pSA,search,981,172,,,,4.092158335171163,5.0977845776651165,1.9507377182438779,snr,0.6725365220475,0.0,0.0,0.311099562403841,9.726961794787762,exponential,1.7810674792001577,0.8654373306140097,best_state,18138,6412,25600,0.0244140625,0.25,0.1625,0.014404166666666668,0.15986666666666668,1.6949305756436215,1.5638031693077563,,,,,0.4054114836959001,7878539
ldpc,N96_M48,pSA,search,505,173,,,,3.409282271193058,6.863861540532603,1.6353284055470925,snr,0.5291974823128582,0.0,0.0,0.132419569993076,11.765650708723271,exponential,1.1786382467840488,0.2737855944315817,best_state,13686,3657,25600,0.025130208333333334,0.28125,0.1875,0.014404166666666668,0.15986666666666668,1.7446485391958344,1.7592785654712257,,,,,0.40554471196554015,4109095
ldpc,N96_M48,pSA,search,427,174,,,,2.4147068117577732,4.448700867205107,1.4293056037301741,snr,0.7671931713900879,0.0,0.0,0.10720355073815693,9.611928790585242,cosine,0.932418564244213,0.3386963870652396,best_state,21281,4178,25600,0.022938368055555557,0.26875,0.2041666666666667,0.014404166666666668,0.15986666666666668,1.5924814386269406,1.6810884070058378,,,,,0.4055794891178251,3491413
ldpc,N96_M48,pSA,search,607,175,,,,3.9873605749551793,8.990116294609834,1.8774930921241908,snr,0.6311133538458102,0.0,0.0,0.051784961337685585,9.562090204822082,exponential,1.1791919034550142,0.3105244550436348,majority,13460,3466,25600,0.024240451388888886,0.2791666666666667,0.20833333333333334,0.014404166666666668,0.15986666666666668,1.6828777359946,1.7462468723936613,,,,,0.4059356417827015,4916833
ldpc,N96_M48,pSA,search,701,176,,,,3.5789486270954893,6.366795623971998,1.7981438360582285,snr,0.5837890601865269,0.0,0.0,0.18094435526020125,10.903609211500775,exponential,1.2834756624819275,0.29117840139162204,best_state,12741,2415,25600,0.024001736111111113,0.26875,0.17916666666666667,0.014404166666666668,0.15986666666666668,1.666305081477196,1.6810884070058378,,,,,0.4062686222803523,5661219
ldpc,N96_M48,pSA,refine,886,177,,,,2.632814839482164,3.882462337427968,1.3977226600565602,snr,0.8079422437086284,0.0,0.0,0.219042585367516,11.338008964669731,exponential,2.0949782032251987,0.2442514776703601,best_state,19248,6063,25600,0.02474826388888889,0.2638333333333333,0.18216666666666667,0.014404166666666668,0.15986666666666668,1.7181322919679876,1.6503336113427853,,,,,0.4066645735667149,207919;208020;208121;208222;208323;208424
ldpc,N96_M48,pSA,search,916,178,,,,2.38513672547669,3.988813616970541,1.4861890927751553,snr,0.7196781568868608,0.0,0.0,0.19806744988655187,10.459023276266741,exponential,1.6092457444719195,0.19847574392441789,best_state,19148,6279,25600,0.025434027777777774,0.2729166666666667,0.1875,0.014404166666666668,0.15986666666666668,1.7657410085816214,1.7071517931609674,,,,,0.40673858017484255,7363804
ldpc,N96_M48,pSA,search,611,179,,,,5.947924095847663,8.313981836481265,1.9633025816027834,snr,0.5716243259647814,0.0,0.0,0.031354967579947275,9.185910613801791,exponential,1.1475730074602537,0.2421062718994241,majority,13269,3491,25600,0.025368923611111108,0.29375,0.20833333333333334,0.014404166666666668,0.15986666666666668,1.7612211937132385,1.8374687239366136,,,,,0.4069173852412527,4948509
ldpc,N96_M48,pSA,search,652,180,,,,4.800522111281888,5.868443513838648,1.442015123054876,snr,0.6305348495314191,0.0,0.0,0.13696790964675276,9.811341877838785,exponential,1.2264940544831784,0.19111216742390735,majority,11012,2835,25600,0.02361111111111111,0.2791666666666667,0.17708333333333334,0.014404166666666668,0.15986666666666668,1.639186192266898,1.7462468723936613,,,,,0.40760898446589333,5273188
ldpc,N96_M48,pSA,search,403,181,,,,2.4103356426220253,5.538673720626324,1.0708297720965763,snr,0.7725763974232426,0.0,0.0,0.114168965526443,6.569826982552937,cosine,0.8027141162453718,0.3291320935335344,best_state,14723,5367,25600,0.02556423611111111,0.2854166666666667,0.20625000000000002,0.014404166666666668,0.15986666666666668,1.7747806383183877,1.7853419516263553,,,,,0.4078156621729325,3301357
ldpc,N96_M48,pSA,search,426,182,,,,2.3890200581331413,4.509942938717643,1.5089138989313657,snr,0.7665245915588311,0.0,0.0,0.10751795887788,7.1942094392497955,cosine,0.8957099627015062,0.33651954745738627,best_state,13536,5142,25600,0.025455729166666666,0.25625,0.18541666666666667,0.014404166666666668,0.15986666666666668,1.7672476135377493,1.6028982485404502,,,,,0.4078777184760845,3483494
ldpc,N96_M48,pSA,search,512,183,,,,3.420680411641125,6.660393474646972,1.5960244070588454,snr,0.533165231985822,0.0,0.0,0.13167697006186724,11.422106696649756,exponential,0.992974003835373,0.21610781952428165,best_state,13922,3607,25600,0.024305555555555556,0.27499999999999997,0.1875,0.014404166666666668,0.15986666666666668,1.6873975508629833,1.7201834862385317,,,,,0.4080979756007387,4164528
ldpc,N96_M48,pSA,search,658,184,,,,4.528244577920829,6.228639529674896,1.47239054125724,snr,0.5293960769640581,0.0,0.0,0.14334833052710647,9.901948927897616,exponential,1.2711296380919188,0.1983660362783192,majority,12090,2881,25600,0.025651041666666666,0.28958333333333336,0.2041666666666667,0.014404166666666668,0.15986666666666668,1.7808070581428983,1.8114053377814845,,,,,0.4085031157379334,5320702
ldpc,N96_M48,pSA,search,229,185,,,,2.0752394274709993,4.1068067798252255,1.1811723617969139,snr,0.8628507076305879,0.0,0.0,0.2802558314475738,8.355710983976401,cosine,1.3845790744451456,0.8763191750522453,best_state,19033,6444,25600,0.02632378472222222,0.2729166666666667,0.19999999999999996,0.014404166666666668,0.15986666666666668,1.8275118117828557,1.7071517931609674,,,,,0.40907024868282826,1923451
ldpc,N96_M48,pSA,search,513,186,,,,3.47975564864683,6.980829923331216,1.6029200193263364,snr,0.5917538711762468,0.0,0.0,0.1317024209980853,11.110118297999515,exponential,1.186860601435757,0.2779561163631401,best_state,13711,3753,25600,0.02439236111111111,0.2625,0.1875,0.014404166666666668,0.15986666666666668,1.6934239706874938,1.6419933277731442,,,,,0.40916035382194804,4172447
ldpc,N96_M48,pSA,search,880,187,,,,2.6053439883056004,4.725520708838946,1.3844881044479507,snr,0.8036454939595603,0.0,0.0,0.24927405979159276,11.149080509789236,exponential,0.17125811845820776,0.24108789594261448,best_state,18565,1700,25600,0.025976562499999998,0.26875,0.17708333333333334,0.014404166666666668,0.15986666666666668,1.8034061324848132,1.6810884070058378,,,,,0.4095287979630397,7078720
ldpc,N96_M48,pSA,search,539,188,,,,5.498510227718881,10.863157421186541,1.3821119880449202,snr,0.6129086107964192,0.0,0.0,0.15817108230296775,10.544368837781045,exponential,1.8558019375342805,0.25708673181365793,best_state,14152,2918,25600,0.025477430555555555,0.25,0.18541666666666667,0.014404166666666668,0.15986666666666668,1.768754218493877,1.5638031693077563,,,,,0.4099108353594925,4378341
ldpc,N96_M48,pSA,search,460,189,,,,3.435136387268012,3.6565163658214894,1.5625284436263565,snr,0.6528509564794989,0.0,0.0,0.16323927745613673,2.7004487172014087,cosine,0.48184758829498103,0.30539428572636673,best_state,11443,3627,25600,0.026931423611111113,0.2604166666666667,0.1375,0.014404166666666668,0.15986666666666668,1.8696967505544306,1.6289616346955795,,,,,0.4099892451561825,3752740
ldpc,N96_M48,pSA,search,672,190,,,,5.6734087088925405,11.842190184715513,1.139490971131144,snr,0.5077244376635882,0.0,0.0,0.10785433462120132,10.697641607604796,exponential,1.4930121283108084,0.26251184586694326,best_state,14869,3938,25600,0.02634548611111111,0.29374999999999996,0.21666666666666667,0.014404166666666668,0.15986666666666668,1.8290184167389836,1.8374687239366134,,,,,0.41002019522938676,5431568
ldpc,N96_M48,pSA,refine,967,191,,,,3.5347226925530126,6.474901697188609,1.5840068321267722,snr,0.7096447366960018,0.0,0.0,0.23823411159172286,10.206226705853421,exponential,1.0517708513203292,0.8513120859479114,best_state,19260,5893,25600,0.024657986111111113,0.25883333333333336,0.18733333333333332,0.014404166666666668,0.15986666666666668,1.7118648153504965,1.6190575479566305,,,,,0.4106635326498526,342542;342643;342744;342845;342946;343047
ldpc,N96_M48,pSA,search,383,192,,,,2.6401376170460424,5.166289780804661,0.9433020506077541,llr,0.7268519334860873,0.0,0.0,0.1334052294231252,9.51336617629678,cosine,0.860447962430283,0.3854352953930893,best_state,15278,6292,25600,0.02554253472222222,0.26458333333333334,0.19999999999999998,0.014404166666666668,0.15986666666666668,1.77327403336226,1.6550250208507087,,,,,0.4129205386410525,3142977
ldpc,N96_M48,pSA,search,741,193,,,,3.316694497615062,5.3570745629131595,1.2795551604309883,snr,0.7408465538396032,0.0,0.0,0.1890705485389871,9.452405767326395,exponential,1.213587744873169,0.1792429589559333,best_state,19862,1843,25600,0.02560763888888889,0.25416666666666665,0.17291666666666664,0.014404166666666668,0.15986666666666668,1.7777938482306432,1.5898665554628855,,,,,0.4130611328673783,5977979
ldpc,N96_M48,pSA,search,780,194,,,,2.5694365307670273,3.7082696069562346,1.663795760278429,snr,0.7052699369457934,0.0,0.0,0.22084582527913946,8.51891560857938,exponential,1.1431312740595625,0.5216721629796022,best_state,18727,1449,25600,0.024479166666666663,0.2520833333333333,0.18541666666666667,0.014404166666666668,0.15986666666666668,1.6994503905120042,1.5768348623853208,,,,,0.4135297854967065,6286820
ldpc,N96_M48,pSA,search,656,195,,,,4.6666583745564525,7.5252981076341605,1.3965534884486783,snr,0.527397525471186,0.0,0.0,0.1352367959768943,9.716642377218419,exponential,1.3020305314743685,0.19385140594882266,majority,12007,2789,25600,0.02419704861111111,0.2729166666666667,0.19999999999999998,0.014404166666666668,0.15986666666666668,1.6798645260823446,1.7071517931609674,,,,,0.4138127469439346,5304864
ldpc,N96_M48,pSA,search,926,196,,,,2.9360005362834913,3.0675872139106506,2.4231775624541667,snr,0.6841887433347491,0.0,0.0,0.1466649891758364,7.330827761655902,exponential,2.1050180267733785,0.30058779586695566,majority,19192,6223,25600,0.02743055555555556,0.26458333333333334,0.12291666666666667,0.014404166666666668,0.15986666666666668,1.9043486645453669,1.6550250208507087,,,,,0.41409389528554547,7442994
ldpc,N96_M48,pSA,search,962,197,,,,3.5820949285763652,6.472180633930923,1.5617125562545133,snr,0.7087431591356409,0.0,0.0,0.24693032111373242,10.162998636147938,exponential,1.0391735909117654,0.28578170784442214,best_state,19178,6224,25600,0.02517361111111111,0.24791666666666665,0.17708333333333334,0.014404166666666668,0.15986666666666668,1.7476617491080895,1.5507714762301916,,,,,0.41487793015236873,7728078
ldpc,N96_M48,pSA,search,878,198,,,,2.6622886129196868,3.950546337652348,1.4125901591913654,snr,0.6817515346878396,0.0,0.0,0.24758742541721054,11.964007601696752,exponential,0.0776932007417516,0.2424324398350792,best_state,18451,1473,25600,0.025824652777777776,0.2854166666666667,0.18541666666666667,0.014404166666666668,0.15986666666666668,1.7928598977919195,1.7853419516263553,,,,,0.4151538882510506,7062882
ldpc,N96_M48,pSA,search,489,199,,,,3.6271320913508243,6.2968712266055356,1.8585980037268912,snr,0.686756277318975,0.0,0.0,0.18155173771799724,7.854929698338046,cosine,1.3053572431345901,0.22726302466619214,best_state,12374,4439,25600,0.025173611111111115,0.26458333333333334,0.2020833333333333,0.014404166666666668,0.15986666666666668,1.7476617491080901,1.6550250208507087,,,,,0.41555793539766095,3982391
ldpc,N96_M48,pSA,search,883,200,,,,2.6525487704103985,3.898931784008498,1.3821332143081273,snr,0.9269841377669655,0.0,0.0,0.2462162935570593,11.155294996825985,exponential,0.08041481645321794,0.24377106895821216,best_state,18348,1317,25600,0.026888020833333335,0.275,0.20625000000000002,0.014404166666666668,0.15986666666666668,1.8666835406421753,1.7201834862385321,,,,,0.4156732766923139,7102477
ldpc,N96_M48,pSA,search,661,201,,,,5.802449681278485,7.480329984074029,1.144068520468629,snr,0.5085075730812715,0.0,0.0,0.04686185407137452,9.058915020438235,exponential,1.498349057731739,0.2567428575628802,best_state,14858,3930,25600,0.027105034722222227,0.2708333333333333,0.20416666666666664,0.014404166666666668,0.15986666666666668,1.8817495902034522,1.6941201000834025,,,,,0.41588227451992893,5344459
ldpc,N96_M48,pSA,search,602,202,,,,6.266936700198411,8.286623251935092,1.8912797181492718,snr,0.6720627640377294,0.0,0.0,0.030129859360537664,9.157555164238508,exponential,1.1673388000777314,0.3117787028557514,majority,13260,3511,25600,0.0263671875,0.2916666666666667,0.2104166666666667,0.014404166666666668,0.15986666666666668,1.8305250216951112,1.8244370308590492,,,,,0.41645393717911894,4877238
ldpc,N96_M48,pSA,refine,753,203,,,,2.9168099768412206,4.239743292799113,1.1234456777699142,snr,0.7354379724231396,0.0,0.0,0.2123178841401723,11.273052741532071,exponential,2.093946955170206,0.5059030424991271,best_state,20311,1900,25600,0.026611111111111113,0.27549999999999997,0.19083333333333333,0.014404166666666668,0.15986666666666668,1.8474592614019862,1.7233110925771473,,,,,0.41676548814611786,453408;453509;453610;453711;453812;453913
ldpc,N96_M48,pSA,search,374,204,,,,2.648426778478189,5.097073797028333,0.9613785889644543,snr,0.7242333449943209,0.0,0.0,0.12946420882881,9.28782094532397,cosine,0.8880355859784633,0.12631490949932542,best_state,15152,4407,25600,0.030186631944444445,0.31249999999999994,0.23124999999999998,0.014404166666666668,0.15986666666666668,2.09568749397358,1.954753961634695,,,,,0.41696180321430265,3071706
ldpc,N96_M48,pSA,search,352,205,,,,3.0151791372736243,5.372045016904107,1.0829306669458716,snr,0.732265410467983,0.0,0.0,0.11895266275772516,8.62619995748918,cosine,0.8512439586289282,0.8980270758975915,best_state,15945,6395,25600,0.028016493055555553,0.28125,0.21666666666666667,0.014404166666666668,0.15986666666666668,1.9450269983608135,1.7592785654712257,,,,,0.4172503532244407,2897488
ldpc,N96_M48,pSA,refine,822,206,,,,2.532015488774391,3.5449126677366936,1.1815525326868919,snr,0.6655997301021388,0.0,0.0,0.21968001242347854,11.110355171908457,exponential,1.4842250997546589,0.27039637279700734,best_state,19443,1619,25600,0.02669965277777778,0.2773333333333333,0.1895,0.014404166666666668,0.15986666666666668,1.8536062096229873,1.7347789824854043,,,,,0.41734918991834247,295028;295129;295230;295331;295432;295533
ldpc,N96_M48,pSA,search,557,207,,,,6.053494700883788,11.737898719143962,1.5164041143832885,snr,0.4808271116064818,0.0,0.0,0.054423566432183386,10.064640749928502,exponential,2.0788047541787247,0.28233044638616794,best_state,14461,2481,25600,0.028124999999999997,0.28958333333333336,0.22083333333333333,0.014404166666666668,0.15986666666666668,1.9525600231414517,1.8114053377814845,,,,,0.4175425655201814,4520883
ldpc,N96_M48,pSA,search,877,208,,,,2.5900744858295726,4.812150118646992,1.3901092823656696,snr,0.6757940054209499,0.0,0.0,0.21565725077811743,11.216456459970782,exponential,0.3716657162323204,0.24674299394889995,best_state,18577,1808,25600,0.026562500000000003,0.27499999999999997,0.19791666666666666,0.014404166666666668,0.15986666666666668,1.8440844663002605,1.7201834862385317,,,,,0.4178339055712043,7054963
ldpc,N96_M48,pSA,search,777,209,,,,2.668153567182037,3.7885248751959426,1.66999947253198,snr,0.7060217069070261,0.0,0.0,0.2692454544576826,10.192345051015899,exponential,2.4275176316079854,0.5582699133372667,best_state,20254,1550,25600,0.02760416666666667,0.27499999999999997,0.19375,0.014404166666666668,0.15986666666666668,1.9164015041943883,1.7201834862385317,,,,,0.4182589794099592,6263063
ldpc,N96_M48,pSA,search,930,210,,,,2.912248913196646,3.001622731870865,1.6183278959107292,snr,0.688033756783273,0.0,0.0,0.16858675109188156,9.383237417909283,exponential,1.3910041802269897,0.649587070380556,majority,18216,6560,25600,0.026063368055555553,0.2583333333333333,0.12708333333333333,0.014404166666666668,0.15986666666666668,1.8094325523093238,1.6159299416180146,,,,,0.41827559786047,7474670
ldpc,N96_M48,pSA,search,665,211,,,,5.703482173089319,7.320573813719065,1.1247780617972793,snr,0.7013565618614477,0.0,0.0,0.1672095230201847,10.997204094018176,exponential,1.5420230821644383,0.26279718344645064,best_state,13866,3998,25600,0.0265625,0.2833333333333334,0.18333333333333335,0.014404166666666668,0.15986666666666668,1.8440844663002602,1.7723102585487907,,,,,0.41845370748899574,5376135
ldpc,N96_M48,pSA,search,651,212,,,,4.775409732706608,5.956249747381572,1.441869360399023,snr,0.5300302868061652,0.0,0.0,0.1379639223434259,9.935970689954148,exponential,1.2503843575854663,0.5419397124910155,best_state,11168,2752,25600,0.024696180555555555,0.2708333333333333,0.1708333333333333,0.014404166666666668,0.15986666666666668,1.714516440073281,1.6941201000834025,,,,,0.4189477405634649,5265269
ldpc,N96_M48,pSA,search,531,213,,,,5.408657329411827,11.583984305052692,1.457369062159674,snr,0.4887365777396106,0.0,0.0,0.1543723036884528,11.061398768418398,exponential,1.5237979207029917,0.20003973376154816,best_state,14326,2763,25600,0.025434027777777774,0.26875,0.19999999999999998,0.014404166666666668,0.15986666666666668,1.7657410085816214,1.6810884070058378,,,,,0.41919485680043034,4314989
ldpc,N96_M48,pSA,search,768,214,,,,2.8878917691989097,4.776042627344566,1.396482078573361,snr,0.7612373070785889,0.0,0.0,0.300569681722846,11.11940421500085,piecewise,1.8301152627132609,0.502386252108502,best_state,19276,1801,25600,0.02717013888888889,0.2916666666666667,0.2020833333333333,0.014404166666666668,0.15986666666666668,1.886269405071835,1.8244370308590492,,,,,0.41938191395259605,6191792
ldpc,N96_M48,pSA,refine,524,215,,,,4.551687753745852,5.879859909634165,1.4160397046525024,snr,0.5060010450228585,0.0,0.0,0.12099505790760944,11.09722315644271,exponential,1.4557896628216862,0.24952555358996603,best_state,12971,3147,25600,0.02566840277777778,0.27899999999999997,0.1978333333333333,0.014404166666666668,0.15986666666666668,1.7820123421078007,1.745204336947456,,,,,0.41950557432711105,397975;398076;398177;398278;398379;398480
ldpc,N96_M48,pSA,refine,521,216,,,,4.597500961868684,10.702047855824192,1.4300714538248038,snr,0.6366042626305745,0.0,0.0,0.15608682730722304,10.944381580163022,exponential,1.4038367250551391,0.24021589294658383,best_state,12948,3415,25600,0.025454861111111112,0.2608333333333333,0.19066666666666665,0.014404166666666668,0.15986666666666668,1.7671873493395043,1.6315679733110922,,,,,0.4195133868433973,271271;271372;271473;271574;271675;271776
ldpc,N96_M48,pSA,search,491,217,,,,3.721214542650992,6.105841594306516,1.8165071890280957,fixed,0.6900567793534298,0.0,0.0,0.17609665667178556,7.88546146452524,cosine,1.3245700496087038,0.22522436128327453,best_state,12437,4490,25600,0.025282118055555552,0.28125,0.19791666666666666,0.014404166666666668,0.15986666666666668,1.755194773888728,1.7592785654712257,,,,,0.41980063115916,3998229
ldpc,N96_M48,pSA,search,940,218,,,,2.163108563047185,4.446016448653132,1.3797987205264186,snr,0.610220125459796,0.0,0.0,0.19507058004874564,3.3102033078586626,exponential,1.3108500620537922,0.6951205639993296,best_state,19773,5679,25600,0.02341579861111111,0.2833333333333333,0.225,0.014404166666666668,0.15986666666666668,1.625626747661749,1.7723102585487904,,,,,0.42034157729301225,7553860
ldpc,N96_M48,pSA,search,903,219,,,,3.499161589397165,4.569365402461339,1.2809843771833922,snr,0.6584587675699834,0.0,0.0,0.1997993671612659,11.957090991382042,exponential,0.27024201119339253,0.22432472036208653,last,19510,5971,25600,0.025911458333333335,0.25625,0.16041666666666665,0.014404166666666668,0.15986666666666668,1.7988863176164305,1.6028982485404502,,,,,0.420406022278786,7260857
ldpc,N96_M48,pSA,search,421,220,,,,2.430717467137883,4.557409356881245,1.5098650189098044,snr,0.7626356081472099,0.0,0.0,0.10632446405373035,7.200584446465251,cosine,0.929676271412189,0.3369973775839851,best_state,15258,5165,25600,0.02458767361111111,0.27083333333333337,0.20416666666666664,0.014404166666666668,0.15986666666666668,1.7069834152926429,1.694120100083403,,,,,0.422353914567117,3443899
ldpc,N96_M48,pSA,search,937,221,,,,2.1167840774396245,4.448463198090365,1.4540018594485096,snr,0.6173747311328791,0.0,0.0,0.2606569696315124,10.727134280282563,exponential,1.2627639193635065,0.25901028383837665,best_state,20893,4690,25600,0.02493489583333333,0.3,0.20625000000000002,0.014404166666666668,0.15986666666666668,1.7310890945906854,1.8765638031693075,,,,,0.42245717264644606,7530103
ldpc,N96_M48,pSA,refine,843,222,,,,2.5061598253791493,4.12411466868349,1.0785564272353338,snr,0.7502383924149176,0.0,0.0,0.20860520844887273,10.029171191597674,exponential,0.19711879330119872,0.22168807644213775,best_state,18936,1383,25600,0.027357638888888886,0.2735,0.1895,0.014404166666666668,0.15986666666666668,1.8992864718927776,1.7108006672226854,,,,,0.42280106048853117,445489;445590;445691;445792;445893;445994
ldpc,N96_M48,pSA,search,860,223,,,,1.8482362444764244,3.393857820648977,1.0306843927156775,snr,0.7767209089314654,0.0,0.0,0.22557367450266663,10.586402721061738,exponential,0.12262840004637071,0.20920792096379465,best_state,18099,1155,25600,0.028819444444444443,0.28541666666666665,0.19791666666666666,0.014404166666666668,0.15986666666666668,2.000771381737537,1.785341951626355,,,,,0.42348363523180016,6920340
ldpc,N96_M48,pSA,search,826,224,,,,2.6934983582942915,3.6265541124981935,1.2475190456029552,snr,0.661684617459647,0.0,0.0,0.22296992258295623,11.858771184380041,exponential,0.12501191119607302,0.2003454386675777,best_state,19436,1567,25600,0.02508680555555556,0.27291666666666664,0.18541666666666667,0.014404166666666668,0.15986666666666668,1.7416353292835793,1.7071517931609672,,,,,0.4236113787662577,6651094
ldpc,N96_M48,pSA,search,587,225,,,,4.458405911450918,7.682247890931363,1.2014530197150413,snr,0.5530984004252553,0.0,0.0,0.0352120770061231,9.735597889621596,exponential,1.545500024979117,0.2927754886879213,best_state,10407,3532,25600,0.025629340277777773,0.2791666666666666,0.21250000000000002,0.014404166666666668,0.15986666666666668,1.7793004531867704,1.7462468723936608,,,,,0.4237551250768549,4758453
ldpc,N96_M48,pSA,search,402,226,,,,2.416333112811596,5.530380985703576,1.0540036671411006,snr,0.7787101583380389,0.0,0.0,0.11535064242552104,9.019628004634983,cosine,0.793745683684873,0.442733983956592,best_state,14796,5413,25600,0.026302083333333334,0.28958333333333336,0.21041666666666667,0.014404166666666668,0.15986666666666668,1.8260052068267283,1.8114053377814845,,,,,0.4241943009766455,3293438
ldpc,N96_M48,pSA,search,350,227,,,,3.151307389902792,5.8215040745531415,1.0329821841560283,snr,0.7546935707788951,0.0,0.0,0.12138940937263033,8.746059390137615,cosine,0.8439043311611806,0.04081808706680766,best_state,13995,4639,25600,0.026128472222222223,0.26666666666666666,0.20000000000000004,0.014404166666666668,0.15986666666666668,1.813952367177707,1.6680567139282734,,,,,0.4243221167569186,2881650
ldpc,N96_M48,pSA,search,782,228,,,,2.869468697798199,3.355419010914646,1.8343037417288444,fixed,0.676218515152686,0.0,0.0,0.2502855320309227,7.8737755239852065,linear,0.9469791472216936,0.5310003880306345,best_state,17685,1298,25600,0.026649305555555558,0.2708333333333333,0.17708333333333334,0.014404166666666668,0.15986666666666668,1.850110886124771,1.6941201000834025,,,,,0.4259118376247733,6302658
ldpc,N96_M48,pSA,search,973,229,,,,4.050775633735946,6.778033373964458,2.013696317058582,snr,0.7403356692756321,0.0,0.0,0.309649661380964,9.884153529986126,exponential,1.3692661607830412,0.23804839809006767,best_state,20727,4827,25600,0.02552083333333333,0.2895833333333333,0.21458333333333335,0.014404166666666668,0.15986666666666668,1.771767428406132,1.8114053377814843,,,,,0.4265150405138985,7815187
ldpc,N96_M48,pSA,search,436,230,,,,2.6901165446907815,4.266946648368113,1.701736426536738,snr,0.7409460775035588,0.0,0.0,0.09780419954149676,7.154061409922683,cosine,1.1341030923990054,0.2956989567775783,best_state,21573,3939,25600,0.02493489583333333,0.26666666666666666,0.20624999999999996,0.014404166666666668,0.15986666666666668,1.7310890945906854,1.6680567139282734,,,,,0.426701461296996,3562684
ldpc,N96_M48,pSA,search,738,231,,,,3.346529801868493,5.196242573257181,1.2766477410231378,snr,0.7437937855769131,0.0,0.0,0.18071195534053772,2.274019728504467,exponential,1.2074549605956153,0.1792379698524485,best_state,19869,4063,25600,0.02751736111111111,0.2916666666666667,0.20625000000000002,0.014404166666666668,0.15986666666666668,1.9103750843698775,1.8244370308590492,,,,,0.426987164995162,5954222
ldpc,N96_M48,pSA,search,593,232,,,,4.105249987122678,7.136031340867638,1.5209666115499032,snr,0.6551030661320685,0.0,0.0,0.043399931644139675,8.930421335873245,exponential,1.2566446916694882,0.2649560863391924,best_state,12435,3751,25600,0.02424045138888889,0.25416666666666665,0.17708333333333334,0.014404166666666668,0.15986666666666668,1.6828777359946003,1.5898665554628855,,,,,0.42751520583811603,4805967
ldpc,N96_M48,pSA,refine,986,233,,,,3.203561412249291,5.88081157204245,1.3160681658818216,snr,0.645033141427659,0.0,0.0,0.22026667564662672,8.937169746701114,piecewise,0.9333064617557655,0.23748643706510036,best_state,16767,3359,25600,0.025975694444444447,0.2778333333333333,0.20350000000000001,0.014404166666666668,0.15986666666666668,1.8033458682865684,1.7379065888240197,,,,,0.42969229691503846,429651;429752;429853;429954;430055;430156
ldpc,N96_M48,pSA,search,550,234,,,,6.848987613530934,8.881987244165213,1.7192639607243296,snr,0.5512497623038177,0.0,0.0,0.1739820582113197,11.94326916926323,exponential,1.8969475070559578,0.1819543227638712,best_state,13507,2164,25600,0.026627604166666666,0.2916666666666667,0.1875,0.014404166666666668,0.15986666666666668,1.8486042811686432,1.8244370308590492,,,,,0.4300774249584288,4465450
ldpc,N96_M48,pSA,search,824,235,,,,2.5208376821856926,3.903252834461855,1.178709052118888,snr,0.6616395664573884,0.0,0.0,0.22419374506115622,11.999903318876058,exponential,1.4197912146108977,0.20959327716736748,best_state,19539,1609,25600,0.02671440972222222,0.28958333333333336,0.18958333333333333,0.014404166666666668,0.15986666666666668,1.8546307009931537,1.8114053377814845,,,,,0.4301106672698669,6635256
ldpc,N96_M48,pSA,refine,474,236,,,,3.324745976311834,4.856846206543046,1.3438527472371586,snr,0.6984897979196459,0.0,0.0,0.14550822468951213,8.325205590923327,cosine,1.2490285149340632,0.240661853094891,best_state,13435,3903,25600,0.02580902777777778,0.2768333333333333,0.19116666666666668,0.014404166666666668,0.15986666666666668,1.791775142223508,1.7316513761467887,,,,,0.4305392551288102,263352;263453;263554;263655;263756;263857
ldpc,N96_M48,pSA,search,312,237,,,,1.8967379390939352,3.3027519260060414,1.072219751565295,snr,0.7647617519265203,0.0,0.0,0.22087866459358538,11.177625461004164,exponential,0.9611804007313186,0.8679858295843091,best_state,17298,144,25600,0.029253472222222226,0.26875,0.16874999999999998,0.014404166666666668,0.15986666666666668,2.0309034808600908,1.6810884070058378,,,,,0.43145936327951373,2580728
ldpc,N96_M48,pSA,search,564,238,,,,7.658591693944865,11.659633548547895,1.5130141538473085,snr,0.592623623779105,0.0,0.0,0.15159163046289054,10.20209999394463,exponential,2.334167250262913,0.2782687106883408,best_state,14116,2468,25600,0.027105034722222223,0.2833333333333333,0.19791666666666666,0.014404166666666668,0.15986666666666668,1.8817495902034518,1.7723102585487904,,,,,0.43175709194869577,4576316
ldpc,N96_M48,pSA,search,398,239,,,,2.3750734464111454,4.596964876144529,1.0832513695483197,snr,0.7782231018643446,0.0,0.0,0.09003636713490994,6.767073392032806,cosine,0.8004148370947732,0.4368760166589885,best_state,14686,5343,25600,0.028602430555555558,0.27708333333333335,0.21875,0.014404166666666668,0.15986666666666668,1.9857053321762608,1.7332151793160966,,,,,0.43199439656169586,3261762
ldpc,N96_M48,pSA,search,551,240,,,,6.27444368725091,10.55449750810691,1.2978930384195433,snr,0.5113313110665224,0.0,0.0,0.03937441044260329,11.868181168824888,exponential,1.8641459362036268,0.2502010206707419,best_state,12685,2178,25600,0.024500868055555555,0.27708333333333335,0.19791666666666666,0.014404166666666668,0.15986666666666668,1.700956995468132,1.7332151793160966,,,,,0.4324614935744747,4473369
ldpc,N96_M48,pSA,search,948,241,,,,2.142449081028791,4.709773851810007,1.403537669071431,snr,0.6068786737672959,0.0,0.0,0.19521347160604874,9.711327201407698,exponential,1.270077596004139,0.43224698699874686,best_state,19857,5661,25600,0.024218749999999997,0.28541666666666665,0.19583333333333333,0.014404166666666668,0.15986666666666668,1.6813711310384725,1.785341951626355,,,,,0.4327175248017684,7617212
ldpc,N96_M48,pSA,search,764,242,,,,2.91714187913998,4.781374254303428,1.4366807605030854,snr,0.7578434555838769,0.0,0.0,0.24339697650994996,11.110826096897375,piecewise,1.3760164820873457,0.47657454725455395,best_state,19262,1386,25600,0.02443576388888889,0.28958333333333336,0.20624999999999996,0.014404166666666668,0.15986666666666668,1.6964371805997491,1.8114053377814845,,,,,0.4332194614415102,6160116
ldpc,N96_M48,pSA,search,446,243,,,,3.528187992816957,4.942214228263824,1.4252699077532935,snr,0.7095870287123776,0.0,0.0,0.16712588872114206,2.562652946781787,cosine,0.8548531347692371,0.36361481844859667,best_state,10493,4221,25600,0.026649305555555555,0.27291666666666664,0.18333333333333335,0.014404166666666668,0.15986666666666668,1.8501108861247708,1.7071517931609672,,,,,0.4333887091764555,3641874
ldpc,N96_M48,pSA,search,977,244,,,,4.186517189232352,6.967586091776907,1.841738495117461,snr,0.6747549349387597,0.0,0.0,0.28766893898988966,9.453307900975357,exponential,1.7143376386641913,0.8291000402146254,best_state,18324,6064,25600,0.027235243055555556,0.25625000000000003,0.20000000000000004,0.014404166666666668,0.15986666666666668,1.8907892199402179,1.6028982485404504,,,,,0.43583824982279934,7846863
ldpc,N96_M48,pSA,search,918,245,,,,2.4700752114994553,3.830814856108838,1.4328663049104822,snr,0.7889107375778864,0.0,0.0,0.15049461377427217,8.883051967694456,exponential,1.1463453149593008,0.19416747752730643,best_state,17964,6520,25600,0.026063368055555553,0.2791666666666666,0.19166666666666668,0.014404166666666668,0.15986666666666668,1.8094325523093238,1.7462468723936608,,,,,0.4358533874479758,7379642
ldpc,N96_M48,pSA,refine,702,246,,,,3.4937924326559564,4.647322788128165,1.7903649849048808,snr,0.6684306535039493,0.0,0.0,0.17854329852219078,10.964759110572206,exponential,1.3423964451782362,0.2830042220004917,best_state,12416,2392,25600,0.025626736111111114,0.27216666666666667,0.18799999999999997,0.014404166666666668,0.15986666666666668,1.7791196605920356,1.702460383653044,,,,,0.43592566047955544,310866;310967;311068;311169;311270;311371
ldpc,N96_M48,pSA,search,431,247,,,,2.3491647701930907,4.509437954842543,1.4460847404203938,snr,0.7652452734930076,0.0,0.0,0.10722405926173813,9.712033891761614,cosine,0.9348901323264543,0.4690265942919027,best_state,15428,5114,25600,0.02697482638888889,0.27708333333333335,0.1875,0.014404166666666668,0.15986666666666668,1.872709960466686,1.7332151793160966,,,,,0.43635320806799344,3523089
ldpc,N96_M48,pSA,search,348,248,,,,2.6692887871332256,4.9940712861875785,1.150028144060617,snr,0.7409788021825803,0.0,0.0,0.15438840914635543,9.484099389767247,cosine,1.0173006421876285,0.8788468326590353,best_state,20579,4932,25600,0.02771267361111111,0.2791666666666666,0.19791666666666666,0.014404166666666668,0.15986666666666668,1.9239345289750263,1.7462468723936608,,,,,0.4371212267076337,2865812
ldpc,N96_M48,pSA,search,778,249,,,,1.7748276632237772,3.7914805965822094,1.6756688540019828,snr,0.712454835528205,0.0,0.0,0.28027715351898363,10.18923257688654,exponential,1.1260607283095023,0.5598889156834896,best_state,18646,1573,25600,0.02565104166666667,0.2604166666666667,0.20624999999999996,0.014404166666666668,0.15986666666666668,1.7808070581428985,1.6289616346955795,,,,,0.4374405194573078,6270982
ldpc,N96_M48,pSA,search,590,250,,,,5.1072401723667,7.317742645626869,1.5167472922440128,snr,0.5423440265404071,0.0,0.0,0.04479546138214687,8.896558753384582,exponential,1.2773571075362622,0.2652990257156398,majority,12594,3848,25600,0.025868055555555557,0.26666666666666666,0.2041666666666667,0.014404166666666668,0.15986666666666668,1.7958731077041752,1.6680567139282734,,,,,0.43771584887260023,4782210
ldpc,N96_M48,pSA,search,227,251,,,,2.3652645312885947,4.456385148115287,1.194906840095747,snr,0.8854657533196126,0.0,0.0,0.7241029959955821,8.41991736583645,cosine,1.4086037362864652,0.8241462042630434,best_state,20291,5252,25600,0.025130208333333334,0.28125,0.20833333333333334,0.014404166666666668,0.15986666666666668,1.7446485391958344,1.7592785654712257,,,,,0.4391648693198313,1907613
ldpc,N96_M48,pSA,search,458,252,,,,3.7469854964796663,5.9901729215980755,1.5370575537385875,snr,0.6760409946617093,0.0,0.0,0.15914269604034276,2.902901486807106,cosine,0.5141751773862983,0.2987400175266929,best_state,11811,3632,25600,0.024826388888888887,0.25833333333333336,0.18333333333333332,0.014404166666666668,0.15986666666666668,1.723556069810047,1.615929941618015,,,,,0.4393332486011363,3736902
ldpc,N96_M48,pSA,search,668,253,,,,5.839560035772392,11.946525160632417,1.158269823033741,snr,0.5131436600277253,0.0,0.0,0.03814912199988898,9.269785362729365,exponential,1.4952625140547895,0.26441872116838483,best_state,14765,3693,25600,0.026953125000000005,0.29375,0.225,0.014404166666666668,0.15986666666666668,1.8712033555105585,1.8374687239366136,,,,,0.43937452247696823,5399892
ldpc,N96_M48,pSA,search,758,254,,,,2.984182668997718,4.7820524172137535,1.3913957352002722,snr,0.7545757446430172,0.0,0.0,0.29881621576055206,11.198419232283195,piecewise,1.3756509916925965,0.521548799534639,best_state,19598,1766,25600,0.026931423611111113,0.28541666666666665,0.2020833333333333,0.014404166666666668,0.15986666666666668,1.8696967505544306,1.785341951626355,,,,,0.44026369556802564,6112602
ldpc,N96_M48,pSA,search,599,255,,,,5.190159462256868,7.101958143044368,1.4964970276973564,snr,0.6663886319743276,0.0,0.0,0.04386340556997366,10.507880329120825,piecewise,1.3085310840520128,0.2669365293479473,majority,12535,3855,25600,0.02534722222222222,0.28125,0.20833333333333337,0.014404166666666668,0.15986666666666668,1.7597145887571108,1.7592785654712257,,,,,0.4403296808171796,4853481
ldpc,N96_M48,pSA,search,766,256,,,,2.866176425935125,4.783759471102955,1.391428395529773,snr,0.767333053700254,0.0,0.0,0.2917710437708911,11.122243825211651,piecewise,1.3373849776912097,0.4812798164603407,best_state,20963,1874,25600,0.025998263888888887,0.26666666666666666,0.20416666666666664,0.014404166666666668,0.15986666666666668,1.8049127374409408,1.6680567139282734,,,,,0.4415321309333914,6175954
ldpc,N96_M48,pSA,search,670,257,,,,5.937867880334779,7.311613090133597,1.1479037599762343,snr,0.5176384997970392,0.0,0.0,0.17182390467619993,11.125688714539754,exponential,1.4812545469630924,0.2626015205959534,best_state,14848,3935,25600,0.026996527777777776,0.2916666666666667,0.21250000000000002,0.014404166666666668,0.15986666666666668,1.8742165654228133,1.8244370308590492,,,,,0.4418502499964761,5415730
ldpc,N96_M48,pSA,search,857,258,,,,1.9515893834597462,3.388617255149054,1.1560948229132793,snr,0.6749020260388232,0.0,0.0,0.32222813568240677,10.559220409219561,exponential,0.09182053483650446,0.2247052164526109,best_state,17684,1172,25600,0.028211805555555556,0.3,0.20208333333333336,0.014404166666666668,0.15986666666666668,1.9585864429659627,1.8765638031693075,,,,,0.4426693196849011,6896583
ldpc,N96_M48,pSA,search,693,259,,,,4.164179877345885,8.16723259321382,1.6064904991921747,snr,0.6354763394643173,0.0,0.0,0.11178314211660051,8.907018942592757,linear,1.090278363650305,0.24043162555648517,last,14244,5998,25600,0.027083333333333334,0.2520833333333333,0.1875,0.014404166666666668,0.15986666666666668,1.8802429852473241,1.5768348623853208,,,,,0.4431198104910927,5597867
ldpc,N96_M48,pSA,search,404,260,,,,2.4213695525302317,5.380702605596745,1.056758023598932,snr,0.7800912418405404,0.0,0.0,0.11510998919216323,9.088350973526483,cosine,0.7913824118777253,0.11348430732573185,best_state,19791,5730,25600,0.029600694444444447,0.2895833333333333,0.22083333333333333,0.014404166666666668,0.15986666666666668,2.0550091601581335,1.8114053377814843,,,,,0.4438482163660046,3309276
ldpc,N96_M48,pSA,search,580,261,,,,4.626293233768586,9.317255404587678,1.2239242404256838,snr,0.5086028015333798,0.0,0.0,0.03398528814003686,9.864977648008947,exponential,1.584498954729562,0.26250530242406334,best_state,10776,3628,25600,0.02749565972222222,0.2791666666666667,0.21875,0.014404166666666668,0.15986666666666668,1.9088684794137498,1.7462468723936613,,,,,0.4442990987520275,4703020
ldpc,N96_M48,pSA,search,915,262,,,,2.4676267120332076,3.830137666719671,1.1084319111098595,snr,0.7198687490159913,0.0,0.0,0.19583567525138176,10.459097939442191,exponential,1.5499814178389042,0.20148222523548798,best_state,17965,1376,25600,0.027669270833333332,0.2833333333333334,0.19374999999999998,0.014404166666666668,0.15986666666666668,1.920921319062771,1.7723102585487907,,,,,0.44442405066932306,7355885
ldpc,N96_M48,pSA,search,643,263,,,,7.930973228177767,9.076901920973174,1.2250803010930804,snr,0.6907264494170814,0.0,0.0,0.030477255395320958,8.24549630239689,exponential,1.066258240457713,0.6111269191355487,best_state,14756,3697,25600,0.02799479166666666,0.29375,0.18958333333333333,0.014404166666666668,0.15986666666666668,1.9435203934046856,1.8374687239366136,,,,,0.4450196304014731,5201917
ldpc,N96_M48,pSA,search,567,264,,,,6.936602469915782,9.607126581872961,1.3393524130365337,snr,0.4745612586806097,0.0,0.0,0.057734272456164686,11.851517556354185,exponential,1.3275169611023645,0.2290455099496112,best_state,12053,3335,25600,0.026280381944444445,0.28125,0.20833333333333334,0.014404166666666668,0.15986666666666668,1.8244986018706006,1.7592785654712257,,,,,0.44581024662445773,4600073
ldpc,N96_M48,pSA,search,618,265,,,,5.062935266670312,10.117333094186597,1.388343073730417,snr,0.6580762197217926,0.0,0.0,0.0331427283850012,10.460941000020828,exponential,1.4205863525370779,0.21616893963922823,majority,13856,2996,25600,0.02601996527777778,0.30416666666666664,0.20833333333333334,0.014404166666666668,0.15986666666666668,1.8064193423970687,1.9026271893244366,,,,,0.44640300280871487,5003942
ldpc,N96_M48,pSA,search,861,266,,,,1.8893856604205113,3.300921157730203,1.140460102297737,snr,0.7763850315147284,0.0,0.0,0.18490877876644107,10.255682518511133,exponential,0.09509047219445214,0.2179221730707064,best_state,17692,1255,25600,0.028016493055555553,0.28958333333333336,0.1875,0.014404166666666668,0.15986666666666668,1.9450269983608135,1.8114053377814845,,,,,0.4466100736883663,6928259
ldpc,N96_M48,pSA,search,575,267,,,,6.91403470239525,8.406109964774394,1.3497129494177842,snr,0.43695318556151713,0.0,0.0,0.15022346613155174,11.010917832152906,exponential,1.4465409814584966,0.22603695067785545,best_state,12109,1914,25600,0.02682291666666667,0.2625,0.19999999999999998,0.014404166666666668,0.15986666666666668,1.8621637257737924,1.6419933277731442,,,,,0.44700865844194015,4663425
ldpc,N96_M48,pSA,search,563,268,,,,5.670358829939105,11.924682416647105,1.518259848690049,snr,0.5222944205943736,0.0,0.0,0.16681020131796154,10.29460904693488,exponential,1.5658038687696212,0.2746014806593956,best_state,14256,1978,25600,0.027625868055555555,0.26875,0.2041666666666667,0.014404166666666668,0.15986666666666668,1.9179081091505157,1.6810884070058378,,,,,0.44763202528794094,4568397
ldpc,N96_M48,pSA,search,538,269,,,,5.562223844273986,11.96015557479944,1.4131715573673245,snr,0.5072939834113172,0.0,0.0,0.15113083539287314,10.826092536702205,exponential,1.7433018511468523,0.2070025605157359,best_state,14403,2645,25600,0.027148437499999997,0.2833333333333334,0.20833333333333334,0.014404166666666668,0.15986666666666668,1.8847628001157068,1.7723102585487907,,,,,0.44825862550923706,4370422
ldpc,N96_M48,pSA,search,731,270,,,,3.8832377072409767,3.9638607093839586,1.4890591115669152,snr,0.7102390795758037,0.0,0.0,0.12074916182558511,10.229998314136028,exponential,1.635536922118006,0.16612677578329557,best_state,13049,4098,25600,0.03372395833333333,0.28750000000000003,0.11666666666666668,0.014404166666666668,0.15986666666666668,2.341264101822389,1.79837364470392,,,,,0.4483383950923024,5898789
ldpc,N96_M48,pSA,search,576,271,,,,4.952908488478338,7.971657090759967,1.3257155672474825,snr,0.4661122087909226,0.0,0.0,0.035419251277689606,11.975817533149732,exponential,1.3949698402939052,0.23268682625699397,best_state,12905,3304,25600,0.025868055555555557,0.28125,0.2125,0.014404166666666668,0.15986666666666668,1.7958731077041752,1.7592785654712257,,,,,0.4485543229562389,4671344
ldpc,N96_M48,pSA,search,581,272,,,,4.655385761040482,9.753408191381867,1.2029616629643736,snr,0.5192753847393036,0.0,0.0,0.03497142190252621,9.571574440147847,exponential,1.556080703101381,0.2935390197224075,best_state,11649,1782,25600,0.027907986111111113,0.2833333333333333,0.21041666666666667,0.014404166666666668,0.15986666666666668,1.9374939735801755,1.7723102585487904,,,,,0.4490581042710972,4710939
ldpc,N96_M48,pSA,search,434,273,,,,2.6624728330175875,4.2058824883441295,1.6467457552068663,snr,0.4323827726617976,0.0,0.0,0.12481214089829273,7.217495054182635,cosine,1.1156172713824604,0.3171902955006607,best_state,16524,4257,25600,0.026171875,0.2770833333333333,0.22291666666666665,0.014404166666666668,0.15986666666666668,1.8169655770899624,1.7332151793160964,,,,,0.44913936428456513,3546846
ldpc,N96_M48,pSA,search,237,274,,,,2.1554162524002973,4.112012649607314,1.1588458250227134,snr,0.8221914353453537,0.0,0.0,0.2333718206276255,10.26258852776805,cosine,1.433475086480237,0.8767220360441013,best_state,18938,1123,25600,0.028407118055555555,0.28541666666666665,0.19583333333333333,0.014404166666666668,0.15986666666666668,1.9721458875711115,1.785341951626355,,,,,0.4494055419785969,1986803
ldpc,N96_M48,pSA,search,705,275,,,,3.4755600073428177,6.522158533635179,1.7606021961243064,snr,0.5835234267560779,0.0,0.0,0.17121000491372051,10.810003589984264,exponential,1.3322481401008435,0.6739246758848498,best_state,12581,3378,25600,0.02619357638888889,0.28750000000000003,0.1958333333333333,0.014404166666666668,0.15986666666666668,1.81847218204609,1.79837364470392,,,,,0.4504245236655502,5692895
ldpc,N96_M48,pSA,refine,508,276,,,,3.432447457951448,6.878161457725739,1.60422624314023,snr,0.6499591427902163,0.0,0.0,0.12271282000654224,11.970539740323169,exponential,1.1998524158868664,0.21768784710160197,best_state,13684,3645,25600,0.027003472222222224,0.2778333333333334,0.2041666666666667,0.014404166666666668,0.15986666666666668,1.8746986790087745,1.7379065888240202,,,,,0.45091044230273025,390056;390157;390258;390359;390460;390561
ldpc,N96_M48,pSA,search,453,277,,,,3.5674394507362046,5.015094377452334,1.888975123632812,snr,0.681928726101225,0.0,0.0,0.1334713515407252,8.6344221668996,cosine,0.8737264509930154,0.26393308520171643,best_state,12314,4093,25600,0.025499131944444444,0.275,0.19791666666666666,0.014404166666666668,0.15986666666666668,1.7702608234500048,1.7201834862385321,,,,,0.4509262687934816,3697307
ldpc,N96_M48,pSA,search,359,278,,,,3.0866664052540833,5.7502583280854305,0.9868212119315961,snr,0.7295537414824715,0.0,0.0,0.12823469622938485,8.516795181205852,cosine,0.7834291570162354,0.15169911621940924,best_state,16082,4588,25600,0.028125,0.26666666666666666,0.20833333333333334,0.014404166666666668,0.15986666666666668,1.9525600231414522,1.6680567139282734,,,,,0.4509633149567616,2952921
ldpc,N96_M48,pSA,refine,308,279,,,,2.130647776463577,3.359978186416052,1.0618739788217293,snr,0.7635900432095077,0.0,0.0,0.17672423379805535,11.330776581511158,exponential,1.2076160953056736,0.865929240051384,best_state,17370,4805,25600,0.028086805555555556,0.2838333333333333,0.20249999999999999,0.014404166666666668,0.15986666666666668,1.9499083984186674,1.7754378648874058,,,,,0.4510066986605464,239595;239696;239797;239898;239999;240100
ldpc,N96_M48,pSA,search,406,280,,,,2.4474315233797523,5.471921860713294,1.0938869107028257,snr,0.7756348311680663,0.0,0.0,0.11453775646657008,6.982995902880589,cosine,0.7735174204758939,0.07098032826707697,best_state,14784,5342,25600,0.02916666666666667,0.2895833333333333,0.2104166666666667,0.014404166666666668,0.15986666666666668,2.02487706103558,1.8114053377814843,,,,,0.45109020183353676,3325114
ldpc,N96_M48,pSA,search,527,281,,,,4.5250881409857024,9.018070667040794,2.0763760912080347,snr,0.651413245557413,0.0,0.0,0.11439263085062029,4.702682543342439,exponential,1.4397046658901795,0.23869516794767304,best_state,12945,3461,25600,0.025781249999999995,0.2833333333333334,0.2354166666666667,0.014404166666666668,0.15986666666666668,1.789846687879664,1.7723102585487907,,,,,0.451338736374791,4283313
ldpc,N96_M48,pSA,search,511,282,,,,3.514580158736431,6.6662245637021,1.625154333405619,snr,0.6546040493734078,0.0,0.0,0.13125940851617188,11.565838718737385,exponential,1.16827574412745,0.2735945460021552,best_state,13906,3707,25600,0.02756076388888889,0.2833333333333333,0.2020833333333333,0.014404166666666668,0.15986666666666668,1.913388294282133,1.7723102585487904,,,,,0.45173799652951774,4156609
ldpc,N96_M48,pSA,search,939,283,,,,2.2087035917148836,4.476597445833384,1.4132575141934405,snr,0.619745335142728,0.0,0.0,0.19325349945508374,9.640669069906412,exponential,1.3577584028294196,0.25420922951046726,best_state,19903,5398,25600,0.02688802083333333,0.2791666666666667,0.2125,0.014404166666666668,0.15986666666666668,1.8666835406421751,1.7462468723936613,,,,,0.4520939502166869,7545941
ldpc,N96_M48,pSA,search,338,284,,,,2.6895079440631338,4.941027772081913,1.1918441731164013,snr,0.7473603445233044,0.0,0.0,0.18519829489068235,7.44837596896068,cosine,1.0567243830855577,0.8997276342346721,best_state,16055,4306,25600,0.027907986111111113,0.2875,0.20625000000000002,0.014404166666666668,0.15986666666666668,1.9374939735801755,1.7983736447039196,,,,,0.4522014690579806,2786622
ldpc,N96_M48,pSA,search,923,285,,,,2.4527867419300193,3.8226480156507083,1.5036762637088386,snr,0.7157725340121686,0.0,0.0,0.20016263578944352,10.399922417355347,exponential,1.5594126503742682,0.1929900328903112,best_state,19242,6186,25600,0.02610677083333333,0.26666666666666666,0.19583333333333333,0.014404166666666668,0.15986666666666668,1.812445762221579,1.6680567139282734,,,,,0.4522295329943963,7419237
ldpc,N96_M48,pSA,search,483,286,,,,3.4898883997496477,6.340052357828766,1.835969802794245,snr,0.7253154854336434,0.0,0.0,0.1851707101984987,8.09399782722016,cosine,1.217980401865642,0.26459133129661744,best_state,12344,4486,25600,0.026649305555555558,0.29375,0.22499999999999998,0.014404166666666668,0.15986666666666668,1.850110886124771,1.8374687239366136,,,,,0.4528063731644625,3934877
ldpc,N96_M48,pSA,search,863,287,,,,2.3000575945551462,3.385572224656001,1.0752690531581663,snr,0.7877121859690623,0.0,0.0,0.18427030465087152,10.283781418910758,exponential,0.08833067376630313,0.21307814101999414,best_state,18205,1215,25600,0.02894965277777778,0.2770833333333333,0.19166666666666668,0.014404166666666668,0.15986666666666668,2.0098110114743033,1.7332151793160964,,,,,0.4529720147734948,6944097
ldpc,N96_M48,pSA,search,890,288,,,,3.1516616512529767,4.757834720929443,1.7430864026286073,snr,0.8394788425812699,0.0,0.0,0.1713166996352966,9.682290364952843,exponential,1.8245206560264668,0.2698756052590765,best_state,19447,1563,25600,0.026432291666666666,0.27499999999999997,0.2104166666666667,0.014404166666666668,0.15986666666666668,1.8350448365634942,1.7201834862385317,,,,,0.4530067974262033,7157910
ldpc,N96_M48,pSA,search,606,289,,,,6.135228890312502,8.251631848949343,1.8958118432698987,snr,0.5663045419011121,0.0,0.0,0.030517205553807786,9.087097894853356,exponential,1.3908930726087567,0.24589663008140583,best_state,13314,3515,25600,0.028255208333333334,0.26666666666666666,0.19791666666666666,0.014404166666666668,0.15986666666666668,1.961599652878218,1.6680567139282734,,,,,0.45374149464022767,4908914
ldpc,N96_M48,pSA,search,589,290,,,,5.146742387257812,7.46151850826061,1.5693448252543265,snr,0.5338565587222419,0.0,0.0,0.045610664372303544,10.366433167928239,piecewise,1.3207280153902883,0.2634870556761047,best_state,12396,3888,25600,0.026801215277777776,0.29583333333333334,0.21250000000000002,0.014404166666666668,0.15986666666666668,1.8606571208176643,1.8505004170141783,,,,,0.45468105691992655,4774291
ldpc,N96_M48,pSA,search,586,291,,,,4.775290361276129,9.565962536144585,1.197972945316621,snr,0.5203009695488872,0.0,0.0,0.04186063906853719,9.73418065804522,exponential,1.5482457975794461,0.25589335322741746,best_state,11236,1799,25600,0.02658420138888889,0.26666666666666666,0.18541666666666667,0.014404166666666668,0.15986666666666668,1.845591071256388,1.6680567139282734,,,,,0.45483675152878206,4750534
ldpc,N96_M48,pSA,refine,323,292,,,,2.1935611922671483,3.744884429569563,1.3009725225834363,snr,0.719090079879236,0.0,0.0,0.2103067164283947,11.975371940972913,exponential,1.198973895075374,0.3107623319206446,last,20841,4449,25600,0.028864583333333332,0.266,0.17916666666666667,0.014404166666666668,0.15986666666666668,2.0039051200462827,1.6638865721434528,,,,,0.45495919568129706,279190;279291;279392;279493;279594;279695
ldpc,N96_M48,pSA,search,314,293,,,,2.207428269426144,3.7132948449813585,1.3463781278929317,snr,0.7242318575221812,0.0,0.0,0.20830120251191617,11.957594740951812,exponential,1.2136817898159622,0.899627564406027,last,21009,4444,25600,0.028819444444444443,0.25,0.18125000000000002,0.014404166666666668,0.15986666666666668,2.000771381737537,1.5638031693077563,,,,,0.4557182514421207,2596566
ldpc,N96_M48,pSA,search,554,294,,,,6.038770106539011,11.853113136293487,1.5278266168631973,snr,0.49764896764453975,0.0,0.0,0.06130971512868751,10.366924085963559,exponential,2.1964596329131885,0.2743127631491845,best_state,14286,2919,25600,0.02734375,0.27291666666666664,0.2333333333333333,0.014404166666666668,0.15986666666666668,1.898322244720856,1.7071517931609672,,,,,0.45587892233099453,4497126
ldpc,N96_M48,pSA,search,264,295,,,,1.8744157938806665,3.955012918238731,1.1200665336029791,snr,0.7577340149709032,0.0,0.0,0.18875637188475708,11.370806645109651,cosine,1.175861307892449,0.8676681276746441,last,18113,5981,25600,0.03205295138888889,0.25625000000000003,0.18958333333333333,0.014404166666666668,0.15986666666666668,2.2252555202005593,1.6028982485404504,,,,,0.45594663011113856,2200616
ldpc,N96_M48,pSA,search,751,296,,,,3.290958792565309,4.414814220140849,1.0655557716157225,snr,0.7402161207760152,0.0,0.0,0.21234332008697251,11.048668827619409,exponential,2.7874534832440925,0.2022276128425375,best_state,19223,3795,25600,0.027799479166666665,0.28541666666666665,0.1958333333333333,0.014404166666666668,0.15986666666666668,1.9299609487995368,1.785341951626355,,,,,0.45654660803481856,6057169
ldpc,N96_M48,pSA,search,354,297,,,,3.174564893526908,5.714767606080575,1.0419822459007329,snr,0.7174988654178812,0.0,0.0,0.13647271948441345,8.778342835140444,cosine,0.8320661326056954,0.08585541344738051,best_state,14854,6424,25600,0.029253472222222226,0.28125000000000006,0.21041666666666667,0.014404166666666668,0.15986666666666668,2.0309034808600908,1.7592785654712262,,,,,0.4575271211444516,2913326
ldpc,N96_M48,pSA,search,532,298,,,,5.393408187380824,10.870414839513021,1.4832970540284525,snr,0.609182223073455,0.0,0.0,0.1527813080872251,10.837644096902789,exponential,1.8023978205958184,0.21093150928367632,best_state,14173,2782,25600,0.028732638888888887,0.2916666666666667,0.2125,0.014404166666666668,0.15986666666666668,1.9947449619130264,1.8244370308590492,,,,,0.4589476118113298,4322908
ldpc,N96_M48,pSA,search,223,299,,,,2.4234490022400395,4.356408436421246,1.1256949162218668,snr,0.8649827911028286,0.0,0.0,0.7996173522272637,8.21751690745099,cosine,1.4142509344673222,0.8247268757483556,best_state,24255,1181,25600,0.02756076388888889,0.25625,0.20208333333333336,0.014404166666666668,0.15986666666666668,1.913388294282133,1.6028982485404502,,,,,0.45937338461174226,1875937
ldpc,N96_M48,pSA,search,476,300,,,,3.3080732452478463,4.873607851705616,1.3570724511943204,snr,0.7066892328720173,0.0,0.0,0.178170139289012,8.162390879265729,cosine,1.2189722909739424,0.23544475997000078,best_state,13402,3951,25600,0.027734374999999995,0.28125000000000006,0.20208333333333336,0.014404166666666668,0.15986666666666668,1.9254411339311537,1.7592785654712262,,,,,0.4596075798654528,3879444
ldpc,N96_M48,pSA,search,591,301,,,,3.8753805951666043,7.444767527635132,1.556951007071581,snr,0.5425617960635769,0.0,0.0,0.138344403242529,10.853715392327343,piecewise,1.3048519804199286,0.26612445925304445,best_state,12207,3840,25600,0.02730034722222222,0.3083333333333333,0.2125,0.014404166666666668,0.15986666666666668,1.8953090348086006,1.9286905754795658,,,,,0.4603717634620192,4790129
ldpc,N96_M48,pSA,search,299,302,,,,2.834792082706496,4.146826911083949,1.0636263739215464,snr,0.8662485764888214,0.0,0.0,0.19511804436399496,8.800733465879082,cosine,1.013852164745935,0.834412805656356,best_state,17380,481,25600,0.03181423611111111,0.29583333333333334,0.21250000000000002,0.014404166666666668,0.15986666666666668,2.2086828656831545,1.8505004170141783,,,,,0.46129618295632135,2477781
ldpc,N96_M48,pSA,search,481,303,,,,3.7534103151423457,6.144150335882583,1.835679922100325,fixed,0.7254436398074325,0.0,0.0,0.18619491314206676,7.870276475236119,cosine,1.3179560508779578,0.58033108169193,best_state,12353,4467,25600,0.028537326388888885,0.2791666666666666,0.20416666666666664,0.014404166666666668,0.15986666666666668,1.9811855173078774,1.7462468723936608,,,,,0.4616122962972841,3919039
ldpc,N96_M48,pSA,search,814,304,,,,2.709685341430747,4.256458743804399,1.01613383980079,snr,0.6925084805503725,0.0,0.0,0.20185696110226128,10.339138941967022,exponential,0.4644417427343385,0.08196071280420418,best_state,19467,1233,25600,0.02732204861111111,0.28125,0.21041666666666667,0.014404166666666668,0.15986666666666668,1.8968156397647284,1.7592785654712257,,,,,0.4616427165849428,6556066
ldpc,N96_M48,pSA,search,769,305,,,,1.7756244968573593,3.6300158714464783,1.6685470654790333,snr,0.6977301161752071,0.0,0.0,0.3753244989196889,10.417301727232172,exponential,1.1201965301524894,0.5546094747468774,best_state,18935,1487,25600,0.0265625,0.2916666666666667,0.2125,0.014404166666666668,0.15986666666666668,1.8440844663002602,1.8244370308590492,,,,,0.46189181315514366,6199711
ldpc,N96_M48,pSA,search,699,306,,,,5.005906192237002,6.694032866887272,1.7876792764660336,snr,0.6699320334273002,0.0,0.0,0.19283361828901083,10.89837237869471,exponential,1.3880329589161526,0.6806684193601722,best_state,25460,131,25600,0.0275390625,0.2854166666666667,0.18958333333333333,0.014404166666666668,0.15986666666666668,1.911881689326005,1.7853419516263553,,,,,0.46229765426031194,5645381
ldpc,N96_M48,pSA,search,298,307,,,,2.907603061075627,4.919144374522914,1.115930800721643,snr,0.8696689326495489,0.0,0.0,0.1972672394392704,8.74481051613598,exponential,1.1483062939283553,0.8995874495267773,best_state,16996,461,25600,0.02751736111111111,0.26875000000000004,0.18125000000000002,0.014404166666666668,0.15986666666666668,1.9103750843698775,1.6810884070058383,,,,,0.46336799156243524,2469862
ldpc,N96_M48,pSA,search,582,308,,,,4.547072755258601,10.058029512557288,1.5579643476612206,snr,0.4975038121645771,0.0,0.0,0.03716837216766573,9.691749472781815,exponential,1.5648440750298342,0.25413193186177174,best_state,13711,1698,25600,0.025759548611111113,0.29791666666666666,0.22083333333333333,0.014404166666666668,0.15986666666666668,1.7883400829235367,1.8635321100917428,,,,,0.4642746719603754,4718858
ldpc,N96_M48,pSA,search,342,309,,,,2.7227302763132846,5.009604907348411,1.1602190950969336,snr,0.7389685646396349,0.0,0.0,0.1548933337616919,7.333089634658284,cosine,1.0495919884726708,0.8999960888102139,best_state,18123,4253,25600,0.029361979166666663,0.3083333333333333,0.22083333333333335,0.014404166666666668,0.15986666666666668,2.0384365056407288,1.9286905754795658,,,,,0.4650943773266069,2818298
ldpc,N96_M48,pSA,search,572,310,,,,6.945690707831765,8.614380648651792,1.3438173052612028,snr,0.45587738419045165,0.0,0.0,0.03906412358454893,11.999468264084022,exponential,1.4009879856087324,0.23579868708257115,best_state,12174,3217,25600,0.028624131944444447,0.30416666666666664,0.22291666666666665,0.014404166666666668,0.15986666666666668,1.9872119371323884,1.9026271893244366,,,,,0.4652057780174311,4639668
ldpc,N96_M48,pSA,search,556,311,,,,7.613075152376175,11.18088521352424,1.5340489505795076,snr,0.4901737145980849,0.0,0.0,0.06281807068227019,10.145147583555937,exponential,2.302681695699546,0.22568109177007475,best_state,14323,2492,25600,0.027343750000000003,0.3,0.225,0.014404166666666668,0.15986666666666668,1.8983222447208563,1.8765638031693075,,,,,0.46534593730057033,4512964
ldpc,N96_M48,pSA,search,251,312,,,,2.3248794475173815,3.46413079409292,1.1289694787647704,snr,0.8257354469996521,0.0,0.0,0.18678363070821424,10.479231106494527,cosine,1.4207047985352963,0.885151633345241,last,20468,1379,25600,0.03012152777777778,0.2791666666666666,0.1729166666666667,0.014404166666666668,0.15986666666666668,2.091167679105197,1.7462468723936608,,,,,0.46569253584588266,2097669
ldpc,N96_M48,pSA,search,217,313,,,,2.419014128944071,4.435238724573434,1.1891371264942376,snr,0.8852326686788107,0.0,0.0,0.7872991703532208,8.036359998225398,cosine,3.2116113759321196,0.8231754550675918,best_state,19360,5884,25600,0.0271484375,0.3,0.23124999999999998,0.014404166666666668,0.15986666666666668,1.8847628001157073,1.8765638031693075,,,,,0.46704465845896415,1828423
ldpc,N96_M48,pSA,search,990,314,,,,3.068200472723091,5.4280819606799495,1.3312854073992855,snr,0.8011166621247974,0.0,0.0,0.21492872320780074,8.923832877409417,piecewise,0.9504806899697462,0.2541573107137778,best_state,20460,5095,25600,0.03040364583333333,0.2833333333333334,0.23750000000000002,0.014404166666666668,0.15986666666666668,2.1107535435348566,1.7723102585487907,,,,,0.46729795454641104,7949810
ldpc,N96_M48,pSA,search,686,315,,,,5.236008008517091,8.295675182739759,1.6344805121464374,snr,0.7019688429405705,0.0,0.0,0.443466316982992,11.021968980791698,piecewise,1.143873209904818,0.23059655308009425,best_state,14065,2046,25600,0.026909722222222224,0.26875,0.20624999999999996,0.014404166666666668,0.15986666666666668,1.868190145598303,1.6810884070058378,,,,,0.4681669998329176,5542434
ldpc,N96_M48,pSA,refine,233,316,,,,2.0468907350889567,4.105695258161751,1.1659710234207166,snr,0.8651762544400553,0.0,0.0,0.9315369299032747,8.273036783201785,cosine,1.379570580179558,0.8746131210166538,best_state,18632,5916,25600,0.02787673611111111,0.29550000000000004,0.21266666666666667,0.014404166666666668,0.15986666666666668,1.9353244624433514,1.8484153461217683,,,,,0.46869279642181605,405894;405995;406096;406197;406298;406399
ldpc,N96_M48,pSA,search,291,317,,,,2.8226475422874344,4.192072000611988,1.0982090233764805,snr,0.8648096121517003,0.0,0.0,0.19859144246455773,8.908655049293714,cosine,1.049638222438618,0.8281780173608263,best_state,17239,566,25600,0.03044704861111111,0.2916666666666667,0.2020833333333333,0.014404166666666668,0.15986666666666668,2.113766753447112,1.8244370308590492,,,,,0.4693623381946391,2414429
ldpc,N96_M48,pSA,search,261,318,,,,1.944879707086827,3.9126744500862856,1.165752225475261,snr,0.7682277323078125,0.0,0.0,0.17803673040362286,10.60549636533453,cosine,1.6927766206454653,0.8671772481680385,last,17637,868,25600,0.03155381944444444,0.28958333333333336,0.1875,0.014404166666666668,0.15986666666666668,2.190603606209623,1.8114053377814845,,,,,0.4697349084097042,2176859
ldpc,N96_M48,pSA,search,584,319,,,,4.553827196051984,9.635777508958878,1.2023093284462583,snr,0.5130324331293438,0.0,0.0,0.04823452070968696,9.744891210794123,exponential,1.5598109505814706,0.2974102987342555,best_state,13429,1667,25600,0.029600694444444447,0.30833333333333335,0.23333333333333336,0.014404166666666668,0.15986666666666668,2.0550091601581335,1.9286905754795662,,,,,0.47016847368152137,4734696
ldpc,N96_M48,pSA,search,585,320,,,,4.727479691392188,9.55331422318487,1.178437347149447,snr,0.5238957733866517,0.0,0.0,0.032602350506504084,9.877560263498129,exponential,1.5347938027743417,0.2949478508957039,best_state,10513,3612,25600,0.028732638888888887,0.29583333333333334,0.22499999999999998,0.014404166666666668,0.15986666666666668,1.9947449619130264,1.8505004170141783,,,,,0.4705381953267899,4742615
ldpc,N96_M48,pSA,search,507,321,,,,3.3958197922455717,6.7115826604542494,1.6205391841363068,snr,0.7288859159825133,0.0,0.0,0.128740547278755,11.527429199819181,exponential,1.1794493977333396,0.22050209328016065,best_state,13783,3775,25600,0.026041666666666668,0.26875,0.19583333333333333,0.014404166666666668,0.15986666666666668,1.8079259473531963,1.6810884070058378,,,,,0.4705775856563513,4124933
ldpc,N96_M48,pSA,search,399,322,,,,2.3721937996464,5.370259657409294,1.070620529662181,snr,0.7837964137221101,0.0,0.0,0.11541649747774015,6.79019368560659,cosine,0.8044600797886495,0.10896835044229296,best_state,14646,5416,25600,0.027907986111111106,0.29583333333333334,0.21666666666666667,0.014404166666666668,0.15986666666666668,1.937493973580175,1.8505004170141783,,,,,0.47071734914121416,3269681
ldpc,N96_M48,pSA,search,928,323,,,,2.87796038033366,3.006182065334095,1.6425471899838218,snr,0.6921068414287325,0.0,0.0,0.1701905174697294,6.810929468784405,exponential,1.973081933557749,0.38397161567059224,majority,17660,6541,25600,0.02927517361111111,0.28125,0.14583333333333334,0.014404166666666668,0.15986666666666668,2.032410085816218,1.7592785654712257,,,,,0.4708170348786127,7458832
ldpc,N96_M48,pSA,search,239,324,,,,2.1861224477939243,4.338723632413952,0.9717091556539827,snr,0.8267539516368143,0.0,0.0,0.2643866592387118,8.488939034777243,cosine,1.436840829491801,0.8718544015182461,best_state,19640,1127,25600,0.03161892361111111,0.29583333333333334,0.23541666666666664,0.014404166666666668,0.15986666666666668,2.195123421078006,1.8505004170141783,,,,,0.47105823597880275,2002641
ldpc,N96_M48,pSA,search,909,325,,,,3.426642233030087,4.973099943109216,1.2890472380589237,snr,0.6718202712500763,0.0,0.0,0.4681548752970149,11.292209827786802,piecewise,1.3967516151265038,0.22464079932740091,last,17300,5980,25600,0.03092447916666666,0.2583333333333333,0.19166666666666665,0.014404166666666668,0.15986666666666668,2.14691206248192,1.6159299416180146,,,,,0.4711271162769939,7308371
ldpc,N96_M48,pSA,search,473,326,,,,3.306843143804467,4.906217199652728,1.285153667378919,snr,0.7130809065734344,0.0,0.0,0.14529737445247323,8.12795098875534,cosine,1.2195286418146078,0.23962833541886946,best_state,13991,3896,25600,0.027669270833333332,0.28958333333333336,0.21041666666666667,0.014404166666666668,0.15986666666666668,1.920921319062771,1.8114053377814845,,,,,0.47149229386402397,3855687
ldpc,N96_M48,pSA,search,184,327,,,,2.861956197097489,5.421364698839487,1.6188026283793568,snr,0.8448874760262832,0.0,0.0,0.5987339774603682,7.6892654596464265,linear,0.6487114020073522,0.8087035643531167,best_state,4512,11782,19200,0.026128472222222227,0.29791666666666666,0.20624999999999996,0.014404166666666668,0.15986666666666668,1.8139523671777074,1.8635321100917428,,,,,0.47162894417770135,1567096
ldpc,N96_M48,pSA,search,938,328,,,,2.1471772878981734,4.384374918969229,1.4066413773400723,snr,0.7298695854347577,0.0,0.0,0.19301081638060255,11.99440856004518,exponential,1.2277675565604438,0.7657304439594816,best_state,20684,4839,25600,0.029969618055555553,0.29375,0.21458333333333335,0.014404166666666668,0.15986666666666668,2.0806214444123032,1.8374687239366136,,,,,0.47264348347099416,7538022
ldpc,N96_M48,pSA,search,443,329,,,,2.706276362983646,4.158061130086066,1.6748759453022384,snr,0.7357191886822929,0.0,0.0,0.09665311195156151,6.880921545682946,cosine,1.1078520307700623,0.2922561718568047,best_state,21264,4219,25600,0.027278645833333334,0.27499999999999997,0.21041666666666667,0.014404166666666668,0.15986666666666668,1.8938024298524732,1.7201834862385317,,,,,0.47337919734597544,3618117
ldpc,N96_M48,pSA,search,545,330,,,,6.942446670701338,9.897004255210446,1.7192809134409928,snr,0.5872333910107898,0.0,0.0,0.16780147143488497,10.83678231228313,exponential,2.2431155920699344,0.25625507397429,best_state,13502,3086,25600,0.027365451388888892,0.29375,0.21250000000000002,0.014404166666666668,0.15986666666666668,1.899828849676984,1.8374687239366136,,,,,0.47341865308714753,4425855
ldpc,N96_M48,pSA,search,240,331,,,,2.118583355858962,4.12362045486681,1.1613146463864825,snr,0.8639144630753219,0.0,0.0,0.25629449286014416,8.091203767614884,cosine,1.4516063139567492,0.8758035247993236,best_state,18586,5915,25600,0.029427083333333336,0.28958333333333336,0.225,0.014404166666666668,0.15986666666666668,2.042956320509112,1.8114053377814845,,,,,0.4736829324437779,2010560
ldpc,N96_M48,pSA,search,258,332,,,,1.9347616102966454,3.841658412999247,1.1222824710447656,snr,0.773676536537346,0.0,0.0,0.30634442985115257,11.700056879002206,cosine,1.7261857231793554,0.8639194407576525,last,17775,935,25600,0.02977430555555555,0.2520833333333333,0.18541666666666667,0.014404166666666668,0.15986666666666668,2.067061999807154,1.5768348623853208,,,,,0.47387471387235885,2153102
ldpc,N96_M48,pSA,search,517,333,,,,4.776857176257413,5.904521450751961,2.072296911262408,snr,0.4584009007702853,0.0,0.0,0.11645247348857635,11.722788200512142,exponential,0.2504085315222188,0.23301712529881125,best_state,13021,3042,25600,0.025694444444444447,0.3166666666666667,0.2270833333333333,0.014404166666666668,0.15986666666666668,1.7838202680551538,1.980817347789825,,,,,0.4743952048114739,4204123
ldpc,N96_M48,pSA,search,548,334,,,,6.5631425235457925,9.304654930370782,1.7361401135470433,snr,0.5531991387609697,0.0,0.0,0.04953140062440056,11.819623084814062,exponential,2.27534035658653,0.17659889899237702,best_state,13570,3098,25600,0.02779947916666667,0.2854166666666667,0.20000000000000004,0.014404166666666668,0.15986666666666668,1.9299609487995373,1.7853419516263553,,,,,0.4755976619106007,4449612
ldpc,N96_M48,pSA,search,326,335,,,,2.2398881106655137,3.0643206305591226,1.3276310311018635,snr,0.6580343529735634,0.0,0.0,0.23153174480396596,10.648648710183554,exponential,1.3052615673111498,0.8384829562497587,last,16622,4409,25600,0.032139756944444445,0.28750000000000003,0.18541666666666665,0.014404166666666668,0.15986666666666668,2.23128194002507,1.79837364470392,,,,,0.47571148820810655,2691594
ldpc,N96_M48,pSA,search,759,336,,,,2.85405964170182,4.724352004260046,1.4046116746651096,snr,0.7658259852723978,0.0,0.0,0.24832856386039448,11.971484497250776,piecewise,2.729286931159489,0.49595287945033073,best_state,21144,1831,25600,0.025390625000000003,0.3125,0.22916666666666666,0.014404166666666668,0.15986666666666668,1.7627277986693666,1.9547539616346954,,,,,0.47584503128658895,6120521
ldpc,N96_M48,pSA,search,846,337,,,,2.1153984335324543,2.229426155611655,1.0722506511648888,snr,0.7052508276324623,0.0,0.0,0.2076718058543362,11.993662149993797,exponential,0.20610388872954363,0.21970603468008795,best_state,18981,1676,25600,0.035546875,0.3229166666666667,0.20208333333333336,0.014404166666666668,0.15986666666666668,2.467818918137113,2.019912427022519,,,,,0.47589710055330237,6809474
ldpc,N96_M48,pSA,search,221,338,,,,2.4115441089228375,4.557786330538906,1.198215944574825,snr,0.8646321850994314,0.0,0.0,0.7940170730897406,8.140024534975192,cosine,1.4249088411290176,0.8220873419390546,best_state,24567,821,25600,0.027669270833333332,0.30833333333333335,0.21666666666666667,0.014404166666666668,0.15986666666666668,1.920921319062771,1.9286905754795662,,,,,0.4762250641784387,1860099
ldpc,N96_M48,pSA,search,438,339,,,,2.708505435456703,4.317563884784169,1.6998445110564817,snr,0.7394469827239738,0.0,0.0,0.09828355794001127,7.187717612673008,cosine,1.1143270835915369,0.334820022606094,best_state,22024,3526,25600,0.028689236111111113,0.29375,0.22708333333333333,0.014404166666666668,0.15986666666666668,1.9917317520007713,1.8374687239366136,,,,,0.47623877677226845,3578522
ldpc,N96_M48,pSA,search,879,340,,,,2.6945557285370887,3.96326735607025,1.3913842005091532,snr,0.9266920360791152,0.0,0.0,0.2523304295945243,11.301154146141979,exponential,0.34256709282818876,0.23981145675142268,best_state,18371,7035,25600,0.027278645833333334,0.3,0.21666666666666665,0.014404166666666668,0.15986666666666668,1.8938024298524732,1.8765638031693075,,,,,0.4770681535958351,7070801
ldpc,N96_M48,pSA,search,253,341,,,,1.8228326936635961,3.9207542990030575,1.1210839590237076,snr,0.7527248080352895,0.0,0.0,0.18786636486795855,11.447865584341287,cosine,1.6836672959410337,0.8732608121154507,last,17821,853,25600,0.03246527777777778,0.27708333333333335,0.2020833333333333,0.014404166666666668,0.15986666666666668,2.2538810143669847,1.7332151793160966,,,,,0.4776029146807119,2113507
ldpc,N96_M48,pSA,search,373,342,,,,2.6373621882032663,5.155717957795638,0.9716355059928266,llr,0.7207992881577461,0.0,0.0,0.12542666731640567,9.488127597079412,cosine,0.8481438826890401,0.03892485272278525,best_state,15165,6314,25600,0.029340277777777774,0.2916666666666667,0.23541666666666664,0.014404166666666668,0.15986666666666668,2.036929900684601,1.8244370308590492,,,,,0.4778551396863097,3063787
ldpc,N96_M48,pSA,search,301,343,,,,1.889286940652564,3.2663876680145303,1.0573374140154808,snr,0.572110228756171,0.0,0.0,0.17086940759693214,9.630672130910366,exponential,0.911769735606484,0.4634900711186039,best_state,17304,236,25600,0.03342013888888889,0.2916666666666667,0.23958333333333334,0.014404166666666668,0.15986666666666668,2.320171632436602,1.8244370308590492,,,,,0.47812928237867924,2493619
ldpc,N96_M48,pSA,search,850,344,,,,2.1280798458993386,3.7628865829985054,1.103070906103429,snr,0.7020887955340306,0.0,0.0,0.20865430511452854,11.965529003612394,exponential,1.5307737107781287,0.6347660341773503,best_state,18771,1353,25600,0.02797309027777778,0.28541666666666665,0.19999999999999998,0.014404166666666668,0.15986666666666668,1.9420137884485584,1.785341951626355,,,,,0.4784616532301628,6841150
ldpc,N96_M48,pSA,search,231,345,,,,2.048266047591237,4.036868481124816,1.0161056109434894,snr,0.8633519994490486,0.0,0.0,0.8894758602167162,8.389120332284602,cosine,1.4058170816331785,0.8738829985940674,best_state,18294,6973,25600,0.02788628472222222,0.3145833333333333,0.24166666666666667,0.014404166666666668,0.15986666666666668,1.9359873686240476,1.9677856547122599,,,,,0.47908293295553045,1939289
ldpc,N96_M48,pSA,search,424,346,,,,2.475775340041494,4.406538013726302,1.0494721305530088,snr,0.7671206708393608,0.0,0.0,0.10584412180169146,4.793443889079831,cosine,0.9445125133084055,0.4581013757652555,best_state,15484,5145,25600,0.030967881944444442,0.28541666666666665,0.22708333333333333,0.014404166666666668,0.15986666666666668,2.1499252723941757,1.785341951626355,,,,,0.4792066444992241,3467656
ldpc,N96_M48,pSA,search,755,347,,,,3.390394456933083,5.934282861189524,1.1603724833345581,snr,0.7357523139235147,0.0,0.0,0.19597940449639184,11.887067098018582,exponential,1.900654202151343,0.4808280017546561,best_state,20497,2338,25600,0.028797743055555557,0.30416666666666664,0.19583333333333333,0.014404166666666668,0.15986666666666668,1.9992647767814098,1.9026271893244366,,,,,0.4792786149189783,6088845
ldpc,N96_M48,pSA,search,983,348,,,,4.141540915259609,5.281280153020064,1.832445854075669,snr,0.6724577286220303,0.0,0.0,0.10998801612273523,7.8777687600007855,exponential,1.6996727335470212,0.8665991492020324,best_state,18228,6017,25600,0.02771267361111111,0.29791666666666666,0.20208333333333336,0.014404166666666668,0.15986666666666668,1.9239345289750263,1.8635321100917428,,,,,0.4798407008403346,7894377
ldpc,N96_M48,pSA,search,226,349,,,,2.4590774118795236,4.180696847744006,1.2308300756358952,snr,0.8622613435280307,0.0,0.0,0.7180757123819862,8.164753274456084,cosine,1.407459636791343,0.8260657447833668,best_state,18772,6564,25600,0.02760416666666667,0.2729166666666667,0.21666666666666667,0.014404166666666668,0.15986666666666668,1.9164015041943883,1.7071517931609674,,,,,0.47999502675813593,1899694
ldpc,N96_M48,pSA,search,547,350,,,,6.344328290358982,9.172302218290168,1.287282329112516,snr,0.5058009706204553,0.0,0.0,0.03088481296446915,11.906493137421071,exponential,1.833982831963263,0.18260232530360215,best_state,13546,2337,25600,0.026757812500000002,0.29583333333333334,0.22083333333333335,0.014404166666666668,0.15986666666666668,1.8576439109054093,1.8505004170141783,,,,,0.48021572443093336,4441693
ldpc,N96_M48,pSA,search,526,351,,,,4.269315390418951,5.950946188753918,2.1341288412127,snr,0.6308369398992063,0.0,0.0,0.1175275732155257,10.650943224111971,exponential,1.446474648512254,0.2382105054197619,best_state,12900,3581,25600,0.02934027777777778,0.3041666666666667,0.23750000000000002,0.014404166666666668,0.15986666666666668,2.0369299006846013,1.902627189324437,,,,,0.4804759614232273,4275394
ldpc,N96_M48,pSA,search,946,352,,,,2.1640415186453406,4.291311925960315,1.3896728395041145,snr,0.9015057140161978,0.0,0.0,0.31597893677444566,11.036449007632076,exponential,1.2451593056146704,0.24908618877202626,best_state,19862,5667,25600,0.028927951388888887,0.2916666666666667,0.225,0.014404166666666668,0.15986666666666668,2.0083044065181754,1.8244370308590492,,,,,0.48083626269775076,7601374
ldpc,N96_M48,pSA,search,450,353,,,,2.1789437380734547,5.017048940904469,1.9210432197403067,snr,0.7099212584888958,0.0,0.0,0.16651626186167368,8.794026444708184,cosine,0.8428706479652874,0.36201707977487485,best_state,12877,6890,25600,0.026041666666666668,0.29375,0.22291666666666668,0.014404166666666668,0.15986666666666668,1.8079259473531963,1.8374687239366136,,,,,0.4813312614483288,3673550
ldpc,N96_M48,pSA,search,969,354,,,,3.7025612590910497,6.380606856569658,1.6538414224114322,snr,0.7081296037546755,0.0,0.0,0.27395539287776677,10.55428277799145,exponential,1.0977479436584747,0.07320502016843888,best_state,18947,3722,25600,0.027669270833333332,0.28750000000000003,0.21458333333333335,0.014404166666666668,0.15986666666666668,1.920921319062771,1.79837364470392,,,,,0.48261854159356415,7783511
ldpc,N96_M48,pSA,search,760,355,,,,2.853452231133881,4.764283285065298,1.4389365725263659,snr,0.7580007444650738,0.0,0.0,0.2605058534083329,11.289699318909014,piecewise,1.8932076610416344,0.49091794119969834,best_state,19318,1856,25600,0.026041666666666668,0.30625,0.2041666666666667,0.014404166666666668,0.15986666666666668,1.8079259473531963,1.9156588824020016,,,,,0.48357182693418,6128440
ldpc,N96_M48,pSA,search,297,356,,,,2.8982809854002416,3.106655750340574,1.0833281844569853,snr,0.783221853916043,0.0,0.0,0.1942262797422462,9.049615766743004,exponential,1.0186468604149677,0.4786590618959856,best_state,16513,517,25600,0.029296875,0.2916666666666667,0.15208333333333335,0.014404166666666668,0.15986666666666668,2.033916690772346,1.8244370308590492,,,,,0.4838389866627775,2461943
ldpc,N96_M48,pSA,search,750,357,,,,3.294097639529825,4.163731114903636,1.1309093838938038,snr,0.7251948866835668,0.0,0.0,0.21813138274831909,3.865677354865639,exponential,2.1478632883239825,0.15032437034849777,best_state,20172,4012,25600,0.02756076388888889,0.28750000000000003,0.2041666666666667,0.014404166666666668,0.15986666666666668,1.913388294282133,1.79837364470392,,,,,0.4840544545310901,6049250
ldpc,N96_M48,pSA,search,391,358,,,,3.7458392408799432,6.374909493576845,1.2353528923969022,snr,0.69391828995964,0.0,0.0,0.15210397126842823,7.837295974183842,piecewise,0.9436928636629914,0.16425586648919355,best_state,14642,4063,25600,0.029709201388888894,0.28750000000000003,0.20833333333333334,0.014404166666666668,0.15986666666666668,2.062542184938772,1.79837364470392,,,,,0.48516697299586237,3206329
ldpc,N96_M48,pSA,search,654,359,,,,4.619461085700856,5.923807908711263,1.5371456173510545,snr,0.596958881160867,0.0,0.0,0.140910918658763,9.933205966372524,exponential,1.2592114761672766,0.3078669895540383,majority,11835,2745,25600,0.02680121527777778,0.3125,0.21666666666666667,0.014404166666666668,0.15986666666666668,1.8606571208176648,1.9547539616346954,,,,,0.4852502909659458,5289026
ldpc,N96_M48,pSA,search,958,360,,,,2.590496956991145,3.4551629523434455,3.34356328075287,fixed,0.7331163248708406,0.0,0.0,0.1641573235652251,8.57583404150955,linear,1.6716185488123951,0.7343228273058342,best_state,12696,96,12800,0.029796006944444443,0.3104166666666666,0.2270833333333333,0.014404166666666668,0.15986666666666668,2.068568604763282,1.9417222685571305,,,,,0.4852828807919378,7696402
ldpc,N96_M48,pSA,search,440,361,,,,2.6998292138131887,4.3429674094222275,1.796096662735161,snr,0.7411253806158594,0.0,0.0,0.1267151438209395,7.185503234157116,cosine,1.12256965715159,0.33464938365708746,best_state,21734,3804,25600,0.028819444444444443,0.3020833333333333,0.2354166666666667,0.014404166666666668,0.15986666666666668,2.000771381737537,1.8895954962468722,,,,,0.48579756792069034,3594360
ldpc,N96_M48,pSA,search,435,362,,,,2.7833817257237987,4.3729959817144985,1.5847227928173853,snr,0.741861442268871,0.0,0.0,0.12035481147258541,7.521859781482015,cosine,1.0746744487999673,0.33118670375052905,best_state,16470,3880,25600,0.03046875,0.29583333333333334,0.225,0.014404166666666668,0.15986666666666668,2.1152733584032397,1.8505004170141783,,,,,0.48728339162132134,3554765
ldpc,N96_M48,pSA,search,561,363,,,,7.422321868101966,11.323118119608628,1.5234028489080342,snr,0.5809090553024823,0.0,0.0,0.06605882748206303,10.179210707415306,exponential,1.6263550850392845,0.28146394034123584,best_state,14356,2962,25600,0.028081597222222227,0.2916666666666667,0.20833333333333334,0.014404166666666668,0.15986666666666668,1.9495468132291969,1.8244370308590492,,,,,0.48733676333654113,4552559
ldpc,N96_M48,pSA,search,397,364,,,,2.4649320665583887,5.69272669488901,1.0903501459726876,snr,0.7763508677905558,0.0,0.0,0.11852089915641235,6.629576232613639,cosine,0.8431447390700944,0.09847489483131598,best_state,14539,4477,25600,0.03187934027777778,0.30624999999999997,0.2333333333333333,0.014404166666666668,0.15986666666666668,2.2132026805515377,1.9156588824020013,,,,,0.48740359350789225,3253843
ldpc,N96_M48,pSA,search,935,365,,,,1.6279342976499012,2.409306211915227,1.9868975887644647,snr,0.6896786509180853,0.0,0.0,0.17776108581189795,7.134005609152971,exponential,2.06895807753727,0.6131560566091258,majority,17522,6588,25600,0.027604166666666666,0.30833333333333335,0.24583333333333335,0.014404166666666668,0.15986666666666668,1.916401504194388,1.9286905754795662,,,,,0.4875266796865191,7514265
ldpc,N96_M48,pSA,search,960,366,,,,2.671738262493268,3.457093785592629,1.1553821317310438,snr,0.7698007476756875,0.0,0.0,0.16428122257782987,9.535858669686778,linear,1.483083161131342,0.7216183804604825,best_state,12693,99,12800,0.031011284722222223,0.29375,0.21666666666666667,0.014404166666666668,0.15986666666666668,2.1529384823064315,1.8374687239366136,,,,,0.48843864891272304,7712240
ldpc,N96_M48,pSA,search,121,367,,,,3.5539990732150124,5.20404392241246,1.4290587970915307,snr,0.9120883604741179,0.0,0.0,0.6995995922593441,1.0254244127162253,cosine,1.3668673569583991,0.8291182001050724,best_state,3680,7359,12800,0.030034722222222223,0.3208333333333333,0.24583333333333335,0.014404166666666668,0.15986666666666668,2.0851412592806864,2.006880733944954,,,,,0.4886936945677291,1068199
ldpc,N96_M48,pSA,search,549,368,,,,6.676749774701357,8.702526277353842,1.7133245982108174,snr,0.4559596758994061,0.0,0.0,0.07387158488863318,11.741155128290277,exponential,1.8732195031726133,0.25308864610893494,best_state,13579,3109,25600,0.028515625,0.28125,0.22499999999999998,0.014404166666666668,0.15986666666666668,1.97967891235175,1.7592785654712257,,,,,0.488708370619446,4457531
ldpc,N96_M48,pSA,search,907,369,,,,3.4347292638963176,4.790088154664849,1.3081365153502893,snr,0.664536649315903,0.0,0.0,0.2305577691468911,11.93572891490063,exponential,0.19552264583887285,0.22245591036968332,last,19849,5674,25600,0.03296440972222223,0.2916666666666667,0.19791666666666666,0.014404166666666668,0.15986666666666668,2.288532928357921,1.8244370308590492,,,,,0.4888503309118845,7292533
ldpc,N96_M48,pSA,search,439,370,,,,2.712805130993365,4.272701877220421,1.6701073707851277,snr,0.7365245944237553,0.0,0.0,0.09680504238720254,7.321036256872492,cosine,1.0863333044983265,0.3292203160243707,best_state,16574,4347,25600,0.028971354166666668,0.3104166666666667,0.23750000000000002,0.014404166666666668,0.15986666666666668,2.011317616430431,1.9417222685571307,,,,,0.4890937564250433,3586441
ldpc,N96_M48,pSA,search,757,371,,,,3.136963971623487,4.92655446778269,1.3860275762096808,snr,0.7619951272328432,0.0,0.0,0.194764976384649,11.954124648626365,piecewise,1.8160855891868248,0.5147767205326137,best_state,19239,6153,25600,0.025520833333333336,0.31666666666666665,0.2125,0.014404166666666668,0.15986666666666668,1.7717674284061327,1.9808173477898245,,,,,0.4893911849619004,6104683
ldpc,N96_M48,pSA,search,732,372,,,,3.8175440848505975,3.9264978068401084,1.474739246514409,snr,0.6125676650897126,0.0,0.0,0.07419567000889371,8.73111682406319,exponential,0.2521420160718151,0.211181765680393,best_state,12042,2161,25600,0.031163194444444445,0.28750000000000003,0.14791666666666667,0.014404166666666668,0.15986666666666668,2.1634847169993248,1.79837364470392,,,,,0.49051315342356605,5906708
ldpc,N96_M48,pSA,search,429,373,,,,2.312269009010252,4.483544130356326,1.036194176471327,snr,0.7728395950878929,0.0,0.0,0.13037884687708529,7.163892658394673,cosine,0.8843636252061274,0.3969304065967366,best_state,15666,5169,25600,0.029557291666666666,0.30625,0.22291666666666665,0.014404166666666668,0.15986666666666668,2.0519959502458778,1.9156588824020016,,,,,0.4906375969336011,3507251
ldpc,N96_M48,pSA,search,224,374,,,,2.495515902784426,4.443242379882779,1.1714963946679087,snr,0.8862140116550885,0.0,0.0,0.25062290108215873,8.166827345567395,cosine,1.4240479804050994,0.8234763423087348,best_state,2412,12810,25600,0.02756076388888889,0.3041666666666667,0.21250000000000002,0.014404166666666668,0.15986666666666668,1.913388294282133,1.902627189324437,,,,,0.49241877824990216,1883856
ldpc,N96_M48,pSA,search,856,375,,,,1.922734054098067,3.4687599417352097,1.0413100569582683,snr,0.7761263080789949,0.0,0.0,0.18411618970228405,9.991429036604615,exponential,0.1401903888666931,0.23630553820474023,best_state,17658,1030,25600,0.029578993055555558,0.29791666666666666,0.21666666666666667,0.014404166666666668,0.15986666666666668,2.0535025552020056,1.8635321100917428,,,,,0.49290024845826724,6888664
ldpc,N96_M48,pSA,search,546,376,,,,6.56341944419031,9.830369416189859,1.711596030543133,snr,0.5586809908993777,0.0,0.0,0.04839925786044383,11.928932551202326,exponential,1.9111905911860043,0.177039652348695,best_state,12843,2160,25600,0.02732204861111111,0.2895833333333333,0.2125,0.014404166666666668,0.15986666666666668,1.8968156397647284,1.8114053377814843,,,,,0.493127517024647,4433774
ldpc,N96_M48,pSA,search,994,377,,,,3.2936711231588514,5.950708466984618,1.3131049119449447,snr,0.6460762985034871,0.0,0.0,0.21817711978416326,8.849485667658573,exponential,1.3586532618992317,0.10651201452077057,best_state,17009,6751,25600,0.031163194444444445,0.29791666666666666,0.23125000000000004,0.014404166666666668,0.15986666666666668,2.1634847169993248,1.8635321100917428,,,,,0.49364351816040053,7981486
ldpc,N96_M48,pSA,search,808,378,,,,3.917474635684852,4.382575565489062,1.021128924344313,snr,0.6890044269917176,0.0,0.0,0.2206392043983022,10.48629705512984,exponential,1.049961566619807,0.49720207758771046,best_state,18450,1253,25600,0.032877604166666664,0.32499999999999996,0.21041666666666667,0.014404166666666668,0.15986666666666668,2.28250650853341,2.032944120100083,,,,,0.49431222915465955,6508552
ldpc,N96_M48,pSA,search,462,379,,,,3.651897336327544,3.6833044513849345,1.4682375873753133,snr,0.6807764474652828,0.0,0.0,0.1638683772635901,9.988230081669737,cosine,0.5040845079159768,0.2922257603181773,best_state,11633,3238,25600,0.036219618055555555,0.28958333333333336,0.125,0.014404166666666668,0.15986666666666668,2.5145236717770705,1.8114053377814845,,,,,0.49440234859120097,3768578
ldpc,N96_M48,pSA,search,858,380,,,,2.484329531175979,3.447172111761842,1.0394983107039,snr,0.6783672025127352,0.0,0.0,0.22650655558456234,10.178181531622467,exponential,0.11000164874501019,0.22003088004508695,best_state,18030,1168,25600,0.02892795138888889,0.27708333333333335,0.22083333333333335,0.014404166666666668,0.15986666666666668,2.0083044065181754,1.7332151793160966,,,,,0.4952464919083645,6904502
ldpc,N96_M48,pSA,search,294,381,,,,2.874396397653895,4.166733065003391,1.1090161052791259,snr,0.784431596042629,0.0,0.0,0.20042328866731254,8.958372452319638,exponential,1.043527590031793,0.8081334288758745,best_state,16268,448,25600,0.028602430555555555,0.27499999999999997,0.19166666666666665,0.014404166666666668,0.15986666666666668,1.9857053321762606,1.7201834862385317,,,,,0.49547692575453123,2438186
ldpc,N96_M48,pSA,search,605,382,,,,6.188626908221962,9.291251855156482,1.952369094347357,snr,0.5776884464972902,0.0,0.0,0.03255325061937865,8.998718485666311,exponential,1.7332110942180041,0.24639918303104316,majority,13387,3436,25600,0.028710937499999995,0.32083333333333336,0.2270833333333333,0.014404166666666668,0.15986666666666668,1.9932383569568985,2.006880733944954,,,,,0.4958808315213543,4900995
ldpc,N96_M48,pSA,search,569,383,,,,7.118747707924565,8.507623722665326,1.3017478999884824,snr,0.4284768382464343,0.0,0.0,0.03391798375335758,11.866606996689063,exponential,1.4289009840863134,0.2364716824144064,best_state,12923,3260,25600,0.029991319444444445,0.31666666666666665,0.23958333333333334,0.014404166666666668,0.15986666666666668,2.082128049368431,1.9808173477898245,,,,,0.49593506257541264,4615911
ldpc,N96_M48,pSA,search,896,384,,,,2.101490171327725,2.9132570197816774,1.7696726568968348,snr,0.8202056332643548,0.0,0.0,0.17392714359611627,9.796878912381246,exponential,1.7096926629646192,0.2698642473971115,best_state,18571,614,19200,0.027105034722222227,0.2895833333333333,0.2020833333333333,0.014404166666666668,0.15986666666666668,1.8817495902034522,1.8114053377814843,,,,,0.4983839091312202,7205424
ldpc,N96_M48,pSA,search,854,385,,,,1.7926249828667415,3.3494064374289043,1.082814842547275,snr,0.6792317634024465,0.0,0.0,0.22517902388254835,10.379142362716719,exponential,0.054195289659784984,0.21484604240806332,best_state,18054,1470,25600,0.029427083333333336,0.2833333333333333,0.22291666666666665,0.014404166666666668,0.15986666666666668,2.042956320509112,1.7723102585487904,,,,,0.4986188394315605,6872826
ldpc,N96_M48,pSA,search,817,386,,,,2.784800005784396,4.850181498864314,1.170857189356791,snr,0.6603270558061229,0.0,0.0,0.22442747174556424,11.892032355422488,exponential,0.19074727376105807,0.4416102844169167,best_state,19668,1620,25600,0.029947916666666668,0.30624999999999997,0.22291666666666665,0.014404166666666668,0.15986666666666668,2.079114839456176,1.9156588824020013,,,,,0.5001627151185299,6579823
ldpc,N96_M48,pSA,search,790,387,,,,2.920880954032353,3.398026059577265,1.8998250591452566,snr,0.7881166531174388,0.0,0.0,0.2610717594551441,8.176480728748162,linear,1.0247842082416305,0.39774743243722044,best_state,17869,3617,25600,0.028732638888888887,0.3,0.19166666666666668,0.014404166666666668,0.15986666666666668,1.9947449619130264,1.8765638031693075,,,,,0.500281784067943,6366010
ldpc,N96_M48,pSA,search,441,388,,,,2.685525646805781,4.341819335271893,1.6348261232084709,snr,0.7467219387026292,0.0,0.0,0.1224435067321455,7.167350920809136,cosine,1.1085538417575476,0.3377954595184449,best_state,21871,3693,25600,0.029600694444444447,0.2708333333333333,0.21666666666666665,0.014404166666666668,0.15986666666666668,2.0550091601581335,1.6941201000834025,,,,,0.500469965791902,3602279
ldpc,N96_M48,pSA,search,302,389,,,,1.9852469054217472,3.27070906476083,1.0626302908529774,snr,0.569866591743083,0.0,0.0,0.22987262959865887,9.705962075132632,exponential,0.849232290054323,0.8638668046249747,best_state,17202,5456,25600,0.03166232638888889,0.30624999999999997,0.23124999999999998,0.014404166666666668,0.15986666666666668,2.1981366309902612,1.9156588824020013,,,,,0.500483991305982,2501538
ldpc,N96_M48,pSA,search,127,390,,,,3.6786972543242054,5.036806625761224,1.50141973644391,snr,0.903762560236637,0.0,0.0,0.6971959475302977,1.0317104340681953,cosine,6.552451833204198,0.8314351056281575,best_state,3618,7383,12800,0.030360243055555555,0.29375,0.19791666666666666,0.014404166666666668,0.15986666666666668,2.1077403336226013,1.8374687239366136,,,,,0.5009203443664888,1115713
ldpc,N96_M48,pSA,search,280,391,,,,2.493386909895146,2.967678593088663,0.9684581109393251,snr,0.8115788719163348,0.0,0.0,0.3416874237888931,7.816506179089306,cosine,1.619003045125998,0.8500268345362851,best_state,18421,1020,25600,0.02981770833333333,0.31666666666666665,0.22291666666666665,0.014404166666666668,0.15986666666666668,2.0700752097194095,1.9808173477898245,,,,,0.5011323901531659,2327320
ldpc,N96_M48,pSA,search,191,392,,,,2.872133149353847,5.251917470643548,1.4481824212949321,snr,0.8433280116873338,0.0,0.0,0.6134416626655129,7.8498778240879155,linear,0.7703983409623621,0.7981922579959686,best_state,4410,11447,19200,0.02769097222222222,0.2791666666666666,0.2041666666666667,0.014404166666666668,0.15986666666666668,1.9224279240188986,1.7462468723936608,,,,,0.5028751265656608,1622529
ldpc,N96_M48,pSA,search,377,393,,,,2.6621126761809255,4.925154952956937,0.9964252621546036,llr,0.7232256011488865,0.0,0.0,0.12662801138139027,9.745412284683132,cosine,0.8744996967541768,0.11663439586557758,best_state,15116,4333,25600,0.027994791666666668,0.27708333333333335,0.22291666666666665,0.014404166666666668,0.15986666666666668,1.943520393404686,1.7332151793160966,,,,,0.5032606249856469,3095463
ldpc,N96_M48,pSA,search,902,394,,,,3.358024371679313,5.006374149204345,1.2595128217430536,snr,0.6875434054508973,0.0,0.0,0.22402293647075716,8.490337605294043,exponential,1.3133629283739676,0.21351323011808981,last,17236,8126,25600,0.030512152777777777,0.2875,0.19583333333333333,0.014404166666666668,0.15986666666666668,2.118286568315495,1.7983736447039196,,,,,0.5034475731313114,7252938
ldpc,N96_M48,pSA,search,837,395,,,,2.8000326663792117,3.359631035884399,0.9749144099266022,snr,0.6312665266667966,0.0,0.0,0.24556569329359376,11.000877144273682,exponential,0.2186191564393444,0.1855133524047846,best_state,20201,1780,25600,0.030837673611111113,0.3229166666666667,0.22083333333333335,0.014404166666666668,0.15986666666666668,2.14088564265741,2.019912427022519,,,,,0.5038951950201057,6738203
ldpc,N96_M48,pSA,search,519,396,,,,5.111685106650756,8.122837033090637,2.09370168909807,snr,0.6394271912723049,0.0,0.0,0.117013555765685,11.973016667842673,exponential,0.5941068348797602,0.24332542359061698,best_state,12958,2960,25600,0.02884114583333333,0.30833333333333335,0.22499999999999998,0.014404166666666668,0.15986666666666668,2.002277986693665,1.9286905754795662,,,,,0.5042774418455813,4219961
ldpc,N96_M48,pSA,search,442,397,,,,2.6715215896688362,4.195159056148175,1.7084840325753996,snr,0.7358958319610284,0.0,0.0,0.12226408644441744,7.170974959722952,cosine,1.1257823926269963,0.3326489563181818,best_state,21710,3820,25600,0.027734375000000002,0.29791666666666666,0.21875,0.014404166666666668,0.15986666666666668,1.9254411339311541,1.8635321100917428,,,,,0.5048399394320581,3610198
ldpc,N96_M48,pSA,search,357,398,,,,2.66326661128153,5.391398591207597,1.0383485972391286,snr,0.7255713178312959,0.0,0.0,0.12121162324106617,8.839163740960837,cosine,0.9125081225377787,0.15955409941224535,best_state,15446,4520,25600,0.030946180555555553,0.3,0.20833333333333334,0.014404166666666668,0.15986666666666668,2.1484186674380483,1.8765638031693075,,,,,0.5048665787358813,2937083
ldpc,N96_M48,pSA,search,222,399,,,,2.722822153791319,4.391821129620627,1.1972738782325767,snr,0.8642491591293834,0.0,0.0,0.2533471350965229,3.4525925796902595,cosine,3.316742724898354,0.8260844003553128,best_state,18245,6973,25600,0.029123263888888886,0.3125,0.24375,0.014404166666666668,0.15986666666666668,2.0218638511233245,1.9547539616346954,,,,,0.5089694141676745,1868018
ldpc,N96_M48,pSA,search,571,400,,,,7.030454602124665,8.71240604257135,1.3357711641048815,snr,0.43744587642592236,0.0,0.0,0.04351294297096611,11.910181841947956,exponential,1.3790973227670822,0.23059781893457526,best_state,13067,3274,25600,0.03148871527777778,0.29791666666666666,0.22291666666666665,0.014404166666666668,0.15986666666666668,2.18608379134124,1.8635321100917428,,,,,0.5104100938015326,4631749
ldpc,N96_M48,pSA,search,218,401,,,,2.7275436258067693,4.358267642990279,1.9990501893669423,snr,0.8881660540215396,0.0,0.0,0.8156662322592753,0.9599636788714278,cosine,3.1070352538988866,0.8197663039510197,best_state,5838,12041,25600,0.02836371527777778,0.27708333333333335,0.23124999999999998,0.014404166666666668,0.15986666666666668,1.9691326776588565,1.7332151793160966,,,,,0.5111069171472912,1836342
ldpc,N96_M48,pSA,search,905,402,,,,3.0277452604067836,5.040540917892638,1.2453805883578106,snr,0.6606571601330309,0.0,0.0,0.22342417292631972,10.643274496333772,piecewise,1.4160467606801843,0.220573822947875,last,17108,6058,25600,0.0333984375,0.28958333333333336,0.20625000000000002,0.014404166666666668,0.15986666666666668,2.3186650274804745,1.8114053377814845,,,,,0.5114341242065167,7276695
ldpc,N96_M48,pSA,search,912,403,,,,3.4544164507192847,5.108092516857381,1.2236917565745455,snr,0.666044052173643,0.0,0.0,0.22806642437047017,11.949640365271984,piecewise,2.0912230076121334,0.22254528615707375,last,19718,5712,25600,0.02975260416666667,0.26875,0.17916666666666667,0.014404166666666668,0.15986666666666668,2.065555394851027,1.6810884070058378,,,,,0.512759307878655,7332128
ldpc,N96_M48,pSA,refine,208,404,,,,4.3336331246167665,6.543673080919476,1.4382428165028036,snr,0.9151237983549031,0.0,0.0,0.6447416537948227,7.022911953016498,constant,1.1251057716693513,0.8470534541352731,best_state,19157,6336,25600,0.029571180555555552,0.3026666666666667,0.23583333333333334,0.014404166666666668,0.15986666666666668,2.0529601774177992,1.8932443703085904,,,,,0.5130808273577139,231676;231777;231878;231979;232080;232181
ldpc,N96_M48,pSA,search,827,405,,,,2.5567872455153724,3.6691839313507053,1.1886696087092785,snr,0.6582802266696787,0.0,0.0,0.22474027373345337,11.013452979788186,exponential,1.4707150924766121,0.19997062310519403,best_state,19094,1560,25600,0.03148871527777778,0.3104166666666667,0.22499999999999998,0.014404166666666668,0.15986666666666668,2.18608379134124,1.9417222685571307,,,,,0.5133580097908477,6659013
ldpc,N96_M48,pSA,search,841,406,,,,2.4240677368989783,3.7764348363955587,1.0898727748906558,snr,0.705576469074014,0.0,0.0,0.20549448931742936,9.927555150833467,exponential,1.5001298533650937,0.5901863257800494,best_state,18661,1332,25600,0.034201388888888885,0.3145833333333334,0.22291666666666668,0.014404166666666668,0.15986666666666668,2.3744094108571976,1.9677856547122603,,,,,0.5134330136934411,6769879
ldpc,N96_M48,pSA,search,400,407,,,,2.4145261541438354,5.5682716315940946,1.0932634461102824,snr,0.7651048008628769,0.0,0.0,0.11404912399953943,9.096603338433557,cosine,0.7777708136197775,0.039290781382391435,best_state,14618,4373,25600,0.029166666666666664,0.31458333333333327,0.24583333333333332,0.014404166666666668,0.15986666666666668,2.0248770610355797,1.9677856547122596,,,,,0.5135591935561458,3277600
ldpc,N96_M48,pSA,search,578,408,,,,4.775313292875654,9.535126792575392,1.188045623803455,snr,0.5630436593724725,0.0,0.0,0.03557521585959076,9.491791384178116,exponential,1.588456978500536,0.29255766353245466,best_state,11253,1699,25600,0.030381944444444444,0.29791666666666666,0.22708333333333333,0.014404166666666668,0.15986666666666668,2.109246938578729,1.8635321100917428,,,,,0.5150615310913426,4687182
ldpc,N96_M48,pSA,search,972,409,,,,3.29977519181063,6.233108277126085,1.6000167172206825,snr,0.2866289060903397,0.0,0.0,0.25566284488629776,10.487758345241303,exponential,1.0887565126610113,0.8559763507972772,best_state,19094,3828,25600,0.02834201388888889,0.3020833333333333,0.2625,0.014404166666666668,0.15986666666666668,1.9676260727027286,1.8895954962468722,,,,,0.5158200448987439,7807268
ldpc,N96_M48,pSA,search,245,410,,,,2.197068910965389,3.4191638630695818,1.1512202821438353,snr,0.8151499005018208,0.0,0.0,0.21943171567329225,10.521015668713094,cosine,1.4431085607368719,0.8847276428948367,last,20248,5228,25600,0.03244357638888889,0.2833333333333333,0.2020833333333333,0.014404166666666668,0.15986666666666668,2.252374409410857,1.7723102585487904,,,,,0.5170520111951976,2050155
ldpc,N96_M48,pSA,search,704,411,,,,3.4719696086713094,6.695838068792432,1.7697494780793523,snr,0.6707678089782956,0.0,0.0,0.175038887357306,10.961034223952508,exponential,1.3502386167284512,0.2759581355962009,best_state,18735,3413,25600,0.02732204861111111,0.27708333333333335,0.21458333333333335,0.014404166666666668,0.15986666666666668,1.8968156397647284,1.7332151793160966,,,,,0.5212776862637372,5684976
ldpc,N96_M48,pSA,search,855,412,,,,1.9049927377234628,3.4762866972162585,1.025842223783513,snr,0.7821188047905979,0.0,0.0,0.2308207870512645,10.356571369875718,exponential,0.20222659717819075,0.22035982972375762,best_state,18144,1068,25600,0.0314453125,0.2916666666666667,0.22499999999999998,0.014404166666666668,0.15986666666666668,2.183070581428985,1.8244370308590492,,,,,0.5226154201499221,6880745
ldpc,N96_M48,pSA,search,381,413,,,,2.655046825895842,4.945379728462237,0.9400233598801337,snr,0.7247725170240076,0.0,0.0,0.13103446026522045,4.265336399155684,cosine,0.8591018463832987,0.15225799663234318,best_state,15481,6291,25600,0.029817708333333335,0.3083333333333333,0.2520833333333334,0.014404166666666668,0.15986666666666668,2.07007520971941,1.9286905754795658,,,,,0.5239139496077917,3127139
ldpc,N96_M48,pSA,search,894,414,,,,3.131909465842493,3.6830419924396947,1.7042971132070877,snr,0.8239313629503937,0.0,0.0,0.28760672481524496,10.28371907112619,exponential,1.778288104581604,0.27743535165008454,best_state,18682,419,19200,0.031727430555555554,0.3208333333333333,0.2104166666666667,0.014404166666666668,0.15986666666666668,2.202656445858644,2.006880733944954,,,,,0.5246870952756257,7189586
ldpc,N96_M48,pSA,search,433,415,,,,2.719679678692412,4.202708846936787,1.6750365480688543,snr,0.7396017013765955,0.0,0.0,0.09676696402227225,7.154544642115994,cosine,1.1019317642018744,0.33931502066296704,best_state,22126,3418,25600,0.029687500000000002,0.3125,0.22499999999999998,0.014404166666666668,0.15986666666666668,2.061035579982644,1.9547539616346954,,,,,0.5247885721809005,3538927
ldpc,N96_M48,pSA,search,257,416,,,,2.0028398405773764,3.8850361165055562,1.120973574918462,snr,0.7540506949264559,0.0,0.0,0.159552246245453,11.079743014457147,cosine,1.1605807954331548,0.8660232685113886,last,17910,861,25600,0.033007812500000004,0.26875,0.20000000000000004,0.014404166666666668,0.15986666666666668,2.2915461382701765,1.6810884070058378,,,,,0.5254697480203974,2145183
ldpc,N96_M48,pSA,search,577,417,,,,4.631083729791555,7.55744372737936,1.1811581462643568,snr,0.5504173823387744,0.0,0.0,0.033257570768179756,9.564771316075095,exponential,1.5012712345890153,0.26282414710532165,best_state,10885,2053,25600,0.030013020833333334,0.29791666666666666,0.225,0.014404166666666668,0.15986666666666668,2.083634654324559,1.8635321100917428,,,,,0.5261188984916743,4679263
ldpc,N96_M48,pSA,search,707,418,,,,5.128329083020239,6.754466275171864,2.375550196692229,snr,0.6177582873619549,0.0,0.0,0.19031735977301875,10.58227625920824,exponential,1.3536339668068127,0.2874773045200248,best_state,18850,3369,25600,0.028971354166666668,0.29791666666666666,0.21250000000000002,0.014404166666666668,0.15986666666666668,2.011317616430431,1.8635321100917428,,,,,0.5267895418028378,5708733
ldpc,N96_M48,pSA,search,364,419,,,,3.186367205635504,7.047479223184374,0.9358307532182801,snr,0.7567720618919529,0.0,0.0,0.1122086170964948,6.787467010428476,cosine,0.7764720612420584,0.005144374243800064,best_state,15587,4832,25600,0.034765625,0.3458333333333334,0.2604166666666667,0.014404166666666668,0.15986666666666668,2.413581139716517,2.1632610508757297,,,,,0.5278850997536136,2992516
ldpc,N96_M48,pSA,search,594,420,,,,4.178841254562824,7.566144672597853,1.5453776252069045,snr,0.5428608844725545,0.0,0.0,0.03960308156574672,10.37565672594371,piecewise,1.3167439742704026,0.26561715697750793,best_state,12378,3636,25600,0.030859374999999998,0.32083333333333336,0.23750000000000002,0.014404166666666668,0.15986666666666668,2.1423922476135373,2.006880733944954,,,,,0.528019875923496,4813886
ldpc,N96_M48,pSA,search,238,421,,,,2.0705601199829453,4.115053885740998,0.9856385094804679,snr,0.8231409637757261,0.0,0.0,0.2923379844798281,8.391690163862343,cosine,1.411622328319372,0.8158008773020963,best_state,19701,1101,25600,0.030750868055555557,0.3145833333333333,0.23750000000000002,0.014404166666666668,0.15986666666666668,2.1348592228328993,1.9677856547122599,,,,,0.5283218796752615,1994722
ldpc,N96_M48,pSA,search,484,422,,,,3.767429058476397,6.235764877288488,1.8085661388021361,fixed,0.6883888377577823,0.0,0.0,0.1763969241248229,8.222983487521068,cosine,1.2751572179634076,0.2597470322340846,best_state,12800,4310,25600,0.02955729166666667,0.31250000000000006,0.22083333333333333,0.014404166666666668,0.15986666666666668,2.0519959502458778,1.9547539616346956,,,,,0.5283841305007337,3942796
ldpc,N96_M48,pSA,search,254,423,,,,1.9848627491116673,3.9461628653643706,1.0704866282078895,snr,0.7677251855587672,0.0,0.0,0.15377142421492948,11.965341863087975,cosine,1.7312481422614336,0.8644965809058813,last,17721,889,25600,0.03422309027777778,0.30208333333333337,0.19583333333333333,0.014404166666666668,0.15986666666666668,2.3759160158133255,1.8895954962468724,,,,,0.5293113461199053,2121426
ldpc,N96_M48,pSA,search,496,424,,,,3.0361981046695243,5.594382647721726,1.3202023775091412,snr,0.7503656489976497,0.0,0.0,0.14944135287737323,10.188611341424748,exponential,0.29055782276797876,0.6236059894874406,best_state,9210,362,9600,0.03168402777777778,0.32708333333333334,0.24791666666666667,0.014404166666666668,0.15986666666666668,2.199643235946389,2.0459758131776478,,,,,0.5301218936314958,4037824
ldpc,N96_M48,pSA,search,327,425,,,,2.2051878943157415,2.905134584871955,1.325461546636307,snr,0.7043668181138113,0.0,0.0,0.2354738036292914,10.7826632279715,exponential,1.2969829084162294,0.8688847086467398,last,9573,25,9600,0.03259548611111111,0.3,0.22083333333333333,0.014404166666666668,0.15986666666666668,2.262920644103751,1.8765638031693075,,,,,0.5312001997517088,2699513
ldpc,N96_M48,pSA,search,385,426,,,,3.817620836671283,6.300321800663127,1.2573994039367358,llr,0.6992219698059075,0.0,0.0,0.1546627446001062,7.742492045834997,piecewise,0.6458027434418323,0.05270348583572971,best_state,15995,6554,25600,0.02816840277777778,0.32916666666666666,0.25625000000000003,0.014404166666666668,0.15986666666666668,1.9555732330537074,2.0590075062552122,,,,,0.5325349976909787,3158815
ldpc,N96_M48,pSA,search,375,427,,,,2.622798569602139,5.098865118006539,0.9628277285074549,snr,0.718889483602827,0.0,0.0,0.1283909530804567,9.655575717772075,cosine,0.9183382524448532,0.1386499901618757,best_state,15271,6335,25600,0.0318359375,0.30833333333333335,0.2416666666666667,0.014404166666666668,0.15986666666666668,2.2101894706392824,1.9286905754795662,,,,,0.5361854729026887,3079625
ldpc,N96_M48,pSA,search,832,428,,,,2.7849438325679796,2.9846278004818254,0.9685544830792755,snr,0.6326247147009806,0.0,0.0,0.26456151704322406,10.802262054176879,exponential,0.2513387124253832,0.15969222794530633,best_state,20638,4874,25600,0.03502604166666667,0.34375,0.23958333333333334,0.014404166666666668,0.15986666666666668,2.431660399190049,2.150229357798165,,,,,0.5367340064975946,6698608
ldpc,N96_M48,pSA,search,288,429,,,,2.4232013013759035,3.5606642245889137,0.9853642126666663,snr,0.812388141238941,0.0,0.0,0.29829556965063936,8.130545952533652,cosine,1.561275423878684,0.851035685824767,best_state,21831,3709,25600,0.03146701388888889,0.30625,0.2354166666666667,0.014404166666666668,0.15986666666666668,2.1845771863851122,1.9156588824020016,,,,,0.5368559167973074,2390672
ldpc,N96_M48,pSA,search,640,430,,,,3.871780179685842,9.090393343956015,1.252460704145924,snr,0.6792675213011904,0.0,0.0,0.058212326263594745,8.511515694338842,exponential,1.1161800989351696,0.24947215393360422,best_state,9562,37,9600,0.032942708333333334,0.3020833333333333,0.23750000000000002,0.014404166666666668,0.15986666666666668,2.2870263234017933,1.8895954962468722,,,,,0.5376396028217405,5178160
ldpc,N96_M48,pSA,search,789,431,,,,3.172582165656284,3.1919883819615973,1.8777327682631733,snr,0.7870998745050111,0.0,0.0,0.24713186529164444,7.842311728163032,linear,0.8958083715249503,0.5262380259564905,best_state,19818,3584,25600,0.03567708333333333,0.28541666666666665,0.08125,0.014404166666666668,0.15986666666666668,2.4768585478738787,1.785341951626355,,,,,0.5379291558042247,6358091
ldpc,N96_M48,pSA,search,895,432,,,,2.0938961681297648,3.0063824419425393,1.6832854532493742,snr,0.8266979309332528,0.0,0.0,0.1751821449385465,9.856717094177663,exponential,2.544010939592031,0.2673236547121053,best_state,18805,346,19200,0.029058159722222216,0.31875000000000003,0.22291666666666665,0.014404166666666668,0.15986666666666668,2.0173440362549413,1.9938490408673895,,,,,0.5396432313297019,7197505
ldpc,N96_M48,pSA,search,296,433,,,,2.9192737202076477,4.1471675260964345,1.1072100323036314,snr,0.8659648116833869,0.0,0.0,0.18563887340756885,8.947054459145797,exponential,1.0336435179364443,0.8996577688636882,best_state,16942,523,25600,0.032725694444444446,0.3,0.21458333333333335,0.014404166666666668,0.15986666666666668,2.271960273840517,1.8765638031693075,,,,,0.5404407821753299,2454024
ldpc,N96_M48,pSA,search,807,434,,,,3.9394563791176713,4.129830765166565,1.0077083800278877,snr,0.6889183803857374,0.0,0.0,0.1848506486450456,10.313118372253776,exponential,0.3277177381752946,0.40629872577309556,best_state,13068,4497,25600,0.03203125,0.31666666666666665,0.21041666666666667,0.014404166666666668,0.15986666666666668,2.2237489152444314,1.9808173477898245,,,,,0.540904771076643,6500633
ldpc,N96_M48,pSA,search,961,435,,,,3.569308995285335,6.355800054342444,1.8507677595170324,snr,0.7093196082952573,0.0,0.0,0.24274498973091868,11.948117603477883,exponential,1.098341183845029,0.8495785934759624,best_state,19107,3814,25600,0.030664062500000002,0.29375,0.23333333333333336,0.014404166666666668,0.15986666666666668,2.1288328030083887,1.8374687239366136,,,,,0.542540946678692,7720159
ldpc,N96_M48,pSA,search,176,436,,,,2.4835816828173094,6.04239042125268,1.0418419506759573,snr,0.87969018722566,0.0,0.0,0.9875184157406188,7.19215977756506,linear,0.9463518454136306,0.8347813512937416,best_state,2686,6031,19200,0.03396267361111111,0.3520833333333333,0.2604166666666667,0.014404166666666668,0.15986666666666668,2.3578367563397937,2.202356130108423,,,,,0.5426546896099573,1503744
ldpc,N96_M48,pSA,search,866,437,,,,2.2647848163678854,4.490112638830546,1.2187013566082052,snr,0.7516637552496284,0.0,0.0,0.1865956555591404,9.189451256309287,exponential,0.07023287518704119,0.1729128842183364,best_state,9569,30,9600,0.03161892361111111,0.29583333333333334,0.2270833333333333,0.014404166666666668,0.15986666666666668,2.195123421078006,1.8505004170141783,,,,,0.5436660376526147,6967854
ldpc,N96_M48,pSA,search,260,438,,,,1.8622577222845826,3.9001838979341903,1.0774819623389638,snr,0.855116821137575,0.0,0.0,0.18250914319278258,10.950266753498381,cosine,1.7099521840816534,0.8600790372339636,best_state,17748,918,25600,0.032790798611111116,0.3041666666666667,0.23750000000000002,0.014404166666666668,0.15986666666666668,2.2764800887089,1.902627189324437,,,,,0.5440574065721061,2168940
ldpc,N96_M48,pSA,search,711,439,,,,3.135484363504348,4.634893639727882,2.196071118207385,snr,0.6498902336042991,0.0,0.0,0.1310371901839873,11.883363385479246,linear,1.0109742833415458,0.24828625319829847,best_state,11609,2541,25600,0.029774305555555557,0.31666666666666665,0.24791666666666667,0.014404166666666668,0.15986666666666668,2.0670619998071547,1.9808173477898245,,,,,0.5447421008739883,5740409
ldpc,N96_M48,pSA,search,559,440,,,,7.571214630201131,10.803570038387003,1.2565315143307738,snr,0.5289673978902301,0.0,0.0,0.06914223297819844,10.227443405755285,exponential,1.597486804675719,0.2737521100411898,best_state,14210,2680,25600,0.030967881944444442,0.3083333333333333,0.21666666666666667,0.014404166666666668,0.15986666666666668,2.1499252723941757,1.9286905754795658,,,,,0.5455626780568983,4536721
ldpc,N96_M48,pSA,search,322,441,,,,1.4977558418301475,3.7634458956655577,1.3261486912551448,snr,0.7328412269259935,0.0,0.0,0.2103414894227043,11.41228750661901,exponential,1.1689687604410592,0.8993628430552778,last,20836,4600,25600,0.03528645833333333,0.2833333333333334,0.22083333333333333,0.014404166666666668,0.15986666666666668,2.449739658663581,1.7723102585487907,,,,,0.5478019256758155,2659918
ldpc,N96_M48,pSA,search,574,442,,,,5.082213643905142,8.192936796454008,1.3449710741624552,snr,0.5587306183682396,0.0,0.0,0.04105037793391064,11.827459096421642,exponential,1.4146034586456697,0.23363127450701668,best_state,13035,3301,25600,0.03103298611111111,0.3,0.2416666666666667,0.014404166666666668,0.15986666666666668,2.154445087262559,1.8765638031693075,,,,,0.5496465966180692,4655506
ldpc,N96_M48,pSA,search,123,443,,,,3.645974041349545,5.578888233596975,1.5713120285573472,snr,0.9091581645891414,0.0,0.0,0.6682173535925225,1.032884970391624,cosine,1.2610680967577617,0.8213340725734998,majority,3585,7393,12800,0.02827690972222222,0.35625,0.27916666666666673,0.014404166666666668,0.15986666666666668,1.9631062578343454,2.228419516263553,,,,,0.5507064741037766,1084037
ldpc,N96_M48,pSA,search,279,444,,,,2.448872022322325,3.640575254056364,0.9780444295025517,snr,0.8101606950775737,0.0,0.0,0.33116564582034197,8.224791027579206,cosine,1.547673571568739,0.8493584786210446,best_state,18294,2674,25600,0.03307291666666667,0.3125,0.2520833333333333,0.014404166666666668,0.15986666666666668,2.296065953138559,1.9547539616346954,,,,,0.551129171734337,2319401
ldpc,N96_M48,pSA,search,124,445,,,,3.532211000560559,5.176808797953418,1.4939328792178717,snr,0.9166949907294034,0.0,0.0,0.6710119547589404,1.0216745273801915,cosine,8.762166864144048,0.8318968468238002,best_state,3644,7398,12800,0.03244357638888889,0.3083333333333333,0.2625,0.014404166666666668,0.15986666666666668,2.252374409410857,1.9286905754795658,,,,,0.553201983554348,1091956
ldpc,N96_M48,pSA,search,884,446,,,,2.6142142190984026,2.740107133410481,1.342122458026356,snr,0.8040734225130796,0.0,0.0,0.2105403497400234,11.061037942837153,exponential,0.13525452241428693,0.23872425255622787,best_state,18859,1706,25600,0.034092881944444445,0.3145833333333333,0.1625,0.014404166666666668,0.15986666666666668,2.3668763860765596,1.9677856547122599,,,,,0.5535399595560995,7110396
ldpc,N96_M48,pSA,search,132,447,,,,3.3948554872316,4.976252061894512,1.330167644766972,snr,0.9045209718639976,0.0,0.0,0.6781031835854955,1.0309226579585025,cosine,1.3410330475921532,0.8289698942991874,best_state,3404,7364,12800,0.031163194444444445,0.35624999999999996,0.24166666666666667,0.014404166666666668,0.15986666666666668,2.1634847169993248,2.2284195162635525,,,,,0.5537005329523575,1155308
ldpc,N96_M48,pSA,search,767,448,,,,3.019610910103519,4.80634891212177,1.4552860376162922,snr,0.7669438936717852,0.0,0.0,0.24793527706314372,11.122162731996204,piecewise,2.3411351589679015,0.47848643685770487,best_state,21058,1820,25600,0.030403645833333336,0.3229166666666667,0.23749999999999996,0.014404166666666668,0.15986666666666668,2.110753543534857,2.019912427022519,,,,,0.5542626682109627,6183873
ldpc,N96_M48,pSA,search,396,449,,,,3.8435258745016516,6.465321281601522,1.2437694308654312,llr,0.638814706244685,0.0,0.0,0.15230253121116155,8.316194100542903,cosine,0.948290110352707,0.3768079043545037,best_state,15951,6694,25600,0.030490451388888885,0.3208333333333333,0.275,0.014404166666666668,0.15986666666666668,2.116779963359367,2.006880733944954,,,,,0.5561027565227905,3245924
ldpc,N96_M48,pSA,search,891,450,,,,3.1419192965697373,3.083757987810103,1.7479016101298928,snr,0.8342262143835777,0.0,0.0,0.1748302224049553,1.95893199689805,exponential,1.6973937980711908,0.26391973029872273,best_state,18639,516,19200,0.03997395833333333,0.2791666666666667,0.13958333333333334,0.014404166666666668,0.15986666666666668,2.7751663291871562,1.7462468723936613,,,,,0.5573574333695871,7165829
ldpc,N96_M48,pSA,search,944,451,,,,1.7818761145404147,4.452168388704405,1.3840468210742778,snr,0.8902903473496027,0.0,0.0,0.20057414579524716,10.911484539837131,exponential,1.2268856411622135,0.29769257820152256,best_state,19835,5489,25600,0.03111979166666667,0.33958333333333335,0.2708333333333333,0.014404166666666668,0.15986666666666668,2.16047150708707,2.124165971643036,,,,,0.5579829551301531,7585536
ldpc,N96_M48,pSA,search,390,452,,,,2.9299115696007334,5.893514731121003,1.0593868322005209,llr,0.6947079881507823,0.0,0.0,0.1436233150931625,7.83304208074172,piecewise,0.9707047289214956,0.17528761918663432,best_state,16152,6622,25600,0.03062065972222222,0.3229166666666667,0.25833333333333336,0.014404166666666668,0.15986666666666668,2.1258195930961334,2.019912427022519,,,,,0.5593205576896177,3198410
ldpc,N96_M48,pSA,search,380,453,,,,2.6544605820735474,4.933506253143133,0.9518630250287251,llr,0.7243137281470975,0.0,0.0,0.1294930088795899,9.584323455527816,cosine,0.8732563596022143,0.10682338067969593,best_state,15392,6389,25600,0.030490451388888885,0.31458333333333327,0.23958333333333334,0.014404166666666668,0.15986666666666668,2.116779963359367,1.9677856547122596,,,,,0.5596257810653814,3119220
ldpc,N96_M48,pSA,search,829,454,,,,2.8387070826404326,3.3559235237589613,0.9310375396002826,snr,0.6867911295739685,0.0,0.0,0.2745932782630878,11.954945938823741,exponential,0.2409117368872245,0.5469036170424253,best_state,20233,1718,25600,0.035416666666666666,0.3458333333333334,0.23958333333333334,0.014404166666666668,0.15986666666666668,2.458779288400347,2.1632610508757297,,,,,0.5600459996667818,6674851
ldpc,N96_M48,pSA,search,232,455,,,,2.07972131484732,4.072453262008629,0.9984253290540771,snr,0.8671275670033387,0.0,0.0,0.24565965883119192,8.32621731575555,cosine,3.105556470090065,0.4305743081674853,best_state,18520,1140,25600,0.03216145833333333,0.3229166666666667,0.24583333333333335,0.014404166666666668,0.15986666666666668,2.2327885449811973,2.019912427022519,,,,,0.5609756820253984,1947208
ldpc,N96_M48,pSA,search,174,456,,,,2.5511242713702775,6.008676630432706,1.0140365236360762,snr,0.877359744812941,0.0,0.0,0.7464198572133826,6.786257122571152,cosine,0.6727577755377977,0.835891480849215,best_state,2755,6226,19200,0.03129340277777778,0.33749999999999997,0.24791666666666667,0.014404166666666668,0.15986666666666668,2.172524346736091,2.111134278565471,,,,,0.5624524547104564,1487906
ldpc,N96_M48,pSA,search,255,457,,,,1.9720765695320575,3.9432407520028847,1.1432466381840234,snr,0.8502655016174689,0.0,0.0,0.16243464784565576,11.117730479261189,cosine,1.7044063544778383,0.8672893732012961,last,17813,832,25600,0.03470052083333333,0.27291666666666664,0.20833333333333334,0.014404166666666668,0.15986666666666668,2.409061324848134,1.7071517931609672,,,,,0.5627524867829543,2129345
ldpc,N96_M48,pSA,search,712,458,,,,3.1551116751320354,4.925223917893766,2.2606416277494947,snr,0.6453041422944916,0.0,0.0,0.14153918215849456,11.976811268347115,exponential,0.9960228917372969,0.24918705120086754,best_state,18198,972,19200,0.03146701388888889,0.3145833333333333,0.27291666666666664,0.014404166666666668,0.15986666666666668,2.1845771863851122,1.9677856547122599,,,,,0.5632081472461848,5748328
ldpc,N96_M48,pSA,search,641,459,,,,3.7740096313813156,8.973692215899197,1.2233812307793375,snr,0.6755155457099544,0.0,0.0,0.0816904693901814,9.596370440799037,exponential,1.0854821393856993,0.24692034483380365,best_state,9559,40,9600,0.034722222222222224,0.3020833333333333,0.23749999999999996,0.014404166666666668,0.15986666666666668,2.410567929804262,1.8895954962468722,,,,,0.5634060363953128,5186079
ldpc,N96_M48,pSA,search,976,460,,,,4.296971622229294,7.051794420292098,1.8912804737244135,snr,0.6718672536532415,0.0,0.0,0.1455267661555222,7.806366066253909,exponential,1.7520331605857917,0.841140164102898,best_state,18328,6006,25600,0.03218315972222222,0.30624999999999997,0.24791666666666665,0.014404166666666668,0.15986666666666668,2.234295149937325,1.9156588824020013,,,,,0.5640838437597628,7838944
ldpc,N96_M48,pSA,search,220,461,,,,2.399576004697758,4.426891294595783,1.1982502877515544,snr,0.8865910535279079,0.0,0.0,0.7914161330956371,3.321944280253182,cosine,3.6470325492597806,0.8266482076433821,best_state,16981,6508,25600,0.030924479166666668,0.3166666666666667,0.24583333333333332,0.014404166666666668,0.15986666666666668,2.146912062481921,1.980817347789825,,,,,0.5644622997174328,1852180
ldpc,N96_M48,pSA,search,932,462,,,,1.5315368558317577,2.8920437679909954,2.0676578342253964,snr,0.685524283292958,0.0,0.0,0.14170478024723232,8.000387806067602,exponential,1.9374892523879115,0.7852606860055897,majority,17676,6527,25600,0.028624131944444447,0.3333333333333333,0.2708333333333333,0.014404166666666668,0.15986666666666668,1.9872119371323884,2.0850708924103416,,,,,0.5651198378443192,7490508
ldpc,N96_M48,pSA,search,830,463,,,,2.874245398088557,3.0787933252735735,1.050343416224423,snr,0.6350076977085239,0.0,0.0,0.25163760550761705,10.959192907169122,exponential,0.2659262170034324,0.14479319717785402,best_state,20245,1479,25600,0.03244357638888889,0.32916666666666666,0.22916666666666666,0.014404166666666668,0.15986666666666668,2.252374409410857,2.0590075062552122,,,,,0.5703965269586754,6682770
ldpc,N96_M48,pSA,search,259,464,,,,1.9527565728627583,3.8864623971301846,1.122661515954963,snr,0.8535492845044821,0.0,0.0,0.18168601773756116,11.990523554372931,cosine,1.1533724094976752,0.8633776914983621,last,17987,846,25600,0.03650173611111111,0.3125,0.22916666666666666,0.014404166666666668,0.15986666666666668,2.5341095362067305,1.9547539616346954,,,,,0.5716892277981114,2161021
ldpc,N96_M48,pSA,search,330,465,,,,2.204849395427925,2.85634388244853,1.3495674704085943,snr,0.7132099831461656,0.0,0.0,0.23390482482993366,10.602443924389837,exponential,1.3094592881984692,0.31775858964554404,last,9575,4,9600,0.034201388888888885,0.3125,0.23124999999999996,0.014404166666666668,0.15986666666666668,2.3744094108571976,1.9547539616346954,,,,,0.5717941109389675,2723270
ldpc,N96_M48,pSA,search,555,466,,,,5.765742463117572,11.525042823181542,1.239017660706076,snr,0.5030974536901965,0.0,0.0,0.04285645222759223,10.190256693287163,exponential,2.026584717704817,0.27559699846755226,best_state,14030,2553,25600,0.031228298611111108,0.33125,0.2791666666666666,0.014404166666666668,0.15986666666666668,2.1680045318677075,2.072039199332777,,,,,0.5729834047252061,4505045
ldpc,N96_M48,pSA,search,263,467,,,,1.8938019950616778,3.8620322792110957,1.1147047851107628,snr,0.7724636046221911,0.0,0.0,0.16380774422189864,11.824894228473896,cosine,1.1791105188007165,0.8696144895723894,last,17923,848,25600,0.03572048611111111,0.30416666666666664,0.21458333333333335,0.014404166666666668,0.15986666666666668,2.479871757786134,1.9026271893244366,,,,,0.5731793157126951,2192697
ldpc,N96_M48,pSA,search,156,468,,,,3.638706899745553,7.659171511759362,1.161782315716319,snr,0.9265629119073719,0.0,0.0,0.860917013568238,0.9458648368580068,cosine,7.530082483138161,0.8605213872433224,best_state,4601,8965,19200,0.035481770833333336,0.3520833333333333,0.32499999999999996,0.014404166666666668,0.15986666666666668,2.46329910326873,2.202356130108423,,,,,0.5756969834075065,1345364
ldpc,N96_M48,pSA,search,235,469,,,,2.033243894853099,4.051175152450381,1.03631611784274,snr,0.8636397879240153,0.0,0.0,0.23789260839062337,8.648220225191594,cosine,2.967924160077093,0.8735312446048957,best_state,18787,1162,25600,0.032877604166666664,0.3520833333333333,0.2625,0.014404166666666668,0.15986666666666668,2.28250650853341,2.202356130108423,,,,,0.5767333663132482,1970965
ldpc,N96_M48,pSA,search,122,470,,,,3.555287162794879,6.083320324990602,1.484322109962165,snr,0.904549442548557,0.0,0.0,0.6779183051228941,1.0369685798706523,cosine,1.2665003958527306,0.8263917067279878,best_state,3516,7375,12800,0.031575520833333336,0.3104166666666667,0.27708333333333335,0.014404166666666668,0.15986666666666668,2.1921102111657507,1.9417222685571307,,,,,0.5785036151621,1076118
ldpc,N96_M48,pSA,search,724,471,,,,3.8220394497666206,5.249632632825355,2.685609408584145,snr,0.7132317727960559,0.0,0.0,0.2091449073085569,10.541034926199142,exponential,1.6435052996023367,0.1785439457606972,best_state,11822,3003,25600,0.030967881944444442,0.3229166666666667,0.2708333333333333,0.014404166666666668,0.15986666666666668,2.1499252723941757,2.019912427022519,,,,,0.5801661659041352,5843356
ldpc,N96_M48,pSA,search,847,472,,,,2.0867272784160797,2.162756653275455,1.2768081493450487,snr,0.7004193341729454,0.0,0.0,0.21076026483556626,10.041787380550641,exponential,0.1509724338646824,0.520975260219767,best_state,18868,1174,25600,0.036610243055555554,0.32083333333333336,0.14583333333333334,0.014404166666666668,0.15986666666666668,2.5416425609873685,2.006880733944954,,,,,0.5819357921515288,6817393
ldpc,N96_M48,pSA,search,876,473,,,,2.4462527662306432,4.096413805586082,0.7319695106461196,llr,0.7522462527531489,0.0,0.0,0.18076422513654902,9.135859685738252,exponential,0.22823078690732884,0.2435805669263889,best_state,9571,28,9600,0.03333333333333333,0.29374999999999996,0.2354166666666667,0.014404166666666668,0.15986666666666668,2.3141452126120914,1.8374687239366134,,,,,0.5824179430339356,7047044
ldpc,N96_M48,pSA,search,249,474,,,,2.2097208469085134,3.4434072298290688,1.1521949987250844,snr,0.444100489029046,0.0,0.0,0.19723937349725731,10.60708429711304,cosine,1.5305717376809915,0.8995196320651606,last,20132,5288,25600,0.038107638888888885,0.29791666666666666,0.21875,0.014404166666666668,0.15986666666666668,2.645598302960177,1.8635321100917428,,,,,0.5837436767190608,2081831
ldpc,N96_M48,pSA,search,934,475,,,,1.6281849804394095,3.017043602408689,1.9840756794585395,snr,0.6937606807532793,0.0,0.0,0.14818280233248088,6.916701581766154,exponential,2.101185512802256,0.6269461527843374,majority,19275,6138,25600,0.030837673611111113,0.35624999999999996,0.28958333333333336,0.014404166666666668,0.15986666666666668,2.14088564265741,2.2284195162635525,,,,,0.5843625196180655,7506346
ldpc,N96_M48,pSA,search,637,476,,,,3.8370013531612397,7.761130120467898,1.2469737242202756,snr,0.689604036323549,0.0,0.0,0.039853509608719626,8.618403428997812,exponential,1.2533743473423298,0.25007779543785946,best_state,9564,35,9600,0.03435329861111112,0.32708333333333334,0.2625,0.014404166666666668,0.15986666666666668,2.3849556455500918,2.0459758131776478,,,,,0.585730618680217,5154403
ldpc,N96_M48,pSA,search,498,477,,,,3.0916285501677936,5.454056650108558,1.325093446801799,snr,0.741696269852986,0.0,0.0,0.14426812314505164,10.327958994722218,exponential,1.0657681204775828,0.6537483465815149,best_state,9266,276,9600,0.032248263888888885,0.32916666666666666,0.2625,0.014404166666666668,0.15986666666666668,2.238814964805708,2.0590075062552122,,,,,0.5859259913684823,4053662
ldpc,N96_M48,pSA,search,284,478,,,,2.437370056747799,2.6659411300771243,0.96285899617639,snr,0.8075172129886989,0.0,0.0,0.22602265288242782,7.9198696042734635,cosine,1.552407515852373,0.8530055807888264,best_state,21426,4091,25600,0.037434895833333336,0.33749999999999997,0.23333333333333336,0.014404166666666668,0.15986666666666668,2.59889354932022,2.111134278565471,,,,,0.5877561488705388,2358996
ldpc,N96_M48,pSA,search,358,479,,,,3.153632953911301,5.585523419060049,0.9975042519027008,snr,0.7098544900741118,0.0,0.0,0.13347306136378492,8.695179137728577,cosine,0.9209913430448669,0.09662379556022732,best_state,16704,4545,25600,0.031857638888888894,0.3104166666666667,0.24791666666666665,0.014404166666666668,0.15986666666666668,2.2116960755954103,1.9417222685571307,,,,,0.5886348890032493,2945002
ldpc,N96_M48,pSA,search,792,480,,,,3.1437030575082234,3.254532097806765,1.8847064620428626,fixed,0.6774293866682882,0.0,0.0,0.256719423509436,8.144243569261889,linear,0.9649208694403596,0.5278856642270766,best_state,19620,1369,25600,0.03689236111111111,0.3229166666666667,0.2020833333333333,0.014404166666666668,0.15986666666666668,2.561228425417028,2.019912427022519,,,,,0.5893615776351167,6381848
ldpc,N96_M48,pSA,search,376,481,,,,2.66810062837453,5.082420311257884,0.9525149453731507,snr,0.7155845335460012,0.0,0.0,0.12887787585089425,9.637707640854238,cosine,0.8814456745169204,0.1341070774747489,best_state,15341,6327,25600,0.034027777777777775,0.3333333333333333,0.24791666666666665,0.014404166666666668,0.15986666666666668,2.3623565712081764,2.0850708924103416,,,,,0.5893715658738682,3087544
ldpc,N96_M48,pSA,search,130,482,,,,3.598480344396226,5.159562170553798,1.3280342076430105,snr,0.9039817793396672,0.0,0.0,0.6708429717786879,1.0210133869143905,cosine,1.2834016319893038,0.8299588389031227,best_state,3493,7392,12800,0.031966145833333334,0.31875000000000003,0.25416666666666665,0.014404166666666668,0.15986666666666668,2.2192291003760487,1.9938490408673895,,,,,0.5908696044325262,1139470
ldpc,N96_M48,pSA,search,256,483,,,,1.9600443154757392,3.9057925214769944,1.109856326188345,snr,0.8562925523526577,0.0,0.0,0.1834345324329116,8.55038770493525,cosine,1.6660321387002983,0.8631981039638045,last,21181,4289,25600,0.03765190972222222,0.30624999999999997,0.22916666666666666,0.014404166666666668,0.15986666666666668,2.613959598881496,1.9156588824020013,,,,,0.5910331586945866,2137264
ldpc,N96_M48,pSA,search,644,484,,,,3.8125505588870685,8.675242778551507,1.2556596507651625,snr,0.6891423750896662,0.0,0.0,0.07554867710890041,8.61081538619186,exponential,1.0506030482748479,0.6473316782766211,best_state,9560,39,9600,0.03459201388888889,0.32708333333333334,0.25,0.014404166666666668,0.15986666666666668,2.401528300067496,2.0459758131776478,,,,,0.5916199974179859,5209836
ldpc,N96_M48,pSA,search,281,485,,,,2.5606284502541627,3.7266293284655156,0.9743637304582645,snr,0.7180309912335738,0.0,0.0,0.332215715881846,7.796302864308132,cosine,1.5658023381386916,0.852014009607619,best_state,21627,991,25600,0.03285590277777778,0.3333333333333333,0.24166666666666667,0.014404166666666668,0.15986666666666668,2.2809999035772828,2.0850708924103416,,,,,0.5924183402953813,2335239
ldpc,N96_M48,pSA,search,128,486,,,,3.4606731346379562,5.089274444409851,1.5012080639958187,snr,0.9106296046783674,0.0,0.0,0.6849169207509688,1.0691687856307694,cosine,1.4439636313380184,0.8265401116254371,best_state,3497,7393,12800,0.03396267361111111,0.3333333333333333,0.2729166666666667,0.014404166666666668,0.15986666666666668,2.3578367563397937,2.0850708924103416,,,,,0.5926638463893891,1123632
ldpc,N96_M48,pSA,search,522,487,,,,4.617105313568557,5.90252176511258,2.383510830311613,snr,0.6311426483229697,0.0,0.0,0.12063167559126414,11.399405299608024,exponential,1.459982349816686,0.21822839137325922,best_state,13003,3150,25600,0.033181423611111115,0.34375,0.2354166666666667,0.014404166666666668,0.15986666666666668,2.3035989779191977,2.150229357798165,,,,,0.5929011499418018,4243718
ldpc,N96_M48,pSA,search,336,488,,,,2.131875250060944,2.8722298681329845,1.3474522407976037,snr,0.6994500114531925,0.0,0.0,0.23786467551992427,10.700225722211679,exponential,1.3048689096256747,0.8673028823532055,last,9571,27,9600,0.03515625,0.30624999999999997,0.24166666666666667,0.014404166666666668,0.15986666666666668,2.440700028926815,1.9156588824020013,,,,,0.5938808383031577,2770784
ldpc,N96_M48,pSA,search,394,489,,,,2.9687216197845574,6.619710235637126,1.2250442510476693,llr,0.6976495661831051,0.0,0.0,0.14855916972277386,8.337805383497965,piecewise,0.6383453458232633,0.27290406306452664,best_state,16042,6603,25600,0.029861111111111113,0.33541666666666664,0.29791666666666666,0.014404166666666668,0.15986666666666668,2.0730884196316652,2.098102585487906,,,,,0.5940161008957517,3230086
ldpc,N96_M48,pSA,search,311,490,,,,2.1183487284358478,3.268549791310452,1.0685717663866372,snr,0.8830839306050009,0.0,0.0,0.1668541059319187,9.418164880553888,exponential,1.212083633497571,0.8680835306117991,best_state,17483,388,25600,0.03428819444444445,0.3104166666666666,0.23958333333333334,0.014404166666666668,0.15986666666666668,2.3804358306817086,1.9417222685571305,,,,,0.5940568581911768,2572809
ldpc,N96_M48,pSA,search,277,491,,,,2.4584645410280275,2.903076062555528,0.9554958998580431,snr,0.8367854577537956,0.0,0.0,0.22153358230973744,7.98849964445886,cosine,1.5388646448596983,0.8513201225174085,best_state,23928,945,25600,0.03541666666666667,0.34583333333333327,0.23333333333333336,0.014404166666666668,0.15986666666666668,2.4587792884003474,2.1632610508757293,,,,,0.5943833080311962,2303563
ldpc,N96_M48,pSA,search,225,492,,,,2.3463769977081728,4.455503757735052,1.1953084893147223,snr,0.887451672384443,0.0,0.0,0.541645426847502,8.243576896067824,cosine,3.6030828212260064,0.8234533273397291,best_state,25053,448,25600,0.035633680555555554,0.3458333333333334,0.26458333333333334,0.014404166666666668,0.15986666666666668,2.4738453379616234,2.1632610508757297,,,,,0.5986676397184243,1891775
ldpc,N96_M48,pSA,search,395,493,,,,3.008302565909887,6.284513791365546,1.2676334305018973,llr,0.6926600495962669,0.0,0.0,0.14052523631932762,8.280996942710281,piecewise,0.6288295068298327,0.39045340613909296,best_state,15876,4668,25600,0.03094618055555556,0.3645833333333333,0.3125,0.014404166666666668,0.15986666666666668,2.1484186674380488,2.2805462885738113,,,,,0.6004039074868652,3238005
ldpc,N96_M48,pSA,search,642,494,,,,3.9738215649869306,8.937609635456406,1.228723543558822,snr,0.5301550744565031,0.0,0.0,0.040534848703590434,8.515918856722807,exponential,1.0826032719747363,0.2422695865953536,best_state,9563,11,9600,0.03600260416666667,0.3145833333333333,0.2625,0.014404166666666668,0.15986666666666668,2.499457622215794,1.9677856547122599,,,,,0.6016274710983359,5193998
ldpc,N96_M48,pSA,search,125,495,,,,3.6992557341071195,5.250989133893246,1.5314977131327308,snr,0.9130307760474619,0.0,0.0,0.6990990837228203,1.0720979730422824,cosine,6.675841036166333,0.8254402866273077,majority,5150,7292,12800,0.02975260416666667,0.3645833333333333,0.3083333333333333,0.014404166666666668,0.15986666666666668,2.065555394851027,2.2805462885738113,,,,,0.6019343383072956,1099875
ldpc,N96_M48,pSA,search,289,496,,,,2.0690386909742915,2.9812513455800724,1.1045341221901999,snr,0.8705035525747555,0.0,0.0,0.20331613392740647,8.824113958755401,exponential,1.0541906616488992,0.8990367897861495,best_state,22666,2802,25600,0.03411458333333334,0.34166666666666673,0.23958333333333334,0.014404166666666668,0.15986666666666668,2.3683829910326875,2.137197664720601,,,,,0.6025254940662329,2398591
ldpc,N96_M48,pSA,search,662,497,,,,5.8342601918151775,7.407942133127398,1.1334224089521665,snr,0.39627519701823277,0.0,0.0,0.04696018641375073,11.975290761477202,exponential,1.4942092403700595,0.26317865215511527,best_state,13823,3991,25600,0.035329861111111104,0.32708333333333334,0.26875,0.014404166666666668,0.15986666666666668,2.452752868575836,2.0459758131776478,,,,,0.603047868967698,5352378
ldpc,N96_M48,pSA,search,236,498,,,,2.066859032687427,4.0889687015481515,0.9992400072495026,snr,0.8637238968245995,0.0,0.0,0.23284684318628746,8.149111597139548,cosine,2.947975567671757,0.875411715680102,best_state,19465,1048,25600,0.035481770833333336,0.3333333333333333,0.2604166666666667,0.014404166666666668,0.15986666666666668,2.46329910326873,2.0850708924103416,,,,,0.6036576793581154,1978884
ldpc,N96_M48,pSA,search,761,499,,,,2.958245049828368,4.72949684994241,1.4143002764889958,snr,0.757106092467882,0.0,0.0,0.2680783536900665,1.62615562962545,piecewise,1.3411200514709136,0.5045652409555462,best_state,21344,1783,25600,0.031184895833333334,0.3625,0.2791666666666666,0.014404166666666668,0.15986666666666668,2.1649913219554526,2.2675145954962463,,,,,0.6057464942460287,6136359
ldpc,N96_M48,pSA,search,955,500,,,,2.6428192137116326,3.1839025420236475,3.710903171667334,fixed,0.7172132493556233,0.0,0.0,0.16700339674845943,9.4734687907548,linear,1.4710039161470552,0.23678562928715344,best_state,12735,62,12800,0.032074652777777775,0.3208333333333333,0.24583333333333335,0.014404166666666668,0.15986666666666668,2.2267621251566867,2.006880733944954,,,,,0.6083457295803547,7672645
ldpc,N96_M48,pSA,search,316,501,,,,1.8386841534656884,3.6687334825217004,1.3578345239432066,snr,0.4771796142307263,0.0,0.0,0.20982483693869564,9.527699957876383,exponential,1.1446514668888124,0.8653510966955988,last,20963,4498,25600,0.03606770833333333,0.29791666666666666,0.23749999999999996,0.014404166666666668,0.15986666666666668,2.5039774370841767,1.8635321100917428,,,,,0.6088860327917935,2612404
ldpc,N96_M48,pSA,search,645,502,,,,3.799627687734451,8.163638079924421,1.208681790010509,snr,0.6854541197264891,0.0,0.0,0.030338385513631442,8.306938884266797,exponential,0.1915689193822055,0.24540444110456702,best_state,9564,36,9600,0.03936631944444444,0.3333333333333333,0.2708333333333333,0.014404166666666668,0.15986666666666668,2.7329813904155817,2.0850708924103416,,,,,0.60925013627917,5217755
ldpc,N96_M48,pSA,search,290,503,,,,2.9175068096232786,3.0153644130128097,1.0510098286544205,snr,0.7851797577573275,0.0,0.0,0.1966653850970813,8.972330090131688,exponential,1.1078313206609094,0.8111848269654781,best_state,16272,1699,25600,0.04173177083333333,0.3333333333333333,0.18541666666666667,0.014404166666666668,0.15986666666666668,2.8972013306334965,2.0850708924103416,,,,,0.6101174030128631,2406510
ldpc,N96_M48,pSA,search,129,504,,,,3.64189219931089,5.130527552601414,1.5469973688480259,snr,0.9044543054542211,0.0,0.0,0.718761479981021,1.0447196760832995,cosine,6.008876075409432,0.8301772425393775,best_state,3478,7342,12800,0.03420138888888889,0.3125,0.25625,0.014404166666666668,0.15986666666666668,2.374409410857198,1.9547539616346954,,,,,0.6113102374958383,1131551
ldpc,N96_M48,pSA,search,234,505,,,,2.070374118030243,4.115124631325015,1.0282524156311945,snr,0.864734601684258,0.0,0.0,0.27539495598596,8.076182268044771,cosine,2.925875829231924,0.8775163874272003,best_state,18939,1247,25600,0.03389756944444445,0.3520833333333333,0.2729166666666667,0.014404166666666668,0.15986666666666668,2.353316941471411,2.202356130108423,,,,,0.6121676905641904,1963046
ldpc,N96_M48,pSA,search,816,506,,,,3.8873335211676925,4.218114906620035,1.0397103141327384,snr,0.4090225932152929,0.0,0.0,0.19335424521530178,10.524389754153466,exponential,0.46460494184667633,0.32555163757478284,best_state,18738,3362,25600,0.031640625,0.3583333333333334,0.29166666666666663,0.014404166666666668,0.15986666666666668,2.1966300260341334,2.241451209341118,,,,,0.6149227288164216,6571904
ldpc,N96_M48,pSA,search,801,507,,,,2.256340577258345,5.899892380772097,1.50154453311844,snr,0.726545867608073,0.0,0.0,0.15788978859224348,9.265047676281952,exponential,1.2471375453355795,0.5446981400692139,last,20650,4172,25600,0.03600260416666667,0.3229166666666667,0.2604166666666667,0.014404166666666668,0.15986666666666668,2.499457622215794,2.019912427022519,,,,,0.6150034751318774,6453119
ldpc,N96_M48,pSA,search,103,508,,,,2.639918207560599,3.363902491142751,1.465090431031612,snr,0.9449944381829049,0.0,0.0,0.7890739108762475,1.0006726906716297,cosine,3.2566932146948866,0.83672972924162,majority,2486,7145,12800,0.029882812500000005,0.39166666666666666,0.31875,0.014404166666666668,0.15986666666666668,2.074595024587793,2.4499582985821515,,,,,0.6153766696339762,925657
ldpc,N96_M48,pSA,search,186,509,,,,2.967909950115287,5.45760076764195,2.0920684524615676,snr,0.8488924997576207,0.0,0.0,0.6091450666826841,6.943896611119235,linear,0.652427503773567,0.7984747034663273,best_state,6953,7964,19200,0.031727430555555554,0.34583333333333327,0.2895833333333333,0.014404166666666668,0.15986666666666668,2.202656445858644,2.1632610508757293,,,,,0.6197031325037972,1582934
ldpc,N96_M48,pSA,search,262,510,,,,1.746549329455988,3.8276917033419076,1.1066774463317528,snr,0.8591472061370142,0.0,0.0,0.17142267300028693,11.610423309511013,cosine,1.6612008618646525,0.8702299132629887,last,17513,847,25600,0.038237847222222225,0.3145833333333334,0.25,0.014404166666666668,0.15986666666666668,2.6546379326969434,1.9677856547122603,,,,,0.6223228821994544,2184778
ldpc,N96_M48,pSA,search,870,511,,,,2.311441360980583,4.343176135086615,1.2200936323957523,llr,0.7511993308458906,0.0,0.0,0.3021643132329378,10.963029486357417,exponential,2.2930770507487344,0.1709760973914916,best_state,19639,1486,25600,0.03179253472222222,0.34375,0.29583333333333334,0.014404166666666668,0.15986666666666668,2.2071762607270267,2.150229357798165,,,,,0.6228111349333029,6999530
ldpc,N96_M48,pSA,search,178,512,,,,2.5694093718106763,6.037713443704106,1.0827381400060194,snr,0.8775535907992935,0.0,0.0,0.7360638903772513,6.592837728246003,cosine,5.085443191846566,0.8395630588197075,best_state,8493,6314,19200,0.035937500000000004,0.375,0.3104166666666667,0.014404166666666668,0.15986666666666668,2.4949378073474113,2.3457047539616345,,,,,0.6241191920995175,1519582
ldpc,N96_M48,pSA,search,647,513,,,,3.813377239925102,9.104938821003701,1.211117915891515,snr,0.6870812765149755,0.0,0.0,1.4849836825287992,11.310120852952192,exponential,1.0972838583844498,0.24589589409967216,best_state,9560,39,9600,0.038802083333333334,0.32708333333333334,0.24791666666666665,0.014404166666666668,0.15986666666666668,2.6938096615562626,2.0459758131776478,,,,,0.6247843683713087,5233593
ldpc,N96_M48,pSA,search,211,514,,,,4.320505423279491,6.59685867262359,1.4714735766135958,llr,0.9175533301047533,0.0,0.0,0.6620117716314798,3.47070086860151,cosine,4.247920675350271,0.8511636133207788,best_state,5733,12170,25600,0.030924479166666668,0.3541666666666667,0.3083333333333333,0.014404166666666668,0.15986666666666668,2.146912062481921,2.215387823185988,,,,,0.6261303130577063,1780909
ldpc,N96_M48,pSA,search,283,515,,,,2.4353562257646573,2.6313582589552027,0.9501687865815486,snr,0.8385966619617874,0.0,0.0,0.3440118338080597,8.03489260698475,cosine,1.614252327607917,0.8543897782553936,best_state,18605,1029,25600,0.04140625,0.35000000000000003,0.22291666666666665,0.014404166666666668,0.15986666666666668,2.874602256291582,2.189324437030859,,,,,0.6263486077550424,2351077
ldpc,N96_M48,pSA,search,126,516,,,,3.4601626717477836,5.361802887723514,1.5036529141627686,snr,0.9065475438910553,0.0,0.0,0.6795158980777362,1.0603646937008508,cosine,1.4064365050526009,0.8261634506020851,best_state,3623,7356,12800,0.03350694444444444,0.33749999999999997,0.29375,0.014404166666666668,0.15986666666666668,2.3261980522611125,2.111134278565471,,,,,0.6264228712673722,1107794
ldpc,N96_M48,pSA,search,362,517,,,,3.020078443185642,6.9042624164577,0.9263053398764446,snr,0.7238082893380542,0.0,0.0,0.11725131431348962,5.319686051313686,cosine,0.7158984775136578,0.005337271008657139,best_state,14084,5018,25600,0.035655381944444446,0.34791666666666665,0.25625000000000003,0.014404166666666668,0.15986666666666668,2.4753519429177513,2.176292743953294,,,,,0.6297681365103932,2976678
ldpc,N96_M48,pSA,search,874,518,,,,2.519366042817094,4.01066476629293,1.2225748121955355,llr,0.7537482785405428,0.0,0.0,0.18594826987293214,9.340532083937555,exponential,0.2104140592281131,0.2022339753599453,best_state,20883,4631,25600,0.03244357638888889,0.3354166666666667,0.29374999999999996,0.014404166666666668,0.15986666666666668,2.252374409410857,2.0981025854879065,,,,,0.6323749846765006,7031206
ldpc,N96_M48,pSA,search,340,519,,,,2.7284552517252703,4.907357654112207,1.2131205426495122,snr,0.7418091249327493,0.0,0.0,0.1567748490255543,9.505158294719742,piecewise,1.061892821578554,0.8828300506760425,best_state,16018,6468,25600,0.03307291666666667,0.39166666666666666,0.33125,0.014404166666666668,0.15986666666666668,2.296065953138559,2.4499582985821515,,,,,0.6343166077783973,2802460
ldpc,N96_M48,pSA,search,648,520,,,,3.7154456847825585,8.925741038496342,1.2210850803165676,snr,0.6861538481970727,0.0,0.0,0.04213489449784569,8.475473490550835,exponential,1.0489486758540387,0.6137946947901385,best_state,9561,38,9600,0.036393229166666666,0.31666666666666665,0.26666666666666666,0.014404166666666668,0.15986666666666668,2.5265765114260916,1.9808173477898245,,,,,0.6348627108297037,5241512
ldpc,N96_M48,pSA,search,387,521,,,,2.992702035641839,6.036669108093718,1.2422746321546285,llr,0.695004129989377,0.0,0.0,0.14788636918053114,7.676830257127405,piecewise,0.9701777396428166,0.3739979737222321,best_state,16043,6613,25600,0.03424479166666667,0.35625,0.2916666666666667,0.014404166666666668,0.15986666666666668,2.3774226207694533,2.228419516263553,,,,,0.6370492979141,3174653
ldpc,N96_M48,pSA,search,366,522,,,,3.223307593204275,5.733329225521285,0.7907599144575508,snr,0.6776470088447637,0.0,0.0,0.1081960937609611,6.980008595714194,cosine,0.729094439089079,0.05911457301654829,best_state,14048,5005,25600,0.040017361111111115,0.3812499999999999,0.3125,0.014404166666666668,0.15986666666666668,2.778179539099412,2.384799833194328,,,,,0.6374037921651359,3008354
ldpc,N96_M48,pSA,search,865,523,,,,2.350697585890584,4.325428165284081,1.2411189754923273,llr,0.7542570462648248,0.0,0.0,0.18861289020488944,9.060869480901387,exponential,0.2921260519520719,0.1985887663874994,best_state,19475,1581,25600,0.03318142361111111,0.3645833333333333,0.28541666666666665,0.014404166666666668,0.15986666666666668,2.303598977919197,2.2805462885738113,,,,,0.6376483869612294,6959935
ldpc,N96_M48,pSA,search,639,524,,,,3.7668189296393497,7.952688025674046,1.2352244352287416,snr,0.6865722469443188,0.0,0.0,0.05689456771426249,8.565834697591495,exponential,1.2675666899671585,0.24336747030613215,best_state,9560,39,9600,0.03687065972222222,0.33541666666666664,0.2604166666666667,0.014404166666666668,0.15986666666666668,2.5597218204609002,2.098102585487906,,,,,0.6394111157585021,5170241
ldpc,N96_M48,pSA,search,495,525,,,,3.051635646288575,5.479974361276275,2.079519011475564,snr,0.7491595064675659,0.0,0.0,0.14553623576925306,9.984586478710044,exponential,1.088338841010418,0.0025942946313240733,best_state,13855,4048,25600,0.03532986111111111,0.3354166666666667,0.28541666666666665,0.014404166666666668,0.15986666666666668,2.4527528685758364,2.0981025854879065,,,,,0.6395465276845621,4029905
ldpc,N96_M48,pSA,search,393,526,,,,2.923743764250483,6.16561890428616,1.2463119021201385,llr,0.7429780864709464,0.0,0.0,0.14477169517500166,8.293345584197187,piecewise,0.9815410169763564,0.1716168099220137,best_state,16012,4632,25600,0.03257378472222222,0.3458333333333334,0.29583333333333334,0.014404166666666668,0.15986666666666668,2.2614140391476227,2.1632610508757297,,,,,0.6418915956811406,3222167
ldpc,N96_M48,pSA,search,873,527,,,,2.317231168790058,3.993197426925588,1.2227846932560376,llr,0.7563911569157286,0.0,0.0,0.18741562239147255,9.059828632466138,exponential,0.13432635224983705,0.1695613261587952,best_state,19628,1551,25600,0.03539496527777778,0.3625,0.3020833333333333,0.014404166666666668,0.15986666666666668,2.4572726834442196,2.2675145954962463,,,,,0.6427607488088173,7023287
ldpc,N96_M48,pSA,search,836,528,,,,2.8389607843754576,2.9480529479276814,1.0789021348777994,snr,0.6430333984922599,0.0,0.0,0.24367451918136696,10.969807736833761,exponential,0.22996682514783018,0.14290812982326878,best_state,20243,1868,25600,0.039149305555555555,0.36041666666666666,0.2354166666666667,0.014404166666666668,0.15986666666666668,2.7179153408543053,2.254482902418682,,,,,0.6448203367516663,6730284
ldpc,N96_M48,pSA,search,282,529,,,,2.4125187453347885,2.6237511073931064,0.9733432745558973,snr,0.8092386080963752,0.0,0.0,0.3577357351437906,7.8752951164618565,cosine,1.5889939034209792,0.8542574229180813,best_state,21816,958,25600,0.042035590277777785,0.37291666666666673,0.24583333333333332,0.014404166666666668,0.15986666666666668,2.918293800019285,2.33267306088407,,,,,0.6455367152236169,2343158
ldpc,N96_M48,pSA,search,339,530,,,,2.7251492520985914,4.846045955913944,1.184757884350312,snr,0.7375282712888542,0.0,0.0,0.1530050552885292,7.3883132462184395,piecewise,1.045562847270737,0.8858283961891176,best_state,20608,4932,25600,0.034331597222222225,0.38125000000000003,0.3333333333333333,0.014404166666666668,0.15986666666666668,2.383449040593964,2.3847998331943288,,,,,0.6467606566826182,2794541
ldpc,N96_M48,pSA,search,285,531,,,,2.4446238805417893,2.579776672899588,0.9875256298461291,snr,0.8099185949308332,0.0,0.0,0.3030650365370816,7.89394265995324,cosine,1.5773315617530006,0.8522840529721262,best_state,18531,1005,25600,0.04173177083333333,0.3333333333333333,0.23124999999999998,0.014404166666666668,0.15986666666666668,2.8972013306334965,2.0850708924103416,,,,,0.6504909624873267,2366915
ldpc,N96_M48,pSA,search,638,532,,,,3.7921419821670046,9.172038021312323,1.222749728905561,snr,0.690729194402181,0.0,0.0,0.05666876514768602,8.274260852386574,exponential,1.0739870715308375,0.2503644603339261,best_state,9556,43,9600,0.037934027777777775,0.3416666666666666,0.28125,0.014404166666666668,0.15986666666666668,2.633545463311156,2.1371976647206,,,,,0.6507408116250009,5162322
ldpc,N96_M48,pSA,search,187,533,,,,1.9104397634435077,5.29102200531436,2.082674486160958,snr,0.8523389522124916,0.0,0.0,0.6235682424889365,6.596733299078521,linear,0.6950653162585435,0.8011569262679445,best_state,7007,8028,19200,0.03350694444444444,0.3625,0.3333333333333333,0.014404166666666668,0.15986666666666668,2.3261980522611125,2.2675145954962463,,,,,0.651930711450024,1590853
ldpc,N96_M48,pSA,search,633,534,,,,4.403858903281706,6.575050739430913,1.6819039372368998,snr,0.4761884632365379,0.0,0.0,0.39267033984151567,11.161896968682242,constant,1.724775851564094,0.2830025229766442,best_state,12836,3272,25600,0.03532986111111111,0.3229166666666667,0.2895833333333333,0.014404166666666668,0.15986666666666668,2.4527528685758364,2.019912427022519,,,,,0.6522696768235011,5122727
ldpc,N96_M48,pSA,search,840,535,,,,2.891493532270854,3.1726058045076204,0.9328146842952592,snr,0.6262507079492099,0.0,0.0,0.26467732473983685,10.849730518366655,exponential,0.16599794237964377,0.186868652517038,best_state,20292,1483,25600,0.039887152777777775,0.36041666666666666,0.28750000000000003,0.014404166666666668,0.15986666666666668,2.7691399093626456,2.254482902418682,,,,,0.6550857201917015,6761960
ldpc,N96_M48,pSA,search,248,536,,,,2.312239563175976,3.252975742771676,0.87705937398055,snr,0.8226986676552795,0.0,0.0,0.20839283874443112,10.469164206847267,cosine,1.4387557176305563,0.8995983935880141,best_state,20733,1471,25600,0.039539930555555554,0.33958333333333335,0.2791666666666667,0.014404166666666668,0.15986666666666668,2.745034230064603,2.124165971643036,,,,,0.6591298715109308,2073912
ldpc,N96_M48,pSA,search,131,537,,,,3.640218358316831,5.054637690749878,1.5636046682657723,snr,0.900426402216735,0.0,0.0,0.7014456066163918,1.0236127822955725,cosine,1.2915490389942372,0.8461267731738924,best_state,3582,7385,12800,0.03617621527777778,0.32499999999999996,0.23958333333333334,0.014404166666666668,0.15986666666666668,2.511510461864815,2.032944120100083,,,,,0.6600036758900504,1147389
ldpc,N96_M48,pSA,search,369,538,,,,3.200298917139494,6.932858233996824,0.8330484799982341,snr,0.7552801152592533,0.0,0.0,0.11420666300439736,5.244558630498933,cosine,0.709743531010937,0.01844520043707019,best_state,13614,4769,25600,0.040625,0.37708333333333327,0.29375,0.014404166666666668,0.15986666666666668,2.8203644778709864,2.3587364470391985,,,,,0.661550831835168,3032111
ldpc,N96_M48,pSA,search,371,539,,,,3.21127879652596,5.702749252163623,0.8331069632400983,snr,0.6688541430664122,0.0,0.0,0.09993784550008256,5.542762195135393,cosine,0.7414214245031652,0.03221032889044877,best_state,14155,4968,25600,0.039843750000000004,0.39375,0.31666666666666665,0.014404166666666668,0.15986666666666668,2.766126699450391,2.462989991659716,,,,,0.661934945128567,3047949
ldpc,N96_M48,pSA,search,175,540,,,,2.561247225283728,5.576612010155326,1.586816695925081,snr,0.8819527702883013,0.0,0.0,0.7464685379883148,8.815836775103632,linear,6.999404559139772,0.8337017132987709,best_state,5250,6244,19200,0.03409288194444444,0.3645833333333333,0.3145833333333334,0.014404166666666668,0.15986666666666668,2.366876386076559,2.2805462885738113,,,,,0.6621807510288484,1495825
ldpc,N96_M48,pSA,search,809,541,,,,3.9226503436721134,4.225902310006308,1.2068632419516068,snr,0.8085090406312749,0.0,0.0,0.19900491806518925,0.7232526728953732,exponential,1.0620165384457176,0.4053961140018312,best_state,18923,3975,25600,0.04136284722222222,0.32083333333333336,0.21875,0.014404166666666668,0.15986666666666668,2.8715890463793268,2.006880733944954,,,,,0.6640529785538061,6516471
ldpc,N96_M48,pSA,search,317,542,,,,1.4188421114157694,3.7663514468175663,1.3358033456635448,snr,0.7577842863305836,0.0,0.0,0.22679040308116913,11.770234525736296,exponential,1.1583583495757122,0.8975497049235265,last,19675,714,25600,0.038281249999999996,0.34583333333333327,0.26875,0.014404166666666668,0.15986666666666668,2.657651142609198,2.1632610508757293,,,,,0.6670976482518802,2620323
ldpc,N96_M48,pSA,search,341,543,,,,3.1042390050007134,4.897807973430871,1.1995909252513994,snr,0.7280495811191349,0.0,0.0,0.15451616151604378,9.543936764479687,piecewise,1.0396771443088988,0.8865151621277093,best_state,20583,4920,25600,0.03407118055555556,0.4166666666666667,0.34791666666666665,0.014404166666666668,0.15986666666666668,2.365369781120432,2.6063386155129273,,,,,0.6709329932395813,2810379
ldpc,N96_M48,pSA,search,901,544,,,,3.5443919594340896,5.074415816695193,1.2878591550177834,snr,0.2597148051502741,0.0,0.0,0.22692914326542762,8.572042694319132,piecewise,1.3571640514530923,0.1279692079263685,last,19827,5548,25600,0.04450954861111111,0.3541666666666667,0.29375,0.014404166666666668,0.15986666666666668,3.090046765017838,2.215387823185988,,,,,0.6743697329102781,7245019
ldpc,N96_M48,pSA,search,872,545,,,,2.2755741225646045,4.473704335797749,1.2589140615513745,snr,0.7544643817974855,0.0,0.0,0.18643499173620348,9.23073855662756,exponential,0.28769796730042685,0.19643918034293684,best_state,9565,34,9600,0.03919270833333333,0.34791666666666665,0.26458333333333334,0.014404166666666668,0.15986666666666668,2.7209285507665606,2.176292743953294,,,,,0.6752856989380742,7015368
ldpc,N96_M48,pSA,search,500,546,,,,3.1117458166539094,4.170592123754739,1.3138725070996882,snr,0.7520426782487563,0.0,0.0,0.14393521285943617,10.321110704651545,exponential,1.07998842629019,0.7009551620419612,best_state,9567,33,9600,0.03786892361111111,0.33958333333333335,0.27291666666666664,0.014404166666666668,0.15986666666666668,2.629025648442773,2.124165971643036,,,,,0.6757506106138618,4069500
ldpc,N96_M48,pSA,search,278,547,,,,2.4479102378889745,3.625436927429432,0.9611426924460374,snr,0.8385169953135028,0.0,0.0,0.31798762335400016,8.591111069023034,cosine,1.5155604146396655,0.853001556319237,best_state,18481,997,25600,0.042035590277777785,0.35833333333333334,0.29583333333333334,0.014404166666666668,0.15986666666666668,2.918293800019285,2.2414512093411174,,,,,0.677149531637235,2311482
ldpc,N96_M48,pSA,search,834,548,,,,2.842721121491841,3.312177250964893,0.9251255581961778,snr,0.6265725380729786,0.0,0.0,0.24105671661371839,10.935261740845764,exponential,1.8856809412237532,0.7360771724841824,best_state,20182,1491,25600,0.039778645833333334,0.40208333333333335,0.3,0.014404166666666668,0.15986666666666668,2.761606884582007,2.5151167639699747,,,,,0.6815321070511764,6714446
ldpc,N96_M48,pSA,search,497,549,,,,3.0479907825856905,5.523256684842547,2.289754440363417,snr,0.7521163311938508,0.0,0.0,0.14750803394444395,6.341908234206462,exponential,1.0666330756234623,0.0007457030579703702,best_state,9242,318,9600,0.033680555555555554,0.3854166666666667,0.32708333333333334,0.014404166666666668,0.15986666666666668,2.3382508919101337,2.4108632193494577,,,,,0.6817338710317565,4045743
ldpc,N96_M48,pSA,search,214,550,,,,4.471359984927649,6.492973013392382,1.4968884053264555,llr,0.914744704724593,0.0,0.0,0.644530720840037,7.226298424035722,constant,1.8476385358414684,0.8501217748300257,best_state,5040,9007,25600,0.03643663194444444,0.35000000000000003,0.29375,0.014404166666666668,0.15986666666666668,2.529589721338347,2.189324437030859,,,,,0.6823805873076636,1804666
ldpc,N96_M48,pSA,search,147,551,,,,3.7616052144873207,7.74096323683382,1.1653333947166162,snr,0.9276918388049523,0.0,0.0,0.8788779733351083,6.667258741562471,cosine,9.01894555297412,0.8591131572950005,best_state,8169,7414,19200,0.036914062500000004,0.40208333333333335,0.33749999999999997,0.014404166666666668,0.15986666666666668,2.562735030373156,2.5151167639699747,,,,,0.686121258583103,1274093
ldpc,N96_M48,pSA,search,337,552,,,,3.081583964046469,4.831244357460743,1.185435876771066,snr,0.7452608077316575,0.0,0.0,0.19321565450491188,7.449902659722557,piecewise,1.0216607692741142,0.889271890748806,best_state,18192,4303,25600,0.03543836805555555,0.38125000000000003,0.3416666666666666,0.014404166666666668,0.15986666666666668,2.4602858933564744,2.3847998331943288,,,,,0.6868638730697917,2778703
ldpc,N96_M48,pSA,search,953,553,,,,2.612292528041926,3.6107836899105044,1.7841464803772775,fixed,0.7710089593561077,0.0,0.0,0.12518875797707207,8.269686541985504,linear,1.4402606422645496,0.2885503778161483,best_state,12691,100,12800,0.042144097222222225,0.32708333333333334,0.2708333333333333,0.014404166666666668,0.15986666666666668,2.925826824799923,2.0459758131776478,,,,,0.6886382617776999,7656807
ldpc,N96_M48,pSA,search,286,554,,,,2.47003915673577,3.5832672135950077,0.9568632904851984,snr,0.8409955645598779,0.0,0.0,0.32419196422952884,8.73254477059423,cosine,1.5642393435878288,0.8477244763130551,best_state,21385,985,25600,0.04192708333333334,0.3770833333333334,0.29375,0.014404166666666668,0.15986666666666668,2.9107607752386464,2.3587364470391994,,,,,0.6899188121755915,2374834
ldpc,N96_M48,pSA,search,230,555,,,,2.6831087847228026,4.1019231485193135,0.8322482781538163,snr,0.8219557658213988,0.0,0.0,0.23460348030127415,10.012341646230409,cosine,1.1482478485871845,0.8749745301017231,best_state,18311,5921,25600,0.040538194444444446,0.3666666666666667,0.29375,0.014404166666666668,0.15986666666666668,2.814338058046476,2.293577981651376,,,,,0.6904083856151643,1931370
ldpc,N96_M48,pSA,search,859,556,,,,1.76896855615682,3.318526155355597,1.1059511194643785,snr,0.3535886307772701,0.0,0.0,0.3516245793528868,10.96720737529236,exponential,0.0925631785285677,0.22088614376970042,best_state,18276,1237,25600,0.03802083333333334,0.3854166666666667,0.32083333333333336,0.014404166666666668,0.15986666666666668,2.639571883135667,2.4108632193494577,,,,,0.6912791416790142,6912421
ldpc,N96_M48,pSA,search,386,557,,,,2.9117549063728196,6.2761242796236205,1.2400180647552432,llr,0.7435561319533504,0.0,0.0,0.1441848995446879,8.281456067175599,piecewise,1.0102421137625248,0.3799085587680454,best_state,16014,4163,25600,0.036306423611111104,0.3979166666666667,0.33125,0.014404166666666668,0.15986666666666668,2.5205500916015806,2.489053377814846,,,,,0.6933038039434467,3166734
ldpc,N96_M48,pSA,search,372,558,,,,3.118565476161533,5.799156027494107,0.819687892128815,snr,0.7560516788136318,0.0,0.0,0.10721866129687638,6.545536629096706,cosine,0.7450602870714971,0.018416300291235126,best_state,13731,4997,25600,0.03899739583333334,0.39375,0.3125,0.014404166666666668,0.15986666666666668,2.7073691061614116,2.462989991659716,,,,,0.6947866068095052,3055868
ldpc,N96_M48,pSA,search,365,559,,,,3.1996950423370225,6.019315014343961,0.787512738171826,snr,0.7559269687844538,0.0,0.0,0.10237746423220472,6.2846634727379636,cosine,0.7548059926167272,0.05091096856610556,best_state,14319,4786,25600,0.04127604166666667,0.37083333333333335,0.30833333333333335,0.014404166666666668,0.15986666666666668,2.8655626265548166,2.319641367806505,,,,,0.6957935910215373,3000435
ldpc,N96_M48,pSA,search,209,560,,,,4.2443838091889035,6.413844329922031,1.402666826636599,llr,0.8896672102056206,0.0,0.0,0.6578330050626897,7.218832272624885,constant,1.0650840814915519,0.8486337235337651,best_state,5069,8823,25600,0.03669704861111111,0.3791666666666667,0.31666666666666665,0.014404166666666668,0.15986666666666668,2.547668980811879,2.371768140116764,,,,,0.6964850659123895,1765071
ldpc,N96_M48,pSA,search,344,561,,,,2.68493840001046,4.265139101420087,1.18505665080512,snr,0.8224332579589547,0.0,0.0,0.15716009042364953,7.338681171179619,piecewise,1.0049911381111083,0.886677241203228,best_state,20653,4861,25600,0.03585069444444444,0.40208333333333335,0.3541666666666667,0.014404166666666668,0.15986666666666668,2.4889113875229,2.5151167639699747,,,,,0.6975941054515953,2834136
ldpc,N96_M48,pSA,search,363,562,,,,3.1715397728032717,6.924313803949075,0.8098898173615164,snr,0.7615647617823081,0.0,0.0,0.11449807465760052,5.270416802616463,cosine,0.7779215183752449,0.012277027024328374,best_state,14101,4982,25600,0.04618055555555556,0.4041666666666666,0.33749999999999997,0.014404166666666668,0.15986666666666668,3.206055346639668,2.528148457047539,,,,,0.698689755156651,2984597
ldpc,N96_M48,pSA,search,346,563,,,,2.715433096143251,4.80267882500972,1.2064924637928571,snr,0.7443940610494043,0.0,0.0,0.15814614271249508,9.497783142231743,piecewise,1.0680314550006895,0.8865930072800097,best_state,18657,4246,25600,0.03878038194444445,0.4166666666666667,0.3604166666666666,0.014404166666666668,0.15986666666666668,2.692303056600135,2.6063386155129273,,,,,0.6988382579199304,2849974
ldpc,N96_M48,pSA,search,343,564,,,,2.7165222623300833,4.962928085493479,1.1717578918527485,snr,0.82969274452273,0.0,0.0,0.18443312128942863,7.39181154706432,piecewise,1.0606288201374723,0.8908831049414594,best_state,14793,1478,25600,0.035525173611111106,0.4208333333333332,0.3708333333333333,0.014404166666666668,0.15986666666666668,2.466312313180985,2.632402001668056,,,,,0.6998318358405954,2826217
ldpc,N96_M48,pSA,search,968,565,,,,3.668944828732753,5.33118350447329,1.6024255791230517,snr,0.9651038449891635,0.0,0.0,0.2756607549863921,10.509778154812802,exponential,1.0817763102931184,0.28419347898364794,best_state,19025,3780,25600,0.03702256944444444,0.425,0.33125,0.014404166666666668,0.15986666666666668,2.5702680551537935,2.6584653878231856,,,,,0.7011775051231747,7775592
ldpc,N96_M48,pSA,search,216,566,,,,4.191048282504458,6.5862771562216125,1.4342779647922923,llr,0.916842124664314,0.0,0.0,0.674666553251095,7.103314707472895,constant,1.0716945331575984,0.8465192545226589,best_state,5665,6592,25600,0.0361328125,0.3875,0.3145833333333333,0.014404166666666668,0.15986666666666668,2.50849725195256,2.423894912427022,,,,,0.7013068796434028,1820504
ldpc,N96_M48,pSA,search,478,567,,,,4.828049108571856,4.825958972346549,1.3597294913288225,snr,0.7090683649175331,0.0,0.0,0.14272003366451774,8.559413171432318,cosine,0.9894586871629335,0.5305939239729492,best_state,13441,3942,25600,0.04921875,0.32916666666666666,0.12916666666666668,0.014404166666666668,0.15986666666666668,3.416980040497541,2.0590075062552122,,,,,0.7014680737014551,3895282
ldpc,N96_M48,pSA,search,242,568,,,,2.220413631313108,3.3580040212065536,0.8966995541973282,snr,0.8258169771307569,0.0,0.0,0.21011101628735607,9.37323258600918,cosine,1.4401451297833028,0.882090851084116,last,20300,5138,25600,0.047243923611111106,0.3375000000000001,0.27291666666666664,0.014404166666666668,0.15986666666666668,3.2798789894899234,2.1111342785654714,,,,,0.7051112805234312,2026398
ldpc,N96_M48,pSA,search,620,569,,,,4.03589624134365,10.160047122441723,1.406453481342382,fixed,0.6552571727639039,0.0,0.0,0.03495718376094459,10.330690029874585,exponential,1.4295143286048348,0.21238135375421074,majority,13747,4119,25600,0.036328124999999996,0.41250000000000003,0.36041666666666666,0.014404166666666668,0.15986666666666668,2.5220566965577085,2.580275229357798,,,,,0.7080611242751639,5019780
ldpc,N96_M48,pSA,search,503,570,,,,2.9068122187153276,5.52420186684636,2.133503462853243,snr,0.7509303160174573,0.0,0.0,0.14539817281667844,10.14986725356225,exponential,1.0525748512519593,0.19185149378825933,best_state,9568,32,9600,0.03697916666666667,0.3916666666666666,0.32916666666666666,0.014404166666666668,0.15986666666666668,2.5672548452415387,2.449958298582151,,,,,0.7095982218062417,4093257
ldpc,N96_M48,pSA,search,869,571,,,,2.412880758221674,4.4434704599453765,1.231232812715545,llr,0.7480086629864324,0.0,0.0,0.18398293777251332,9.403900853378314,exponential,0.06849710153744008,0.19471113060192002,best_state,9573,27,9600,0.03630642361111111,0.3833333333333333,0.33125,0.014404166666666668,0.15986666666666668,2.520550091601581,2.3978315262718928,,,,,0.7102030596076969,6991611
ldpc,N96_M48,pSA,search,370,572,,,,3.3501777413310965,5.723442869524522,0.8049359054957004,snr,0.75848751566056,0.0,0.0,0.10236329177919117,5.423927177557257,cosine,0.7571160366075905,0.007075362984425723,best_state,14025,4659,25600,0.04016927083333333,0.3979166666666667,0.32708333333333334,0.014404166666666668,0.15986666666666668,2.7887257737923052,2.489053377814846,,,,,0.7195087695462984,3040030
ldpc,N96_M48,pSA,search,646,573,,,,3.9140731683278935,9.087443003122745,1.2574559245734616,snr,0.6926367210263601,0.0,0.0,0.030263256319986363,8.202442278469153,exponential,1.0690163812084112,0.605068993549648,best_state,9558,41,9600,0.041558159722222224,0.37083333333333335,0.31666666666666665,0.014404166666666668,0.15986666666666668,2.885148490984476,2.319641367806505,,,,,0.7213123446881928,5225674
ldpc,N96_M48,pSA,search,613,574,,,,5.190066520856742,10.40883753966753,1.4055534738778368,fixed,0.6485779193247503,0.0,0.0,0.03617543291958135,10.54496174793434,exponential,1.4099104092391994,0.21016365961450775,majority,11884,2780,25600,0.03734809027777778,0.42083333333333334,0.3541666666666667,0.014404166666666668,0.15986666666666668,2.5928671294957093,2.6324020016680563,,,,,0.7249847563105593,4964347
ldpc,N96_M48,pSA,search,215,575,,,,4.374572222291712,6.054990093852192,1.407773959519325,snr,0.9190742744593448,0.0,0.0,0.6420033626949971,1.034599742832423,constant,4.166527253783948,0.874568618759631,best_state,3440,7288,12800,0.049435763888888894,0.29791666666666666,0.18333333333333332,0.014404166666666668,0.15986666666666668,3.432046090058818,1.8635321100917428,,,,,0.7276519457603615,1812585
ldpc,N96_M48,pSA,search,614,576,,,,5.324736262153304,10.227947203588627,1.4098402611853647,fixed,0.6597981959667752,0.0,0.0,0.03498173570358921,10.457897519844321,exponential,1.390979453742742,0.21179286337168457,majority,11785,3091,25600,0.03715277777777778,0.4166666666666667,0.35625,0.014404166666666668,0.15986666666666668,2.57930768489056,2.6063386155129273,,,,,0.7324173922492854,4972266
ldpc,N96_M48,pSA,search,931,577,,,,2.9145905003058523,2.724566784911962,2.0570288135158936,snr,0.6921382910104574,0.0,0.0,0.14478554953833692,6.75390963400169,exponential,2.1103195806942856,0.6410470996186614,majority,17494,6359,25600,0.05596788194444444,0.3458333333333334,0.08750000000000001,0.014404166666666668,0.15986666666666668,3.8855341818532443,2.1632610508757297,,,,,0.7375380369824944,7482589
ldpc,N96_M48,pSA,search,163,578,,,,3.307762460865239,7.642671955621406,1.2875674760379836,snr,0.9792458046879854,0.0,0.0,0.5176423201447493,11.093974308832331,cosine,1.6048752452593562,0.7931127947062862,best_state,3806,7549,12800,0.03951822916666666,0.42083333333333334,0.38125000000000003,0.014404166666666668,0.15986666666666668,2.743527625108475,2.6324020016680563,,,,,0.7386851465809615,1400797
ldpc,N96_M48,pSA,search,696,579,,,,4.223620655925771,9.41671804985354,1.5768646644018953,llr,0.7045323601406459,0.0,0.0,0.0404149690520268,7.554245760515763,piecewise,1.1206012990473437,0.23066516189962671,last,14012,3644,25600,0.036458333333333336,0.3958333333333333,0.34791666666666665,0.014404166666666668,0.15986666666666668,2.531096326294475,2.4760216847372805,,,,,0.7396233560868627,5621624
ldpc,N96_M48,pSA,search,159,580,,,,3.27586119234391,7.1015414880690555,1.3004927554617816,snr,0.9592160601599921,0.0,0.0,1.003118723844396,1.1678841550007808,cosine,6.392462551867558,0.7913701868156066,best_state,3812,7521,12800,0.037586805555555554,0.4229166666666666,0.3833333333333333,0.014404166666666668,0.15986666666666668,2.609439784013113,2.6454336947456207,,,,,0.7401887518870248,1369121
ldpc,N96_M48,pSA,search,168,581,,,,3.318904124536019,7.299776750567218,1.2861150933559324,snr,0.9654543483551046,0.0,0.0,1.4246154278772531,1.4864018882968528,cosine,6.157480664635432,0.7489037758345736,best_state,3822,7571,12800,0.041384548611111106,0.41041666666666665,0.34375,0.014404166666666668,0.15986666666666668,2.873095651335454,2.567243536280233,,,,,0.7427701159045735,1440392
ldpc,N96_M48,pSA,search,752,582,,,,3.3668591196077937,4.253289739835247,3.843516430658793,snr,0.7302022829130379,0.0,0.0,0.19887262629943936,11.922480611099456,exponential,2.0178154928855,0.5073930397027955,best_state,20487,4881,25600,0.038585069444444446,0.4041666666666666,0.34375,0.014404166666666668,0.15986666666666668,2.678743611994986,2.528148457047539,,,,,0.7445287522494781,6065088
ldpc,N96_M48,pSA,search,875,583,,,,2.34390745422263,4.446056931204122,1.2380901701909515,snr,0.30993603415572163,0.0,0.0,0.18488186538027104,9.315626370541715,exponential,0.06918369520319069,0.16640906050062165,best_state,9564,35,9600,0.04381510416666667,0.38125000000000003,0.33958333333333335,0.014404166666666668,0.15986666666666668,3.041835406421753,2.3847998331943288,,,,,0.7468024356829008,7039125
ldpc,N96_M48,pSA,search,161,584,,,,3.280850475026267,8.019533498574079,1.2939493580544472,snr,0.9699024676221337,0.0,0.0,1.0219988832289504,2.5339163962794937,cosine,1.638081525265291,0.7492297974294256,best_state,3820,7556,12800,0.03767361111111111,0.45,0.39375,0.014404166666666668,0.15986666666666668,2.6154662038376237,2.8148457047539615,,,,,0.7468617530436913,1384959
ldpc,N96_M48,pSA,search,241,585,,,,2.2513984975309467,3.3694370543737184,0.8545815632153165,snr,0.8286176510008374,0.0,0.0,0.2727375355879358,9.429748231817326,cosine,1.4115814854523943,0.8967847216179639,best_state,20244,5195,25600,0.04613715277777777,0.40208333333333335,0.32916666666666666,0.014404166666666668,0.15986666666666668,3.2030421367274124,2.5151167639699747,,,,,0.7473083490267524,2018479
ldpc,N96_M48,pSA,search,166,586,,,,3.316197269633867,7.9638461555142595,1.3277107008611932,snr,0.9738063250555931,0.0,0.0,1.5016932303205262,1.5644845105571372,cosine,1.551583895766134,0.7518383779410718,best_state,3884,7561,12800,0.0388671875,0.4208333333333332,0.39375,0.014404166666666668,0.15986666666666668,2.6983294764246453,2.632402001668056,,,,,0.7489393566677707,1424554
ldpc,N96_M48,pSA,search,318,587,,,,1.4308337144402918,2.411303076867616,0.897521674762682,snr,0.7903028793669542,0.0,0.0,0.20729119144003147,11.591852870079704,exponential,1.1680539391317268,0.8734838214667606,last,24390,813,25600,0.048350694444444446,0.35624999999999996,0.2791666666666667,0.014404166666666668,0.15986666666666668,3.356715842252435,2.2284195162635525,,,,,0.7492871731230157,2628242
ldpc,N96_M48,pSA,search,490,588,,,,3.3349784588217672,6.1190351162171925,3.142389362557969,snr,0.6930295961223885,0.0,0.0,0.17781521425623162,7.8903509704189805,cosine,1.3087905508846347,0.498393960095332,best_state,12594,4444,25600,0.037196180555555555,0.4000000000000001,0.3625,0.014404166666666668,0.15986666666666668,2.5823208948028156,2.5020850708924107,,,,,0.7493397304682157,3990310
ldpc,N96_M48,pSA,search,246,589,,,,2.2398468907888964,3.3426208024541326,0.8879234733157035,snr,0.826050887607894,0.0,0.0,0.28145702300600595,9.36844693643969,cosine,1.4191651690401488,0.8985855340842286,last,20175,5251,25600,0.04991319444444444,0.3666666666666667,0.28541666666666665,0.014404166666666668,0.15986666666666668,3.465191399093626,2.293577981651376,,,,,0.7496234905260539,2058074
ldpc,N96_M48,pSA,search,205,590,,,,4.295696956584564,6.447697415858222,1.4785021178507325,llr,0.9127379726234124,0.0,0.0,0.6480620173486852,1.0282045857626492,cosine,1.8828396492192252,0.849393903620539,best_state,6346,13235,25600,0.038671875,0.41250000000000003,0.3520833333333333,0.014404166666666668,0.15986666666666668,2.6847700318194967,2.580275229357798,,,,,0.7501558899750471,1733395
ldpc,N96_M48,pSA,search,542,591,,,,6.88591439191064,8.83302549791534,1.7212191499002667,snr,0.5737587897319782,0.0,0.0,0.047666909837250214,0.23540769687820007,exponential,1.5178496593025834,0.24936995627852426,best_state,13494,3098,25600,0.045681423611111105,0.35000000000000003,0.3229166666666667,0.014404166666666668,0.15986666666666668,3.1714034326487313,2.189324437030859,,,,,0.7505413070416008,4402098
ldpc,N96_M48,pSA,search,247,592,,,,2.172915515398189,3.357690188183786,0.8681244713022074,snr,0.8290931272545794,0.0,0.0,0.20829812070447173,9.447933895220318,cosine,1.4842323793942396,0.8833155822253305,last,20011,1446,25600,0.05444878472222223,0.3854166666666667,0.30208333333333337,0.014404166666666668,0.15986666666666668,3.7800718349243083,2.4108632193494577,,,,,0.7521906366106106,2065993
ldpc,N96_M48,pSA,search,964,593,,,,3.2673406134849863,6.324296088859662,1.8403370565461672,snr,0.9782744012409407,0.0,0.0,0.24612954697081327,10.477625205750146,exponential,1.0770866889663722,0.2565705269700338,best_state,19124,5966,25600,0.0388671875,0.4333333333333334,0.3729166666666666,0.014404166666666668,0.15986666666666668,2.6983294764246453,2.710592160133445,,,,,0.761288457560377,7743916
ldpc,N96_M48,pSA,search,368,594,,,,3.1749370627589615,5.891586074977138,0.7724887648946794,snr,0.678997738432872,0.0,0.0,0.11429060379779644,5.406657227920946,cosine,0.7856283205529899,0.01615575123630504,best_state,14065,5058,25600,0.046223958333333336,0.4375,0.3791666666666667,0.014404166666666668,0.15986666666666668,3.2090685565519235,2.7366555462885733,,,,,0.7620118682771431,3024192
ldpc,N96_M48,pSA,search,685,595,,,,4.125361412075584,8.195332421588814,1.600503895371296,llr,0.6725196142792715,0.0,0.0,0.041494125999720216,7.555043656906983,piecewise,1.1267888886130673,0.23092453652814937,best_state,14016,2070,25600,0.03726128472222222,0.4479166666666667,0.3833333333333333,0.014404166666666668,0.15986666666666668,2.5868407096711983,2.801814011676397,,,,,0.7623687532273047,5534515
ldpc,N96_M48,pSA,search,810,596,,,,2.755384913047777,3.9587462749215376,1.2001878598098823,snr,0.691040548258637,0.0,0.0,0.19959760302815271,0.707647442788823,exponential,1.0709590474179078,0.4014336158475446,best_state,18881,1281,25600,0.04437934027777777,0.38125000000000003,0.3520833333333333,0.014404166666666668,0.15986666666666668,3.0810071352810713,2.3847998331943288,,,,,0.7627969542155949,6524390
ldpc,N96_M48,pSA,search,623,597,,,,5.622935580086475,10.308713374998746,1.3558937254307684,fixed,0.658856715537245,0.0,0.0,0.034705802498543464,10.620271091037301,exponential,0.38958711162064424,0.22633927486792124,majority,13795,4083,25600,0.03908420138888889,0.425,0.3770833333333334,0.014404166666666668,0.15986666666666668,2.713395525985922,2.6584653878231856,,,,,0.7648093545089784,5043537
ldpc,N96_M48,pSA,search,690,598,,,,4.1593737048564,8.377402791649493,1.5739241920847413,llr,0.704274624308762,0.0,0.0,0.04165683846700033,8.050232762668607,exponential,1.1593017454102832,0.23197500045711006,best_state,14166,3760,25600,0.03927951388888889,0.4291666666666667,0.3770833333333334,0.014404166666666668,0.15986666666666668,2.726954970591071,2.684528773978315,,,,,0.7667934347166132,5574110
ldpc,N96_M48,pSA,search,164,599,,,,3.362185372328341,7.634043362775106,1.2952932808703426,snr,0.9664924637303298,0.0,0.0,0.5080116759081769,1.8084173949280953,cosine,1.5900039477272712,0.787324685974744,best_state,4202,7188,12800,0.040017361111111115,0.4583333333333334,0.3979166666666667,0.014404166666666668,0.15986666666666668,2.778179539099412,2.8669724770642206,,,,,0.7731479554651477,1408716
ldpc,N96_M48,pSA,search,700,600,,,,3.632964175694014,10.719717729756466,1.7748617309652885,snr,0.31894023854375453,0.0,0.0,0.18031242784808857,10.865610332248963,exponential,1.3528894311661757,0.2885578049589928,best_state,12625,3203,25600,0.03947482638888889,0.4416666666666667,0.4229166666666666,0.014404166666666668,0.15986666666666668,2.74051441519622,2.762718932443703,,,,,0.7766212091199943,5653300
ldpc,N96_M48,pSA,search,162,601,,,,3.3560246998009102,7.609536025675755,1.3256672639370612,snr,0.9684601252102754,0.0,0.0,1.030211692079335,1.1723669607916012,cosine,6.030459926515654,0.791237561056229,best_state,3804,7497,12800,0.03808593749999999,0.4437499999999999,0.4145833333333333,0.014404166666666668,0.15986666666666668,2.644091698004049,2.7757506255212667,,,,,0.7769762079222675,1392878
ldpc,N96_M48,pSA,search,688,602,,,,3.558528035977318,8.072138805537273,1.6178762735936667,llr,0.6983478232501785,0.0,0.0,0.040416972514522295,7.732714672997854,piecewise,1.154089446244741,0.23073383317561094,last,12613,3638,25600,0.04097222222222222,0.43124999999999997,0.3833333333333333,0.014404166666666668,0.15986666666666668,2.8444701571690287,2.6975604670558795,,,,,0.7769961172754639,5558272
ldpc,N96_M48,pSA,search,367,603,,,,3.420738975846691,6.877007062523529,0.7736943478588328,snr,0.7545784681865543,0.0,0.0,0.1393540159182953,5.26043733343449,cosine,0.8104203383098203,0.021128411905157483,best_state,13406,4993,25600,0.04750434027777778,0.41041666666666665,0.34375,0.014404166666666668,0.15986666666666668,3.2979582489634556,2.567243536280233,,,,,0.7775798373321939,3016273
ldpc,N96_M48,pSA,search,361,604,,,,3.1215397752853637,6.037499848672226,0.8067481502919583,snr,0.670522429532073,0.0,0.0,0.10016696602948043,5.0638672312369915,cosine,0.7449586599764493,0.01990844314221247,best_state,13975,4784,25600,0.04680989583333334,0.4270833333333333,0.36874999999999997,0.014404166666666668,0.15986666666666668,3.2497468903673705,2.67149708090075,,,,,0.778879634853997,2968759
ldpc,N96_M48,pSA,search,250,605,,,,2.1969494619723813,3.387016791465485,0.8653599267028147,snr,0.8192657574602701,0.0,0.0,0.2803241495209092,9.23810664144489,cosine,1.4642688680830966,0.8824561287052863,last,20205,5260,25600,0.050130208333333336,0.36041666666666666,0.29375,0.014404166666666668,0.15986666666666668,3.480257448654903,2.254482902418682,,,,,0.7793167160551,2089750
ldpc,N96_M48,pSA,search,213,606,,,,4.364431756127289,6.613961401219893,1.431536979834979,snr,0.9153477989967239,0.0,0.0,0.6625762733984395,7.075987642207177,cosine,1.8745730266937504,0.8522783057168034,best_state,6046,8703,25600,0.05034722222222222,0.33749999999999997,0.20416666666666664,0.014404166666666668,0.15986666666666668,3.495323498216179,2.111134278565471,,,,,0.7853562739722186,1796747
ldpc,N96_M48,pSA,search,305,607,,,,1.9069446276438025,2.3356823351520215,0.7493998204130323,snr,0.7664123715463887,0.0,0.0,0.17620374251022758,11.353104224484438,exponential,0.980198934839859,0.5053853281494479,best_state,17430,4874,25600,0.04806857638888889,0.4375,0.37083333333333335,0.014404166666666668,0.15986666666666668,3.3371299778227748,2.7366555462885733,,,,,0.7858396904936628,2525295
ldpc,N96_M48,pSA,search,617,608,,,,5.223829432516074,10.17795925242924,1.3789735223540944,fixed,0.65925005026558,0.0,0.0,0.0358231322963401,10.645996554263162,exponential,1.4080502348195916,0.22316842080901547,majority,13840,4139,25600,0.04112413194444445,0.4395833333333334,0.37916666666666665,0.014404166666666668,0.15986666666666668,2.855016391861923,2.7496872393661382,,,,,0.7959326821282883,4996023
ldpc,N96_M48,pSA,search,252,609,,,,2.3166463990892807,4.594262089438433,0.8400212586631932,snr,0.8350690862358987,0.0,0.0,0.21520398526916398,9.401426483367256,cosine,1.4297631284496954,0.8799265186657321,last,20211,5225,25600,0.05512152777777777,0.3541666666666667,0.3104166666666667,0.014404166666666668,0.15986666666666668,3.826776588564265,2.215387823185988,,,,,0.7966518425678075,2105588
ldpc,N96_M48,pSA,search,692,610,,,,4.089651625505187,8.481002365280096,1.7524892901989446,llr,0.7014612063388134,0.0,0.0,0.10727971134867612,8.937989544061804,piecewise,1.1072068010267473,0.22432430005315337,last,14077,2021,25600,0.039843750000000004,0.4583333333333333,0.39999999999999997,0.014404166666666668,0.15986666666666668,2.766126699450391,2.8669724770642198,,,,,0.7977664673996601,5589948
ldpc,N96_M48,pSA,search,689,611,,,,4.20497605479282,8.49653251504515,1.6034318477198366,llr,0.6989493047838897,0.0,0.0,0.0404571725950178,8.729849125262445,piecewise,1.1179304583788834,0.23512527312441237,last,12636,2280,25600,0.041015625,0.4312500000000001,0.3791666666666667,0.014404166666666668,0.15986666666666668,2.847483367081284,2.69756046705588,,,,,0.7985022932408047,5566191
ldpc,N96_M48,pSA,search,663,612,,,,5.943827167377553,7.30456889198757,1.136198337300037,snr,0.5094185519731259,0.0,0.0,0.17413771143224022,0.5533575002428198,exponential,1.4539832806402098,0.26860074342148565,best_state,14792,3958,25600,0.04448784722222223,0.4312500000000001,0.3666666666666667,0.014404166666666668,0.15986666666666668,3.088540160061711,2.69756046705588,,,,,0.7994083734110802,5360297
ldpc,N96_M48,pSA,search,293,613,,,,2.087265677411648,3.085957413081033,0.7612324216062113,snr,0.8631366770179182,0.0,0.0,0.18590357154783518,8.901760356191561,exponential,1.1584425031385879,0.8289972707833732,best_state,16461,1610,25600,0.05060763888888889,0.4354166666666666,0.35625,0.014404166666666668,0.15986666666666668,3.5134027576897116,2.7236238532110084,,,,,0.8005906781424907,2430267
ldpc,N96_M48,pSA,search,204,614,,,,3.603253615670673,5.3411604512546305,1.6738517970019782,snr,0.9481766681454505,0.0,0.0,0.4472089892955843,6.121221570093206,linear,0.9142911791113889,0.7731005496522968,best_state,8453,7109,19200,0.05104166666666666,0.3583333333333334,0.2625,0.014404166666666668,0.15986666666666668,3.543534856812264,2.241451209341118,,,,,0.8048503091985239,1725476
ldpc,N96_M48,pSA,search,499,615,,,,3.1668648712621863,4.036324640528594,4.830233035636709,snr,0.7481343400137207,0.0,0.0,0.13591589099269272,10.211462335158638,exponential,1.1019880320056736,0.185265548781528,best_state,13996,4072,25600,0.04144965277777778,0.4479166666666667,0.375,0.014404166666666668,0.15986666666666668,2.877615466203838,2.801814011676397,,,,,0.8067089113103119,4061581
ldpc,N96_M48,pSA,search,101,616,,,,2.2798329601572935,3.43407821658166,1.449271648766888,snr,0.9636540192277283,0.0,0.0,0.7944112670023644,0.9765751450464061,cosine,1.0343073558239155,0.8352728132447121,majority,3614,8376,12800,0.036914062500000004,0.5041666666666667,0.46458333333333335,0.014404166666666668,0.15986666666666668,2.562735030373156,3.1536697247706416,,,,,0.8088755999165259,909819
ldpc,N96_M48,pSA,search,160,617,,,,3.386689013105683,7.824159016223009,1.3031534531471767,snr,0.9825603040088348,0.0,0.0,0.5290290283356788,11.460914060856215,cosine,1.5696153366104133,0.7961548289216926,best_state,3798,7574,12800,0.03969184027777778,0.48333333333333334,0.44166666666666665,0.014404166666666668,0.15986666666666668,2.7555804647574966,3.0233527939949956,,,,,0.810732601689125,1377040
ldpc,N96_M48,pSA,search,413,618,,,,2.019817284303559,4.6627488299576765,0.9046765829724213,snr,0.7940086159115198,0.0,0.0,1.7695536628617066,5.63364125984852,constant,0.6923544170142848,0.4226116190096647,best_state,14453,5636,25600,0.045334201388888884,0.4270833333333333,0.40208333333333335,0.014404166666666668,0.15986666666666668,3.147297753350689,2.67149708090075,,,,,0.8150940451539636,3380547
ldpc,N96_M48,pSA,search,502,619,,,,3.0014791612842995,5.476287606050853,1.3165663589893215,snr,0.7525557134977839,0.0,0.0,0.14895630344585375,1.808014620482172,exponential,1.094880700055299,0.2052778847404297,best_state,9561,11,9600,0.048632812500000004,0.4270833333333333,0.3520833333333333,0.014404166666666668,0.15986666666666668,3.3763017066820944,2.67149708090075,,,,,0.8268240071157955,4085338
ldpc,N96_M48,pSA,search,737,620,,,,2.833769381860453,5.140124196083789,1.2609207967987885,snr,0.02978804680067365,0.0,0.0,0.16536004743111435,9.578686151647455,exponential,1.477546269343241,0.21812569108179677,best_state,10816,2672,25600,0.04398871527777778,0.4749999999999999,0.45208333333333334,0.014404166666666668,0.15986666666666668,3.053888246070774,2.9712260216847364,,,,,0.8279284970647146,5946303
ldpc,N96_M48,pSA,search,201,621,,,,1.8412877394573455,5.2931058971371865,1.6823333756868828,snr,0.7879993579214645,0.0,0.0,2.403136234218494,2.4315393609497846,linear,0.5685970472058501,0.7681118663839315,best_state,6975,11336,19200,0.04008246527777778,0.4958333333333333,0.47083333333333327,0.014404166666666668,0.15986666666666668,2.7826993539677947,3.1015429524603833,,,,,0.8284120752455859,1701719
ldpc,N96_M48,pSA,search,811,622,,,,4.001183169056432,4.116537831944258,0.9954757429952944,snr,0.40520623141482015,0.0,0.0,0.20766581736471298,10.35906593714148,exponential,1.0503698926200913,0.3833288069845033,best_state,18687,6704,25600,0.04711371527777777,0.46458333333333335,0.4145833333333333,0.014404166666666668,0.15986666666666668,3.2708393597531575,2.906067556296914,,,,,0.8392917329529507,6532309
ldpc,N96_M48,pSA,search,165,623,,,,3.3911074168089947,7.835959380534701,1.2763552381911951,snr,0.9704171589124565,0.0,0.0,0.4880847498947432,2.9762497724449997,cosine,5.847315775271922,0.7504648960953161,best_state,3820,7525,12800,0.04390190972222222,0.4708333333333334,0.4354166666666666,0.014404166666666668,0.15986666666666668,3.0478618262462636,2.945162635529608,,,,,0.8578088984246564,1416635
ldpc,N96_M48,pSA,search,997,624,,,,2.924138590267865,7.253362886059102,1.722375708605921,llr,0.7729867257789289,0.0,0.0,0.27720816599964254,10.979097643149554,piecewise,0.5761416620479466,0.2833323763838548,best_state,21116,4369,25600,0.043185763888888895,0.4895833333333333,0.4354166666666666,0.014404166666666668,0.15986666666666668,2.998143862694051,3.0624478732276894,,,,,0.8595219188543451,8005243
ldpc,N96_M48,pSA,search,212,625,,,,2.7425296439202858,6.546377309502283,1.4249859723936424,llr,0.9154022901267174,0.0,0.0,0.6432121965754818,1.0315699023979217,cosine,1.8860689583079462,0.8466291810402519,best_state,12201,12465,25600,0.04353298611111111,0.48124999999999996,0.45833333333333326,0.014404166666666668,0.15986666666666668,3.022249541992093,3.0103211009174307,,,,,0.8666984638621416,1788828
ldpc,N96_M48,pSA,search,728,626,,,,1.606135830993208,4.017196877151406,2.9750723380369517,snr,0.21627062617984905,0.0,0.0,0.03383902310718443,6.424528522200206,exponential,1.7786918989697986,0.20326751322546402,best_state,12113,2255,25600,0.042491319444444446,0.5125000000000001,0.4770833333333333,0.014404166666666668,0.15986666666666668,2.9499325040979656,3.2057964970809008,,,,,0.8746661500971796,5875032
ldpc,N96_M48,pSA,search,669,627,,,,5.444812345791169,7.943326706302369,1.1275157659287063,snr,0.1611982869223016,0.0,0.0,0.046687491827255984,11.920326766240164,exponential,1.4969332075039306,0.25660860638453203,best_state,14858,3790,25600,0.045073784722222225,0.4937500000000001,0.4645833333333333,0.014404166666666668,0.15986666666666668,3.1292184938771577,3.0885112593828192,,,,,0.8750213903265814,5407811
ldpc,N96_M48,pSA,search,927,628,,,,3.0355688995712513,2.7935589591825307,2.4786621965118174,snr,0.6886911595140788,0.0,0.0,0.16914636335008812,7.535599322813421,exponential,1.7917661577466582,0.6533419740977657,majority,19208,6135,25600,0.06716579861111112,0.3770833333333334,0.11458333333333333,0.014404166666666668,0.15986666666666668,4.662942339215119,2.3587364470391994,,,,,0.876829935578408,7450913
ldpc,N96_M48,pSA,search,94,629,,,,2.786160094405354,3.1199245323407547,0.9374401073289312,snr,0.86887515833855,0.0,0.0,0.5756676396555815,0.7767872204461915,cosine,0.1054878433154325,0.774818215804975,majority,5390,7248,12800,0.043750000000000004,0.5208333333333334,0.4583333333333333,0.014404166666666668,0.15986666666666668,3.0373155915533703,3.257923269391159,,,,,0.8792827372669307,854386
ldpc,N96_M48,pSA,search,313,630,,,,2.1715481598001647,3.7101869897624264,0.8808806289937366,snr,0.5199110014800441,0.0,0.0,0.1973965473940879,11.654088319213566,exponential,1.171631078351943,0.8991709041591475,last,20762,4746,25600,0.06180555555555556,0.3979166666666667,0.3333333333333333,0.014404166666666668,0.15986666666666668,4.290810915051586,2.489053377814846,,,,,0.8793333393323692,2588647
ldpc,N96_M48,pSA,search,171,631,,,,2.5914547399062733,6.163661536332174,1.033854232640013,snr,0.877492948644446,0.0,0.0,0.7338903512656879,0.8539981422539054,linear,5.3023762937387975,0.837677761689123,best_state,2702,6092,19200,0.045724826388888896,0.4895833333333333,0.4729166666666667,0.014404166666666668,0.15986666666666668,3.174416642560988,3.0624478732276894,,,,,0.8799174227734199,1464149
ldpc,N96_M48,pSA,search,781,632,,,,1.121057904627866,3.175697606582685,1.9146641210369642,fixed,0.6843357143950922,0.0,0.0,0.17911520447868845,7.896810720858409,exponential,1.0477706445180817,0.44384445855796,best_state,17870,3637,25600,0.04327256944444444,0.5145833333333334,0.4895833333333333,0.014404166666666668,0.15986666666666668,3.004170282518561,3.218828190158465,,,,,0.8805088008640828,6294739
ldpc,N96_M48,pSA,search,92,633,,,,2.9961499694892573,3.106558280920377,0.9339093698036063,snr,0.8665384785384355,0.0,0.0,0.6381600645069121,0.800474845387272,cosine,0.10599306966463741,0.7350514392552336,majority,2060,6607,12800,0.05123697916666667,0.49791666666666673,0.39375000000000004,0.014404166666666668,0.15986666666666668,3.557094301417414,3.114574645537948,,,,,0.8973455349797891,838548
ldpc,N96_M48,pSA,search,194,634,,,,1.7957060564893943,5.283585907417389,1.713059475431248,snr,0.7965596667790974,0.0,0.0,0.796547090630086,6.070965951224354,linear,0.5490776915065458,0.7788466890925758,best_state,8500,10388,19200,0.044444444444444446,0.5270833333333332,0.5145833333333334,0.014404166666666668,0.15986666666666668,3.0855269501494553,3.2970183486238525,,,,,0.8977327539043655,1646286
ldpc,N96_M48,pSA,search,173,635,,,,2.508043789407483,6.0357849175777485,1.0815881207044122,snr,0.8758447234974902,0.0,0.0,0.7261154515260949,0.8597516171478504,linear,6.932225681895272,0.8344086944779283,best_state,2673,6274,19200,0.046397569444444446,0.5291666666666667,0.5041666666666667,0.014404166666666668,0.15986666666666668,3.221121396200945,3.3100500417014174,,,,,0.8979734706360593,1479987
ldpc,N96_M48,pSA,search,900,636,,,,1.611164425004739,3.1747610338530436,1.7406247372397192,snr,0.7160590379011653,0.0,0.0,0.2785168716012129,1.461835838039923,exponential,2.6772530086102044,0.20044027057174837,best_state,18764,412,19200,0.04594184027777778,0.5229166666666667,0.5,0.014404166666666668,0.15986666666666668,3.189482692122264,3.270954962468724,,,,,0.8997053312466453,7237100
ldpc,N96_M48,pSA,search,320,637,,,,1.4358377169591408,3.7866682645321843,0.8839562834587787,snr,0.7270086384420531,0.0,0.0,0.12256807530024665,11.462529678907943,exponential,1.1756387979798768,0.892766447157176,last,19690,5577,25600,0.06078559027777777,0.43958333333333327,0.375,0.014404166666666668,0.15986666666666668,4.220000482113585,2.749687239366138,,,,,0.9063999836320324,2644080
ldpc,N96_M48,pSA,search,779,638,,,,3.373531345001182,3.4370227222855645,7.9150764323451845,snr,0.7067757941059093,0.0,0.0,0.2302444267867667,8.729937270737873,exponential,1.138395572040569,0.5444593921599891,best_state,20086,5407,25600,0.05538194444444444,0.4375,0.3395833333333333,0.014404166666666668,0.15986666666666668,3.8448558480377972,2.7366555462885733,,,,,0.917804248888701,6278901
ldpc,N96_M48,pSA,search,485,639,,,,3.866902253219867,6.1168899948969,1.303292371699112,fixed,0.7250507640692272,0.0,0.0,0.18556067613582414,7.874105357658943,cosine,1.342918604629284,0.5763973566739826,best_state,12303,4526,25600,0.05377604166666667,0.47708333333333336,0.40625,0.014404166666666668,0.15986666666666668,3.7333670812843507,2.9842577147623017,,,,,0.927842067161805,3950715
ldpc,N96_M48,pSA,search,200,640,,,,3.567510595358499,4.279471214433579,4.686612413411429,snr,0.8017176221254385,0.0,0.0,0.5424711464843451,6.083052421698665,linear,1.1075993003972138,0.7785914878288002,best_state,6702,10326,19200,0.05629340277777778,0.47500000000000003,0.3645833333333333,0.014404166666666668,0.15986666666666668,3.9081332561951596,2.9712260216847373,,,,,0.930803154640614,1693800
ldpc,N96_M48,pSA,search,309,641,,,,1.9353013829409385,3.3450403560577717,0.6839189312535248,snr,0.8488777897961739,0.0,0.0,0.17033358634511642,11.088710408712652,exponential,0.9447771838561962,0.3847259701678375,best_state,17302,5458,25600,0.059743923611111104,0.5083333333333333,0.4395833333333334,0.014404166666666668,0.15986666666666668,4.1476834442194574,3.179733110925771,,,,,0.9400795302583344,2556971
ldpc,N96_M48,pSA,search,333,642,,,,2.2110989712620257,2.882827022257054,1.341720198368389,fixed,0.6889086402990273,0.0,0.0,0.23441296391727448,10.67488878597292,exponential,0.8131553181590495,0.8401172155535627,last,22407,1222,25600,0.062304687500000004,0.4145833333333333,0.3354166666666667,0.014404166666666668,0.15986666666666668,4.3254628290425226,2.5933069224353624,,,,,0.9453862787301216,2747027
ldpc,N96_M48,pSA,search,195,643,,,,1.84084886696847,5.23659906278233,2.224585698537078,snr,0.8086605184216122,0.0,0.0,2.2503541122724524,2.27899374404003,linear,0.596638239485214,0.7752243948533635,best_state,6867,10833,19200,0.047526041666666664,0.5499999999999999,0.5187499999999999,0.014404166666666668,0.15986666666666668,3.299464853919583,3.4403669724770634,,,,,0.9536094293598614,1654205
ldpc,N96_M48,pSA,search,892,644,,,,3.2249445738740197,3.1446297122953863,1.7933914706970548,snr,0.6614561619694533,0.0,0.0,0.17173037048530035,11.984260677709054,exponential,0.12340917458396493,0.2704502084093435,best_state,18821,342,19200,0.08932291666666668,0.4166666666666667,0.11458333333333333,0.014404166666666668,0.15986666666666668,6.201185999421464,2.6063386155129273,,,,,0.9547362585536696,7173748
ldpc,N96_M48,pSA,search,784,645,,,,3.100242261885255,3.1054130020032034,1.9572294034419935,fixed,0.6752683042420792,0.0,0.0,0.1702883573727594,8.259615370756853,linear,0.899907413865463,0.531217455636644,best_state,17902,3635,25600,0.06981336805555555,0.4375,0.24583333333333332,0.014404166666666668,0.15986666666666668,4.846748143862693,2.7366555462885733,,,,,0.9672133269996063,6318496
ldpc,N96_M48,pSA,search,219,646,,,,2.423407545474396,4.404690370262093,1.2178555469054817,snr,0.8820384218577567,0.0,0.0,0.807214630538676,0.9689279922621515,cosine,3.521985840626678,0.8228331430663793,best_state,24799,641,25600,0.051106770833333336,0.56875,0.5270833333333333,0.014404166666666668,0.15986666666666668,3.548054671680648,3.5576522101751453,,,,,0.9705788272504029,1844261
ldpc,N96_M48,pSA,search,321,647,,,,1.0703357943427754,2.4224984821252917,0.8540893626177504,snr,0.7562503726869371,0.0,0.0,0.20621817779226972,9.618214939239106,exponential,1.1951414441365,0.8936479178229487,last,19708,375,25600,0.067578125,0.4520833333333334,0.3854166666666667,0.014404166666666668,0.15986666666666668,4.691567833381544,2.8278773978315264,,,,,0.9787201540471092,2651999
ldpc,N96_M48,pSA,search,871,648,,,,2.2889812190666854,4.300214892118748,0.711183678240661,snr,0.7546945173382524,0.0,0.0,0.2956089385928686,11.25579559242911,exponential,0.3105625834577217,0.24326275048886958,best_state,19575,1632,25600,0.06690538194444444,0.4979166666666666,0.43958333333333327,0.014404166666666668,0.15986666666666668,4.644863079741587,3.1145746455379477,,,,,0.9827477665675948,7007449
ldpc,N96_M48,pSA,search,798,649,,,,2.252817694475227,5.652821611774436,1.557285087162266,snr,0.7265024336325533,0.0,0.0,2.838596764393503,11.552635022926934,constant,0.5751051531575772,0.4732342192795853,best_state,12603,179,12800,0.05086805555555555,0.5833333333333334,0.5479166666666666,0.014404166666666668,0.15986666666666668,3.531482017163243,3.6488740617180984,,,,,0.987845912293484,6429362
ldpc,N96_M48,pSA,search,867,650,,,,2.162422249694076,4.426038687090369,0.7938273768340154,snr,0.7483252401138074,0.0,0.0,0.19201159815059032,9.460855597854053,exponential,0.18017693097798862,0.24112576037869768,best_state,9567,30,9600,0.06946614583333334,0.4708333333333334,0.42500000000000004,0.014404166666666668,0.15986666666666668,4.822642464564652,2.945162635529608,,,,,0.9893089052635562,6975773
ldpc,N96_M48,pSA,search,203,651,,,,1.8460696184934065,5.3220499496505225,3.608470520452934,snr,0.7975590135781853,0.0,0.0,0.4636642086818919,6.790888352647766,linear,0.6087302544056019,0.7780866571944207,best_state,7295,11463,19200,0.04876302083333334,0.5666666666666668,0.5479166666666667,0.014404166666666668,0.15986666666666668,3.3853413364188603,3.5446205170975813,,,,,0.9976144644399683,1717557
ldpc,N96_M48,pSA,search,351,652,,,,2.9423456012831894,5.6046953857027555,1.0141398128933856,snr,0.7117632437671869,0.0,0.0,0.12400847602879697,0.3642948372877814,cosine,0.8606477643469952,0.6574608764891969,best_state,16136,4663,25600,0.05423177083333333,0.5770833333333333,0.5541666666666667,0.014404166666666668,0.15986666666666668,3.765005785363031,3.6097789824854036,,,,,1.0000462805895696,2889569
ldpc,N96_M48,pSA,search,664,653,,,,5.6918277712929575,7.65621996527322,1.1578478735935531,snr,0.9956641985078784,0.0,0.0,0.037512001750297695,7.514518546133135,exponential,1.5113667595138591,0.2697628959603865,best_state,14868,3915,25600,0.05572916666666667,0.5833333333333334,0.53125,0.014404166666666668,0.15986666666666668,3.8689615273358404,3.6488740617180984,,,,,1.0008862959020255,5368216
ldpc,N96_M48,pSA,search,839,654,,,,2.8265417486522337,2.869261646223221,0.9094431086505185,snr,0.6385594778808448,0.0,0.0,0.2536458977504817,10.99714799050933,exponential,0.09486152463094953,0.48407851170246075,best_state,20441,1402,25600,0.07484809027777777,0.50625,0.40416666666666673,0.014404166666666668,0.15986666666666668,5.196280493684311,3.1667014178482065,,,,,1.00953156595298,6754041
ldpc,N96_M48,pSA,search,310,655,,,,1.9261525185947197,3.256938262982171,0.6886059525467897,snr,0.853391107051686,0.0,0.0,0.22850850786838445,11.274442601313128,cosine,0.9265465066004533,0.8631102507642584,best_state,17390,5480,25600,0.06710069444444444,0.5208333333333334,0.45625000000000004,0.014404166666666668,0.15986666666666668,4.658422524346736,3.257923269391159,,,,,1.0202601089410654,2564890
ldpc,N96_M48,pSA,search,265,656,,,,1.6627642716854076,4.541135563297135,1.2579264291783456,snr,0.7551557754957021,0.0,0.0,0.2541224586943918,10.22691917342739,piecewise,2.00405007090027,0.8818296491681622,last,19217,5863,25600,0.060677083333333326,0.5041666666666667,0.49374999999999997,0.014404166666666668,0.15986666666666668,4.212467457332947,3.1536697247706416,,,,,1.0294670161506594,2208535
ldpc,N96_M48,pSA,search,985,657,,,,3.177192224646282,5.8277264366744665,6.295145295104686,snr,0.6449061840137867,0.0,0.0,0.21447230726747796,8.677659732953268,piecewise,1.3603949419351162,0.2532799777854801,best_state,11459,6685,25600,0.05101996527777778,0.6229166666666667,0.6020833333333333,0.014404166666666668,0.15986666666666668,3.5420282518561375,3.8964762301918263,,,,,1.034201068613761,7910215
ldpc,N96_M48,pSA,search,749,658,,,,4.39725947424451,4.268055800438705,1.1192249732554471,snr,0.7320104316538829,0.0,0.0,0.21037907747496964,11.077882043287671,exponential,2.1796235791067504,0.547614454527204,best_state,19452,1979,25600,0.10134548611111112,0.45625000000000004,0.11458333333333333,0.014404166666666668,0.15986666666666668,7.035845145116189,2.8539407839866553,,,,,1.043405187494771,6041331
ldpc,N96_M48,pSA,search,936,659,,,,2.9187775643000955,2.6458792915220917,1.5696513934987586,snr,0.693727414009475,0.0,0.0,0.1462407264132275,7.410633709917874,exponential,2.0833662920188796,0.6468125222202619,majority,23007,2571,25600,0.10607638888888889,0.47083333333333327,0.12083333333333333,0.014404166666666668,0.15986666666666668,7.36428502555202,2.9451626355296074,,,,,1.0501080659353943,7522184
ldpc,N96_M48,pSA,search,929,660,,,,2.9780605159996876,2.681569407316502,1.6346533547839153,snr,0.6886049538237494,0.0,0.0,0.14908897194983758,7.326632792891878,exponential,1.981321174566448,0.6449830860226475,majority,18165,6698,25600,0.10507812500000001,0.48541666666666666,0.1375,0.014404166666666668,0.15986666666666668,7.294981197570148,3.03638448707256,,,,,1.0747346927076913,7466751
ldpc,N96_M48,pSA,search,335,661,,,,2.2465556348657385,2.922024814326719,1.340081177118517,fixed,0.714387737096051,0.0,0.0,0.2316256499015284,10.757732971391897,exponential,0.2870842400688492,0.2156394348356288,last,22512,2998,25600,0.0749782986111111,0.46458333333333335,0.39375,0.014404166666666668,0.15986666666666668,5.205320123421077,2.906067556296914,,,,,1.0863666979396316,2762865
ldpc,N96_M48,pSA,search,306,662,,,,1.2898802618447018,3.261058309586102,0.7123015196307245,snr,0.8850523894491144,0.0,0.0,0.1753838052524033,11.079616947582808,exponential,0.9522016951768151,0.8668768407904994,best_state,17180,4805,25600,0.06560329861111112,0.6,0.5541666666666667,0.014404166666666668,0.15986666666666668,4.554466782373928,3.753127606338615,,,,,1.0890065609869308,2533214
ldpc,N96_M48,pSA,search,952,663,,,,2.677030613418531,3.4918778318682016,1.153984929833388,fixed,0.7326303981564047,0.0,0.0,0.1307149673826758,8.495899595684843,linear,1.4558468920011811,0.7509792342142452,best_state,18298,6359,25600,0.0648654513888889,0.56875,0.49791666666666673,0.014404166666666668,0.15986666666666668,4.503242213865587,3.5576522101751453,,,,,1.0957340836334168,7648888
ldpc,N96_M48,pSA,search,167,664,,,,3.2990344462232417,7.336504770019647,1.3025037191463487,snr,0.9742760811602935,0.0,0.0,1.5865556605787245,1.6462438173507783,cosine,1.6560299672185352,0.7434553691158929,best_state,4231,7573,12800,0.08079427083333333,0.4854166666666666,0.33958333333333335,0.014404166666666668,0.15986666666666668,5.609090251663291,3.0363844870725596,,,,,1.1107040411995617,1432473
ldpc,N96_M48,pSA,search,746,665,,,,4.338473396203018,4.2767310715909055,1.1082386615218836,snr,0.7032164391784436,0.0,0.0,0.22703876508136564,10.999219830001948,exponential,2.055307673118376,0.5375058774716395,best_state,20426,5062,25600,0.10716145833333335,0.49374999999999997,0.19166666666666665,0.014404166666666668,0.15986666666666668,7.439615273358404,3.0885112593828183,,,,,1.111273564640031,6017574
ldpc,N96_M48,pSA,search,182,666,,,,2.977833824436977,5.383492237892591,6.4602483138927544,snr,0.8516690444504913,0.0,0.0,0.6128035351913514,7.624909508748032,linear,0.7210050007339018,0.8023569763447224,best_state,4523,8017,19200,0.05553385416666667,0.68125,0.6520833333333333,0.014404166666666668,0.15986666666666668,3.855402082730691,4.261363636363636,,,,,1.1155707728436213,1551258
ldpc,N96_M48,pSA,search,838,667,,,,2.8465928656594746,2.8722180196457243,0.9350248104193425,snr,0.640715852700203,0.0,0.0,0.27322061521234103,10.899401990495837,exponential,1.6827659313592467,0.17349728061223332,best_state,18213,1395,25600,0.09112413194444445,0.5333333333333333,0.4208333333333334,0.014404166666666668,0.15986666666666668,6.3262342107800595,3.3361134278565467,,,,,1.131795081160332,6746122
ldpc,N96_M48,pSA,search,95,668,,,,3.2574956131095343,2.9027852329329433,0.8935749616282537,snr,0.8204863703787146,0.0,0.0,0.6381753734455693,0.8015438438059237,cosine,2.1614442284042887,0.7076968082743519,majority,5458,7056,12800,0.0746310763888889,0.6645833333333333,0.4916666666666667,0.014404166666666668,0.15986666666666668,5.181214444123036,4.157110091743118,,,,,1.1426804650786053,862305
ldpc,N96_M48,pSA,search,269,669,,,,1.663859382810887,4.5559895372140895,1.241609495463747,snr,0.7324355846953782,0.0,0.0,0.1446032129593176,10.231035321345356,piecewise,1.3029303897582802,0.8772950575079086,last,19034,5664,25600,0.07000868055555555,0.6041666666666667,0.5729166666666666,0.014404166666666668,0.15986666666666668,4.860307588467842,3.779190992493745,,,,,1.1435668521539,2240211
ldpc,N96_M48,pSA,search,956,670,,,,2.6294375080002577,3.5139971145940043,1.1687263769050495,fixed,0.7694340591138061,0.0,0.0,0.17489399447617204,9.693533062821192,exponential,1.4855651698556689,0.32764799725107785,best_state,18275,6380,25600,0.07076822916666667,0.5875,0.5416666666666666,0.014404166666666668,0.15986666666666668,4.913038761932311,3.6749374478732273,,,,,1.152365174237114,7680564
ldpc,N96_M48,pSA,search,331,671,,,,2.201089952929073,2.855308158676614,1.3583426039523696,fixed,0.6944347084627667,0.0,0.0,0.23763793270011865,10.46240330511714,exponential,1.3057171284217897,0.8403395159535055,last,9573,4,9600,0.0830078125,0.5437500000000001,0.4770833333333333,0.014404166666666668,0.15986666666666668,5.762763957188313,3.4012718932443704,,,,,1.1608305165422341,2731189
ldpc,N96_M48,pSA,search,466,672,,,,4.083652766912851,3.6582129488689548,1.5427139193622652,snr,0.6967472447601963,0.0,0.0,0.16100221785315497,2.9631774253855685,cosine,0.517596519180464,0.2856528915549012,best_state,10978,3333,25600,0.12395833333333334,0.5437500000000001,0.14791666666666667,0.014404166666666668,0.15986666666666668,8.605727509401214,3.4012718932443704,,,,,1.1730879964069685,3800254
ldpc,N96_M48,pSA,search,897,673,,,,2.1788376359229162,1.7839112623159803,1.7883795871389236,snr,0.7143045299957286,0.0,0.0,0.19899449398787974,9.998352627626568,exponential,1.7088336204119157,0.26920280535476215,best_state,19158,6129,25600,0.11017795138888888,0.5166666666666666,0.2791666666666667,0.014404166666666668,0.15986666666666668,7.649033362260147,3.2318598832360292,,,,,1.1742863577292948,7213343
ldpc,N96_M48,pSA,search,998,674,,,,3.0094110269429226,7.374996643349706,1.6890567204389033,snr,0.8000697123926381,0.0,0.0,0.25276923556375314,10.874675774489893,constant,1.1740739269379283,0.2704687717836057,best_state,22725,2842,25600,0.06215277777777778,0.7270833333333333,0.7104166666666667,0.014404166666666668,0.15986666666666668,4.314916594349628,4.548060884070058,,,,,1.1918551822650287,8013162
ldpc,N96_M48,pSA,search,102,675,,,,2.7837506523720212,6.521455385486891,1.3137060821624935,snr,0.9102045321177492,0.0,0.0,0.753952281822737,0.9491522342981318,cosine,3.32931346426763,0.5559796993612072,majority,3544,7736,12800,0.05464409722222222,0.8291666666666666,0.8249999999999998,0.014404166666666668,0.15986666666666668,3.793631279529457,5.186613844870725,,,,,1.209332221792706,917738
ldpc,N96_M48,pSA,search,325,676,,,,2.1967221689406635,2.795483804542154,1.3431489149830973,fixed,0.6995437668833625,0.0,0.0,0.23050952186261833,10.738727235880779,exponential,1.317454782567688,0.8705741339025229,last,9570,29,9600,0.08706597222222223,0.55625,0.4895833333333333,0.014404166666666668,0.15986666666666668,6.044499083984187,3.479462051709758,,,,,1.2168603298340688,2683675
ldpc,N96_M48,pSA,search,908,677,,,,2.9625077346039674,4.645994790531785,1.2974189572211774,snr,0.6611124559850834,0.0,0.0,0.22550929675996714,0.4736501330528752,exponential,0.1465471889793538,0.2995577016742788,majority,19336,6112,25600,0.058984375000000006,0.7958333333333334,0.7916666666666666,0.014404166666666668,0.15986666666666668,4.09495227075499,4.978106755629692,,,,,1.21716044622012,7300452
ldpc,N96_M48,pSA,search,190,678,,,,2.940516202608135,4.135956699726285,1.441796966443795,snr,0.8471823277692846,0.0,0.0,0.5872595161037573,7.407887964263134,linear,0.6663987348282256,0.8031423198232878,best_state,4531,7970,19200,0.13409288194444446,0.4395833333333334,0.15416666666666667,0.014404166666666668,0.15986666666666668,9.309312023912835,2.7496872393661382,,,,,1.2236091609125022,1614610
ldpc,N96_M48,pSA,search,307,679,,,,1.2483611476603156,3.4972553489274896,1.070588841012445,snr,0.7610997774116864,0.0,0.0,0.17092845182130467,9.50239008895681,exponential,0.9383166351016227,0.8702326460831555,best_state,15586,102,25600,0.06803385416666666,0.7479166666666667,0.7208333333333332,0.014404166666666668,0.15986666666666668,4.723206537460225,4.678377814845704,,,,,1.2385983822215443,2541133
ldpc,N96_M48,pSA,search,844,680,,,,2.468274407244662,2.1649495682135487,1.334581252346558,snr,0.7515418229349916,0.0,0.0,0.21161929974959173,9.953481103761652,exponential,0.10742748561179909,0.5951514434460248,best_state,18524,1277,25600,0.12753906250000002,0.56875,0.24791666666666667,0.014404166666666668,0.15986666666666668,8.854317327162281,3.5576522101751453,,,,,1.240146426920428,6793636
ldpc,N96_M48,pSA,search,334,681,,,,2.2062738451434574,2.873669752990228,1.1923874919865902,fixed,0.7328404596384134,0.0,0.0,0.23865683612788147,10.546583241627646,exponential,1.0497539387177155,0.22420450471735728,last,22857,2694,25600,0.09340277777777778,0.5625,0.4916666666666667,0.014404166666666668,0.15986666666666668,6.484427731173464,3.5185571309424515,,,,,1.249429232795852,2754946
ldpc,N96_M48,pSA,search,332,682,,,,2.214054014164157,2.811769138525639,1.3479899008187655,fixed,0.6937679457434929,0.0,0.0,0.23659727739697084,10.56764963321168,exponential,1.2822110829407747,0.8397982544523418,last,9571,17,9600,0.09069010416666667,0.5666666666666668,0.51875,0.014404166666666668,0.15986666666666668,6.296102111657507,3.5446205170975813,,,,,1.2503555531489678,2739108
ldpc,N96_M48,pSA,search,694,683,,,,3.433989909983224,8.391445965603863,5.235814415842537,llr,0.6406761999127613,0.0,0.0,0.10592057643714062,8.999621107725098,piecewise,1.1196973438501014,0.23173232851993872,last,14179,3359,25600,0.06644965277777778,0.7833333333333333,0.7729166666666667,0.014404166666666668,0.15986666666666668,4.613224375662907,4.899916597164303,,,,,1.2743971311613866,5605786
ldpc,N96_M48,pSA,search,465,684,,,,3.9032230874927722,3.611921229135199,1.4286632562625918,snr,0.6773282751103111,0.0,0.0,0.16834889761570657,9.216905390062346,cosine,1.0058631306494472,0.3074161241733516,best_state,11411,3248,25600,0.13936631944444444,0.5875,0.27499999999999997,0.014404166666666668,0.15986666666666668,9.675417028251855,3.6749374478732273,,,,,1.2913879991495885,3792335
ldpc,N96_M48,pSA,search,463,685,,,,3.9598403012098573,3.5353909690643994,1.5026050991516469,snr,0.6495579548333228,0.0,0.0,0.1627110075489779,2.979491347240405,cosine,0.4453889925989946,0.3133141931828898,best_state,11705,3257,25600,0.16972656249999998,0.6291666666666668,0.14375,0.014404166666666668,0.15986666666666668,11.783157361874455,3.9355713094245206,,,,,1.3200939509581966,3776497
ldpc,N96_M48,pSA,search,835,686,,,,2.827475775844526,2.8359573980343855,0.9404794635291485,snr,0.634515113962365,0.0,0.0,0.27495281845523484,11.071076325213944,exponential,0.30057739417457635,0.22526108697449634,best_state,20065,1514,25600,0.12070312500000001,0.5979166666666667,0.49166666666666664,0.014404166666666668,0.15986666666666668,8.379736765982065,3.7400959132610505,,,,,1.3276521576240012,6722365
ldpc,N96_M48,pSA,search,999,687,,,,3.0205897223840608,7.329647100960072,0.541868309804684,llr,0.787951846086632,0.0,0.0,0.26740402997721857,11.014214364845875,constant,0.4880456576075826,0.10941011740825267,best_state,21905,3644,25600,0.07927517361111111,0.7916666666666666,0.7791666666666667,0.014404166666666668,0.15986666666666668,5.503627904734355,4.952043369474561,,,,,1.3327771080031672,8021081
ldpc,N96_M48,pSA,search,954,688,,,,2.640120146516374,3.320988071007175,1.1703878164075276,fixed,0.7712472089503908,0.0,0.0,0.16932429970118307,9.521982293374744,linear,1.4691690636723085,0.7603956310225182,best_state,12709,84,12800,0.10049913194444444,0.6729166666666666,0.6166666666666667,0.014404166666666668,0.15986666666666668,6.97708755182721,4.209236864053377,,,,,1.3608344658691784,7664726
ldpc,N96_M48,pSA,search,995,689,,,,0.5313434900700786,5.872400960202355,1.4776462272283686,snr,0.6455938857189222,0.0,0.0,0.23691952172964106,8.750757867739795,piecewise,1.3573306338639564,0.09999793662691715,best_state,16872,7748,25600,0.06182725694444444,0.9770833333333333,0.9750000000000001,0.014404166666666668,0.15986666666666668,4.292317520007713,6.111864053377814,,,,,1.3617533872329703,7989405
ldpc,N96_M48,pSA,search,506,690,,,,0.8015267616917621,5.370734971795963,1.6193277772617054,snr,0.5382419890743633,0.0,0.0,0.1310300762712811,11.877609414515305,exponential,0.9984522043192641,0.22255992873293948,best_state,13584,3764,25600,0.06380208333333333,0.9645833333333332,0.9645833333333332,0.014404166666666668,0.15986666666666668,4.42941857101533,6.033673894912425,,,,,1.3666473675446742,4117014
ldpc,N96_M48,pSA,search,98,691,,,,2.199482917772223,5.755824426998513,1.6676315999612161,snr,0.3454034728234479,0.0,0.0,0.9434245362432744,1.0269246860673205,cosine,2.529693658414826,0.8362945240491793,majority,2425,7718,12800,0.06508246527777778,0.94375,0.94375,0.014404166666666668,0.15986666666666668,4.518308263426863,5.90335696413678,,,,,1.3684294598448588,886062
ldpc,N96_M48,pSA,search,389,692,,,,2.8346330432029068,8.643046109530301,1.2698327431161567,llr,0.6447012145783808,0.0,0.0,0.14418914089927742,8.164324369575418,piecewise,0.6506362158646835,0.13625503282577087,best_state,16325,4600,25600,0.06497395833333335,0.9458333333333333,0.9458333333333333,0.014404166666666668,0.15986666666666668,4.510775238646225,5.916388657214345,,,,,1.3693700737290933,3190491
ldpc,N96_M48,pSA,search,199,693,,,,0.7388672850961868,5.340122032412182,1.7047447533005062,snr,0.7801022066417931,0.0,0.0,0.46623253284544264,6.063926079090086,linear,0.8869938353623787,0.7761048686960489,best_state,8902,10271,19200,0.06226128472222222,0.9770833333333333,0.9770833333333333,0.014404166666666668,0.15986666666666668,4.322449619130267,6.111864053377814,,,,,1.3716820823341989,1685881
ldpc,N96_M48,pSA,search,210,694,,,,4.291972042241932,6.157780496923393,1.426860515154419,llr,0.9125958759830145,0.0,0.0,0.6426223372189244,7.269836155458334,cosine,1.8096560756103277,0.8516934714229898,best_state,3583,7264,12800,0.14487847222222222,0.6083333333333333,0.34166666666666673,0.014404166666666668,0.15986666666666668,10.058094687108282,3.8052543786488733,,,,,1.3853048946674766,1772990
ldpc,N96_M48,pSA,search,980,695,,,,0.0699494619489208,5.3984618293891184,1.8943899586258408,snr,0.7451543281951936,0.0,0.0,0.0989665922249065,7.752173375939471,exponential,1.7642375225813147,0.8335019221490685,best_state,18438,5882,25600,0.06378038194444445,0.9875000000000002,0.9875000000000002,0.014404166666666668,0.15986666666666668,4.427911966059204,6.1770225187656385,,,,,1.389538441978307,7870620
ldpc,N96_M48,pSA,search,625,696,,,,0.5057372628700371,6.664896690689024,1.6504650551060915,snr,0.49591391063067525,0.0,0.0,0.9538747882863156,11.198436417139884,constant,1.7468098419947062,0.2784237613126482,best_state,12822,3235,25600,0.06499565972222222,0.9812499999999998,0.9812499999999998,0.014404166666666668,0.15986666666666668,4.512281843602352,6.137927439532943,,,,,1.3929386253938938,5059375
ldpc,N96_M48,pSA,search,627,697,,,,0.4650795267034861,6.642897158497693,1.7037530519751432,snr,0.6269314116624897,0.0,0.0,1.1979093835572305,11.178572341785939,constant,1.6723711095224694,0.2821333080644038,best_state,12797,3102,25600,0.06551649305555556,0.9833333333333334,0.9833333333333334,0.014404166666666668,0.15986666666666668,4.5484403625494165,6.150959132610509,,,,,1.396280922472924,5075213
ldpc,N96_M48,pSA,search,787,698,,,,3.1985659032894884,3.320778683898358,0.6337719350531614,snr,0.7834862899334158,0.0,0.0,0.2367205444627463,8.396181635165958,exponential,0.9722489478181069,0.5223411446597926,best_state,17821,3551,25600,0.11618923611111111,0.6958333333333333,0.6416666666666667,0.014404166666666668,0.15986666666666668,8.066362935107511,4.352585487906588,,,,,1.399870451848696,6342253
ldpc,N96_M48,pSA,search,971,699,,,,0.7426285184062784,6.268587595895022,1.6058302377148905,snr,0.705711034281555,0.0,0.0,0.26424863456179504,11.982557686764114,exponential,1.085456817522343,0.4551764238720697,best_state,19200,6262,25600,0.06599392361111112,0.9874999999999999,0.9874999999999999,0.014404166666666668,0.15986666666666668,4.581585671584225,6.177022518765637,,,,,1.400497580104751,7799349
ldpc,N96_M48,pSA,search,774,700,,,,1.7114154763145617,5.880892196273986,1.661340252846721,snr,0.7080036744887308,0.0,0.0,0.2271558943579629,8.671677420082386,exponential,1.1249648602960276,0.5378498138499447,best_state,18690,3780,25600,0.0652126736111111,0.99375,0.99375,0.014404166666666668,0.15986666666666668,4.527347893163629,6.216117597998331,,,,,1.4015459518785813,6239306
ldpc,N96_M48,pSA,search,608,701,,,,0.17171826757259012,8.251319815670758,1.8952151885094384,snr,0.5706636563508398,0.0,0.0,0.03266561529986086,9.009773118434474,exponential,1.1665903648498621,0.23845754719097273,best_state,13376,3519,25600,0.06649305555555556,0.9833333333333334,0.9833333333333334,0.014404166666666668,0.15986666666666668,4.616237585575162,6.150959132610509,,,,,1.401795610496487,4924752
ldpc,N96_M48,pSA,search,1000,702,,,,0.31733810735439444,6.355587027645971,1.5841885277373735,llr,0.8031761094134238,0.0,0.0,0.2703006052173593,10.948023901767083,piecewise,1.1754022989784698,0.053603143848343075,best_state,20856,4705,25600,0.0661892361111111,0.9916666666666666,0.9916666666666666,0.014404166666666668,0.15986666666666668,4.595145116189373,6.2030859049207665,,,,,1.4030387114852776,8029000
ldpc,N96_M48,pSA,search,719,703,,,,0.1003630946357025,4.661345081998628,2.220746911583965,snr,0.6523783233985836,0.0,0.0,0.13792813879417135,11.856541858631935,linear,0.9984962606605187,0.2508423328832248,best_state,11809,2442,25600,0.06671006944444445,0.9812500000000001,0.9812500000000001,0.014404166666666668,0.15986666666666668,4.6313036351364385,6.137927439532944,,,,,1.4034809769082321,5803761
ldpc,N96_M48,pSA,search,979,704,,,,0.22654867722776845,7.154489662441701,1.9679681272041865,snr,0.6417634154590257,0.0,0.0,0.10702543891266124,7.7911782263223115,exponential,2.4053659153448073,0.8456319149571074,best_state,22554,3003,25600,0.06618923611111112,0.9916666666666666,0.9916666666666666,0.014404166666666668,0.15986666666666668,4.595145116189374,6.2030859049207665,,,,,1.4079610309230153,7862701
ldpc,N96_M48,pSA,search,206,705,,,,1.168765172677788,6.485387219050991,1.416519962789451,snr,0.9135748633279364,0.0,0.0,0.6464161880268066,7.255532967679663,constant,4.1370367847212215,0.8488832367738761,best_state,3483,7235,12800,0.06829427083333332,0.9791666666666666,0.9791666666666666,0.014404166666666668,0.15986666666666668,4.741285796933757,6.124895746455379,,,,,1.4084414396394018,1741314
ldpc,N96_M48,pSA,search,516,706,,,,0.8713198620051321,6.833125613888526,1.6047350188369303,snr,0.7171710318549397,0.0,0.0,0.12341361103768209,10.694643994179527,exponential,1.1432371131102859,0.3218250370565367,best_state,13677,4131,25600,0.06712239583333333,0.9979166666666667,0.9979166666666667,0.014404166666666668,0.15986666666666668,4.6599291293028635,6.24218098415346,,,,,1.4103961478272444,4196204
ldpc,N96_M48,pSA,search,632,707,,,,0.4207312643420038,8.865015082397521,1.6616100124562292,snr,0.4916848193251695,0.0,0.0,2.5963234343471377,11.397402932765754,exponential,1.2504249738140434,0.2784370472815367,best_state,12817,3233,25600,0.06688368055555556,0.9916666666666667,0.9916666666666667,0.014404166666666668,0.15986666666666668,4.64335647478546,6.2030859049207665,,,,,1.411085666639508,5114808
ldpc,N96_M48,pSA,search,631,708,,,,0.4285683483200597,6.65665864929704,1.6241275947443454,snr,0.4867828740036845,0.0,0.0,1.1943410821390226,11.319998340784892,exponential,1.6719380960622927,0.2865278147224629,best_state,12916,3116,25600,0.06796875000000001,0.9854166666666666,0.9854166666666666,0.014404166666666668,0.15986666666666668,4.718686722591843,6.163990825688073,,,,,1.4138534732074994,5106889
ldpc,N96_M48,pSA,search,97,709,,,,2.0364659509347502,5.400357541685088,1.3690633250209734,snr,0.9481963804045765,0.0,0.0,0.7733677295958725,0.9777621045052809,cosine,2.1606501914290246,0.847234573740256,majority,3543,7817,12800,0.06983506944444445,0.96875,0.9666666666666668,0.014404166666666668,0.15986666666666668,4.848254748818822,6.059737281067556,,,,,1.4147056343575353,878143
ldpc,N96_M48,pSA,search,198,710,,,,0.7957228091116342,5.328176397927948,1.7079883719519802,snr,0.9456906276384939,0.0,0.0,0.802662533775086,6.275942197920134,linear,0.5169218635839817,0.8254556388714472,best_state,8823,7134,19200,0.06879340277777778,0.9791666666666666,0.9791666666666666,0.014404166666666668,0.15986666666666668,4.775937710924693,6.124895746455379,,,,,1.4154665040459051,1677962
ldpc,N96_M48,pSA,search,734,711,,,,0.5825259495340184,5.201340370412003,1.289400216348807,snr,0.6820986094750316,0.0,0.0,1.544782421385948,11.431767034244068,exponential,1.215694829484892,0.18070826202286572,best_state,19853,4155,25600,0.06968315972222222,0.9874999999999999,0.9874999999999999,0.014404166666666668,0.15986666666666668,4.837708514125928,6.177022518765637,,,,,1.4188495918738373,5922546
ldpc,N96_M48,pSA,search,950,712,,,,2.703532549069807,3.5207566773084324,1.1504137700979993,fixed,0.7342604814566214,0.0,0.0,0.16427453959922939,9.426760907057472,exponential,1.5149552870789482,0.7425643237639624,best_state,12703,90,12800,0.11011284722222221,0.7041666666666666,0.6458333333333334,0.014404166666666668,0.15986666666666668,7.644513547391765,4.404712260216846,,,,,1.4194191529036049,7633050
ldpc,N96_M48,pSA,search,727,713,,,,1.5294219881440454,5.475664960424537,1.4639150163301082,snr,0.712079719021982,0.0,0.0,0.20888543734673937,10.557666274238526,exponential,1.72035317914172,0.20999737054376127,best_state,12027,2986,25600,0.07024739583333334,0.9833333333333334,0.9833333333333334,0.014404166666666668,0.15986666666666668,4.876880242985247,6.150959132610509,,,,,1.422554658804657,5867113
ldpc,N96_M48,pSA,search,107,714,,,,2.3024349673058944,5.53163791185913,0.7445267884051997,snr,0.9543455402965856,0.0,0.0,0.7287439594559016,1.0000977412352825,cosine,2.614519272100572,0.5514102608023583,majority,2529,7425,12800,0.0697482638888889,0.9833333333333334,0.9833333333333334,0.014404166666666668,0.15986666666666668,4.842228328994311,6.150959132610509,,,,,1.4234676103843324,957333
ldpc,N96_M48,pSA,search,515,715,,,,0.8888265227580591,6.639541654616333,1.22861609730923,snr,0.7191872614905018,0.0,0.0,0.12245065123872136,11.93820995098764,exponential,1.215267520054362,0.3182131731771551,best_state,13684,3664,25600,0.06935763888888889,0.9916666666666667,0.9916666666666667,0.014404166666666668,0.15986666666666668,4.815109439784013,6.2030859049207665,,,,,1.4243023586061905,4188285
ldpc,N96_M48,pSA,search,813,716,,,,0.08108963234461188,4.1250963769946685,1.0271714203903126,snr,0.6862553535245219,0.0,0.0,0.19286114509437577,10.490291762855712,exponential,1.0656397470461503,0.5014813707541012,best_state,18514,6697,25600,0.07426215277777777,0.9791666666666666,0.9770833333333334,0.014404166666666668,0.15986666666666668,5.155602159868864,6.124895746455379,,,,,1.4418663858526208,6548147
ldpc,N96_M48,pSA,search,739,717,,,,0.6145819674307889,5.603940094493373,1.2517323638672724,snr,0.686127982585225,0.0,0.0,0.19214621770501303,9.49385690018437,exponential,1.2169288941552558,0.18512387537856334,best_state,19973,1874,25600,0.07322048611111112,0.9833333333333334,0.9833333333333334,0.014404166666666668,0.15986666666666668,5.083285121974738,6.150959132610509,,,,,1.4433621569646804,5962141
ldpc,N96_M48,pSA,search,744,718,,,,0.25412247045252717,5.714740037130988,1.2776631077278284,snr,0.6847455217089701,0.0,0.0,0.1720246036610107,9.63398598991679,exponential,0.418343052246496,0.21430948655947016,best_state,11097,2677,25600,0.0720703125,1.0,1.0,0.014404166666666668,0.15986666666666668,5.003435059299971,6.255212677231025,,,,,1.4471752531578987,6001736
ldpc,N96_M48,pSA,search,172,719,,,,2.5539964869557297,11.828651701662587,1.0720376341867934,snr,0.8778035484384662,0.0,0.0,0.7349859698847975,0.8593593800383736,linear,6.874472406616086,0.8347148623749062,best_state,2664,6126,19200,0.07424045138888889,0.99375,0.99375,0.014404166666666668,0.15986666666666668,5.154095554912737,6.216117597998331,,,,,1.4549729357043306,1472068
ldpc,N96_M48,pSA,search,349,720,,,,0.4204804724629072,5.54768586853588,1.0337514174563829,snr,0.7225240018992873,0.0,0.0,0.14020551444856083,8.690804855359195,cosine,0.8977742763383885,0.8994986090593391,best_state,14908,4614,25600,0.07421875,0.9979166666666667,0.9979166666666667,0.014404166666666668,0.15986666666666668,5.152588949956609,6.24218098415346,,,,,1.455637411858254,2873731
ldpc,N96_M48,pSA,search,104,721,,,,2.3631224824754153,6.728400360275782,1.5230397181163424,snr,0.9775256340424404,0.0,0.0,0.7719249004567303,1.0122481476043932,cosine,2.674427709476142,0.8875063339689522,majority,3591,7737,12800,0.0744140625,0.9895833333333334,0.9895833333333334,0.014404166666666668,0.15986666666666668,5.166148394561759,6.1900542118432025,,,,,1.457102569812821,933576
ldpc,N96_M48,pSA,search,405,722,,,,0.6247604367674947,5.495609478336508,1.0699916600004562,snr,0.7851750711012364,0.0,0.0,0.1177895729729773,6.431475819735444,cosine,0.8026490128873067,0.08147240900553507,best_state,16640,6144,25600,0.07404513888888889,0.9958333333333332,0.9958333333333332,0.014404166666666668,0.15986666666666668,5.140536110307588,6.229149291075895,,,,,1.4573988562767384,3317195
ldpc,N96_M48,pSA,search,99,723,,,,2.1414351413030666,5.476676802301234,0.7626004802001004,snr,0.34023516310062724,0.0,0.0,0.8064481483833748,0.9892443018065952,cosine,2.3760437254159723,0.8438490027139459,majority,3540,7761,12800,0.07432725694444445,0.9916666666666666,0.9895833333333334,0.014404166666666668,0.15986666666666668,5.160121974737248,6.2030859049207665,,,,,1.4575614967335786,893981
ldpc,N96_M48,pSA,search,207,724,,,,4.278161383980054,6.366748334070899,1.4390554218253162,llr,0.9098988550703597,0.0,0.0,0.6704428027872096,8.365173667531934,cosine,1.1142568978453715,0.8467961769472055,best_state,5772,12476,25600,0.18283420138888892,0.63125,0.2854166666666667,0.014404166666666668,0.15986666666666668,12.693146755375569,3.9486030025020846,,,,,1.4611872138651005,1749233
ldpc,N96_M48,pSA,search,303,725,,,,1.2324506685177323,3.633960919867331,1.0815661353346773,snr,0.5871938188805201,0.0,0.0,0.17147741589596271,11.121677908755986,exponential,0.8820114322678971,0.15086789609257512,best_state,17197,156,25600,0.08554687500000001,0.9208333333333334,0.9145833333333333,0.014404166666666668,0.15986666666666668,5.93903673705525,5.760008340283569,,,,,1.4613946373958262,2509457
ldpc,N96_M48,pSA,search,100,726,,,,2.1674820287703445,6.013579041578599,1.3374906507901587,snr,0.943159851151312,0.0,0.0,0.7511604865028517,0.9802523578486525,cosine,6.181282425201157,0.8382436173329022,majority,3645,7382,12800,0.07556423611111111,0.9833333333333334,0.9833333333333334,0.014404166666666668,0.15986666666666668,5.245998457236524,6.150959132610509,,,,,1.4616063509610728,901900
ldpc,N96_M48,pSA,search,680,727,,,,0.13049570590189905,10.538004227961366,1.3269327413917125,snr,0.9492579475158631,0.0,0.0,0.15257473778236194,9.935904325374013,exponential,0.9896026662071936,0.3064060857703604,best_state,13461,4223,25600,0.07517361111111111,0.9979166666666667,0.9979166666666667,0.014404166666666668,0.15986666666666668,5.218879568026226,6.24218098415346,,,,,1.4633016008877742,5494920
ldpc,N96_M48,pSA,search,676,728,,,,0.701317600716283,5.29099306996946,1.2871473850237114,snr,0.9499690681086941,0.0,0.0,0.1540143955662717,9.98883063320014,exponential,1.8924272043523374,0.3081243462003139,best_state,13441,4262,25600,0.07489149305555555,0.9958333333333332,0.9958333333333332,0.014404166666666668,0.15986666666666668,5.199293703596567,6.229149291075895,,,,,1.463501941952347,5463244
ldpc,N96_M48,pSA,search,796,729,,,,2.310486881343152,5.783703415635715,1.5332660499383417,snr,0.7267919637443447,0.0,0.0,1.2462634774969776,11.426031972582877,constant,1.2343419961999649,0.34560340997252104,last,12575,190,12800,0.0857638888888889,0.9229166666666666,0.9187500000000001,0.014404166666666668,0.15986666666666668,5.954102786616527,5.773040033361133,,,,,1.4718862805741006,6413524
ldpc,N96_M48,pSA,search,106,730,,,,2.1833831242094264,6.0891112150469,0.795163801763464,snr,0.9668171669938914,0.0,0.0,0.7586814015193333,1.0436480422411711,cosine,2.7074691063312106,0.5356094164147037,majority,2553,7873,12800,0.07703993055555557,0.9979166666666667,0.9979166666666667,0.014404166666666668,0.15986666666666668,5.348447594253207,6.24218098415346,,,,,1.4762257931706582,949414
ldpc,N96_M48,pSA,search,459,731,,,,4.192526567649326,3.567094700825166,1.5407861747561828,snr,0.6488652632086576,0.0,0.0,0.16337712300635787,3.1547091298670527,cosine,1.0032093964725974,0.35786235350634815,best_state,11533,3424,25600,0.18721788194444444,0.7083333333333334,0.3333333333333333,0.014404166666666668,0.15986666666666668,12.997480956513353,4.430775646371976,,,,,1.4804261288047296,3744821
ldpc,N96_M48,pSA,search,77,732,,,,2.6901844282323624,3.006766865366185,0.5983273277026719,snr,0.7429441916011731,0.0,0.0,0.4584116544809182,0.6337260033140675,cosine,0.06637415668658299,0.5580071683588126,majority,2289,4998,12800,0.08335503472222222,0.975,0.9729166666666668,0.014404166666666668,0.15986666666666668,5.786869636486355,6.098832360300249,,,,,1.4966910488102887,719763
ldpc,N96_M48,pSA,search,920,733,,,,2.392839948255977,3.596606513070928,1.5203058136199419,snr,0.7869540115516281,0.0,0.0,0.15614635370776647,0.30922003695756023,exponential,1.5451135754477385,0.18954531847259398,best_state,17920,6871,25600,0.11540798611111112,0.7875,0.7749999999999999,0.014404166666666668,0.15986666666666668,8.012125156686915,4.925979983319432,,,,,1.5007143462902948,7395480
ldpc,N96_M48,pSA,search,418,734,,,,1.9995060737607913,7.3825880828867,0.8984028328519067,snr,0.7970801430132373,0.0,0.0,0.09938063898053585,6.424691102765544,cosine,0.7177430127428335,0.41782307150246295,best_state,14932,6091,25600,0.08372395833333333,0.99375,0.99375,0.014404166666666668,0.15986666666666668,5.8124819207405265,6.216117597998331,,,,,1.5052699350215202,3420142
ldpc,N96_M48,pSA,search,609,735,,,,4.303720133334112,8.516302701805136,1.9223170947560708,snr,0.670522068882531,0.0,0.0,1.05354199266555,11.23909859385671,exponential,1.1686434152267295,0.30514071242467117,majority,13235,3458,25600,0.25594618055555557,0.6291666666666667,0.09583333333333333,0.014404166666666668,0.15986666666666668,17.768898852569667,3.9355713094245197,,,,,1.509539293065802,4932671
ldpc,N96_M48,pSA,search,410,736,,,,1.9836645356493021,7.953922542289053,0.8554326971540388,snr,0.7454249528953452,0.0,0.0,0.08774049225663334,5.804082520075346,cosine,0.6986869346922113,0.4544159820571812,best_state,14530,5708,25600,0.08498263888888889,0.9979166666666667,0.9979166666666667,0.014404166666666668,0.15986666666666668,5.899865008195931,6.24218098415346,,,,,1.5113497217005796,3356790
ldpc,N96_M48,pSA,search,177,737,,,,2.571062560757379,11.827576352484607,1.6036782070463202,snr,0.997016902541322,0.0,0.0,0.7319616844459952,10.032748843364793,linear,5.070671970999012,0.8446793917050952,best_state,5303,6333,19200,0.08524305555555556,0.9979166666666667,0.9979166666666667,0.014404166666666668,0.15986666666666668,5.917944267669463,6.24218098415346,,,,,1.5215221317893204,1511663
ldpc,N96_M48,pSA,search,791,738,,,,3.2024879059250564,3.266067639209192,1.9730122124125686,snr,0.7831766374291407,0.0,0.0,0.19985258209434473,7.903619282304252,linear,0.15556849248799828,0.5306418168734447,best_state,18163,1392,25600,0.26536458333333335,0.6666666666666666,0.075,0.014404166666666668,0.15986666666666668,18.42276540352907,4.170141784820683,,,,,1.523449494033227,6373929
ldpc,N96_M48,pSA,search,108,739,,,,2.034271515583498,6.595081105576591,1.3943557334686472,snr,0.9422008237376113,0.0,0.0,0.7499855418821478,0.9835326776580355,cosine,1.9287192116627974,0.8416200978644586,majority,3665,7730,12800,0.08543836805555555,1.0,1.0,0.014404166666666668,0.15986666666666668,5.931503712274611,6.255212677231025,,,,,1.5269032281677846,965252
ldpc,N96_M48,pSA,search,105,740,,,,2.23397495990563,7.241010727909025,1.69366426709589,snr,0.9164519685280552,0.0,0.0,0.9123457890917726,0.9967443138851783,cosine,3.9508888505473605,0.8439072132826388,majority,2462,7713,12800,0.08591579861111111,1.0,1.0,0.014404166666666668,0.15986666666666668,5.96464902130942,6.255212677231025,,,,,1.5302766193530823,941495
ldpc,N96_M48,pSA,search,295,741,,,,0.051166599316783995,4.909010738751147,1.0979968243762104,snr,0.8652438083355276,0.0,0.0,0.19182110414870546,8.961116010368205,exponential,1.0568963267770786,0.8348373455147575,best_state,17059,597,25600,0.08780381944444444,0.9979166666666667,0.9979166666666667,0.014404166666666668,0.15986666666666668,6.095723652492527,6.24218098415346,,,,,1.5335322195716958,2446105
ldpc,N96_M48,pSA,search,79,742,,,,0.2893242063974772,2.2045376949381175,0.6619053034308946,snr,0.7408152686559426,0.0,0.0,0.41047490061802694,0.6185172361664737,cosine,0.06933096951853515,0.7101625919967907,majority,3908,4968,12800,0.08845486111111112,1.0,1.0,0.014404166666666668,0.15986666666666668,6.140921801176357,6.255212677231025,,,,,1.5415835396194355,735601
ldpc,N96_M48,pSA,search,81,743,,,,0.11785939419419332,2.0870155729654236,0.8478890013976106,snr,0.17442283623688914,0.0,0.0,0.3196177987093814,0.6958803388307451,cosine,0.06822521191095393,0.5999054375622879,majority,4014,3692,12800,0.08878038194444444,1.0,1.0,0.014404166666666668,0.15986666666666668,6.163520875518271,6.255212677231025,,,,,1.5427714692339212,751439
ldpc,N96_M48,pSA,search,65,744,,,,0.20940527988759744,2.0230250040237507,0.3139738148778853,snr,0.004109124317522139,0.0,0.0,0.3094631659318238,0.8872222565549867,exponential,0.05156445615029602,0.1259366941868394,majority,2922,4044,12800,0.08947482638888889,1.0,1.0,0.014404166666666668,0.15986666666666668,6.211732234114357,6.255212677231025,,,,,1.5465881559732293,624735
ldpc,N96_M48,pSA,search,82,745,,,,0.12152807240590927,2.1028365978674026,0.6096180605743051,snr,0.18113724408544182,0.0,0.0,0.4382104569498014,0.6073290236445759,cosine,0.06805781760475076,0.5983628007623099,majority,2306,10032,12800,0.0896267361111111,1.0,1.0,0.014404166666666668,0.15986666666666668,6.22227846880725,6.255212677231025,,,,,1.5467069479116198,759358
ldpc,N96_M48,pSA,search,68,746,,,,0.19661805656290482,2.1082168712278655,0.3319486120897836,snr,0.004887144173778529,0.0,0.0,0.07791099805672476,0.8008781681971445,exponential,0.05083524683163325,0.596663741141288,majority,2818,3823,12800,0.08953993055555558,1.0,1.0,0.014404166666666668,0.15986666666666668,6.216252048982741,6.255212677231025,,,,,1.5469006005532502,648492
ldpc,N96_M48,pSA,search,23,747,,,,0.2780438896898019,1.8760811116719727,0.24598334372913427,snr,0.013930505160865858,0.0,0.0,0.04225129658740519,0.6834535838636033,piecewise,0.0638771970515598,0.27701361513034906,majority,178,3286,9600,0.08997395833333333,1.0,1.0,0.014404166666666668,0.15986666666666668,6.246384148105292,6.255212677231025,,,,,1.5471114256326612,292137
ldpc,N96_M48,pSA,search,73,748,,,,0.1084590606778715,2.092281439436011,0.6473486393138597,snr,0.8224699897889011,0.0,0.0,0.3628426457051559,0.6605431021663575,cosine,0.06464507205263138,0.6795514030049337,majority,4108,5003,12800,0.09036458333333335,0.9958333333333332,0.9958333333333332,0.014404166666666668,0.15986666666666668,6.273503037315592,6.229149291075895,,,,,1.548269566849301,688087
ldpc,N96_M48,pSA,search,18,749,,,,0.2965530233471835,1.4288793276907725,0.2787042357723107,snr,0.0026520565232793225,0.0,0.0,0.03493575314399893,0.7094960655603105,piecewise,0.05658595282650012,0.3008221847264569,majority,4013,3469,9600,0.0898220486111111,1.0,1.0,0.014404166666666668,0.15986666666666668,6.235837913412398,6.255212677231025,,,,,1.548446304411382,252542
ldpc,N96_M48,pSA,search,75,750,,,,0.10628782857087625,2.1371994641468417,0.5828185478951623,snr,0.7459798447755202,0.0,0.0,0.3788899954883119,0.6600341099487551,exponential,0.06900187219536988,0.6748869856527545,majority,3969,3185,12800,0.08988715277777777,1.0,1.0,0.014404166666666668,0.15986666666666668,6.240357728280782,6.255212677231025,,,,,1.5485663953814153,703925
ldpc,N96_M48,pSA,search,24,751,,,,0.262926599608665,1.749757837703096,0.20224727986765062,snr,0.014594528166429838,0.0,0.0,0.031957612311297776,0.712797443487818,linear,0.06457300285048767,0.2992917386599465,majority,349,3559,9600,0.08980034722222223,1.0,1.0,0.014404166666666668,0.15986666666666668,6.234331308456272,6.255212677231025,,,,,1.5486501438371767,300056
ldpc,N96_M48,pSA,search,84,752,,,,0.2873245002038479,2.1089342384310314,0.6410580922798236,snr,0.09555407785699992,0.0,0.0,0.31176322715889626,0.6067246189058663,cosine,0.06743572571255546,0.6240150501174001,majority,2366,5064,12800,0.09023437499999999,1.0,1.0,0.014404166666666668,0.15986666666666668,6.264463407578825,6.255212677231025,,,,,1.5492140486167498,775196
ldpc,N96_M48,pSA,search,83,753,,,,0.10660504270348024,2.1043437278621666,0.600656989353478,snr,0.7363707728235526,0.0,0.0,0.3387872391010195,0.5995608810263962,cosine,0.06923908735542289,0.6032133337458303,majority,3988,5092,12800,0.0898654513888889,1.0,1.0,0.014404166666666668,0.15986666666666668,6.238851123324656,6.255212677231025,,,,,1.5494487211349441,767277
ldpc,N96_M48,pSA,search,61,754,,,,0.23343493305657778,1.4272777328238326,0.30929549771768283,snr,0.010507643420714825,0.0,0.0,0.18150495737331618,0.6441321172718273,exponential,0.05775763769773235,0.2515984985898917,majority,2979,4104,12800,0.08986545138888889,1.0,1.0,0.014404166666666668,0.15986666666666668,6.238851123324655,6.255212677231025,,,,,1.549633567816377,593059
ldpc,N96_M48,pSA,search,78,755,,,,0.11559117448446443,2.136803913400823,0.6234872056129593,snr,0.1888725298695278,0.0,0.0,0.38805818812097864,0.5865419554286628,cosine,0.06799591478808312,0.5697968459075777,majority,4253,3613,12800,0.08999565972222222,1.0,1.0,0.014404166666666668,0.15986666666666668,6.24789075306142,6.255212677231025,,,,,1.5496780069780094,727682
ldpc,N96_M48,pSA,search,19,756,,,,0.2739187211008386,1.7240390757653417,0.2996169298178701,snr,0.03783266238734667,0.0,0.0,0.03161601077955453,0.8321994934174265,linear,0.050024346031218254,0.29892583070758416,majority,835,3568,9600,0.09012586805555556,1.0,1.0,0.014404166666666668,0.15986666666666668,6.2569303827981875,6.255212677231025,,,,,1.5501753839421988,260461
ldpc,N96_M48,pSA,search,71,757,,,,0.2037525431901381,1.4159202131962803,0.6129147462827158,snr,0.6140504098096922,0.0,0.0,0.07941013568752334,0.9271552052839297,exponential,0.05234354827763589,0.2416735975477799,majority,2958,3990,12800,0.08995225694444446,1.0,1.0,0.014404166666666668,0.15986666666666668,6.244877543149166,6.255212677231025,,,,,1.5504966694810665,672249
ldpc,N96_M48,pSA,search,74,758,,,,0.27584965709686454,2.1235841366550092,0.5835223108518284,snr,0.703414228872539,0.0,0.0,0.4062804787833376,0.6170727569002806,cosine,0.0664408015001693,0.6316164261271917,majority,3928,5099,12800,0.09021267361111111,1.0,1.0,0.014404166666666668,0.15986666666666668,6.262956802622698,6.255212677231025,,,,,1.5507606880991776,696006
ldpc,N96_M48,pSA,search,114,759,,,,1.351641961592514,9.329409898530292,2.8911806988193063,snr,0.3271900670736697,0.0,0.0,1.1107704321122764,1.292963593987117,cosine,2.471683908485866,0.8942669850338294,majority,4343,7106,12800,0.09045138888888889,1.0,1.0,0.014404166666666668,0.15986666666666668,6.279529457140102,6.255212677231025,,,,,1.5510021436916728,1012766
ldpc,N96_M48,pSA,search,109,760,,,,1.57079147994654,9.72051870265559,2.6367477477236645,snr,0.3726246611787671,0.0,0.0,1.1656572734780035,1.2929639909219588,cosine,2.473227203925259,0.8949745411199752,majority,4442,7056,12800,0.09047309027777778,1.0,1.0,0.014404166666666668,0.15986666666666668,6.28103606209623,6.255212677231025,,,,,1.551161935769687,973171
ldpc,N96_M48,pSA,search,116,761,,,,1.5322681054025848,9.611682396866563,2.249219978282372,snr,0.3484431753977545,0.0,0.0,1.1738830146999182,1.2974927772319647,cosine,2.5527346631769428,0.8818996618766649,majority,3331,8371,12800,0.09086371527777777,0.9979166666666667,0.9979166666666667,0.014404166666666668,0.15986666666666668,6.308154951306527,6.24218098415346,,,,,1.551665554939202,1028604
ldpc,N96_M48,pSA,search,70,762,,,,0.21018904238463443,1.4214715485327656,0.31610368442424047,snr,0.6123876803699395,0.0,0.0,0.08071063196838565,0.9037633605546749,exponential,0.05690933172227602,0.2506352419482061,majority,3078,4015,12800,0.09055989583333333,1.0,1.0,0.014404166666666668,0.15986666666666668,6.28706248192074,6.255212677231025,,,,,1.5524631303933885,664330
ldpc,N96_M48,pSA,search,624,763,,,,0.05992830022780004,10.349882534105937,1.369914595101708,snr,0.6417019374373141,0.0,0.0,0.03552159886780108,10.475849264020189,exponential,1.407800445123053,0.21778851891533407,majority,13648,4118,25600,0.0906032986111111,1.0,1.0,0.014404166666666668,0.15986666666666668,6.290075691832995,6.255212677231025,,,,,1.5526729106578352,5051456
ldpc,N96_M48,pSA,search,64,764,,,,0.21044868630622132,1.4527028160346298,0.29657024831416456,snr,0.6440041352105033,0.0,0.0,0.07887740528413724,0.8636891208607305,exponential,0.05073728582984689,0.2514868258342546,majority,3036,3959,12800,0.09064670138888888,1.0,1.0,0.014404166666666668,0.15986666666666668,6.29308890174525,6.255212677231025,,,,,1.5527450343624012,616816
ldpc,N96_M48,pSA,search,113,765,,,,1.3998140365761311,9.065459393457168,2.5760001263739727,snr,0.3438293553949926,0.0,0.0,1.3017370596852107,1.4310692730740318,cosine,2.5293921679669324,0.8707493529235707,majority,1961,8328,12800,0.09084201388888889,1.0,1.0,0.014404166666666668,0.15986666666666668,6.3066483463504,6.255212677231025,,,,,1.5530904379858859,1004847
ldpc,N96_M48,pSA,search,610,766,,,,0.17283357921671044,0.7455740219251762,1.951696778806738,snr,0.5733810016031161,0.0,0.0,0.05039561262032516,9.539796564447364,exponential,1.1555033556308685,0.24681794754403483,majority,13199,3468,25600,0.09103732638888888,1.0,1.0,0.014404166666666668,0.15986666666666668,6.320207790955548,6.255212677231025,,,,,1.5532131443398938,4940590
ldpc,N96_M48,pSA,search,120,767,,,,1.4623837572385994,10.204508434807826,2.7315177059101594,snr,0.37727990240450127,0.0,0.0,1.1349200889938709,1.2833590483891535,cosine,2.551230386187926,0.896661425625476,majority,2066,8388,12800,0.09073350694444444,1.0,1.0,0.014404166666666668,0.15986666666666668,6.2991153215697615,6.255212677231025,,,,,1.5532961475642293,1060280
ldpc,N96_M48,pSA,search,115,768,,,,1.592307964312832,10.028229386162883,2.58369919514352,snr,0.34419648841158856,0.0,0.0,1.0506642128210952,1.118320085317674,cosine,2.6126284011143457,0.8971425346615548,majority,4436,6967,12800,0.09112413194444445,1.0,1.0,0.014404166666666668,0.15986666666666668,6.3262342107800595,6.255212677231025,,,,,1.5539184861252937,1020685
ldpc,N96_M48,pSA,search,96,769,,,,0.08007889337884057,3.011854544164051,0.9356036315055123,snr,0.7934087730829463,0.0,0.0,0.6050065191615591,0.7979790324439936,cosine,0.10503472810267696,0.7822901208152924,majority,5877,6461,12800,0.09118923611111111,1.0,1.0,0.014404166666666668,0.15986666666666668,6.330754025648442,6.255212677231025,,,,,1.5543391146840202,870224
ldpc,N96_M48,pSA,search,112,770,,,,1.475907398375364,8.786526426162375,2.159388949979524,snr,0.9904768241640083,0.0,0.0,1.1943121976588076,1.3122491330402668,cosine,2.3985507662409695,0.8976091797184536,majority,1988,8373,12800,0.09151475694444444,1.0,1.0,0.014404166666666668,0.15986666666666668,6.353353099990358,6.255212677231025,,,,,1.5549903294530063,996928
ldpc,N96_M48,pSA,search,15,771,,,,0.21421788435473307,1.7241429479211619,0.2465999766351432,snr,0.03727040397927395,0.0,0.0,0.05333207380135632,0.49693984522609264,piecewise,0.0531446081134354,0.2925795189311185,majority,178,3422,9600,0.09118923611111111,1.0,1.0,0.014404166666666668,0.15986666666666668,6.330754025648442,6.255212677231025,,,,,1.5554893126274583,228785
ldpc,N96_M48,pSA,search,118,772,,,,1.7070935451240492,9.455133483602452,2.1868376745840505,snr,0.33378882264628085,0.0,0.0,1.1187377714341613,1.2591969958060116,cosine,2.511537862222707,0.8758690653988319,majority,2046,8514,12800,0.09131944444444445,1.0,1.0,0.014404166666666668,0.15986666666666668,6.339793655385209,6.255212677231025,,,,,1.5554921006644924,1044442
ldpc,N96_M48,pSA,search,20,773,,,,0.24515228403854392,1.668825388368291,0.2476786118509369,snr,0.025027798410433566,0.0,0.0,0.03301322436496977,0.7418828112775467,exponential,0.050512530463319834,0.29534774545380327,majority,521,3379,9600,0.09116753472222222,1.0,1.0,0.014404166666666668,0.15986666666666668,6.329247420692314,6.255212677231025,,,,,1.5554960940114015,268380
ldpc,N96_M48,pSA,search,14,774,,,,0.2689322645248484,1.7033268985904324,0.25617908550128377,snr,0.12243364134314211,0.0,0.0,0.03259585442366566,1.0720933633931822,piecewise,1.4847345016538065,0.2674834159874869,majority,905,3542,9600,0.09138454861111112,1.0,1.0,0.014404166666666668,0.15986666666666668,6.344313470253591,6.255212677231025,,,,,1.5556007492188346,220866
ldpc,N96_M48,pSA,search,21,775,,,,0.29743971189897234,2.2140338610905723,0.193995921917723,snr,0.004225469880611898,0.0,0.0,0.036705358583901594,0.7281769074549175,piecewise,0.06668212358794791,0.28984755090382275,majority,990,3473,9600,0.09136284722222222,1.0,1.0,0.014404166666666668,0.15986666666666668,6.342806865297463,6.255212677231025,,,,,1.5556047944635245,276299
ldpc,N96_M48,pSA,search,69,776,,,,0.21405718939563795,1.4181377709913277,0.29855416801502915,snr,0.0015881573242913366,0.0,0.0,0.07723616150898772,0.6483921454304875,exponential,0.05727343370038324,0.25130443056728147,majority,2831,3978,12800,0.09129774305555556,1.0,1.0,0.014404166666666668,0.15986666666666668,6.338287050429081,6.255212677231025,,,,,1.556052461248429,656411
ldpc,N96_M48,pSA,search,72,777,,,,0.22436506031585085,1.4285124481499891,0.3038909571659255,snr,0.0021775213112524812,0.0,0.0,0.07925898004493773,0.8780971571779211,exponential,0.05269518469954331,0.2520026094785625,majority,3068,3921,12800,0.09190538194444443,1.0,1.0,0.014404166666666668,0.15986666666666668,6.380471989200655,6.255212677231025,,,,,1.5562081802088685,680168
ldpc,N96_M48,pSA,search,80,778,,,,0.12312980726863099,2.0901207583750296,0.6142167212481449,snr,0.5466035126266009,0.0,0.0,0.25505826627362865,0.6405570334534572,cosine,0.06905434175717236,0.7258278375790828,majority,3989,4323,12800,0.09136284722222222,1.0,1.0,0.014404166666666668,0.15986666666666668,6.342806865297463,6.255212677231025,,,,,1.5563570612817847,743520
ldpc,N96_M48,pSA,search,62,779,,,,0.19629263011071307,1.4250278059711847,0.31719582169246446,snr,0.003660873524283584,0.0,0.0,0.07722664080087735,0.9074708448958168,exponential,0.05122283456160514,0.24935184728516901,majority,3398,4076,12800,0.09160156250000001,1.0,1.0,0.014404166666666668,0.15986666666666668,6.359379519814869,6.255212677231025,,,,,1.5565004698162759,600978
ldpc,N96_M48,pSA,search,598,780,,,,4.0219573081203555,6.964137929570563,1.5712609365966246,snr,0.5423565140232353,0.0,0.0,0.03978091517818403,0.06836932440462154,exponential,1.2861024151459162,0.26332417300585537,majority,12399,3840,25600,0.091796875,1.0,1.0,0.014404166666666668,0.15986666666666668,6.372938964420017,6.255212677231025,,,,,1.5568878050416686,4845562
ldpc,N96_M48,pSA,search,110,781,,,,1.4938881321501352,9.152703664699558,2.724647777914845,snr,0.3372490933680199,0.0,0.0,1.1288922727761037,1.280094381215559,cosine,2.1991582708835873,0.892430325558189,majority,1958,8530,12800,0.09175347222222223,1.0,1.0,0.014404166666666668,0.15986666666666668,6.369925754507762,6.255212677231025,,,,,1.5573015880165966,981090
ldpc,N96_M48,pSA,search,7,782,,,,0.08445309874079752,0.6823797771246313,0.7744271464974358,snr,0.18960603650897645,0.0,0.0,0.03345621603156146,1.873455047992774,linear,3.2863510458564424,0.3037342458855479,majority,7570,4333,12800,0.09173177083333334,1.0,1.0,0.014404166666666668,0.15986666666666668,6.3684191495516345,6.255212677231025,,,,,1.5577534547299492,165433
ldpc,N96_M48,pSA,search,13,783,,,,0.27341090913789046,1.5737220179726599,0.25210924133605833,snr,0.07183858978413135,0.0,0.0,0.031339790991970304,0.6935864491943459,linear,0.06091509816510039,0.29487854736314073,majority,165,3457,9600,0.09188368055555556,1.0,1.0,0.014404166666666668,0.15986666666666668,6.378965384244528,6.255212677231025,,,,,1.5577535185575404,212947
ldpc,N96_M48,pSA,search,93,784,,,,0.0741020088061764,3.034550599064736,0.9762111314293568,snr,0.835636217503309,0.0,0.0,0.5911557650355712,0.8083540081307007,cosine,0.14736829056786657,0.7986519349833792,majority,2250,9650,12800,0.09225260416666665,1.0,1.0,0.014404166666666668,0.15986666666666668,6.404577668498697,6.255212677231025,,,,,1.5585463569746292,846467
ldpc,N96_M48,pSA,search,76,785,,,,0.1181243460158777,2.0176749437758024,0.5688861736492927,snr,0.5118184498072489,0.0,0.0,0.3245148605917542,0.6222045319192034,cosine,0.0661520738961794,0.6267256036273663,majority,4119,3613,12800,0.09229600694444445,1.0,1.0,0.014404166666666668,0.15986666666666668,6.407590878410954,6.255212677231025,,,,,1.5595058050411539,711844
ldpc,N96_M48,pSA,search,12,786,,,,0.06073075590589446,3.612079008266866,0.7115242784804215,snr,0.9164265794287967,0.0,0.0,0.049670098696994264,3.762067922110287,piecewise,0.08177506737000033,0.06831175649623243,majority,2997,4004,9600,0.09218749999999999,1.0,1.0,0.014404166666666668,0.15986666666666668,6.400057853630314,6.255212677231025,,,,,1.5596195087196922,205028
ldpc,N96_M48,pSA,search,117,787,,,,1.4956946515608782,9.385977486009393,2.429919018497945,snr,0.3878936446170399,0.0,0.0,1.1809307302334027,1.284107043053755,cosine,2.4018399302458575,0.876008875478264,majority,1971,8478,12800,0.09207899305555556,1.0,1.0,0.014404166666666668,0.15986666666666668,6.392524828849677,6.255212677231025,,,,,1.559679050399716,1036523
ldpc,N96_M48,pSA,search,66,788,,,,0.2133873154397281,1.4200320479695498,0.3040977768461696,snr,0.6178474223351023,0.0,0.0,0.1735944916071173,0.9573998869782205,exponential,0.05366891901892206,0.25005082635953085,majority,2865,3919,12800,0.09227430555555556,1.0,1.0,0.014404166666666668,0.15986666666666668,6.406084273454826,6.255212677231025,,,,,1.56037793750852,632654
ldpc,N96_M48,pSA,search,86,789,,,,0.07878216972434468,3.1397068258918313,0.8827176234983667,snr,0.8519863771044416,0.0,0.0,0.5452301261956284,0.8205240858953725,cosine,0.10785494611852367,0.7716700220926933,majority,5695,6344,12800,0.0923611111111111,1.0,1.0,0.014404166666666668,0.15986666666666668,6.4121106932793355,6.255212677231025,,,,,1.561064212145154,791034
ldpc,N96_M48,pSA,search,17,790,,,,0.28370106173254656,1.8028149609356516,0.2532810678586797,snr,0.025368019138751308,0.0,0.0,0.030815215268868674,0.6449524149972312,piecewise,0.06017160333834939,0.3118754559419752,majority,37,3536,9600,0.09257812500000001,1.0,1.0,0.014404166666666668,0.15986666666666668,6.427176742840613,6.255212677231025,,,,,1.561204750799687,244623
ldpc,N96_M48,pSA,search,63,791,,,,0.20317071968903366,1.347196098572315,0.31481967784682235,snr,0.00428419712487231,0.0,0.0,0.07779995105411829,0.894141035173154,exponential,0.05109052126892088,0.256396963676726,majority,2847,4082,12800,0.09316406249999999,1.0,1.0,0.014404166666666668,0.15986666666666668,6.467855076656059,6.255212677231025,,,,,1.5635275476157031,608897
ldpc,N96_M48,pSA,search,169,792,,,,4.450882915023618,5.948784270778835,1.0684548723950689,snr,0.8738017532061416,0.0,0.0,0.734134679979032,9.895990864688859,linear,4.95368452143668,0.8299000048970494,best_state,2790,6149,19200,0.2769314236111111,0.6895833333333333,0.11875000000000001,0.014404166666666668,0.15986666666666668,19.225785845145115,4.3134904086738945,,,,,1.5645195467478907,1448311
ldpc,N96_M48,pSA,search,864,793,,,,1.7934978540568691,3.3365307350151365,1.0790152278737768,snr,0.677837390837862,0.0,0.0,0.23445951686594815,0.4028920328050806,exponential,0.06099010293298882,0.224197224602412,best_state,19603,1138,25600,0.11373697916666668,0.8791666666666668,0.8729166666666667,0.014404166666666668,0.15986666666666668,7.896116575065086,5.4993744787322765,,,,,1.565507837388581,6952016
ldpc,N96_M48,pSA,search,67,794,,,,0.20338325624478715,1.4048020143250206,0.27943268297068796,snr,0.5749615600555855,0.0,0.0,0.07509229686609925,0.7464467244708303,exponential,0.050985849872979314,0.24147364321744028,majority,3350,3958,12800,0.09385850694444443,1.0,1.0,0.014404166666666668,0.15986666666666668,6.516066435252144,6.255212677231025,,,,,1.5657582900070497,640573
ldpc,N96_M48,pSA,search,111,795,,,,1.6030135219515356,9.637325114321785,2.5404848416947576,snr,0.4063517387924119,0.0,0.0,1.1570372385717835,1.2878910826688614,cosine,2.4116892267619456,0.8917446311733598,majority,2035,8364,12800,0.09372829861111111,1.0,1.0,0.014404166666666668,0.15986666666666668,6.507026805515379,6.255212677231025,,,,,1.5663497607493944,989009
ldpc,N96_M48,pSA,search,119,796,,,,1.5488464401619146,9.279389912156136,2.0970306608081746,snr,0.3643398384187697,0.0,0.0,1.2076707499302697,1.3097470711601233,cosine,2.481651647942691,0.8864346018696029,majority,1926,8425,12800,0.09335937500000001,1.0,1.0,0.014404166666666668,0.15986666666666668,6.481414521261209,6.255212677231025,,,,,1.566595225330726,1052361
ldpc,N96_M48,pSA,search,16,797,,,,0.22274871323129827,1.7767112143740196,0.21557859976137725,snr,0.00441460480382036,0.0,0.0,0.033209199481604765,0.735979701224348,exponential,9.852786771662037,0.2962375575512588,majority,448,3207,9600,0.09446614583333333,1.0,1.0,0.014404166666666668,0.15986666666666668,6.55825137402372,6.255212677231025,,,,,1.569993383677574,236704
ldpc,N96_M48,pSA,search,90,798,,,,0.06612381617902711,3.113893703354178,0.9131996301062117,snr,0.8619531752510219,0.0,0.0,0.5770415923032333,0.7676429986971327,cosine,0.1636219646621014,0.7762820289015501,majority,6149,250,12800,0.0949001736111111,1.0,1.0,0.014404166666666668,0.15986666666666668,6.588383473146272,6.255212677231025,,,,,1.5727776303009469,822710
ldpc,N96_M48,pSA,search,180,799,,,,4.3554168733497685,5.744163756515835,1.617257172525667,snr,0.8754273019190242,0.0,0.0,0.7480737424021754,8.896637760529137,linear,5.139559611673531,0.8300462942963728,best_state,2691,6150,19200,0.28489583333333335,0.6916666666666665,0.10833333333333334,0.014404166666666668,0.15986666666666668,19.778709864043968,4.326522101751459,,,,,1.5730829591393272,1535420
ldpc,N96_M48,pSA,search,193,800,,,,3.5778346965535497,5.338606674708971,1.6615691074746117,snr,0.7938183238341839,0.0,0.0,0.5560522089930815,5.868346790972068,linear,0.5537866520866078,0.7743595703869108,best_state,8513,10487,19200,0.29971788194444443,0.69375,0.07083333333333333,0.014404166666666668,0.15986666666666668,20.80772104907916,4.3395537948290235,,,,,1.577100316027483,1638367
ldpc,N96_M48,pSA,search,3,801,,,,0.09030812402512667,2.698343586610521,0.29005820096922863,snr,0.4694595608908444,0.0,0.0,1.842358298981666,11.63894653133042,linear,0.21096044489193067,0.05395191932199036,majority,12274,402,12800,0.09607204861111111,1.0,1.0,0.014404166666666668,0.15986666666666668,6.669740140777167,6.255212677231025,,,,,1.5779128449876154,133757
ldpc,N96_M48,pSA,search,1,802,,,,0.05739683332694806,1.1182003461439873,0.5387556503274215,snr,0.40222002354805153,0.0,0.0,0.05271426981290595,0.08461881999235309,cosine,0.5381196154170732,0.8816532343008693,majority,7420,16890,25600,0.09635416666666667,0.9979166666666667,0.9979166666666667,0.014404166666666668,0.15986666666666668,6.689326005206826,6.24218098415346,,,,,1.5780334339462023,117919
ldpc,N96_M48,pSA,search,622,803,,,,5.071308221107139,10.19833545995843,0.2639327371674548,fixed,0.6548965911075179,0.0,0.0,0.032163483356820295,8.27597771050286,exponential,1.3515210010025456,0.2147935025015946,majority,13822,4116,25600,0.09641927083333333,1.0,1.0,0.014404166666666668,0.15986666666666668,6.693845820075209,6.255212677231025,,,,,1.5798014556599047,5035618
ldpc,N96_M48,pSA,search,88,804,,,,0.06823564146691638,2.9085439069559165,0.9089703547745394,snr,0.8366686479077721,0.0,0.0,0.6065079779340526,0.7962136360336992,cosine,0.10921697997211827,0.7753785577970793,majority,6346,267,12800,0.09661458333333334,1.0,1.0,0.014404166666666668,0.15986666666666668,6.707405264680358,6.255212677231025,,,,,1.5812479768521142,806872
ldpc,N96_M48,pSA,search,621,805,,,,0.3188094381706368,10.564450203094426,1.399205716122883,fixed,0.6576156949277082,0.0,0.0,0.03338204653790267,10.517413638190787,exponential,1.4229073313421337,0.21520286018301873,best_state,13642,3094,25600,0.09685329861111112,1.0,1.0,0.014404166666666668,0.15986666666666668,6.723977919197764,6.255212677231025,,,,,1.582009034424002,5027699
ldpc,N96_M48,pSA,search,89,806,,,,0.06786876405469698,2.787624697928158,1.200564250349651,snr,0.8685254834541852,0.0,0.0,0.5667224202522679,0.7904567613556812,cosine,0.10522298364528342,0.795834932115281,majority,6856,123,12800,0.09947916666666666,1.0,1.0,0.014404166666666668,0.15986666666666668,6.90627711888921,6.255212677231025,,,,,1.593095308154326,814791
ldpc,N96_M48,pSA,search,197,807,,,,3.585186067659163,5.33379158523664,1.6636213193535927,snr,0.7984538032404678,0.0,0.0,0.5443808812941836,5.909719585347028,linear,0.572299596401103,0.7681842876090653,best_state,8229,10553,19200,0.3056857638888889,0.7333333333333334,0.09583333333333333,0.014404166666666668,0.15986666666666668,21.22203741201427,4.587155963302752,,,,,1.6015087011403084,1670043
ldpc,N96_M48,pSA,search,467,808,,,,4.037487517154157,3.5808889505059573,1.4238649529821272,snr,0.671270188884912,0.0,0.0,0.16498266725811245,9.270843161094152,cosine,0.4520024445002723,0.2857472917463897,best_state,12214,3236,25600,0.20284288194444444,0.7645833333333334,0.5395833333333333,0.014404166666666668,0.15986666666666668,14.082236524925271,4.7826313594662215,,,,,1.6270965630903795,3808173
ldpc,N96_M48,pSA,search,85,809,,,,0.06741305320646528,2.8695927529388787,0.9402882946623727,snr,0.8290750948066056,0.0,0.0,0.5791488450176129,0.7956421229359955,cosine,0.176574605931505,0.7738910449198738,majority,5501,31,12800,0.11640624999999999,1.0,1.0,0.014404166666666668,0.15986666666666668,8.081428984668786,6.255212677231025,,,,,1.6605434034139583,783115
ldpc,N96_M48,pSA,search,904,810,,,,1.35134051503695,5.059519158904059,1.298341013587637,snr,0.6691243329295333,0.0,0.0,0.22469510866848133,8.54787707507844,piecewise,1.3591816064730562,0.12613204090786007,last,17024,6247,25600,0.11974826388888889,1.0,1.0,0.014404166666666668,0.15986666666666668,8.313446147912448,6.255212677231025,,,,,1.6725558335268047,7268776
ldpc,N96_M48,pSA,search,831,811,,,,2.8731277895910132,2.6707769763221956,0.9489518124904284,snr,0.6305384708892428,0.0,0.0,0.24824186043152374,11.07812592444756,exponential,0.2527307960798476,0.18718455422539518,best_state,20203,1714,25600,0.27966579861111107,0.8770833333333333,0.30416666666666664,0.014404166666666668,0.15986666666666668,19.4156180696172,5.486342785654712,,,,,1.6782324289768338,6690689
ldpc,N96_M48,pSA,search,911,812,,,,0.9791796971481226,5.008987899918931,1.270696031418035,snr,0.6615538605506245,0.0,0.0,0.232191995168745,8.727717528511164,piecewise,1.3318982866129336,0.22198529572717962,last,19688,5804,25600,0.1212673611111111,1.0,1.0,0.014404166666666668,0.15986666666666668,8.418908494841384,6.255212677231025,,,,,1.6784510906953511,7324209
ldpc,N96_M48,pSA,search,833,813,,,,2.8274509300276476,2.6127421723201327,0.9477678117900574,snr,0.6296187998859203,0.0,0.0,0.28064259094571165,11.02005752939817,exponential,1.798694352019406,0.18640240467148372,best_state,20151,1496,25600,0.2693142361111111,0.8666666666666667,0.3645833333333333,0.014404166666666668,0.15986666666666668,18.696967505544304,5.421184320266889,,,,,1.6894221967125838,6706527
ldpc,N96_M48,pSA,search,44,814,,,,0.15445864393312575,1.1508764053447635,0.42866652534934035,snr,0.0999940483189997,0.0,0.0,0.062219980002199006,1.1242556084878512,constant,0.39897081172441073,0.19011397502202326,majority,9149,2023,25600,0.13463541666666667,1.0,1.0,0.014404166666666668,0.15986666666666668,9.346977147816025,6.255212677231025,,,,,1.7250081857813337,458436
ldpc,N96_M48,pSA,search,46,815,,,,0.1528940692187566,1.2043997189946072,0.4374401841227058,snr,0.13591708632764332,0.0,0.0,0.06067673930516176,1.1837474619215054,constant,0.5155445097303251,0.19539185695483663,majority,9870,1898,25600,0.1378689236111111,1.0,1.0,0.014404166666666668,0.15986666666666668,9.571461286279046,6.255212677231025,,,,,1.7341986682560702,474274
ldpc,N96_M48,pSA,search,47,816,,,,0.9202716823308278,1.0234902931749301,0.4549622688386775,snr,0.1415733076156664,0.0,0.0,0.06337074600268056,1.055157991024275,constant,0.5333620830484342,0.19538131016584814,majority,23146,2337,25600,0.1387369791666667,1.0,1.0,0.014404166666666668,0.15986666666666668,9.631725484524155,6.255212677231025,,,,,1.7380281745953392,482193
ldpc,N96_M48,pSA,search,471,817,,,,3.2428932751953976,4.82911723794365,1.3518001475656627,snr,0.7059725471019039,0.0,0.0,1.2988125284745775,3.636957723082475,cosine,1.1793279138452395,0.36302676118422317,best_state,13311,3845,25600,0.43901909722222227,0.9125,0.027083333333333334,0.014404166666666668,0.15986666666666668,30.478618262462636,5.707881567973311,,,,,1.7455840539319913,3839849
ldpc,N96_M48,pSA,search,324,818,,,,1.0350440928907414,3.9597461868597525,0.8873538246891193,snr,0.786905557804434,0.0,0.0,0.20728883672590478,11.698997961725718,exponential,1.175765031223274,0.8985524246143446,last,19711,312,25600,0.1417751736111111,1.0,1.0,0.014404166666666668,0.15986666666666668,9.842650178382026,6.255212677231025,,,,,1.7463208377148838,2675756
ldpc,N96_M48,pSA,search,315,819,,,,1.0352007296259251,3.752863092948237,0.8949986574543859,snr,0.4838079079255756,0.0,0.0,0.20939467954800373,11.77203803367923,exponential,1.1743204998417762,0.8696436032073227,last,20834,4492,25600,0.14429253472222223,1.0,1.0,0.014404166666666668,0.15986666666666668,10.017416353292836,6.255212677231025,,,,,1.7541113807899045,2604485
ldpc,N96_M48,pSA,search,488,820,,,,3.7745682008485177,2.497652307776331,1.8008556794219304,snr,0.6863731744867118,0.0,0.0,0.18022588645503598,7.786906097555709,cosine,1.33190414731467,0.5746134939343419,best_state,12625,4453,25600,0.21629774305555557,0.8770833333333332,0.6791666666666667,0.014404166666666668,0.15986666666666668,15.016331597724424,5.486342785654711,,,,,1.7571974323778157,3974472
ldpc,N96_M48,pSA,search,530,821,,,,5.503225940654676,11.041738008097868,1.4156848275106042,snr,0.6073283302122227,0.0,0.0,1.0879024354875795,10.938224935318654,exponential,1.6323463178411153,0.21430718166855187,best_state,14349,2811,25600,0.4620876736111111,0.9291666666666666,0.008333333333333333,0.014404166666666668,0.15986666666666668,32.08013933082634,5.812135112593827,,,,,1.7601854474991403,4307070
ldpc,N96_M48,pSA,search,45,822,,,,0.1589751036875921,1.006378604075466,0.4244475969570746,snr,0.14529979718385566,0.0,0.0,0.06353397930999301,1.2089074067962455,constant,0.36975044160477377,0.1918387369547433,majority,10175,2136,25600,0.14739583333333334,1.0,1.0,0.014404166666666668,0.15986666666666668,10.232860862019091,6.255212677231025,,,,,1.763462970762881,466355
ldpc,N96_M48,pSA,search,151,823,,,,3.779293834298419,3.752074613576653,1.503872459045165,snr,0.9259099514242675,0.0,0.0,0.8679805804514952,0.9368566497885176,cosine,7.969024010720334,0.8642440225911543,best_state,13324,5741,19200,0.46883680555555557,0.9479166666666666,0.008333333333333333,0.014404166666666668,0.15986666666666668,32.548693472182045,5.929420350291909,,,,,1.7682958847968868,1305769
ldpc,N96_M48,pSA,search,41,824,,,,0.1453835852337023,1.0215231412716759,0.4668769585397213,snr,0.12065221742890671,0.0,0.0,0.06151066790608339,1.2799858411877758,constant,0.4157746042960512,0.2089532229857099,majority,10983,1839,25600,0.15015190972222223,1.0,1.0,0.014404166666666668,0.15986666666666668,10.424199691447305,6.255212677231025,,,,,1.7719413575063954,434679
ldpc,N96_M48,pSA,search,150,825,,,,3.7857137498658506,3.6381309016031027,1.5303747902300198,snr,0.9283786440828994,0.0,0.0,0.8459623175092919,0.9336031803371098,cosine,8.217143291491034,0.8567298191476886,best_state,4977,9024,19200,0.4702473958333333,0.9708333333333333,0.010416666666666666,0.014404166666666668,0.15986666666666668,32.64662279433034,6.07276897414512,,,,,1.772671561837288,1297850
ldpc,N96_M48,pSA,search,477,826,,,,3.275001340137968,4.810144337975197,1.8493084371433404,snr,0.7068119059282206,0.0,0.0,1.333252557306363,9.153856797576903,cosine,0.9935603220591017,0.24432085943362009,best_state,13365,3936,25600,0.4784071180555556,0.9604166666666667,0.006250000000000001,0.014404166666666668,0.15986666666666668,33.21310625783435,6.007610508757297,,,,,1.7770878082728963,3887363
ldpc,N96_M48,pSA,search,39,827,,,,0.1511330187493006,0.9834620252904097,0.44886388658036136,snr,0.13468438120073456,0.0,0.0,0.06365357411523224,1.4263985643913668,constant,0.4621786173093253,0.16636366066014469,majority,9451,1942,25600,0.151953125,1.0,1.0,0.014404166666666668,0.15986666666666668,10.5492479028059,6.255212677231025,,,,,1.7771329340832713,418841
ldpc,N96_M48,pSA,search,479,828,,,,2.994046308202723,4.723610005885409,1.3787659817208815,snr,0.7102559288026051,0.0,0.0,1.6263736254128707,9.280689689650764,cosine,1.2110418429660612,0.5200435646816629,best_state,13393,3898,25600,0.48216145833333335,0.9708333333333332,0.010416666666666666,0.014404166666666668,0.15986666666666668,33.47374891524443,6.072768974145119,,,,,1.7835646225551385,3903201
ldpc,N96_M48,pSA,search,37,829,,,,0.15767737057568673,1.0428824091907503,0.447922498692981,snr,0.12980666594470752,0.0,0.0,0.05917889603994842,1.2158420381493116,constant,0.43565068061169454,0.17501567845913263,majority,9189,2013,25600,0.1547092013888889,1.0,1.0,0.014404166666666668,0.15986666666666668,10.740586732234116,6.255212677231025,,,,,1.7850719717459256,403003
ldpc,N96_M48,pSA,search,148,830,,,,3.8680603513293588,3.822948486949108,1.1735732035934818,snr,0.9313412496903434,0.0,0.0,0.8610888577390728,1.5101796722242484,cosine,7.872280555740123,0.8652016520319964,best_state,7906,7454,19200,0.48140190972222224,0.9729166666666668,0.014583333333333332,0.014404166666666668,0.15986666666666668,33.42101774177996,6.085800667222686,,,,,1.7850847548331343,1282012
ldpc,N96_M48,pSA,search,154,831,,,,4.018778261736506,3.9037876189898015,1.1670839365832306,snr,0.9344083215908475,0.0,0.0,0.8543772110763899,5.168832731985897,cosine,9.330937478019633,0.8636674402857919,best_state,14655,4495,19200,0.4875217013888889,0.9791666666666666,0.004166666666666667,0.014404166666666668,0.15986666666666668,33.84588033940796,6.124895746455379,,,,,1.7859851158294597,1329526
ldpc,N96_M48,pSA,search,963,832,,,,3.5700181672198736,6.060191076739534,1.5604417945362186,snr,0.9806208804660519,0.0,0.0,1.0612388271046844,11.455077462081231,exponential,1.0837593922245636,0.0684650659340945,best_state,19170,5976,25600,0.48823784722222224,0.9895833333333334,0.004166666666666667,0.014404166666666668,0.15986666666666668,33.895598302960174,6.1900542118432025,,,,,1.7875528329096573,7735997
ldpc,N96_M48,pSA,search,153,833,,,,3.922775809174823,3.564558505384197,1.5225408550604997,snr,0.9300310269046672,0.0,0.0,0.8390036544710427,0.9348056129934365,cosine,8.017472161552968,0.8537447368723575,best_state,13530,5564,19200,0.48980034722222215,0.9854166666666666,0.004166666666666667,0.014404166666666668,0.15986666666666668,34.00407385980136,6.163990825688073,,,,,1.7885801145826192,1321607
ldpc,N96_M48,pSA,search,379,834,,,,7.744195222508604,5.107984033011466,0.9744669497344509,llr,0.723743819768057,0.0,0.0,0.12660346686209983,9.624621685702646,cosine,0.8392773310112964,0.09529814980478125,best_state,15779,4397,25600,0.20377604166666666,0.90625,0.7875,0.014404166666666668,0.15986666666666668,14.14702053803876,5.668786488740617,,,,,1.7887596562985049,3111301
ldpc,N96_M48,pSA,search,87,835,,,,4.011399634957068,3.139662584236276,1.1088997006967143,snr,0.8837465863851437,0.0,0.0,0.5162414401180925,0.8029603743460155,cosine,0.16887128901965087,0.7644995932007432,majority,6588,3738,12800,0.4546657986111111,0.9770833333333334,0.07291666666666667,0.014404166666666668,0.15986666666666668,31.56488043583068,6.111864053377815,,,,,1.7896877278529706,798953
ldpc,N96_M48,pSA,search,146,836,,,,3.8393599517460917,3.603198834719235,1.179840459610017,snr,0.9220099430292318,0.0,0.0,0.885175192213524,4.474571606249045,cosine,8.209016612514127,0.8606310876895464,best_state,7501,7388,19200,0.49136284722222223,0.9895833333333334,0.004166666666666667,0.014404166666666668,0.15986666666666668,34.11254941664256,6.1900542118432025,,,,,1.790315606190944,1266174
ldpc,N96_M48,pSA,search,149,837,,,,3.8904101200738306,3.646930364753502,1.1602981047785486,snr,0.931320502574003,0.0,0.0,0.8596016142009671,4.363768787771538,cosine,7.593999623681001,0.8609082471794116,best_state,4856,7307,19200,0.4949869791666666,0.9895833333333334,0.0020833333333333333,0.014404166666666668,0.15986666666666668,34.36415244431588,6.1900542118432025,,,,,1.7924458408687771,1289931
ldpc,N96_M48,pSA,search,800,838,,,,3.675964915221495,4.371880843221726,1.5657904144827588,snr,0.7279013435863453,0.0,0.0,1.2769757992704935,11.082212720521714,constant,1.2518828937443676,0.34400236406942275,best_state,20053,3736,25600,0.49266493055555555,0.9854166666666666,0.008333333333333333,0.014404166666666668,0.15986666666666668,34.20294571401022,6.163990825688073,,,,,1.7931630193107384,6445200
ldpc,N96_M48,pSA,search,475,839,,,,3.306641640731542,4.832605785070346,1.3689885031856168,snr,0.7167948624181807,0.0,0.0,1.6540056601258764,9.210629794626165,cosine,1.2264733639358603,0.367241161178765,best_state,13224,4137,25600,0.4962673611111111,0.9979166666666667,0.0,0.014404166666666668,0.15986666666666668,34.45304213672741,6.24218098415346,,,,,1.7932875951303773,3871525
ldpc,N96_M48,pSA,search,660,840,,,,4.684804114823097,6.282528120568693,1.4352597584608913,snr,0.6268822974329095,0.0,0.0,2.2525913118573064,11.430976016782731,exponential,1.224476799280859,0.1959743600317633,majority,12130,2843,25600,0.4962239583333334,1.0,0.0,0.014404166666666668,0.15986666666666668,34.45002892681516,6.255212677231025,,,,,1.7934193818448352,5336540
ldpc,N96_M48,pSA,search,135,841,,,,5.115035873713014,4.858664623709986,1.803029980603954,fixed,0.9008934191169028,0.0,0.0,0.6681857900595221,1.1229747351665889,cosine,1.2440564832358179,0.8193931203086144,best_state,3319,6789,12800,0.4967447916666667,0.9958333333333332,0.0,0.014404166666666668,0.15986666666666668,34.48618744576222,6.229149291075895,,,,,1.7935245465084932,1179065
ldpc,N96_M48,pSA,search,486,842,,,,3.372695985026813,2.514737051330428,1.8390304701134317,fixed,0.7266347519794485,0.0,0.0,2.0382422025996334,8.478674280073115,cosine,1.293875993521089,0.5687246379150093,best_state,12024,4532,25600,0.49639756944444446,1.0,0.0,0.014404166666666668,0.15986666666666668,34.46208176646418,6.255212677231025,,,,,1.7935826513272886,3958634
ldpc,N96_M48,pSA,search,152,843,,,,3.9904326506373615,3.5028932996749216,1.1513028865970731,snr,0.931253851093597,0.0,0.0,0.8982273560148861,1.1997220866782317,cosine,8.970757452990341,0.8628143345447473,best_state,4849,8865,19200,0.4968315972222222,0.9979166666666667,0.0,0.014404166666666668,0.15986666666666668,34.49221386558673,6.24218098415346,,,,,1.7937861904537322,1313688
ldpc,N96_M48,pSA,search,472,844,,,,4.857814251352334,4.864729924144149,1.3431393485459469,snr,0.6231398545642005,0.0,0.0,1.3311926045403797,9.25856109455575,cosine,1.1787609205566758,0.2529909340042938,best_state,13208,4264,25600,0.49665798611111106,1.0,0.0,0.014404166666666668,0.15986666666666668,34.480161025937704,6.255212677231025,,,,,1.7938092101347296,3847768
ldpc,N96_M48,pSA,search,155,845,,,,3.9129305045447285,3.762988277851508,1.5134493403476748,snr,0.9288778281616263,0.0,0.0,0.8619276716368381,6.532554475685239,cosine,8.139446949503908,0.859295239444841,best_state,15595,3588,19200,0.49407552083333334,0.9916666666666667,0.006250000000000001,0.014404166666666668,0.15986666666666668,34.300875036158516,6.2030859049207665,,,,,1.7938622708715366,1337445
ldpc,N96_M48,pSA,search,482,846,,,,3.739826524349682,6.082889251185246,1.9304027734244178,snr,0.6900439817639025,0.0,0.0,1.9925478785645168,8.524525217331526,cosine,1.3011885185960128,0.26425431128891685,best_state,12574,4383,25600,0.4968315972222222,1.0,0.0,0.014404166666666668,0.15986666666666668,34.49221386558673,6.255212677231025,,,,,1.793960747647115,3926958
ldpc,N96_M48,pSA,search,170,847,,,,7.467368113911883,6.018392837246715,1.0162135732439996,snr,0.8729841550625181,0.0,0.0,0.9558437406112369,9.373337452339745,linear,5.200471579473354,0.8384629980405403,best_state,5139,6202,19200,0.4969618055555556,1.0,0.0,0.014404166666666668,0.15986666666666668,34.501253495323496,6.255212677231025,,,,,1.794081895885353,1456230
ldpc,N96_M48,pSA,search,202,848,,,,4.858707770417169,4.294437498856816,2.218544308013434,snr,0.7998105126613635,0.0,0.0,0.7810269444828956,6.235069622473207,linear,0.9024338829465803,0.7751826167430294,best_state,7355,11711,19200,0.4983940972222223,1.0,0.0,0.014404166666666668,0.15986666666666668,34.600689422427926,6.255212677231025,,,,,1.7952778121555193,1709638
ldpc,N96_M48,pSA,search,158,849,,,,4.687286667442326,6.938969333029436,1.3130133678416953,snr,0.9681187539180355,0.0,0.0,0.9669522477516546,1.0418740724878648,cosine,1.5986901851573914,0.7492513536971874,best_state,3799,7580,12800,0.4964192708333333,0.9958333333333332,0.004166666666666667,0.014404166666666668,0.15986666666666668,34.4635883714203,6.229149291075895,,,,,1.7953218355190148,1361202
ldpc,N96_M48,pSA,search,653,850,,,,4.654115636310038,6.119591535291006,1.4613861774436185,snr,0.5554865253211075,0.0,0.0,2.2056818924727812,11.349701870878421,exponential,1.2404707636193137,0.1929691456468835,majority,12198,2712,25600,0.4983940972222222,1.0,0.0,0.014404166666666668,0.15986666666666668,34.60068942242792,6.255212677231025,,,,,1.7953267333286682,5281107
ldpc,N96_M48,pSA,search,181,851,,,,3.0371158618561087,0.2267067562426841,1.4608564106842818,snr,0.8547000285337261,0.0,0.0,0.5751040882867775,7.624949101801843,linear,0.6884868075451487,0.8023969555329165,best_state,4247,11363,19200,0.49722222222222223,1.0,0.0020833333333333333,0.014404166666666668,0.15986666666666668,34.51933275479703,6.255212677231025,,,,,1.795336743109118,1543339
ldpc,N96_M48,pSA,search,141,852,,,,5.759684868135393,4.781348203734458,1.8154875906086891,fixed,0.9027280568956518,0.0,0.0,0.6683080222223522,1.1697894630880228,cosine,1.2218927188264608,0.8014016659709813,best_state,3192,8062,12800,0.49848090277777773,1.0,0.0,0.014404166666666668,0.15986666666666668,34.60671584225243,6.255212677231025,,,,,1.7953920323321908,1226579
ldpc,N96_M48,pSA,search,11,853,,,,6.301689725974802,7.734610723967599,0.9549913172993616,llr,0.9965846130505955,0.0,0.0,0.9040337263674842,9.60821662039271,cosine,0.09824420098695043,0.12630821429486808,last,8542,6446,19200,0.4985677083333333,1.0,0.0,0.014404166666666668,0.15986666666666668,34.61274226207694,6.255212677231025,,,,,1.7954828166267018,197109
ldpc,N96_M48,pSA,search,457,854,,,,4.317883776696122,3.628351456179783,1.5761591780240467,snr,0.6744878440891533,0.0,0.0,2.485714061222702,9.097207367441904,cosine,0.4187505085179402,0.3014203672965061,best_state,11915,3343,25600,0.49861111111111106,1.0,0.0,0.014404166666666668,0.15986666666666668,34.615755471989196,6.255212677231025,,,,,1.7955033307962134,3728983
ldpc,N96_M48,pSA,search,145,855,,,,4.0760976666671525,3.791028523302626,1.5097066556461394,snr,0.9301697340207249,0.0,0.0,0.854125590268698,5.012878755168878,cosine,9.501335542907592,0.8600945892864967,best_state,7629,5118,12800,0.4993489583333333,0.9958333333333332,0.0,0.014404166666666668,0.15986666666666668,34.666980040497535,6.229149291075895,,,,,1.795798737040787,1258255
ldpc,N96_M48,pSA,search,709,856,,,,6.3783384739137,4.595143199037267,2.1149469341736977,snr,0.650553235611198,0.0,0.0,1.0899685652427422,11.380195035683485,constant,1.018966920566769,0.249081517087614,best_state,13078,3986,19200,0.49904513888888885,1.0,0.0,0.014404166666666668,0.15986666666666668,34.64588757111175,6.255212677231025,,,,,1.7958986155253853,5724571
ldpc,N96_M48,pSA,search,185,857,,,,3.001683620330422,0.16386262484196956,1.4606829786243127,snr,0.8420915172458213,0.0,0.0,2.8383183567689607,6.959141419028036,linear,0.75550772850333,0.8038443189600339,best_state,4530,8051,19200,0.4991319444444444,1.0,0.0,0.014404166666666668,0.15986666666666668,34.65191399093626,6.255212677231025,,,,,1.7959737184522988,1575015
ldpc,N96_M48,pSA,search,142,858,,,,5.251825451773235,4.762474253716587,1.9111301317005043,snr,0.8966193085095625,0.0,0.0,0.6841150761072323,1.09440302106316,cosine,1.2344265364057696,0.8185716666620235,best_state,3700,6771,12800,0.49956597222222227,0.9979166666666667,0.0,0.014404166666666668,0.15986666666666668,34.68204609005882,6.24218098415346,,,,,1.7961684382958465,1234498
ldpc,N96_M48,pSA,search,143,859,,,,5.471049321577867,4.506950831077055,1.7256489023170851,fixed,0.901771048271857,0.0,0.0,0.66468672953621,1.0957988140979174,cosine,1.2671949212630578,0.8177303349236674,best_state,3199,6799,12800,0.4994357638888889,1.0,0.0,0.014404166666666668,0.15986666666666668,34.67300646032205,6.255212677231025,,,,,1.7962326775220638,1242417
ldpc,N96_M48,pSA,search,671,860,,,,6.121706166619985,11.930314479448182,1.1321269383627053,snr,0.5088484448284729,0.0,0.0,1.7412309568342113,11.340988254759504,exponential,1.4721980976889928,0.26614472965458946,best_state,14879,3935,25600,0.49952256944444445,1.0,0.0,0.014404166666666668,0.15986666666666668,34.67903288014656,6.255212677231025,,,,,1.7962926301678912,5423649
ldpc,N96_M48,pSA,search,679,861,,,,5.0417845467894935,0.19353750875930925,1.3269769279477805,snr,0.5535238791204212,0.0,0.0,1.4012598822996887,10.978843165153853,exponential,1.8897823933573341,0.306499771974759,best_state,13397,4257,25600,0.49956597222222227,1.0,0.0,0.014404166666666668,0.15986666666666668,34.68204609005882,6.255212677231025,,,,,1.7963437706565062,5487001
ldpc,N96_M48,pSA,search,144,862,,,,5.703656985236775,4.7530771475045555,1.8678425373161767,fixed,0.9023342192360895,0.0,0.0,0.6609545103667887,1.0912597205372419,cosine,1.3164721527822372,0.8149226431633764,best_state,3228,6807,12800,0.49973958333333335,1.0,0.0,0.014404166666666668,0.15986666666666668,34.694098929707835,6.255212677231025,,,,,1.7964920263549304,1250336
ldpc,N96_M48,pSA,search,657,863,,,,4.6462057476744425,5.937426885765814,1.391324725520329,snr,0.6021335411610738,0.0,0.0,1.9847142383896599,11.175409288689258,exponential,1.2405729698477013,0.19658769247733696,majority,11147,2678,25600,0.5,1.0,0.0,0.014404166666666668,0.15986666666666668,34.71217818918137,6.255212677231025,,,,,1.796722391422901,5312783
ldpc,N96_M48,pSA,search,157,864,,,,4.726521275630449,7.9183256242645,1.3169583929406639,snr,0.9706964382206641,0.0,0.0,1.5746238212343313,1.6456732874559443,cosine,1.5712075178855456,0.7516103926454369,best_state,4619,7614,12800,0.500390625,1.0,0.0,0.014404166666666668,0.15986666666666668,34.739297078391665,6.255212677231025,,,,,1.7970654592878033,1353283
ldpc,N96_M48,pSA,search,196,865,,,,3.526950593999811,0.053360607206741385,2.2930563763772756,snr,0.7979409933540355,0.0,0.0,0.7829380903617488,8.369887210152351,linear,0.5778734112050109,0.7740163452341717,best_state,2963,12343,19200,0.5007378472222223,1.0,0.0,0.014404166666666668,0.15986666666666668,34.76340275768971,6.255212677231025,,,,,1.79736588997418,1662124
ldpc,N96_M48,pSA,search,183,866,,,,3.036724370884537,0.13331218134645004,1.4839751091849478,snr,0.8496389274138765,0.0,0.0,0.6160249041903546,7.786248956748916,linear,0.6118290156672587,0.8016041053979822,best_state,4567,8069,19200,0.5008680555555556,1.0,0.0,0.014404166666666668,0.15986666666666668,34.77244238742648,6.255212677231025,,,,,1.7974652740272086,1559177
ldpc,N96_M48,pSA,search,134,867,,,,5.729304022612375,4.353229009554761,1.8770282525008433,fixed,0.9013625986672746,0.0,0.0,0.6871641201173938,1.0978211264187716,cosine,1.2599391540669225,0.8184849135806278,best_state,3211,6716,12800,0.5010416666666667,1.0,0.0,0.014404166666666668,0.15986666666666668,34.7844952270755,6.255212677231025,,,,,1.7975990704397684,1171146
ldpc,N96_M48,pSA,search,179,868,,,,4.438122633581477,6.081441634787454,1.0879376770102098,snr,0.8786000873264465,0.0,0.0,0.9620934457299153,9.213709735105875,linear,1.0131322863320638,0.8358733761525493,best_state,5307,11319,19200,0.5012586805555556,1.0,0.0,0.014404166666666668,0.15986666666666668,34.79956127663677,6.255212677231025,,,,,1.7977982336129763,1527501
ldpc,N96_M48,pSA,search,91,869,,,,2.8634803082466234,2.5339097125873744,0.9857414472387401,snr,0.8283480155671432,0.0,0.0,0.5819266523169621,4.026420511615152,cosine,0.16458568729072265,0.7604905613212278,majority,6139,3725,12800,0.5014322916666667,1.0,0.0,0.014404166666666668,0.15986666666666668,34.811614116285796,6.255212677231025,,,,,1.7979668644975313,830629
ldpc,N96_M48,pSA,search,636,870,,,,6.431467822954678,6.689145280601993,1.7023898294612598,snr,0.6295605407070638,0.0,0.0,0.9563922272216441,11.177002704046238,constant,1.6715778756154238,0.27971976234549917,best_state,13121,3733,25600,0.5015625,1.0,0.0,0.014404166666666668,0.15986666666666668,34.820653746022565,6.255212677231025,,,,,1.7980804472596956,5146484
ldpc,N96_M48,pSA,search,139,871,,,,6.096905117013898,4.947089441759393,1.7296936853106177,fixed,0.8974862754469491,0.0,0.0,0.6813118788759546,1.0826680045081143,cosine,1.2920586629592858,0.812454460568321,best_state,3259,8120,12800,0.5016059027777778,1.0,0.0,0.014404166666666668,0.15986666666666668,34.82366695593482,6.255212677231025,,,,,1.7981091814696961,1210741
ldpc,N96_M48,pSA,search,188,872,,,,2.9636730128360744,0.15671178201187944,1.6336636814184275,snr,0.8517364210856561,0.0,0.0,0.6010683712152407,6.7112826010324,linear,0.7734309730916541,0.7975203355142021,best_state,4717,7941,19200,0.5004557291666667,1.0,0.0020833333333333333,0.014404166666666668,0.15986666666666668,34.74381689326005,6.255212677231025,,,,,1.7981577873381678,1598772
ldpc,N96_M48,pSA,search,667,873,,,,5.6657062961999936,7.36302951955692,1.1554681293922078,snr,0.0994802852063359,0.0,0.0,1.7270884306666603,11.394033356333882,exponential,1.474867702925804,0.2621287555641605,best_state,14861,3661,25600,0.501736111111111,1.0,0.0,0.014404166666666668,0.15986666666666668,34.83270658567158,6.255212677231025,,,,,1.7982209544876324,5391973
ldpc,N96_M48,pSA,search,464,874,,,,5.2315834216432915,4.855169945621564,1.5459000944749786,snr,0.6730799089689344,0.0,0.0,1.447913954085957,9.080364126761616,cosine,1.0152668875223216,0.307123977165485,best_state,11464,3683,25600,0.5019097222222223,1.0,0.0,0.014404166666666668,0.15986666666666668,34.84475942532061,6.255212677231025,,,,,1.798372628545037,3784416
ldpc,N96_M48,pSA,search,140,875,,,,5.740216789633797,4.789709697073025,1.8947955687413633,fixed,0.8993464090608002,0.0,0.0,0.6651615098956652,1.083939421224036,cosine,1.2224127696756724,0.8224845535054418,best_state,3312,6755,12800,0.501953125,1.0,0.0,0.014404166666666668,0.15986666666666668,34.84777263523286,6.255212677231025,,,,,1.7984093540971953,1218660
ldpc,N96_M48,pSA,search,136,876,,,,6.499577120383166,4.85754868993588,1.8294558535012841,fixed,0.9038787426414227,0.0,0.0,0.49160280885225643,1.0979986122413372,cosine,1.336673400254797,0.8152653201585479,best_state,3205,6841,12800,0.49973958333333335,1.0,0.004166666666666667,0.014404166666666668,0.15986666666666668,34.694098929707835,6.255212677231025,,,,,1.798573544137947,1186984
ldpc,N96_M48,pSA,search,629,877,,,,6.565081135303285,6.899784516134593,1.6724896162529146,snr,0.4923022928570882,0.0,0.0,0.959866375214751,11.08202784398979,exponential,1.6723444290436695,0.28585223798641224,best_state,12862,2122,25600,0.502170138888889,1.0,0.0,0.014404166666666668,0.15986666666666668,34.86283868479414,6.255212677231025,,,,,1.798604803861309,5091051
ldpc,N96_M48,pSA,search,189,878,,,,3.0399469769849046,0.2755794776868136,2.0314540362500226,snr,0.8454711094860305,0.0,0.0,0.6195057673562583,7.67834265363805,linear,0.8054321952941046,0.8046778354602474,best_state,4435,8037,19200,0.4986111111111111,1.0,0.006250000000000001,0.014404166666666668,0.15986666666666668,34.615755471989196,6.255212677231025,,,,,1.7986437147433718,1606691
ldpc,N96_M48,pSA,search,192,879,,,,2.840342145539376,0.23195644959271788,2.034446902269603,snr,0.8389428106988759,0.0,0.0,0.6033642463021108,7.676777405554173,linear,0.8445417954789359,0.8094293383018326,best_state,1119,9436,19200,0.4963541666666667,1.0,0.010416666666666666,0.014404166666666668,0.15986666666666668,34.45906855655193,6.255212677231025,,,,,1.7987566681361065,1630448
ldpc,N96_M48,pSA,search,470,880,,,,4.734258622863751,4.902527088691256,1.8459196224576133,snr,0.7094954533806715,0.0,0.0,1.2951696341686625,9.233227417251701,cosine,1.212646009518004,0.20297965781721566,best_state,13222,3873,25600,0.5026475694444444,1.0,0.0,0.014404166666666668,0.15986666666666668,34.89598399382894,6.255212677231025,,,,,1.7990164602076189,3831930
ldpc,N96_M48,pSA,search,649,881,,,,4.728074800849245,5.952337526944847,1.4489151842897412,snr,0.5976435397210094,0.0,0.0,1.9463463382995296,11.275728512216984,exponential,1.313029606247346,0.23162412432847365,majority,11929,2783,25600,0.5028211805555555,1.0,0.0,0.014404166666666668,0.15986666666666668,34.90803683347796,6.255212677231025,,,,,1.7991697019950603,5249431
ldpc,N96_M48,pSA,search,133,882,,,,6.51352181865549,4.747144935036121,1.8087190100259343,fixed,0.9012092353633455,0.0,0.0,0.6775495711090216,1.1046105705086282,cosine,1.289798201144993,0.8134882630874296,best_state,3160,6836,12800,0.503515625,1.0,0.0,0.014404166666666668,0.15986666666666668,34.95624819207405,6.255212677231025,,,,,1.79976868875866,1163227
ldpc,N96_M48,pSA,search,138,883,,,,6.537389909642883,4.811407493666305,1.8653304657381424,snr,0.900610432444147,0.0,0.0,0.685922801476296,1.096755212854431,cosine,0.9974554762624946,0.8157491072429002,best_state,3213,6807,12800,0.5037760416666667,1.0,0.0,0.014404166666666668,0.15986666666666668,34.97432745154758,6.255212677231025,,,,,1.7999781464491311,1202822
ldpc,N96_M48,pSA,search,137,884,,,,5.619556297143538,4.6973471235672175,1.848049463681633,fixed,0.9009087014320625,0.0,0.0,0.6750805837706902,1.0962500753742568,cosine,1.330480324541643,0.815982048340163,best_state,3300,6804,12800,0.5033203125,1.0,0.0020833333333333333,0.014404166666666668,0.15986666666666668,34.9426887474689,6.255212677231025,,,,,1.800639452732929,1194903
ldpc,N96_M48,pSA,search,38,885,,,,0.1677049755434726,1.0514812636584605,0.41746011931531846,snr,0.1273965597036763,0.0,0.0,0.06420463916309593,1.16316709271239,constant,0.3708614281788639,0.20437850919430675,majority,9694,1631,25600,0.16156684027777776,1.0,1.0,0.014404166666666668,0.15986666666666668,11.216673898370454,6.255212677231025,,,,,1.8036334918736507,410922
ldpc,N96_M48,pSA,search,43,886,,,,0.1442050083241311,1.0580011991967317,0.40080391043622765,snr,0.14499069492786723,0.0,0.0,0.062013655490058404,1.2089341755518312,constant,0.3668717966195364,0.1933918684637727,majority,11100,1880,25600,0.16219618055555554,1.0,1.0,0.014404166666666668,0.15986666666666668,11.260365442098157,6.255212677231025,,,,,1.8052341985776827,450517
ldpc,N96_M48,pSA,search,42,887,,,,0.9477184778618692,0.9915320888023961,0.41395525157560464,snr,0.13104327798706694,0.0,0.0,0.06406967787487444,1.1433404945920567,constant,0.4229275316113686,0.1849165920496038,majority,10005,1713,25600,0.16853298611111112,1.0,1.0,0.014404166666666668,0.15986666666666668,11.700294089287436,6.255212677231025,,,,,1.8218566690918776,442598
ldpc,N96_M48,pSA,search,799,888,,,,2.310683709393728,5.881820209104611,1.5440182529033535,snr,0.734126487097972,0.0,0.0,0.16677535899266713,9.077298080682562,constant,1.2879709644453428,0.34299156247776874,best_state,12619,166,12800,0.17311197916666665,1.0,1.0,0.014404166666666668,0.15986666666666668,12.018187735030372,6.255212677231025,,,,,1.8338969459893997,6437281
ldpc,N96_M48,pSA,search,943,889,,,,1.938924987657025,0.11892012906147392,1.3709511751612145,snr,0.615199626545575,0.0,0.0,0.8968157299968255,11.349554395618412,exponential,1.2326504733820414,0.6958691877222138,best_state,19861,5573,25600,0.4995876736111111,1.0,0.10208333333333332,0.014404166666666668,0.15986666666666668,34.683552695014946,6.255212677231025,,,,,1.8474103202882213,7577617
ldpc,N96_M48,pSA,search,745,890,,,,4.397494853789481,4.190534396896517,0.4703373256810332,snr,0.7319134251796752,0.0,0.0,0.21712851855970655,11.083768573419162,exponential,2.1866761833762243,0.5003002703893171,best_state,19552,2017,25600,0.3518012152777778,0.9979166666666667,0.41250000000000003,0.014404166666666668,0.15986666666666668,24.423572943785555,6.24218098415346,,,,,1.8498285961861185,6009655
ldpc,N96_M48,pSA,search,588,891,,,,4.757324649744161,7.296500166739103,1.1672238531659704,snr,0.5214217386280265,0.0,0.0,0.035806070719518454,0.142102837838987,exponential,1.5569101466855684,0.2847027428386411,best_state,11686,1654,25600,0.18276909722222223,0.9958333333333332,0.99375,0.014404166666666668,0.15986666666666668,12.688626940507183,6.229149291075895,,,,,1.8509476693745115,4766372
ldpc,N96_M48,pSA,search,329,892,,,,2.2176430016673523,4.09250165075517,0.5136468319637666,snr,0.6595779604047175,0.0,0.0,0.23677324175973322,10.611882395183827,exponential,1.2928391185461852,0.8679303732819623,last,9574,14,9600,0.20677083333333335,0.93125,0.9145833333333333,0.014404166666666668,0.15986666666666668,14.35493202198438,5.825166805671392,,,,,1.8573568593110823,2715351
ldpc,N96_M48,pSA,search,271,893,,,,1.7046683931369488,4.585621987237866,1.223363981871554,snr,0.7728455077578776,0.0,0.0,0.25955472452415185,10.096740251706935,constant,1.3434690549480306,0.8842874694287467,last,19185,5669,25600,0.18285590277777777,1.0,1.0,0.014404166666666668,0.15986666666666668,12.694653360331692,6.255212677231025,,,,,1.8576196881403435,2256049
ldpc,N96_M48,pSA,search,274,894,,,,1.7206965372666292,4.600190988748087,1.2576359671313537,snr,0.7090806985946803,0.0,0.0,0.25640012139704327,10.029569149236705,constant,2.079427658181421,0.8835314634675419,last,19187,5899,25600,0.18504774305555557,1.0,1.0,0.014404166666666668,0.15986666666666668,12.846820460900588,6.255212677231025,,,,,1.8626348958672148,2279806
ldpc,N96_M48,pSA,search,275,895,,,,1.7246128757666916,4.568414121346104,1.232566144848038,snr,0.6682417187260434,0.0,0.0,0.2567664694629971,10.025143457253359,constant,1.2631574200219675,0.883014003828767,last,17061,627,25600,0.18515625,1.0,1.0,0.014404166666666668,0.15986666666666668,12.854353485681225,6.255212677231025,,,,,1.86336242948051,2287725
ldpc,N96_M48,pSA,search,48,896,,,,0.15149578812225137,0.9030317702817376,0.3913180070952417,snr,0.12565244896514932,0.0,0.0,0.060761370856694565,1.3914627367716719,constant,0.3416057253761582,0.2287904207041347,majority,10093,1849,25600,0.18661024305555554,1.0,1.0,0.014404166666666668,0.15986666666666668,12.955296017741778,6.255212677231025,,,,,1.8673782020888028,490112
ldpc,N96_M48,pSA,search,682,897,,,,7.020985317653248,5.389176383645388,1.3244080303499093,snr,0.671810028094554,0.0,0.0,0.12654503562528108,9.905666271898186,exponential,0.9779594841510976,0.30532435269808583,best_state,13448,4218,25600,0.25292968749999994,0.9333333333333332,0.7583333333333333,0.014404166666666668,0.15986666666666668,17.559480763667914,5.838198498748956,,,,,1.8708119142912587,5510758
ldpc,N96_M48,pSA,search,270,898,,,,1.6560017241494218,4.564481658757699,1.2270314424686977,snr,0.7346624996508504,0.0,0.0,0.2552100885612599,10.28088337113633,constant,2.0463534355195527,0.8815838558186696,last,19239,5946,25600,0.1888454861111111,1.0,1.0,0.014404166666666668,0.15986666666666668,13.110476328222928,6.255212677231025,,,,,1.872205197411206,2248130
ldpc,N96_M48,pSA,search,468,899,,,,4.202879734356989,3.560426236164539,1.5687959197701917,snr,0.6758021600339683,0.0,0.0,0.16062929300061565,9.894340401500001,cosine,0.33561198884838217,0.287538490640525,best_state,12619,3389,25600,0.24585503472222225,0.93125,0.8145833333333333,0.014404166666666668,0.15986666666666668,17.068327547970302,5.825166805671392,,,,,1.887096750786925,3816092
ldpc,N96_M48,pSA,search,4,900,,,,0.6782097024982251,0.31150192500620144,2.309385601224649,snr,0.7684279062889213,0.0,0.0,2.1927514413047424,3.1844949718646305,constant,0.2943268492655525,0.5454538556416306,majority,22132,868,25600,0.22048611111111113,0.9708333333333332,0.9020833333333332,0.014404166666666668,0.15986666666666668,15.307106354257064,6.072768974145119,,,,,1.8892718480871749,141676
ldpc,N96_M48,pSA,search,273,901,,,,2.6597968473399765,4.572092701779578,1.2430286393101806,snr,0.6896857835349454,0.0,0.0,0.25216411031131797,9.983377864371816,constant,1.9731854039732928,0.8815155923571306,last,19213,5716,25600,0.19687500000000002,1.0,1.0,0.014404166666666668,0.15986666666666668,13.667920161990166,6.255212677231025,,,,,1.890030792952848,2271887
ldpc,N96_M48,pSA,search,717,902,,,,6.48424716190461,4.656565757247012,2.197809606744202,snr,0.7204673514361781,0.0,0.0,0.13799234823382642,11.93537260356136,linear,0.9855672043300273,0.25158086876803415,best_state,18331,792,19200,0.22758246527777778,0.9541666666666666,0.90625,0.014404166666666668,0.15986666666666668,15.79976617491081,5.968515429524603,,,,,1.9010436912386077,5787923
ldpc,N96_M48,pSA,search,678,903,,,,6.983436953373158,5.468558091727477,1.3256361902805651,snr,0.6197453355533237,0.0,0.0,0.15446280580994734,9.913084675996599,exponential,1.8465218070642357,0.31898033338162546,best_state,13356,3476,25600,0.28808593749999994,0.9562500000000002,0.7020833333333334,0.014404166666666668,0.15986666666666668,20.00018079259473,5.981547122602168,,,,,1.9033434334636279,5479082
ldpc,N96_M48,pSA,search,378,904,,,,2.637490284748655,1.6455113675337416,0.9662823468440243,snr,0.7276576025484672,0.0,0.0,0.1314684064181733,4.335737970700847,cosine,0.8238945226438927,0.04041206542814088,best_state,15220,6312,25600,0.2771050347222222,0.9812500000000001,0.74375,0.014404166666666668,0.15986666666666668,19.237838684794134,6.137927439532944,,,,,1.909554744134318,3103382
ldpc,N96_M48,pSA,search,492,905,,,,3.805936007153139,2.5096642701253895,1.9874942872409571,fixed,0.6904060406873272,0.0,0.0,0.18265950717391388,7.961090952994699,cosine,1.277613607114312,0.2485216234120987,best_state,12560,4431,25600,0.28183593749999997,0.975,0.7458333333333332,0.014404166666666668,0.15986666666666668,19.566278565229965,6.098832360300249,,,,,1.9181249817508073,4006148
ldpc,N96_M48,pSA,search,803,906,,,,2.332303786394393,5.84480669121314,1.5607102887775435,snr,0.7266250180824385,0.0,0.0,0.16483317014832233,0.2396589035898779,constant,1.2622746309413815,0.35784451375868054,last,19992,3713,25600,0.21278211805555558,1.0,1.0,0.014404166666666668,0.15986666666666668,14.772261594831743,6.255212677231025,,,,,1.9244931177532465,6468957
ldpc,N96_M48,pSA,search,487,907,,,,3.7754590789364375,2.5039133679119967,1.7218639019379587,fixed,0.7255467893231512,0.0,0.0,0.18002515550275208,8.330870050598516,cosine,1.267745876433791,0.2585063400002773,best_state,12326,4519,25600,0.27760416666666665,0.9791666666666666,0.7708333333333334,0.014404166666666668,0.15986666666666668,19.272490598785073,6.124895746455379,,,,,1.92473742260909,3966553
ldpc,N96_M48,pSA,search,797,908,,,,2.31821114314819,5.663418622589365,1.6021238217225686,snr,0.7400630302194234,0.0,0.0,0.16526095498861926,9.617303113511603,constant,1.2346140990895447,0.3466445005965108,last,12588,187,12800,0.2148654513888889,1.0,1.0,0.014404166666666668,0.15986666666666668,14.916895670619999,6.255212677231025,,,,,1.9295977932324142,6421443
ldpc,N96_M48,pSA,search,735,909,,,,7.992239852983901,5.12195615608727,1.2732873359583132,snr,0.7440286220990705,0.0,0.0,0.1880055275274511,9.561334281240665,exponential,1.189089989231528,0.19724639882830197,best_state,19930,4050,25600,0.3658854166666667,0.9979166666666667,0.5395833333333333,0.014404166666666668,0.15986666666666668,25.40135956031241,6.24218098415346,,,,,1.9305927833185315,5930465
ldpc,N96_M48,pSA,search,733,910,,,,7.995624140009311,5.179027992185652,1.3118885202228052,snr,0.6878284276301008,0.0,0.0,0.18924488965330188,9.486604975305614,exponential,1.509502875460319,0.21633320110704757,best_state,19671,4009,25600,0.3380642361111111,0.9895833333333334,0.6104166666666666,0.014404166666666668,0.15986666666666668,23.46989200655674,6.1900542118432025,,,,,1.9308654402531316,5914627
ldpc,N96_M48,pSA,search,40,911,,,,0.9037521489927525,0.9647574164787727,0.42025838463763143,snr,0.4063550124726525,0.0,0.0,0.05704032262555173,1.2830195825963302,constant,0.2169181912607999,0.1853732590457167,majority,10685,2039,25600,0.21914062499999998,1.0,1.0,0.014404166666666668,0.15986666666666668,15.213696846977145,6.255212677231025,,,,,1.9366713811595782,426760
ldpc,N96_M48,pSA,search,794,912,,,,2.23686693138695,5.611242260918445,1.533541536625147,snr,0.7273967894561565,0.0,0.0,0.16329221763212687,9.186764931072894,constant,1.2580769752816565,0.4696777398536448,last,12591,185,12800,0.21924913194444443,1.0,1.0,0.014404166666666668,0.15986666666666668,15.221229871757783,6.255212677231025,,,,,1.9380268999551937,6397686
ldpc,N96_M48,pSA,search,802,913,,,,2.3130253900596958,5.647328635139923,1.546047525570802,snr,0.7272257361974429,0.0,0.0,0.16132244699581566,9.144150037761255,constant,1.2422091262793225,0.35360410755922844,last,12622,164,12800,0.22024739583333333,1.0,1.0,0.014404166666666668,0.15986666666666668,15.290533699739658,6.255212677231025,,,,,1.9400506131087398,6461038
ldpc,N96_M48,pSA,search,793,914,,,,3.5762746953193383,5.540364622717236,1.6008821480479631,snr,0.736134925391568,0.0,0.0,0.16806738469211324,9.271575168498863,constant,1.2496204549518322,0.3749275120435898,last,12614,168,12800,0.2210720486111111,1.0,1.0,0.014404166666666668,0.15986666666666668,15.347784688072508,6.255212677231025,,,,,1.9413046375407954,6389767
ldpc,N96_M48,pSA,search,804,915,,,,2.228584559206918,5.748094473107837,1.5575089972573677,snr,0.7268768772451988,0.0,0.0,0.15709619390908325,9.425086372898571,constant,1.253207238293563,0.5671033121926887,last,19584,5898,25600,0.22198350694444444,1.0,1.0,0.014404166666666668,0.15986666666666668,15.41106209622987,6.255212677231025,,,,,1.9436600759014677,6476876
ldpc,N96_M48,pSA,search,683,916,,,,7.888379035582299,5.190938881235673,1.325985121919068,snr,0.9486163923644283,0.0,0.0,0.1531196882556945,9.785657232484601,exponential,0.9774899479070963,0.23157081942822813,best_state,13662,3487,25600,0.40692274305555554,1.0,0.48125,0.014404166666666668,0.15986666666666668,28.25034953234982,6.255212677231025,,,,,1.9477948995085497,5518677
ldpc,N96_M48,pSA,search,461,917,,,,4.213381239647997,3.578518034154631,1.5023891980638735,snr,0.6780888918690213,0.0,0.0,0.161888666689699,10.341704760629074,cosine,0.22467254961907582,0.3002701341552566,best_state,11891,3491,25600,0.3902777777777778,1.0,0.5187499999999999,0.014404166666666668,0.15986666666666668,27.0947835309999,6.255212677231025,,,,,1.948272690978119,3760659
ldpc,N96_M48,pSA,search,795,918,,,,2.4843822057245837,5.591861981185678,1.52972973148901,snr,0.727089197325883,0.0,0.0,0.15913988850974756,9.214771937153209,constant,1.2463620159311792,0.5682265392238993,last,19839,4177,25600,0.22571614583333333,1.0,1.0,0.014404166666666668,0.15986666666666668,15.670198148683829,6.255212677231025,,,,,1.9500944187387048,6405605
ldpc,N96_M48,pSA,search,949,919,,,,2.6451622837232365,3.28306642071893,1.1268397480664616,fixed,0.7345991969310287,0.0,0.0,0.5340073579314435,11.236069833807324,constant,1.655437394778832,0.7589692855948384,best_state,12697,96,12800,0.228515625,0.9895833333333334,0.9895833333333334,0.014404166666666668,0.15986666666666668,15.864550188024298,6.1900542118432025,,,,,1.9504495478710646,7625131
ldpc,N96_M48,pSA,search,419,920,,,,4.938464988738704,8.126838651189432,0.872675315323119,snr,0.7955837283677483,0.0,0.0,0.10214975149901807,5.610910598008918,constant,0.6837238159415293,0.41323594290075616,best_state,16660,6086,25600,0.22721354166666666,1.0,1.0,0.014404166666666668,0.15986666666666668,15.774153890656637,6.255212677231025,,,,,1.9526967010595193,3428061
ldpc,N96_M48,pSA,search,267,921,,,,1.6640569933378269,4.561220164421454,1.2662137944911918,snr,0.7759783485977662,0.0,0.0,0.19345614462592994,10.390975791469561,constant,2.0451506302325932,0.8820061948700799,last,19241,5983,25600,0.23014322916666666,1.0,1.0,0.014404166666666668,0.15986666666666668,15.977545559733871,6.255212677231025,,,,,1.9590638465953982,2224373
ldpc,N96_M48,pSA,search,408,922,,,,2.426068893530066,5.587122102706445,0.3656112590118763,snr,0.7771552550969523,0.0,0.0,0.11080116959247018,6.871122139929212,cosine,0.7993826768231118,0.3142536495975207,best_state,13073,5456,25600,0.2348307291666667,1.0,1.0,0.014404166666666668,0.15986666666666668,16.30297223025745,6.255212677231025,,,,,1.96524647434423,3340952
ldpc,N96_M48,pSA,search,22,923,,,,0.2616111926387952,1.8329988030476128,0.23814765595714468,snr,0.9968581836860223,0.0,0.0,0.03213754626302694,0.7874643649367743,piecewise,0.06683405570066969,0.28580598122488576,majority,1095,3444,9600,0.234375,1.0,1.0,0.014404166666666668,0.15986666666666668,16.27133352617877,6.255212677231025,,,,,1.9667859891335284,284218
ldpc,N96_M48,pSA,search,454,924,,,,3.4472711035998347,1.86568013512419,1.4357069616099774,snr,0.7084886751781319,0.0,0.0,0.13600742141583427,8.885229674294605,cosine,0.8503944683813711,0.2722323084026266,best_state,12964,4508,25600,0.2782118055555556,0.9916666666666667,0.86875,0.014404166666666668,0.15986666666666668,19.31467553755665,6.2030859049207665,,,,,1.9752753719406997,3705226
ldpc,N96_M48,pSA,search,615,925,,,,7.972330667114884,6.685330327015574,1.3622175870636664,fixed,0.6543666501117208,0.0,0.0,0.03373154080638702,10.5147703888278,exponential,1.399897309388158,0.21672748379661844,majority,11836,4099,25600,0.3279730902777778,0.99375,0.7458333333333332,0.014404166666666668,0.15986666666666668,22.769320701957383,6.216117597998331,,,,,1.9859618871787188,4980185
ldpc,N96_M48,pSA,search,414,926,,,,1.9449437596237458,7.36453947588431,7.230497972291942,snr,0.7968494600052423,0.0,0.0,0.08276622163322549,0.12449030183922306,constant,0.9110478123489889,0.4211163281369393,best_state,15005,5645,25600,0.2451171875,1.0,1.0,0.014404166666666668,0.15986666666666668,17.01710297946196,6.255212677231025,,,,,1.9868332411518679,3388466
ldpc,N96_M48,pSA,search,959,927,,,,2.631952840022371,3.4371508734114884,1.1431401821985077,fixed,0.19302099730268635,0.0,0.0,0.5669120902712499,11.424742097000687,constant,1.4758328643013037,0.3274118329354652,best_state,10000,2778,12800,0.24724392361111114,1.0,1.0,0.014404166666666668,0.15986666666666668,17.164750265162475,6.255212677231025,,,,,1.9904925159942268,7704321
ldpc,N96_M48,pSA,search,416,928,,,,1.9569157482855877,7.45953541729778,0.8890860569074538,snr,0.7983111564054435,0.0,0.0,0.09361154303796959,6.072585430342558,constant,0.7234903912324491,0.43319150371042564,best_state,14808,5636,25600,0.2547526041666666,1.0,1.0,0.014404166666666668,0.15986666666666668,17.68603557998264,6.255212677231025,,,,,2.0036503119881193,3404304
ldpc,N96_M48,pSA,search,725,929,,,,3.770773950007694,5.758166315534346,0.34945172541084335,snr,0.7275444196159947,0.0,0.0,0.1633385439345376,10.270279145445596,exponential,1.6619126719330015,0.27358242149558,best_state,12076,2222,25600,0.25722656250000003,1.0,1.0,0.014404166666666668,0.15986666666666668,17.857788544981197,6.255212677231025,,,,,2.0067004920271723,5851275
ldpc,N96_M48,pSA,search,718,930,,,,3.1367535177407007,4.574905069658034,2.282940221176915,snr,0.6526851839428629,0.0,0.0,0.136981089642157,9.330429086349511,constant,0.983541276908047,0.24942605070661933,best_state,13015,5964,19200,0.25852864583333335,1.0,1.0,0.014404166666666668,0.15986666666666668,17.94818484234886,6.255212677231025,,,,,2.010048085751743,5795842
ldpc,N96_M48,pSA,search,674,931,,,,7.1509802292466675,5.335781961436438,1.3235701695469229,snr,0.554371683056676,0.0,0.0,0.12611722130820763,10.013004080546745,exponential,1.9247226499009675,0.3164046102084633,best_state,13439,4298,25600,0.34021267361111107,0.9958333333333332,0.7708333333333334,0.014404166666666668,0.15986666666666668,23.61904589721338,6.229149291075895,,,,,2.013956886574226,5447406
ldpc,N96_M48,pSA,search,710,932,,,,3.1568551633033053,4.46716466408218,2.215141267445306,snr,0.6428189671751104,0.0,0.0,0.13794600331304138,9.156427966531437,constant,0.9870181796939717,0.2521335176438626,best_state,13127,5804,19200,0.26473524305555557,1.0,1.0,0.014404166666666668,0.15986666666666668,18.37907385980137,6.255212677231025,,,,,2.0205020697609015,5732490
ldpc,N96_M48,pSA,search,409,933,,,,1.995911777102925,7.417756302457549,0.8753773318587769,snr,0.7927013951121592,0.0,0.0,0.08952260912965211,6.068347470452136,constant,0.9262415377995716,0.4171271630679645,best_state,14917,5595,25600,0.26532118055555554,1.0,1.0,0.014404166666666668,0.15986666666666668,18.419752193616812,6.255212677231025,,,,,2.020858282514313,3348871
ldpc,N96_M48,pSA,search,415,934,,,,1.9722622535226366,7.598576075035665,0.8989040868432479,snr,0.797366773026875,0.0,0.0,0.08974046208947857,6.210615157466477,constant,0.7014837036804514,0.41236799968801,best_state,14552,5522,25600,0.2659939236111111,1.0,1.0,0.014404166666666668,0.15986666666666668,18.466456947256773,6.255212677231025,,,,,2.0220372198080563,3396385
ldpc,N96_M48,pSA,search,420,935,,,,1.9177923958906853,7.677745895883477,0.885895507266509,snr,0.7450455071385693,0.0,0.0,0.0858791166245127,6.133610691797174,constant,0.6635095119174357,0.4266141485741338,best_state,14475,5551,25600,0.26959635416666666,1.0,1.0,0.014404166666666668,0.15986666666666668,18.716553369973965,6.255212677231025,,,,,2.027901992238732,3435980
ldpc,N96_M48,pSA,search,715,936,,,,3.1758503426829705,4.798280663077189,1.4945144035463747,snr,0.6622643269695336,0.0,0.0,0.1362227982709153,9.107099044443059,constant,0.9682829904963761,0.20793445675069627,best_state,18186,977,19200,0.27020399305555554,1.0,1.0,0.014404166666666668,0.15986666666666668,18.75873830874554,6.255212677231025,,,,,2.0290435320163125,5772085
ldpc,N96_M48,pSA,search,716,937,,,,3.205740621005398,4.396566997892645,2.0823494167452696,snr,0.6462457897359041,0.0,0.0,0.13906876359581768,9.272714671989043,constant,1.2223736490902881,0.25292898345848946,best_state,11567,2504,25600,0.27111545138888893,1.0,1.0,0.014404166666666668,0.15986666666666668,18.822015716902904,6.255212677231025,,,,,2.030672207151234,5780004
ldpc,N96_M48,pSA,search,673,938,,,,7.035157196334726,5.401786741786193,0.554307881396537,snr,0.9427555711555919,0.0,0.0,0.15175496742250494,10.069195155350048,exponential,1.0114491849620995,0.32083751825354345,best_state,13518,3529,25600,0.32827690972222223,1.0,0.8458333333333333,0.014404166666666668,0.15986666666666668,22.790413171343168,6.255212677231025,,,,,2.036463299168482,5439487
ldpc,N96_M48,pSA,search,5,939,,,,0.12309679328944015,0.355822527007263,1.0706148949808587,fixed,0.5104860585123584,0.0,0.0,2.788859201479392,10.868009726035915,constant,3.978496746457344,0.2204128071112185,last,15554,7193,25600,0.27790798611111117,1.0,1.0,0.014404166666666668,0.15986666666666668,19.293583068170864,6.255212677231025,,,,,2.0416318420947537,149595
ldpc,N96_M48,pSA,search,388,940,,,,2.939478644724372,1.1780918429756833,1.2669471140861377,llr,0.7400710266081842,0.0,0.0,0.1427997572039979,7.657895469669076,piecewise,0.9831733242714805,0.0708691342833858,best_state,15973,4054,25600,0.31102430555555555,1.0,0.9083333333333333,0.014404166666666668,0.15986666666666668,21.592662231221674,6.255212677231025,,,,,2.044532022087898,3182572
ldpc,N96_M48,pSA,search,714,941,,,,3.102228166312823,4.619400337982562,1.4938427483090368,snr,0.627691039364067,0.0,0.0,0.13560480356501672,11.863385962408382,constant,0.99677277512826,0.2463592148339016,best_state,18587,583,19200,0.2816623263888889,1.0,1.0,0.014404166666666668,0.15986666666666668,19.554225725580945,6.255212677231025,,,,,2.0470871128400487,5764166
ldpc,N96_M48,pSA,search,552,942,,,,4.8955265898781395,10.044268246120252,1.7048924141512891,snr,0.573544591778149,0.0,0.0,0.03073440318119977,0.05893994753331795,exponential,1.543392715776806,0.2518924782788243,best_state,12721,2228,25600,0.2830078125,1.0,1.0,0.014404166666666668,0.15986666666666668,19.64763523286086,6.255212677231025,,,,,2.0493350483855695,4481288
ldpc,N96_M48,pSA,search,681,943,,,,7.391272115809225,5.179337885315375,1.3209907641646923,snr,0.5500127181852931,0.0,0.0,0.15184014094218198,10.070857428032618,exponential,1.8452663082643792,0.16323486397224887,best_state,13349,4302,25600,0.34767795138888885,0.9979166666666667,0.8312499999999999,0.014404166666666668,0.15986666666666668,24.137318002121297,6.24218098415346,,,,,2.054157855327586,5502839
ldpc,N96_M48,pSA,search,268,944,,,,1.7063027759047102,4.524570513696291,1.2520554320267554,snr,0.7459191638251245,0.0,0.0,0.1447438600048661,10.237138289847834,constant,2.0206875749469853,0.0705299549624202,last,19041,5711,25600,0.2879123263888889,1.0,1.0,0.014404166666666668,0.15986666666666668,19.988127952945714,6.255212677231025,,,,,2.056636924828469,2232292
ldpc,N96_M48,pSA,search,392,945,,,,2.931784962184525,1.186473443568368,1.2465744481215726,llr,0.6977902940478548,0.0,0.0,0.14681895468246955,7.797030049956755,cosine,0.636473413285801,0.3670296548293047,best_state,16130,6638,25600,0.31692708333333336,1.0,0.9166666666666666,0.014404166666666668,0.15986666666666668,22.0024587792884,6.255212677231025,,,,,2.0569247640576704,3214248
ldpc,N96_M48,pSA,search,992,946,,,,3.2226355983463155,1.3017467993439313,1.3606550864204134,snr,0.6475526627843077,0.0,0.0,0.21487446201691468,9.07697647270637,exponential,0.9428864616284288,0.2539423775517818,best_state,16820,3322,25600,0.33155381944444445,1.0,0.8791666666666668,0.014404166666666668,0.15986666666666668,23.017910519718445,6.255212677231025,,,,,2.0577650038158506,7965648
ldpc,N96_M48,pSA,search,852,947,,,,2.144597085762382,0.685686769731096,1.3205983104535617,snr,0.7039289355474663,0.0,0.0,0.20795382773951726,9.845317166393576,exponential,1.5442887425116094,0.5968053901556005,best_state,18927,1825,25600,0.34680989583333327,1.0,0.8479166666666668,0.014404166666666668,0.15986666666666668,24.077053803876186,6.255212677231025,,,,,2.061690568345876,6856988
ldpc,N96_M48,pSA,search,49,948,,,,0.339779652640845,2.56860748055325,0.1658771221886653,llr,0.0737134575450807,0.0,0.0,0.04494521737516391,0.5391696447923192,piecewise,0.8295105964958512,0.017016055892535742,last,1555,2906,9600,0.2939887152777778,1.0,1.0,0.014404166666666668,0.15986666666666668,20.40997734066146,6.255212677231025,,,,,2.0653640356635377,498031
ldpc,N96_M48,pSA,search,276,949,,,,2.7280497435723037,4.522896353758543,1.2393262572762749,snr,0.7503207079311872,0.0,0.0,0.14552971681743612,10.690926636618746,constant,2.018951159842753,0.8804769306649206,last,19256,5944,25600,0.2939887152777778,1.0,1.0,0.014404166666666668,0.15986666666666668,20.40997734066146,6.255212677231025,,,,,2.065964477391783,2295644
ldpc,N96_M48,pSA,search,384,950,,,,2.659777781288119,5.078497616504019,0.13635163395247013,llr,0.7106981009424485,0.0,0.0,0.12456584214398046,4.007446917826109,cosine,0.8696474718646536,0.1203468039664301,best_state,15385,6334,25600,0.29529079861111107,1.0,1.0,0.014404166666666668,0.15986666666666668,20.500373638029117,6.255212677231025,,,,,2.0671251055386852,3150896
ldpc,N96_M48,pSA,search,304,951,,,,2.157519307240563,3.220431005861998,1.0661816097481753,snr,0.8517711803417,0.0,0.0,0.1709089748786384,0.18535145505581532,exponential,0.9913453215347499,0.6793502346371589,best_state,17560,189,25600,0.30019531250000003,1.0,1.0,0.014404166666666668,0.15986666666666668,20.840866358113974,6.255212677231025,,,,,2.074902672116325,2517376
ldpc,N96_M48,pSA,search,266,952,,,,1.7383433662483008,4.602157782996171,1.2490685617481023,snr,0.6809815818099823,0.0,0.0,0.1338231844657611,10.299921837311459,constant,2.188819800618641,0.8827391845040288,last,19248,5978,25600,0.30071614583333334,1.0,1.0,0.014404166666666668,0.15986666666666668,20.877024877061036,6.255212677231025,,,,,2.075614918986709,2216454
ldpc,N96_M48,pSA,search,382,953,,,,2.5985780308123,5.2618048623831335,0.9691815983080195,llr,0.7222885542032377,0.0,0.0,0.08840950856603444,0.09350285608210461,cosine,0.8858796969114876,0.04386393648089115,best_state,15385,6378,25600,0.3038411458333333,1.0,1.0,0.014404166666666668,0.15986666666666668,21.093975990743417,6.255212677231025,,,,,2.080319484721885,3135058
ldpc,N96_M48,pSA,search,52,954,,,,0.3747253931742974,2.5929454169571104,0.15974231779394352,llr,0.04798396716509755,0.0,0.0,0.03945752708406574,0.5283350766270809,piecewise,0.08569719607764116,0.47743302369451807,last,1579,4597,9600,0.30679253472222223,1.0,1.0,0.014404166666666668,0.15986666666666668,21.29887426477678,6.255212677231025,,,,,2.0841179073208718,521788
ldpc,N96_M48,pSA,search,272,955,,,,1.6768101175857668,4.152856596356659,1.2332380900080337,snr,0.7695944702446386,0.0,0.0,0.14025686393923656,10.180878219454483,constant,1.9824622281240698,0.884036109975742,last,23687,770,25600,0.3103515625,1.0,1.0,0.014404166666666668,0.15986666666666668,21.545957477581716,6.255212677231025,,,,,2.0894243775948693,2263968
ldpc,N96_M48,pSA,search,720,956,,,,6.515619949280839,4.690023967522319,2.0923168156951593,snr,0.6508027280864249,0.0,0.0,0.12514354670291808,9.207384216449281,constant,1.019145664475057,0.25083025904391704,best_state,11410,2470,25600,0.31085069444444446,1.0,1.0,0.014404166666666668,0.15986666666666668,21.580609391572654,6.255212677231025,,,,,2.090101314885035,5811680
ldpc,N96_M48,pSA,search,957,957,,,,2.650525348654769,5.355394401601948,1.1511907177636371,fixed,0.7654198286933612,0.0,0.0,0.12280375512635038,8.536588262428156,constant,1.4765300968042256,0.2356914495543969,best_state,12694,98,12800,0.3109157986111111,1.0,1.0,0.014404166666666668,0.15986666666666668,21.58512920644104,6.255212677231025,,,,,2.0903198797380753,7688483
ldpc,N96_M48,pSA,search,756,958,,,,4.343387607318412,1.3050122801650346,1.102893686060158,snr,0.7293756895683192,0.0,0.0,0.1867358433057916,10.934688700425037,exponential,2.036403280644474,0.5111374384350531,best_state,19237,3800,25600,0.3575954861111111,1.0,0.8791666666666668,0.014404166666666668,0.15986666666666668,24.82583646707164,6.255212677231025,,,,,2.090717980217912,6096764
ldpc,N96_M48,pSA,search,243,959,,,,2.3409890451982482,0.7770798410427963,0.8095887658160564,snr,0.8294235314773882,0.0,0.0,0.2176308370804638,9.255771337394203,cosine,1.4169344389375473,0.8822381223329158,last,20360,1340,25600,0.34815538194444445,1.0,0.9041666666666667,0.014404166666666668,0.15986666666666668,24.17046331115611,6.255212677231025,,,,,2.091456269254417,2034317
ldpc,N96_M48,pSA,search,328,960,,,,2.1931606316297123,2.975282665776611,0.5021018568567588,fixed,0.6933859524043151,0.0,0.0,0.22941787690748022,10.697834189121561,exponential,1.304515212947301,0.8402311483389899,last,9571,5,9600,0.3174913194444444,1.0,1.0,0.014404166666666668,0.15986666666666668,22.041630508147716,6.255212677231025,,,,,2.099479359124131,2707432
ldpc,N96_M48,pSA,search,708,961,,,,3.448347849907119,1.0504800630210367,1.8222900446475134,snr,0.6704046901583594,0.0,0.0,0.1753034462737588,11.036894651018532,exponential,1.359116555336007,0.2888471550831046,best_state,12587,2364,25600,0.3585286458333334,1.0,0.8958333333333334,0.014404166666666668,0.15986666666666668,24.890620480185135,6.255212677231025,,,,,2.1001970951152855,5716652
ldpc,N96_M48,pSA,search,706,962,,,,3.5520033363982577,6.465305019328596,0.23461839969603343,snr,0.6735487541112886,0.0,0.0,0.19471622333955263,10.809525217073908,exponential,1.343716524557903,0.29554303242722596,best_state,12462,3352,25600,0.32170138888888894,1.0,1.0,0.014404166666666668,0.15986666666666668,22.333911869636488,6.255212677231025,,,,,2.104826221026575,5700814
ldpc,N96_M48,pSA,search,713,963,,,,7.9695502881056495,4.5596162726932645,2.1011934346998746,snr,0.6422588541239629,0.0,0.0,0.13818393967371884,11.82662999623117,constant,1.1985783292666388,0.25354287731845526,best_state,18126,1045,19200,0.32914496527777776,1.0,0.99375,0.014404166666666668,0.15986666666666668,22.850677369588272,6.255212677231025,,,,,2.1118812594871117,5756247
ldpc,N96_M48,pSA,search,786,964,,,,3.1288194585119835,4.278323330470758,0.4013418874317115,fixed,0.680904157711099,0.0,0.0,0.250524685482755,8.137873344123191,exponential,0.9312939910397439,0.453336454669943,best_state,20224,3874,25600,0.33177083333333335,1.0,1.0,0.014404166666666668,0.15986666666666668,23.03297656927972,6.255212677231025,,,,,2.118571131515573,6334334
ldpc,N96_M48,pSA,search,978,965,,,,4.138103587852772,0.9529158727546263,1.9921177206701934,snr,0.7450364618221219,0.0,0.0,0.13804383204854417,9.349591146097927,exponential,2.4360865287801152,0.787830950547499,best_state,18342,5902,25600,0.3762586805555556,1.0,0.8979166666666666,0.014404166666666668,0.15986666666666668,26.121516729341437,6.255212677231025,,,,,2.1221473042240064,7854782
ldpc,N96_M48,pSA,search,698,966,,,,5.056586713011848,1.5891142298943859,1.4306468817535904,snr,0.675662173378588,0.0,0.0,0.16937129047662136,10.916542404357852,exponential,1.3793401695530643,0.6721940652736449,best_state,12467,3370,25600,0.36048177083333327,1.0,0.9375,0.014404166666666668,0.15986666666666668,25.026214926236616,6.255212677231025,,,,,2.1233370135237077,5637462
ldpc,N96_M48,pSA,search,437,967,,,,2.7140001716940554,0.6301306607713395,1.648115262290024,snr,0.7374253066066782,0.0,0.0,0.12795843512112848,7.28355921705947,cosine,1.0646247623634713,0.34793530339743667,best_state,21314,4206,25600,0.3796875,1.0,0.90625,0.014404166666666668,0.15986666666666668,26.359560312409602,6.255212677231025,,,,,2.1302545949625706,3570603
ldpc,N96_M48,pSA,search,899,968,,,,2.052617069961005,0.5836884527521299,1.7669908351290537,snr,0.8941600985637206,0.0,0.0,0.17347019839483566,9.862700009854935,exponential,0.11840311951592263,0.2711954684116488,best_state,18714,429,19200,0.3704427083333333,1.0,0.9375,0.014404166666666668,0.15986666666666668,25.717746601099215,6.255212677231025,,,,,2.135202847142506,7229181
ldpc,N96_M48,pSA,search,504,969,,,,3.0843595334578473,3.9121327124186474,0.21062451287397768,snr,0.7609379323085209,0.0,0.0,0.14749197139185735,1.8378729595559702,exponential,0.36100940265375214,0.19863080267805386,best_state,9165,386,9600,0.3454644097222222,1.0,1.0,0.014404166666666668,0.15986666666666668,23.983644296596275,6.255212677231025,,,,,2.1356017804105196,4101176
ldpc,N96_M48,pSA,search,695,970,,,,4.111921233792553,8.285501655108462,1.572829720097406,llr,0.696628692537984,0.0,0.0,0.03917424027513749,0.05,exponential,1.149658077343477,0.2350268759451087,last,13967,3710,25600,0.3487413194444445,1.0,1.0,0.014404166666666668,0.15986666666666668,24.211141644971555,6.255212677231025,,,,,2.140240914443627,5613705
ldpc,N96_M48,pSA,search,407,971,,,,3.453038461490553,0.8605503835031398,1.047038044327127,snr,0.7740293059531276,0.0,0.0,0.09123440644117714,6.7585553025722716,cosine,0.7738054798744762,0.440080885230874,best_state,14935,5271,25600,0.38209635416666665,1.0,0.9208333333333334,0.014404166666666668,0.15986666666666668,26.52679346253977,6.255212677231025,,,,,2.1403326101763724,3333033
ldpc,N96_M48,pSA,search,951,972,,,,0.08856982616444216,3.536848800952359,1.1475905433479352,fixed,0.728662368237104,0.0,0.0,0.12542689547070907,8.377742576339113,constant,1.495196895333005,0.32258742312325683,best_state,12655,133,12800,0.35464409722222223,1.0,1.0,0.014404166666666668,0.15986666666666668,24.620938193038278,6.255212677231025,,,,,2.1474655300200594,7640969
ldpc,N96_M48,pSA,search,634,973,,,,4.187510818745913,7.65312990758085,1.7090435446567451,snr,0.467868562336927,0.0,0.0,0.047496514754461865,0.3341974254601932,constant,1.2480302132924919,0.2839412546477723,best_state,12846,3160,25600,0.3555121527777778,1.0,1.0,0.014404166666666668,0.15986666666666668,24.68120239128339,6.255212677231025,,,,,2.14855320467844,5130646
ldpc,N96_M48,pSA,search,451,974,,,,2.184059431507078,0.3352403711308982,1.3990731811761663,snr,0.7090468912524484,0.0,0.0,0.41089722528107986,8.95491058606107,cosine,0.8617209689268156,0.3660373601023478,best_state,12176,4018,25600,0.42137586805555555,1.0,0.8583333333333333,0.014404166666666668,0.15986666666666668,29.253748433130845,6.255212677231025,,,,,2.151510850560322,3681469
ldpc,N96_M48,pSA,search,635,975,,,,0.44652393681488983,6.649180656309389,1.6801812379479324,snr,0.471172152833522,0.0,0.0,0.047881674495875944,0.4415059145312192,constant,1.6461250135741923,0.2876299832562752,best_state,12886,3093,25600,0.3689453125,1.0,1.0,0.014404166666666668,0.15986666666666668,25.61379085912641,6.255212677231025,,,,,2.164716211008747,5138565
ldpc,N96_M48,pSA,search,687,976,,,,4.231156234116459,0.8885442428427823,1.583362646257931,llr,0.7038150013337199,0.0,0.0,0.04091828564517786,7.638122574403639,piecewise,1.1475274879537702,0.23061119752383483,last,14153,2009,25600,0.39869791666666665,1.0,0.9333333333333332,0.014404166666666668,0.15986666666666668,27.679346253977435,6.255212677231025,,,,,2.1650441961414706,5550353
ldpc,N96_M48,pSA,search,412,977,,,,1.9502904971331692,4.681367498090976,0.8920973156716574,snr,0.7979181218291248,0.0,0.0,0.07019642478288346,4.869371494745331,constant,0.7269143079004959,0.4299020427575002,best_state,16672,6184,25600,0.37118055555555557,1.0,1.0,0.014404166666666668,0.15986666666666668,25.76897116960756,6.255212677231025,,,,,2.1672827370815426,3372628
ldpc,N96_M48,pSA,search,456,978,,,,3.576447623102464,0.37844471225468324,1.9178234331186823,snr,0.6701253148804327,0.0,0.0,0.136892232031055,2.0284672090905396,cosine,0.8462527595953453,0.2776811142816647,best_state,13126,6919,25600,0.43710937499999997,1.0,0.8583333333333333,0.014404166666666668,0.15986666666666668,30.346037026323398,6.255212677231025,,,,,2.1674854965184527,3721064
ldpc,N96_M48,pSA,search,287,979,,,,2.4728267489421456,0.44565086482331817,0.9895765488015553,snr,0.837778531068937,0.0,0.0,0.32054917478127964,8.784337020248707,cosine,1.6357217568480433,0.8473920335964407,best_state,21558,1022,25600,0.40961371527777773,1.0,0.9229166666666666,0.014404166666666668,0.15986666666666668,28.437168546909646,6.255212677231025,,,,,2.1715757993513103,2382753
ldpc,N96_M48,pSA,search,60,980,,,,0.3536432431985125,0.5632361818785749,0.15660237965405618,llr,0.05902723689782952,0.0,0.0,0.03918151639702497,2.2003267012622216,piecewise,0.0914452870023375,0.338759428230272,last,1546,2869,9600,0.3763237847222222,1.0,1.0,0.014404166666666668,0.15986666666666668,26.126036544209814,6.255212677231025,,,,,2.1731636700199966,585140
ldpc,N96_M48,pSA,search,785,981,,,,3.1641087255531852,3.084100262807379,1.971628814942729,fixed,0.37586924546066597,0.0,0.0,0.23845625737082862,8.04109271987725,exponential,0.9133236256689748,0.5852254703668359,best_state,19379,3593,25600,0.37808159722222223,1.0,0.9979166666666667,0.014404166666666668,0.15986666666666668,26.248071545656156,6.255212677231025,,,,,2.174292892323092,6326415
ldpc,N96_M48,pSA,search,58,982,,,,0.3540650408624141,0.5246250580424946,0.15823778501346325,llr,0.06088101300685628,0.0,0.0,0.04511858112789274,2.0551633663429913,piecewise,0.08480999767478019,0.3462697732872416,last,1546,2862,9600,0.38339843749999997,1.0,1.0,0.014404166666666668,0.15986666666666668,26.61718975990743,6.255212677231025,,,,,2.1813474395201267,569302
ldpc,N96_M48,pSA,search,748,983,,,,3.343146060261522,0.4026286851041247,1.1329415621800232,snr,0.7596052027130719,0.0,0.0,0.21653588060404688,11.157636764450801,exponential,1.8588036155574394,0.5163395093259309,best_state,12825,1606,25600,0.43752170138888885,1.0,0.9020833333333332,0.014404166666666668,0.15986666666666668,30.374662520489824,6.255212677231025,,,,,2.1897991701624107,6033412
ldpc,N96_M48,pSA,search,6,984,,,,1.259309077955592,0.16192632202535065,1.8999480446367123,llr,0.8048139852049476,0.0,0.0,0.09692051812672564,0.1040901725478723,cosine,1.806236564652449,0.46356893526471027,majority,2981,4224,9600,0.39381510416666665,1.0,1.0,0.014404166666666668,0.15986666666666668,27.34036013884871,6.255212677231025,,,,,2.1930393393180365,157514
ldpc,N96_M48,pSA,search,630,985,,,,4.199743881035404,6.685932587978824,1.2226573867062929,snr,0.613020247877595,0.0,0.0,0.038291303283925326,8.224365469414579,constant,1.6609952709557965,0.698871673461809,best_state,12695,3230,25600,0.3963107638888889,1.0,1.0,0.014404166666666668,0.15986666666666668,27.513619708803393,6.255212677231025,,,,,2.195784697568598,5098970
ldpc,N96_M48,pSA,search,8,986,,,,0.05196529817141256,0.08778729821449417,1.9012988766091026,llr,0.6332286854205439,0.0,0.0,0.450941562919868,2.889071565505822,cosine,0.20469063850166533,0.10330033824812129,last,5984,704,12800,0.40685763888888893,1.0,1.0,0.014404166666666668,0.15986666666666668,28.24582971748144,6.255212677231025,,,,,2.20719987261295,173352
ldpc,N96_M48,pSA,search,411,987,,,,1.9712707703774521,7.888224602189403,0.08832464770392609,snr,0.7977488721940336,0.0,0.0,1.8144171894557402,5.878454624502244,constant,0.6917867299159679,0.41490990120429627,best_state,14602,5618,25600,0.4075737847222222,1.0,1.0,0.014404166666666668,0.15986666666666668,28.29554768103365,6.255212677231025,,,,,2.20787044291603,3364709
ldpc,N96_M48,pSA,search,626,988,,,,0.4189316094423585,0.22166864504916967,1.660902041177397,snr,0.5983322625351877,0.0,0.0,0.9645892080214179,11.235508590318126,constant,1.7152526053562205,0.28799709852690636,best_state,12736,3240,25600,0.41195746527777777,1.0,1.0,0.014404166666666668,0.15986666666666668,28.599881882171438,6.255212677231025,,,,,2.2126081723885136,5067294
ldpc,N96_M48,pSA,search,921,989,,,,2.448817909214465,3.8651221272806175,0.09991594577997293,snr,0.693678359599736,0.0,0.0,0.15047932197737768,8.680378628603828,exponential,1.580767806090638,0.253690357215618,best_state,18209,6394,25600,0.4128472222222222,1.0,1.0,0.014404166666666668,0.15986666666666668,28.66165268537267,6.255212677231025,,,,,2.2134883674030927,7403399
ldpc,N96_M48,pSA,search,628,990,,,,6.533330645425047,6.6161741840672015,1.6919547419310463,snr,0.4830299033892237,0.0,0.0,0.030282534985024895,8.111795787176678,constant,1.652077078666575,0.28315445353629337,best_state,12937,3171,25600,0.4129123263888889,1.0,1.0,0.014404166666666668,0.15986666666666668,28.666172500241057,6.255212677231025,,,,,2.2135762705579323,5083132
ldpc,N96_M48,pSA,search,721,991,,,,3.7645913315934845,0.27408368288683455,2.6557384037203478,snr,0.7153108557463921,0.0,0.0,0.2059346112831389,10.52277928902636,exponential,1.6503927828675513,0.39580297534688025,best_state,12077,2935,25600,0.4578776041666666,1.0,0.9187500000000001,0.014404166666666668,0.15986666666666668,31.78785796933757,6.255212677231025,,,,,2.217882970859723,5819599
ldpc,N96_M48,pSA,search,783,992,,,,3.145235479350875,3.292971412615469,0.18672767741493387,fixed,0.6734034357754836,0.0,0.0,0.2010588997130163,8.082627363920443,exponential,0.8706200821353948,0.5911004948733846,best_state,17613,3947,25600,0.4174045138888889,1.0,1.0,0.014404166666666668,0.15986666666666668,28.97803972615948,6.255212677231025,,,,,2.21830351644087,6310577
ldpc,N96_M48,pSA,search,991,993,,,,3.2334398499343013,0.16680193707359295,1.4723547410650941,snr,0.6442014426180697,0.0,0.0,0.2158627109777623,9.47787271859543,exponential,1.351669678264901,0.2583022655613555,best_state,21644,3882,25600,0.47068142361111115,1.0,0.8979166666666667,0.014404166666666668,0.15986666666666668,32.676754893452895,6.255212677231025,,,,,2.219442859188429,7957729
ldpc,N96_M48,pSA,search,677,994,,,,4.1988100458757724,0.4846864996806499,1.3307202783120975,snr,0.5434205804447428,0.0,0.0,0.15538312049660488,10.067289658343078,exponential,0.976387584601797,0.3086764960353656,best_state,13534,3513,25600,0.4590277777777778,1.0,0.9249999999999999,0.014404166666666668,0.15986666666666668,31.86770803201234,6.255212677231025,,,,,2.222097633916586,5471163
ldpc,N96_M48,pSA,search,993,995,,,,3.188716153164856,0.18929555813299945,1.3222505401492763,snr,0.6453472957176075,0.0,0.0,0.21966669197863398,8.662394883344042,piecewise,1.211812940148694,0.25622417633386263,best_state,11495,10196,25600,0.4702473958333333,1.0,0.9083333333333333,0.014404166666666668,0.15986666666666668,32.64662279433034,6.255212677231025,,,,,2.224247855092874,7973567
ldpc,N96_M48,pSA,search,28,996,,,,0.5414328976889095,4.423156228601106,0.11296745112485283,fixed,0.2300810853237431,0.0,0.0,0.0980380065141752,0.3886698037474226,linear,0.1297097070235057,0.4021786853163689,best_state,4681,5843,19200,0.4279513888888889,1.0,1.0,0.014404166666666668,0.15986666666666668,29.710249734837525,6.255212677231025,,,,,2.229131465678531,331732
ldpc,N96_M48,pSA,search,425,997,,,,2.3706604141405805,0.10033436261005567,1.4851068006183084,snr,0.7713469235526899,0.0,0.0,0.10652469533846243,7.150978994380042,cosine,0.9503814736278087,0.46388065757343067,best_state,15585,5229,25600,0.4754557291666666,1.0,0.9104166666666668,0.014404166666666668,0.15986666666666668,33.00820798380098,6.255212677231025,,,,,2.230074850979303,3475575
ldpc,N96_M48,pSA,search,430,998,,,,2.3704991400129476,0.07004156444053383,1.5229865090225712,snr,0.7717817746958998,0.0,0.0,0.16578533881197582,9.647648578195122,cosine,0.95088645902838,0.45774780110414237,best_state,15568,4760,25600,0.4820963541666667,1.0,0.9104166666666668,0.014404166666666668,0.15986666666666668,33.46922910037605,6.255212677231025,,,,,2.2360996950772094,3515170
ldpc,N96_M48,pSA,search,788,999,,,,3.0700950999024106,4.312897278608217,0.12423768763315383,fixed,0.6745477406641335,0.0,0.0,0.2628414781697923,7.965776907230841,linear,0.901202537404034,0.44603636390769347,best_state,18098,3616,25600,0.4356553819444444,1.0,1.0,0.014404166666666668,0.15986666666666668,30.245094494262844,6.255212677231025,,,,,2.2368815451137722,6350172
ldpc,N96_M48,pSA,search,53,1000,,,,0.35739929270208387,0.630193654676492,0.16158013413749137,llr,0.05833669145689993,0.0,0.0,0.04222099087233527,0.45503924679464736,piecewise,0.07872261674747794,0.35430020070881085,last,1602,4529,9600,0.43569878472222223,1.0,1.0,0.014404166666666668,0.15986666666666668,30.2481077041751,6.255212677231025,,,,,2.236933364590733,529707
ldpc,N96_M48,pSA,search,525,1001,,,,4.4741674520515735,9.004008881693878,0.06700770905172132,snr,0.639521616201451,0.0,0.0,0.11554622596140571,11.792606061140534,exponential,1.43924678463932,0.254280656514748,best_state,14242,3515,25600,0.43797743055555555,1.0,1.0,0.014404166666666668,0.15986666666666668,30.406301224568505,6.255212677231025,,,,,2.2391875623249504,4267475
ldpc,N96_M48,pSA,search,55,1002,,,,0.33941132408836966,0.5235673588875807,0.16865659229251564,llr,0.06261639215118946,0.0,0.0,0.042492407631460505,0.514280933043211,piecewise,0.051618554910405755,0.3470897204102886,last,1613,4662,9600,0.4388020833333333,1.0,1.0,0.014404166666666668,0.15986666666666668,30.463552212901355,6.255212677231025,,,,,2.2400043066719233,545545
ldpc,N96_M48,pSA,search,882,1003,,,,2.5458469314961416,3.9138219741016975,0.06336027729875203,snr,0.8106911563591956,0.0,0.0,0.25616067095909195,11.361663027828913,exponential,0.168352103771455,0.2382791226992705,best_state,18520,1390,25600,0.4389973958333333,1.0,1.0,0.014404166666666668,0.15986666666666668,30.477111657506505,6.255212677231025,,,,,2.2401835683326228,7094558
ldpc,N96_M48,pSA,search,417,1004,,,,1.9586546768229656,7.056666844625639,0.09120903002328476,snr,0.7457064508445239,0.0,0.0,0.09241390431623399,5.6241051456079925,constant,0.6763443065739118,0.4191258312434491,best_state,12603,5630,25600,0.4391710069444444,1.0,1.0,0.014404166666666668,0.15986666666666668,30.489164497155524,6.255212677231025,,,,,2.2403691112161797,3412223
ldpc,N96_M48,pSA,search,56,1005,,,,0.0997100511818248,0.5427293934137157,0.1746682566265758,llr,0.05838996737744684,0.0,0.0,0.04342295992980763,0.45364057364866195,piecewise,0.08914990852390506,0.3493947798392866,last,1558,2871,9600,0.44027777777777777,1.0,1.0,0.014404166666666668,0.15986666666666668,30.56600134991804,6.255212677231025,,,,,2.241479999292844,553464
ldpc,N96_M48,pSA,search,736,1006,,,,2.8686112707314546,0.05175449658036861,1.2890251694107118,snr,0.6914810928296172,0.0,0.0,0.18461984264124612,9.521133647611922,exponential,0.4047176146098507,0.7154406369386922,best_state,10955,10793,25600,0.4929904513888889,1.0,0.9041666666666668,0.014404166666666668,0.15986666666666668,34.22554478835214,6.255212677231025,,,,,2.2426689036195766,5938384
ldpc,N96_M48,pSA,search,57,1007,,,,0.3719792976066164,0.5541375389132461,0.17557032933145497,llr,0.06300108898450557,0.0,0.0,0.040969916715688226,0.48464831303352524,piecewise,0.08380655991598407,0.49756551668717675,last,1462,4631,9600,0.4415798611111111,1.0,1.0,0.014404166666666668,0.15986666666666668,30.656397647285697,6.255212677231025,,,,,2.242767697408004,561383
ldpc,N96_M48,pSA,search,432,1008,,,,2.378413967905199,0.07094897916671031,1.0433652501996984,snr,0.7675290989685649,0.0,0.0,0.10234511913730435,7.332626831487097,cosine,0.9225627271817717,0.4804837723812012,best_state,15562,5227,25600,0.4851779513888889,1.0,0.9187499999999998,0.014404166666666668,0.15986666666666668,33.68316700414618,6.255212677231025,,,,,2.2430335912135297,3531008
ldpc,N96_M48,pSA,search,29,1009,,,,0.5753371606160265,4.812270675552895,0.10161810042923175,fixed,0.27454286333059996,0.0,0.0,0.10210334269634815,0.30468953282511263,linear,0.11766392721458205,0.4049293450106009,best_state,4524,6035,19200,0.44253472222222223,1.0,1.0,0.014404166666666668,0.15986666666666668,30.722688265355316,6.255212677231025,,,,,2.2436995478779957,339651
ldpc,N96_M48,pSA,search,30,1010,,,,0.4890328338811087,4.068088839100251,0.11779773887883892,fixed,0.2928410266660245,0.0,0.0,0.12394368819041204,0.2828440999505942,linear,0.13334371024176592,0.4023379348704376,best_state,5208,5601,19200,0.4436414930555556,1.0,1.0,0.014404166666666668,0.15986666666666668,30.79952511811783,6.255212677231025,,,,,2.2447858048090943,347570
ldpc,N96_M48,pSA,search,228,1011,,,,2.492470628921344,4.440036206971694,0.052252012377194124,snr,0.8817280999406771,0.0,0.0,0.8018560278843119,3.5094697303288487,cosine,3.6258325105480744,0.8187564997226933,best_state,856,13884,25600,0.44388020833333336,1.0,1.0,0.014404166666666668,0.15986666666666668,30.81609777263523,6.255212677231025,,,,,2.2449710673516776,1915532
ldpc,N96_M48,pSA,search,33,1012,,,,0.5798064747409241,4.529735026882716,0.10803991428659819,fixed,0.29777929143300896,0.0,0.0,0.11468034708409769,0.2855505824086734,linear,0.11945141886012983,0.40321584467814486,best_state,2008,2385,9600,0.44431423611111115,1.0,1.0,0.014404166666666668,0.15986666666666668,30.846229871757785,6.255212677231025,,,,,2.245446456945035,371327
ldpc,N96_M48,pSA,search,51,1013,,,,0.37744861537234375,0.515872625172811,0.15969389549825014,llr,0.05950378033018231,0.0,0.0,0.043493788590065634,0.5273514230165972,piecewise,0.07849972320179992,0.33757250695200647,last,1447,4865,9600,0.44522569444444443,1.0,1.0,0.014404166666666668,0.15986666666666668,30.909507279915147,6.255212677231025,,,,,2.2462967702856043,513869
ldpc,N96_M48,pSA,search,54,1014,,,,0.37356080767447053,0.5342470913466103,0.15646318021543473,llr,0.05496853360506837,0.0,0.0,0.04379365069179197,0.5154074988381481,piecewise,0.08864686403327651,0.35101420776364095,last,1566,4676,9600,0.44585503472222227,1.0,1.0,0.014404166666666668,0.15986666666666668,30.95319882364285,6.255212677231025,,,,,2.246919783728427,537626
ldpc,N96_M48,pSA,search,747,1015,,,,4.3680316493872775,4.064840731768844,1.1229391235163282,snr,0.26243292041984856,0.0,0.0,0.21183535293447228,11.969452372920474,exponential,2.114636086403047,0.5154407680226367,best_state,20723,1974,25600,0.4731770833333333,1.0,0.9499999999999998,0.014404166666666668,0.15986666666666668,32.850014463407575,6.255212677231025,,,,,2.247719127267872,6025493
ldpc,N96_M48,pSA,search,50,1016,,,,0.08961421000689843,0.46890654349485983,0.15543839917457317,llr,0.06659059819996804,0.0,0.0,0.041745547379825144,0.5113487170808987,piecewise,0.08636329985934711,0.34200745906518826,last,1632,4623,9600,0.4468098958333333,1.0,1.0,0.014404166666666668,0.15986666666666668,31.019489441712462,6.255212677231025,,,,,2.2478592905765202,505950
ldpc,N96_M48,pSA,search,36,1017,,,,0.48743441958687656,4.243940053211646,0.1081816672933525,fixed,0.2679976813934183,0.0,0.0,0.09668093372467779,0.267655615291751,linear,0.12477167014064063,0.4074203434830821,best_state,4846,5414,19200,0.44739583333333327,1.0,1.0,0.014404166666666668,0.15986666666666668,31.06016777552791,6.255212677231025,,,,,2.248438015968669,395084
ldpc,N96_M48,pSA,search,9,1018,,,,1.9410206039223816,0.6023411694250927,6.218194453240893,snr,0.2897732103761729,0.0,0.0,0.8278713654097842,1.6308944461639907,cosine,4.570395923545097,0.7169518649857007,last,16598,782,19200,0.4672526041666667,1.0,0.9625,0.014404166666666668,0.15986666666666668,32.438711310384726,6.255212677231025,,,,,2.2485185714859295,181271
ldpc,N96_M48,pSA,search,27,1019,,,,0.5668965624938757,3.871348216768762,0.10517338758339974,fixed,0.29628295100137136,0.0,0.0,0.10376808534276721,0.2732477374737413,linear,0.12762113831566807,0.39440985316910376,best_state,4645,5403,19200,0.4480034722222223,1.0,1.0,0.014404166666666668,0.15986666666666668,31.102352714299492,6.255212677231025,,,,,2.248989491148647,323813
ldpc,N96_M48,pSA,search,26,1020,,,,0.5454784920198404,4.0187914570335375,0.10172706115050119,fixed,0.28226820966305877,0.0,0.0,0.10636818080958005,0.2621042520264795,linear,0.11422720025487476,0.18995484178347927,best_state,4793,9143,19200,0.44845920138888884,1.0,1.0,0.014404166666666668,0.15986666666666668,31.133991418378166,6.255212677231025,,,,,2.2494779287237323,315894
ldpc,N96_M48,pSA,search,10,1021,,,,0.13283281873252106,6.162415293518029,0.07637139943162706,fixed,0.2043530076894432,0.0,0.0,0.2650771790597953,8.983316630316004,piecewise,4.893674703520245,0.5839838673574148,best_state,2302,8686,12800,0.4485243055555556,1.0,1.0,0.014404166666666668,0.15986666666666668,31.138511233246554,6.255212677231025,,,,,2.2495328427518464,189190
ldpc,N96_M48,pSA,search,32,1022,,,,0.5039682223903886,5.299492672685873,0.08771705828832325,fixed,0.2852895972323281,0.0,0.0,0.11070929932942819,0.3253900478622433,linear,0.13021015947324802,0.4025770874201583,best_state,4847,5743,19200,0.44882812499999997,1.0,1.0,0.014404166666666668,0.15986666666666668,31.159603702632335,6.255212677231025,,,,,2.249819346199419,363408
ldpc,N96_M48,pSA,search,59,1023,,,,0.36036128147453406,0.5267086405659439,0.14281656366863033,llr,0.05473496714738067,0.0,0.0,0.0463118382542691,0.49763425515021775,piecewise,0.08516437762664458,0.34846947878738616,last,1580,2945,9600,0.45069444444444445,1.0,1.0,0.014404166666666668,0.15986666666666668,31.28917172885932,6.255212677231025,,,,,2.2516099656142625,577221
ldpc,N96_M48,pSA,search,31,1024,,,,0.5519315561314425,3.6740152747868926,0.10946509889472426,fixed,0.23307121300817993,0.0,0.0,0.0958768753352039,0.26936421635491603,linear,0.13864212732005243,0.39592054024019485,best_state,4699,5819,19200,0.45073784722222215,1.0,1.0,0.014404166666666668,0.15986666666666668,31.29218493877157,6.255212677231025,,,,,2.2516702430678937,355489
ldpc,N96_M48,pSA,search,34,1025,,,,0.5010354172876662,3.7227600586932046,0.10575701241756441,fixed,0.29747993274842965,0.0,0.0,0.09889136272178464,0.17964660214963066,linear,0.1237422187588252,0.4164215368056668,best_state,5066,5456,19200,0.45234375000000004,1.0,1.0,0.014404166666666668,0.15986666666666668,31.403673705525023,6.255212677231025,,,,,2.2532154167314165,379246
ldpc,N96_M48,pSA,search,35,1026,,,,0.5562179069237124,11.609542171913434,0.06497153667407408,fixed,0.28960599158521017,0.0,0.0,0.14188650790091947,0.28987547490760934,linear,0.13066614449434702,0.4107933190156928,best_state,4766,5830,19200,0.4534722222222222,1.0,1.0,0.014404166666666668,0.15986666666666668,31.482017163243658,6.255212677231025,,,,,2.254302700843599,387165
ldpc,N96_M48,pSA,search,889,1027,,,,3.124845161486166,0.061054530535523864,1.8236206390178196,snr,0.8221061956301661,0.0,0.0,0.2853247750128029,10.15991544500922,exponential,0.11320669503377849,0.27001325497392525,best_state,18819,347,19200,0.4900607638888889,1.0,0.9479166666666666,0.014404166666666668,0.15986666666666668,34.022153119274904,6.255212677231025,,,,,2.26196047072609,7149991
ldpc,N96_M48,pSA,search,25,1028,,,,0.5833318155626992,4.085109682641871,0.07767435674622564,fixed,0.27974046905254113,0.0,0.0,0.11159822873392042,0.2966025997181561,linear,0.12185636213664214,0.4072402851254191,best_state,4908,5421,19200,0.4615451388888889,1.0,1.0,0.014404166666666668,0.15986666666666668,32.042474206923146,6.255212677231025,,,,,2.261971846810278,307975
ldpc,N96_M48,pSA,search,691,1029,,,,4.3430022462599185,7.9196889368285275,0.0518088361431797,snr,0.6339062316944986,0.0,0.0,0.04133277529542678,7.682883441427734,exponential,1.0875491475362742,0.22928476266538972,last,13989,3661,25600,0.46395399305555557,1.0,1.0,0.014404166666666668,0.15986666666666668,32.20970735705332,6.255212677231025,,,,,2.26420667179456,5582029
ldpc,N96_M48,pSA,search,684,1030,,,,7.18326252715026,0.12436160514988774,1.353252278431133,snr,0.5466820442985099,0.0,0.0,0.1485188726480433,9.89722656947531,exponential,0.9838898421685368,0.31856897611458296,best_state,13608,4256,25600,0.4966796875000001,1.0,0.9520833333333334,0.014404166666666668,0.15986666666666668,34.48166763089384,6.255212677231025,,,,,2.2698689690566813,5526596
ldpc,N96_M48,pSA,search,910,1031,,,,3.410903159185552,0.29977649823687585,1.2515151806766955,snr,0.65815468861897,0.0,0.0,0.21660164579553925,11.906995313698218,piecewise,0.2707876574060871,0.1220858097060962,last,19320,6196,25600,0.4894965277777778,1.0,1.0,0.014404166666666668,0.15986666666666668,33.98298139041558,6.255212677231025,,,,,2.287501311887679,7316290
ldpc,N96_M48,pSA,search,422,1032,,,,2.395117744403777,0.09397138807451175,1.4389661346541727,snr,0.23632579999370257,0.0,0.0,0.1354246976358488,9.720529319836992,cosine,0.9323474937833082,0.05970012653309684,best_state,15471,4767,25600,0.49359809027777773,1.0,0.99375,0.014404166666666668,0.15986666666666668,34.26772972712371,6.255212677231025,,,,,2.2879951897862494,3451818
ldpc,N96_M48,pSA,search,2,1033,,,,4.53679016928291,0.14162358472398115,3.7653620213853665,snr,0.08061116263486179,0.0,0.0,0.0939104767077617,0.4031851826770017,constant,0.74242437394231,0.5193108244616148,last,11683,891,12800,0.49307725694444443,1.0,1.0,0.014404166666666668,0.15986666666666668,34.231571208176646,6.255212677231025,,,,,2.290673003572273,125838
