size,code_id,public_code_id,realization_type,generation_seed,matrix_sha256,scope,EbNo_dB,comparison,method,comparator,method_BER,comparator_BER,absolute_BER_reduction,relative_BER_reduction,log10_BER_ratio,BER_method_better,BER_comparator_better,BER_tie,method_FER,comparator_FER,absolute_FER_reduction,relative_FER_reduction,log10_FER_ratio,FER_method_better,FER_comparator_better,FER_tie,bootstrap_unit
N96_M48,existing_00,C00,existing,0,07ab67627bf16616fbd8d2f8ea580dac437e8f96e85dadc415b821f9a609f56d,per_EbNo,2.0,additive_vs_pSA_specific,additive_fixed,pSA_specific_fixed,0.027145833333333334,0.03929166666666667,0.012145833333333335,0.3091198303287381,-0.16059727268872492,1,0,0,0.264,0.398,0.134,0.33668341708542715,-0.1782791452038568,1,0,0,independent_code_realization
N96_M48,existing_00,C00,existing,0,07ab67627bf16616fbd8d2f8ea580dac437e8f96e85dadc415b821f9a609f56d,per_EbNo,2.0,additive_vs_matched_ablation,additive_fixed,matched_lambda0_ablation,0.027145833333333334,0.06172916666666667,0.034583333333333334,0.560242996962538,-0.3567872357674664,1,0,0,0.264,0.569,0.30499999999999994,0.5360281195079085,-0.33350833952524006,1,0,0,independent_code_realization
N96_M48,existing_00,C00,existing,0,07ab67627bf16616fbd8d2f8ea580dac437e8f96e85dadc415b821f9a609f56d,per_EbNo,2.0,pSA_specific_vs_matched_ablation,pSA_specific_fixed,matched_lambda0_ablation,0.03929166666666667,0.06172916666666667,0.0224375,0.3634829564630442,-0.1961899630787415,1,0,0,0.398,0.569,0.17099999999999993,0.30052724077328635,-0.1552291943213833,1,0,0,independent_code_realization
N96_M48,existing_00,C00,existing,0,07ab67627bf16616fbd8d2f8ea580dac437e8f96e85dadc415b821f9a609f56d,per_EbNo,2.5,additive_vs_pSA_specific,additive_fixed,pSA_specific_fixed,0.014072916666666666,0.02128125,0.007208333333333336,0.3387175721977485,-0.17961301761041704,1,0,0,0.161,0.251,0.09,0.3585657370517928,-0.19284784544918843,1,0,0,independent_code_realization
N96_M48,existing_00,C00,existing,0,07ab67627bf16616fbd8d2f8ea580dac437e8f96e85dadc415b821f9a609f56d,per_EbNo,2.5,additive_vs_matched_ablation,additive_fixed,matched_lambda0_ablation,0.014072916666666666,0.03265625,0.018583333333333334,0.5690590111642744,-0.36558219614470466,1,0,0,0.161,0.347,0.18599999999999997,0.5360230547550432,-0.33350359875902397,1,0,0,independent_code_realization
N96_M48,existing_00,C00,existing,0,07ab67627bf16616fbd8d2f8ea580dac437e8f96e85dadc415b821f9a609f56d,per_EbNo,2.5,pSA_specific_vs_matched_ablation,pSA_specific_fixed,matched_lambda0_ablation,0.02128125,0.03265625,0.011374999999999996,0.34832535885167454,-0.18596917853428763,1,0,0,0.251,0.347,0.09599999999999997,0.27665706051873196,-0.14065575330983557,1,0,0,independent_code_realization
N96_M48,existing_00,C00,existing,0,07ab67627bf16616fbd8d2f8ea580dac437e8f96e85dadc415b821f9a609f56d,per_EbNo,3.0,additive_vs_pSA_specific,additive_fixed,pSA_specific_fixed,0.005604166666666667,0.010177083333333333,0.004572916666666666,0.4493346980552712,-0.25911228805238384,1,0,0,0.113,0.159,0.046,0.2893081761006289,-0.14831868083703173,1,0,0,independent_code_realization
N96_M48,existing_00,C00,existing,0,07ab67627bf16616fbd8d2f8ea580dac437e8f96e85dadc415b821f9a609f56d,per_EbNo,3.0,additive_vs_matched_ablation,additive_fixed,matched_lambda0_ablation,0.005604166666666667,0.012885416666666667,0.0072812499999999995,0.565076798706548,-0.36158742396273147,1,0,0,0.113,0.206,0.09299999999999999,0.4514563106796116,-0.2607887768857336,1,0,0,independent_code_realization
N96_M48,existing_00,C00,existing,0,07ab67627bf16616fbd8d2f8ea580dac437e8f96e85dadc415b821f9a609f56d,per_EbNo,3.0,pSA_specific_vs_matched_ablation,pSA_specific_fixed,matched_lambda0_ablation,0.010177083333333333,0.012885416666666667,0.0027083333333333334,0.21018593371059013,-0.10247513591034758,1,0,0,0.159,0.206,0.046999999999999986,0.2281553398058252,-0.11247009604870185,1,0,0,independent_code_realization
N96_M48,existing_00,C00,existing,0,07ab67627bf16616fbd8d2f8ea580dac437e8f96e85dadc415b821f9a609f56d,pooled_across_EbNo,,additive_vs_pSA_specific,additive_fixed,pSA_specific_fixed,0.01560763888888889,0.023583333333333335,0.007975694444444445,0.3381919905771496,-0.17926798116664866,1,0,0,0.17933333333333334,0.2693333333333333,0.08999999999999997,0.33415841584158407,-0.17662908510819697,1,0,0,independent_code_realization
N96_M48,existing_00,C00,existing,0,07ab67627bf16616fbd8d2f8ea580dac437e8f96e85dadc415b821f9a609f56d,pooled_across_EbNo,,additive_vs_matched_ablation,additive_fixed,matched_lambda0_ablation,0.01560763888888889,0.035756944444444445,0.020149305555555556,0.5635074771800349,-0.3600231914219683,1,0,0,0.17933333333333334,0.374,0.19466666666666665,0.5204991087344029,-0.3192105812537534,1,0,0,independent_code_realization
N96_M48,existing_00,C00,existing,0,07ab67627bf16616fbd8d2f8ea580dac437e8f96e85dadc415b821f9a609f56d,pooled_across_EbNo,,pSA_specific_vs_matched_ablation,pSA_specific_fixed,matched_lambda0_ablation,0.023583333333333335,0.035756944444444445,0.01217361111111111,0.3404544571761507,-0.18075521025531957,1,0,0,0.2693333333333333,0.374,0.10466666666666669,0.2798573975044564,-0.14258149614555646,1,0,0,independent_code_realization
N96_M48,new_01,C01,new,2026082701,ea8c9f6169382b706b166d74f4adf335d8aa73ede49bf39a5169dcefb3dd310b,per_EbNo,2.0,additive_vs_pSA_specific,additive_fixed,pSA_specific_fixed,0.023489583333333335,0.03503125,0.011541666666666665,0.32946773713945876,-0.17358032110065622,1,0,0,0.172,0.305,0.133,0.4360655737704918,-0.24877139243923693,1,0,0,independent_code_realization
N96_M48,new_01,C01,new,2026082701,ea8c9f6169382b706b166d74f4adf335d8aa73ede49bf39a5169dcefb3dd310b,per_EbNo,2.0,additive_vs_matched_ablation,additive_fixed,matched_lambda0_ablation,0.023489583333333335,0.05736458333333333,0.033874999999999995,0.5905211548937715,-0.3877685302673031,1,0,0,0.172,0.514,0.342,0.6653696498054475,-0.47543467208772683,1,0,0,independent_code_realization
N96_M48,new_01,C01,new,2026082701,ea8c9f6169382b706b166d74f4adf335d8aa73ede49bf39a5169dcefb3dd310b,per_EbNo,2.0,pSA_specific_vs_matched_ablation,pSA_specific_fixed,matched_lambda0_ablation,0.03503125,0.05736458333333333,0.02233333333333333,0.3893226802251679,-0.2141882091666469,1,0,0,0.305,0.514,0.20900000000000002,0.40661478599221795,-0.2266632796484899,1,0,0,independent_code_realization
N96_M48,new_01,C01,new,2026082701,ea8c9f6169382b706b166d74f4adf335d8aa73ede49bf39a5169dcefb3dd310b,per_EbNo,2.5,additive_vs_pSA_specific,additive_fixed,pSA_specific_fixed,0.011520833333333333,0.017270833333333332,0.00575,0.33293124246079614,-0.17582939924557534,1,0,0,0.093,0.159,0.066,0.41509433962264153,-0.23291417576651638,1,0,0,independent_code_realization
N96_M48,new_01,C01,new,2026082701,ea8c9f6169382b706b166d74f4adf335d8aa73ede49bf39a5169dcefb3dd310b,per_EbNo,2.5,additive_vs_matched_ablation,additive_fixed,matched_lambda0_ablation,0.011520833333333333,0.030770833333333334,0.019250000000000003,0.6255924170616115,-0.42665536400725124,1,0,0,0.093,0.274,0.18100000000000002,0.6605839416058394,-0.46926761426645286,1,0,0,independent_code_realization
N96_M48,new_01,C01,new,2026082701,ea8c9f6169382b706b166d74f4adf335d8aa73ede49bf39a5169dcefb3dd310b,per_EbNo,2.5,pSA_specific_vs_matched_ablation,pSA_specific_fixed,matched_lambda0_ablation,0.017270833333333332,0.030770833333333334,0.013500000000000002,0.4387271496276236,-0.25082596476167596,1,0,0,0.159,0.274,0.11500000000000002,0.41970802919708033,-0.23635343849993648,1,0,0,independent_code_realization
N96_M48,new_01,C01,new,2026082701,ea8c9f6169382b706b166d74f4adf335d8aa73ede49bf39a5169dcefb3dd310b,per_EbNo,3.0,additive_vs_pSA_specific,additive_fixed,pSA_specific_fixed,0.005166666666666667,0.0093125,0.004145833333333333,0.4451901565995526,-0.25585584230572017,1,0,0,0.044,0.09,0.046,0.5111111111111111,-0.31078983295313745,1,0,0,independent_code_realization
N96_M48,new_01,C01,new,2026082701,ea8c9f6169382b706b166d74f4adf335d8aa73ede49bf39a5169dcefb3dd310b,per_EbNo,3.0,additive_vs_matched_ablation,additive_fixed,matched_lambda0_ablation,0.005166666666666667,0.014458333333333333,0.009291666666666667,0.6426512968299712,-0.44690778962863864,1,0,0,0.044,0.126,0.082,0.6507936507936508,-0.4569178686313755,1,0,0,independent_code_realization
N96_M48,new_01,C01,new,2026082701,ea8c9f6169382b706b166d74f4adf335d8aa73ede49bf39a5169dcefb3dd310b,per_EbNo,3.0,pSA_specific_vs_matched_ablation,pSA_specific_fixed,matched_lambda0_ablation,0.0093125,0.014458333333333333,0.005145833333333334,0.3559077809798271,-0.19105194732291847,1,0,0,0.09,0.126,0.036000000000000004,0.28571428571428575,-0.146128035678238,1,0,0,independent_code_realization
N96_M48,new_01,C01,new,2026082701,ea8c9f6169382b706b166d74f4adf335d8aa73ede49bf39a5169dcefb3dd310b,pooled_across_EbNo,,additive_vs_pSA_specific,additive_fixed,pSA_specific_fixed,0.013392361111111112,0.020538194444444446,0.007145833333333334,0.3479289940828402,-0.18570511009790733,1,0,0,0.103,0.18466666666666667,0.08166666666666668,0.4422382671480145,-0.25355128530359516,1,0,0,independent_code_realization
N96_M48,new_01,C01,new,2026082701,ea8c9f6169382b706b166d74f4adf335d8aa73ede49bf39a5169dcefb3dd310b,pooled_across_EbNo,,additive_vs_matched_ablation,additive_fixed,matched_lambda0_ablation,0.013392361111111112,0.03419791666666667,0.020805555555555556,0.6083866382373845,-0.40714249858296064,1,0,0,0.103,0.30466666666666664,0.20166666666666666,0.661925601750547,-0.4709877163089968,1,0,0,independent_code_realization
N96_M48,new_01,C01,new,2026082701,ea8c9f6169382b706b166d74f4adf335d8aa73ede49bf39a5169dcefb3dd310b,pooled_across_EbNo,,pSA_specific_vs_matched_ablation,pSA_specific_fixed,matched_lambda0_ablation,0.020538194444444446,0.03419791666666667,0.013659722222222222,0.3994314143567875,-0.2214373884850534,1,0,0,0.18466666666666667,0.30466666666666664,0.11999999999999997,0.3938730853391684,-0.21743643100540164,1,0,0,independent_code_realization
N96_M48,new_02,C02,new,2026082702,b142e9519b71aacba6912e709472ce4e90eb2c46c47329ac52e22a653fce4e9f,per_EbNo,2.0,additive_vs_pSA_specific,additive_fixed,pSA_specific_fixed,0.024645833333333332,0.037135416666666664,0.012489583333333332,0.33632538569424963,-0.1780447938959728,1,0,0,0.202,0.338,0.136,0.40236686390532544,-0.223565330831031,1,0,0,independent_code_realization
N96_M48,new_02,C02,new,2026082702,b142e9519b71aacba6912e709472ce4e90eb2c46c47329ac52e22a653fce4e9f,per_EbNo,2.0,additive_vs_matched_ablation,additive_fixed,matched_lambda0_ablation,0.024645833333333332,0.0583125,0.03366666666666667,0.5773490532332977,-0.37401815383823206,1,0,0,0.202,0.521,0.319,0.6122840690978887,-0.4114863538529007,1,0,0,independent_code_realization
N96_M48,new_02,C02,new,2026082702,b142e9519b71aacba6912e709472ce4e90eb2c46c47329ac52e22a653fce4e9f,per_EbNo,2.0,pSA_specific_vs_matched_ablation,pSA_specific_fixed,matched_lambda0_ablation,0.037135416666666664,0.0583125,0.02117708333333334,0.3631654162200787,-0.19597335994225928,1,0,0,0.338,0.521,0.183,0.3512476007677543,-0.18792102302186972,1,0,0,independent_code_realization
N96_M48,new_02,C02,new,2026082702,b142e9519b71aacba6912e709472ce4e90eb2c46c47329ac52e22a653fce4e9f,per_EbNo,2.5,additive_vs_pSA_specific,additive_fixed,pSA_specific_fixed,0.013197916666666667,0.018864583333333334,0.005666666666666667,0.3003865267807841,-0.1551418354306171,1,0,0,0.115,0.183,0.06799999999999999,0.3715846994535519,-0.20175324937681777,1,0,0,independent_code_realization
N96_M48,new_02,C02,new,2026082702,b142e9519b71aacba6912e709472ce4e90eb2c46c47329ac52e22a653fce4e9f,per_EbNo,2.5,additive_vs_matched_ablation,additive_fixed,matched_lambda0_ablation,0.013197916666666667,0.032375,0.019177083333333334,0.5923423423423424,-0.3897043952454353,1,0,0,0.115,0.318,0.203,0.6383647798742139,-0.441729279630821,1,0,0,independent_code_realization
N96_M48,new_02,C02,new,2026082702,b142e9519b71aacba6912e709472ce4e90eb2c46c47329ac52e22a653fce4e9f,per_EbNo,2.5,pSA_specific_vs_matched_ablation,pSA_specific_fixed,matched_lambda0_ablation,0.018864583333333334,0.032375,0.013510416666666667,0.4173101673101673,-0.23456255981481827,1,0,0,0.183,0.318,0.135,0.42452830188679247,-0.23997603025400321,1,0,0,independent_code_realization
N96_M48,new_02,C02,new,2026082702,b142e9519b71aacba6912e709472ce4e90eb2c46c47329ac52e22a653fce4e9f,per_EbNo,3.0,additive_vs_pSA_specific,additive_fixed,pSA_specific_fixed,0.0045625,0.008197916666666666,0.003635416666666666,0.4434561626429479,-0.25450062185496497,1,0,0,0.047,0.088,0.040999999999999995,0.4659090909090909,-0.2723848142144511,1,0,0,independent_code_realization
N96_M48,new_02,C02,new,2026082702,b142e9519b71aacba6912e709472ce4e90eb2c46c47329ac52e22a653fce4e9f,per_EbNo,3.0,additive_vs_matched_ablation,additive_fixed,matched_lambda0_ablation,0.0045625,0.013927083333333333,0.009364583333333332,0.6724008975317876,-0.4846572967578849,1,0,0,0.047,0.136,0.08900000000000001,0.6544117647058824,-0.46144105043450007,1,0,0,independent_code_realization
N96_M48,new_02,C02,new,2026082702,b142e9519b71aacba6912e709472ce4e90eb2c46c47329ac52e22a653fce4e9f,per_EbNo,3.0,pSA_specific_vs_matched_ablation,pSA_specific_fixed,matched_lambda0_ablation,0.008197916666666666,0.013927083333333333,0.005729166666666667,0.4113687359760659,-0.23015667490291983,1,0,0,0.088,0.136,0.048000000000000015,0.3529411764705883,-0.18905623622004894,1,0,0,independent_code_realization
N96_M48,new_02,C02,new,2026082702,b142e9519b71aacba6912e709472ce4e90eb2c46c47329ac52e22a653fce4e9f,pooled_across_EbNo,,additive_vs_pSA_specific,additive_fixed,pSA_specific_fixed,0.014135416666666666,0.021399305555555557,0.007263888888888891,0.3394450754502678,-0.18009106535127592,1,0,0,0.12133333333333333,0.203,0.08166666666666668,0.40229885057471265,-0.2235159089838194,1,0,0,independent_code_realization
N96_M48,new_02,C02,new,2026082702,b142e9519b71aacba6912e709472ce4e90eb2c46c47329ac52e22a653fce4e9f,pooled_across_EbNo,,additive_vs_matched_ablation,additive_fixed,matched_lambda0_ablation,0.014135416666666666,0.03487152777777778,0.020736111111111115,0.5946430349497163,-0.3921623603131245,1,0,0,0.12133333333333333,0.325,0.20366666666666666,0.6266666666666666,-0.42790323204948083,1,0,0,independent_code_realization
N96_M48,new_02,C02,new,2026082702,b142e9519b71aacba6912e709472ce4e90eb2c46c47329ac52e22a653fce4e9f,pooled_across_EbNo,,pSA_specific_vs_matched_ablation,pSA_specific_fixed,matched_lambda0_ablation,0.021399305555555557,0.03487152777777778,0.013472222222222222,0.3863387434033655,-0.2120712949618486,1,0,0,0.203,0.325,0.122,0.37538461538461537,-0.2043873230656614,1,0,0,independent_code_realization
N96_M48,new_03,C03,new,2026082703,ef0825c883142c33397988cd2273dcf14ee1039e08a281fc2187af7c458c157a,per_EbNo,2.0,additive_vs_pSA_specific,additive_fixed,pSA_specific_fixed,0.027208333333333334,0.038177083333333334,0.01096875,0.28731241473396996,-0.1471008063741104,1,0,0,0.212,0.33,0.11800000000000002,0.3575757575757576,-0.1921780789491361,1,0,0,independent_code_realization
N96_M48,new_03,C03,new,2026082703,ef0825c883142c33397988cd2273dcf14ee1039e08a281fc2187af7c458c157a,per_EbNo,2.0,additive_vs_matched_ablation,additive_fixed,matched_lambda0_ablation,0.027208333333333334,0.060322916666666664,0.03311458333333333,0.5489552754273873,-0.34578039233033764,1,0,0,0.212,0.527,0.31500000000000006,0.5977229601518027,-0.39547475428379525,1,0,0,independent_code_realization
N96_M48,new_03,C03,new,2026082703,ef0825c883142c33397988cd2273dcf14ee1039e08a281fc2187af7c458c157a,per_EbNo,2.0,pSA_specific_vs_matched_ablation,pSA_specific_fixed,matched_lambda0_ablation,0.038177083333333334,0.060322916666666664,0.02214583333333333,0.36712139526852006,-0.19867958595622717,1,0,0,0.33,0.527,0.197,0.3738140417457306,-0.20329667533465912,1,0,0,independent_code_realization
N96_M48,new_03,C03,new,2026082703,ef0825c883142c33397988cd2273dcf14ee1039e08a281fc2187af7c458c157a,per_EbNo,2.5,additive_vs_pSA_specific,additive_fixed,pSA_specific_fixed,0.011302083333333334,0.019729166666666666,0.008427083333333332,0.4271383315733896,-0.24195023648270622,1,0,0,0.097,0.183,0.086,0.4699453551912568,-0.2756793554641846,1,0,0,independent_code_realization
N96_M48,new_03,C03,new,2026082703,ef0825c883142c33397988cd2273dcf14ee1039e08a281fc2187af7c458c157a,per_EbNo,2.5,additive_vs_matched_ablation,additive_fixed,matched_lambda0_ablation,0.011302083333333334,0.031885416666666666,0.020583333333333332,0.6455406729826854,-0.45043359141278627,1,0,0,0.097,0.288,0.19099999999999998,0.6631944444444444,-0.472620753492986,1,0,0,independent_code_realization
N96_M48,new_03,C03,new,2026082703,ef0825c883142c33397988cd2273dcf14ee1039e08a281fc2187af7c458c157a,per_EbNo,2.5,pSA_specific_vs_matched_ablation,pSA_specific_fixed,matched_lambda0_ablation,0.019729166666666666,0.031885416666666666,0.01215625,0.38124795818360013,-0.20848335493008002,1,0,0,0.183,0.288,0.10499999999999998,0.3645833333333333,-0.19694139802880134,1,0,0,independent_code_realization
N96_M48,new_03,C03,new,2026082703,ef0825c883142c33397988cd2273dcf14ee1039e08a281fc2187af7c458c157a,per_EbNo,3.0,additive_vs_pSA_specific,additive_fixed,pSA_specific_fixed,0.0050625,0.010302083333333333,0.005239583333333333,0.5085945399393327,-0.308560022334886,1,0,0,0.049,0.104,0.05499999999999999,0.5288461538461539,-0.32683725927026663,1,0,0,independent_code_realization
N96_M48,new_03,C03,new,2026082703,ef0825c883142c33397988cd2273dcf14ee1039e08a281fc2187af7c458c157a,per_EbNo,3.0,additive_vs_matched_ablation,additive_fixed,matched_lambda0_ablation,0.0050625,0.015,0.009937499999999998,0.6624999999999999,-0.47172622283295623,1,0,0,0.049,0.142,0.09299999999999999,0.6549295774647886,-0.46209226435454276,1,0,0,independent_code_realization
N96_M48,new_03,C03,new,2026082703,ef0825c883142c33397988cd2273dcf14ee1039e08a281fc2187af7c458c157a,per_EbNo,3.0,pSA_specific_vs_matched_ablation,pSA_specific_fixed,matched_lambda0_ablation,0.010302083333333333,0.015,0.004697916666666666,0.31319444444444444,-0.16316620049807024,1,0,0,0.104,0.142,0.03799999999999999,0.2676056338028169,-0.13525500508427613,1,0,0,independent_code_realization
N96_M48,new_03,C03,new,2026082703,ef0825c883142c33397988cd2273dcf14ee1039e08a281fc2187af7c458c157a,pooled_across_EbNo,,additive_vs_pSA_specific,additive_fixed,pSA_specific_fixed,0.014524305555555556,0.02273611111111111,0.008211805555555554,0.3611789859499083,-0.19462080615927352,1,0,0,0.11933333333333333,0.20566666666666666,0.08633333333333333,0.419773095623987,-0.2364021373893673,1,0,0,independent_code_realization
N96_M48,new_03,C03,new,2026082703,ef0825c883142c33397988cd2273dcf14ee1039e08a281fc2187af7c458c157a,pooled_across_EbNo,,additive_vs_matched_ablation,additive_fixed,matched_lambda0_ablation,0.014524305555555556,0.035736111111111114,0.02121180555555556,0.5935678196657599,-0.39101191295767873,1,0,0,0.11933333333333333,0.319,0.19966666666666666,0.625914315569488,-0.42702891113296926,1,0,0,independent_code_realization
N96_M48,new_03,C03,new,2026082703,ef0825c883142c33397988cd2273dcf14ee1039e08a281fc2187af7c458c157a,pooled_across_EbNo,,pSA_specific_vs_matched_ablation,pSA_specific_fixed,matched_lambda0_ablation,0.02273611111111111,0.035736111111111114,0.013000000000000005,0.3637776914108046,-0.1963911067984052,1,0,0,0.20566666666666666,0.319,0.11333333333333334,0.355276907001045,-0.1906267737436019,1,0,0,independent_code_realization
N96_M48,new_04,C04,new,2026082705,73ae8fd387fe1ec5f0fed45f3bcdcfa36f174f296e2b15dbf5e03296b297a132,per_EbNo,2.0,additive_vs_pSA_specific,additive_fixed,pSA_specific_fixed,0.023770833333333335,0.03467708333333333,0.010906249999999996,0.31450886151997587,-0.16399815507447152,1,0,0,0.186,0.307,0.121,0.3941368078175896,-0.21762543125927014,1,0,0,independent_code_realization
N96_M48,new_04,C04,new,2026082705,73ae8fd387fe1ec5f0fed45f3bcdcfa36f174f296e2b15dbf5e03296b297a132,per_EbNo,2.0,additive_vs_matched_ablation,additive_fixed,matched_lambda0_ablation,0.023770833333333335,0.057041666666666664,0.03327083333333333,0.58327246165084,-0.3801477993797565,1,0,0,0.186,0.504,0.318,0.6309523809523809,-0.43291759222760895,1,0,0,independent_code_realization
N96_M48,new_04,C04,new,2026082705,73ae8fd387fe1ec5f0fed45f3bcdcfa36f174f296e2b15dbf5e03296b297a132,per_EbNo,2.0,pSA_specific_vs_matched_ablation,pSA_specific_fixed,matched_lambda0_ablation,0.03467708333333333,0.057041666666666664,0.022364583333333334,0.39207450693937185,-0.21614964430528502,1,0,0,0.307,0.504,0.197,0.39087301587301587,-0.21529216096833884,1,0,0,independent_code_realization
N96_M48,new_04,C04,new,2026082705,73ae8fd387fe1ec5f0fed45f3bcdcfa36f174f296e2b15dbf5e03296b297a132,per_EbNo,2.5,additive_vs_pSA_specific,additive_fixed,pSA_specific_fixed,0.012677083333333334,0.018114583333333333,0.0054375,0.30017251293847036,-0.15500900377264745,1,0,0,0.108,0.173,0.06499999999999999,0.37572254335260113,-0.2046223476418457,1,0,0,independent_code_realization
N96_M48,new_04,C04,new,2026082705,73ae8fd387fe1ec5f0fed45f3bcdcfa36f174f296e2b15dbf5e03296b297a132,per_EbNo,2.5,additive_vs_matched_ablation,additive_fixed,matched_lambda0_ablation,0.012677083333333334,0.0311875,0.018510416666666668,0.5935203740814964,-0.3909612177769686,1,0,0,0.108,0.287,0.179,0.6236933797909407,-0.4244581412470426,1,0,0,independent_code_realization
N96_M48,new_04,C04,new,2026082705,73ae8fd387fe1ec5f0fed45f3bcdcfa36f174f296e2b15dbf5e03296b297a132,per_EbNo,2.5,pSA_specific_vs_matched_ablation,pSA_specific_fixed,matched_lambda0_ablation,0.018114583333333333,0.0311875,0.013072916666666667,0.41917167668670674,-0.2359522140043211,1,0,0,0.173,0.287,0.11399999999999999,0.397212543554007,-0.21983579360519687,1,0,0,independent_code_realization
N96_M48,new_04,C04,new,2026082705,73ae8fd387fe1ec5f0fed45f3bcdcfa36f174f296e2b15dbf5e03296b297a132,per_EbNo,3.0,additive_vs_pSA_specific,additive_fixed,pSA_specific_fixed,0.00503125,0.00640625,0.0013749999999999995,0.21463414634146336,-0.10492798502390457,1,0,0,0.05,0.07,0.020000000000000004,0.28571428571428575,-0.146128035678238,1,0,0,independent_code_realization
N96_M48,new_04,C04,new,2026082705,73ae8fd387fe1ec5f0fed45f3bcdcfa36f174f296e2b15dbf5e03296b297a132,per_EbNo,3.0,additive_vs_matched_ablation,additive_fixed,matched_lambda0_ablation,0.00503125,0.011885416666666667,0.006854166666666667,0.5766871165644172,-0.3733385136667025,1,0,0,0.05,0.123,0.073,0.5934959349593496,-0.3909351071033791,1,0,0,independent_code_realization
N96_M48,new_04,C04,new,2026082705,73ae8fd387fe1ec5f0fed45f3bcdcfa36f174f296e2b15dbf5e03296b297a132,per_EbNo,3.0,pSA_specific_vs_matched_ablation,pSA_specific_fixed,matched_lambda0_ablation,0.00640625,0.011885416666666667,0.005479166666666668,0.46099912357581074,-0.26841052864279796,1,0,0,0.07,0.123,0.05299999999999999,0.4308943089430894,-0.24480707142514102,1,0,0,independent_code_realization
N96_M48,new_04,C04,new,2026082705,73ae8fd387fe1ec5f0fed45f3bcdcfa36f174f296e2b15dbf5e03296b297a132,pooled_across_EbNo,,additive_vs_pSA_specific,additive_fixed,pSA_specific_fixed,0.013826388888888888,0.01973263888888889,0.005906250000000002,0.29931374274150985,-0.15447640035333962,1,0,0,0.11466666666666667,0.18333333333333332,0.06866666666666665,0.3745454545454545,-0.2038042469227137,1,0,0,independent_code_realization
N96_M48,new_04,C04,new,2026082705,73ae8fd387fe1ec5f0fed45f3bcdcfa36f174f296e2b15dbf5e03296b297a132,pooled_across_EbNo,,additive_vs_matched_ablation,additive_fixed,matched_lambda0_ablation,0.013826388888888888,0.03337152777777778,0.01954513888888889,0.5856830714805952,-0.38266732155962124,1,0,0,0.11466666666666667,0.30466666666666664,0.18999999999999997,0.6236323851203501,-0.42438775316230126,1,0,0,independent_code_realization
N96_M48,new_04,C04,new,2026082705,73ae8fd387fe1ec5f0fed45f3bcdcfa36f174f296e2b15dbf5e03296b297a132,pooled_across_EbNo,,pSA_specific_vs_matched_ablation,pSA_specific_fixed,matched_lambda0_ablation,0.01973263888888889,0.03337152777777778,0.013638888888888888,0.4086983664551035,-0.22819092120628157,1,0,0,0.18333333333333332,0.30466666666666664,0.12133333333333332,0.3982494529540481,-0.22058350623958756,1,0,0,independent_code_realization
N96_M48,new_05,C05,new,2026082706,026bd1eaf096a41944dbc2a3180d49e49f88de5ab034f95f1a0a8d75cf295a4b,per_EbNo,2.0,additive_vs_pSA_specific,additive_fixed,pSA_specific_fixed,0.023979166666666666,0.03759375,0.013614583333333336,0.3621501801052924,-0.19528156276573425,1,0,0,0.192,0.331,0.139,0.4199395770392749,-0.23652676507216916,1,0,0,independent_code_realization
N96_M48,new_05,C05,new,2026082706,026bd1eaf096a41944dbc2a3180d49e49f88de5ab034f95f1a0a8d75cf295a4b,per_EbNo,2.0,additive_vs_matched_ablation,additive_fixed,matched_lambda0_ablation,0.023979166666666666,0.058791666666666666,0.034812499999999996,0.5921332388377037,-0.3894816857885372,1,0,0,0.192,0.513,0.321,0.6257309941520468,-0.4268161364082667,1,0,0,independent_code_realization
N96_M48,new_05,C05,new,2026082706,026bd1eaf096a41944dbc2a3180d49e49f88de5ab034f95f1a0a8d75cf295a4b,per_EbNo,2.0,pSA_specific_vs_matched_ablation,pSA_specific_fixed,matched_lambda0_ablation,0.03759375,0.058791666666666666,0.021197916666666664,0.36055988660524446,-0.19420012302280298,1,0,0,0.331,0.513,0.182,0.35477582846003897,-0.19028937133609752,1,0,0,independent_code_realization
N96_M48,new_05,C05,new,2026082706,026bd1eaf096a41944dbc2a3180d49e49f88de5ab034f95f1a0a8d75cf295a4b,per_EbNo,2.5,additive_vs_pSA_specific,additive_fixed,pSA_specific_fixed,0.012947916666666667,0.020645833333333332,0.007697916666666665,0.37285570131180623,-0.20263252150761174,1,0,0,0.111,0.192,0.081,0.421875,-0.23797824991689218,1,0,0,independent_code_realization
N96_M48,new_05,C05,new,2026082706,026bd1eaf096a41944dbc2a3180d49e49f88de5ab034f95f1a0a8d75cf295a4b,per_EbNo,2.5,additive_vs_matched_ablation,additive_fixed,matched_lambda0_ablation,0.012947916666666667,0.03288541666666667,0.0199375,0.6062717770034843,-0.4048034532505726,1,0,0,0.111,0.292,0.181,0.6198630136986302,-0.4200598726617608,1,0,0,independent_code_realization
N96_M48,new_05,C05,new,2026082706,026bd1eaf096a41944dbc2a3180d49e49f88de5ab034f95f1a0a8d75cf295a4b,per_EbNo,2.5,pSA_specific_vs_matched_ablation,pSA_specific_fixed,matched_lambda0_ablation,0.020645833333333332,0.03288541666666667,0.012239583333333335,0.3721887868229332,-0.20217093174296089,1,0,0,0.192,0.292,0.09999999999999998,0.34246575342465746,-0.18208162274486864,1,0,0,independent_code_realization
N96_M48,new_05,C05,new,2026082706,026bd1eaf096a41944dbc2a3180d49e49f88de5ab034f95f1a0a8d75cf295a4b,per_EbNo,3.0,additive_vs_pSA_specific,additive_fixed,pSA_specific_fixed,0.005541666666666667,0.010708333333333334,0.005166666666666667,0.48249027237354086,-0.2860814823642087,1,0,0,0.055,0.112,0.057,0.5089285714285714,-0.3088553331759378,1,0,0,independent_code_realization
N96_M48,new_05,C05,new,2026082706,026bd1eaf096a41944dbc2a3180d49e49f88de5ab034f95f1a0a8d75cf295a4b,per_EbNo,3.0,additive_vs_matched_ablation,additive_fixed,matched_lambda0_ablation,0.005541666666666667,0.015416666666666667,0.009875,0.6405405405405405,-0.4443500830999092,1,0,0,0.055,0.135,0.08000000000000002,0.5925925925925927,-0.3899710790007623,1,0,0,independent_code_realization
N96_M48,new_05,C05,new,2026082706,026bd1eaf096a41944dbc2a3180d49e49f88de5ab034f95f1a0a8d75cf295a4b,per_EbNo,3.0,pSA_specific_vs_matched_ablation,pSA_specific_fixed,matched_lambda0_ablation,0.010708333333333334,0.015416666666666667,0.0047083333333333335,0.3054054054054054,-0.15826860073570045,1,0,0,0.112,0.135,0.023000000000000007,0.1703703703703704,-0.08111574582482452,1,0,0,independent_code_realization
N96_M48,new_05,C05,new,2026082706,026bd1eaf096a41944dbc2a3180d49e49f88de5ab034f95f1a0a8d75cf295a4b,pooled_across_EbNo,,additive_vs_pSA_specific,additive_fixed,pSA_specific_fixed,0.01415625,0.02298263888888889,0.008826388888888889,0.384045928387974,-0.21045166963604697,1,0,0,0.11933333333333333,0.21166666666666667,0.09233333333333334,0.4362204724409449,-0.2488906986481013,1,0,0,independent_code_realization
N96_M48,new_05,C05,new,2026082706,026bd1eaf096a41944dbc2a3180d49e49f88de5ab034f95f1a0a8d75cf295a4b,pooled_across_EbNo,,additive_vs_matched_ablation,additive_fixed,matched_lambda0_ablation,0.01415625,0.03569791666666667,0.021541666666666667,0.6034432448205427,-0.4016946476973727,1,0,0,0.11933333333333333,0.31333333333333335,0.194,0.6191489361702127,-0.4192448269558243,1,0,0,independent_code_realization
N96_M48,new_05,C05,new,2026082706,026bd1eaf096a41944dbc2a3180d49e49f88de5ab034f95f1a0a8d75cf295a4b,pooled_across_EbNo,,pSA_specific_vs_matched_ablation,pSA_specific_fixed,matched_lambda0_ablation,0.02298263888888889,0.03569791666666667,0.01271527777777778,0.3561910320007782,-0.19124297806132567,1,0,0,0.21166666666666667,0.31333333333333335,0.10166666666666668,0.32446808510638303,-0.17035412830772304,1,0,0,independent_code_realization
N96_M48,new_06,C06,new,2026082707,47d9c6bb6c823c7cfd0a7639b29b34f27b27d9278960ff82a10909709bce4707,per_EbNo,2.0,additive_vs_pSA_specific,additive_fixed,pSA_specific_fixed,0.022927083333333334,0.037072916666666664,0.01414583333333333,0.38156785613936495,-0.2087079454504979,1,0,0,0.167,0.331,0.164,0.4954682779456193,-0.29711152262813545,1,0,0,independent_code_realization
N96_M48,new_06,C06,new,2026082707,47d9c6bb6c823c7cfd0a7639b29b34f27b27d9278960ff82a10909709bce4707,per_EbNo,2.0,additive_vs_matched_ablation,additive_fixed,matched_lambda0_ablation,0.022927083333333334,0.0578125,0.03488541666666667,0.6034234234234235,-0.4016729405693283,1,0,0,0.167,0.511,0.344,0.6731898238747553,-0.4857044289871294,1,0,0,independent_code_realization
N96_M48,new_06,C06,new,2026082707,47d9c6bb6c823c7cfd0a7639b29b34f27b27d9278960ff82a10909709bce4707,per_EbNo,2.0,pSA_specific_vs_matched_ablation,pSA_specific_fixed,matched_lambda0_ablation,0.037072916666666664,0.0578125,0.02073958333333334,0.3587387387387388,-0.19296499511883042,1,0,0,0.331,0.511,0.18,0.3522504892367906,-0.18859290635899398,1,0,0,independent_code_realization
N96_M48,new_06,C06,new,2026082707,47d9c6bb6c823c7cfd0a7639b29b34f27b27d9278960ff82a10909709bce4707,per_EbNo,2.5,additive_vs_pSA_specific,additive_fixed,pSA_specific_fixed,0.0123125,0.020645833333333332,0.008333333333333331,0.40363269424823406,-0.2244861736040199,1,0,0,0.096,0.188,0.092,0.48936170212765956,-0.2918866162241115,1,0,0,independent_code_realization
N96_M48,new_06,C06,new,2026082707,47d9c6bb6c823c7cfd0a7639b29b34f27b27d9278960ff82a10909709bce4707,per_EbNo,2.5,additive_vs_matched_ablation,additive_fixed,matched_lambda0_ablation,0.0123125,0.030802083333333334,0.018489583333333334,0.6002705444707473,-0.398233847980881,1,0,0,0.096,0.275,0.17900000000000002,0.6509090909090909,-0.45706146079069426,1,0,0,independent_code_realization
N96_M48,new_06,C06,new,2026082707,47d9c6bb6c823c7cfd0a7639b29b34f27b27d9278960ff82a10909709bce4707,per_EbNo,2.5,pSA_specific_vs_matched_ablation,pSA_specific_fixed,matched_lambda0_ablation,0.020645833333333332,0.030802083333333334,0.010156250000000002,0.3297260737233683,-0.17374767437686117,1,0,0,0.188,0.275,0.08700000000000002,0.3163636363636364,-0.16517484456658282,1,0,0,independent_code_realization
N96_M48,new_06,C06,new,2026082707,47d9c6bb6c823c7cfd0a7639b29b34f27b27d9278960ff82a10909709bce4707,per_EbNo,3.0,additive_vs_pSA_specific,additive_fixed,pSA_specific_fixed,0.004114583333333333,0.00878125,0.004666666666666668,0.5314353499406881,-0.32923047899828217,1,0,0,0.037,0.088,0.051,0.5795454545454546,-0.37628094808317364,1,0,0,independent_code_realization
N96_M48,new_06,C06,new,2026082707,47d9c6bb6c823c7cfd0a7639b29b34f27b27d9278960ff82a10909709bce4707,per_EbNo,3.0,additive_vs_matched_ablation,additive_fixed,matched_lambda0_ablation,0.004114583333333333,0.01265625,0.008541666666666668,0.6748971193415638,-0.4879791823078708,1,0,0,0.037,0.119,0.08199999999999999,0.6890756302521008,-0.5073452373255357,1,0,0,independent_code_realization
N96_M48,new_06,C06,new,2026082707,47d9c6bb6c823c7cfd0a7639b29b34f27b27d9278960ff82a10909709bce4707,per_EbNo,3.0,pSA_specific_vs_matched_ablation,pSA_specific_fixed,matched_lambda0_ablation,0.00878125,0.01265625,0.003875,0.3061728395061728,-0.15874870330958862,1,0,0,0.088,0.119,0.031,0.2605042016806723,-0.1310642892423621,1,0,0,independent_code_realization
N96_M48,new_06,C06,new,2026082707,47d9c6bb6c823c7cfd0a7639b29b34f27b27d9278960ff82a10909709bce4707,pooled_across_EbNo,,additive_vs_pSA_specific,additive_fixed,pSA_specific_fixed,0.013118055555555556,0.022166666666666668,0.009048611111111111,0.4082080200501253,-0.22783092475685826,1,0,0,0.1,0.20233333333333334,0.10233333333333333,0.5057660626029654,-0.3060674363555951,1,0,0,independent_code_realization
N96_M48,new_06,C06,new,2026082707,47d9c6bb6c823c7cfd0a7639b29b34f27b27d9278960ff82a10909709bce4707,pooled_across_EbNo,,additive_vs_matched_ablation,additive_fixed,matched_lambda0_ablation,0.013118055555555556,0.033756944444444444,0.020638888888888887,0.6113968319275869,-0.4104936631527085,1,0,0,0.1,0.3016666666666667,0.2016666666666667,0.6685082872928176,-0.4795273244855409,1,0,0,independent_code_realization
N96_M48,new_06,C06,new,2026082707,47d9c6bb6c823c7cfd0a7639b29b34f27b27d9278960ff82a10909709bce4707,pooled_across_EbNo,,pSA_specific_vs_matched_ablation,pSA_specific_fixed,matched_lambda0_ablation,0.022166666666666668,0.033756944444444444,0.011590277777777776,0.3433449907426455,-0.1826627383958503,1,0,0,0.20233333333333334,0.3016666666666667,0.09933333333333336,0.32928176795580116,-0.17345988812994573,1,0,0,independent_code_realization
N96_M48,new_07,C07,new,2026082708,bceb8ea4474c4ff60e9ed323d2b83f246d601ff90da09b5e114d1a736f73eeac,per_EbNo,2.0,additive_vs_pSA_specific,additive_fixed,pSA_specific_fixed,0.025197916666666667,0.03601041666666667,0.010812500000000003,0.30026034133641893,-0.15506351118052714,1,0,0,0.194,0.312,0.118,0.3782051282051282,-0.20635286408821674,1,0,0,independent_code_realization
N96_M48,new_07,C07,new,2026082708,bceb8ea4474c4ff60e9ed323d2b83f246d601ff90da09b5e114d1a736f73eeac,per_EbNo,2.0,additive_vs_matched_ablation,additive_fixed,matched_lambda0_ablation,0.025197916666666667,0.057895833333333334,0.03269791666666667,0.5647715005397625,-0.3612826740794734,1,0,0,0.194,0.513,0.319,0.621832358674464,-0.42231563518159027,1,0,0,independent_code_realization
N96_M48,new_07,C07,new,2026082708,bceb8ea4474c4ff60e9ed323d2b83f246d601ff90da09b5e114d1a736f73eeac,per_EbNo,2.0,pSA_specific_vs_matched_ablation,pSA_specific_fixed,matched_lambda0_ablation,0.03601041666666667,0.057895833333333334,0.021885416666666664,0.37801367398344726,-0.20621916289894623,1,0,0,0.312,0.513,0.201,0.39181286549707606,-0.2159627710933735,1,0,0,independent_code_realization
N96_M48,new_07,C07,new,2026082708,bceb8ea4474c4ff60e9ed323d2b83f246d601ff90da09b5e114d1a736f73eeac,per_EbNo,2.5,additive_vs_pSA_specific,additive_fixed,pSA_specific_fixed,0.012572916666666666,0.0181875,0.0056145833333333325,0.3087056128293241,-0.16033696927220173,1,0,0,0.096,0.164,0.068,0.41463414634146345,-0.2325726150081295,1,0,0,independent_code_realization
N96_M48,new_07,C07,new,2026082708,bceb8ea4474c4ff60e9ed323d2b83f246d601ff90da09b5e114d1a736f73eeac,per_EbNo,2.5,additive_vs_matched_ablation,additive_fixed,matched_lambda0_ablation,0.012572916666666666,0.031697916666666666,0.019125,0.6033519553072626,-0.4015946822608179,1,0,0,0.096,0.288,0.19199999999999998,0.6666666666666666,-0.4771212547196624,1,0,0,independent_code_realization
N96_M48,new_07,C07,new,2026082708,bceb8ea4474c4ff60e9ed323d2b83f246d601ff90da09b5e114d1a736f73eeac,per_EbNo,2.5,pSA_specific_vs_matched_ablation,pSA_specific_fixed,matched_lambda0_ablation,0.0181875,0.031697916666666666,0.013510416666666667,0.42622412093328954,-0.2412577129886162,1,0,0,0.164,0.288,0.12399999999999997,0.43055555555555547,-0.2445486397115329,1,0,0,independent_code_realization
N96_M48,new_07,C07,new,2026082708,bceb8ea4474c4ff60e9ed323d2b83f246d601ff90da09b5e114d1a736f73eeac,per_EbNo,3.0,additive_vs_pSA_specific,additive_fixed,pSA_specific_fixed,0.0056875,0.008458333333333333,0.0027708333333333335,0.32758620689655177,-0.17236338653643807,1,0,0,0.051,0.087,0.036,0.41379310344827586,-0.2319490765206822,1,0,0,independent_code_realization
N96_M48,new_07,C07,new,2026082708,bceb8ea4474c4ff60e9ed323d2b83f246d601ff90da09b5e114d1a736f73eeac,per_EbNo,3.0,additive_vs_matched_ablation,additive_fixed,matched_lambda0_ablation,0.0056875,0.012364583333333333,0.0066770833333333335,0.540016849199663,-0.337258076249854,1,0,0,0.051,0.114,0.063,0.5526315789473684,-0.3493346752385363,1,0,0,independent_code_realization
N96_M48,new_07,C07,new,2026082708,bceb8ea4474c4ff60e9ed323d2b83f246d601ff90da09b5e114d1a736f73eeac,per_EbNo,3.0,pSA_specific_vs_matched_ablation,pSA_specific_fixed,matched_lambda0_ablation,0.008458333333333333,0.012364583333333333,0.00390625,0.3159224936815501,-0.16489468971341592,1,0,0,0.087,0.114,0.02700000000000001,0.23684210526315796,-0.1173855987178541,1,0,0,independent_code_realization
N96_M48,new_07,C07,new,2026082708,bceb8ea4474c4ff60e9ed323d2b83f246d601ff90da09b5e114d1a736f73eeac,pooled_across_EbNo,,additive_vs_pSA_specific,additive_fixed,pSA_specific_fixed,0.014486111111111111,0.020885416666666667,0.006399305555555556,0.3064006650041563,-0.1588913319213703,1,0,0,0.11366666666666667,0.18766666666666668,0.07400000000000001,0.394316163410302,-0.21775401585884852,1,0,0,independent_code_realization
N96_M48,new_07,C07,new,2026082708,bceb8ea4474c4ff60e9ed323d2b83f246d601ff90da09b5e114d1a736f73eeac,pooled_across_EbNo,,additive_vs_matched_ablation,additive_fixed,matched_lambda0_ablation,0.014486111111111111,0.03398611111111111,0.019500000000000003,0.5737637923988558,-0.37034966092525834,1,0,0,0.11366666666666667,0.305,0.19133333333333333,0.6273224043715847,-0.42866671507395054,1,0,0,independent_code_realization
N96_M48,new_07,C07,new,2026082708,bceb8ea4474c4ff60e9ed323d2b83f246d601ff90da09b5e114d1a736f73eeac,pooled_across_EbNo,,pSA_specific_vs_matched_ablation,pSA_specific_fixed,matched_lambda0_ablation,0.020885416666666667,0.03398611111111111,0.013100694444444446,0.38547200653861874,-0.21145832900388808,1,0,0,0.18766666666666668,0.305,0.11733333333333332,0.38469945355191254,-0.210912699215102,1,0,0,independent_code_realization
N96_M48,new_08,C08,new,2026082709,739576a7430edd0513a932265b55325eaa02f404164345c0a026af382698f752,per_EbNo,2.0,additive_vs_pSA_specific,additive_fixed,pSA_specific_fixed,0.025895833333333333,0.0413125,0.015416666666666669,0.373171961674231,-0.2028515855636579,1,0,0,0.204,0.368,0.164,0.4456521739130435,-0.25621765124761886,1,0,0,independent_code_realization
N96_M48,new_08,C08,new,2026082709,739576a7430edd0513a932265b55325eaa02f404164345c0a026af382698f752,per_EbNo,2.0,additive_vs_matched_ablation,additive_fixed,matched_lambda0_ablation,0.025895833333333333,0.06059375,0.03469791666666667,0.5726319408629879,-0.3691979394927419,1,0,0,0.204,0.533,0.32900000000000007,0.6172607879924954,-0.41709704160067357,1,0,0,independent_code_realization
N96_M48,new_08,C08,new,2026082709,739576a7430edd0513a932265b55325eaa02f404164345c0a026af382698f752,per_EbNo,2.0,pSA_specific_vs_matched_ablation,pSA_specific_fixed,matched_lambda0_ablation,0.0413125,0.06059375,0.01928125,0.3182052604435276,-0.16634635392908395,1,0,0,0.368,0.533,0.16500000000000004,0.3095684803001877,-0.16087939035305465,1,0,0,independent_code_realization
N96_M48,new_08,C08,new,2026082709,739576a7430edd0513a932265b55325eaa02f404164345c0a026af382698f752,per_EbNo,2.5,additive_vs_pSA_specific,additive_fixed,pSA_specific_fixed,0.011208333333333334,0.019520833333333334,0.0083125,0.4258271077908218,-0.2409573152213891,1,0,0,0.09,0.182,0.092,0.5054945054945055,-0.3058288785457499,1,0,0,independent_code_realization
N96_M48,new_08,C08,new,2026082709,739576a7430edd0513a932265b55325eaa02f404164345c0a026af382698f752,per_EbNo,2.5,additive_vs_matched_ablation,additive_fixed,matched_lambda0_ablation,0.011208333333333334,0.03234375,0.021135416666666663,0.6534621578099838,-0.46024933318222855,1,0,0,0.09,0.292,0.20199999999999999,0.6917808219178082,-0.5111403420090934,1,0,0,independent_code_realization
N96_M48,new_08,C08,new,2026082709,739576a7430edd0513a932265b55325eaa02f404164345c0a026af382698f752,per_EbNo,2.5,pSA_specific_vs_matched_ablation,pSA_specific_fixed,matched_lambda0_ablation,0.019520833333333334,0.03234375,0.012822916666666663,0.39645732689210944,-0.2192920179608395,1,0,0,0.182,0.292,0.10999999999999999,0.37671232876712324,-0.20531146346334347,1,0,0,independent_code_realization
N96_M48,new_08,C08,new,2026082709,739576a7430edd0513a932265b55325eaa02f404164345c0a026af382698f752,per_EbNo,3.0,additive_vs_pSA_specific,additive_fixed,pSA_specific_fixed,0.004916666666666666,0.008854166666666666,0.0039375,0.4447058823529412,-0.255476927080205,1,0,0,0.052,0.091,0.039,0.4285714285714286,-0.24303804868629447,1,0,0,independent_code_realization
N96_M48,new_08,C08,new,2026082709,739576a7430edd0513a932265b55325eaa02f404164345c0a026af382698f752,per_EbNo,3.0,additive_vs_matched_ablation,additive_fixed,matched_lambda0_ablation,0.004916666666666666,0.015302083333333332,0.010385416666666666,0.6786929884275017,-0.49307979715616873,1,0,0,0.052,0.139,0.08700000000000002,0.6258992805755397,-0.42701145661929596,1,0,0,independent_code_realization
N96_M48,new_08,C08,new,2026082709,739576a7430edd0513a932265b55325eaa02f404164345c0a026af382698f752,per_EbNo,3.0,pSA_specific_vs_matched_ablation,pSA_specific_fixed,matched_lambda0_ablation,0.008854166666666666,0.015302083333333332,0.006447916666666666,0.42137508509189925,-0.23760287007596376,1,0,0,0.091,0.139,0.048000000000000015,0.3453237410071943,-0.18397340793300154,1,0,0,independent_code_realization
N96_M48,new_08,C08,new,2026082709,739576a7430edd0513a932265b55325eaa02f404164345c0a026af382698f752,pooled_across_EbNo,,additive_vs_pSA_specific,additive_fixed,pSA_specific_fixed,0.014006944444444445,0.023229166666666665,0.00922222222222222,0.3970104633781763,-0.21969022389107645,1,0,0,0.11533333333333333,0.21366666666666667,0.09833333333333334,0.4602184087363495,-0.2677819307260408,1,0,0,independent_code_realization
N96_M48,new_08,C08,new,2026082709,739576a7430edd0513a932265b55325eaa02f404164345c0a026af382698f752,pooled_across_EbNo,,additive_vs_matched_ablation,additive_fixed,matched_lambda0_ablation,0.014006944444444445,0.03607986111111111,0.022072916666666664,0.6117794245019728,-0.4109214509454554,1,0,0,0.11533333333333333,0.32133333333333336,0.20600000000000002,0.6410788381742739,-0.44500093511005423,1,0,0,independent_code_realization
N96_M48,new_08,C08,new,2026082709,739576a7430edd0513a932265b55325eaa02f404164345c0a026af382698f752,pooled_across_EbNo,,pSA_specific_vs_matched_ablation,pSA_specific_fixed,matched_lambda0_ablation,0.023229166666666665,0.03607986111111111,0.012850694444444446,0.3561736117794245,-0.19123122705437895,1,0,0,0.21366666666666667,0.32133333333333336,0.10766666666666669,0.33506224066390045,-0.17721900438401336,1,0,0,independent_code_realization
N96_M48,new_09,C09,new,2026082710,36492256e7184aaa2cc19111c76751b01c02223ad717cbbeff3344e5ac830ae2,per_EbNo,2.0,additive_vs_pSA_specific,additive_fixed,pSA_specific_fixed,0.02203125,0.03717708333333333,0.015145833333333334,0.4073970299803867,-0.22723617624459935,1,0,0,0.176,0.332,0.15600000000000003,0.4698795180722892,-0.27562541588988654,1,0,0,independent_code_realization
N96_M48,new_09,C09,new,2026082710,36492256e7184aaa2cc19111c76751b01c02223ad717cbbeff3344e5ac830ae2,per_EbNo,2.0,additive_vs_matched_ablation,additive_fixed,matched_lambda0_ablation,0.02203125,0.05713541666666667,0.03510416666666667,0.6144029170464905,-0.4138662601996688,1,0,0,0.176,0.504,0.328,0.6507936507936508,-0.4569178686313755,1,0,0,independent_code_realization
N96_M48,new_09,C09,new,2026082710,36492256e7184aaa2cc19111c76751b01c02223ad717cbbeff3344e5ac830ae2,per_EbNo,2.0,pSA_specific_vs_matched_ablation,pSA_specific_fixed,matched_lambda0_ablation,0.03717708333333333,0.05713541666666667,0.019958333333333335,0.34931631722880585,-0.18663008395506953,1,0,0,0.332,0.504,0.172,0.3412698412698412,-0.181292452741489,1,0,0,independent_code_realization
N96_M48,new_09,C09,new,2026082710,36492256e7184aaa2cc19111c76751b01c02223ad717cbbeff3344e5ac830ae2,per_EbNo,2.5,additive_vs_pSA_specific,additive_fixed,pSA_specific_fixed,0.01184375,0.017552083333333333,0.005708333333333333,0.32522255192878335,-0.17083944051962263,1,0,0,0.1,0.165,0.065,0.3939393939393939,-0.21748394421390627,1,0,0,independent_code_realization
N96_M48,new_09,C09,new,2026082710,36492256e7184aaa2cc19111c76751b01c02223ad717cbbeff3344e5ac830ae2,per_EbNo,2.5,additive_vs_matched_ablation,additive_fixed,matched_lambda0_ablation,0.01184375,0.029697916666666668,0.017854166666666667,0.6011925640126271,-0.3992367526217252,1,0,0,0.1,0.267,0.167,0.6254681647940075,-0.4265112613645752,1,0,0,independent_code_realization
N96_M48,new_09,C09,new,2026082710,36492256e7184aaa2cc19111c76751b01c02223ad717cbbeff3344e5ac830ae2,per_EbNo,2.5,pSA_specific_vs_matched_ablation,pSA_specific_fixed,matched_lambda0_ablation,0.017552083333333333,0.029697916666666668,0.012145833333333335,0.40897930550683975,-0.22839731210210254,1,0,0,0.165,0.267,0.10200000000000001,0.38202247191011235,-0.20902731715066897,1,0,0,independent_code_realization
N96_M48,new_09,C09,new,2026082710,36492256e7184aaa2cc19111c76751b01c02223ad717cbbeff3344e5ac830ae2,per_EbNo,3.0,additive_vs_pSA_specific,additive_fixed,pSA_specific_fixed,0.0050625,0.00803125,0.00296875,0.36964980544747084,-0.20041810878866362,1,0,0,0.044,0.078,0.034,0.4358974358974359,-0.24864192620429298,1,0,0,independent_code_realization
N96_M48,new_09,C09,new,2026082710,36492256e7184aaa2cc19111c76751b01c02223ad717cbbeff3344e5ac830ae2,per_EbNo,3.0,additive_vs_matched_ablation,additive_fixed,matched_lambda0_ablation,0.0050625,0.014729166666666666,0.009666666666666667,0.6562942008486563,-0.46381314019858716,1,0,0,0.044,0.136,0.09200000000000001,0.6764705882352942,-0.4900862318840301,1,0,0,independent_code_realization
N96_M48,new_09,C09,new,2026082710,36492256e7184aaa2cc19111c76751b01c02223ad717cbbeff3344e5ac830ae2,per_EbNo,3.0,pSA_specific_vs_matched_ablation,pSA_specific_fixed,matched_lambda0_ablation,0.00803125,0.014729166666666666,0.006697916666666666,0.45473833097595473,-0.2633950314099236,1,0,0,0.078,0.136,0.05800000000000001,0.42647058823529416,-0.24144430567973715,1,0,0,independent_code_realization
N96_M48,new_09,C09,new,2026082710,36492256e7184aaa2cc19111c76751b01c02223ad717cbbeff3344e5ac830ae2,pooled_across_EbNo,,additive_vs_pSA_specific,additive_fixed,pSA_specific_fixed,0.012979166666666667,0.020920138888888887,0.00794097222222222,0.37958506224066385,-0.20731775420409276,1,0,0,0.10666666666666667,0.19166666666666668,0.085,0.4434782608695652,-0.2545178663697245,1,0,0,independent_code_realization
N96_M48,new_09,C09,new,2026082710,36492256e7184aaa2cc19111c76751b01c02223ad717cbbeff3344e5ac830ae2,pooled_across_EbNo,,additive_vs_matched_ablation,additive_fixed,matched_lambda0_ablation,0.012979166666666667,0.033854166666666664,0.020874999999999998,0.6166153846153846,-0.4163653186557235,1,0,0,0.10666666666666667,0.30233333333333334,0.19566666666666666,0.6471885336273429,-0.45245730874018925,1,0,0,independent_code_realization
N96_M48,new_09,C09,new,2026082710,36492256e7184aaa2cc19111c76751b01c02223ad717cbbeff3344e5ac830ae2,pooled_across_EbNo,,pSA_specific_vs_matched_ablation,pSA_specific_fixed,matched_lambda0_ablation,0.020920138888888887,0.033854166666666664,0.012934027777777777,0.382051282051282,-0.2090475644516308,1,0,0,0.19166666666666668,0.30233333333333334,0.11066666666666666,0.36604189636163176,-0.19793944237046476,1,0,0,independent_code_realization
N192_M96,existing_00,C00,existing,0,b9a46989f2722376619cc71afd84426abe1af5507d46bc165c0433a02688dba0,per_EbNo,2.0,additive_vs_pSA_specific,additive_fixed,pSA_specific_fixed,0.017145833333333332,0.053864583333333334,0.03671875,0.6816863275962096,-0.4971447068958188,1,0,0,0.124,0.533,0.40900000000000003,0.7673545966228893,-0.6333055238643372,1,0,0,independent_code_realization
N192_M96,existing_00,C00,existing,0,b9a46989f2722376619cc71afd84426abe1af5507d46bc165c0433a02688dba0,per_EbNo,2.0,additive_vs_matched_ablation,additive_fixed,matched_lambda0_ablation,0.017145833333333332,0.30209375,0.28494791666666663,0.9432433364366745,-1.2459831424362995,1,0,0,0.124,1.0,0.876,0.876,-0.906578314837765,1,0,0,independent_code_realization
N192_M96,existing_00,C00,existing,0,b9a46989f2722376619cc71afd84426abe1af5507d46bc165c0433a02688dba0,per_EbNo,2.0,pSA_specific_vs_matched_ablation,pSA_specific_fixed,matched_lambda0_ablation,0.053864583333333334,0.30209375,0.24822916666666667,0.8216958035929796,-0.7488384355404808,1,0,0,0.533,1.0,0.46699999999999997,0.46699999999999997,-0.2732727909734277,1,0,0,independent_code_realization
N192_M96,existing_00,C00,existing,0,b9a46989f2722376619cc71afd84426abe1af5507d46bc165c0433a02688dba0,per_EbNo,2.5,additive_vs_pSA_specific,additive_fixed,pSA_specific_fixed,0.004432291666666667,0.028,0.023567708333333333,0.8417038690476191,-0.800529699961181,1,0,0,0.043,0.312,0.269,0.8621794871794872,-0.8606861384388563,1,0,0,independent_code_realization
N192_M96,existing_00,C00,existing,0,b9a46989f2722376619cc71afd84426abe1af5507d46bc165c0433a02688dba0,per_EbNo,2.5,additive_vs_matched_ablation,additive_fixed,matched_lambda0_ablation,0.004432291666666667,0.28228125,0.27784895833333334,0.9842983135909075,-1.8040537005314774,1,0,0,0.043,1.0,0.957,0.957,-1.3665315444204136,1,0,0,independent_code_realization
N192_M96,existing_00,C00,existing,0,b9a46989f2722376619cc71afd84426abe1af5507d46bc165c0433a02688dba0,per_EbNo,2.5,pSA_specific_vs_matched_ablation,pSA_specific_fixed,matched_lambda0_ablation,0.028,0.28228125,0.25428124999999996,0.9008081479021365,-1.0035240005702966,1,0,0,0.312,1.0,0.688,0.688,-0.5058454059815573,1,0,0,independent_code_realization
N192_M96,existing_00,C00,existing,0,b9a46989f2722376619cc71afd84426abe1af5507d46bc165c0433a02688dba0,per_EbNo,3.0,additive_vs_pSA_specific,additive_fixed,pSA_specific_fixed,0.0013229166666666667,0.010239583333333333,0.008916666666666666,0.8708036622583927,-0.8887497968761787,1,0,0,0.014,0.125,0.111,0.888,-0.9507819773298184,1,0,0,independent_code_realization
N192_M96,existing_00,C00,existing,0,b9a46989f2722376619cc71afd84426abe1af5507d46bc165c0433a02688dba0,per_EbNo,3.0,additive_vs_matched_ablation,additive_fixed,matched_lambda0_ablation,0.0013229166666666667,0.25953125,0.2582083333333333,0.9949026690748545,-2.2926571705511187,1,0,0,0.014,0.999,0.985,0.985985985985986,-1.8534374525477444,1,0,0,independent_code_realization
N192_M96,existing_00,C00,existing,0,b9a46989f2722376619cc71afd84426abe1af5507d46bc165c0433a02688dba0,per_EbNo,3.0,pSA_specific_vs_matched_ablation,pSA_specific_fixed,matched_lambda0_ablation,0.010239583333333333,0.25953125,0.24929166666666666,0.9605458559100943,-1.4039073736749401,1,0,0,0.125,0.999,0.874,0.8748748748748749,-0.9026554752179259,1,0,0,independent_code_realization
N192_M96,existing_00,C00,existing,0,b9a46989f2722376619cc71afd84426abe1af5507d46bc165c0433a02688dba0,pooled_across_EbNo,,additive_vs_pSA_specific,additive_fixed,pSA_specific_fixed,0.007633680555555556,0.03070138888888889,0.023067708333333332,0.7513571590137977,-0.6044240406141301,1,0,0,0.060333333333333336,0.3233333333333333,0.26299999999999996,0.81340206185567,-0.7290931593970603,1,0,0,independent_code_realization
N192_M96,existing_00,C00,existing,0,b9a46989f2722376619cc71afd84426abe1af5507d46bc165c0433a02688dba0,pooled_across_EbNo,,additive_vs_matched_ablation,additive_fixed,matched_lambda0_ablation,0.007633680555555556,0.28130208333333334,0.27366840277777776,0.9728630500524593,-1.5664389663811498,1,0,0,0.060333333333333336,0.9996666666666667,0.9393333333333334,0.9396465488496165,-1.2192978908903427,1,0,0,independent_code_realization
N192_M96,existing_00,C00,existing,0,b9a46989f2722376619cc71afd84426abe1af5507d46bc165c0433a02688dba0,pooled_across_EbNo,,pSA_specific_vs_matched_ablation,pSA_specific_fixed,matched_lambda0_ablation,0.03070138888888889,0.28130208333333334,0.25060069444444444,0.8908597173362957,-0.9620149257670195,1,0,0,0.3233333333333333,0.9996666666666667,0.6763333333333335,0.6765588529509837,-0.49020473149328236,1,0,0,independent_code_realization
N192_M96,new_01,C01,new,2026082701,a28501c1d8835679c90f0a33ec7ba676312b6ce805367a8e5c204e0a460d7be6,per_EbNo,2.0,additive_vs_pSA_specific,additive_fixed,pSA_specific_fixed,0.017489583333333333,0.055817708333333334,0.038328125000000005,0.6866660446020342,-0.5039925389104879,1,0,0,0.144,0.561,0.41700000000000004,0.7433155080213903,-0.5906003691609119,1,0,0,independent_code_realization
N192_M96,new_01,C01,new,2026082701,a28501c1d8835679c90f0a33ec7ba676312b6ce805367a8e5c204e0a460d7be6,per_EbNo,2.0,additive_vs_matched_ablation,additive_fixed,matched_lambda0_ablation,0.017489583333333333,0.30258854166666665,0.2850989583333333,0.9422001136031121,-1.238073015165166,1,0,0,0.144,1.0,0.856,0.856,-0.8416375079047503,1,0,0,independent_code_realization
N192_M96,new_01,C01,new,2026082701,a28501c1d8835679c90f0a33ec7ba676312b6ce805367a8e5c204e0a460d7be6,per_EbNo,2.0,pSA_specific_vs_matched_ablation,pSA_specific_fixed,matched_lambda0_ablation,0.055817708333333334,0.30258854166666665,0.24677083333333333,0.8155326436821179,-0.734080476254678,1,0,0,0.561,1.0,0.43899999999999995,0.43899999999999995,-0.25103713874383854,1,0,0,independent_code_realization
N192_M96,new_01,C01,new,2026082701,a28501c1d8835679c90f0a33ec7ba676312b6ce805367a8e5c204e0a460d7be6,per_EbNo,2.5,additive_vs_pSA_specific,additive_fixed,pSA_specific_fixed,0.0047552083333333335,0.0266875,0.021932291666666666,0.8218188914910226,-0.7491383435383497,1,0,0,0.051,0.291,0.24,0.8247422680412372,-0.756322812887971,1,0,0,independent_code_realization
N192_M96,new_01,C01,new,2026082701,a28501c1d8835679c90f0a33ec7ba676312b6ce805367a8e5c204e0a460d7be6,per_EbNo,2.5,additive_vs_matched_ablation,additive_fixed,matched_lambda0_ablation,0.0047552083333333335,0.281578125,0.2768229166666667,0.9831122949151916,-1.7724293638523811,1,0,0,0.051,1.0,0.949,0.949,-1.2924298239020637,1,0,0,independent_code_realization
N192_M96,new_01,C01,new,2026082701,a28501c1d8835679c90f0a33ec7ba676312b6ce805367a8e5c204e0a460d7be6,per_EbNo,2.5,pSA_specific_vs_matched_ablation,pSA_specific_fixed,matched_lambda0_ablation,0.0266875,0.281578125,0.25489062500000004,0.9052216858109984,-1.0232910203140315,1,0,0,0.291,1.0,0.7090000000000001,0.7090000000000001,-0.5361070110140927,1,0,0,independent_code_realization
N192_M96,new_01,C01,new,2026082701,a28501c1d8835679c90f0a33ec7ba676312b6ce805367a8e5c204e0a460d7be6,per_EbNo,3.0,additive_vs_pSA_specific,additive_fixed,pSA_specific_fixed,0.0009635416666666667,0.00925,0.008286458333333333,0.8958333333333334,-0.9822712330395684,1,0,0,0.019,0.124,0.105,0.8467741935483871,-0.8146680842094061,1,0,0,independent_code_realization
N192_M96,new_01,C01,new,2026082701,a28501c1d8835679c90f0a33ec7ba676312b6ce805367a8e5c204e0a460d7be6,per_EbNo,3.0,additive_vs_matched_ablation,additive_fixed,matched_lambda0_ablation,0.0009635416666666667,0.2610104166666667,0.260046875,0.9963084168096739,-2.432787340246402,1,0,0,0.019,1.0,0.981,0.981,-1.7212463990471711,1,0,0,independent_code_realization
N192_M96,new_01,C01,new,2026082701,a28501c1d8835679c90f0a33ec7ba676312b6ce805367a8e5c204e0a460d7be6,per_EbNo,3.0,pSA_specific_vs_matched_ablation,pSA_specific_fixed,matched_lambda0_ablation,0.00925,0.2610104166666667,0.2517604166666667,0.9645608013728699,-1.4505161072068338,1,0,0,0.124,1.0,0.876,0.876,-0.906578314837765,1,0,0,independent_code_realization
N192_M96,new_01,C01,new,2026082701,a28501c1d8835679c90f0a33ec7ba676312b6ce805367a8e5c204e0a460d7be6,pooled_across_EbNo,,additive_vs_pSA_specific,additive_fixed,pSA_specific_fixed,0.007736111111111111,0.030585069444444446,0.022848958333333336,0.7470624964522904,-0.5969867721729296,1,0,0,0.07133333333333333,0.3253333333333333,0.254,0.7807377049180328,-0.659036044317501,1,0,0,independent_code_realization
N192_M96,new_01,C01,new,2026082701,a28501c1d8835679c90f0a33ec7ba676312b6ce805367a8e5c204e0a460d7be6,pooled_across_EbNo,,additive_vs_matched_ablation,additive_fixed,matched_lambda0_ablation,0.007736111111111111,0.28172569444444445,0.27398958333333334,0.9725402713928294,-1.5613037593421875,1,0,0,0.07133333333333333,1.0,0.9286666666666666,0.9286666666666666,-1.1467074813704716,1,0,0,independent_code_realization
N192_M96,new_01,C01,new,2026082701,a28501c1d8835679c90f0a33ec7ba676312b6ce805367a8e5c204e0a460d7be6,pooled_across_EbNo,,pSA_specific_vs_matched_ablation,pSA_specific_fixed,matched_lambda0_ablation,0.030585069444444446,0.28172569444444445,0.251140625,0.8914367058185538,-0.9643169871692577,1,0,0,0.3253333333333333,1.0,0.6746666666666667,0.6746666666666667,-0.48767143705297067,1,0,0,independent_code_realization
N192_M96,new_02,C02,new,2026082702,6904f018d720f85f9dfd8cc3c9b07950da23e63cd1a08801cb8445ceb5209678,per_EbNo,2.0,additive_vs_pSA_specific,additive_fixed,pSA_specific_fixed,0.015708333333333335,0.05381770833333333,0.038109375,0.7081196167618311,-0.534795092191493,1,0,0,0.12,0.538,0.41800000000000004,0.7769516728624536,-0.6516010296187644,1,0,0,independent_code_realization
N192_M96,new_02,C02,new,2026082702,6904f018d720f85f9dfd8cc3c9b07950da23e63cd1a08801cb8445ceb5209678,per_EbNo,2.0,additive_vs_matched_ablation,additive_fixed,matched_lambda0_ablation,0.015708333333333335,0.301625,0.28591666666666665,0.9479209835612654,-1.2833372264226555,1,0,0,0.12,1.0,0.88,0.88,-0.9208187539523752,1,0,0,independent_code_realization
N192_M96,new_02,C02,new,2026082702,6904f018d720f85f9dfd8cc3c9b07950da23e63cd1a08801cb8445ceb5209678,per_EbNo,2.0,pSA_specific_vs_matched_ablation,pSA_specific_fixed,matched_lambda0_ablation,0.05381770833333333,0.301625,0.24780729166666665,0.8215741124464705,-0.7485421342311623,1,0,0,0.538,1.0,0.46199999999999997,0.46199999999999997,-0.2692177243336108,1,0,0,independent_code_realization
N192_M96,new_02,C02,new,2026082702,6904f018d720f85f9dfd8cc3c9b07950da23e63cd1a08801cb8445ceb5209678,per_EbNo,2.5,additive_vs_pSA_specific,additive_fixed,pSA_specific_fixed,0.003625,0.026052083333333333,0.022427083333333334,0.8608556577369052,-0.8565344477839216,1,0,0,0.035,0.294,0.259,0.880952380952381,-0.9242792860618816,1,0,0,independent_code_realization
N192_M96,new_02,C02,new,2026082702,6904f018d720f85f9dfd8cc3c9b07950da23e63cd1a08801cb8445ceb5209678,per_EbNo,2.5,additive_vs_matched_ablation,additive_fixed,matched_lambda0_ablation,0.003625,0.28139583333333335,0.27777083333333336,0.9871177907751537,-1.8900096515814144,1,0,0,0.035,1.0,0.965,0.965,-1.4559319556497243,1,0,0,independent_code_realization
N192_M96,new_02,C02,new,2026082702,6904f018d720f85f9dfd8cc3c9b07950da23e63cd1a08801cb8445ceb5209678,per_EbNo,2.5,pSA_specific_vs_matched_ablation,pSA_specific_fixed,matched_lambda0_ablation,0.026052083333333333,0.28139583333333335,0.25534375000000004,0.9074183756570668,-1.0334752037974928,1,0,0,0.294,1.0,0.706,0.706,-0.5316526695878427,1,0,0,independent_code_realization
N192_M96,new_02,C02,new,2026082702,6904f018d720f85f9dfd8cc3c9b07950da23e63cd1a08801cb8445ceb5209678,per_EbNo,3.0,additive_vs_pSA_specific,additive_fixed,pSA_specific_fixed,0.0012552083333333334,0.009609375,0.008354166666666666,0.8693766937669376,-0.8839793279202107,1,0,0,0.014,0.122,0.108,0.8852459016393442,-0.9402317949965102,1,0,0,independent_code_realization
N192_M96,new_02,C02,new,2026082702,6904f018d720f85f9dfd8cc3c9b07950da23e63cd1a08801cb8445ceb5209678,per_EbNo,3.0,additive_vs_matched_ablation,additive_fixed,matched_lambda0_ablation,0.0012552083333333334,0.25943229166666665,0.25817708333333333,0.9951617112685953,-2.3153082180919147,1,0,0,0.014,1.0,0.986,0.986,-1.853871964321762,1,0,0,independent_code_realization
N192_M96,new_02,C02,new,2026082702,6904f018d720f85f9dfd8cc3c9b07950da23e63cd1a08801cb8445ceb5209678,per_EbNo,3.0,pSA_specific_vs_matched_ablation,pSA_specific_fixed,matched_lambda0_ablation,0.009609375,0.25943229166666665,0.24982291666666664,0.9629599887575033,-1.4313288901717038,1,0,0,0.122,1.0,0.878,0.878,-0.9136401693252518,1,0,0,independent_code_realization
N192_M96,new_02,C02,new,2026082702,6904f018d720f85f9dfd8cc3c9b07950da23e63cd1a08801cb8445ceb5209678,pooled_across_EbNo,,additive_vs_pSA_specific,additive_fixed,pSA_specific_fixed,0.0068628472222222224,0.02982638888888889,0.022963541666666667,0.769906868451688,-0.6380963451522529,1,0,0,0.05633333333333333,0.318,0.26166666666666666,0.8228511530398323,-0.7516616700904215,1,0,0,independent_code_realization
N192_M96,new_02,C02,new,2026082702,6904f018d720f85f9dfd8cc3c9b07950da23e63cd1a08801cb8445ceb5209678,pooled_across_EbNo,,additive_vs_matched_ablation,additive_fixed,matched_lambda0_ablation,0.0068628472222222224,0.28081770833333336,0.2739548611111111,0.9755612020945774,-1.6119201599630806,1,0,0,0.05633333333333333,1.0,0.9436666666666667,0.9436666666666667,-1.249234550105989,1,0,0,independent_code_realization
N192_M96,new_02,C02,new,2026082702,6904f018d720f85f9dfd8cc3c9b07950da23e63cd1a08801cb8445ceb5209678,pooled_across_EbNo,,pSA_specific_vs_matched_ablation,pSA_specific_fixed,matched_lambda0_ablation,0.02982638888888889,0.28081770833333336,0.25099131944444447,0.8937873645294311,-0.9738238148108278,1,0,0,0.318,1.0,0.6819999999999999,0.6819999999999999,-0.4975728800155673,1,0,0,independent_code_realization
N192_M96,new_03,C03,new,2026082703,924f74a70ff047ebedd6490567a93066821aa10bf5eb5c79721b228b12ecc7ae,per_EbNo,2.0,additive_vs_pSA_specific,additive_fixed,pSA_specific_fixed,0.015088541666666667,0.05445833333333333,0.03936979166666667,0.7229342004590666,-0.557417079368726,1,0,0,0.113,0.533,0.42000000000000004,0.7879924953095685,-0.6736487655431526,1,0,0,independent_code_realization
N192_M96,new_03,C03,new,2026082703,924f74a70ff047ebedd6490567a93066821aa10bf5eb5c79721b228b12ecc7ae,per_EbNo,2.0,additive_vs_matched_ablation,additive_fixed,matched_lambda0_ablation,0.015088541666666667,0.3013125,0.2862239583333333,0.9499239438567378,-1.30036988232687,1,0,0,0.113,1.0,0.887,0.887,-0.9469215565165803,1,0,0,independent_code_realization
N192_M96,new_03,C03,new,2026082703,924f74a70ff047ebedd6490567a93066821aa10bf5eb5c79721b228b12ecc7ae,per_EbNo,2.0,pSA_specific_vs_matched_ablation,pSA_specific_fixed,matched_lambda0_ablation,0.05445833333333333,0.3013125,0.24685416666666665,0.8192629468298417,-0.7429528029581439,1,0,0,0.533,1.0,0.46699999999999997,0.46699999999999997,-0.2732727909734277,1,0,0,independent_code_realization
N192_M96,new_03,C03,new,2026082703,924f74a70ff047ebedd6490567a93066821aa10bf5eb5c79721b228b12ecc7ae,per_EbNo,2.5,additive_vs_pSA_specific,additive_fixed,pSA_specific_fixed,0.004135416666666667,0.0261875,0.022052083333333333,0.8420843277645187,-0.8015747665868239,1,0,0,0.037,0.286,0.24899999999999997,0.8706293706293706,-0.888164309062048,1,0,0,independent_code_realization
N192_M96,new_03,C03,new,2026082703,924f74a70ff047ebedd6490567a93066821aa10bf5eb5c79721b228b12ecc7ae,per_EbNo,2.5,additive_vs_matched_ablation,additive_fixed,matched_lambda0_ablation,0.004135416666666667,0.2825885416666667,0.278453125,0.9853659435648856,-1.834635274476092,1,0,0,0.037,1.0,0.963,0.963,-1.431798275933005,1,0,0,independent_code_realization
N192_M96,new_03,C03,new,2026082703,924f74a70ff047ebedd6490567a93066821aa10bf5eb5c79721b228b12ecc7ae,per_EbNo,2.5,pSA_specific_vs_matched_ablation,pSA_specific_fixed,matched_lambda0_ablation,0.0261875,0.2825885416666667,0.2564010416666667,0.9073299297786461,-1.0330605078892683,1,0,0,0.286,1.0,0.714,0.714,-0.543633966870957,1,0,0,independent_code_realization
N192_M96,new_03,C03,new,2026082703,924f74a70ff047ebedd6490567a93066821aa10bf5eb5c79721b228b12ecc7ae,per_EbNo,3.0,additive_vs_pSA_specific,additive_fixed,pSA_specific_fixed,0.00103125,0.009192708333333334,0.008161458333333333,0.8878186968838526,-0.9500795194623103,1,0,0,0.014,0.117,0.10300000000000001,0.8803418803418803,-0.9220578260679236,1,0,0,independent_code_realization
N192_M96,new_03,C03,new,2026082703,924f74a70ff047ebedd6490567a93066821aa10bf5eb5c79721b228b12ecc7ae,per_EbNo,3.0,additive_vs_matched_ablation,additive_fixed,matched_lambda0_ablation,0.00103125,0.2639375,0.26290625,0.99609282500592,-2.408137137211001,1,0,0,0.014,0.999,0.985,0.985985985985986,-1.8534374525477444,1,0,0,independent_code_realization
N192_M96,new_03,C03,new,2026082703,924f74a70ff047ebedd6490567a93066821aa10bf5eb5c79721b228b12ecc7ae,per_EbNo,3.0,pSA_specific_vs_matched_ablation,pSA_specific_fixed,matched_lambda0_ablation,0.009192708333333334,0.2639375,0.25474479166666664,0.9651708895729734,-1.458057617748691,1,0,0,0.117,0.999,0.882,0.8828828828828829,-0.9313796264798206,1,0,0,independent_code_realization
N192_M96,new_03,C03,new,2026082703,924f74a70ff047ebedd6490567a93066821aa10bf5eb5c79721b228b12ecc7ae,pooled_across_EbNo,,additive_vs_pSA_specific,additive_fixed,pSA_specific_fixed,0.006751736111111111,0.029946180555555556,0.023194444444444445,0.7745376543567744,-0.646925979040347,1,0,0,0.05466666666666667,0.312,0.2573333333333333,0.8247863247863247,-0.7564320006904073,1,0,0,independent_code_realization
N192_M96,new_03,C03,new,2026082703,924f74a70ff047ebedd6490567a93066821aa10bf5eb5c79721b228b12ecc7ae,pooled_across_EbNo,,additive_vs_matched_ablation,additive_fixed,matched_lambda0_ablation,0.006751736111111111,0.28261284722222224,0.2758611111111111,0.9761095924071628,-1.6217764407143325,1,0,0,0.05466666666666667,0.9996666666666667,0.9450000000000001,0.9453151050350117,-1.2621326177118293,1,0,0,independent_code_realization
N192_M96,new_03,C03,new,2026082703,924f74a70ff047ebedd6490567a93066821aa10bf5eb5c79721b228b12ecc7ae,pooled_across_EbNo,,pSA_specific_vs_matched_ablation,pSA_specific_fixed,matched_lambda0_ablation,0.029946180555555556,0.28261284722222224,0.2526666666666667,0.894038148478054,-0.9748504616739854,1,0,0,0.312,0.9996666666666667,0.6876666666666666,0.6878959653217739,-0.5057006170214219,1,0,0,independent_code_realization
N192_M96,new_04,C04,new,2026082704,6ac0954cb0b76f6df3f9c693019c5d4a69f8745b55072bcc609ad5a6c0514525,per_EbNo,2.0,additive_vs_pSA_specific,additive_fixed,pSA_specific_fixed,0.0170625,0.053635416666666665,0.03657291666666666,0.6818799766945037,-0.4974089944028349,1,0,0,0.142,0.536,0.394,0.7350746268656716,-0.5768764453097136,1,0,0,independent_code_realization
N192_M96,new_04,C04,new,2026082704,6ac0954cb0b76f6df3f9c693019c5d4a69f8745b55072bcc609ad5a6c0514525,per_EbNo,2.0,additive_vs_matched_ablation,additive_fixed,matched_lambda0_ablation,0.0170625,0.304421875,0.28735937500000003,0.9439511368885696,-1.2514331921580317,1,0,0,0.142,1.0,0.858,0.858,-0.8477116556169435,1,0,0,independent_code_realization
N192_M96,new_04,C04,new,2026082704,6ac0954cb0b76f6df3f9c693019c5d4a69f8745b55072bcc609ad5a6c0514525,per_EbNo,2.0,pSA_specific_vs_matched_ablation,pSA_specific_fixed,matched_lambda0_ablation,0.053635416666666665,0.304421875,0.25078645833333335,0.8238122123560712,-0.7540241977551967,1,0,0,0.536,1.0,0.46399999999999997,0.46399999999999997,-0.27083521030722996,1,0,0,independent_code_realization
N192_M96,new_04,C04,new,2026082704,6ac0954cb0b76f6df3f9c693019c5d4a69f8745b55072bcc609ad5a6c0514525,per_EbNo,2.5,additive_vs_pSA_specific,additive_fixed,pSA_specific_fixed,0.0058125,0.028395833333333332,0.02258333333333333,0.7953044754218634,-0.688891652561076,1,0,0,0.06,0.323,0.263,0.8142414860681114,-0.7310512719474593,1,0,0,independent_code_realization
N192_M96,new_04,C04,new,2026082704,6ac0954cb0b76f6df3f9c693019c5d4a69f8745b55072bcc609ad5a6c0514525,per_EbNo,2.5,additive_vs_matched_ablation,additive_fixed,matched_lambda0_ablation,0.0058125,0.28352083333333333,0.27770833333333333,0.979498861047836,-1.6882220108027965,1,0,0,0.06,1.0,0.94,0.94,-1.2218487496163564,1,0,0,independent_code_realization
N192_M96,new_04,C04,new,2026082704,6ac0954cb0b76f6df3f9c693019c5d4a69f8745b55072bcc609ad5a6c0514525,per_EbNo,2.5,pSA_specific_vs_matched_ablation,pSA_specific_fixed,matched_lambda0_ablation,0.028395833333333332,0.28352083333333333,0.255125,0.8998456903519729,-0.9993303582417206,1,0,0,0.323,1.0,0.677,0.677,-0.4907974776688971,1,0,0,independent_code_realization
N192_M96,new_04,C04,new,2026082704,6ac0954cb0b76f6df3f9c693019c5d4a69f8745b55072bcc609ad5a6c0514525,per_EbNo,3.0,additive_vs_pSA_specific,additive_fixed,pSA_specific_fixed,0.000609375,0.009088541666666667,0.008479166666666666,0.9329512893982808,-1.173609569549037,1,0,0,0.013,0.121,0.108,0.8925619834710744,-0.9688420180096133,1,0,0,independent_code_realization
N192_M96,new_04,C04,new,2026082704,6ac0954cb0b76f6df3f9c693019c5d4a69f8745b55072bcc609ad5a6c0514525,per_EbNo,3.0,additive_vs_matched_ablation,additive_fixed,matched_lambda0_ablation,0.000609375,0.25959895833333335,0.25898958333333333,0.9976526292558633,-2.6294183124393675,1,0,0,0.013,1.0,0.987,0.987,-1.8860566476931633,1,0,0,independent_code_realization
N192_M96,new_04,C04,new,2026082704,6ac0954cb0b76f6df3f9c693019c5d4a69f8745b55072bcc609ad5a6c0514525,per_EbNo,3.0,pSA_specific_vs_matched_ablation,pSA_specific_fixed,matched_lambda0_ablation,0.009088541666666667,0.25959895833333335,0.2505104166666667,0.9649900688160825,-1.4558087428903306,1,0,0,0.121,1.0,0.879,0.879,-0.9172146296835499,1,0,0,independent_code_realization
N192_M96,new_04,C04,new,2026082704,6ac0954cb0b76f6df3f9c693019c5d4a69f8745b55072bcc609ad5a6c0514525,pooled_across_EbNo,,additive_vs_pSA_specific,additive_fixed,pSA_specific_fixed,0.007828125,0.03037326388888889,0.022545138888888892,0.7422692197770793,-0.5888337115123546,1,0,0,0.07166666666666667,0.32666666666666666,0.255,0.7806122448979592,-0.6587876157768895,1,0,0,independent_code_realization
N192_M96,new_04,C04,new,2026082704,6ac0954cb0b76f6df3f9c693019c5d4a69f8745b55072bcc609ad5a6c0514525,pooled_across_EbNo,,additive_vs_matched_ablation,additive_fixed,matched_lambda0_ablation,0.007828125,0.2825138888888889,0.2746857638888889,0.972291185290792,-1.557382051491685,1,0,0,0.07166666666666667,1.0,0.9283333333333333,0.9283333333333333,-1.144682794804057,1,0,0,independent_code_realization
N192_M96,new_04,C04,new,2026082704,6ac0954cb0b76f6df3f9c693019c5d4a69f8745b55072bcc609ad5a6c0514525,pooled_across_EbNo,,pSA_specific_vs_matched_ablation,pSA_specific_fixed,matched_lambda0_ablation,0.03037326388888889,0.2825138888888889,0.252140625,0.8924893073103584,-0.9685483399793302,1,0,0,0.32666666666666666,1.0,0.6733333333333333,0.6733333333333333,-0.4858951790271676,1,0,0,independent_code_realization
N192_M96,new_05,C05,new,2026082705,4ea281262c622c70d76661938eab2d916f7694f1bf7dea299149da971f273678,per_EbNo,2.0,additive_vs_pSA_specific,additive_fixed,pSA_specific_fixed,0.013489583333333333,0.054552083333333334,0.0410625,0.7527210234867291,-0.6068128054842153,1,0,0,0.107,0.542,0.43500000000000005,0.8025830258302583,-0.7046155088531773,1,0,0,independent_code_realization
N192_M96,new_05,C05,new,2026082705,4ea281262c622c70d76661938eab2d916f7694f1bf7dea299149da971f273678,per_EbNo,2.0,additive_vs_matched_ablation,additive_fixed,matched_lambda0_ablation,0.013489583333333333,0.30468229166666666,0.2911927083333333,0.9557257389015197,-1.3538486781001788,1,0,0,0.107,1.0,0.893,0.893,-0.9706162223147904,1,0,0,independent_code_realization
N192_M96,new_05,C05,new,2026082705,4ea281262c622c70d76661938eab2d916f7694f1bf7dea299149da971f273678,per_EbNo,2.0,pSA_specific_vs_matched_ablation,pSA_specific_fixed,matched_lambda0_ablation,0.054552083333333334,0.30468229166666666,0.2501302083333333,0.8209542043453735,-0.7470358726159635,1,0,0,0.542,1.0,0.45799999999999996,0.45799999999999996,-0.266000713461613,1,0,0,independent_code_realization
N192_M96,new_05,C05,new,2026082705,4ea281262c622c70d76661938eab2d916f7694f1bf7dea299149da971f273678,per_EbNo,2.5,additive_vs_pSA_specific,additive_fixed,pSA_specific_fixed,0.004182291666666667,0.028328125,0.02414583333333333,0.8523625666482809,-0.8308035135364902,1,0,0,0.038,0.309,0.271,0.8770226537216829,-0.9101748828080245,1,0,0,independent_code_realization
N192_M96,new_05,C05,new,2026082705,4ea281262c622c70d76661938eab2d916f7694f1bf7dea299149da971f273678,per_EbNo,2.5,additive_vs_matched_ablation,additive_fixed,matched_lambda0_ablation,0.004182291666666667,0.28508333333333336,0.2809010416666667,0.9853295819935691,-1.8335575115623064,1,0,0,0.038,1.0,0.962,0.962,-1.4202164033831899,1,0,0,independent_code_realization
N192_M96,new_05,C05,new,2026082705,4ea281262c622c70d76661938eab2d916f7694f1bf7dea299149da971f273678,per_EbNo,2.5,pSA_specific_vs_matched_ablation,pSA_specific_fixed,matched_lambda0_ablation,0.028328125,0.28508333333333336,0.2567552083333334,0.9006321251096171,-1.0027539980258162,1,0,0,0.309,1.0,0.6910000000000001,0.6910000000000001,-0.5100415205751654,1,0,0,independent_code_realization
N192_M96,new_05,C05,new,2026082705,4ea281262c622c70d76661938eab2d916f7694f1bf7dea299149da971f273678,per_EbNo,3.0,additive_vs_pSA_specific,additive_fixed,pSA_specific_fixed,0.0011666666666666668,0.009473958333333332,0.008307291666666666,0.8768554150632215,-0.9095846807293206,1,0,0,0.013,0.115,0.10200000000000001,0.8869565217391304,-0.946754488046775,1,0,0,independent_code_realization
N192_M96,new_05,C05,new,2026082705,4ea281262c622c70d76661938eab2d916f7694f1bf7dea299149da971f273678,per_EbNo,3.0,additive_vs_matched_ablation,additive_fixed,matched_lambda0_ablation,0.0011666666666666668,0.2603125,0.25914583333333335,0.9955182072829132,-2.348548233456268,1,0,0,0.013,1.0,0.987,0.987,-1.8860566476931633,1,0,0,independent_code_realization
N192_M96,new_05,C05,new,2026082705,4ea281262c622c70d76661938eab2d916f7694f1bf7dea299149da971f273678,per_EbNo,3.0,pSA_specific_vs_matched_ablation,pSA_specific_fixed,matched_lambda0_ablation,0.009473958333333332,0.2603125,0.2508385416666667,0.9636054421768708,-1.4389635527269478,1,0,0,0.115,1.0,0.885,0.885,-0.9393021596463883,1,0,0,independent_code_realization
N192_M96,new_05,C05,new,2026082705,4ea281262c622c70d76661938eab2d916f7694f1bf7dea299149da971f273678,pooled_across_EbNo,,additive_vs_pSA_specific,additive_fixed,pSA_specific_fixed,0.006279513888888889,0.030784722222222224,0.024505208333333334,0.7960184976314009,-0.6904092138656772,1,0,0,0.05266666666666667,0.322,0.2693333333333333,0.836438923395445,-0.7863200394610708,1,0,0,independent_code_realization
N192_M96,new_05,C05,new,2026082705,4ea281262c622c70d76661938eab2d916f7694f1bf7dea299149da971f273678,pooled_across_EbNo,,additive_vs_matched_ablation,additive_fixed,matched_lambda0_ablation,0.006279513888888889,0.283359375,0.27707986111111116,0.977839046656251,-1.6544115605941583,1,0,0,0.05266666666666667,1.0,0.9473333333333334,0.9473333333333334,-1.2784641677652397,1,0,0,independent_code_realization
N192_M96,new_05,C05,new,2026082705,4ea281262c622c70d76661938eab2d916f7694f1bf7dea299149da971f273678,pooled_across_EbNo,,pSA_specific_vs_matched_ablation,pSA_specific_fixed,matched_lambda0_ablation,0.030784722222222224,0.283359375,0.2525746527777778,0.891358024691358,-0.9640023467284812,1,0,0,0.322,1.0,0.6779999999999999,0.6779999999999999,-0.4921441283041691,1,0,0,independent_code_realization
N192_M96,new_06,C06,new,2026082706,67e8bfd0a41ecfef822cd92b156dd8e32a73f66bfee63eb4d04a71ce3375d854,per_EbNo,2.0,additive_vs_pSA_specific,additive_fixed,pSA_specific_fixed,0.01540625,0.05219270833333333,0.03678645833333333,0.7048198782556631,-0.5299128924703497,1,0,0,0.122,0.525,0.403,0.7676190476190476,-0.6337994727312087,1,0,0,independent_code_realization
N192_M96,new_06,C06,new,2026082706,67e8bfd0a41ecfef822cd92b156dd8e32a73f66bfee63eb4d04a71ce3375d854,per_EbNo,2.0,additive_vs_matched_ablation,additive_fixed,matched_lambda0_ablation,0.01540625,0.29980729166666664,0.28440104166666663,0.9486128242099959,-1.2891452502370166,1,0,0,0.122,1.0,0.878,0.878,-0.9136401693252518,1,0,0,independent_code_realization
N192_M96,new_06,C06,new,2026082706,67e8bfd0a41ecfef822cd92b156dd8e32a73f66bfee63eb4d04a71ce3375d854,per_EbNo,2.0,pSA_specific_vs_matched_ablation,pSA_specific_fixed,matched_lambda0_ablation,0.05219270833333333,0.29980729166666664,0.2476145833333333,0.8259124785018154,-0.759232357766667,1,0,0,0.525,1.0,0.475,0.475,-0.2798406965940431,1,0,0,independent_code_realization
N192_M96,new_06,C06,new,2026082706,67e8bfd0a41ecfef822cd92b156dd8e32a73f66bfee63eb4d04a71ce3375d854,per_EbNo,2.5,additive_vs_pSA_specific,additive_fixed,pSA_specific_fixed,0.004458333333333333,0.028208333333333332,0.02375,0.8419497784342689,-0.8012048909999346,1,0,0,0.045,0.309,0.264,0.854368932038835,-0.836745965649491,1,0,0,independent_code_realization
N192_M96,new_06,C06,new,2026082706,67e8bfd0a41ecfef822cd92b156dd8e32a73f66bfee63eb4d04a71ce3375d854,per_EbNo,2.5,additive_vs_matched_ablation,additive_fixed,matched_lambda0_ablation,0.004458333333333333,0.28422395833333336,0.279765625,0.9843140129372744,-1.8044881475172574,1,0,0,0.045,1.0,0.955,0.955,-1.3467874862246563,1,0,0,independent_code_realization
N192_M96,new_06,C06,new,2026082706,67e8bfd0a41ecfef822cd92b156dd8e32a73f66bfee63eb4d04a71ce3375d854,per_EbNo,2.5,pSA_specific_vs_matched_ablation,pSA_specific_fixed,matched_lambda0_ablation,0.028208333333333332,0.28422395833333336,0.256015625,0.9007531472760257,-1.0032832565173229,1,0,0,0.309,1.0,0.6910000000000001,0.6910000000000001,-0.5100415205751654,1,0,0,independent_code_realization
N192_M96,new_06,C06,new,2026082706,67e8bfd0a41ecfef822cd92b156dd8e32a73f66bfee63eb4d04a71ce3375d854,per_EbNo,3.0,additive_vs_pSA_specific,additive_fixed,pSA_specific_fixed,0.0011197916666666667,0.0095625,0.008442708333333333,0.8828976034858388,-0.9314342169496183,1,0,0,0.016,0.118,0.102,0.864406779661017,-0.8677620246502006,1,0,0,independent_code_realization
N192_M96,new_06,C06,new,2026082706,67e8bfd0a41ecfef822cd92b156dd8e32a73f66bfee63eb4d04a71ce3375d854,per_EbNo,3.0,additive_vs_matched_ablation,additive_fixed,matched_lambda0_ablation,0.0011197916666666667,0.26043229166666665,0.2593125,0.995700257984521,-2.366557601307629,1,0,0,0.016,1.0,0.984,0.984,-1.7958800173440752,1,0,0,independent_code_realization
N192_M96,new_06,C06,new,2026082706,67e8bfd0a41ecfef822cd92b156dd8e32a73f66bfee63eb4d04a71ce3375d854,per_EbNo,3.0,pSA_specific_vs_matched_ablation,pSA_specific_fixed,matched_lambda0_ablation,0.0095625,0.26043229166666665,0.2508697916666667,0.963282203067816,-1.4351233843580105,1,0,0,0.118,1.0,0.882,0.882,-0.9281179926938746,1,0,0,independent_code_realization
N192_M96,new_06,C06,new,2026082706,67e8bfd0a41ecfef822cd92b156dd8e32a73f66bfee63eb4d04a71ce3375d854,pooled_across_EbNo,,additive_vs_pSA_specific,additive_fixed,pSA_specific_fixed,0.0069947916666666665,0.02998784722222222,0.022993055555555555,0.7667457882243964,-0.6321705056333835,1,0,0,0.061,0.31733333333333336,0.25633333333333336,0.8077731092436975,-0.7161858586540449,1,0,0,independent_code_realization
N192_M96,new_06,C06,new,2026082706,67e8bfd0a41ecfef822cd92b156dd8e32a73f66bfee63eb4d04a71ce3375d854,pooled_across_EbNo,,additive_vs_matched_ablation,additive_fixed,matched_lambda0_ablation,0.0069947916666666665,0.2814878472222222,0.27449305555555553,0.975150644208293,-1.6046848656724335,1,0,0,0.061,1.0,0.9390000000000001,0.9390000000000001,-1.214670164989233,1,0,0,independent_code_realization
N192_M96,new_06,C06,new,2026082706,67e8bfd0a41ecfef822cd92b156dd8e32a73f66bfee63eb4d04a71ce3375d854,pooled_across_EbNo,,pSA_specific_vs_matched_ablation,pSA_specific_fixed,matched_lambda0_ablation,0.02998784722222222,0.2814878472222222,0.2515,0.8934666362397233,-0.97251436003905,1,0,0,0.31733333333333336,1.0,0.6826666666666666,0.6826666666666666,-0.4984843063351881,1,0,0,independent_code_realization
N192_M96,new_07,C07,new,2026082707,1759b21eb9fa1782d48e0d0c0ab97ed858d26544d38040a70c8f6694ba2ce7c6,per_EbNo,2.0,additive_vs_pSA_specific,additive_fixed,pSA_specific_fixed,0.016328125,0.05321354166666667,0.03688541666666667,0.693158461387883,-0.5130858482142783,1,0,0,0.12,0.524,0.404,0.7709923664122138,-0.6401500409361018,1,0,0,independent_code_realization
N192_M96,new_07,C07,new,2026082707,1759b21eb9fa1782d48e0d0c0ab97ed858d26544d38040a70c8f6694ba2ce7c6,per_EbNo,2.0,additive_vs_matched_ablation,additive_fixed,matched_lambda0_ablation,0.016328125,0.3025729166666667,0.2862447916666667,0.9460357351877992,-1.267893735219297,1,0,0,0.12,1.0,0.88,0.88,-0.9208187539523752,1,0,0,independent_code_realization
N192_M96,new_07,C07,new,2026082707,1759b21eb9fa1782d48e0d0c0ab97ed858d26544d38040a70c8f6694ba2ce7c6,per_EbNo,2.0,pSA_specific_vs_matched_ablation,pSA_specific_fixed,matched_lambda0_ablation,0.05321354166666667,0.3025729166666667,0.24935937500000002,0.8241298585051813,-0.7548078870050187,1,0,0,0.524,1.0,0.476,0.476,-0.28066871301627333,1,0,0,independent_code_realization
N192_M96,new_07,C07,new,2026082707,1759b21eb9fa1782d48e0d0c0ab97ed858d26544d38040a70c8f6694ba2ce7c6,per_EbNo,2.5,additive_vs_pSA_specific,additive_fixed,pSA_specific_fixed,0.005213541666666667,0.028078125,0.022864583333333334,0.8143201632350214,-0.7312352543493176,1,0,0,0.047,0.299,0.252,0.842809364548495,-0.8035733303887121,1,0,0,independent_code_realization
N192_M96,new_07,C07,new,2026082707,1759b21eb9fa1782d48e0d0c0ab97ed858d26544d38040a70c8f6694ba2ce7c6,per_EbNo,2.5,additive_vs_matched_ablation,additive_fixed,matched_lambda0_ablation,0.005213541666666667,0.28446875,0.27925520833333334,0.9816727086308543,-1.7369017156355164,1,0,0,0.047,1.0,0.953,0.953,-1.3279021420642825,1,0,0,independent_code_realization
N192_M96,new_07,C07,new,2026082707,1759b21eb9fa1782d48e0d0c0ab97ed858d26544d38040a70c8f6694ba2ce7c6,per_EbNo,2.5,pSA_specific_vs_matched_ablation,pSA_specific_fixed,matched_lambda0_ablation,0.028078125,0.28446875,0.256390625,0.9012962759529825,-1.005666461286199,1,0,0,0.299,1.0,0.7010000000000001,0.7010000000000001,-0.5243288116755703,1,0,0,independent_code_realization
N192_M96,new_07,C07,new,2026082707,1759b21eb9fa1782d48e0d0c0ab97ed858d26544d38040a70c8f6694ba2ce7c6,per_EbNo,3.0,additive_vs_pSA_specific,additive_fixed,pSA_specific_fixed,0.0010729166666666667,0.008484375,0.007411458333333334,0.8735420503376304,-0.898053863939356,1,0,0,0.01,0.108,0.098,0.9074074074074074,-1.0334237554869496,1,0,0,independent_code_realization
N192_M96,new_07,C07,new,2026082707,1759b21eb9fa1782d48e0d0c0ab97ed858d26544d38040a70c8f6694ba2ce7c6,per_EbNo,3.0,additive_vs_matched_ablation,additive_fixed,matched_lambda0_ablation,0.0010729166666666667,0.26075,0.25967708333333334,0.9958852668584213,-2.3856583254329644,1,0,0,0.01,1.0,0.99,0.99,-2.0,1,0,0,independent_code_realization
N192_M96,new_07,C07,new,2026082707,1759b21eb9fa1782d48e0d0c0ab97ed858d26544d38040a70c8f6694ba2ce7c6,per_EbNo,3.0,pSA_specific_vs_matched_ablation,pSA_specific_fixed,matched_lambda0_ablation,0.008484375,0.26075,0.252265625,0.9674616490891659,-1.4876044614936086,1,0,0,0.108,1.0,0.892,0.892,-0.9665762445130504,1,0,0,independent_code_realization
N192_M96,new_07,C07,new,2026082707,1759b21eb9fa1782d48e0d0c0ab97ed858d26544d38040a70c8f6694ba2ce7c6,pooled_across_EbNo,,additive_vs_pSA_specific,additive_fixed,pSA_specific_fixed,0.007538194444444445,0.02992534722222222,0.022387152777777777,0.7481000174044207,-0.598771862508414,1,0,0,0.059,0.31033333333333335,0.25133333333333335,0.8098818474758325,-0.720976414619536,1,0,0,independent_code_realization
N192_M96,new_07,C07,new,2026082707,1759b21eb9fa1782d48e0d0c0ab97ed858d26544d38040a70c8f6694ba2ce7c6,pooled_across_EbNo,,additive_vs_matched_ablation,additive_fixed,matched_lambda0_ablation,0.007538194444444445,0.2825972222222222,0.2750590277777778,0.973325305941908,-1.5739005529585757,1,0,0,0.059,1.0,0.9410000000000001,0.9410000000000001,-1.2291479883578558,1,0,0,independent_code_realization
N192_M96,new_07,C07,new,2026082707,1759b21eb9fa1782d48e0d0c0ab97ed858d26544d38040a70c8f6694ba2ce7c6,pooled_across_EbNo,,pSA_specific_vs_matched_ablation,pSA_specific_fixed,matched_lambda0_ablation,0.02992534722222222,0.2825972222222222,0.252671875,0.8941060107141101,-0.9751286904501617,1,0,0,0.31033333333333335,1.0,0.6896666666666667,0.6896666666666667,-0.5081715737383198,1,0,0,independent_code_realization
N192_M96,new_08,C08,new,2026082708,a4a46d3960db053cd1b0c23840b44bd8e7d714c5f4ed67f42cd97f630ecb7d54,per_EbNo,2.0,additive_vs_pSA_specific,additive_fixed,pSA_specific_fixed,0.015083333333333334,0.05346354166666667,0.03838020833333333,0.7178762786166585,-0.5495603961815013,1,0,0,0.107,0.533,0.42600000000000005,0.799249530956848,-0.6973434313413627,1,0,0,independent_code_realization
N192_M96,new_08,C08,new,2026082708,a4a46d3960db053cd1b0c23840b44bd8e7d714c5f4ed67f42cd97f630ecb7d54,per_EbNo,2.0,additive_vs_matched_ablation,additive_fixed,matched_lambda0_ablation,0.015083333333333334,0.30103125,0.28594791666666663,0.9498944600159175,-1.3001142531446992,1,0,0,0.107,1.0,0.893,0.893,-0.9706162223147904,1,0,0,independent_code_realization
N192_M96,new_08,C08,new,2026082708,a4a46d3960db053cd1b0c23840b44bd8e7d714c5f4ed67f42cd97f630ecb7d54,per_EbNo,2.0,pSA_specific_vs_matched_ablation,pSA_specific_fixed,matched_lambda0_ablation,0.05346354166666667,0.30103125,0.2475677083333333,0.8223986989169175,-0.7505538569631979,1,0,0,0.533,1.0,0.46699999999999997,0.46699999999999997,-0.2732727909734277,1,0,0,independent_code_realization
N192_M96,new_08,C08,new,2026082708,a4a46d3960db053cd1b0c23840b44bd8e7d714c5f4ed67f42cd97f630ecb7d54,per_EbNo,2.5,additive_vs_pSA_specific,additive_fixed,pSA_specific_fixed,0.0047708333333333335,0.026979166666666665,0.02220833333333333,0.823166023166023,-0.7524342860773826,1,0,0,0.042,0.292,0.24999999999999997,0.8561643835616438,-0.8421335610505177,1,0,0,independent_code_realization
N192_M96,new_08,C08,new,2026082708,a4a46d3960db053cd1b0c23840b44bd8e7d714c5f4ed67f42cd97f630ecb7d54,per_EbNo,2.5,additive_vs_matched_ablation,additive_fixed,matched_lambda0_ablation,0.0047708333333333335,0.284375,0.27960416666666665,0.9832234432234432,-1.7752971690368868,1,0,0,0.042,1.0,0.958,0.958,-1.3767507096020994,1,0,0,independent_code_realization
N192_M96,new_08,C08,new,2026082708,a4a46d3960db053cd1b0c23840b44bd8e7d714c5f4ed67f42cd97f630ecb7d54,per_EbNo,2.5,pSA_specific_vs_matched_ablation,pSA_specific_fixed,matched_lambda0_ablation,0.026979166666666665,0.284375,0.2573958333333333,0.9051282051282051,-1.0228628829595043,1,0,0,0.292,1.0,0.708,0.708,-0.5346171485515817,1,0,0,independent_code_realization
N192_M96,new_08,C08,new,2026082708,a4a46d3960db053cd1b0c23840b44bd8e7d714c5f4ed67f42cd97f630ecb7d54,per_EbNo,3.0,additive_vs_pSA_specific,additive_fixed,pSA_specific_fixed,0.0011875,0.0105625,0.009375000000000001,0.8875739644970415,-0.9491331036608446,1,0,0,0.011,0.128,0.117,0.9140625,-1.0658172844896434,1,0,0,independent_code_realization
N192_M96,new_08,C08,new,2026082708,a4a46d3960db053cd1b0c23840b44bd8e7d714c5f4ed67f42cd97f630ecb7d54,per_EbNo,3.0,additive_vs_matched_ablation,additive_fixed,matched_lambda0_ablation,0.0011875,0.26063020833333334,0.2594427083333333,0.9954437361363682,-2.3413911328806907,1,0,0,0.011,1.0,0.989,0.989,-1.958607314841775,1,0,0,independent_code_realization
N192_M96,new_08,C08,new,2026082708,a4a46d3960db053cd1b0c23840b44bd8e7d714c5f4ed67f42cd97f630ecb7d54,per_EbNo,3.0,pSA_specific_vs_matched_ablation,pSA_specific_fixed,matched_lambda0_ablation,0.0105625,0.26063020833333334,0.25006770833333336,0.9594732319498013,-1.3922580292198459,1,0,0,0.128,1.0,0.872,0.872,-0.8927900303521317,1,0,0,independent_code_realization
N192_M96,new_08,C08,new,2026082708,a4a46d3960db053cd1b0c23840b44bd8e7d714c5f4ed67f42cd97f630ecb7d54,pooled_across_EbNo,,additive_vs_pSA_specific,additive_fixed,pSA_specific_fixed,0.007013888888888889,0.030335069444444446,0.023321180555555557,0.7687861271676301,-0.6359861118008331,1,0,0,0.05333333333333334,0.31766666666666665,0.2643333333333333,0.832109129066107,-0.7749729179824015,1,0,0,independent_code_realization
N192_M96,new_08,C08,new,2026082708,a4a46d3960db053cd1b0c23840b44bd8e7d714c5f4ed67f42cd97f630ecb7d54,pooled_across_EbNo,,additive_vs_matched_ablation,additive_fixed,matched_lambda0_ablation,0.007013888888888889,0.2820121527777778,0.2749982638888889,0.9751291253947636,-1.604308942130574,1,0,0,0.05333333333333334,1.0,0.9466666666666667,0.9466666666666667,-1.2730012720637376,1,0,0,independent_code_realization
N192_M96,new_08,C08,new,2026082708,a4a46d3960db053cd1b0c23840b44bd8e7d714c5f4ed67f42cd97f630ecb7d54,pooled_across_EbNo,,pSA_specific_vs_matched_ablation,pSA_specific_fixed,matched_lambda0_ablation,0.030335069444444446,0.2820121527777778,0.2516770833333334,0.8924334673323525,-0.9683228303297411,1,0,0,0.31766666666666665,1.0,0.6823333333333333,0.6823333333333333,-0.49802835408133606,1,0,0,independent_code_realization
N192_M96,new_09,C09,new,2026082709,ac816bd97c2b921526a9e4685f619835e38d4e341456d542de1acf214eaf5cbe,per_EbNo,2.0,additive_vs_pSA_specific,additive_fixed,pSA_specific_fixed,0.016713541666666668,0.055703125,0.03898958333333333,0.6999532491818606,-0.5228110718120427,1,0,0,0.123,0.552,0.42900000000000005,0.7771739130434783,-0.652033966289801,1,0,0,independent_code_realization
N192_M96,new_09,C09,new,2026082709,ac816bd97c2b921526a9e4685f619835e38d4e341456d542de1acf214eaf5cbe,per_EbNo,2.0,additive_vs_matched_ablation,additive_fixed,matched_lambda0_ablation,0.016713541666666668,0.305,0.28828645833333333,0.9452015027322405,-1.2612313509548314,1,0,0,0.123,1.0,0.877,0.877,-0.9100948885606021,1,0,0,independent_code_realization
N192_M96,new_09,C09,new,2026082709,ac816bd97c2b921526a9e4685f619835e38d4e341456d542de1acf214eaf5cbe,per_EbNo,2.0,pSA_specific_vs_matched_ablation,pSA_specific_fixed,matched_lambda0_ablation,0.055703125,0.305,0.249296875,0.8173668032786885,-0.7384202791427886,1,0,0,0.552,1.0,0.44799999999999995,0.44799999999999995,-0.2580609222708011,1,0,0,independent_code_realization
N192_M96,new_09,C09,new,2026082709,ac816bd97c2b921526a9e4685f619835e38d4e341456d542de1acf214eaf5cbe,per_EbNo,2.5,additive_vs_pSA_specific,additive_fixed,pSA_specific_fixed,0.004536458333333333,0.028041666666666666,0.023505208333333333,0.8382243684992571,-0.7910868962082572,1,0,0,0.04,0.301,0.261,0.867109634551495,-0.876506504265881,1,0,0,independent_code_realization
N192_M96,new_09,C09,new,2026082709,ac816bd97c2b921526a9e4685f619835e38d4e341456d542de1acf214eaf5cbe,per_EbNo,2.5,additive_vs_matched_ablation,additive_fixed,matched_lambda0_ablation,0.004536458333333333,0.28193229166666667,0.27739583333333334,0.9839094049620366,-1.7934278951846427,1,0,0,0.04,1.0,0.96,0.96,-1.3979400086720375,1,0,0,independent_code_realization
N192_M96,new_09,C09,new,2026082709,ac816bd97c2b921526a9e4685f619835e38d4e341456d542de1acf214eaf5cbe,per_EbNo,2.5,pSA_specific_vs_matched_ablation,pSA_specific_fixed,matched_lambda0_ablation,0.028041666666666666,0.28193229166666667,0.253890625,0.900537584748111,-1.0023409989763854,1,0,0,0.301,1.0,0.6990000000000001,0.6990000000000001,-0.5214335044061567,1,0,0,independent_code_realization
N192_M96,new_09,C09,new,2026082709,ac816bd97c2b921526a9e4685f619835e38d4e341456d542de1acf214eaf5cbe,per_EbNo,3.0,additive_vs_pSA_specific,additive_fixed,pSA_specific_fixed,0.00075,0.010067708333333333,0.009317708333333332,0.925504397309881,-1.1278693619333033,1,0,0,0.007,0.122,0.11499999999999999,0.9426229508196721,-1.2412617906604915,1,0,0,independent_code_realization
N192_M96,new_09,C09,new,2026082709,ac816bd97c2b921526a9e4685f619835e38d4e341456d542de1acf214eaf5cbe,per_EbNo,3.0,additive_vs_matched_ablation,additive_fixed,matched_lambda0_ablation,0.00075,0.25953645833333333,0.25878645833333336,0.9971102325861413,-2.53913711051077,1,0,0,0.007,1.0,0.993,0.993,-2.154901959985743,1,0,0,independent_code_realization
N192_M96,new_09,C09,new,2026082709,ac816bd97c2b921526a9e4685f619835e38d4e341456d542de1acf214eaf5cbe,per_EbNo,3.0,pSA_specific_vs_matched_ablation,pSA_specific_fixed,matched_lambda0_ablation,0.010067708333333333,0.25953645833333333,0.24946875,0.9612088860347976,-1.4112677485774667,1,0,0,0.122,1.0,0.878,0.878,-0.9136401693252518,1,0,0,independent_code_realization
N192_M96,new_09,C09,new,2026082709,ac816bd97c2b921526a9e4685f619835e38d4e341456d542de1acf214eaf5cbe,pooled_across_EbNo,,additive_vs_pSA_specific,additive_fixed,pSA_specific_fixed,0.007333333333333333,0.03127083333333333,0.023937499999999997,0.765489673550966,-0.6298380287651394,1,0,0,0.056666666666666664,0.325,0.26833333333333337,0.8256410256410257,-0.7585556943202629,1,0,0,independent_code_realization
N192_M96,new_09,C09,new,2026082709,ac816bd97c2b921526a9e4685f619835e38d4e341456d542de1acf214eaf5cbe,pooled_across_EbNo,,additive_vs_matched_ablation,additive_fixed,matched_lambda0_ablation,0.007333333333333333,0.28215625,0.27482291666666664,0.9740096725366411,-1.5851882486008022,1,0,0,0.056666666666666664,1.0,0.9433333333333334,0.9433333333333334,-1.2466723333413885,1,0,0,independent_code_realization
N192_M96,new_09,C09,new,2026082709,ac816bd97c2b921526a9e4685f619835e38d4e341456d542de1acf214eaf5cbe,pooled_across_EbNo,,pSA_specific_vs_matched_ablation,pSA_specific_fixed,matched_lambda0_ablation,0.03127083333333333,0.28215625,0.25088541666666664,0.8891719274928932,-0.9553502198356628,1,0,0,0.325,1.0,0.675,0.675,-0.4881166390211256,1,0,0,independent_code_realization
N288_M144,existing_00,C00,existing,0,81f01feb3a5c38d584d949886057bb3ebcbc25c418c956e9aadfe9b10cd6eb55,per_EbNo,2.0,additive_vs_pSA_specific,additive_fixed,pSA_specific_fixed,0.0184375,0.07659375,0.05815625000000001,0.7592819257445941,-0.6184912996099338,1,0,0,0.163,0.683,0.52,0.7613469985358712,-0.6222330992775748,1,0,0,independent_code_realization
N288_M144,existing_00,C00,existing,0,81f01feb3a5c38d584d949886057bb3ebcbc25c418c956e9aadfe9b10cd6eb55,per_EbNo,2.0,additive_vs_matched_ablation,additive_fixed,matched_lambda0_ablation,0.0184375,0.3270972222222222,0.3086597222222222,0.9436329667530041,-1.2489748226991566,1,0,0,0.163,1.0,0.837,0.837,-0.7878123955960422,1,0,0,independent_code_realization
N288_M144,existing_00,C00,existing,0,81f01feb3a5c38d584d949886057bb3ebcbc25c418c956e9aadfe9b10cd6eb55,per_EbNo,2.0,pSA_specific_vs_matched_ablation,pSA_specific_fixed,matched_lambda0_ablation,0.07659375,0.3270972222222222,0.2505034722222222,0.765837968663751,-0.630483523089223,1,0,0,0.683,1.0,0.31699999999999995,0.31699999999999995,-0.1655792963184674,1,0,0,independent_code_realization
N288_M144,existing_00,C00,existing,0,81f01feb3a5c38d584d949886057bb3ebcbc25c418c956e9aadfe9b10cd6eb55,per_EbNo,2.5,additive_vs_pSA_specific,additive_fixed,pSA_specific_fixed,0.004131944444444444,0.035055555555555555,0.03092361111111111,0.8821315372424723,-0.9286023805075283,1,0,0,0.04,0.398,0.35800000000000004,0.8994974874371859,-0.9978230807457255,1,0,0,independent_code_realization
N288_M144,existing_00,C00,existing,0,81f01feb3a5c38d584d949886057bb3ebcbc25c418c956e9aadfe9b10cd6eb55,per_EbNo,2.5,additive_vs_matched_ablation,additive_fixed,matched_lambda0_ablation,0.004131944444444444,0.32389236111111114,0.3197604166666667,0.9872428468820018,-1.8942462318130815,1,0,0,0.04,1.0,0.96,0.96,-1.3979400086720375,1,0,0,independent_code_realization
N288_M144,existing_00,C00,existing,0,81f01feb3a5c38d584d949886057bb3ebcbc25c418c956e9aadfe9b10cd6eb55,per_EbNo,2.5,pSA_specific_vs_matched_ablation,pSA_specific_fixed,matched_lambda0_ablation,0.035055555555555555,0.32389236111111114,0.2888368055555556,0.8917678841350328,-0.9656438513055532,1,0,0,0.398,1.0,0.602,0.602,-0.40011692792631215,1,0,0,independent_code_realization
N288_M144,existing_00,C00,existing,0,81f01feb3a5c38d584d949886057bb3ebcbc25c418c956e9aadfe9b10cd6eb55,per_EbNo,3.0,additive_vs_pSA_specific,additive_fixed,pSA_specific_fixed,0.0006111111111111111,0.009364583333333334,0.008753472222222223,0.9347423062662218,-1.1853682786387414,1,0,0,0.009,0.138,0.129,0.9347826086956521,-1.1856365769619117,1,0,0,independent_code_realization
N288_M144,existing_00,C00,existing,0,81f01feb3a5c38d584d949886057bb3ebcbc25c418c956e9aadfe9b10cd6eb55,per_EbNo,3.0,additive_vs_matched_ablation,additive_fixed,matched_lambda0_ablation,0.0006111111111111111,0.31739236111111113,0.31678125,0.9980745878414597,-2.7154762900412432,1,0,0,0.009,1.0,0.991,0.991,-2.0457574905606752,1,0,0,independent_code_realization
N288_M144,existing_00,C00,existing,0,81f01feb3a5c38d584d949886057bb3ebcbc25c418c956e9aadfe9b10cd6eb55,per_EbNo,3.0,pSA_specific_vs_matched_ablation,pSA_specific_fixed,matched_lambda0_ablation,0.009364583333333334,0.31739236111111113,0.3080277777777778,0.9704952466387335,-1.5301080114025019,1,0,0,0.138,1.0,0.862,0.862,-0.8601209135987634,1,0,0,independent_code_realization
N288_M144,existing_00,C00,existing,0,81f01feb3a5c38d584d949886057bb3ebcbc25c418c956e9aadfe9b10cd6eb55,pooled_across_EbNo,,additive_vs_pSA_specific,additive_fixed,pSA_specific_fixed,0.007726851851851852,0.040337962962962964,0.03261111111111111,0.80844714793986,-0.7177113773548282,1,0,0,0.07066666666666667,0.4063333333333333,0.33566666666666667,0.8260869565217391,-0.7596678446896304,1,0,0,independent_code_realization
N288_M144,existing_00,C00,existing,0,81f01feb3a5c38d584d949886057bb3ebcbc25c418c956e9aadfe9b10cd6eb55,pooled_across_EbNo,,additive_vs_matched_ablation,additive_fixed,matched_lambda0_ablation,0.007726851851851852,0.3227939814814815,0.3150671296296296,0.9760625900879905,-1.6209228431433123,1,0,0,0.07066666666666667,1.0,0.9293333333333333,0.9293333333333333,-1.150785393790911,1,0,0,independent_code_realization
N288_M144,existing_00,C00,existing,0,81f01feb3a5c38d584d949886057bb3ebcbc25c418c956e9aadfe9b10cd6eb55,pooled_across_EbNo,,pSA_specific_vs_matched_ablation,pSA_specific_fixed,matched_lambda0_ablation,0.040337962962962964,0.3227939814814815,0.28245601851851854,0.8750349595186703,-0.9032114657884841,1,0,0,0.4063333333333333,1.0,0.5936666666666667,0.5936666666666667,-0.39111754910128055,1,0,0,independent_code_realization
N288_M144,new_01,C01,new,2026082701,842d146426a0a749ef118497e8ee33a640476573833ba283982f24766f70a165,per_EbNo,2.0,additive_vs_pSA_specific,additive_fixed,pSA_specific_fixed,0.018149305555555554,0.07809375,0.05994444444444445,0.7675959272597929,-0.6337562654680244,1,0,0,0.171,0.711,0.5399999999999999,0.7594936708860759,-0.6188734903376124,1,0,0,independent_code_realization
N288_M144,new_01,C01,new,2026082701,842d146426a0a749ef118497e8ee33a640476573833ba283982f24766f70a165,per_EbNo,2.0,additive_vs_matched_ablation,additive_fixed,matched_lambda0_ablation,0.018149305555555554,0.3281076388888889,0.30995833333333334,0.9446849039631726,-1.2571563292595769,1,0,0,0.171,1.0,0.829,0.829,-0.7670038896078462,1,0,0,independent_code_realization
N288_M144,new_01,C01,new,2026082701,842d146426a0a749ef118497e8ee33a640476573833ba283982f24766f70a165,per_EbNo,2.0,pSA_specific_vs_matched_ablation,pSA_specific_fixed,matched_lambda0_ablation,0.07809375,0.3281076388888889,0.25001388888888887,0.7619874067410973,-0.6234000637915526,1,0,0,0.711,1.0,0.28900000000000003,0.28900000000000003,-0.14813039927023372,1,0,0,independent_code_realization
N288_M144,new_01,C01,new,2026082701,842d146426a0a749ef118497e8ee33a640476573833ba283982f24766f70a165,per_EbNo,2.5,additive_vs_pSA_specific,additive_fixed,pSA_specific_fixed,0.004847222222222222,0.035868055555555556,0.031020833333333334,0.8648596321393999,-0.8692149032324783,1,0,0,0.048,0.386,0.338,0.8756476683937824,-0.9053460672961677,1,0,0,independent_code_realization
N288_M144,new_01,C01,new,2026082701,842d146426a0a749ef118497e8ee33a640476573833ba283982f24766f70a165,per_EbNo,2.5,additive_vs_matched_ablation,additive_fixed,matched_lambda0_ablation,0.004847222222222222,0.3220451388888889,0.3171979166666667,0.9849486247830165,-1.8224238175544087,1,0,0,0.048,1.0,0.952,0.952,-1.3187587626244128,1,0,0,independent_code_realization
N288_M144,new_01,C01,new,2026082701,842d146426a0a749ef118497e8ee33a640476573833ba283982f24766f70a165,per_EbNo,2.5,pSA_specific_vs_matched_ablation,pSA_specific_fixed,matched_lambda0_ablation,0.035868055555555556,0.3220451388888889,0.28617708333333336,0.8886241361092843,-0.9532089143219306,1,0,0,0.386,1.0,0.614,0.614,-0.41341269532824504,1,0,0,independent_code_realization
N288_M144,new_01,C01,new,2026082701,842d146426a0a749ef118497e8ee33a640476573833ba283982f24766f70a165,per_EbNo,3.0,additive_vs_pSA_specific,additive_fixed,pSA_specific_fixed,0.0009513888888888889,0.00823611111111111,0.007284722222222222,0.8844856661045531,-0.937364121871837,1,0,0,0.016,0.111,0.095,0.8558558558558559,-0.8412029961307327,1,0,0,independent_code_realization
N288_M144,new_01,C01,new,2026082701,842d146426a0a749ef118497e8ee33a640476573833ba283982f24766f70a165,per_EbNo,3.0,additive_vs_matched_ablation,additive_fixed,matched_lambda0_ablation,0.0009513888888888889,0.3167534722222222,0.3158020833333333,0.9969964373801041,-2.522363309216298,1,0,0,0.016,1.0,0.984,0.984,-1.7958800173440752,1,0,0,independent_code_realization
N288_M144,new_01,C01,new,2026082701,842d146426a0a749ef118497e8ee33a640476573833ba283982f24766f70a165,per_EbNo,3.0,pSA_specific_vs_matched_ablation,pSA_specific_fixed,matched_lambda0_ablation,0.00823611111111111,0.3167534722222222,0.3085173611111111,0.9739983557138943,-1.5849991873444609,1,0,0,0.111,1.0,0.889,0.889,-0.9546770212133425,1,0,0,independent_code_realization
N288_M144,new_01,C01,new,2026082701,842d146426a0a749ef118497e8ee33a640476573833ba283982f24766f70a165,pooled_across_EbNo,,additive_vs_pSA_specific,additive_fixed,pSA_specific_fixed,0.007982638888888888,0.04073263888888889,0.03275,0.8040235274060183,-0.7077960635206603,1,0,0,0.07833333333333334,0.4026666666666667,0.32433333333333336,0.8054635761589405,-0.7109990720133768,1,0,0,independent_code_realization
N288_M144,new_01,C01,new,2026082701,842d146426a0a749ef118497e8ee33a640476573833ba283982f24766f70a165,pooled_across_EbNo,,additive_vs_matched_ablation,additive_fixed,matched_lambda0_ablation,0.007982638888888888,0.3223020833333333,0.31431944444444443,0.9752324316171639,-1.6061166292540592,1,0,0,0.07833333333333334,1.0,0.9216666666666666,0.9216666666666666,-1.106053392447926,1,0,0,independent_code_realization
N288_M144,new_01,C01,new,2026082701,842d146426a0a749ef118497e8ee33a640476573833ba283982f24766f70a165,pooled_across_EbNo,,pSA_specific_vs_matched_ablation,pSA_specific_fixed,matched_lambda0_ablation,0.04073263888888889,0.3223020833333333,0.28156944444444443,0.8736196847764024,-0.898320565733399,1,0,0,0.4026666666666667,1.0,0.5973333333333333,0.5973333333333333,-0.3950543204345494,1,0,0,independent_code_realization
N288_M144,new_02,C02,new,2026082702,b5ae731d9748c18e1ba1efed8b6476151140a66616957e249fe7246155aebfca,per_EbNo,2.0,additive_vs_pSA_specific,additive_fixed,pSA_specific_fixed,0.01810763888888889,0.07422916666666667,0.05612152777777778,0.7560576293385723,-0.6127127599721095,1,0,0,0.168,0.69,0.5219999999999999,0.7565217391304347,-0.6135398090113924,1,0,0,independent_code_realization
N288_M144,new_02,C02,new,2026082702,b5ae731d9748c18e1ba1efed8b6476151140a66616957e249fe7246155aebfca,per_EbNo,2.0,additive_vs_matched_ablation,additive_fixed,matched_lambda0_ablation,0.01810763888888889,0.32817708333333334,0.31006944444444445,0.9448235729778343,-1.2582464259082584,1,0,0,0.168,1.0,0.832,0.832,-0.7746907182741372,1,0,0,independent_code_realization
N288_M144,new_02,C02,new,2026082702,b5ae731d9748c18e1ba1efed8b6476151140a66616957e249fe7246155aebfca,per_EbNo,2.0,pSA_specific_vs_matched_ablation,pSA_specific_fixed,matched_lambda0_ablation,0.07422916666666667,0.32817708333333334,0.25394791666666666,0.7738136803681955,-0.6455336659361489,1,0,0,0.69,1.0,0.31000000000000005,0.31000000000000005,-0.16115090926274472,1,0,0,independent_code_realization
N288_M144,new_02,C02,new,2026082702,b5ae731d9748c18e1ba1efed8b6476151140a66616957e249fe7246155aebfca,per_EbNo,2.5,additive_vs_pSA_specific,additive_fixed,pSA_specific_fixed,0.004430555555555556,0.037208333333333336,0.03277777777777778,0.8809257185516984,-0.9241820305510278,1,0,0,0.045,0.411,0.366,0.8905109489051095,-0.9606293081007256,1,0,0,independent_code_realization
N288_M144,new_02,C02,new,2026082702,b5ae731d9748c18e1ba1efed8b6476151140a66616957e249fe7246155aebfca,per_EbNo,2.5,additive_vs_matched_ablation,additive_fixed,matched_lambda0_ablation,0.004430555555555556,0.32347916666666665,0.3190486111111111,0.986303428436487,-1.8633881290030503,1,0,0,0.045,1.0,0.955,0.955,-1.3467874862246563,1,0,0,independent_code_realization
N288_M144,new_02,C02,new,2026082702,b5ae731d9748c18e1ba1efed8b6476151140a66616957e249fe7246155aebfca,per_EbNo,2.5,pSA_specific_vs_matched_ablation,pSA_specific_fixed,matched_lambda0_ablation,0.037208333333333336,0.32347916666666665,0.2862708333333333,0.8849745604430991,-0.9392060984520226,1,0,0,0.411,1.0,0.589,0.589,-0.38615817812393083,1,0,0,independent_code_realization
N288_M144,new_02,C02,new,2026082702,b5ae731d9748c18e1ba1efed8b6476151140a66616957e249fe7246155aebfca,per_EbNo,3.0,additive_vs_pSA_specific,additive_fixed,pSA_specific_fixed,0.0004930555555555556,0.010354166666666666,0.00986111111111111,0.9523809523809523,-1.322219294733919,1,0,0,0.008,0.153,0.145,0.9477124183006536,-1.281601443825655,1,0,0,independent_code_realization
N288_M144,new_02,C02,new,2026082702,b5ae731d9748c18e1ba1efed8b6476151140a66616957e249fe7246155aebfca,per_EbNo,3.0,additive_vs_matched_ablation,additive_fixed,matched_lambda0_ablation,0.0004930555555555556,0.3169444444444444,0.31645138888888885,0.9984443470639789,-2.8080872870271016,1,0,0,0.008,1.0,0.992,0.992,-2.0969100130080562,1,0,0,independent_code_realization
N288_M144,new_02,C02,new,2026082702,b5ae731d9748c18e1ba1efed8b6476151140a66616957e249fe7246155aebfca,per_EbNo,3.0,pSA_specific_vs_matched_ablation,pSA_specific_fixed,matched_lambda0_ablation,0.010354166666666666,0.3169444444444444,0.30659027777777775,0.9673312883435583,-1.4858679922931826,1,0,0,0.153,1.0,0.847,0.847,-0.8153085691824012,1,0,0,independent_code_realization
N288_M144,new_02,C02,new,2026082702,b5ae731d9748c18e1ba1efed8b6476151140a66616957e249fe7246155aebfca,pooled_across_EbNo,,additive_vs_pSA_specific,additive_fixed,pSA_specific_fixed,0.0076770833333333335,0.04059722222222222,0.03292013888888889,0.8108963393773521,-0.7233000641066849,1,0,0,0.07366666666666667,0.418,0.3443333333333333,0.8237639553429027,-0.7539052628095869,1,0,0,independent_code_realization
N288_M144,new_02,C02,new,2026082702,b5ae731d9748c18e1ba1efed8b6476151140a66616957e249fe7246155aebfca,pooled_across_EbNo,,additive_vs_matched_ablation,additive_fixed,matched_lambda0_ablation,0.0076770833333333335,0.3228668981481482,0.31518981481481484,0.9762221417637844,-1.6238272665416849,1,0,0,0.07366666666666667,1.0,0.9263333333333333,0.9263333333333333,-1.1327289810345518,1,0,0,independent_code_realization
N288_M144,new_02,C02,new,2026082702,b5ae731d9748c18e1ba1efed8b6476151140a66616957e249fe7246155aebfca,pooled_across_EbNo,,pSA_specific_vs_matched_ablation,pSA_specific_fixed,matched_lambda0_ablation,0.04059722222222222,0.3228668981481482,0.28226967592592594,0.8742601906387005,-0.900527202435,1,0,0,0.418,1.0,0.5820000000000001,0.5820000000000001,-0.3788237182249648,1,0,0,independent_code_realization
N288_M144,new_03,C03,new,2026082703,ac53625e6c4bd5ea874b9678318bb84cd03ae4a08294027c64e84dce8f0dddb5,per_EbNo,2.0,additive_vs_pSA_specific,additive_fixed,pSA_specific_fixed,0.017152777777777777,0.07775,0.06059722222222222,0.7793854948195784,-0.6563659365344591,1,0,0,0.154,0.715,0.5609999999999999,0.7846153846153846,-0.6667853209646175,1,0,0,independent_code_realization
N288_M144,new_03,C03,new,2026082703,ac53625e6c4bd5ea874b9678318bb84cd03ae4a08294027c64e84dce8f0dddb5,per_EbNo,2.0,additive_vs_matched_ablation,additive_fixed,matched_lambda0_ablation,0.017152777777777777,0.330375,0.3132222222222222,0.9480808845167528,-1.2846727149753507,1,0,0,0.154,1.0,0.846,0.846,-0.8124792791635369,1,0,0,independent_code_realization
N288_M144,new_03,C03,new,2026082703,ac53625e6c4bd5ea874b9678318bb84cd03ae4a08294027c64e84dce8f0dddb5,per_EbNo,2.0,pSA_specific_vs_matched_ablation,pSA_specific_fixed,matched_lambda0_ablation,0.07775,0.330375,0.252625,0.7646613696556943,-0.6283067784408916,1,0,0,0.715,1.0,0.28500000000000003,0.28500000000000003,-0.1456939581989194,1,0,0,independent_code_realization
N288_M144,new_03,C03,new,2026082703,ac53625e6c4bd5ea874b9678318bb84cd03ae4a08294027c64e84dce8f0dddb5,per_EbNo,2.5,additive_vs_pSA_specific,additive_fixed,pSA_specific_fixed,0.004347222222222222,0.03638541666666667,0.032038194444444446,0.8805229506632312,-0.9227155114828984,1,0,0,0.044,0.401,0.35700000000000004,0.8902743142144639,-0.9596916961339949,1,0,0,independent_code_realization
N288_M144,new_03,C03,new,2026082703,ac53625e6c4bd5ea874b9678318bb84cd03ae4a08294027c64e84dce8f0dddb5,per_EbNo,2.5,additive_vs_matched_ablation,additive_fixed,matched_lambda0_ablation,0.004347222222222222,0.3234375,0.31909027777777776,0.9865593129361245,-1.8715785303578505,1,0,0,0.044,1.0,0.956,0.956,-1.3565473235138126,1,0,0,independent_code_realization
N288_M144,new_03,C03,new,2026082703,ac53625e6c4bd5ea874b9678318bb84cd03ae4a08294027c64e84dce8f0dddb5,per_EbNo,2.5,pSA_specific_vs_matched_ablation,pSA_specific_fixed,matched_lambda0_ablation,0.03638541666666667,0.3234375,0.2870520833333333,0.8875040257648953,-0.9488630188749522,1,0,0,0.401,1.0,0.599,0.599,-0.39685562737981767,1,0,0,independent_code_realization
N288_M144,new_03,C03,new,2026082703,ac53625e6c4bd5ea874b9678318bb84cd03ae4a08294027c64e84dce8f0dddb5,per_EbNo,3.0,additive_vs_pSA_specific,additive_fixed,pSA_specific_fixed,0.0004965277777777778,0.008763888888888889,0.00826736111111111,0.9433438985736925,-1.2467533131070347,1,0,0,0.008,0.127,0.119,0.9370078740157479,-1.2007137339640133,1,0,0,independent_code_realization
N288_M144,new_03,C03,new,2026082703,ac53625e6c4bd5ea874b9678318bb84cd03ae4a08294027c64e84dce8f0dddb5,per_EbNo,3.0,additive_vs_matched_ablation,additive_fixed,matched_lambda0_ablation,0.0004965277777777778,0.31597569444444445,0.3154791666666667,0.9984285886968276,-2.8037101272966436,1,0,0,0.008,1.0,0.992,0.992,-2.0969100130080562,1,0,0,independent_code_realization
N288_M144,new_03,C03,new,2026082703,ac53625e6c4bd5ea874b9678318bb84cd03ae4a08294027c64e84dce8f0dddb5,per_EbNo,3.0,pSA_specific_vs_matched_ablation,pSA_specific_fixed,matched_lambda0_ablation,0.008763888888888889,0.31597569444444445,0.30721180555555555,0.9722640410544938,-1.5569568141896089,1,0,0,0.127,1.0,0.873,0.873,-0.8961962790440431,1,0,0,independent_code_realization
N288_M144,new_03,C03,new,2026082703,ac53625e6c4bd5ea874b9678318bb84cd03ae4a08294027c64e84dce8f0dddb5,pooled_across_EbNo,,additive_vs_pSA_specific,additive_fixed,pSA_specific_fixed,0.007332175925925926,0.04096643518518518,0.03363425925925925,0.8210199180675236,-0.7471952974454087,1,0,0,0.06866666666666667,0.41433333333333333,0.3456666666666667,0.8342719227674981,-0.7806039082724914,1,0,0,independent_code_realization
N288_M144,new_03,C03,new,2026082703,ac53625e6c4bd5ea874b9678318bb84cd03ae4a08294027c64e84dce8f0dddb5,pooled_across_EbNo,,additive_vs_matched_ablation,additive_fixed,matched_lambda0_ablation,0.007332175925925926,0.3232627314814815,0.31593055555555555,0.9773182145299482,-1.6443227615396925,1,0,0,0.06866666666666667,1.0,0.9313333333333333,0.9313333333333333,-1.1632540343505091,1,0,0,independent_code_realization
N288_M144,new_03,C03,new,2026082703,ac53625e6c4bd5ea874b9678318bb84cd03ae4a08294027c64e84dce8f0dddb5,pooled_across_EbNo,,pSA_specific_vs_matched_ablation,pSA_specific_fixed,matched_lambda0_ablation,0.04096643518518518,0.3232627314814815,0.2822962962962963,0.8732720131472007,-0.8971274640942838,1,0,0,0.41433333333333333,1.0,0.5856666666666667,0.5856666666666667,-0.3826501260780177,1,0,0,independent_code_realization
N288_M144,new_04,C04,new,2026082704,9c8e14e8785a97472dbb8e9843ab81fa4c2ac5a0d5a5d4dfae37e4dc6bd50002,per_EbNo,2.0,additive_vs_pSA_specific,additive_fixed,pSA_specific_fixed,0.018385416666666668,0.07665625,0.05827083333333333,0.760157630112787,-0.6200740932022067,1,0,0,0.168,0.698,0.5299999999999999,0.7593123209169054,-0.6185461408972982,1,0,0,independent_code_realization
N288_M144,new_04,C04,new,2026082704,9c8e14e8785a97472dbb8e9843ab81fa4c2ac5a0d5a5d4dfae37e4dc6bd50002,per_EbNo,2.0,additive_vs_matched_ablation,additive_fixed,matched_lambda0_ablation,0.018385416666666668,0.3283888888888889,0.31000347222222224,0.9440132803248181,-1.2519149775613083,1,0,0,0.168,1.0,0.832,0.832,-0.7746907182741372,1,0,0,independent_code_realization
N288_M144,new_04,C04,new,2026082704,9c8e14e8785a97472dbb8e9843ab81fa4c2ac5a0d5a5d4dfae37e4dc6bd50002,per_EbNo,2.0,pSA_specific_vs_matched_ablation,pSA_specific_fixed,matched_lambda0_ablation,0.07665625,0.3283888888888889,0.2517326388888889,0.7665686855016073,-0.6318408843591017,1,0,0,0.698,1.0,0.30200000000000005,0.30200000000000005,-0.15614457737683893,1,0,0,independent_code_realization
N288_M144,new_04,C04,new,2026082704,9c8e14e8785a97472dbb8e9843ab81fa4c2ac5a0d5a5d4dfae37e4dc6bd50002,per_EbNo,2.5,additive_vs_pSA_specific,additive_fixed,pSA_specific_fixed,0.003954861111111111,0.038704861111111113,0.03475,0.8978200412667086,-0.9906342770492087,1,0,0,0.041,0.403,0.36200000000000004,0.8982630272952854,-0.9925211894213739,1,0,0,independent_code_realization
N288_M144,new_04,C04,new,2026082704,9c8e14e8785a97472dbb8e9843ab81fa4c2ac5a0d5a5d4dfae37e4dc6bd50002,per_EbNo,2.5,additive_vs_matched_ablation,additive_fixed,matched_lambda0_ablation,0.003954861111111111,0.3213888888888889,0.3174340277777778,0.9876944684528954,-1.9098996218645927,1,0,0,0.041,1.0,0.959,0.959,-1.3872161432802645,1,0,0,independent_code_realization
N288_M144,new_04,C04,new,2026082704,9c8e14e8785a97472dbb8e9843ab81fa4c2ac5a0d5a5d4dfae37e4dc6bd50002,per_EbNo,2.5,pSA_specific_vs_matched_ablation,pSA_specific_fixed,matched_lambda0_ablation,0.038704861111111113,0.3213888888888889,0.2826840277777778,0.8795700086430424,-0.9192653448153841,1,0,0,0.403,1.0,0.597,0.597,-0.39469495385889053,1,0,0,independent_code_realization
N288_M144,new_04,C04,new,2026082704,9c8e14e8785a97472dbb8e9843ab81fa4c2ac5a0d5a5d4dfae37e4dc6bd50002,per_EbNo,3.0,additive_vs_pSA_specific,additive_fixed,pSA_specific_fixed,0.0004965277777777778,0.010076388888888888,0.00957986111111111,0.950723638869745,-1.3073613706366551,1,0,0,0.006,0.128,0.122,0.953125,-1.3290587192642247,1,0,0,independent_code_realization
N288_M144,new_04,C04,new,2026082704,9c8e14e8785a97472dbb8e9843ab81fa4c2ac5a0d5a5d4dfae37e4dc6bd50002,per_EbNo,3.0,additive_vs_matched_ablation,additive_fixed,matched_lambda0_ablation,0.0004965277777777778,0.3167534722222222,0.31625694444444447,0.9984324472458208,-2.804777834571624,1,0,0,0.006,1.0,0.994,0.994,-2.221848749616356,1,0,0,independent_code_realization
N288_M144,new_04,C04,new,2026082704,9c8e14e8785a97472dbb8e9843ab81fa4c2ac5a0d5a5d4dfae37e4dc6bd50002,per_EbNo,3.0,pSA_specific_vs_matched_ablation,pSA_specific_fixed,matched_lambda0_ablation,0.010076388888888888,0.3167534722222222,0.3066770833333333,0.9681885448067964,-1.4974164639349687,1,0,0,0.128,1.0,0.872,0.872,-0.8927900303521317,1,0,0,independent_code_realization
N288_M144,new_04,C04,new,2026082704,9c8e14e8785a97472dbb8e9843ab81fa4c2ac5a0d5a5d4dfae37e4dc6bd50002,pooled_across_EbNo,,additive_vs_pSA_specific,additive_fixed,pSA_specific_fixed,0.007612268518518518,0.0418125,0.034200231481481484,0.817942755909871,-0.7397920357315355,1,0,0,0.07166666666666667,0.4096666666666667,0.338,0.8250610252237592,-0.7571134229708487,1,0,0,independent_code_realization
N288_M144,new_04,C04,new,2026082704,9c8e14e8785a97472dbb8e9843ab81fa4c2ac5a0d5a5d4dfae37e4dc6bd50002,pooled_across_EbNo,,additive_vs_matched_ablation,additive_fixed,matched_lambda0_ablation,0.007612268518518518,0.32217708333333334,0.3145648148148148,0.9763724084911319,-1.6265805461508953,1,0,0,0.07166666666666667,1.0,0.9283333333333333,0.9283333333333333,-1.144682794804057,1,0,0,independent_code_realization
N288_M144,new_04,C04,new,2026082704,9c8e14e8785a97472dbb8e9843ab81fa4c2ac5a0d5a5d4dfae37e4dc6bd50002,pooled_across_EbNo,,pSA_specific_vs_matched_ablation,pSA_specific_fixed,matched_lambda0_ablation,0.0418125,0.32217708333333334,0.28036458333333336,0.8702188884218696,-0.8867885104193599,1,0,0,0.4096666666666667,1.0,0.5903333333333334,0.5903333333333334,-0.38756937183320833,1,0,0,independent_code_realization
N288_M144,new_05,C05,new,2026082706,47b1752e23e1c6a13b31a5cc83dfe43b7210c11e1a139dc8fb7ae5d43a612c81,per_EbNo,2.0,additive_vs_pSA_specific,additive_fixed,pSA_specific_fixed,0.01982986111111111,0.07745833333333334,0.05762847222222223,0.7439931863008786,-0.5917484756547519,1,0,0,0.171,0.705,0.5339999999999999,0.7574468085106383,-0.6151930065992448,1,0,0,independent_code_realization
N288_M144,new_05,C05,new,2026082706,47b1752e23e1c6a13b31a5cc83dfe43b7210c11e1a139dc8fb7ae5d43a612c81,per_EbNo,2.0,additive_vs_matched_ablation,additive_fixed,matched_lambda0_ablation,0.01982986111111111,0.32784722222222223,0.3080173611111111,0.9395149332768481,-1.2183518359304646,1,0,0,0.171,1.0,0.829,0.829,-0.7670038896078462,1,0,0,independent_code_realization
N288_M144,new_05,C05,new,2026082706,47b1752e23e1c6a13b31a5cc83dfe43b7210c11e1a139dc8fb7ae5d43a612c81,per_EbNo,2.0,pSA_specific_vs_matched_ablation,pSA_specific_fixed,matched_lambda0_ablation,0.07745833333333334,0.32784722222222223,0.2503888888888889,0.7637364965049777,-0.6266033602757127,1,0,0,0.705,1.0,0.29500000000000004,0.29500000000000004,-0.15181088300860132,1,0,0,independent_code_realization
N288_M144,new_05,C05,new,2026082706,47b1752e23e1c6a13b31a5cc83dfe43b7210c11e1a139dc8fb7ae5d43a612c81,per_EbNo,2.5,additive_vs_pSA_specific,additive_fixed,pSA_specific_fixed,0.003267361111111111,0.036256944444444446,0.032989583333333336,0.9098831641447999,-1.0451940654474399,1,0,0,0.038,0.399,0.36100000000000004,0.9047619047619048,-1.021189299069938,1,0,0,independent_code_realization
N288_M144,new_05,C05,new,2026082706,47b1752e23e1c6a13b31a5cc83dfe43b7210c11e1a139dc8fb7ae5d43a612c81,per_EbNo,2.5,additive_vs_matched_ablation,additive_fixed,matched_lambda0_ablation,0.003267361111111111,0.3218125,0.3185451388888889,0.9898470037331953,-1.9934057735032837,1,0,0,0.038,1.0,0.962,0.962,-1.4202164033831899,1,0,0,independent_code_realization
N288_M144,new_05,C05,new,2026082706,47b1752e23e1c6a13b31a5cc83dfe43b7210c11e1a139dc8fb7ae5d43a612c81,per_EbNo,2.5,pSA_specific_vs_matched_ablation,pSA_specific_fixed,matched_lambda0_ablation,0.036256944444444446,0.3218125,0.28555555555555556,0.8873351891413651,-0.948211708055844,1,0,0,0.399,1.0,0.601,0.601,-0.3990271043132517,1,0,0,independent_code_realization
N288_M144,new_05,C05,new,2026082706,47b1752e23e1c6a13b31a5cc83dfe43b7210c11e1a139dc8fb7ae5d43a612c81,per_EbNo,3.0,additive_vs_pSA_specific,additive_fixed,pSA_specific_fixed,0.00044444444444444447,0.00965625,0.009211805555555555,0.9539733908665947,-1.336991019216291,1,0,0,0.005,0.13,0.125,0.9615384615384615,-1.414973347970818,1,0,0,independent_code_realization
N288_M144,new_05,C05,new,2026082706,47b1752e23e1c6a13b31a5cc83dfe43b7210c11e1a139dc8fb7ae5d43a612c81,per_EbNo,3.0,additive_vs_matched_ablation,additive_fixed,matched_lambda0_ablation,0.00044444444444444447,0.3173472222222222,0.31690277777777776,0.9985995010722569,-2.8537172193469984,1,0,0,0.005,1.0,0.995,0.995,-2.3010299956639813,1,0,0,independent_code_realization
N288_M144,new_05,C05,new,2026082706,47b1752e23e1c6a13b31a5cc83dfe43b7210c11e1a139dc8fb7ae5d43a612c81,per_EbNo,3.0,pSA_specific_vs_matched_ablation,pSA_specific_fixed,matched_lambda0_ablation,0.00965625,0.3173472222222222,0.30769097222222225,0.9695719725152087,-1.5167262001307074,1,0,0,0.13,1.0,0.87,0.87,-0.8860566476931632,1,0,0,independent_code_realization
N288_M144,new_05,C05,new,2026082706,47b1752e23e1c6a13b31a5cc83dfe43b7210c11e1a139dc8fb7ae5d43a612c81,pooled_across_EbNo,,additive_vs_pSA_specific,additive_fixed,pSA_specific_fixed,0.007847222222222222,0.041123842592592594,0.03327662037037037,0.809180715431595,-0.7193777367680669,1,0,0,0.07133333333333333,0.41133333333333333,0.33999999999999997,0.8265802269043759,-0.7609013863480321,1,0,0,independent_code_realization
N288_M144,new_05,C05,new,2026082706,47b1752e23e1c6a13b31a5cc83dfe43b7210c11e1a139dc8fb7ae5d43a612c81,pooled_across_EbNo,,additive_vs_matched_ablation,additive_fixed,matched_lambda0_ablation,0.007847222222222222,0.32233564814814814,0.3144884259259259,0.9756551214012309,-1.6135923868201254,1,0,0,0.07133333333333333,1.0,0.9286666666666666,0.9286666666666666,-1.1467074813704716,1,0,0,independent_code_realization
N288_M144,new_05,C05,new,2026082706,47b1752e23e1c6a13b31a5cc83dfe43b7210c11e1a139dc8fb7ae5d43a612c81,pooled_across_EbNo,,pSA_specific_vs_matched_ablation,pSA_specific_fixed,matched_lambda0_ablation,0.041123842592592594,0.32233564814814814,0.2812118055555555,0.8724191915202263,-0.8942146500520585,1,0,0,0.41133333333333333,1.0,0.5886666666666667,0.5886666666666667,-0.38580609502243957,1,0,0,independent_code_realization
N288_M144,new_06,C06,new,2026082707,2bb97494e49d7e3ee018b8078765710ce355fcd80b477b4d5b9695307cbe57e6,per_EbNo,2.0,additive_vs_pSA_specific,additive_fixed,pSA_specific_fixed,0.018413194444444444,0.07656944444444444,0.05815624999999999,0.7595229457645565,-0.6189263566886688,1,0,0,0.163,0.697,0.5339999999999999,0.7661406025824964,-0.6310451736940516,1,0,0,independent_code_realization
N288_M144,new_06,C06,new,2026082707,2bb97494e49d7e3ee018b8078765710ce355fcd80b477b4d5b9695307cbe57e6,per_EbNo,2.0,additive_vs_matched_ablation,additive_fixed,matched_lambda0_ablation,0.018413194444444444,0.3269722222222222,0.3085590277777778,0.9436857531220797,-1.2493817195760963,1,0,0,0.163,1.0,0.837,0.837,-0.7878123955960422,1,0,0,independent_code_realization
N288_M144,new_06,C06,new,2026082707,2bb97494e49d7e3ee018b8078765710ce355fcd80b477b4d5b9695307cbe57e6,per_EbNo,2.0,pSA_specific_vs_matched_ablation,pSA_specific_fixed,matched_lambda0_ablation,0.07656944444444444,0.3269722222222222,0.25040277777777775,0.7658227848101266,-0.6304553628874277,1,0,0,0.697,1.0,0.30300000000000005,0.30300000000000005,-0.1567672219019906,1,0,0,independent_code_realization
N288_M144,new_06,C06,new,2026082707,2bb97494e49d7e3ee018b8078765710ce355fcd80b477b4d5b9695307cbe57e6,per_EbNo,2.5,additive_vs_pSA_specific,additive_fixed,pSA_specific_fixed,0.005611111111111111,0.036944444444444446,0.03133333333333334,0.8481203007518798,-0.8185002715204621,1,0,0,0.054,0.412,0.358,0.8689320388349515,-0.8825034562101661,1,0,0,independent_code_realization
N288_M144,new_06,C06,new,2026082707,2bb97494e49d7e3ee018b8078765710ce355fcd80b477b4d5b9695307cbe57e6,per_EbNo,2.5,additive_vs_matched_ablation,additive_fixed,matched_lambda0_ablation,0.005611111111111111,0.32341319444444444,0.3178020833333333,0.9826503333583844,-1.7607088653744163,1,0,0,0.054,1.0,0.946,0.946,-1.2676062401770316,1,0,0,independent_code_realization
N288_M144,new_06,C06,new,2026082707,2bb97494e49d7e3ee018b8078765710ce355fcd80b477b4d5b9695307cbe57e6,per_EbNo,2.5,pSA_specific_vs_matched_ablation,pSA_specific_fixed,matched_lambda0_ablation,0.036944444444444446,0.32341319444444444,0.28646875,0.8857670463695608,-0.9422085938539543,1,0,0,0.412,1.0,0.5880000000000001,0.5880000000000001,-0.3851027839668654,1,0,0,independent_code_realization
N288_M144,new_06,C06,new,2026082707,2bb97494e49d7e3ee018b8078765710ce355fcd80b477b4d5b9695307cbe57e6,per_EbNo,3.0,additive_vs_pSA_specific,additive_fixed,pSA_specific_fixed,0.00030555555555555555,0.00938888888888889,0.009083333333333334,0.9674556213017752,-1.4875240151194298,1,0,0,0.005,0.13,0.125,0.9615384615384615,-1.414973347970818,1,0,0,independent_code_realization
N288_M144,new_06,C06,new,2026082707,2bb97494e49d7e3ee018b8078765710ce355fcd80b477b4d5b9695307cbe57e6,per_EbNo,3.0,additive_vs_matched_ablation,additive_fixed,matched_lambda0_ablation,0.00030555555555555555,0.31703125,0.31672569444444443,0.999036197360495,-3.016011888658521,1,0,0,0.005,1.0,0.995,0.995,-2.3010299956639813,1,0,0,independent_code_realization
N288_M144,new_06,C06,new,2026082707,2bb97494e49d7e3ee018b8078765710ce355fcd80b477b4d5b9695307cbe57e6,per_EbNo,3.0,pSA_specific_vs_matched_ablation,pSA_specific_fixed,matched_lambda0_ablation,0.00938888888888889,0.31703125,0.3076423611111111,0.9703849734406659,-1.5284878735390912,1,0,0,0.13,1.0,0.87,0.87,-0.8860566476931632,1,0,0,independent_code_realization
N288_M144,new_06,C06,new,2026082707,2bb97494e49d7e3ee018b8078765710ce355fcd80b477b4d5b9695307cbe57e6,pooled_across_EbNo,,additive_vs_pSA_specific,additive_fixed,pSA_specific_fixed,0.008109953703703704,0.04096759259259259,0.03285763888888889,0.8020397785060459,-0.7034220689367137,1,0,0,0.074,0.413,0.33899999999999997,0.8208232445520581,-0.7467183319254248,1,0,0,independent_code_realization
N288_M144,new_06,C06,new,2026082707,2bb97494e49d7e3ee018b8078765710ce355fcd80b477b4d5b9695307cbe57e6,pooled_across_EbNo,,additive_vs_matched_ablation,additive_fixed,matched_lambda0_ablation,0.008109953703703704,0.3224722222222222,0.3143622685185185,0.9748506905561777,-1.5994739354134138,1,0,0,0.074,1.0,0.926,0.926,-1.1307682802690238,1,0,0,independent_code_realization
N288_M144,new_06,C06,new,2026082707,2bb97494e49d7e3ee018b8078765710ce355fcd80b477b4d5b9695307cbe57e6,pooled_across_EbNo,,pSA_specific_vs_matched_ablation,pSA_specific_fixed,matched_lambda0_ablation,0.04096759259259259,0.3224722222222222,0.28150462962962963,0.872957762655411,-0.8960518664767001,1,0,0,0.413,1.0,0.587,0.587,-0.384049948343599,1,0,0,independent_code_realization
N288_M144,new_07,C07,new,2026082708,5fe81abd734edb48c9f3ef715c853cb3005fe0a54fed855c80e7e3eb857c8446,per_EbNo,2.0,additive_vs_pSA_specific,additive_fixed,pSA_specific_fixed,0.017809027777777778,0.07447916666666667,0.05667013888888889,0.7608857808857808,-0.6213945974549895,1,0,0,0.16,0.68,0.52,0.7647058823529411,-0.6283889300503115,1,0,0,independent_code_realization
N288_M144,new_07,C07,new,2026082708,5fe81abd734edb48c9f3ef715c853cb3005fe0a54fed855c80e7e3eb857c8446,per_EbNo,2.0,additive_vs_matched_ablation,additive_fixed,matched_lambda0_ablation,0.017809027777777778,0.32853819444444443,0.31072916666666667,0.9457931282300596,-1.2659456547421548,1,0,0,0.16,1.0,0.84,0.84,-0.7958800173440752,1,0,0,independent_code_realization
N288_M144,new_07,C07,new,2026082708,5fe81abd734edb48c9f3ef715c853cb3005fe0a54fed855c80e7e3eb857c8446,per_EbNo,2.0,pSA_specific_vs_matched_ablation,pSA_specific_fixed,matched_lambda0_ablation,0.07447916666666667,0.32853819444444443,0.2540590277777778,0.773301345395745,-0.6445510572871653,1,0,0,0.68,1.0,0.31999999999999995,0.31999999999999995,-0.16749108729376366,1,0,0,independent_code_realization
N288_M144,new_07,C07,new,2026082708,5fe81abd734edb48c9f3ef715c853cb3005fe0a54fed855c80e7e3eb857c8446,per_EbNo,2.5,additive_vs_pSA_specific,additive_fixed,pSA_specific_fixed,0.004357638888888889,0.03715625,0.03279861111111111,0.8827212410055135,-0.9307806382409595,1,0,0,0.043,0.392,0.34900000000000003,0.8903061224489797,-0.9598176114408707,1,0,0,independent_code_realization
N288_M144,new_07,C07,new,2026082708,5fe81abd734edb48c9f3ef715c853cb3005fe0a54fed855c80e7e3eb857c8446,per_EbNo,2.5,additive_vs_matched_ablation,additive_fixed,matched_lambda0_ablation,0.004357638888888889,0.3238229166666667,0.3194652777777778,0.9865431423639034,-1.8710563420905382,1,0,0,0.043,1.0,0.957,0.957,-1.3665315444204136,1,0,0,independent_code_realization
N288_M144,new_07,C07,new,2026082708,5fe81abd734edb48c9f3ef715c853cb3005fe0a54fed855c80e7e3eb857c8446,per_EbNo,2.5,pSA_specific_vs_matched_ablation,pSA_specific_fixed,matched_lambda0_ablation,0.03715625,0.3238229166666667,0.2866666666666667,0.8852575031363592,-0.9402757038495787,1,0,0,0.392,1.0,0.608,0.608,-0.4067139329795427,1,0,0,independent_code_realization
N288_M144,new_07,C07,new,2026082708,5fe81abd734edb48c9f3ef715c853cb3005fe0a54fed855c80e7e3eb857c8446,per_EbNo,3.0,additive_vs_pSA_specific,additive_fixed,pSA_specific_fixed,0.00013194444444444443,0.009395833333333334,0.00926388888888889,0.9859571322985956,-1.8525441956447941,1,0,0,0.003,0.134,0.131,0.9776119402985074,-1.6499835436451453,1,0,0,independent_code_realization
N288_M144,new_07,C07,new,2026082708,5fe81abd734edb48c9f3ef715c853cb3005fe0a54fed855c80e7e3eb857c8446,per_EbNo,3.0,additive_vs_matched_ablation,additive_fixed,matched_lambda0_ablation,0.00013194444444444443,0.3164895833333333,0.3163576388888889,0.999583100198576,-3.3799683117349724,1,0,0,0.003,1.0,0.997,0.997,-2.5228787452803374,1,0,0,independent_code_realization
N288_M144,new_07,C07,new,2026082708,5fe81abd734edb48c9f3ef715c853cb3005fe0a54fed855c80e7e3eb857c8446,per_EbNo,3.0,pSA_specific_vs_matched_ablation,pSA_specific_fixed,matched_lambda0_ablation,0.009395833333333334,0.3164895833333333,0.30709375,0.9703123457196459,-1.5274241160901783,1,0,0,0.134,1.0,0.866,0.866,-0.8728952016351923,1,0,0,independent_code_realization
N288_M144,new_07,C07,new,2026082708,5fe81abd734edb48c9f3ef715c853cb3005fe0a54fed855c80e7e3eb857c8446,pooled_across_EbNo,,additive_vs_pSA_specific,additive_fixed,pSA_specific_fixed,0.00743287037037037,0.04034375,0.03291087962962963,0.8157615400063115,-0.7346197051949239,1,0,0,0.06866666666666667,0.402,0.33333333333333337,0.8291873963515755,-0.7674800874349791,1,0,0,independent_code_realization
N288_M144,new_07,C07,new,2026082708,5fe81abd734edb48c9f3ef715c853cb3005fe0a54fed855c80e7e3eb857c8446,pooled_across_EbNo,,additive_vs_matched_ablation,additive_fixed,matched_lambda0_ablation,0.00743287037037037,0.3229502314814815,0.3155173611111111,0.9769844711481602,-1.6379790414175426,1,0,0,0.06866666666666667,1.0,0.9313333333333333,0.9313333333333333,-1.1632540343505091,1,0,0,independent_code_realization
N288_M144,new_07,C07,new,2026082708,5fe81abd734edb48c9f3ef715c853cb3005fe0a54fed855c80e7e3eb857c8446,pooled_across_EbNo,,pSA_specific_vs_matched_ablation,pSA_specific_fixed,matched_lambda0_ablation,0.04034375,0.3229502314814815,0.2826064814814815,0.8750775009049239,-0.9033593362226187,1,0,0,0.402,1.0,0.598,0.598,-0.3957739469155299,1,0,0,independent_code_realization
N288_M144,new_08,C08,new,2026082709,aca0729c16451352db770405411e31105dacf1adb759963a40c1138ba18e40a2,per_EbNo,2.0,additive_vs_pSA_specific,additive_fixed,pSA_specific_fixed,0.01682986111111111,0.0760138888888889,0.05918402777777779,0.7785949205189111,-0.6548124197477082,1,0,0,0.156,0.693,0.5369999999999999,0.7748917748917749,-0.6476086362573451,1,0,0,independent_code_realization
N288_M144,new_08,C08,new,2026082709,aca0729c16451352db770405411e31105dacf1adb759963a40c1138ba18e40a2,per_EbNo,2.0,additive_vs_matched_ablation,additive_fixed,matched_lambda0_ablation,0.01682986111111111,0.32886805555555554,0.3120381944444444,0.9488248833329813,-1.2909411585768462,1,0,0,0.156,1.0,0.844,0.844,-0.8068754016455384,1,0,0,independent_code_realization
N288_M144,new_08,C08,new,2026082709,aca0729c16451352db770405411e31105dacf1adb759963a40c1138ba18e40a2,per_EbNo,2.0,pSA_specific_vs_matched_ablation,pSA_specific_fixed,matched_lambda0_ablation,0.0760138888888889,0.32886805555555554,0.25285416666666666,0.7688620478493148,-0.6361287388291379,1,0,0,0.693,1.0,0.30700000000000005,0.30700000000000005,-0.1592667653881933,1,0,0,independent_code_realization
N288_M144,new_08,C08,new,2026082709,aca0729c16451352db770405411e31105dacf1adb759963a40c1138ba18e40a2,per_EbNo,2.5,additive_vs_pSA_specific,additive_fixed,pSA_specific_fixed,0.004326388888888889,0.034368055555555554,0.030041666666666664,0.8741159830268741,-0.9000294071519865,1,0,0,0.042,0.389,0.34700000000000003,0.8920308483290489,-0.9667003109278073,1,0,0,independent_code_realization
N288_M144,new_08,C08,new,2026082709,aca0729c16451352db770405411e31105dacf1adb759963a40c1138ba18e40a2,per_EbNo,2.5,additive_vs_matched_ablation,additive_fixed,matched_lambda0_ablation,0.004326388888888889,0.32032638888888887,0.316,0.9864938105664796,-1.869467163296742,1,0,0,0.042,1.0,0.958,0.958,-1.3767507096020994,1,0,0,independent_code_realization
N288_M144,new_08,C08,new,2026082709,aca0729c16451352db770405411e31105dacf1adb759963a40c1138ba18e40a2,per_EbNo,2.5,pSA_specific_vs_matched_ablation,pSA_specific_fixed,matched_lambda0_ablation,0.034368055555555554,0.32032638888888887,0.2859583333333333,0.8927092592191125,-0.9694377561447551,1,0,0,0.389,1.0,0.611,0.611,-0.41005039867429227,1,0,0,independent_code_realization
N288_M144,new_08,C08,new,2026082709,aca0729c16451352db770405411e31105dacf1adb759963a40c1138ba18e40a2,per_EbNo,3.0,additive_vs_pSA_specific,additive_fixed,pSA_specific_fixed,0.00030555555555555555,0.010024305555555555,0.00971875,0.9695185313474195,-1.5159641117305518,1,0,0,0.005,0.136,0.131,0.9632352941176471,-1.4345689040341987,1,0,0,independent_code_realization
N288_M144,new_08,C08,new,2026082709,aca0729c16451352db770405411e31105dacf1adb759963a40c1138ba18e40a2,per_EbNo,3.0,additive_vs_matched_ablation,additive_fixed,matched_lambda0_ablation,0.00030555555555555555,0.31750694444444444,0.3172013888888889,0.9990376413464273,-3.016663044137592,1,0,0,0.005,1.0,0.995,0.995,-2.3010299956639813,1,0,0,independent_code_realization
N288_M144,new_08,C08,new,2026082709,aca0729c16451352db770405411e31105dacf1adb759963a40c1138ba18e40a2,per_EbNo,3.0,pSA_specific_vs_matched_ablation,pSA_specific_fixed,matched_lambda0_ablation,0.010024305555555555,0.31750694444444444,0.3074826388888889,0.9684280746265392,-1.50069893240704,1,0,0,0.136,1.0,0.864,0.864,-0.8664610916297825,1,0,0,independent_code_realization
N288_M144,new_08,C08,new,2026082709,aca0729c16451352db770405411e31105dacf1adb759963a40c1138ba18e40a2,pooled_across_EbNo,,additive_vs_pSA_specific,additive_fixed,pSA_specific_fixed,0.007153935185185185,0.040135416666666666,0.03298148148148148,0.8217550537820457,-0.7489827748605004,1,0,0,0.06766666666666667,0.406,0.3383333333333334,0.8333333333333334,-0.7781512503836436,1,0,0,independent_code_realization
N288_M144,new_08,C08,new,2026082709,aca0729c16451352db770405411e31105dacf1adb759963a40c1138ba18e40a2,pooled_across_EbNo,,additive_vs_matched_ablation,additive_fixed,matched_lambda0_ablation,0.007153935185185185,0.3222337962962963,0.3150798611111111,0.9777989296361481,-1.653626086724654,1,0,0,0.06766666666666667,1.0,0.9323333333333333,0.9323333333333333,-1.1696252168064496,1,0,0,independent_code_realization
N288_M144,new_08,C08,new,2026082709,aca0729c16451352db770405411e31105dacf1adb759963a40c1138ba18e40a2,pooled_across_EbNo,,pSA_specific_vs_matched_ablation,pSA_specific_fixed,matched_lambda0_ablation,0.040135416666666666,0.3222337962962963,0.28209837962962964,0.8754462842570311,-0.9046433118641535,1,0,0,0.406,1.0,0.594,0.594,-0.39147396642280585,1,0,0,independent_code_realization
N288_M144,new_09,C09,new,2026082710,4a5bf7488f4896776f9f1bb02e31c78e8b8d82bda37b0106fa3b7f85b409cf44,per_EbNo,2.0,additive_vs_pSA_specific,additive_fixed,pSA_specific_fixed,0.018215277777777778,0.07789930555555556,0.05968402777777779,0.7661689324715847,-0.6310977876147583,1,0,0,0.165,0.698,0.5329999999999999,0.7636103151862463,-0.6263714784092548,1,0,0,independent_code_realization
N288_M144,new_09,C09,new,2026082710,4a5bf7488f4896776f9f1bb02e31c78e8b8d82bda37b0106fa3b7f85b409cf44,per_EbNo,2.0,additive_vs_matched_ablation,additive_fixed,matched_lambda0_ablation,0.018215277777777778,0.32788194444444446,0.3096666666666667,0.9444456210949911,-1.2552817034318264,1,0,0,0.165,1.0,0.835,0.835,-0.7825160557860937,1,0,0,independent_code_realization
N288_M144,new_09,C09,new,2026082710,4a5bf7488f4896776f9f1bb02e31c78e8b8d82bda37b0106fa3b7f85b409cf44,per_EbNo,2.0,pSA_specific_vs_matched_ablation,pSA_specific_fixed,matched_lambda0_ablation,0.07789930555555556,0.32788194444444446,0.2499826388888889,0.762416604892513,-0.624183915817068,1,0,0,0.698,1.0,0.30200000000000005,0.30200000000000005,-0.15614457737683893,1,0,0,independent_code_realization
N288_M144,new_09,C09,new,2026082710,4a5bf7488f4896776f9f1bb02e31c78e8b8d82bda37b0106fa3b7f85b409cf44,per_EbNo,2.5,additive_vs_pSA_specific,additive_fixed,pSA_specific_fixed,0.004673611111111111,0.03471180555555556,0.030038194444444447,0.8653596078823648,-0.8708246322203098,1,0,0,0.047,0.373,0.326,0.8739946380697051,-0.8996109738729702,1,0,0,independent_code_realization
N288_M144,new_09,C09,new,2026082710,4a5bf7488f4896776f9f1bb02e31c78e8b8d82bda37b0106fa3b7f85b409cf44,per_EbNo,2.5,additive_vs_matched_ablation,additive_fixed,matched_lambda0_ablation,0.004673611111111111,0.32276041666666666,0.3180868055555556,0.9855198752084343,-1.839227695317402,1,0,0,0.047,1.0,0.953,0.953,-1.3279021420642825,1,0,0,independent_code_realization
N288_M144,new_09,C09,new,2026082710,4a5bf7488f4896776f9f1bb02e31c78e8b8d82bda37b0106fa3b7f85b409cf44,per_EbNo,2.5,pSA_specific_vs_matched_ablation,pSA_specific_fixed,matched_lambda0_ablation,0.03471180555555556,0.32276041666666666,0.28804861111111113,0.8924533376364908,-0.9684030630970922,1,0,0,0.373,1.0,0.627,0.627,-0.4282911681913124,1,0,0,independent_code_realization
N288_M144,new_09,C09,new,2026082710,4a5bf7488f4896776f9f1bb02e31c78e8b8d82bda37b0106fa3b7f85b409cf44,per_EbNo,3.0,additive_vs_pSA_specific,additive_fixed,pSA_specific_fixed,0.00040625,0.010770833333333334,0.010364583333333333,0.9622823984526112,-1.4234559317314246,1,0,0,0.006,0.139,0.133,0.9568345323741007,-1.3648635498704516,1,0,0,independent_code_realization
N288_M144,new_09,C09,new,2026082710,4a5bf7488f4896776f9f1bb02e31c78e8b8d82bda37b0106fa3b7f85b409cf44,per_EbNo,3.0,additive_vs_matched_ablation,additive_fixed,matched_lambda0_ablation,0.00040625,0.3172291666666667,0.3168229166666667,0.998719380048598,-2.8925797363738317,1,0,0,0.006,1.0,0.994,0.994,-2.221848749616356,1,0,0,independent_code_realization
N288_M144,new_09,C09,new,2026082710,4a5bf7488f4896776f9f1bb02e31c78e8b8d82bda37b0106fa3b7f85b409cf44,per_EbNo,3.0,pSA_specific_vs_matched_ablation,pSA_specific_fixed,matched_lambda0_ablation,0.010770833333333334,0.3172291666666667,0.30645833333333333,0.9660471530833388,-1.469123804642407,1,0,0,0.139,1.0,0.861,0.861,-0.8569851997459049,1,0,0,independent_code_realization
N288_M144,new_09,C09,new,2026082710,4a5bf7488f4896776f9f1bb02e31c78e8b8d82bda37b0106fa3b7f85b409cf44,pooled_across_EbNo,,additive_vs_pSA_specific,additive_fixed,pSA_specific_fixed,0.007765046296296296,0.04112731481481482,0.03336226851851852,0.8111949119153486,-0.7239863061326934,1,0,0,0.07266666666666667,0.4033333333333333,0.33066666666666666,0.8198347107438017,-0.7443288767118452,1,0,0,independent_code_realization
N288_M144,new_09,C09,new,2026082710,4a5bf7488f4896776f9f1bb02e31c78e8b8d82bda37b0106fa3b7f85b409cf44,pooled_across_EbNo,,additive_vs_matched_ablation,additive_fixed,matched_lambda0_ablation,0.007765046296296296,0.3226238425925926,0.31485879629629626,0.9759315795326945,-1.618552410133866,1,0,0,0.07266666666666667,1.0,0.9273333333333333,0.9273333333333333,-1.1386647611150575,1,0,0,independent_code_realization
N288_M144,new_09,C09,new,2026082710,4a5bf7488f4896776f9f1bb02e31c78e8b8d82bda37b0106fa3b7f85b409cf44,pooled_across_EbNo,,pSA_specific_vs_matched_ablation,pSA_specific_fixed,matched_lambda0_ablation,0.04112731481481482,0.3226238425925926,0.2814965277777778,0.872522394859855,-0.8945661040011726,1,0,0,0.4033333333333333,1.0,0.5966666666666667,0.5966666666666667,-0.3943358844032124,1,0,0,independent_code_realization
