size,n_bits,n_checks,code_id,realization_type,generation_seed,matrix_sha256,gf2_rank,design_rate,actual_rate,variant,implementation_mode,lambda_mem,seed_batch_index,seed,EbNo_dB,bit_errors,frame_errors,syndrome_violations,syndrome_weight_total,n_trials,n_bits_total,BER,FER,syndrome_violation_rate,avg_syndrome_weight,source_parameter_file,parameter_transfer_policy,public_code_id
N192_M96,192,96,existing_00,existing,0,b9a46989f2722376619cc71afd84426abe1af5507d46bc165c0433a02688dba0,96,0.5,0.5,pSA_specific_fixed,pSA,0.0,0,20260826,2.0,1023,50,49,1419,100,19200,0.05328125,0.5,0.49,14.19,source_project/paper_results_trip/ldpc/N192_M96/pSA/best_params.csv,representative_pSA_specific_fixed_no_code_retuning,C00
N192_M96,192,96,existing_00,existing,0,b9a46989f2722376619cc71afd84426abe1af5507d46bc165c0433a02688dba0,96,0.5,0.5,pSA_specific_fixed,pSA,0.0,0,20260826,2.5,437,28,27,551,100,19200,0.02276041666666667,0.28,0.27,5.51,source_project/paper_results_trip/ldpc/N192_M96/pSA/best_params.csv,representative_pSA_specific_fixed_no_code_retuning,C00
N192_M96,192,96,existing_00,existing,0,b9a46989f2722376619cc71afd84426abe1af5507d46bc165c0433a02688dba0,96,0.5,0.5,pSA_specific_fixed,pSA,0.0,0,20260826,3.0,160,12,11,178,100,19200,0.008333333333333333,0.12,0.11,1.78,source_project/paper_results_trip/ldpc/N192_M96/pSA/best_params.csv,representative_pSA_specific_fixed_no_code_retuning,C00
N192_M96,192,96,existing_00,existing,0,b9a46989f2722376619cc71afd84426abe1af5507d46bc165c0433a02688dba0,96,0.5,0.5,pSA_specific_fixed,pSA,0.0,1,20268848,2.0,1322,68,67,1860,100,19200,0.06885416666666666,0.68,0.67,18.6,source_project/paper_results_trip/ldpc/N192_M96/pSA/best_params.csv,representative_pSA_specific_fixed_no_code_retuning,C00
N192_M96,192,96,existing_00,existing,0,b9a46989f2722376619cc71afd84426abe1af5507d46bc165c0433a02688dba0,96,0.5,0.5,pSA_specific_fixed,pSA,0.0,1,20268848,2.5,546,30,30,784,100,19200,0.0284375,0.3,0.3,7.84,source_project/paper_results_trip/ldpc/N192_M96/pSA/best_params.csv,representative_pSA_specific_fixed_no_code_retuning,C00
N192_M96,192,96,existing_00,existing,0,b9a46989f2722376619cc71afd84426abe1af5507d46bc165c0433a02688dba0,96,0.5,0.5,pSA_specific_fixed,pSA,0.0,1,20268848,3.0,178,10,10,226,100,19200,0.009270833333333334,0.1,0.1,2.26,source_project/paper_results_trip/ldpc/N192_M96/pSA/best_params.csv,representative_pSA_specific_fixed_no_code_retuning,C00
N192_M96,192,96,existing_00,existing,0,b9a46989f2722376619cc71afd84426abe1af5507d46bc165c0433a02688dba0,96,0.5,0.5,pSA_specific_fixed,pSA,0.0,2,20276870,2.0,921,48,48,1351,100,19200,0.04796875,0.48,0.48,13.51,source_project/paper_results_trip/ldpc/N192_M96/pSA/best_params.csv,representative_pSA_specific_fixed_no_code_retuning,C00
N192_M96,192,96,existing_00,existing,0,b9a46989f2722376619cc71afd84426abe1af5507d46bc165c0433a02688dba0,96,0.5,0.5,pSA_specific_fixed,pSA,0.0,2,20276870,2.5,541,31,30,715,100,19200,0.028177083333333332,0.31,0.3,7.15,source_project/paper_results_trip/ldpc/N192_M96/pSA/best_params.csv,representative_pSA_specific_fixed_no_code_retuning,C00
N192_M96,192,96,existing_00,existing,0,b9a46989f2722376619cc71afd84426abe1af5507d46bc165c0433a02688dba0,96,0.5,0.5,pSA_specific_fixed,pSA,0.0,2,20276870,3.0,301,18,17,333,100,19200,0.015677083333333335,0.18,0.17,3.33,source_project/paper_results_trip/ldpc/N192_M96/pSA/best_params.csv,representative_pSA_specific_fixed_no_code_retuning,C00
N192_M96,192,96,existing_00,existing,0,b9a46989f2722376619cc71afd84426abe1af5507d46bc165c0433a02688dba0,96,0.5,0.5,pSA_specific_fixed,pSA,0.0,3,20284892,2.0,1140,56,55,1522,100,19200,0.059375,0.56,0.55,15.22,source_project/paper_results_trip/ldpc/N192_M96/pSA/best_params.csv,representative_pSA_specific_fixed_no_code_retuning,C00
N192_M96,192,96,existing_00,existing,0,b9a46989f2722376619cc71afd84426abe1af5507d46bc165c0433a02688dba0,96,0.5,0.5,pSA_specific_fixed,pSA,0.0,3,20284892,2.5,584,36,34,740,100,19200,0.030416666666666668,0.36,0.34,7.4,source_project/paper_results_trip/ldpc/N192_M96/pSA/best_params.csv,representative_pSA_specific_fixed_no_code_retuning,C00
N192_M96,192,96,existing_00,existing,0,b9a46989f2722376619cc71afd84426abe1af5507d46bc165c0433a02688dba0,96,0.5,0.5,pSA_specific_fixed,pSA,0.0,3,20284892,3.0,167,11,11,195,100,19200,0.008697916666666666,0.11,0.11,1.95,source_project/paper_results_trip/ldpc/N192_M96/pSA/best_params.csv,representative_pSA_specific_fixed_no_code_retuning,C00
N192_M96,192,96,existing_00,existing,0,b9a46989f2722376619cc71afd84426abe1af5507d46bc165c0433a02688dba0,96,0.5,0.5,pSA_specific_fixed,pSA,0.0,4,20292914,2.0,1050,51,49,1368,100,19200,0.0546875,0.51,0.49,13.68,source_project/paper_results_trip/ldpc/N192_M96/pSA/best_params.csv,representative_pSA_specific_fixed_no_code_retuning,C00
N192_M96,192,96,existing_00,existing,0,b9a46989f2722376619cc71afd84426abe1af5507d46bc165c0433a02688dba0,96,0.5,0.5,pSA_specific_fixed,pSA,0.0,4,20292914,2.5,577,32,29,679,100,19200,0.030052083333333333,0.32,0.29,6.79,source_project/paper_results_trip/ldpc/N192_M96/pSA/best_params.csv,representative_pSA_specific_fixed_no_code_retuning,C00
N192_M96,192,96,existing_00,existing,0,b9a46989f2722376619cc71afd84426abe1af5507d46bc165c0433a02688dba0,96,0.5,0.5,pSA_specific_fixed,pSA,0.0,4,20292914,3.0,213,15,14,263,100,19200,0.01109375,0.15,0.14,2.63,source_project/paper_results_trip/ldpc/N192_M96/pSA/best_params.csv,representative_pSA_specific_fixed_no_code_retuning,C00
N192_M96,192,96,existing_00,existing,0,b9a46989f2722376619cc71afd84426abe1af5507d46bc165c0433a02688dba0,96,0.5,0.5,pSA_specific_fixed,pSA,0.0,5,20300936,2.0,1090,58,58,1620,100,19200,0.05677083333333333,0.58,0.58,16.2,source_project/paper_results_trip/ldpc/N192_M96/pSA/best_params.csv,representative_pSA_specific_fixed_no_code_retuning,C00
N192_M96,192,96,existing_00,existing,0,b9a46989f2722376619cc71afd84426abe1af5507d46bc165c0433a02688dba0,96,0.5,0.5,pSA_specific_fixed,pSA,0.0,5,20300936,2.5,495,29,27,623,100,19200,0.02578125,0.29,0.27,6.23,source_project/paper_results_trip/ldpc/N192_M96/pSA/best_params.csv,representative_pSA_specific_fixed_no_code_retuning,C00
N192_M96,192,96,existing_00,existing,0,b9a46989f2722376619cc71afd84426abe1af5507d46bc165c0433a02688dba0,96,0.5,0.5,pSA_specific_fixed,pSA,0.0,5,20300936,3.0,100,7,7,146,100,19200,0.005208333333333333,0.07,0.07,1.46,source_project/paper_results_trip/ldpc/N192_M96/pSA/best_params.csv,representative_pSA_specific_fixed_no_code_retuning,C00
N192_M96,192,96,existing_00,existing,0,b9a46989f2722376619cc71afd84426abe1af5507d46bc165c0433a02688dba0,96,0.5,0.5,pSA_specific_fixed,pSA,0.0,6,20308958,2.0,1061,57,56,1557,100,19200,0.055260416666666666,0.57,0.56,15.57,source_project/paper_results_trip/ldpc/N192_M96/pSA/best_params.csv,representative_pSA_specific_fixed_no_code_retuning,C00
N192_M96,192,96,existing_00,existing,0,b9a46989f2722376619cc71afd84426abe1af5507d46bc165c0433a02688dba0,96,0.5,0.5,pSA_specific_fixed,pSA,0.0,6,20308958,2.5,416,25,25,558,100,19200,0.021666666666666667,0.25,0.25,5.58,source_project/paper_results_trip/ldpc/N192_M96/pSA/best_params.csv,representative_pSA_specific_fixed_no_code_retuning,C00
N192_M96,192,96,existing_00,existing,0,b9a46989f2722376619cc71afd84426abe1af5507d46bc165c0433a02688dba0,96,0.5,0.5,pSA_specific_fixed,pSA,0.0,6,20308958,3.0,216,15,15,292,100,19200,0.01125,0.15,0.15,2.92,source_project/paper_results_trip/ldpc/N192_M96/pSA/best_params.csv,representative_pSA_specific_fixed_no_code_retuning,C00
N192_M96,192,96,existing_00,existing,0,b9a46989f2722376619cc71afd84426abe1af5507d46bc165c0433a02688dba0,96,0.5,0.5,pSA_specific_fixed,pSA,0.0,7,20316980,2.0,1032,53,52,1372,100,19200,0.05375,0.53,0.52,13.72,source_project/paper_results_trip/ldpc/N192_M96/pSA/best_params.csv,representative_pSA_specific_fixed_no_code_retuning,C00
N192_M96,192,96,existing_00,existing,0,b9a46989f2722376619cc71afd84426abe1af5507d46bc165c0433a02688dba0,96,0.5,0.5,pSA_specific_fixed,pSA,0.0,7,20316980,2.5,638,36,33,736,100,19200,0.033229166666666664,0.36,0.33,7.36,source_project/paper_results_trip/ldpc/N192_M96/pSA/best_params.csv,representative_pSA_specific_fixed_no_code_retuning,C00
N192_M96,192,96,existing_00,existing,0,b9a46989f2722376619cc71afd84426abe1af5507d46bc165c0433a02688dba0,96,0.5,0.5,pSA_specific_fixed,pSA,0.0,7,20316980,3.0,261,14,13,285,100,19200,0.01359375,0.14,0.13,2.85,source_project/paper_results_trip/ldpc/N192_M96/pSA/best_params.csv,representative_pSA_specific_fixed_no_code_retuning,C00
N192_M96,192,96,existing_00,existing,0,b9a46989f2722376619cc71afd84426abe1af5507d46bc165c0433a02688dba0,96,0.5,0.5,pSA_specific_fixed,pSA,0.0,8,20325002,2.0,934,50,48,1222,100,19200,0.04864583333333333,0.5,0.48,12.22,source_project/paper_results_trip/ldpc/N192_M96/pSA/best_params.csv,representative_pSA_specific_fixed_no_code_retuning,C00
N192_M96,192,96,existing_00,existing,0,b9a46989f2722376619cc71afd84426abe1af5507d46bc165c0433a02688dba0,96,0.5,0.5,pSA_specific_fixed,pSA,0.0,8,20325002,2.5,691,38,36,837,100,19200,0.03598958333333333,0.38,0.36,8.37,source_project/paper_results_trip/ldpc/N192_M96/pSA/best_params.csv,representative_pSA_specific_fixed_no_code_retuning,C00
N192_M96,192,96,existing_00,existing,0,b9a46989f2722376619cc71afd84426abe1af5507d46bc165c0433a02688dba0,96,0.5,0.5,pSA_specific_fixed,pSA,0.0,8,20325002,3.0,176,11,11,234,100,19200,0.009166666666666667,0.11,0.11,2.34,source_project/paper_results_trip/ldpc/N192_M96/pSA/best_params.csv,representative_pSA_specific_fixed_no_code_retuning,C00
N192_M96,192,96,existing_00,existing,0,b9a46989f2722376619cc71afd84426abe1af5507d46bc165c0433a02688dba0,96,0.5,0.5,pSA_specific_fixed,pSA,0.0,9,20333024,2.0,769,42,41,1073,100,19200,0.040052083333333335,0.42,0.41,10.73,source_project/paper_results_trip/ldpc/N192_M96/pSA/best_params.csv,representative_pSA_specific_fixed_no_code_retuning,C00
N192_M96,192,96,existing_00,existing,0,b9a46989f2722376619cc71afd84426abe1af5507d46bc165c0433a02688dba0,96,0.5,0.5,pSA_specific_fixed,pSA,0.0,9,20333024,2.5,451,27,27,675,100,19200,0.023489583333333335,0.27,0.27,6.75,source_project/paper_results_trip/ldpc/N192_M96/pSA/best_params.csv,representative_pSA_specific_fixed_no_code_retuning,C00
N192_M96,192,96,existing_00,existing,0,b9a46989f2722376619cc71afd84426abe1af5507d46bc165c0433a02688dba0,96,0.5,0.5,pSA_specific_fixed,pSA,0.0,9,20333024,3.0,194,12,12,204,100,19200,0.010104166666666666,0.12,0.12,2.04,source_project/paper_results_trip/ldpc/N192_M96/pSA/best_params.csv,representative_pSA_specific_fixed_no_code_retuning,C00
N192_M96,192,96,new_01,new,2026082701,a28501c1d8835679c90f0a33ec7ba676312b6ce805367a8e5c204e0a460d7be6,96,0.5,0.5,pSA_specific_fixed,pSA,0.0,0,20260826,2.0,1150,61,60,1670,100,19200,0.059895833333333336,0.61,0.6,16.7,source_project/paper_results_trip/ldpc/N192_M96/pSA/best_params.csv,representative_pSA_specific_fixed_no_code_retuning,C01
N192_M96,192,96,new_01,new,2026082701,a28501c1d8835679c90f0a33ec7ba676312b6ce805367a8e5c204e0a460d7be6,96,0.5,0.5,pSA_specific_fixed,pSA,0.0,0,20260826,2.5,561,31,30,771,100,19200,0.02921875,0.31,0.3,7.71,source_project/paper_results_trip/ldpc/N192_M96/pSA/best_params.csv,representative_pSA_specific_fixed_no_code_retuning,C01
N192_M96,192,96,new_01,new,2026082701,a28501c1d8835679c90f0a33ec7ba676312b6ce805367a8e5c204e0a460d7be6,96,0.5,0.5,pSA_specific_fixed,pSA,0.0,0,20260826,3.0,178,11,10,254,100,19200,0.009270833333333334,0.11,0.1,2.54,source_project/paper_results_trip/ldpc/N192_M96/pSA/best_params.csv,representative_pSA_specific_fixed_no_code_retuning,C01
N192_M96,192,96,new_01,new,2026082701,a28501c1d8835679c90f0a33ec7ba676312b6ce805367a8e5c204e0a460d7be6,96,0.5,0.5,pSA_specific_fixed,pSA,0.0,1,20268848,2.0,1157,59,59,1557,100,19200,0.060260416666666664,0.59,0.59,15.57,source_project/paper_results_trip/ldpc/N192_M96/pSA/best_params.csv,representative_pSA_specific_fixed_no_code_retuning,C01
N192_M96,192,96,new_01,new,2026082701,a28501c1d8835679c90f0a33ec7ba676312b6ce805367a8e5c204e0a460d7be6,96,0.5,0.5,pSA_specific_fixed,pSA,0.0,1,20268848,2.5,581,33,31,791,100,19200,0.030260416666666668,0.33,0.31,7.91,source_project/paper_results_trip/ldpc/N192_M96/pSA/best_params.csv,representative_pSA_specific_fixed_no_code_retuning,C01
N192_M96,192,96,new_01,new,2026082701,a28501c1d8835679c90f0a33ec7ba676312b6ce805367a8e5c204e0a460d7be6,96,0.5,0.5,pSA_specific_fixed,pSA,0.0,1,20268848,3.0,128,11,7,166,100,19200,0.006666666666666667,0.11,0.07,1.66,source_project/paper_results_trip/ldpc/N192_M96/pSA/best_params.csv,representative_pSA_specific_fixed_no_code_retuning,C01
N192_M96,192,96,new_01,new,2026082701,a28501c1d8835679c90f0a33ec7ba676312b6ce805367a8e5c204e0a460d7be6,96,0.5,0.5,pSA_specific_fixed,pSA,0.0,2,20276870,2.0,992,55,52,1370,100,19200,0.051666666666666666,0.55,0.52,13.7,source_project/paper_results_trip/ldpc/N192_M96/pSA/best_params.csv,representative_pSA_specific_fixed_no_code_retuning,C01
N192_M96,192,96,new_01,new,2026082701,a28501c1d8835679c90f0a33ec7ba676312b6ce805367a8e5c204e0a460d7be6,96,0.5,0.5,pSA_specific_fixed,pSA,0.0,2,20276870,2.5,504,29,29,784,100,19200,0.02625,0.29,0.29,7.84,source_project/paper_results_trip/ldpc/N192_M96/pSA/best_params.csv,representative_pSA_specific_fixed_no_code_retuning,C01
N192_M96,192,96,new_01,new,2026082701,a28501c1d8835679c90f0a33ec7ba676312b6ce805367a8e5c204e0a460d7be6,96,0.5,0.5,pSA_specific_fixed,pSA,0.0,2,20276870,3.0,256,17,14,310,100,19200,0.013333333333333334,0.17,0.14,3.1,source_project/paper_results_trip/ldpc/N192_M96/pSA/best_params.csv,representative_pSA_specific_fixed_no_code_retuning,C01
N192_M96,192,96,new_01,new,2026082701,a28501c1d8835679c90f0a33ec7ba676312b6ce805367a8e5c204e0a460d7be6,96,0.5,0.5,pSA_specific_fixed,pSA,0.0,3,20284892,2.0,1044,54,53,1508,100,19200,0.054375,0.54,0.53,15.08,source_project/paper_results_trip/ldpc/N192_M96/pSA/best_params.csv,representative_pSA_specific_fixed_no_code_retuning,C01
N192_M96,192,96,new_01,new,2026082701,a28501c1d8835679c90f0a33ec7ba676312b6ce805367a8e5c204e0a460d7be6,96,0.5,0.5,pSA_specific_fixed,pSA,0.0,3,20284892,2.5,509,29,27,645,100,19200,0.026510416666666668,0.29,0.27,6.45,source_project/paper_results_trip/ldpc/N192_M96/pSA/best_params.csv,representative_pSA_specific_fixed_no_code_retuning,C01
N192_M96,192,96,new_01,new,2026082701,a28501c1d8835679c90f0a33ec7ba676312b6ce805367a8e5c204e0a460d7be6,96,0.5,0.5,pSA_specific_fixed,pSA,0.0,3,20284892,3.0,198,15,12,230,100,19200,0.0103125,0.15,0.12,2.3,source_project/paper_results_trip/ldpc/N192_M96/pSA/best_params.csv,representative_pSA_specific_fixed_no_code_retuning,C01
N192_M96,192,96,new_01,new,2026082701,a28501c1d8835679c90f0a33ec7ba676312b6ce805367a8e5c204e0a460d7be6,96,0.5,0.5,pSA_specific_fixed,pSA,0.0,4,20292914,2.0,1118,57,55,1530,100,19200,0.058229166666666665,0.57,0.55,15.3,source_project/paper_results_trip/ldpc/N192_M96/pSA/best_params.csv,representative_pSA_specific_fixed_no_code_retuning,C01
N192_M96,192,96,new_01,new,2026082701,a28501c1d8835679c90f0a33ec7ba676312b6ce805367a8e5c204e0a460d7be6,96,0.5,0.5,pSA_specific_fixed,pSA,0.0,4,20292914,2.5,403,23,23,521,100,19200,0.020989583333333332,0.23,0.23,5.21,source_project/paper_results_trip/ldpc/N192_M96/pSA/best_params.csv,representative_pSA_specific_fixed_no_code_retuning,C01
N192_M96,192,96,new_01,new,2026082701,a28501c1d8835679c90f0a33ec7ba676312b6ce805367a8e5c204e0a460d7be6,96,0.5,0.5,pSA_specific_fixed,pSA,0.0,4,20292914,3.0,162,12,8,146,100,19200,0.0084375,0.12,0.08,1.46,source_project/paper_results_trip/ldpc/N192_M96/pSA/best_params.csv,representative_pSA_specific_fixed_no_code_retuning,C01
N192_M96,192,96,new_01,new,2026082701,a28501c1d8835679c90f0a33ec7ba676312b6ce805367a8e5c204e0a460d7be6,96,0.5,0.5,pSA_specific_fixed,pSA,0.0,5,20300936,2.0,1004,54,52,1402,100,19200,0.05229166666666667,0.54,0.52,14.02,source_project/paper_results_trip/ldpc/N192_M96/pSA/best_params.csv,representative_pSA_specific_fixed_no_code_retuning,C01
N192_M96,192,96,new_01,new,2026082701,a28501c1d8835679c90f0a33ec7ba676312b6ce805367a8e5c204e0a460d7be6,96,0.5,0.5,pSA_specific_fixed,pSA,0.0,5,20300936,2.5,543,31,28,727,100,19200,0.02828125,0.31,0.28,7.27,source_project/paper_results_trip/ldpc/N192_M96/pSA/best_params.csv,representative_pSA_specific_fixed_no_code_retuning,C01
N192_M96,192,96,new_01,new,2026082701,a28501c1d8835679c90f0a33ec7ba676312b6ce805367a8e5c204e0a460d7be6,96,0.5,0.5,pSA_specific_fixed,pSA,0.0,5,20300936,3.0,155,10,9,161,100,19200,0.008072916666666667,0.1,0.09,1.61,source_project/paper_results_trip/ldpc/N192_M96/pSA/best_params.csv,representative_pSA_specific_fixed_no_code_retuning,C01
N192_M96,192,96,new_01,new,2026082701,a28501c1d8835679c90f0a33ec7ba676312b6ce805367a8e5c204e0a460d7be6,96,0.5,0.5,pSA_specific_fixed,pSA,0.0,6,20308958,2.0,1100,55,55,1590,100,19200,0.057291666666666664,0.55,0.55,15.9,source_project/paper_results_trip/ldpc/N192_M96/pSA/best_params.csv,representative_pSA_specific_fixed_no_code_retuning,C01
N192_M96,192,96,new_01,new,2026082701,a28501c1d8835679c90f0a33ec7ba676312b6ce805367a8e5c204e0a460d7be6,96,0.5,0.5,pSA_specific_fixed,pSA,0.0,6,20308958,2.5,436,27,23,480,100,19200,0.022708333333333334,0.27,0.23,4.8,source_project/paper_results_trip/ldpc/N192_M96/pSA/best_params.csv,representative_pSA_specific_fixed_no_code_retuning,C01
N192_M96,192,96,new_01,new,2026082701,a28501c1d8835679c90f0a33ec7ba676312b6ce805367a8e5c204e0a460d7be6,96,0.5,0.5,pSA_specific_fixed,pSA,0.0,6,20308958,3.0,226,14,13,310,100,19200,0.011770833333333333,0.14,0.13,3.1,source_project/paper_results_trip/ldpc/N192_M96/pSA/best_params.csv,representative_pSA_specific_fixed_no_code_retuning,C01
N192_M96,192,96,new_01,new,2026082701,a28501c1d8835679c90f0a33ec7ba676312b6ce805367a8e5c204e0a460d7be6,96,0.5,0.5,pSA_specific_fixed,pSA,0.0,7,20316980,2.0,1153,61,60,1575,100,19200,0.06005208333333333,0.61,0.6,15.75,source_project/paper_results_trip/ldpc/N192_M96/pSA/best_params.csv,representative_pSA_specific_fixed_no_code_retuning,C01
N192_M96,192,96,new_01,new,2026082701,a28501c1d8835679c90f0a33ec7ba676312b6ce805367a8e5c204e0a460d7be6,96,0.5,0.5,pSA_specific_fixed,pSA,0.0,7,20316980,2.5,561,32,31,801,100,19200,0.02921875,0.32,0.31,8.01,source_project/paper_results_trip/ldpc/N192_M96/pSA/best_params.csv,representative_pSA_specific_fixed_no_code_retuning,C01
N192_M96,192,96,new_01,new,2026082701,a28501c1d8835679c90f0a33ec7ba676312b6ce805367a8e5c204e0a460d7be6,96,0.5,0.5,pSA_specific_fixed,pSA,0.0,7,20316980,3.0,150,10,9,196,100,19200,0.0078125,0.1,0.09,1.96,source_project/paper_results_trip/ldpc/N192_M96/pSA/best_params.csv,representative_pSA_specific_fixed_no_code_retuning,C01
N192_M96,192,96,new_01,new,2026082701,a28501c1d8835679c90f0a33ec7ba676312b6ce805367a8e5c204e0a460d7be6,96,0.5,0.5,pSA_specific_fixed,pSA,0.0,8,20325002,2.0,1023,54,51,1339,100,19200,0.05328125,0.54,0.51,13.39,source_project/paper_results_trip/ldpc/N192_M96/pSA/best_params.csv,representative_pSA_specific_fixed_no_code_retuning,C01
N192_M96,192,96,new_01,new,2026082701,a28501c1d8835679c90f0a33ec7ba676312b6ce805367a8e5c204e0a460d7be6,96,0.5,0.5,pSA_specific_fixed,pSA,0.0,8,20325002,2.5,504,29,28,720,100,19200,0.02625,0.29,0.28,7.2,source_project/paper_results_trip/ldpc/N192_M96/pSA/best_params.csv,representative_pSA_specific_fixed_no_code_retuning,C01
N192_M96,192,96,new_01,new,2026082701,a28501c1d8835679c90f0a33ec7ba676312b6ce805367a8e5c204e0a460d7be6,96,0.5,0.5,pSA_specific_fixed,pSA,0.0,8,20325002,3.0,147,11,8,173,100,19200,0.00765625,0.11,0.08,1.73,source_project/paper_results_trip/ldpc/N192_M96/pSA/best_params.csv,representative_pSA_specific_fixed_no_code_retuning,C01
N192_M96,192,96,new_01,new,2026082701,a28501c1d8835679c90f0a33ec7ba676312b6ce805367a8e5c204e0a460d7be6,96,0.5,0.5,pSA_specific_fixed,pSA,0.0,9,20333024,2.0,976,51,50,1338,100,19200,0.050833333333333335,0.51,0.5,13.38,source_project/paper_results_trip/ldpc/N192_M96/pSA/best_params.csv,representative_pSA_specific_fixed_no_code_retuning,C01
N192_M96,192,96,new_01,new,2026082701,a28501c1d8835679c90f0a33ec7ba676312b6ce805367a8e5c204e0a460d7be6,96,0.5,0.5,pSA_specific_fixed,pSA,0.0,9,20333024,2.5,522,27,25,628,100,19200,0.0271875,0.27,0.25,6.28,source_project/paper_results_trip/ldpc/N192_M96/pSA/best_params.csv,representative_pSA_specific_fixed_no_code_retuning,C01
N192_M96,192,96,new_01,new,2026082701,a28501c1d8835679c90f0a33ec7ba676312b6ce805367a8e5c204e0a460d7be6,96,0.5,0.5,pSA_specific_fixed,pSA,0.0,9,20333024,3.0,176,13,11,206,100,19200,0.009166666666666667,0.13,0.11,2.06,source_project/paper_results_trip/ldpc/N192_M96/pSA/best_params.csv,representative_pSA_specific_fixed_no_code_retuning,C01
N192_M96,192,96,new_02,new,2026082702,6904f018d720f85f9dfd8cc3c9b07950da23e63cd1a08801cb8445ceb5209678,96,0.5,0.5,pSA_specific_fixed,pSA,0.0,0,20260826,2.0,1135,56,56,1573,100,19200,0.05911458333333333,0.56,0.56,15.73,source_project/paper_results_trip/ldpc/N192_M96/pSA/best_params.csv,representative_pSA_specific_fixed_no_code_retuning,C02
N192_M96,192,96,new_02,new,2026082702,6904f018d720f85f9dfd8cc3c9b07950da23e63cd1a08801cb8445ceb5209678,96,0.5,0.5,pSA_specific_fixed,pSA,0.0,0,20260826,2.5,407,24,22,545,100,19200,0.021197916666666667,0.24,0.22,5.45,source_project/paper_results_trip/ldpc/N192_M96/pSA/best_params.csv,representative_pSA_specific_fixed_no_code_retuning,C02
N192_M96,192,96,new_02,new,2026082702,6904f018d720f85f9dfd8cc3c9b07950da23e63cd1a08801cb8445ceb5209678,96,0.5,0.5,pSA_specific_fixed,pSA,0.0,0,20260826,3.0,116,7,7,158,100,19200,0.0060416666666666665,0.07,0.07,1.58,source_project/paper_results_trip/ldpc/N192_M96/pSA/best_params.csv,representative_pSA_specific_fixed_no_code_retuning,C02
N192_M96,192,96,new_02,new,2026082702,6904f018d720f85f9dfd8cc3c9b07950da23e63cd1a08801cb8445ceb5209678,96,0.5,0.5,pSA_specific_fixed,pSA,0.0,1,20268848,2.0,1072,54,54,1454,100,19200,0.05583333333333333,0.54,0.54,14.54,source_project/paper_results_trip/ldpc/N192_M96/pSA/best_params.csv,representative_pSA_specific_fixed_no_code_retuning,C02
N192_M96,192,96,new_02,new,2026082702,6904f018d720f85f9dfd8cc3c9b07950da23e63cd1a08801cb8445ceb5209678,96,0.5,0.5,pSA_specific_fixed,pSA,0.0,1,20268848,2.5,551,31,29,683,100,19200,0.028697916666666667,0.31,0.29,6.83,source_project/paper_results_trip/ldpc/N192_M96/pSA/best_params.csv,representative_pSA_specific_fixed_no_code_retuning,C02
N192_M96,192,96,new_02,new,2026082702,6904f018d720f85f9dfd8cc3c9b07950da23e63cd1a08801cb8445ceb5209678,96,0.5,0.5,pSA_specific_fixed,pSA,0.0,1,20268848,3.0,201,13,13,253,100,19200,0.01046875,0.13,0.13,2.53,source_project/paper_results_trip/ldpc/N192_M96/pSA/best_params.csv,representative_pSA_specific_fixed_no_code_retuning,C02
N192_M96,192,96,new_02,new,2026082702,6904f018d720f85f9dfd8cc3c9b07950da23e63cd1a08801cb8445ceb5209678,96,0.5,0.5,pSA_specific_fixed,pSA,0.0,2,20276870,2.0,934,50,49,1366,100,19200,0.04864583333333333,0.5,0.49,13.66,source_project/paper_results_trip/ldpc/N192_M96/pSA/best_params.csv,representative_pSA_specific_fixed_no_code_retuning,C02
N192_M96,192,96,new_02,new,2026082702,6904f018d720f85f9dfd8cc3c9b07950da23e63cd1a08801cb8445ceb5209678,96,0.5,0.5,pSA_specific_fixed,pSA,0.0,2,20276870,2.5,529,30,28,693,100,19200,0.027552083333333335,0.3,0.28,6.93,source_project/paper_results_trip/ldpc/N192_M96/pSA/best_params.csv,representative_pSA_specific_fixed_no_code_retuning,C02
N192_M96,192,96,new_02,new,2026082702,6904f018d720f85f9dfd8cc3c9b07950da23e63cd1a08801cb8445ceb5209678,96,0.5,0.5,pSA_specific_fixed,pSA,0.0,2,20276870,3.0,221,15,13,223,100,19200,0.011510416666666667,0.15,0.13,2.23,source_project/paper_results_trip/ldpc/N192_M96/pSA/best_params.csv,representative_pSA_specific_fixed_no_code_retuning,C02
N192_M96,192,96,new_02,new,2026082702,6904f018d720f85f9dfd8cc3c9b07950da23e63cd1a08801cb8445ceb5209678,96,0.5,0.5,pSA_specific_fixed,pSA,0.0,3,20284892,2.0,969,53,53,1397,100,19200,0.05046875,0.53,0.53,13.97,source_project/paper_results_trip/ldpc/N192_M96/pSA/best_params.csv,representative_pSA_specific_fixed_no_code_retuning,C02
N192_M96,192,96,new_02,new,2026082702,6904f018d720f85f9dfd8cc3c9b07950da23e63cd1a08801cb8445ceb5209678,96,0.5,0.5,pSA_specific_fixed,pSA,0.0,3,20284892,2.5,396,26,24,552,100,19200,0.020625,0.26,0.24,5.52,source_project/paper_results_trip/ldpc/N192_M96/pSA/best_params.csv,representative_pSA_specific_fixed_no_code_retuning,C02
N192_M96,192,96,new_02,new,2026082702,6904f018d720f85f9dfd8cc3c9b07950da23e63cd1a08801cb8445ceb5209678,96,0.5,0.5,pSA_specific_fixed,pSA,0.0,3,20284892,3.0,136,9,9,102,100,19200,0.007083333333333333,0.09,0.09,1.02,source_project/paper_results_trip/ldpc/N192_M96/pSA/best_params.csv,representative_pSA_specific_fixed_no_code_retuning,C02
N192_M96,192,96,new_02,new,2026082702,6904f018d720f85f9dfd8cc3c9b07950da23e63cd1a08801cb8445ceb5209678,96,0.5,0.5,pSA_specific_fixed,pSA,0.0,4,20292914,2.0,915,48,48,1291,100,19200,0.04765625,0.48,0.48,12.91,source_project/paper_results_trip/ldpc/N192_M96/pSA/best_params.csv,representative_pSA_specific_fixed_no_code_retuning,C02
N192_M96,192,96,new_02,new,2026082702,6904f018d720f85f9dfd8cc3c9b07950da23e63cd1a08801cb8445ceb5209678,96,0.5,0.5,pSA_specific_fixed,pSA,0.0,4,20292914,2.5,589,31,30,735,100,19200,0.030677083333333334,0.31,0.3,7.35,source_project/paper_results_trip/ldpc/N192_M96/pSA/best_params.csv,representative_pSA_specific_fixed_no_code_retuning,C02
N192_M96,192,96,new_02,new,2026082702,6904f018d720f85f9dfd8cc3c9b07950da23e63cd1a08801cb8445ceb5209678,96,0.5,0.5,pSA_specific_fixed,pSA,0.0,4,20292914,3.0,220,14,14,298,100,19200,0.011458333333333333,0.14,0.14,2.98,source_project/paper_results_trip/ldpc/N192_M96/pSA/best_params.csv,representative_pSA_specific_fixed_no_code_retuning,C02
N192_M96,192,96,new_02,new,2026082702,6904f018d720f85f9dfd8cc3c9b07950da23e63cd1a08801cb8445ceb5209678,96,0.5,0.5,pSA_specific_fixed,pSA,0.0,5,20300936,2.0,978,51,50,1332,100,19200,0.0509375,0.51,0.5,13.32,source_project/paper_results_trip/ldpc/N192_M96/pSA/best_params.csv,representative_pSA_specific_fixed_no_code_retuning,C02
N192_M96,192,96,new_02,new,2026082702,6904f018d720f85f9dfd8cc3c9b07950da23e63cd1a08801cb8445ceb5209678,96,0.5,0.5,pSA_specific_fixed,pSA,0.0,5,20300936,2.5,600,34,33,790,100,19200,0.03125,0.34,0.33,7.9,source_project/paper_results_trip/ldpc/N192_M96/pSA/best_params.csv,representative_pSA_specific_fixed_no_code_retuning,C02
N192_M96,192,96,new_02,new,2026082702,6904f018d720f85f9dfd8cc3c9b07950da23e63cd1a08801cb8445ceb5209678,96,0.5,0.5,pSA_specific_fixed,pSA,0.0,5,20300936,3.0,125,9,7,131,100,19200,0.006510416666666667,0.09,0.07,1.31,source_project/paper_results_trip/ldpc/N192_M96/pSA/best_params.csv,representative_pSA_specific_fixed_no_code_retuning,C02
N192_M96,192,96,new_02,new,2026082702,6904f018d720f85f9dfd8cc3c9b07950da23e63cd1a08801cb8445ceb5209678,96,0.5,0.5,pSA_specific_fixed,pSA,0.0,6,20308958,2.0,1180,63,61,1618,100,19200,0.06145833333333333,0.63,0.61,16.18,source_project/paper_results_trip/ldpc/N192_M96/pSA/best_params.csv,representative_pSA_specific_fixed_no_code_retuning,C02
N192_M96,192,96,new_02,new,2026082702,6904f018d720f85f9dfd8cc3c9b07950da23e63cd1a08801cb8445ceb5209678,96,0.5,0.5,pSA_specific_fixed,pSA,0.0,6,20308958,2.5,388,24,24,548,100,19200,0.02020833333333333,0.24,0.24,5.48,source_project/paper_results_trip/ldpc/N192_M96/pSA/best_params.csv,representative_pSA_specific_fixed_no_code_retuning,C02
N192_M96,192,96,new_02,new,2026082702,6904f018d720f85f9dfd8cc3c9b07950da23e63cd1a08801cb8445ceb5209678,96,0.5,0.5,pSA_specific_fixed,pSA,0.0,6,20308958,3.0,143,9,9,179,100,19200,0.007447916666666667,0.09,0.09,1.79,source_project/paper_results_trip/ldpc/N192_M96/pSA/best_params.csv,representative_pSA_specific_fixed_no_code_retuning,C02
N192_M96,192,96,new_02,new,2026082702,6904f018d720f85f9dfd8cc3c9b07950da23e63cd1a08801cb8445ceb5209678,96,0.5,0.5,pSA_specific_fixed,pSA,0.0,7,20316980,2.0,1081,57,57,1525,100,19200,0.056302083333333336,0.57,0.57,15.25,source_project/paper_results_trip/ldpc/N192_M96/pSA/best_params.csv,representative_pSA_specific_fixed_no_code_retuning,C02
N192_M96,192,96,new_02,new,2026082702,6904f018d720f85f9dfd8cc3c9b07950da23e63cd1a08801cb8445ceb5209678,96,0.5,0.5,pSA_specific_fixed,pSA,0.0,7,20316980,2.5,572,34,34,836,100,19200,0.029791666666666668,0.34,0.34,8.36,source_project/paper_results_trip/ldpc/N192_M96/pSA/best_params.csv,representative_pSA_specific_fixed_no_code_retuning,C02
N192_M96,192,96,new_02,new,2026082702,6904f018d720f85f9dfd8cc3c9b07950da23e63cd1a08801cb8445ceb5209678,96,0.5,0.5,pSA_specific_fixed,pSA,0.0,7,20316980,3.0,199,12,12,199,100,19200,0.010364583333333333,0.12,0.12,1.99,source_project/paper_results_trip/ldpc/N192_M96/pSA/best_params.csv,representative_pSA_specific_fixed_no_code_retuning,C02
N192_M96,192,96,new_02,new,2026082702,6904f018d720f85f9dfd8cc3c9b07950da23e63cd1a08801cb8445ceb5209678,96,0.5,0.5,pSA_specific_fixed,pSA,0.0,8,20325002,2.0,1062,52,50,1442,100,19200,0.0553125,0.52,0.5,14.42,source_project/paper_results_trip/ldpc/N192_M96/pSA/best_params.csv,representative_pSA_specific_fixed_no_code_retuning,C02
N192_M96,192,96,new_02,new,2026082702,6904f018d720f85f9dfd8cc3c9b07950da23e63cd1a08801cb8445ceb5209678,96,0.5,0.5,pSA_specific_fixed,pSA,0.0,8,20325002,2.5,548,33,32,768,100,19200,0.028541666666666667,0.33,0.32,7.68,source_project/paper_results_trip/ldpc/N192_M96/pSA/best_params.csv,representative_pSA_specific_fixed_no_code_retuning,C02
N192_M96,192,96,new_02,new,2026082702,6904f018d720f85f9dfd8cc3c9b07950da23e63cd1a08801cb8445ceb5209678,96,0.5,0.5,pSA_specific_fixed,pSA,0.0,8,20325002,3.0,249,17,17,337,100,19200,0.01296875,0.17,0.17,3.37,source_project/paper_results_trip/ldpc/N192_M96/pSA/best_params.csv,representative_pSA_specific_fixed_no_code_retuning,C02
N192_M96,192,96,new_02,new,2026082702,6904f018d720f85f9dfd8cc3c9b07950da23e63cd1a08801cb8445ceb5209678,96,0.5,0.5,pSA_specific_fixed,pSA,0.0,9,20333024,2.0,1007,54,54,1529,100,19200,0.052447916666666664,0.54,0.54,15.29,source_project/paper_results_trip/ldpc/N192_M96/pSA/best_params.csv,representative_pSA_specific_fixed_no_code_retuning,C02
N192_M96,192,96,new_02,new,2026082702,6904f018d720f85f9dfd8cc3c9b07950da23e63cd1a08801cb8445ceb5209678,96,0.5,0.5,pSA_specific_fixed,pSA,0.0,9,20333024,2.5,422,27,26,538,100,19200,0.021979166666666668,0.27,0.26,5.38,source_project/paper_results_trip/ldpc/N192_M96/pSA/best_params.csv,representative_pSA_specific_fixed_no_code_retuning,C02
N192_M96,192,96,new_02,new,2026082702,6904f018d720f85f9dfd8cc3c9b07950da23e63cd1a08801cb8445ceb5209678,96,0.5,0.5,pSA_specific_fixed,pSA,0.0,9,20333024,3.0,235,17,16,259,100,19200,0.012239583333333333,0.17,0.16,2.59,source_project/paper_results_trip/ldpc/N192_M96/pSA/best_params.csv,representative_pSA_specific_fixed_no_code_retuning,C02
N192_M96,192,96,new_03,new,2026082703,924f74a70ff047ebedd6490567a93066821aa10bf5eb5c79721b228b12ecc7ae,96,0.5,0.5,pSA_specific_fixed,pSA,0.0,0,20260826,2.0,980,50,50,1354,100,19200,0.051041666666666666,0.5,0.5,13.54,source_project/paper_results_trip/ldpc/N192_M96/pSA/best_params.csv,representative_pSA_specific_fixed_no_code_retuning,C03
N192_M96,192,96,new_03,new,2026082703,924f74a70ff047ebedd6490567a93066821aa10bf5eb5c79721b228b12ecc7ae,96,0.5,0.5,pSA_specific_fixed,pSA,0.0,0,20260826,2.5,542,32,32,788,100,19200,0.028229166666666666,0.32,0.32,7.88,source_project/paper_results_trip/ldpc/N192_M96/pSA/best_params.csv,representative_pSA_specific_fixed_no_code_retuning,C03
N192_M96,192,96,new_03,new,2026082703,924f74a70ff047ebedd6490567a93066821aa10bf5eb5c79721b228b12ecc7ae,96,0.5,0.5,pSA_specific_fixed,pSA,0.0,0,20260826,3.0,101,8,8,121,100,19200,0.005260416666666667,0.08,0.08,1.21,source_project/paper_results_trip/ldpc/N192_M96/pSA/best_params.csv,representative_pSA_specific_fixed_no_code_retuning,C03
N192_M96,192,96,new_03,new,2026082703,924f74a70ff047ebedd6490567a93066821aa10bf5eb5c79721b228b12ecc7ae,96,0.5,0.5,pSA_specific_fixed,pSA,0.0,1,20268848,2.0,1111,57,56,1561,100,19200,0.05786458333333333,0.57,0.56,15.61,source_project/paper_results_trip/ldpc/N192_M96/pSA/best_params.csv,representative_pSA_specific_fixed_no_code_retuning,C03
N192_M96,192,96,new_03,new,2026082703,924f74a70ff047ebedd6490567a93066821aa10bf5eb5c79721b228b12ecc7ae,96,0.5,0.5,pSA_specific_fixed,pSA,0.0,1,20268848,2.5,657,36,35,865,100,19200,0.03421875,0.36,0.35,8.65,source_project/paper_results_trip/ldpc/N192_M96/pSA/best_params.csv,representative_pSA_specific_fixed_no_code_retuning,C03
N192_M96,192,96,new_03,new,2026082703,924f74a70ff047ebedd6490567a93066821aa10bf5eb5c79721b228b12ecc7ae,96,0.5,0.5,pSA_specific_fixed,pSA,0.0,1,20268848,3.0,216,12,11,220,100,19200,0.01125,0.12,0.11,2.2,source_project/paper_results_trip/ldpc/N192_M96/pSA/best_params.csv,representative_pSA_specific_fixed_no_code_retuning,C03
N192_M96,192,96,new_03,new,2026082703,924f74a70ff047ebedd6490567a93066821aa10bf5eb5c79721b228b12ecc7ae,96,0.5,0.5,pSA_specific_fixed,pSA,0.0,2,20276870,2.0,1017,49,48,1375,100,19200,0.05296875,0.49,0.48,13.75,source_project/paper_results_trip/ldpc/N192_M96/pSA/best_params.csv,representative_pSA_specific_fixed_no_code_retuning,C03
N192_M96,192,96,new_03,new,2026082703,924f74a70ff047ebedd6490567a93066821aa10bf5eb5c79721b228b12ecc7ae,96,0.5,0.5,pSA_specific_fixed,pSA,0.0,2,20276870,2.5,465,28,26,619,100,19200,0.02421875,0.28,0.26,6.19,source_project/paper_results_trip/ldpc/N192_M96/pSA/best_params.csv,representative_pSA_specific_fixed_no_code_retuning,C03
N192_M96,192,96,new_03,new,2026082703,924f74a70ff047ebedd6490567a93066821aa10bf5eb5c79721b228b12ecc7ae,96,0.5,0.5,pSA_specific_fixed,pSA,0.0,2,20276870,3.0,267,17,17,383,100,19200,0.01390625,0.17,0.17,3.83,source_project/paper_results_trip/ldpc/N192_M96/pSA/best_params.csv,representative_pSA_specific_fixed_no_code_retuning,C03
N192_M96,192,96,new_03,new,2026082703,924f74a70ff047ebedd6490567a93066821aa10bf5eb5c79721b228b12ecc7ae,96,0.5,0.5,pSA_specific_fixed,pSA,0.0,3,20284892,2.0,1106,56,55,1600,100,19200,0.057604166666666665,0.56,0.55,16.0,source_project/paper_results_trip/ldpc/N192_M96/pSA/best_params.csv,representative_pSA_specific_fixed_no_code_retuning,C03
N192_M96,192,96,new_03,new,2026082703,924f74a70ff047ebedd6490567a93066821aa10bf5eb5c79721b228b12ecc7ae,96,0.5,0.5,pSA_specific_fixed,pSA,0.0,3,20284892,2.5,602,31,30,732,100,19200,0.03135416666666667,0.31,0.3,7.32,source_project/paper_results_trip/ldpc/N192_M96/pSA/best_params.csv,representative_pSA_specific_fixed_no_code_retuning,C03
N192_M96,192,96,new_03,new,2026082703,924f74a70ff047ebedd6490567a93066821aa10bf5eb5c79721b228b12ecc7ae,96,0.5,0.5,pSA_specific_fixed,pSA,0.0,3,20284892,3.0,185,12,12,255,100,19200,0.009635416666666667,0.12,0.12,2.55,source_project/paper_results_trip/ldpc/N192_M96/pSA/best_params.csv,representative_pSA_specific_fixed_no_code_retuning,C03
N192_M96,192,96,new_03,new,2026082703,924f74a70ff047ebedd6490567a93066821aa10bf5eb5c79721b228b12ecc7ae,96,0.5,0.5,pSA_specific_fixed,pSA,0.0,4,20292914,2.0,992,48,47,1336,100,19200,0.051666666666666666,0.48,0.47,13.36,source_project/paper_results_trip/ldpc/N192_M96/pSA/best_params.csv,representative_pSA_specific_fixed_no_code_retuning,C03
N192_M96,192,96,new_03,new,2026082703,924f74a70ff047ebedd6490567a93066821aa10bf5eb5c79721b228b12ecc7ae,96,0.5,0.5,pSA_specific_fixed,pSA,0.0,4,20292914,2.5,441,23,23,653,100,19200,0.02296875,0.23,0.23,6.53,source_project/paper_results_trip/ldpc/N192_M96/pSA/best_params.csv,representative_pSA_specific_fixed_no_code_retuning,C03
N192_M96,192,96,new_03,new,2026082703,924f74a70ff047ebedd6490567a93066821aa10bf5eb5c79721b228b12ecc7ae,96,0.5,0.5,pSA_specific_fixed,pSA,0.0,4,20292914,3.0,165,10,10,185,100,19200,0.00859375,0.1,0.1,1.85,source_project/paper_results_trip/ldpc/N192_M96/pSA/best_params.csv,representative_pSA_specific_fixed_no_code_retuning,C03
N192_M96,192,96,new_03,new,2026082703,924f74a70ff047ebedd6490567a93066821aa10bf5eb5c79721b228b12ecc7ae,96,0.5,0.5,pSA_specific_fixed,pSA,0.0,5,20300936,2.0,1058,54,53,1586,100,19200,0.05510416666666667,0.54,0.53,15.86,source_project/paper_results_trip/ldpc/N192_M96/pSA/best_params.csv,representative_pSA_specific_fixed_no_code_retuning,C03
N192_M96,192,96,new_03,new,2026082703,924f74a70ff047ebedd6490567a93066821aa10bf5eb5c79721b228b12ecc7ae,96,0.5,0.5,pSA_specific_fixed,pSA,0.0,5,20300936,2.5,452,25,24,592,100,19200,0.023541666666666666,0.25,0.24,5.92,source_project/paper_results_trip/ldpc/N192_M96/pSA/best_params.csv,representative_pSA_specific_fixed_no_code_retuning,C03
N192_M96,192,96,new_03,new,2026082703,924f74a70ff047ebedd6490567a93066821aa10bf5eb5c79721b228b12ecc7ae,96,0.5,0.5,pSA_specific_fixed,pSA,0.0,5,20300936,3.0,136,9,8,164,100,19200,0.007083333333333333,0.09,0.08,1.64,source_project/paper_results_trip/ldpc/N192_M96/pSA/best_params.csv,representative_pSA_specific_fixed_no_code_retuning,C03
N192_M96,192,96,new_03,new,2026082703,924f74a70ff047ebedd6490567a93066821aa10bf5eb5c79721b228b12ecc7ae,96,0.5,0.5,pSA_specific_fixed,pSA,0.0,6,20308958,2.0,1109,56,56,1579,100,19200,0.05776041666666667,0.56,0.56,15.79,source_project/paper_results_trip/ldpc/N192_M96/pSA/best_params.csv,representative_pSA_specific_fixed_no_code_retuning,C03
N192_M96,192,96,new_03,new,2026082703,924f74a70ff047ebedd6490567a93066821aa10bf5eb5c79721b228b12ecc7ae,96,0.5,0.5,pSA_specific_fixed,pSA,0.0,6,20308958,2.5,436,27,25,534,100,19200,0.022708333333333334,0.27,0.25,5.34,source_project/paper_results_trip/ldpc/N192_M96/pSA/best_params.csv,representative_pSA_specific_fixed_no_code_retuning,C03
N192_M96,192,96,new_03,new,2026082703,924f74a70ff047ebedd6490567a93066821aa10bf5eb5c79721b228b12ecc7ae,96,0.5,0.5,pSA_specific_fixed,pSA,0.0,6,20308958,3.0,161,11,11,219,100,19200,0.008385416666666666,0.11,0.11,2.19,source_project/paper_results_trip/ldpc/N192_M96/pSA/best_params.csv,representative_pSA_specific_fixed_no_code_retuning,C03
N192_M96,192,96,new_03,new,2026082703,924f74a70ff047ebedd6490567a93066821aa10bf5eb5c79721b228b12ecc7ae,96,0.5,0.5,pSA_specific_fixed,pSA,0.0,7,20316980,2.0,987,50,49,1391,100,19200,0.05140625,0.5,0.49,13.91,source_project/paper_results_trip/ldpc/N192_M96/pSA/best_params.csv,representative_pSA_specific_fixed_no_code_retuning,C03
N192_M96,192,96,new_03,new,2026082703,924f74a70ff047ebedd6490567a93066821aa10bf5eb5c79721b228b12ecc7ae,96,0.5,0.5,pSA_specific_fixed,pSA,0.0,7,20316980,2.5,490,28,28,654,100,19200,0.025520833333333333,0.28,0.28,6.54,source_project/paper_results_trip/ldpc/N192_M96/pSA/best_params.csv,representative_pSA_specific_fixed_no_code_retuning,C03
N192_M96,192,96,new_03,new,2026082703,924f74a70ff047ebedd6490567a93066821aa10bf5eb5c79721b228b12ecc7ae,96,0.5,0.5,pSA_specific_fixed,pSA,0.0,7,20316980,3.0,164,13,12,180,100,19200,0.008541666666666666,0.13,0.12,1.8,source_project/paper_results_trip/ldpc/N192_M96/pSA/best_params.csv,representative_pSA_specific_fixed_no_code_retuning,C03
N192_M96,192,96,new_03,new,2026082703,924f74a70ff047ebedd6490567a93066821aa10bf5eb5c79721b228b12ecc7ae,96,0.5,0.5,pSA_specific_fixed,pSA,0.0,8,20325002,2.0,1058,58,57,1408,100,19200,0.05510416666666667,0.58,0.57,14.08,source_project/paper_results_trip/ldpc/N192_M96/pSA/best_params.csv,representative_pSA_specific_fixed_no_code_retuning,C03
N192_M96,192,96,new_03,new,2026082703,924f74a70ff047ebedd6490567a93066821aa10bf5eb5c79721b228b12ecc7ae,96,0.5,0.5,pSA_specific_fixed,pSA,0.0,8,20325002,2.5,523,31,30,709,100,19200,0.027239583333333334,0.31,0.3,7.09,source_project/paper_results_trip/ldpc/N192_M96/pSA/best_params.csv,representative_pSA_specific_fixed_no_code_retuning,C03
N192_M96,192,96,new_03,new,2026082703,924f74a70ff047ebedd6490567a93066821aa10bf5eb5c79721b228b12ecc7ae,96,0.5,0.5,pSA_specific_fixed,pSA,0.0,8,20325002,3.0,186,12,12,258,100,19200,0.0096875,0.12,0.12,2.58,source_project/paper_results_trip/ldpc/N192_M96/pSA/best_params.csv,representative_pSA_specific_fixed_no_code_retuning,C03
N192_M96,192,96,new_03,new,2026082703,924f74a70ff047ebedd6490567a93066821aa10bf5eb5c79721b228b12ecc7ae,96,0.5,0.5,pSA_specific_fixed,pSA,0.0,9,20333024,2.0,1038,55,55,1448,100,19200,0.0540625,0.55,0.55,14.48,source_project/paper_results_trip/ldpc/N192_M96/pSA/best_params.csv,representative_pSA_specific_fixed_no_code_retuning,C03
N192_M96,192,96,new_03,new,2026082703,924f74a70ff047ebedd6490567a93066821aa10bf5eb5c79721b228b12ecc7ae,96,0.5,0.5,pSA_specific_fixed,pSA,0.0,9,20333024,2.5,420,25,25,578,100,19200,0.021875,0.25,0.25,5.78,source_project/paper_results_trip/ldpc/N192_M96/pSA/best_params.csv,representative_pSA_specific_fixed_no_code_retuning,C03
N192_M96,192,96,new_03,new,2026082703,924f74a70ff047ebedd6490567a93066821aa10bf5eb5c79721b228b12ecc7ae,96,0.5,0.5,pSA_specific_fixed,pSA,0.0,9,20333024,3.0,184,13,13,232,100,19200,0.009583333333333333,0.13,0.13,2.32,source_project/paper_results_trip/ldpc/N192_M96/pSA/best_params.csv,representative_pSA_specific_fixed_no_code_retuning,C03
N192_M96,192,96,new_04,new,2026082704,6ac0954cb0b76f6df3f9c693019c5d4a69f8745b55072bcc609ad5a6c0514525,96,0.5,0.5,pSA_specific_fixed,pSA,0.0,0,20260826,2.0,1057,53,52,1519,100,19200,0.055052083333333335,0.53,0.52,15.19,source_project/paper_results_trip/ldpc/N192_M96/pSA/best_params.csv,representative_pSA_specific_fixed_no_code_retuning,C04
N192_M96,192,96,new_04,new,2026082704,6ac0954cb0b76f6df3f9c693019c5d4a69f8745b55072bcc609ad5a6c0514525,96,0.5,0.5,pSA_specific_fixed,pSA,0.0,0,20260826,2.5,481,31,29,633,100,19200,0.025052083333333332,0.31,0.29,6.33,source_project/paper_results_trip/ldpc/N192_M96/pSA/best_params.csv,representative_pSA_specific_fixed_no_code_retuning,C04
N192_M96,192,96,new_04,new,2026082704,6ac0954cb0b76f6df3f9c693019c5d4a69f8745b55072bcc609ad5a6c0514525,96,0.5,0.5,pSA_specific_fixed,pSA,0.0,0,20260826,3.0,140,10,8,160,100,19200,0.007291666666666667,0.1,0.08,1.6,source_project/paper_results_trip/ldpc/N192_M96/pSA/best_params.csv,representative_pSA_specific_fixed_no_code_retuning,C04
N192_M96,192,96,new_04,new,2026082704,6ac0954cb0b76f6df3f9c693019c5d4a69f8745b55072bcc609ad5a6c0514525,96,0.5,0.5,pSA_specific_fixed,pSA,0.0,1,20268848,2.0,1145,60,59,1707,100,19200,0.05963541666666667,0.6,0.59,17.07,source_project/paper_results_trip/ldpc/N192_M96/pSA/best_params.csv,representative_pSA_specific_fixed_no_code_retuning,C04
N192_M96,192,96,new_04,new,2026082704,6ac0954cb0b76f6df3f9c693019c5d4a69f8745b55072bcc609ad5a6c0514525,96,0.5,0.5,pSA_specific_fixed,pSA,0.0,1,20268848,2.5,625,37,33,763,100,19200,0.032552083333333336,0.37,0.33,7.63,source_project/paper_results_trip/ldpc/N192_M96/pSA/best_params.csv,representative_pSA_specific_fixed_no_code_retuning,C04
N192_M96,192,96,new_04,new,2026082704,6ac0954cb0b76f6df3f9c693019c5d4a69f8745b55072bcc609ad5a6c0514525,96,0.5,0.5,pSA_specific_fixed,pSA,0.0,1,20268848,3.0,176,11,8,174,100,19200,0.009166666666666667,0.11,0.08,1.74,source_project/paper_results_trip/ldpc/N192_M96/pSA/best_params.csv,representative_pSA_specific_fixed_no_code_retuning,C04
N192_M96,192,96,new_04,new,2026082704,6ac0954cb0b76f6df3f9c693019c5d4a69f8745b55072bcc609ad5a6c0514525,96,0.5,0.5,pSA_specific_fixed,pSA,0.0,2,20276870,2.0,973,54,49,1353,100,19200,0.05067708333333333,0.54,0.49,13.53,source_project/paper_results_trip/ldpc/N192_M96/pSA/best_params.csv,representative_pSA_specific_fixed_no_code_retuning,C04
N192_M96,192,96,new_04,new,2026082704,6ac0954cb0b76f6df3f9c693019c5d4a69f8745b55072bcc609ad5a6c0514525,96,0.5,0.5,pSA_specific_fixed,pSA,0.0,2,20276870,2.5,590,35,33,802,100,19200,0.030729166666666665,0.35,0.33,8.02,source_project/paper_results_trip/ldpc/N192_M96/pSA/best_params.csv,representative_pSA_specific_fixed_no_code_retuning,C04
N192_M96,192,96,new_04,new,2026082704,6ac0954cb0b76f6df3f9c693019c5d4a69f8745b55072bcc609ad5a6c0514525,96,0.5,0.5,pSA_specific_fixed,pSA,0.0,2,20276870,3.0,257,20,14,259,100,19200,0.013385416666666667,0.2,0.14,2.59,source_project/paper_results_trip/ldpc/N192_M96/pSA/best_params.csv,representative_pSA_specific_fixed_no_code_retuning,C04
N192_M96,192,96,new_04,new,2026082704,6ac0954cb0b76f6df3f9c693019c5d4a69f8745b55072bcc609ad5a6c0514525,96,0.5,0.5,pSA_specific_fixed,pSA,0.0,3,20284892,2.0,985,48,47,1381,100,19200,0.05130208333333333,0.48,0.47,13.81,source_project/paper_results_trip/ldpc/N192_M96/pSA/best_params.csv,representative_pSA_specific_fixed_no_code_retuning,C04
N192_M96,192,96,new_04,new,2026082704,6ac0954cb0b76f6df3f9c693019c5d4a69f8745b55072bcc609ad5a6c0514525,96,0.5,0.5,pSA_specific_fixed,pSA,0.0,3,20284892,2.5,537,32,31,729,100,19200,0.02796875,0.32,0.31,7.29,source_project/paper_results_trip/ldpc/N192_M96/pSA/best_params.csv,representative_pSA_specific_fixed_no_code_retuning,C04
N192_M96,192,96,new_04,new,2026082704,6ac0954cb0b76f6df3f9c693019c5d4a69f8745b55072bcc609ad5a6c0514525,96,0.5,0.5,pSA_specific_fixed,pSA,0.0,3,20284892,3.0,168,12,9,206,100,19200,0.00875,0.12,0.09,2.06,source_project/paper_results_trip/ldpc/N192_M96/pSA/best_params.csv,representative_pSA_specific_fixed_no_code_retuning,C04
N192_M96,192,96,new_04,new,2026082704,6ac0954cb0b76f6df3f9c693019c5d4a69f8745b55072bcc609ad5a6c0514525,96,0.5,0.5,pSA_specific_fixed,pSA,0.0,4,20292914,2.0,1066,56,54,1514,100,19200,0.05552083333333333,0.56,0.54,15.14,source_project/paper_results_trip/ldpc/N192_M96/pSA/best_params.csv,representative_pSA_specific_fixed_no_code_retuning,C04
N192_M96,192,96,new_04,new,2026082704,6ac0954cb0b76f6df3f9c693019c5d4a69f8745b55072bcc609ad5a6c0514525,96,0.5,0.5,pSA_specific_fixed,pSA,0.0,4,20292914,2.5,468,26,25,554,100,19200,0.024375,0.26,0.25,5.54,source_project/paper_results_trip/ldpc/N192_M96/pSA/best_params.csv,representative_pSA_specific_fixed_no_code_retuning,C04
N192_M96,192,96,new_04,new,2026082704,6ac0954cb0b76f6df3f9c693019c5d4a69f8745b55072bcc609ad5a6c0514525,96,0.5,0.5,pSA_specific_fixed,pSA,0.0,4,20292914,3.0,77,6,5,113,100,19200,0.0040104166666666665,0.06,0.05,1.13,source_project/paper_results_trip/ldpc/N192_M96/pSA/best_params.csv,representative_pSA_specific_fixed_no_code_retuning,C04
N192_M96,192,96,new_04,new,2026082704,6ac0954cb0b76f6df3f9c693019c5d4a69f8745b55072bcc609ad5a6c0514525,96,0.5,0.5,pSA_specific_fixed,pSA,0.0,5,20300936,2.0,990,53,53,1446,100,19200,0.0515625,0.53,0.53,14.46,source_project/paper_results_trip/ldpc/N192_M96/pSA/best_params.csv,representative_pSA_specific_fixed_no_code_retuning,C04
N192_M96,192,96,new_04,new,2026082704,6ac0954cb0b76f6df3f9c693019c5d4a69f8745b55072bcc609ad5a6c0514525,96,0.5,0.5,pSA_specific_fixed,pSA,0.0,5,20300936,2.5,384,24,21,502,100,19200,0.02,0.24,0.21,5.02,source_project/paper_results_trip/ldpc/N192_M96/pSA/best_params.csv,representative_pSA_specific_fixed_no_code_retuning,C04
N192_M96,192,96,new_04,new,2026082704,6ac0954cb0b76f6df3f9c693019c5d4a69f8745b55072bcc609ad5a6c0514525,96,0.5,0.5,pSA_specific_fixed,pSA,0.0,5,20300936,3.0,105,7,6,117,100,19200,0.00546875,0.07,0.06,1.17,source_project/paper_results_trip/ldpc/N192_M96/pSA/best_params.csv,representative_pSA_specific_fixed_no_code_retuning,C04
N192_M96,192,96,new_04,new,2026082704,6ac0954cb0b76f6df3f9c693019c5d4a69f8745b55072bcc609ad5a6c0514525,96,0.5,0.5,pSA_specific_fixed,pSA,0.0,6,20308958,2.0,1162,58,55,1578,100,19200,0.060520833333333336,0.58,0.55,15.78,source_project/paper_results_trip/ldpc/N192_M96/pSA/best_params.csv,representative_pSA_specific_fixed_no_code_retuning,C04
N192_M96,192,96,new_04,new,2026082704,6ac0954cb0b76f6df3f9c693019c5d4a69f8745b55072bcc609ad5a6c0514525,96,0.5,0.5,pSA_specific_fixed,pSA,0.0,6,20308958,2.5,485,29,26,601,100,19200,0.025260416666666667,0.29,0.26,6.01,source_project/paper_results_trip/ldpc/N192_M96/pSA/best_params.csv,representative_pSA_specific_fixed_no_code_retuning,C04
N192_M96,192,96,new_04,new,2026082704,6ac0954cb0b76f6df3f9c693019c5d4a69f8745b55072bcc609ad5a6c0514525,96,0.5,0.5,pSA_specific_fixed,pSA,0.0,6,20308958,3.0,200,13,12,246,100,19200,0.010416666666666666,0.13,0.12,2.46,source_project/paper_results_trip/ldpc/N192_M96/pSA/best_params.csv,representative_pSA_specific_fixed_no_code_retuning,C04
N192_M96,192,96,new_04,new,2026082704,6ac0954cb0b76f6df3f9c693019c5d4a69f8745b55072bcc609ad5a6c0514525,96,0.5,0.5,pSA_specific_fixed,pSA,0.0,7,20316980,2.0,966,49,49,1398,100,19200,0.0503125,0.49,0.49,13.98,source_project/paper_results_trip/ldpc/N192_M96/pSA/best_params.csv,representative_pSA_specific_fixed_no_code_retuning,C04
N192_M96,192,96,new_04,new,2026082704,6ac0954cb0b76f6df3f9c693019c5d4a69f8745b55072bcc609ad5a6c0514525,96,0.5,0.5,pSA_specific_fixed,pSA,0.0,7,20316980,2.5,721,41,38,943,100,19200,0.03755208333333333,0.41,0.38,9.43,source_project/paper_results_trip/ldpc/N192_M96/pSA/best_params.csv,representative_pSA_specific_fixed_no_code_retuning,C04
N192_M96,192,96,new_04,new,2026082704,6ac0954cb0b76f6df3f9c693019c5d4a69f8745b55072bcc609ad5a6c0514525,96,0.5,0.5,pSA_specific_fixed,pSA,0.0,7,20316980,3.0,225,15,14,317,100,19200,0.01171875,0.15,0.14,3.17,source_project/paper_results_trip/ldpc/N192_M96/pSA/best_params.csv,representative_pSA_specific_fixed_no_code_retuning,C04
N192_M96,192,96,new_04,new,2026082704,6ac0954cb0b76f6df3f9c693019c5d4a69f8745b55072bcc609ad5a6c0514525,96,0.5,0.5,pSA_specific_fixed,pSA,0.0,8,20325002,2.0,1041,55,53,1497,100,19200,0.05421875,0.55,0.53,14.97,source_project/paper_results_trip/ldpc/N192_M96/pSA/best_params.csv,representative_pSA_specific_fixed_no_code_retuning,C04
N192_M96,192,96,new_04,new,2026082704,6ac0954cb0b76f6df3f9c693019c5d4a69f8745b55072bcc609ad5a6c0514525,96,0.5,0.5,pSA_specific_fixed,pSA,0.0,8,20325002,2.5,709,40,40,951,100,19200,0.03692708333333333,0.4,0.4,9.51,source_project/paper_results_trip/ldpc/N192_M96/pSA/best_params.csv,representative_pSA_specific_fixed_no_code_retuning,C04
N192_M96,192,96,new_04,new,2026082704,6ac0954cb0b76f6df3f9c693019c5d4a69f8745b55072bcc609ad5a6c0514525,96,0.5,0.5,pSA_specific_fixed,pSA,0.0,8,20325002,3.0,216,15,14,264,100,19200,0.01125,0.15,0.14,2.64,source_project/paper_results_trip/ldpc/N192_M96/pSA/best_params.csv,representative_pSA_specific_fixed_no_code_retuning,C04
N192_M96,192,96,new_04,new,2026082704,6ac0954cb0b76f6df3f9c693019c5d4a69f8745b55072bcc609ad5a6c0514525,96,0.5,0.5,pSA_specific_fixed,pSA,0.0,9,20333024,2.0,913,50,50,1315,100,19200,0.047552083333333335,0.5,0.5,13.15,source_project/paper_results_trip/ldpc/N192_M96/pSA/best_params.csv,representative_pSA_specific_fixed_no_code_retuning,C04
N192_M96,192,96,new_04,new,2026082704,6ac0954cb0b76f6df3f9c693019c5d4a69f8745b55072bcc609ad5a6c0514525,96,0.5,0.5,pSA_specific_fixed,pSA,0.0,9,20333024,2.5,452,28,25,604,100,19200,0.023541666666666666,0.28,0.25,6.04,source_project/paper_results_trip/ldpc/N192_M96/pSA/best_params.csv,representative_pSA_specific_fixed_no_code_retuning,C04
N192_M96,192,96,new_04,new,2026082704,6ac0954cb0b76f6df3f9c693019c5d4a69f8745b55072bcc609ad5a6c0514525,96,0.5,0.5,pSA_specific_fixed,pSA,0.0,9,20333024,3.0,181,12,10,167,100,19200,0.009427083333333334,0.12,0.1,1.67,source_project/paper_results_trip/ldpc/N192_M96/pSA/best_params.csv,representative_pSA_specific_fixed_no_code_retuning,C04
N192_M96,192,96,new_05,new,2026082705,4ea281262c622c70d76661938eab2d916f7694f1bf7dea299149da971f273678,96,0.5,0.5,pSA_specific_fixed,pSA,0.0,0,20260826,2.0,1046,55,55,1532,100,19200,0.05447916666666667,0.55,0.55,15.32,source_project/paper_results_trip/ldpc/N192_M96/pSA/best_params.csv,representative_pSA_specific_fixed_no_code_retuning,C05
N192_M96,192,96,new_05,new,2026082705,4ea281262c622c70d76661938eab2d916f7694f1bf7dea299149da971f273678,96,0.5,0.5,pSA_specific_fixed,pSA,0.0,0,20260826,2.5,523,31,31,673,100,19200,0.027239583333333334,0.31,0.31,6.73,source_project/paper_results_trip/ldpc/N192_M96/pSA/best_params.csv,representative_pSA_specific_fixed_no_code_retuning,C05
N192_M96,192,96,new_05,new,2026082705,4ea281262c622c70d76661938eab2d916f7694f1bf7dea299149da971f273678,96,0.5,0.5,pSA_specific_fixed,pSA,0.0,0,20260826,3.0,133,9,9,131,100,19200,0.006927083333333334,0.09,0.09,1.31,source_project/paper_results_trip/ldpc/N192_M96/pSA/best_params.csv,representative_pSA_specific_fixed_no_code_retuning,C05
N192_M96,192,96,new_05,new,2026082705,4ea281262c622c70d76661938eab2d916f7694f1bf7dea299149da971f273678,96,0.5,0.5,pSA_specific_fixed,pSA,0.0,1,20268848,2.0,1137,57,56,1563,100,19200,0.05921875,0.57,0.56,15.63,source_project/paper_results_trip/ldpc/N192_M96/pSA/best_params.csv,representative_pSA_specific_fixed_no_code_retuning,C05
N192_M96,192,96,new_05,new,2026082705,4ea281262c622c70d76661938eab2d916f7694f1bf7dea299149da971f273678,96,0.5,0.5,pSA_specific_fixed,pSA,0.0,1,20268848,2.5,551,32,32,723,100,19200,0.028697916666666667,0.32,0.32,7.23,source_project/paper_results_trip/ldpc/N192_M96/pSA/best_params.csv,representative_pSA_specific_fixed_no_code_retuning,C05
N192_M96,192,96,new_05,new,2026082705,4ea281262c622c70d76661938eab2d916f7694f1bf7dea299149da971f273678,96,0.5,0.5,pSA_specific_fixed,pSA,0.0,1,20268848,3.0,138,8,8,162,100,19200,0.0071875,0.08,0.08,1.62,source_project/paper_results_trip/ldpc/N192_M96/pSA/best_params.csv,representative_pSA_specific_fixed_no_code_retuning,C05
N192_M96,192,96,new_05,new,2026082705,4ea281262c622c70d76661938eab2d916f7694f1bf7dea299149da971f273678,96,0.5,0.5,pSA_specific_fixed,pSA,0.0,2,20276870,2.0,898,46,46,1332,100,19200,0.04677083333333333,0.46,0.46,13.32,source_project/paper_results_trip/ldpc/N192_M96/pSA/best_params.csv,representative_pSA_specific_fixed_no_code_retuning,C05
N192_M96,192,96,new_05,new,2026082705,4ea281262c622c70d76661938eab2d916f7694f1bf7dea299149da971f273678,96,0.5,0.5,pSA_specific_fixed,pSA,0.0,2,20276870,2.5,550,31,29,764,100,19200,0.028645833333333332,0.31,0.29,7.64,source_project/paper_results_trip/ldpc/N192_M96/pSA/best_params.csv,representative_pSA_specific_fixed_no_code_retuning,C05
N192_M96,192,96,new_05,new,2026082705,4ea281262c622c70d76661938eab2d916f7694f1bf7dea299149da971f273678,96,0.5,0.5,pSA_specific_fixed,pSA,0.0,2,20276870,3.0,192,14,13,250,100,19200,0.01,0.14,0.13,2.5,source_project/paper_results_trip/ldpc/N192_M96/pSA/best_params.csv,representative_pSA_specific_fixed_no_code_retuning,C05
N192_M96,192,96,new_05,new,2026082705,4ea281262c622c70d76661938eab2d916f7694f1bf7dea299149da971f273678,96,0.5,0.5,pSA_specific_fixed,pSA,0.0,3,20284892,2.0,1051,52,48,1285,100,19200,0.054739583333333335,0.52,0.48,12.85,source_project/paper_results_trip/ldpc/N192_M96/pSA/best_params.csv,representative_pSA_specific_fixed_no_code_retuning,C05
N192_M96,192,96,new_05,new,2026082705,4ea281262c622c70d76661938eab2d916f7694f1bf7dea299149da971f273678,96,0.5,0.5,pSA_specific_fixed,pSA,0.0,3,20284892,2.5,631,37,36,825,100,19200,0.032864583333333336,0.37,0.36,8.25,source_project/paper_results_trip/ldpc/N192_M96/pSA/best_params.csv,representative_pSA_specific_fixed_no_code_retuning,C05
N192_M96,192,96,new_05,new,2026082705,4ea281262c622c70d76661938eab2d916f7694f1bf7dea299149da971f273678,96,0.5,0.5,pSA_specific_fixed,pSA,0.0,3,20284892,3.0,251,15,14,299,100,19200,0.013072916666666667,0.15,0.14,2.99,source_project/paper_results_trip/ldpc/N192_M96/pSA/best_params.csv,representative_pSA_specific_fixed_no_code_retuning,C05
N192_M96,192,96,new_05,new,2026082705,4ea281262c622c70d76661938eab2d916f7694f1bf7dea299149da971f273678,96,0.5,0.5,pSA_specific_fixed,pSA,0.0,4,20292914,2.0,927,51,49,1275,100,19200,0.04828125,0.51,0.49,12.75,source_project/paper_results_trip/ldpc/N192_M96/pSA/best_params.csv,representative_pSA_specific_fixed_no_code_retuning,C05
N192_M96,192,96,new_05,new,2026082705,4ea281262c622c70d76661938eab2d916f7694f1bf7dea299149da971f273678,96,0.5,0.5,pSA_specific_fixed,pSA,0.0,4,20292914,2.5,532,28,27,756,100,19200,0.027708333333333335,0.28,0.27,7.56,source_project/paper_results_trip/ldpc/N192_M96/pSA/best_params.csv,representative_pSA_specific_fixed_no_code_retuning,C05
N192_M96,192,96,new_05,new,2026082705,4ea281262c622c70d76661938eab2d916f7694f1bf7dea299149da971f273678,96,0.5,0.5,pSA_specific_fixed,pSA,0.0,4,20292914,3.0,166,10,9,214,100,19200,0.008645833333333333,0.1,0.09,2.14,source_project/paper_results_trip/ldpc/N192_M96/pSA/best_params.csv,representative_pSA_specific_fixed_no_code_retuning,C05
N192_M96,192,96,new_05,new,2026082705,4ea281262c622c70d76661938eab2d916f7694f1bf7dea299149da971f273678,96,0.5,0.5,pSA_specific_fixed,pSA,0.0,5,20300936,2.0,1154,62,62,1642,100,19200,0.06010416666666667,0.62,0.62,16.42,source_project/paper_results_trip/ldpc/N192_M96/pSA/best_params.csv,representative_pSA_specific_fixed_no_code_retuning,C05
N192_M96,192,96,new_05,new,2026082705,4ea281262c622c70d76661938eab2d916f7694f1bf7dea299149da971f273678,96,0.5,0.5,pSA_specific_fixed,pSA,0.0,5,20300936,2.5,517,29,28,699,100,19200,0.026927083333333334,0.29,0.28,6.99,source_project/paper_results_trip/ldpc/N192_M96/pSA/best_params.csv,representative_pSA_specific_fixed_no_code_retuning,C05
N192_M96,192,96,new_05,new,2026082705,4ea281262c622c70d76661938eab2d916f7694f1bf7dea299149da971f273678,96,0.5,0.5,pSA_specific_fixed,pSA,0.0,5,20300936,3.0,111,9,9,137,100,19200,0.00578125,0.09,0.09,1.37,source_project/paper_results_trip/ldpc/N192_M96/pSA/best_params.csv,representative_pSA_specific_fixed_no_code_retuning,C05
N192_M96,192,96,new_05,new,2026082705,4ea281262c622c70d76661938eab2d916f7694f1bf7dea299149da971f273678,96,0.5,0.5,pSA_specific_fixed,pSA,0.0,6,20308958,2.0,1121,55,54,1579,100,19200,0.05838541666666667,0.55,0.54,15.79,source_project/paper_results_trip/ldpc/N192_M96/pSA/best_params.csv,representative_pSA_specific_fixed_no_code_retuning,C05
N192_M96,192,96,new_05,new,2026082705,4ea281262c622c70d76661938eab2d916f7694f1bf7dea299149da971f273678,96,0.5,0.5,pSA_specific_fixed,pSA,0.0,6,20308958,2.5,396,23,23,478,100,19200,0.020625,0.23,0.23,4.78,source_project/paper_results_trip/ldpc/N192_M96/pSA/best_params.csv,representative_pSA_specific_fixed_no_code_retuning,C05
N192_M96,192,96,new_05,new,2026082705,4ea281262c622c70d76661938eab2d916f7694f1bf7dea299149da971f273678,96,0.5,0.5,pSA_specific_fixed,pSA,0.0,6,20308958,3.0,160,9,8,210,100,19200,0.008333333333333333,0.09,0.08,2.1,source_project/paper_results_trip/ldpc/N192_M96/pSA/best_params.csv,representative_pSA_specific_fixed_no_code_retuning,C05
N192_M96,192,96,new_05,new,2026082705,4ea281262c622c70d76661938eab2d916f7694f1bf7dea299149da971f273678,96,0.5,0.5,pSA_specific_fixed,pSA,0.0,7,20316980,2.0,1073,53,52,1509,100,19200,0.05588541666666667,0.53,0.52,15.09,source_project/paper_results_trip/ldpc/N192_M96/pSA/best_params.csv,representative_pSA_specific_fixed_no_code_retuning,C05
N192_M96,192,96,new_05,new,2026082705,4ea281262c622c70d76661938eab2d916f7694f1bf7dea299149da971f273678,96,0.5,0.5,pSA_specific_fixed,pSA,0.0,7,20316980,2.5,667,35,31,833,100,19200,0.03473958333333333,0.35,0.31,8.33,source_project/paper_results_trip/ldpc/N192_M96/pSA/best_params.csv,representative_pSA_specific_fixed_no_code_retuning,C05
N192_M96,192,96,new_05,new,2026082705,4ea281262c622c70d76661938eab2d916f7694f1bf7dea299149da971f273678,96,0.5,0.5,pSA_specific_fixed,pSA,0.0,7,20316980,3.0,236,14,14,302,100,19200,0.012291666666666666,0.14,0.14,3.02,source_project/paper_results_trip/ldpc/N192_M96/pSA/best_params.csv,representative_pSA_specific_fixed_no_code_retuning,C05
N192_M96,192,96,new_05,new,2026082705,4ea281262c622c70d76661938eab2d916f7694f1bf7dea299149da971f273678,96,0.5,0.5,pSA_specific_fixed,pSA,0.0,8,20325002,2.0,1055,56,55,1527,100,19200,0.054947916666666666,0.56,0.55,15.27,source_project/paper_results_trip/ldpc/N192_M96/pSA/best_params.csv,representative_pSA_specific_fixed_no_code_retuning,C05
N192_M96,192,96,new_05,new,2026082705,4ea281262c622c70d76661938eab2d916f7694f1bf7dea299149da971f273678,96,0.5,0.5,pSA_specific_fixed,pSA,0.0,8,20325002,2.5,690,39,39,992,100,19200,0.0359375,0.39,0.39,9.92,source_project/paper_results_trip/ldpc/N192_M96/pSA/best_params.csv,representative_pSA_specific_fixed_no_code_retuning,C05
N192_M96,192,96,new_05,new,2026082705,4ea281262c622c70d76661938eab2d916f7694f1bf7dea299149da971f273678,96,0.5,0.5,pSA_specific_fixed,pSA,0.0,8,20325002,3.0,183,12,12,223,100,19200,0.00953125,0.12,0.12,2.23,source_project/paper_results_trip/ldpc/N192_M96/pSA/best_params.csv,representative_pSA_specific_fixed_no_code_retuning,C05
N192_M96,192,96,new_05,new,2026082705,4ea281262c622c70d76661938eab2d916f7694f1bf7dea299149da971f273678,96,0.5,0.5,pSA_specific_fixed,pSA,0.0,9,20333024,2.0,1012,55,55,1452,100,19200,0.052708333333333336,0.55,0.55,14.52,source_project/paper_results_trip/ldpc/N192_M96/pSA/best_params.csv,representative_pSA_specific_fixed_no_code_retuning,C05
N192_M96,192,96,new_05,new,2026082705,4ea281262c622c70d76661938eab2d916f7694f1bf7dea299149da971f273678,96,0.5,0.5,pSA_specific_fixed,pSA,0.0,9,20333024,2.5,382,24,23,474,100,19200,0.019895833333333335,0.24,0.23,4.74,source_project/paper_results_trip/ldpc/N192_M96/pSA/best_params.csv,representative_pSA_specific_fixed_no_code_retuning,C05
N192_M96,192,96,new_05,new,2026082705,4ea281262c622c70d76661938eab2d916f7694f1bf7dea299149da971f273678,96,0.5,0.5,pSA_specific_fixed,pSA,0.0,9,20333024,3.0,249,15,15,329,100,19200,0.01296875,0.15,0.15,3.29,source_project/paper_results_trip/ldpc/N192_M96/pSA/best_params.csv,representative_pSA_specific_fixed_no_code_retuning,C05
N192_M96,192,96,new_06,new,2026082706,67e8bfd0a41ecfef822cd92b156dd8e32a73f66bfee63eb4d04a71ce3375d854,96,0.5,0.5,pSA_specific_fixed,pSA,0.0,0,20260826,2.0,1078,57,56,1530,100,19200,0.05614583333333333,0.57,0.56,15.3,source_project/paper_results_trip/ldpc/N192_M96/pSA/best_params.csv,representative_pSA_specific_fixed_no_code_retuning,C06
N192_M96,192,96,new_06,new,2026082706,67e8bfd0a41ecfef822cd92b156dd8e32a73f66bfee63eb4d04a71ce3375d854,96,0.5,0.5,pSA_specific_fixed,pSA,0.0,0,20260826,2.5,519,27,26,649,100,19200,0.02703125,0.27,0.26,6.49,source_project/paper_results_trip/ldpc/N192_M96/pSA/best_params.csv,representative_pSA_specific_fixed_no_code_retuning,C06
N192_M96,192,96,new_06,new,2026082706,67e8bfd0a41ecfef822cd92b156dd8e32a73f66bfee63eb4d04a71ce3375d854,96,0.5,0.5,pSA_specific_fixed,pSA,0.0,0,20260826,3.0,149,9,8,193,100,19200,0.007760416666666666,0.09,0.08,1.93,source_project/paper_results_trip/ldpc/N192_M96/pSA/best_params.csv,representative_pSA_specific_fixed_no_code_retuning,C06
N192_M96,192,96,new_06,new,2026082706,67e8bfd0a41ecfef822cd92b156dd8e32a73f66bfee63eb4d04a71ce3375d854,96,0.5,0.5,pSA_specific_fixed,pSA,0.0,1,20268848,2.0,1120,57,57,1598,100,19200,0.058333333333333334,0.57,0.57,15.98,source_project/paper_results_trip/ldpc/N192_M96/pSA/best_params.csv,representative_pSA_specific_fixed_no_code_retuning,C06
N192_M96,192,96,new_06,new,2026082706,67e8bfd0a41ecfef822cd92b156dd8e32a73f66bfee63eb4d04a71ce3375d854,96,0.5,0.5,pSA_specific_fixed,pSA,0.0,1,20268848,2.5,533,30,29,665,100,19200,0.027760416666666666,0.3,0.29,6.65,source_project/paper_results_trip/ldpc/N192_M96/pSA/best_params.csv,representative_pSA_specific_fixed_no_code_retuning,C06
N192_M96,192,96,new_06,new,2026082706,67e8bfd0a41ecfef822cd92b156dd8e32a73f66bfee63eb4d04a71ce3375d854,96,0.5,0.5,pSA_specific_fixed,pSA,0.0,1,20268848,3.0,103,8,7,123,100,19200,0.005364583333333333,0.08,0.07,1.23,source_project/paper_results_trip/ldpc/N192_M96/pSA/best_params.csv,representative_pSA_specific_fixed_no_code_retuning,C06
N192_M96,192,96,new_06,new,2026082706,67e8bfd0a41ecfef822cd92b156dd8e32a73f66bfee63eb4d04a71ce3375d854,96,0.5,0.5,pSA_specific_fixed,pSA,0.0,2,20276870,2.0,1032,55,51,1352,100,19200,0.05375,0.55,0.51,13.52,source_project/paper_results_trip/ldpc/N192_M96/pSA/best_params.csv,representative_pSA_specific_fixed_no_code_retuning,C06
N192_M96,192,96,new_06,new,2026082706,67e8bfd0a41ecfef822cd92b156dd8e32a73f66bfee63eb4d04a71ce3375d854,96,0.5,0.5,pSA_specific_fixed,pSA,0.0,2,20276870,2.5,633,36,32,821,100,19200,0.03296875,0.36,0.32,8.21,source_project/paper_results_trip/ldpc/N192_M96/pSA/best_params.csv,representative_pSA_specific_fixed_no_code_retuning,C06
N192_M96,192,96,new_06,new,2026082706,67e8bfd0a41ecfef822cd92b156dd8e32a73f66bfee63eb4d04a71ce3375d854,96,0.5,0.5,pSA_specific_fixed,pSA,0.0,2,20276870,3.0,367,23,23,501,100,19200,0.019114583333333334,0.23,0.23,5.01,source_project/paper_results_trip/ldpc/N192_M96/pSA/best_params.csv,representative_pSA_specific_fixed_no_code_retuning,C06
N192_M96,192,96,new_06,new,2026082706,67e8bfd0a41ecfef822cd92b156dd8e32a73f66bfee63eb4d04a71ce3375d854,96,0.5,0.5,pSA_specific_fixed,pSA,0.0,3,20284892,2.0,922,45,45,1298,100,19200,0.04802083333333333,0.45,0.45,12.98,source_project/paper_results_trip/ldpc/N192_M96/pSA/best_params.csv,representative_pSA_specific_fixed_no_code_retuning,C06
N192_M96,192,96,new_06,new,2026082706,67e8bfd0a41ecfef822cd92b156dd8e32a73f66bfee63eb4d04a71ce3375d854,96,0.5,0.5,pSA_specific_fixed,pSA,0.0,3,20284892,2.5,502,27,26,642,100,19200,0.026145833333333333,0.27,0.26,6.42,source_project/paper_results_trip/ldpc/N192_M96/pSA/best_params.csv,representative_pSA_specific_fixed_no_code_retuning,C06
N192_M96,192,96,new_06,new,2026082706,67e8bfd0a41ecfef822cd92b156dd8e32a73f66bfee63eb4d04a71ce3375d854,96,0.5,0.5,pSA_specific_fixed,pSA,0.0,3,20284892,3.0,253,17,13,269,100,19200,0.013177083333333334,0.17,0.13,2.69,source_project/paper_results_trip/ldpc/N192_M96/pSA/best_params.csv,representative_pSA_specific_fixed_no_code_retuning,C06
N192_M96,192,96,new_06,new,2026082706,67e8bfd0a41ecfef822cd92b156dd8e32a73f66bfee63eb4d04a71ce3375d854,96,0.5,0.5,pSA_specific_fixed,pSA,0.0,4,20292914,2.0,1012,54,53,1404,100,19200,0.052708333333333336,0.54,0.53,14.04,source_project/paper_results_trip/ldpc/N192_M96/pSA/best_params.csv,representative_pSA_specific_fixed_no_code_retuning,C06
N192_M96,192,96,new_06,new,2026082706,67e8bfd0a41ecfef822cd92b156dd8e32a73f66bfee63eb4d04a71ce3375d854,96,0.5,0.5,pSA_specific_fixed,pSA,0.0,4,20292914,2.5,478,27,27,688,100,19200,0.024895833333333332,0.27,0.27,6.88,source_project/paper_results_trip/ldpc/N192_M96/pSA/best_params.csv,representative_pSA_specific_fixed_no_code_retuning,C06
N192_M96,192,96,new_06,new,2026082706,67e8bfd0a41ecfef822cd92b156dd8e32a73f66bfee63eb4d04a71ce3375d854,96,0.5,0.5,pSA_specific_fixed,pSA,0.0,4,20292914,3.0,146,9,9,178,100,19200,0.007604166666666667,0.09,0.09,1.78,source_project/paper_results_trip/ldpc/N192_M96/pSA/best_params.csv,representative_pSA_specific_fixed_no_code_retuning,C06
N192_M96,192,96,new_06,new,2026082706,67e8bfd0a41ecfef822cd92b156dd8e32a73f66bfee63eb4d04a71ce3375d854,96,0.5,0.5,pSA_specific_fixed,pSA,0.0,5,20300936,2.0,826,44,43,1126,100,19200,0.043020833333333335,0.44,0.43,11.26,source_project/paper_results_trip/ldpc/N192_M96/pSA/best_params.csv,representative_pSA_specific_fixed_no_code_retuning,C06
N192_M96,192,96,new_06,new,2026082706,67e8bfd0a41ecfef822cd92b156dd8e32a73f66bfee63eb4d04a71ce3375d854,96,0.5,0.5,pSA_specific_fixed,pSA,0.0,5,20300936,2.5,545,31,28,697,100,19200,0.028385416666666666,0.31,0.28,6.97,source_project/paper_results_trip/ldpc/N192_M96/pSA/best_params.csv,representative_pSA_specific_fixed_no_code_retuning,C06
N192_M96,192,96,new_06,new,2026082706,67e8bfd0a41ecfef822cd92b156dd8e32a73f66bfee63eb4d04a71ce3375d854,96,0.5,0.5,pSA_specific_fixed,pSA,0.0,5,20300936,3.0,137,8,8,145,100,19200,0.007135416666666667,0.08,0.08,1.45,source_project/paper_results_trip/ldpc/N192_M96/pSA/best_params.csv,representative_pSA_specific_fixed_no_code_retuning,C06
N192_M96,192,96,new_06,new,2026082706,67e8bfd0a41ecfef822cd92b156dd8e32a73f66bfee63eb4d04a71ce3375d854,96,0.5,0.5,pSA_specific_fixed,pSA,0.0,6,20308958,2.0,1094,58,57,1562,100,19200,0.056979166666666664,0.58,0.57,15.62,source_project/paper_results_trip/ldpc/N192_M96/pSA/best_params.csv,representative_pSA_specific_fixed_no_code_retuning,C06
N192_M96,192,96,new_06,new,2026082706,67e8bfd0a41ecfef822cd92b156dd8e32a73f66bfee63eb4d04a71ce3375d854,96,0.5,0.5,pSA_specific_fixed,pSA,0.0,6,20308958,2.5,434,27,27,550,100,19200,0.022604166666666668,0.27,0.27,5.5,source_project/paper_results_trip/ldpc/N192_M96/pSA/best_params.csv,representative_pSA_specific_fixed_no_code_retuning,C06
N192_M96,192,96,new_06,new,2026082706,67e8bfd0a41ecfef822cd92b156dd8e32a73f66bfee63eb4d04a71ce3375d854,96,0.5,0.5,pSA_specific_fixed,pSA,0.0,6,20308958,3.0,100,7,7,132,100,19200,0.005208333333333333,0.07,0.07,1.32,source_project/paper_results_trip/ldpc/N192_M96/pSA/best_params.csv,representative_pSA_specific_fixed_no_code_retuning,C06
N192_M96,192,96,new_06,new,2026082706,67e8bfd0a41ecfef822cd92b156dd8e32a73f66bfee63eb4d04a71ce3375d854,96,0.5,0.5,pSA_specific_fixed,pSA,0.0,7,20316980,2.0,978,52,50,1414,100,19200,0.0509375,0.52,0.5,14.14,source_project/paper_results_trip/ldpc/N192_M96/pSA/best_params.csv,representative_pSA_specific_fixed_no_code_retuning,C06
N192_M96,192,96,new_06,new,2026082706,67e8bfd0a41ecfef822cd92b156dd8e32a73f66bfee63eb4d04a71ce3375d854,96,0.5,0.5,pSA_specific_fixed,pSA,0.0,7,20316980,2.5,707,40,38,977,100,19200,0.036822916666666664,0.4,0.38,9.77,source_project/paper_results_trip/ldpc/N192_M96/pSA/best_params.csv,representative_pSA_specific_fixed_no_code_retuning,C06
N192_M96,192,96,new_06,new,2026082706,67e8bfd0a41ecfef822cd92b156dd8e32a73f66bfee63eb4d04a71ce3375d854,96,0.5,0.5,pSA_specific_fixed,pSA,0.0,7,20316980,3.0,169,11,11,241,100,19200,0.008802083333333334,0.11,0.11,2.41,source_project/paper_results_trip/ldpc/N192_M96/pSA/best_params.csv,representative_pSA_specific_fixed_no_code_retuning,C06
N192_M96,192,96,new_06,new,2026082706,67e8bfd0a41ecfef822cd92b156dd8e32a73f66bfee63eb4d04a71ce3375d854,96,0.5,0.5,pSA_specific_fixed,pSA,0.0,8,20325002,2.0,1051,54,53,1509,100,19200,0.054739583333333335,0.54,0.53,15.09,source_project/paper_results_trip/ldpc/N192_M96/pSA/best_params.csv,representative_pSA_specific_fixed_no_code_retuning,C06
N192_M96,192,96,new_06,new,2026082706,67e8bfd0a41ecfef822cd92b156dd8e32a73f66bfee63eb4d04a71ce3375d854,96,0.5,0.5,pSA_specific_fixed,pSA,0.0,8,20325002,2.5,564,34,33,782,100,19200,0.029375,0.34,0.33,7.82,source_project/paper_results_trip/ldpc/N192_M96/pSA/best_params.csv,representative_pSA_specific_fixed_no_code_retuning,C06
N192_M96,192,96,new_06,new,2026082706,67e8bfd0a41ecfef822cd92b156dd8e32a73f66bfee63eb4d04a71ce3375d854,96,0.5,0.5,pSA_specific_fixed,pSA,0.0,8,20325002,3.0,157,10,9,191,100,19200,0.008177083333333333,0.1,0.09,1.91,source_project/paper_results_trip/ldpc/N192_M96/pSA/best_params.csv,representative_pSA_specific_fixed_no_code_retuning,C06
N192_M96,192,96,new_06,new,2026082706,67e8bfd0a41ecfef822cd92b156dd8e32a73f66bfee63eb4d04a71ce3375d854,96,0.5,0.5,pSA_specific_fixed,pSA,0.0,9,20333024,2.0,908,49,48,1296,100,19200,0.04729166666666667,0.49,0.48,12.96,source_project/paper_results_trip/ldpc/N192_M96/pSA/best_params.csv,representative_pSA_specific_fixed_no_code_retuning,C06
N192_M96,192,96,new_06,new,2026082706,67e8bfd0a41ecfef822cd92b156dd8e32a73f66bfee63eb4d04a71ce3375d854,96,0.5,0.5,pSA_specific_fixed,pSA,0.0,9,20333024,2.5,501,30,28,643,100,19200,0.02609375,0.3,0.28,6.43,source_project/paper_results_trip/ldpc/N192_M96/pSA/best_params.csv,representative_pSA_specific_fixed_no_code_retuning,C06
N192_M96,192,96,new_06,new,2026082706,67e8bfd0a41ecfef822cd92b156dd8e32a73f66bfee63eb4d04a71ce3375d854,96,0.5,0.5,pSA_specific_fixed,pSA,0.0,9,20333024,3.0,255,16,16,335,100,19200,0.01328125,0.16,0.16,3.35,source_project/paper_results_trip/ldpc/N192_M96/pSA/best_params.csv,representative_pSA_specific_fixed_no_code_retuning,C06
N192_M96,192,96,new_07,new,2026082707,1759b21eb9fa1782d48e0d0c0ab97ed858d26544d38040a70c8f6694ba2ce7c6,96,0.5,0.5,pSA_specific_fixed,pSA,0.0,0,20260826,2.0,991,51,51,1387,100,19200,0.05161458333333333,0.51,0.51,13.87,source_project/paper_results_trip/ldpc/N192_M96/pSA/best_params.csv,representative_pSA_specific_fixed_no_code_retuning,C07
N192_M96,192,96,new_07,new,2026082707,1759b21eb9fa1782d48e0d0c0ab97ed858d26544d38040a70c8f6694ba2ce7c6,96,0.5,0.5,pSA_specific_fixed,pSA,0.0,0,20260826,2.5,481,26,25,599,100,19200,0.025052083333333332,0.26,0.25,5.99,source_project/paper_results_trip/ldpc/N192_M96/pSA/best_params.csv,representative_pSA_specific_fixed_no_code_retuning,C07
N192_M96,192,96,new_07,new,2026082707,1759b21eb9fa1782d48e0d0c0ab97ed858d26544d38040a70c8f6694ba2ce7c6,96,0.5,0.5,pSA_specific_fixed,pSA,0.0,0,20260826,3.0,120,10,9,142,100,19200,0.00625,0.1,0.09,1.42,source_project/paper_results_trip/ldpc/N192_M96/pSA/best_params.csv,representative_pSA_specific_fixed_no_code_retuning,C07
N192_M96,192,96,new_07,new,2026082707,1759b21eb9fa1782d48e0d0c0ab97ed858d26544d38040a70c8f6694ba2ce7c6,96,0.5,0.5,pSA_specific_fixed,pSA,0.0,1,20268848,2.0,1264,63,61,1702,100,19200,0.06583333333333333,0.63,0.61,17.02,source_project/paper_results_trip/ldpc/N192_M96/pSA/best_params.csv,representative_pSA_specific_fixed_no_code_retuning,C07
N192_M96,192,96,new_07,new,2026082707,1759b21eb9fa1782d48e0d0c0ab97ed858d26544d38040a70c8f6694ba2ce7c6,96,0.5,0.5,pSA_specific_fixed,pSA,0.0,1,20268848,2.5,645,34,33,871,100,19200,0.03359375,0.34,0.33,8.71,source_project/paper_results_trip/ldpc/N192_M96/pSA/best_params.csv,representative_pSA_specific_fixed_no_code_retuning,C07
N192_M96,192,96,new_07,new,2026082707,1759b21eb9fa1782d48e0d0c0ab97ed858d26544d38040a70c8f6694ba2ce7c6,96,0.5,0.5,pSA_specific_fixed,pSA,0.0,1,20268848,3.0,167,11,11,207,100,19200,0.008697916666666666,0.11,0.11,2.07,source_project/paper_results_trip/ldpc/N192_M96/pSA/best_params.csv,representative_pSA_specific_fixed_no_code_retuning,C07
N192_M96,192,96,new_07,new,2026082707,1759b21eb9fa1782d48e0d0c0ab97ed858d26544d38040a70c8f6694ba2ce7c6,96,0.5,0.5,pSA_specific_fixed,pSA,0.0,2,20276870,2.0,957,50,50,1379,100,19200,0.04984375,0.5,0.5,13.79,source_project/paper_results_trip/ldpc/N192_M96/pSA/best_params.csv,representative_pSA_specific_fixed_no_code_retuning,C07
N192_M96,192,96,new_07,new,2026082707,1759b21eb9fa1782d48e0d0c0ab97ed858d26544d38040a70c8f6694ba2ce7c6,96,0.5,0.5,pSA_specific_fixed,pSA,0.0,2,20276870,2.5,617,35,35,815,100,19200,0.032135416666666666,0.35,0.35,8.15,source_project/paper_results_trip/ldpc/N192_M96/pSA/best_params.csv,representative_pSA_specific_fixed_no_code_retuning,C07
N192_M96,192,96,new_07,new,2026082707,1759b21eb9fa1782d48e0d0c0ab97ed858d26544d38040a70c8f6694ba2ce7c6,96,0.5,0.5,pSA_specific_fixed,pSA,0.0,2,20276870,3.0,213,14,14,283,100,19200,0.01109375,0.14,0.14,2.83,source_project/paper_results_trip/ldpc/N192_M96/pSA/best_params.csv,representative_pSA_specific_fixed_no_code_retuning,C07
N192_M96,192,96,new_07,new,2026082707,1759b21eb9fa1782d48e0d0c0ab97ed858d26544d38040a70c8f6694ba2ce7c6,96,0.5,0.5,pSA_specific_fixed,pSA,0.0,3,20284892,2.0,1095,53,53,1515,100,19200,0.05703125,0.53,0.53,15.15,source_project/paper_results_trip/ldpc/N192_M96/pSA/best_params.csv,representative_pSA_specific_fixed_no_code_retuning,C07
N192_M96,192,96,new_07,new,2026082707,1759b21eb9fa1782d48e0d0c0ab97ed858d26544d38040a70c8f6694ba2ce7c6,96,0.5,0.5,pSA_specific_fixed,pSA,0.0,3,20284892,2.5,528,30,30,738,100,19200,0.0275,0.3,0.3,7.38,source_project/paper_results_trip/ldpc/N192_M96/pSA/best_params.csv,representative_pSA_specific_fixed_no_code_retuning,C07
N192_M96,192,96,new_07,new,2026082707,1759b21eb9fa1782d48e0d0c0ab97ed858d26544d38040a70c8f6694ba2ce7c6,96,0.5,0.5,pSA_specific_fixed,pSA,0.0,3,20284892,3.0,222,14,14,276,100,19200,0.0115625,0.14,0.14,2.76,source_project/paper_results_trip/ldpc/N192_M96/pSA/best_params.csv,representative_pSA_specific_fixed_no_code_retuning,C07
N192_M96,192,96,new_07,new,2026082707,1759b21eb9fa1782d48e0d0c0ab97ed858d26544d38040a70c8f6694ba2ce7c6,96,0.5,0.5,pSA_specific_fixed,pSA,0.0,4,20292914,2.0,942,49,47,1276,100,19200,0.0490625,0.49,0.47,12.76,source_project/paper_results_trip/ldpc/N192_M96/pSA/best_params.csv,representative_pSA_specific_fixed_no_code_retuning,C07
N192_M96,192,96,new_07,new,2026082707,1759b21eb9fa1782d48e0d0c0ab97ed858d26544d38040a70c8f6694ba2ce7c6,96,0.5,0.5,pSA_specific_fixed,pSA,0.0,4,20292914,2.5,513,30,29,687,100,19200,0.02671875,0.3,0.29,6.87,source_project/paper_results_trip/ldpc/N192_M96/pSA/best_params.csv,representative_pSA_specific_fixed_no_code_retuning,C07
N192_M96,192,96,new_07,new,2026082707,1759b21eb9fa1782d48e0d0c0ab97ed858d26544d38040a70c8f6694ba2ce7c6,96,0.5,0.5,pSA_specific_fixed,pSA,0.0,4,20292914,3.0,164,11,11,208,100,19200,0.008541666666666666,0.11,0.11,2.08,source_project/paper_results_trip/ldpc/N192_M96/pSA/best_params.csv,representative_pSA_specific_fixed_no_code_retuning,C07
N192_M96,192,96,new_07,new,2026082707,1759b21eb9fa1782d48e0d0c0ab97ed858d26544d38040a70c8f6694ba2ce7c6,96,0.5,0.5,pSA_specific_fixed,pSA,0.0,5,20300936,2.0,972,52,52,1418,100,19200,0.050625,0.52,0.52,14.18,source_project/paper_results_trip/ldpc/N192_M96/pSA/best_params.csv,representative_pSA_specific_fixed_no_code_retuning,C07
N192_M96,192,96,new_07,new,2026082707,1759b21eb9fa1782d48e0d0c0ab97ed858d26544d38040a70c8f6694ba2ce7c6,96,0.5,0.5,pSA_specific_fixed,pSA,0.0,5,20300936,2.5,571,31,30,777,100,19200,0.029739583333333333,0.31,0.3,7.77,source_project/paper_results_trip/ldpc/N192_M96/pSA/best_params.csv,representative_pSA_specific_fixed_no_code_retuning,C07
N192_M96,192,96,new_07,new,2026082707,1759b21eb9fa1782d48e0d0c0ab97ed858d26544d38040a70c8f6694ba2ce7c6,96,0.5,0.5,pSA_specific_fixed,pSA,0.0,5,20300936,3.0,117,7,7,179,100,19200,0.00609375,0.07,0.07,1.79,source_project/paper_results_trip/ldpc/N192_M96/pSA/best_params.csv,representative_pSA_specific_fixed_no_code_retuning,C07
N192_M96,192,96,new_07,new,2026082707,1759b21eb9fa1782d48e0d0c0ab97ed858d26544d38040a70c8f6694ba2ce7c6,96,0.5,0.5,pSA_specific_fixed,pSA,0.0,6,20308958,2.0,1072,54,52,1496,100,19200,0.05583333333333333,0.54,0.52,14.96,source_project/paper_results_trip/ldpc/N192_M96/pSA/best_params.csv,representative_pSA_specific_fixed_no_code_retuning,C07
N192_M96,192,96,new_07,new,2026082707,1759b21eb9fa1782d48e0d0c0ab97ed858d26544d38040a70c8f6694ba2ce7c6,96,0.5,0.5,pSA_specific_fixed,pSA,0.0,6,20308958,2.5,447,25,25,599,100,19200,0.02328125,0.25,0.25,5.99,source_project/paper_results_trip/ldpc/N192_M96/pSA/best_params.csv,representative_pSA_specific_fixed_no_code_retuning,C07
N192_M96,192,96,new_07,new,2026082707,1759b21eb9fa1782d48e0d0c0ab97ed858d26544d38040a70c8f6694ba2ce7c6,96,0.5,0.5,pSA_specific_fixed,pSA,0.0,6,20308958,3.0,185,12,10,187,100,19200,0.009635416666666667,0.12,0.1,1.87,source_project/paper_results_trip/ldpc/N192_M96/pSA/best_params.csv,representative_pSA_specific_fixed_no_code_retuning,C07
N192_M96,192,96,new_07,new,2026082707,1759b21eb9fa1782d48e0d0c0ab97ed858d26544d38040a70c8f6694ba2ce7c6,96,0.5,0.5,pSA_specific_fixed,pSA,0.0,7,20316980,2.0,978,48,48,1400,100,19200,0.0509375,0.48,0.48,14.0,source_project/paper_results_trip/ldpc/N192_M96/pSA/best_params.csv,representative_pSA_specific_fixed_no_code_retuning,C07
N192_M96,192,96,new_07,new,2026082707,1759b21eb9fa1782d48e0d0c0ab97ed858d26544d38040a70c8f6694ba2ce7c6,96,0.5,0.5,pSA_specific_fixed,pSA,0.0,7,20316980,2.5,567,30,28,733,100,19200,0.02953125,0.3,0.28,7.33,source_project/paper_results_trip/ldpc/N192_M96/pSA/best_params.csv,representative_pSA_specific_fixed_no_code_retuning,C07
N192_M96,192,96,new_07,new,2026082707,1759b21eb9fa1782d48e0d0c0ab97ed858d26544d38040a70c8f6694ba2ce7c6,96,0.5,0.5,pSA_specific_fixed,pSA,0.0,7,20316980,3.0,141,9,9,203,100,19200,0.00734375,0.09,0.09,2.03,source_project/paper_results_trip/ldpc/N192_M96/pSA/best_params.csv,representative_pSA_specific_fixed_no_code_retuning,C07
N192_M96,192,96,new_07,new,2026082707,1759b21eb9fa1782d48e0d0c0ab97ed858d26544d38040a70c8f6694ba2ce7c6,96,0.5,0.5,pSA_specific_fixed,pSA,0.0,8,20325002,2.0,994,52,52,1398,100,19200,0.051770833333333335,0.52,0.52,13.98,source_project/paper_results_trip/ldpc/N192_M96/pSA/best_params.csv,representative_pSA_specific_fixed_no_code_retuning,C07
N192_M96,192,96,new_07,new,2026082707,1759b21eb9fa1782d48e0d0c0ab97ed858d26544d38040a70c8f6694ba2ce7c6,96,0.5,0.5,pSA_specific_fixed,pSA,0.0,8,20325002,2.5,552,29,29,740,100,19200,0.02875,0.29,0.29,7.4,source_project/paper_results_trip/ldpc/N192_M96/pSA/best_params.csv,representative_pSA_specific_fixed_no_code_retuning,C07
N192_M96,192,96,new_07,new,2026082707,1759b21eb9fa1782d48e0d0c0ab97ed858d26544d38040a70c8f6694ba2ce7c6,96,0.5,0.5,pSA_specific_fixed,pSA,0.0,8,20325002,3.0,132,9,9,182,100,19200,0.006875,0.09,0.09,1.82,source_project/paper_results_trip/ldpc/N192_M96/pSA/best_params.csv,representative_pSA_specific_fixed_no_code_retuning,C07
N192_M96,192,96,new_07,new,2026082707,1759b21eb9fa1782d48e0d0c0ab97ed858d26544d38040a70c8f6694ba2ce7c6,96,0.5,0.5,pSA_specific_fixed,pSA,0.0,9,20333024,2.0,952,52,51,1304,100,19200,0.04958333333333333,0.52,0.51,13.04,source_project/paper_results_trip/ldpc/N192_M96/pSA/best_params.csv,representative_pSA_specific_fixed_no_code_retuning,C07
N192_M96,192,96,new_07,new,2026082707,1759b21eb9fa1782d48e0d0c0ab97ed858d26544d38040a70c8f6694ba2ce7c6,96,0.5,0.5,pSA_specific_fixed,pSA,0.0,9,20333024,2.5,470,29,28,610,100,19200,0.024479166666666666,0.29,0.28,6.1,source_project/paper_results_trip/ldpc/N192_M96/pSA/best_params.csv,representative_pSA_specific_fixed_no_code_retuning,C07
N192_M96,192,96,new_07,new,2026082707,1759b21eb9fa1782d48e0d0c0ab97ed858d26544d38040a70c8f6694ba2ce7c6,96,0.5,0.5,pSA_specific_fixed,pSA,0.0,9,20333024,3.0,168,11,10,198,100,19200,0.00875,0.11,0.1,1.98,source_project/paper_results_trip/ldpc/N192_M96/pSA/best_params.csv,representative_pSA_specific_fixed_no_code_retuning,C07
N192_M96,192,96,new_08,new,2026082708,a4a46d3960db053cd1b0c23840b44bd8e7d714c5f4ed67f42cd97f630ecb7d54,96,0.5,0.5,pSA_specific_fixed,pSA,0.0,0,20260826,2.0,924,49,48,1294,100,19200,0.048125,0.49,0.48,12.94,source_project/paper_results_trip/ldpc/N192_M96/pSA/best_params.csv,representative_pSA_specific_fixed_no_code_retuning,C08
N192_M96,192,96,new_08,new,2026082708,a4a46d3960db053cd1b0c23840b44bd8e7d714c5f4ed67f42cd97f630ecb7d54,96,0.5,0.5,pSA_specific_fixed,pSA,0.0,0,20260826,2.5,573,31,31,797,100,19200,0.02984375,0.31,0.31,7.97,source_project/paper_results_trip/ldpc/N192_M96/pSA/best_params.csv,representative_pSA_specific_fixed_no_code_retuning,C08
N192_M96,192,96,new_08,new,2026082708,a4a46d3960db053cd1b0c23840b44bd8e7d714c5f4ed67f42cd97f630ecb7d54,96,0.5,0.5,pSA_specific_fixed,pSA,0.0,0,20260826,3.0,124,10,10,128,100,19200,0.006458333333333333,0.1,0.1,1.28,source_project/paper_results_trip/ldpc/N192_M96/pSA/best_params.csv,representative_pSA_specific_fixed_no_code_retuning,C08
N192_M96,192,96,new_08,new,2026082708,a4a46d3960db053cd1b0c23840b44bd8e7d714c5f4ed67f42cd97f630ecb7d54,96,0.5,0.5,pSA_specific_fixed,pSA,0.0,1,20268848,2.0,1118,57,56,1476,100,19200,0.058229166666666665,0.57,0.56,14.76,source_project/paper_results_trip/ldpc/N192_M96/pSA/best_params.csv,representative_pSA_specific_fixed_no_code_retuning,C08
N192_M96,192,96,new_08,new,2026082708,a4a46d3960db053cd1b0c23840b44bd8e7d714c5f4ed67f42cd97f630ecb7d54,96,0.5,0.5,pSA_specific_fixed,pSA,0.0,1,20268848,2.5,542,28,26,632,100,19200,0.028229166666666666,0.28,0.26,6.32,source_project/paper_results_trip/ldpc/N192_M96/pSA/best_params.csv,representative_pSA_specific_fixed_no_code_retuning,C08
N192_M96,192,96,new_08,new,2026082708,a4a46d3960db053cd1b0c23840b44bd8e7d714c5f4ed67f42cd97f630ecb7d54,96,0.5,0.5,pSA_specific_fixed,pSA,0.0,1,20268848,3.0,213,14,14,305,100,19200,0.01109375,0.14,0.14,3.05,source_project/paper_results_trip/ldpc/N192_M96/pSA/best_params.csv,representative_pSA_specific_fixed_no_code_retuning,C08
N192_M96,192,96,new_08,new,2026082708,a4a46d3960db053cd1b0c23840b44bd8e7d714c5f4ed67f42cd97f630ecb7d54,96,0.5,0.5,pSA_specific_fixed,pSA,0.0,2,20276870,2.0,971,50,50,1449,100,19200,0.05057291666666667,0.5,0.5,14.49,source_project/paper_results_trip/ldpc/N192_M96/pSA/best_params.csv,representative_pSA_specific_fixed_no_code_retuning,C08
N192_M96,192,96,new_08,new,2026082708,a4a46d3960db053cd1b0c23840b44bd8e7d714c5f4ed67f42cd97f630ecb7d54,96,0.5,0.5,pSA_specific_fixed,pSA,0.0,2,20276870,2.5,517,29,28,669,100,19200,0.026927083333333334,0.29,0.28,6.69,source_project/paper_results_trip/ldpc/N192_M96/pSA/best_params.csv,representative_pSA_specific_fixed_no_code_retuning,C08
N192_M96,192,96,new_08,new,2026082708,a4a46d3960db053cd1b0c23840b44bd8e7d714c5f4ed67f42cd97f630ecb7d54,96,0.5,0.5,pSA_specific_fixed,pSA,0.0,2,20276870,3.0,264,17,16,300,100,19200,0.01375,0.17,0.16,3.0,source_project/paper_results_trip/ldpc/N192_M96/pSA/best_params.csv,representative_pSA_specific_fixed_no_code_retuning,C08
N192_M96,192,96,new_08,new,2026082708,a4a46d3960db053cd1b0c23840b44bd8e7d714c5f4ed67f42cd97f630ecb7d54,96,0.5,0.5,pSA_specific_fixed,pSA,0.0,3,20284892,2.0,1034,52,51,1394,100,19200,0.05385416666666667,0.52,0.51,13.94,source_project/paper_results_trip/ldpc/N192_M96/pSA/best_params.csv,representative_pSA_specific_fixed_no_code_retuning,C08
N192_M96,192,96,new_08,new,2026082708,a4a46d3960db053cd1b0c23840b44bd8e7d714c5f4ed67f42cd97f630ecb7d54,96,0.5,0.5,pSA_specific_fixed,pSA,0.0,3,20284892,2.5,605,36,34,787,100,19200,0.031510416666666666,0.36,0.34,7.87,source_project/paper_results_trip/ldpc/N192_M96/pSA/best_params.csv,representative_pSA_specific_fixed_no_code_retuning,C08
N192_M96,192,96,new_08,new,2026082708,a4a46d3960db053cd1b0c23840b44bd8e7d714c5f4ed67f42cd97f630ecb7d54,96,0.5,0.5,pSA_specific_fixed,pSA,0.0,3,20284892,3.0,87,5,5,113,100,19200,0.00453125,0.05,0.05,1.13,source_project/paper_results_trip/ldpc/N192_M96/pSA/best_params.csv,representative_pSA_specific_fixed_no_code_retuning,C08
N192_M96,192,96,new_08,new,2026082708,a4a46d3960db053cd1b0c23840b44bd8e7d714c5f4ed67f42cd97f630ecb7d54,96,0.5,0.5,pSA_specific_fixed,pSA,0.0,4,20292914,2.0,1027,51,49,1387,100,19200,0.05348958333333333,0.51,0.49,13.87,source_project/paper_results_trip/ldpc/N192_M96/pSA/best_params.csv,representative_pSA_specific_fixed_no_code_retuning,C08
N192_M96,192,96,new_08,new,2026082708,a4a46d3960db053cd1b0c23840b44bd8e7d714c5f4ed67f42cd97f630ecb7d54,96,0.5,0.5,pSA_specific_fixed,pSA,0.0,4,20292914,2.5,407,23,22,497,100,19200,0.021197916666666667,0.23,0.22,4.97,source_project/paper_results_trip/ldpc/N192_M96/pSA/best_params.csv,representative_pSA_specific_fixed_no_code_retuning,C08
N192_M96,192,96,new_08,new,2026082708,a4a46d3960db053cd1b0c23840b44bd8e7d714c5f4ed67f42cd97f630ecb7d54,96,0.5,0.5,pSA_specific_fixed,pSA,0.0,4,20292914,3.0,224,13,13,268,100,19200,0.011666666666666667,0.13,0.13,2.68,source_project/paper_results_trip/ldpc/N192_M96/pSA/best_params.csv,representative_pSA_specific_fixed_no_code_retuning,C08
N192_M96,192,96,new_08,new,2026082708,a4a46d3960db053cd1b0c23840b44bd8e7d714c5f4ed67f42cd97f630ecb7d54,96,0.5,0.5,pSA_specific_fixed,pSA,0.0,5,20300936,2.0,1083,56,56,1601,100,19200,0.05640625,0.56,0.56,16.01,source_project/paper_results_trip/ldpc/N192_M96/pSA/best_params.csv,representative_pSA_specific_fixed_no_code_retuning,C08
N192_M96,192,96,new_08,new,2026082708,a4a46d3960db053cd1b0c23840b44bd8e7d714c5f4ed67f42cd97f630ecb7d54,96,0.5,0.5,pSA_specific_fixed,pSA,0.0,5,20300936,2.5,394,25,25,530,100,19200,0.020520833333333332,0.25,0.25,5.3,source_project/paper_results_trip/ldpc/N192_M96/pSA/best_params.csv,representative_pSA_specific_fixed_no_code_retuning,C08
N192_M96,192,96,new_08,new,2026082708,a4a46d3960db053cd1b0c23840b44bd8e7d714c5f4ed67f42cd97f630ecb7d54,96,0.5,0.5,pSA_specific_fixed,pSA,0.0,5,20300936,3.0,140,9,9,170,100,19200,0.007291666666666667,0.09,0.09,1.7,source_project/paper_results_trip/ldpc/N192_M96/pSA/best_params.csv,representative_pSA_specific_fixed_no_code_retuning,C08
N192_M96,192,96,new_08,new,2026082708,a4a46d3960db053cd1b0c23840b44bd8e7d714c5f4ed67f42cd97f630ecb7d54,96,0.5,0.5,pSA_specific_fixed,pSA,0.0,6,20308958,2.0,1102,58,58,1558,100,19200,0.05739583333333333,0.58,0.58,15.58,source_project/paper_results_trip/ldpc/N192_M96/pSA/best_params.csv,representative_pSA_specific_fixed_no_code_retuning,C08
N192_M96,192,96,new_08,new,2026082708,a4a46d3960db053cd1b0c23840b44bd8e7d714c5f4ed67f42cd97f630ecb7d54,96,0.5,0.5,pSA_specific_fixed,pSA,0.0,6,20308958,2.5,516,30,29,692,100,19200,0.026875,0.3,0.29,6.92,source_project/paper_results_trip/ldpc/N192_M96/pSA/best_params.csv,representative_pSA_specific_fixed_no_code_retuning,C08
N192_M96,192,96,new_08,new,2026082708,a4a46d3960db053cd1b0c23840b44bd8e7d714c5f4ed67f42cd97f630ecb7d54,96,0.5,0.5,pSA_specific_fixed,pSA,0.0,6,20308958,3.0,207,13,13,187,100,19200,0.01078125,0.13,0.13,1.87,source_project/paper_results_trip/ldpc/N192_M96/pSA/best_params.csv,representative_pSA_specific_fixed_no_code_retuning,C08
N192_M96,192,96,new_08,new,2026082708,a4a46d3960db053cd1b0c23840b44bd8e7d714c5f4ed67f42cd97f630ecb7d54,96,0.5,0.5,pSA_specific_fixed,pSA,0.0,7,20316980,2.0,1011,52,52,1513,100,19200,0.05265625,0.52,0.52,15.13,source_project/paper_results_trip/ldpc/N192_M96/pSA/best_params.csv,representative_pSA_specific_fixed_no_code_retuning,C08
N192_M96,192,96,new_08,new,2026082708,a4a46d3960db053cd1b0c23840b44bd8e7d714c5f4ed67f42cd97f630ecb7d54,96,0.5,0.5,pSA_specific_fixed,pSA,0.0,7,20316980,2.5,604,32,30,726,100,19200,0.03145833333333333,0.32,0.3,7.26,source_project/paper_results_trip/ldpc/N192_M96/pSA/best_params.csv,representative_pSA_specific_fixed_no_code_retuning,C08
N192_M96,192,96,new_08,new,2026082708,a4a46d3960db053cd1b0c23840b44bd8e7d714c5f4ed67f42cd97f630ecb7d54,96,0.5,0.5,pSA_specific_fixed,pSA,0.0,7,20316980,3.0,255,16,15,307,100,19200,0.01328125,0.16,0.15,3.07,source_project/paper_results_trip/ldpc/N192_M96/pSA/best_params.csv,representative_pSA_specific_fixed_no_code_retuning,C08
N192_M96,192,96,new_08,new,2026082708,a4a46d3960db053cd1b0c23840b44bd8e7d714c5f4ed67f42cd97f630ecb7d54,96,0.5,0.5,pSA_specific_fixed,pSA,0.0,8,20325002,2.0,1048,56,55,1480,100,19200,0.05458333333333333,0.56,0.55,14.8,source_project/paper_results_trip/ldpc/N192_M96/pSA/best_params.csv,representative_pSA_specific_fixed_no_code_retuning,C08
N192_M96,192,96,new_08,new,2026082708,a4a46d3960db053cd1b0c23840b44bd8e7d714c5f4ed67f42cd97f630ecb7d54,96,0.5,0.5,pSA_specific_fixed,pSA,0.0,8,20325002,2.5,495,27,27,653,100,19200,0.02578125,0.27,0.27,6.53,source_project/paper_results_trip/ldpc/N192_M96/pSA/best_params.csv,representative_pSA_specific_fixed_no_code_retuning,C08
N192_M96,192,96,new_08,new,2026082708,a4a46d3960db053cd1b0c23840b44bd8e7d714c5f4ed67f42cd97f630ecb7d54,96,0.5,0.5,pSA_specific_fixed,pSA,0.0,8,20325002,3.0,227,14,14,295,100,19200,0.011822916666666667,0.14,0.14,2.95,source_project/paper_results_trip/ldpc/N192_M96/pSA/best_params.csv,representative_pSA_specific_fixed_no_code_retuning,C08
N192_M96,192,96,new_08,new,2026082708,a4a46d3960db053cd1b0c23840b44bd8e7d714c5f4ed67f42cd97f630ecb7d54,96,0.5,0.5,pSA_specific_fixed,pSA,0.0,9,20333024,2.0,947,52,51,1429,100,19200,0.04932291666666667,0.52,0.51,14.29,source_project/paper_results_trip/ldpc/N192_M96/pSA/best_params.csv,representative_pSA_specific_fixed_no_code_retuning,C08
N192_M96,192,96,new_08,new,2026082708,a4a46d3960db053cd1b0c23840b44bd8e7d714c5f4ed67f42cd97f630ecb7d54,96,0.5,0.5,pSA_specific_fixed,pSA,0.0,9,20333024,2.5,527,31,31,767,100,19200,0.027447916666666666,0.31,0.31,7.67,source_project/paper_results_trip/ldpc/N192_M96/pSA/best_params.csv,representative_pSA_specific_fixed_no_code_retuning,C08
N192_M96,192,96,new_08,new,2026082708,a4a46d3960db053cd1b0c23840b44bd8e7d714c5f4ed67f42cd97f630ecb7d54,96,0.5,0.5,pSA_specific_fixed,pSA,0.0,9,20333024,3.0,287,17,17,375,100,19200,0.014947916666666667,0.17,0.17,3.75,source_project/paper_results_trip/ldpc/N192_M96/pSA/best_params.csv,representative_pSA_specific_fixed_no_code_retuning,C08
N192_M96,192,96,new_09,new,2026082709,ac816bd97c2b921526a9e4685f619835e38d4e341456d542de1acf214eaf5cbe,96,0.5,0.5,pSA_specific_fixed,pSA,0.0,0,20260826,2.0,1229,64,62,1615,100,19200,0.06401041666666667,0.64,0.62,16.15,source_project/paper_results_trip/ldpc/N192_M96/pSA/best_params.csv,representative_pSA_specific_fixed_no_code_retuning,C09
N192_M96,192,96,new_09,new,2026082709,ac816bd97c2b921526a9e4685f619835e38d4e341456d542de1acf214eaf5cbe,96,0.5,0.5,pSA_specific_fixed,pSA,0.0,0,20260826,2.5,515,29,29,691,100,19200,0.026822916666666665,0.29,0.29,6.91,source_project/paper_results_trip/ldpc/N192_M96/pSA/best_params.csv,representative_pSA_specific_fixed_no_code_retuning,C09
N192_M96,192,96,new_09,new,2026082709,ac816bd97c2b921526a9e4685f619835e38d4e341456d542de1acf214eaf5cbe,96,0.5,0.5,pSA_specific_fixed,pSA,0.0,0,20260826,3.0,141,10,10,203,100,19200,0.00734375,0.1,0.1,2.03,source_project/paper_results_trip/ldpc/N192_M96/pSA/best_params.csv,representative_pSA_specific_fixed_no_code_retuning,C09
N192_M96,192,96,new_09,new,2026082709,ac816bd97c2b921526a9e4685f619835e38d4e341456d542de1acf214eaf5cbe,96,0.5,0.5,pSA_specific_fixed,pSA,0.0,1,20268848,2.0,1296,64,63,1884,100,19200,0.0675,0.64,0.63,18.84,source_project/paper_results_trip/ldpc/N192_M96/pSA/best_params.csv,representative_pSA_specific_fixed_no_code_retuning,C09
N192_M96,192,96,new_09,new,2026082709,ac816bd97c2b921526a9e4685f619835e38d4e341456d542de1acf214eaf5cbe,96,0.5,0.5,pSA_specific_fixed,pSA,0.0,1,20268848,2.5,763,40,39,1013,100,19200,0.039739583333333335,0.4,0.39,10.13,source_project/paper_results_trip/ldpc/N192_M96/pSA/best_params.csv,representative_pSA_specific_fixed_no_code_retuning,C09
N192_M96,192,96,new_09,new,2026082709,ac816bd97c2b921526a9e4685f619835e38d4e341456d542de1acf214eaf5cbe,96,0.5,0.5,pSA_specific_fixed,pSA,0.0,1,20268848,3.0,128,9,9,154,100,19200,0.006666666666666667,0.09,0.09,1.54,source_project/paper_results_trip/ldpc/N192_M96/pSA/best_params.csv,representative_pSA_specific_fixed_no_code_retuning,C09
N192_M96,192,96,new_09,new,2026082709,ac816bd97c2b921526a9e4685f619835e38d4e341456d542de1acf214eaf5cbe,96,0.5,0.5,pSA_specific_fixed,pSA,0.0,2,20276870,2.0,999,50,48,1409,100,19200,0.05203125,0.5,0.48,14.09,source_project/paper_results_trip/ldpc/N192_M96/pSA/best_params.csv,representative_pSA_specific_fixed_no_code_retuning,C09
N192_M96,192,96,new_09,new,2026082709,ac816bd97c2b921526a9e4685f619835e38d4e341456d542de1acf214eaf5cbe,96,0.5,0.5,pSA_specific_fixed,pSA,0.0,2,20276870,2.5,514,29,28,702,100,19200,0.026770833333333334,0.29,0.28,7.02,source_project/paper_results_trip/ldpc/N192_M96/pSA/best_params.csv,representative_pSA_specific_fixed_no_code_retuning,C09
N192_M96,192,96,new_09,new,2026082709,ac816bd97c2b921526a9e4685f619835e38d4e341456d542de1acf214eaf5cbe,96,0.5,0.5,pSA_specific_fixed,pSA,0.0,2,20276870,3.0,263,15,14,307,100,19200,0.013697916666666667,0.15,0.14,3.07,source_project/paper_results_trip/ldpc/N192_M96/pSA/best_params.csv,representative_pSA_specific_fixed_no_code_retuning,C09
N192_M96,192,96,new_09,new,2026082709,ac816bd97c2b921526a9e4685f619835e38d4e341456d542de1acf214eaf5cbe,96,0.5,0.5,pSA_specific_fixed,pSA,0.0,3,20284892,2.0,980,50,49,1416,100,19200,0.051041666666666666,0.5,0.49,14.16,source_project/paper_results_trip/ldpc/N192_M96/pSA/best_params.csv,representative_pSA_specific_fixed_no_code_retuning,C09
N192_M96,192,96,new_09,new,2026082709,ac816bd97c2b921526a9e4685f619835e38d4e341456d542de1acf214eaf5cbe,96,0.5,0.5,pSA_specific_fixed,pSA,0.0,3,20284892,2.5,607,33,33,779,100,19200,0.031614583333333335,0.33,0.33,7.79,source_project/paper_results_trip/ldpc/N192_M96/pSA/best_params.csv,representative_pSA_specific_fixed_no_code_retuning,C09
N192_M96,192,96,new_09,new,2026082709,ac816bd97c2b921526a9e4685f619835e38d4e341456d542de1acf214eaf5cbe,96,0.5,0.5,pSA_specific_fixed,pSA,0.0,3,20284892,3.0,218,14,13,250,100,19200,0.011354166666666667,0.14,0.13,2.5,source_project/paper_results_trip/ldpc/N192_M96/pSA/best_params.csv,representative_pSA_specific_fixed_no_code_retuning,C09
N192_M96,192,96,new_09,new,2026082709,ac816bd97c2b921526a9e4685f619835e38d4e341456d542de1acf214eaf5cbe,96,0.5,0.5,pSA_specific_fixed,pSA,0.0,4,20292914,2.0,1028,54,54,1438,100,19200,0.05354166666666667,0.54,0.54,14.38,source_project/paper_results_trip/ldpc/N192_M96/pSA/best_params.csv,representative_pSA_specific_fixed_no_code_retuning,C09
N192_M96,192,96,new_09,new,2026082709,ac816bd97c2b921526a9e4685f619835e38d4e341456d542de1acf214eaf5cbe,96,0.5,0.5,pSA_specific_fixed,pSA,0.0,4,20292914,2.5,534,30,30,692,100,19200,0.0278125,0.3,0.3,6.92,source_project/paper_results_trip/ldpc/N192_M96/pSA/best_params.csv,representative_pSA_specific_fixed_no_code_retuning,C09
N192_M96,192,96,new_09,new,2026082709,ac816bd97c2b921526a9e4685f619835e38d4e341456d542de1acf214eaf5cbe,96,0.5,0.5,pSA_specific_fixed,pSA,0.0,4,20292914,3.0,182,12,11,210,100,19200,0.009479166666666667,0.12,0.11,2.1,source_project/paper_results_trip/ldpc/N192_M96/pSA/best_params.csv,representative_pSA_specific_fixed_no_code_retuning,C09
N192_M96,192,96,new_09,new,2026082709,ac816bd97c2b921526a9e4685f619835e38d4e341456d542de1acf214eaf5cbe,96,0.5,0.5,pSA_specific_fixed,pSA,0.0,5,20300936,2.0,1019,51,51,1487,100,19200,0.053072916666666664,0.51,0.51,14.87,source_project/paper_results_trip/ldpc/N192_M96/pSA/best_params.csv,representative_pSA_specific_fixed_no_code_retuning,C09
N192_M96,192,96,new_09,new,2026082709,ac816bd97c2b921526a9e4685f619835e38d4e341456d542de1acf214eaf5cbe,96,0.5,0.5,pSA_specific_fixed,pSA,0.0,5,20300936,2.5,430,27,26,574,100,19200,0.022395833333333334,0.27,0.26,5.74,source_project/paper_results_trip/ldpc/N192_M96/pSA/best_params.csv,representative_pSA_specific_fixed_no_code_retuning,C09
N192_M96,192,96,new_09,new,2026082709,ac816bd97c2b921526a9e4685f619835e38d4e341456d542de1acf214eaf5cbe,96,0.5,0.5,pSA_specific_fixed,pSA,0.0,5,20300936,3.0,125,9,9,157,100,19200,0.006510416666666667,0.09,0.09,1.57,source_project/paper_results_trip/ldpc/N192_M96/pSA/best_params.csv,representative_pSA_specific_fixed_no_code_retuning,C09
N192_M96,192,96,new_09,new,2026082709,ac816bd97c2b921526a9e4685f619835e38d4e341456d542de1acf214eaf5cbe,96,0.5,0.5,pSA_specific_fixed,pSA,0.0,6,20308958,2.0,1120,58,57,1576,100,19200,0.058333333333333334,0.58,0.57,15.76,source_project/paper_results_trip/ldpc/N192_M96/pSA/best_params.csv,representative_pSA_specific_fixed_no_code_retuning,C09
N192_M96,192,96,new_09,new,2026082709,ac816bd97c2b921526a9e4685f619835e38d4e341456d542de1acf214eaf5cbe,96,0.5,0.5,pSA_specific_fixed,pSA,0.0,6,20308958,2.5,396,21,21,528,100,19200,0.020625,0.21,0.21,5.28,source_project/paper_results_trip/ldpc/N192_M96/pSA/best_params.csv,representative_pSA_specific_fixed_no_code_retuning,C09
N192_M96,192,96,new_09,new,2026082709,ac816bd97c2b921526a9e4685f619835e38d4e341456d542de1acf214eaf5cbe,96,0.5,0.5,pSA_specific_fixed,pSA,0.0,6,20308958,3.0,185,11,11,289,100,19200,0.009635416666666667,0.11,0.11,2.89,source_project/paper_results_trip/ldpc/N192_M96/pSA/best_params.csv,representative_pSA_specific_fixed_no_code_retuning,C09
N192_M96,192,96,new_09,new,2026082709,ac816bd97c2b921526a9e4685f619835e38d4e341456d542de1acf214eaf5cbe,96,0.5,0.5,pSA_specific_fixed,pSA,0.0,7,20316980,2.0,1032,53,53,1450,100,19200,0.05375,0.53,0.53,14.5,source_project/paper_results_trip/ldpc/N192_M96/pSA/best_params.csv,representative_pSA_specific_fixed_no_code_retuning,C09
N192_M96,192,96,new_09,new,2026082709,ac816bd97c2b921526a9e4685f619835e38d4e341456d542de1acf214eaf5cbe,96,0.5,0.5,pSA_specific_fixed,pSA,0.0,7,20316980,2.5,662,37,36,820,100,19200,0.034479166666666665,0.37,0.36,8.2,source_project/paper_results_trip/ldpc/N192_M96/pSA/best_params.csv,representative_pSA_specific_fixed_no_code_retuning,C09
N192_M96,192,96,new_09,new,2026082709,ac816bd97c2b921526a9e4685f619835e38d4e341456d542de1acf214eaf5cbe,96,0.5,0.5,pSA_specific_fixed,pSA,0.0,7,20316980,3.0,226,13,13,294,100,19200,0.011770833333333333,0.13,0.13,2.94,source_project/paper_results_trip/ldpc/N192_M96/pSA/best_params.csv,representative_pSA_specific_fixed_no_code_retuning,C09
N192_M96,192,96,new_09,new,2026082709,ac816bd97c2b921526a9e4685f619835e38d4e341456d542de1acf214eaf5cbe,96,0.5,0.5,pSA_specific_fixed,pSA,0.0,8,20325002,2.0,1073,58,56,1437,100,19200,0.05588541666666667,0.58,0.56,14.37,source_project/paper_results_trip/ldpc/N192_M96/pSA/best_params.csv,representative_pSA_specific_fixed_no_code_retuning,C09
N192_M96,192,96,new_09,new,2026082709,ac816bd97c2b921526a9e4685f619835e38d4e341456d542de1acf214eaf5cbe,96,0.5,0.5,pSA_specific_fixed,pSA,0.0,8,20325002,2.5,491,27,26,657,100,19200,0.025572916666666667,0.27,0.26,6.57,source_project/paper_results_trip/ldpc/N192_M96/pSA/best_params.csv,representative_pSA_specific_fixed_no_code_retuning,C09
N192_M96,192,96,new_09,new,2026082709,ac816bd97c2b921526a9e4685f619835e38d4e341456d542de1acf214eaf5cbe,96,0.5,0.5,pSA_specific_fixed,pSA,0.0,8,20325002,3.0,233,13,12,287,100,19200,0.012135416666666666,0.13,0.12,2.87,source_project/paper_results_trip/ldpc/N192_M96/pSA/best_params.csv,representative_pSA_specific_fixed_no_code_retuning,C09
N192_M96,192,96,new_09,new,2026082709,ac816bd97c2b921526a9e4685f619835e38d4e341456d542de1acf214eaf5cbe,96,0.5,0.5,pSA_specific_fixed,pSA,0.0,9,20333024,2.0,919,50,50,1331,100,19200,0.047864583333333335,0.5,0.5,13.31,source_project/paper_results_trip/ldpc/N192_M96/pSA/best_params.csv,representative_pSA_specific_fixed_no_code_retuning,C09
N192_M96,192,96,new_09,new,2026082709,ac816bd97c2b921526a9e4685f619835e38d4e341456d542de1acf214eaf5cbe,96,0.5,0.5,pSA_specific_fixed,pSA,0.0,9,20333024,2.5,472,28,28,710,100,19200,0.024583333333333332,0.28,0.28,7.1,source_project/paper_results_trip/ldpc/N192_M96/pSA/best_params.csv,representative_pSA_specific_fixed_no_code_retuning,C09
N192_M96,192,96,new_09,new,2026082709,ac816bd97c2b921526a9e4685f619835e38d4e341456d542de1acf214eaf5cbe,96,0.5,0.5,pSA_specific_fixed,pSA,0.0,9,20333024,3.0,232,16,16,332,100,19200,0.012083333333333333,0.16,0.16,3.32,source_project/paper_results_trip/ldpc/N192_M96/pSA/best_params.csv,representative_pSA_specific_fixed_no_code_retuning,C09
N288_M144,288,144,existing_00,existing,0,81f01feb3a5c38d584d949886057bb3ebcbc25c418c956e9aadfe9b10cd6eb55,144,0.5,0.5,pSA_specific_fixed,pSA,0.0,0,20260826,2.0,2224,68,68,516,100,28800,0.07722222222222222,0.68,0.68,5.16,source_project/paper_results_trip/ldpc/N288_M144/pSA/best_params.csv,representative_pSA_specific_fixed_no_code_retuning,C00
N288_M144,288,144,existing_00,existing,0,81f01feb3a5c38d584d949886057bb3ebcbc25c418c956e9aadfe9b10cd6eb55,144,0.5,0.5,pSA_specific_fixed,pSA,0.0,0,20260826,2.5,990,36,36,236,100,28800,0.034375,0.36,0.36,2.36,source_project/paper_results_trip/ldpc/N288_M144/pSA/best_params.csv,representative_pSA_specific_fixed_no_code_retuning,C00
N288_M144,288,144,existing_00,existing,0,81f01feb3a5c38d584d949886057bb3ebcbc25c418c956e9aadfe9b10cd6eb55,144,0.5,0.5,pSA_specific_fixed,pSA,0.0,0,20260826,3.0,287,17,17,99,100,28800,0.009965277777777778,0.17,0.17,0.99,source_project/paper_results_trip/ldpc/N288_M144/pSA/best_params.csv,representative_pSA_specific_fixed_no_code_retuning,C00
N288_M144,288,144,existing_00,existing,0,81f01feb3a5c38d584d949886057bb3ebcbc25c418c956e9aadfe9b10cd6eb55,144,0.5,0.5,pSA_specific_fixed,pSA,0.0,1,20268848,2.0,2126,66,66,486,100,28800,0.07381944444444444,0.66,0.66,4.86,source_project/paper_results_trip/ldpc/N288_M144/pSA/best_params.csv,representative_pSA_specific_fixed_no_code_retuning,C00
N288_M144,288,144,existing_00,existing,0,81f01feb3a5c38d584d949886057bb3ebcbc25c418c956e9aadfe9b10cd6eb55,144,0.5,0.5,pSA_specific_fixed,pSA,0.0,1,20268848,2.5,912,34,34,222,100,28800,0.03166666666666667,0.34,0.34,2.22,source_project/paper_results_trip/ldpc/N288_M144/pSA/best_params.csv,representative_pSA_specific_fixed_no_code_retuning,C00
N288_M144,288,144,existing_00,existing,0,81f01feb3a5c38d584d949886057bb3ebcbc25c418c956e9aadfe9b10cd6eb55,144,0.5,0.5,pSA_specific_fixed,pSA,0.0,1,20268848,3.0,183,9,9,49,100,28800,0.006354166666666667,0.09,0.09,0.49,source_project/paper_results_trip/ldpc/N288_M144/pSA/best_params.csv,representative_pSA_specific_fixed_no_code_retuning,C00
N288_M144,288,144,existing_00,existing,0,81f01feb3a5c38d584d949886057bb3ebcbc25c418c956e9aadfe9b10cd6eb55,144,0.5,0.5,pSA_specific_fixed,pSA,0.0,2,20276870,2.0,2227,70,70,511,100,28800,0.07732638888888889,0.7,0.7,5.11,source_project/paper_results_trip/ldpc/N288_M144/pSA/best_params.csv,representative_pSA_specific_fixed_no_code_retuning,C00
N288_M144,288,144,existing_00,existing,0,81f01feb3a5c38d584d949886057bb3ebcbc25c418c956e9aadfe9b10cd6eb55,144,0.5,0.5,pSA_specific_fixed,pSA,0.0,2,20276870,2.5,1216,46,46,296,100,28800,0.042222222222222223,0.46,0.46,2.96,source_project/paper_results_trip/ldpc/N288_M144/pSA/best_params.csv,representative_pSA_specific_fixed_no_code_retuning,C00
N288_M144,288,144,existing_00,existing,0,81f01feb3a5c38d584d949886057bb3ebcbc25c418c956e9aadfe9b10cd6eb55,144,0.5,0.5,pSA_specific_fixed,pSA,0.0,2,20276870,3.0,213,14,14,73,100,28800,0.007395833333333333,0.14,0.14,0.73,source_project/paper_results_trip/ldpc/N288_M144/pSA/best_params.csv,representative_pSA_specific_fixed_no_code_retuning,C00
N288_M144,288,144,existing_00,existing,0,81f01feb3a5c38d584d949886057bb3ebcbc25c418c956e9aadfe9b10cd6eb55,144,0.5,0.5,pSA_specific_fixed,pSA,0.0,3,20284892,2.0,2376,71,71,524,100,28800,0.0825,0.71,0.71,5.24,source_project/paper_results_trip/ldpc/N288_M144/pSA/best_params.csv,representative_pSA_specific_fixed_no_code_retuning,C00
N288_M144,288,144,existing_00,existing,0,81f01feb3a5c38d584d949886057bb3ebcbc25c418c956e9aadfe9b10cd6eb55,144,0.5,0.5,pSA_specific_fixed,pSA,0.0,3,20284892,2.5,1286,44,44,292,100,28800,0.04465277777777778,0.44,0.44,2.92,source_project/paper_results_trip/ldpc/N288_M144/pSA/best_params.csv,representative_pSA_specific_fixed_no_code_retuning,C00
N288_M144,288,144,existing_00,existing,0,81f01feb3a5c38d584d949886057bb3ebcbc25c418c956e9aadfe9b10cd6eb55,144,0.5,0.5,pSA_specific_fixed,pSA,0.0,3,20284892,3.0,478,21,21,120,100,28800,0.01659722222222222,0.21,0.21,1.2,source_project/paper_results_trip/ldpc/N288_M144/pSA/best_params.csv,representative_pSA_specific_fixed_no_code_retuning,C00
N288_M144,288,144,existing_00,existing,0,81f01feb3a5c38d584d949886057bb3ebcbc25c418c956e9aadfe9b10cd6eb55,144,0.5,0.5,pSA_specific_fixed,pSA,0.0,4,20292914,2.0,2220,65,65,498,100,28800,0.07708333333333334,0.65,0.65,4.98,source_project/paper_results_trip/ldpc/N288_M144/pSA/best_params.csv,representative_pSA_specific_fixed_no_code_retuning,C00
N288_M144,288,144,existing_00,existing,0,81f01feb3a5c38d584d949886057bb3ebcbc25c418c956e9aadfe9b10cd6eb55,144,0.5,0.5,pSA_specific_fixed,pSA,0.0,4,20292914,2.5,769,32,31,199,100,28800,0.02670138888888889,0.32,0.31,1.99,source_project/paper_results_trip/ldpc/N288_M144/pSA/best_params.csv,representative_pSA_specific_fixed_no_code_retuning,C00
N288_M144,288,144,existing_00,existing,0,81f01feb3a5c38d584d949886057bb3ebcbc25c418c956e9aadfe9b10cd6eb55,144,0.5,0.5,pSA_specific_fixed,pSA,0.0,4,20292914,3.0,266,11,11,60,100,28800,0.009236111111111112,0.11,0.11,0.6,source_project/paper_results_trip/ldpc/N288_M144/pSA/best_params.csv,representative_pSA_specific_fixed_no_code_retuning,C00
N288_M144,288,144,existing_00,existing,0,81f01feb3a5c38d584d949886057bb3ebcbc25c418c956e9aadfe9b10cd6eb55,144,0.5,0.5,pSA_specific_fixed,pSA,0.0,5,20300936,2.0,2106,66,66,482,100,28800,0.073125,0.66,0.66,4.82,source_project/paper_results_trip/ldpc/N288_M144/pSA/best_params.csv,representative_pSA_specific_fixed_no_code_retuning,C00
N288_M144,288,144,existing_00,existing,0,81f01feb3a5c38d584d949886057bb3ebcbc25c418c956e9aadfe9b10cd6eb55,144,0.5,0.5,pSA_specific_fixed,pSA,0.0,5,20300936,2.5,752,34,34,198,100,28800,0.026111111111111113,0.34,0.34,1.98,source_project/paper_results_trip/ldpc/N288_M144/pSA/best_params.csv,representative_pSA_specific_fixed_no_code_retuning,C00
N288_M144,288,144,existing_00,existing,0,81f01feb3a5c38d584d949886057bb3ebcbc25c418c956e9aadfe9b10cd6eb55,144,0.5,0.5,pSA_specific_fixed,pSA,0.0,5,20300936,3.0,239,12,12,63,100,28800,0.00829861111111111,0.12,0.12,0.63,source_project/paper_results_trip/ldpc/N288_M144/pSA/best_params.csv,representative_pSA_specific_fixed_no_code_retuning,C00
N288_M144,288,144,existing_00,existing,0,81f01feb3a5c38d584d949886057bb3ebcbc25c418c956e9aadfe9b10cd6eb55,144,0.5,0.5,pSA_specific_fixed,pSA,0.0,6,20308958,2.0,2082,65,65,470,100,28800,0.07229166666666667,0.65,0.65,4.7,source_project/paper_results_trip/ldpc/N288_M144/pSA/best_params.csv,representative_pSA_specific_fixed_no_code_retuning,C00
N288_M144,288,144,existing_00,existing,0,81f01feb3a5c38d584d949886057bb3ebcbc25c418c956e9aadfe9b10cd6eb55,144,0.5,0.5,pSA_specific_fixed,pSA,0.0,6,20308958,2.5,1083,48,47,281,100,28800,0.03760416666666667,0.48,0.47,2.81,source_project/paper_results_trip/ldpc/N288_M144/pSA/best_params.csv,representative_pSA_specific_fixed_no_code_retuning,C00
N288_M144,288,144,existing_00,existing,0,81f01feb3a5c38d584d949886057bb3ebcbc25c418c956e9aadfe9b10cd6eb55,144,0.5,0.5,pSA_specific_fixed,pSA,0.0,6,20308958,3.0,286,16,16,76,100,28800,0.009930555555555555,0.16,0.16,0.76,source_project/paper_results_trip/ldpc/N288_M144/pSA/best_params.csv,representative_pSA_specific_fixed_no_code_retuning,C00
N288_M144,288,144,existing_00,existing,0,81f01feb3a5c38d584d949886057bb3ebcbc25c418c956e9aadfe9b10cd6eb55,144,0.5,0.5,pSA_specific_fixed,pSA,0.0,7,20316980,2.0,2230,73,73,566,100,28800,0.07743055555555556,0.73,0.73,5.66,source_project/paper_results_trip/ldpc/N288_M144/pSA/best_params.csv,representative_pSA_specific_fixed_no_code_retuning,C00
N288_M144,288,144,existing_00,existing,0,81f01feb3a5c38d584d949886057bb3ebcbc25c418c956e9aadfe9b10cd6eb55,144,0.5,0.5,pSA_specific_fixed,pSA,0.0,7,20316980,2.5,1095,42,42,271,100,28800,0.03802083333333333,0.42,0.42,2.71,source_project/paper_results_trip/ldpc/N288_M144/pSA/best_params.csv,representative_pSA_specific_fixed_no_code_retuning,C00
N288_M144,288,144,existing_00,existing,0,81f01feb3a5c38d584d949886057bb3ebcbc25c418c956e9aadfe9b10cd6eb55,144,0.5,0.5,pSA_specific_fixed,pSA,0.0,7,20316980,3.0,203,10,10,59,100,28800,0.007048611111111111,0.1,0.1,0.59,source_project/paper_results_trip/ldpc/N288_M144/pSA/best_params.csv,representative_pSA_specific_fixed_no_code_retuning,C00
N288_M144,288,144,existing_00,existing,0,81f01feb3a5c38d584d949886057bb3ebcbc25c418c956e9aadfe9b10cd6eb55,144,0.5,0.5,pSA_specific_fixed,pSA,0.0,8,20325002,2.0,2049,67,66,495,100,28800,0.07114583333333334,0.67,0.66,4.95,source_project/paper_results_trip/ldpc/N288_M144/pSA/best_params.csv,representative_pSA_specific_fixed_no_code_retuning,C00
N288_M144,288,144,existing_00,existing,0,81f01feb3a5c38d584d949886057bb3ebcbc25c418c956e9aadfe9b10cd6eb55,144,0.5,0.5,pSA_specific_fixed,pSA,0.0,8,20325002,2.5,1033,44,44,267,100,28800,0.035868055555555556,0.44,0.44,2.67,source_project/paper_results_trip/ldpc/N288_M144/pSA/best_params.csv,representative_pSA_specific_fixed_no_code_retuning,C00
N288_M144,288,144,existing_00,existing,0,81f01feb3a5c38d584d949886057bb3ebcbc25c418c956e9aadfe9b10cd6eb55,144,0.5,0.5,pSA_specific_fixed,pSA,0.0,8,20325002,3.0,277,15,14,85,100,28800,0.009618055555555555,0.15,0.14,0.85,source_project/paper_results_trip/ldpc/N288_M144/pSA/best_params.csv,representative_pSA_specific_fixed_no_code_retuning,C00
N288_M144,288,144,existing_00,existing,0,81f01feb3a5c38d584d949886057bb3ebcbc25c418c956e9aadfe9b10cd6eb55,144,0.5,0.5,pSA_specific_fixed,pSA,0.0,9,20333024,2.0,2419,72,72,495,100,28800,0.08399305555555556,0.72,0.72,4.95,source_project/paper_results_trip/ldpc/N288_M144/pSA/best_params.csv,representative_pSA_specific_fixed_no_code_retuning,C00
N288_M144,288,144,existing_00,existing,0,81f01feb3a5c38d584d949886057bb3ebcbc25c418c956e9aadfe9b10cd6eb55,144,0.5,0.5,pSA_specific_fixed,pSA,0.0,9,20333024,2.5,960,38,38,246,100,28800,0.03333333333333333,0.38,0.38,2.46,source_project/paper_results_trip/ldpc/N288_M144/pSA/best_params.csv,representative_pSA_specific_fixed_no_code_retuning,C00
N288_M144,288,144,existing_00,existing,0,81f01feb3a5c38d584d949886057bb3ebcbc25c418c956e9aadfe9b10cd6eb55,144,0.5,0.5,pSA_specific_fixed,pSA,0.0,9,20333024,3.0,265,13,13,69,100,28800,0.00920138888888889,0.13,0.13,0.69,source_project/paper_results_trip/ldpc/N288_M144/pSA/best_params.csv,representative_pSA_specific_fixed_no_code_retuning,C00
N288_M144,288,144,new_01,new,2026082701,842d146426a0a749ef118497e8ee33a640476573833ba283982f24766f70a165,144,0.5,0.5,pSA_specific_fixed,pSA,0.0,0,20260826,2.0,2171,69,69,523,100,28800,0.07538194444444445,0.69,0.69,5.23,source_project/paper_results_trip/ldpc/N288_M144/pSA/best_params.csv,representative_pSA_specific_fixed_no_code_retuning,C01
N288_M144,288,144,new_01,new,2026082701,842d146426a0a749ef118497e8ee33a640476573833ba283982f24766f70a165,144,0.5,0.5,pSA_specific_fixed,pSA,0.0,0,20260826,2.5,745,29,27,169,100,28800,0.025868055555555554,0.29,0.27,1.69,source_project/paper_results_trip/ldpc/N288_M144/pSA/best_params.csv,representative_pSA_specific_fixed_no_code_retuning,C01
N288_M144,288,144,new_01,new,2026082701,842d146426a0a749ef118497e8ee33a640476573833ba283982f24766f70a165,144,0.5,0.5,pSA_specific_fixed,pSA,0.0,0,20260826,3.0,211,9,9,45,100,28800,0.007326388888888889,0.09,0.09,0.45,source_project/paper_results_trip/ldpc/N288_M144/pSA/best_params.csv,representative_pSA_specific_fixed_no_code_retuning,C01
N288_M144,288,144,new_01,new,2026082701,842d146426a0a749ef118497e8ee33a640476573833ba283982f24766f70a165,144,0.5,0.5,pSA_specific_fixed,pSA,0.0,1,20268848,2.0,2262,76,75,556,100,28800,0.07854166666666666,0.76,0.75,5.56,source_project/paper_results_trip/ldpc/N288_M144/pSA/best_params.csv,representative_pSA_specific_fixed_no_code_retuning,C01
N288_M144,288,144,new_01,new,2026082701,842d146426a0a749ef118497e8ee33a640476573833ba283982f24766f70a165,144,0.5,0.5,pSA_specific_fixed,pSA,0.0,1,20268848,2.5,1226,45,45,306,100,28800,0.042569444444444444,0.45,0.45,3.06,source_project/paper_results_trip/ldpc/N288_M144/pSA/best_params.csv,representative_pSA_specific_fixed_no_code_retuning,C01
N288_M144,288,144,new_01,new,2026082701,842d146426a0a749ef118497e8ee33a640476573833ba283982f24766f70a165,144,0.5,0.5,pSA_specific_fixed,pSA,0.0,1,20268848,3.0,279,12,12,71,100,28800,0.0096875,0.12,0.12,0.71,source_project/paper_results_trip/ldpc/N288_M144/pSA/best_params.csv,representative_pSA_specific_fixed_no_code_retuning,C01
N288_M144,288,144,new_01,new,2026082701,842d146426a0a749ef118497e8ee33a640476573833ba283982f24766f70a165,144,0.5,0.5,pSA_specific_fixed,pSA,0.0,2,20276870,2.0,2128,67,67,484,100,28800,0.07388888888888889,0.67,0.67,4.84,source_project/paper_results_trip/ldpc/N288_M144/pSA/best_params.csv,representative_pSA_specific_fixed_no_code_retuning,C01
N288_M144,288,144,new_01,new,2026082701,842d146426a0a749ef118497e8ee33a640476573833ba283982f24766f70a165,144,0.5,0.5,pSA_specific_fixed,pSA,0.0,2,20276870,2.5,986,42,40,248,100,28800,0.03423611111111111,0.42,0.4,2.48,source_project/paper_results_trip/ldpc/N288_M144/pSA/best_params.csv,representative_pSA_specific_fixed_no_code_retuning,C01
N288_M144,288,144,new_01,new,2026082701,842d146426a0a749ef118497e8ee33a640476573833ba283982f24766f70a165,144,0.5,0.5,pSA_specific_fixed,pSA,0.0,2,20276870,3.0,268,12,12,70,100,28800,0.009305555555555555,0.12,0.12,0.7,source_project/paper_results_trip/ldpc/N288_M144/pSA/best_params.csv,representative_pSA_specific_fixed_no_code_retuning,C01
N288_M144,288,144,new_01,new,2026082701,842d146426a0a749ef118497e8ee33a640476573833ba283982f24766f70a165,144,0.5,0.5,pSA_specific_fixed,pSA,0.0,3,20284892,2.0,2252,68,68,528,100,28800,0.07819444444444444,0.68,0.68,5.28,source_project/paper_results_trip/ldpc/N288_M144/pSA/best_params.csv,representative_pSA_specific_fixed_no_code_retuning,C01
N288_M144,288,144,new_01,new,2026082701,842d146426a0a749ef118497e8ee33a640476573833ba283982f24766f70a165,144,0.5,0.5,pSA_specific_fixed,pSA,0.0,3,20284892,2.5,1193,44,43,279,100,28800,0.04142361111111111,0.44,0.43,2.79,source_project/paper_results_trip/ldpc/N288_M144/pSA/best_params.csv,representative_pSA_specific_fixed_no_code_retuning,C01
N288_M144,288,144,new_01,new,2026082701,842d146426a0a749ef118497e8ee33a640476573833ba283982f24766f70a165,144,0.5,0.5,pSA_specific_fixed,pSA,0.0,3,20284892,3.0,217,12,12,65,100,28800,0.007534722222222222,0.12,0.12,0.65,source_project/paper_results_trip/ldpc/N288_M144/pSA/best_params.csv,representative_pSA_specific_fixed_no_code_retuning,C01
N288_M144,288,144,new_01,new,2026082701,842d146426a0a749ef118497e8ee33a640476573833ba283982f24766f70a165,144,0.5,0.5,pSA_specific_fixed,pSA,0.0,4,20292914,2.0,2365,72,72,539,100,28800,0.08211805555555556,0.72,0.72,5.39,source_project/paper_results_trip/ldpc/N288_M144/pSA/best_params.csv,representative_pSA_specific_fixed_no_code_retuning,C01
N288_M144,288,144,new_01,new,2026082701,842d146426a0a749ef118497e8ee33a640476573833ba283982f24766f70a165,144,0.5,0.5,pSA_specific_fixed,pSA,0.0,4,20292914,2.5,1111,39,39,245,100,28800,0.03857638888888889,0.39,0.39,2.45,source_project/paper_results_trip/ldpc/N288_M144/pSA/best_params.csv,representative_pSA_specific_fixed_no_code_retuning,C01
N288_M144,288,144,new_01,new,2026082701,842d146426a0a749ef118497e8ee33a640476573833ba283982f24766f70a165,144,0.5,0.5,pSA_specific_fixed,pSA,0.0,4,20292914,3.0,175,8,8,53,100,28800,0.006076388888888889,0.08,0.08,0.53,source_project/paper_results_trip/ldpc/N288_M144/pSA/best_params.csv,representative_pSA_specific_fixed_no_code_retuning,C01
N288_M144,288,144,new_01,new,2026082701,842d146426a0a749ef118497e8ee33a640476573833ba283982f24766f70a165,144,0.5,0.5,pSA_specific_fixed,pSA,0.0,5,20300936,2.0,2150,66,66,492,100,28800,0.07465277777777778,0.66,0.66,4.92,source_project/paper_results_trip/ldpc/N288_M144/pSA/best_params.csv,representative_pSA_specific_fixed_no_code_retuning,C01
N288_M144,288,144,new_01,new,2026082701,842d146426a0a749ef118497e8ee33a640476573833ba283982f24766f70a165,144,0.5,0.5,pSA_specific_fixed,pSA,0.0,5,20300936,2.5,838,34,34,212,100,28800,0.029097222222222222,0.34,0.34,2.12,source_project/paper_results_trip/ldpc/N288_M144/pSA/best_params.csv,representative_pSA_specific_fixed_no_code_retuning,C01
N288_M144,288,144,new_01,new,2026082701,842d146426a0a749ef118497e8ee33a640476573833ba283982f24766f70a165,144,0.5,0.5,pSA_specific_fixed,pSA,0.0,5,20300936,3.0,70,5,5,22,100,28800,0.0024305555555555556,0.05,0.05,0.22,source_project/paper_results_trip/ldpc/N288_M144/pSA/best_params.csv,representative_pSA_specific_fixed_no_code_retuning,C01
N288_M144,288,144,new_01,new,2026082701,842d146426a0a749ef118497e8ee33a640476573833ba283982f24766f70a165,144,0.5,0.5,pSA_specific_fixed,pSA,0.0,6,20308958,2.0,2040,71,71,484,100,28800,0.07083333333333333,0.71,0.71,4.84,source_project/paper_results_trip/ldpc/N288_M144/pSA/best_params.csv,representative_pSA_specific_fixed_no_code_retuning,C01
N288_M144,288,144,new_01,new,2026082701,842d146426a0a749ef118497e8ee33a640476573833ba283982f24766f70a165,144,0.5,0.5,pSA_specific_fixed,pSA,0.0,6,20308958,2.5,987,40,40,253,100,28800,0.034270833333333334,0.4,0.4,2.53,source_project/paper_results_trip/ldpc/N288_M144/pSA/best_params.csv,representative_pSA_specific_fixed_no_code_retuning,C01
N288_M144,288,144,new_01,new,2026082701,842d146426a0a749ef118497e8ee33a640476573833ba283982f24766f70a165,144,0.5,0.5,pSA_specific_fixed,pSA,0.0,6,20308958,3.0,303,16,16,77,100,28800,0.010520833333333333,0.16,0.16,0.77,source_project/paper_results_trip/ldpc/N288_M144/pSA/best_params.csv,representative_pSA_specific_fixed_no_code_retuning,C01
N288_M144,288,144,new_01,new,2026082701,842d146426a0a749ef118497e8ee33a640476573833ba283982f24766f70a165,144,0.5,0.5,pSA_specific_fixed,pSA,0.0,7,20316980,2.0,2391,73,73,543,100,28800,0.08302083333333334,0.73,0.73,5.43,source_project/paper_results_trip/ldpc/N288_M144/pSA/best_params.csv,representative_pSA_specific_fixed_no_code_retuning,C01
N288_M144,288,144,new_01,new,2026082701,842d146426a0a749ef118497e8ee33a640476573833ba283982f24766f70a165,144,0.5,0.5,pSA_specific_fixed,pSA,0.0,7,20316980,2.5,1078,36,36,240,100,28800,0.03743055555555556,0.36,0.36,2.4,source_project/paper_results_trip/ldpc/N288_M144/pSA/best_params.csv,representative_pSA_specific_fixed_no_code_retuning,C01
N288_M144,288,144,new_01,new,2026082701,842d146426a0a749ef118497e8ee33a640476573833ba283982f24766f70a165,144,0.5,0.5,pSA_specific_fixed,pSA,0.0,7,20316980,3.0,149,7,7,37,100,28800,0.0051736111111111115,0.07,0.07,0.37,source_project/paper_results_trip/ldpc/N288_M144/pSA/best_params.csv,representative_pSA_specific_fixed_no_code_retuning,C01
N288_M144,288,144,new_01,new,2026082701,842d146426a0a749ef118497e8ee33a640476573833ba283982f24766f70a165,144,0.5,0.5,pSA_specific_fixed,pSA,0.0,8,20325002,2.0,2177,68,67,513,100,28800,0.07559027777777778,0.68,0.67,5.13,source_project/paper_results_trip/ldpc/N288_M144/pSA/best_params.csv,representative_pSA_specific_fixed_no_code_retuning,C01
N288_M144,288,144,new_01,new,2026082701,842d146426a0a749ef118497e8ee33a640476573833ba283982f24766f70a165,144,0.5,0.5,pSA_specific_fixed,pSA,0.0,8,20325002,2.5,1163,45,45,283,100,28800,0.04038194444444444,0.45,0.45,2.83,source_project/paper_results_trip/ldpc/N288_M144/pSA/best_params.csv,representative_pSA_specific_fixed_no_code_retuning,C01
N288_M144,288,144,new_01,new,2026082701,842d146426a0a749ef118497e8ee33a640476573833ba283982f24766f70a165,144,0.5,0.5,pSA_specific_fixed,pSA,0.0,8,20325002,3.0,321,15,14,79,100,28800,0.011145833333333334,0.15,0.14,0.79,source_project/paper_results_trip/ldpc/N288_M144/pSA/best_params.csv,representative_pSA_specific_fixed_no_code_retuning,C01
N288_M144,288,144,new_01,new,2026082701,842d146426a0a749ef118497e8ee33a640476573833ba283982f24766f70a165,144,0.5,0.5,pSA_specific_fixed,pSA,0.0,9,20333024,2.0,2555,81,81,577,100,28800,0.08871527777777778,0.81,0.81,5.77,source_project/paper_results_trip/ldpc/N288_M144/pSA/best_params.csv,representative_pSA_specific_fixed_no_code_retuning,C01
N288_M144,288,144,new_01,new,2026082701,842d146426a0a749ef118497e8ee33a640476573833ba283982f24766f70a165,144,0.5,0.5,pSA_specific_fixed,pSA,0.0,9,20333024,2.5,1003,32,32,203,100,28800,0.034826388888888886,0.32,0.32,2.03,source_project/paper_results_trip/ldpc/N288_M144/pSA/best_params.csv,representative_pSA_specific_fixed_no_code_retuning,C01
N288_M144,288,144,new_01,new,2026082701,842d146426a0a749ef118497e8ee33a640476573833ba283982f24766f70a165,144,0.5,0.5,pSA_specific_fixed,pSA,0.0,9,20333024,3.0,379,15,15,83,100,28800,0.013159722222222222,0.15,0.15,0.83,source_project/paper_results_trip/ldpc/N288_M144/pSA/best_params.csv,representative_pSA_specific_fixed_no_code_retuning,C01
N288_M144,288,144,new_02,new,2026082702,b5ae731d9748c18e1ba1efed8b6476151140a66616957e249fe7246155aebfca,144,0.5,0.5,pSA_specific_fixed,pSA,0.0,0,20260826,2.0,2081,64,64,453,100,28800,0.07225694444444444,0.64,0.64,4.53,source_project/paper_results_trip/ldpc/N288_M144/pSA/best_params.csv,representative_pSA_specific_fixed_no_code_retuning,C02
N288_M144,288,144,new_02,new,2026082702,b5ae731d9748c18e1ba1efed8b6476151140a66616957e249fe7246155aebfca,144,0.5,0.5,pSA_specific_fixed,pSA,0.0,0,20260826,2.5,994,40,40,240,100,28800,0.034513888888888886,0.4,0.4,2.4,source_project/paper_results_trip/ldpc/N288_M144/pSA/best_params.csv,representative_pSA_specific_fixed_no_code_retuning,C02
N288_M144,288,144,new_02,new,2026082702,b5ae731d9748c18e1ba1efed8b6476151140a66616957e249fe7246155aebfca,144,0.5,0.5,pSA_specific_fixed,pSA,0.0,0,20260826,3.0,303,14,14,87,100,28800,0.010520833333333333,0.14,0.14,0.87,source_project/paper_results_trip/ldpc/N288_M144/pSA/best_params.csv,representative_pSA_specific_fixed_no_code_retuning,C02
N288_M144,288,144,new_02,new,2026082702,b5ae731d9748c18e1ba1efed8b6476151140a66616957e249fe7246155aebfca,144,0.5,0.5,pSA_specific_fixed,pSA,0.0,1,20268848,2.0,1932,69,69,494,100,28800,0.06708333333333333,0.69,0.69,4.94,source_project/paper_results_trip/ldpc/N288_M144/pSA/best_params.csv,representative_pSA_specific_fixed_no_code_retuning,C02
N288_M144,288,144,new_02,new,2026082702,b5ae731d9748c18e1ba1efed8b6476151140a66616957e249fe7246155aebfca,144,0.5,0.5,pSA_specific_fixed,pSA,0.0,1,20268848,2.5,775,32,32,223,100,28800,0.026909722222222224,0.32,0.32,2.23,source_project/paper_results_trip/ldpc/N288_M144/pSA/best_params.csv,representative_pSA_specific_fixed_no_code_retuning,C02
N288_M144,288,144,new_02,new,2026082702,b5ae731d9748c18e1ba1efed8b6476151140a66616957e249fe7246155aebfca,144,0.5,0.5,pSA_specific_fixed,pSA,0.0,1,20268848,3.0,373,21,21,105,100,28800,0.012951388888888889,0.21,0.21,1.05,source_project/paper_results_trip/ldpc/N288_M144/pSA/best_params.csv,representative_pSA_specific_fixed_no_code_retuning,C02
N288_M144,288,144,new_02,new,2026082702,b5ae731d9748c18e1ba1efed8b6476151140a66616957e249fe7246155aebfca,144,0.5,0.5,pSA_specific_fixed,pSA,0.0,2,20276870,2.0,2159,75,75,525,100,28800,0.07496527777777778,0.75,0.75,5.25,source_project/paper_results_trip/ldpc/N288_M144/pSA/best_params.csv,representative_pSA_specific_fixed_no_code_retuning,C02
N288_M144,288,144,new_02,new,2026082702,b5ae731d9748c18e1ba1efed8b6476151140a66616957e249fe7246155aebfca,144,0.5,0.5,pSA_specific_fixed,pSA,0.0,2,20276870,2.5,1259,47,47,283,100,28800,0.043715277777777777,0.47,0.47,2.83,source_project/paper_results_trip/ldpc/N288_M144/pSA/best_params.csv,representative_pSA_specific_fixed_no_code_retuning,C02
N288_M144,288,144,new_02,new,2026082702,b5ae731d9748c18e1ba1efed8b6476151140a66616957e249fe7246155aebfca,144,0.5,0.5,pSA_specific_fixed,pSA,0.0,2,20276870,3.0,340,16,16,88,100,28800,0.011805555555555555,0.16,0.16,0.88,source_project/paper_results_trip/ldpc/N288_M144/pSA/best_params.csv,representative_pSA_specific_fixed_no_code_retuning,C02
N288_M144,288,144,new_02,new,2026082702,b5ae731d9748c18e1ba1efed8b6476151140a66616957e249fe7246155aebfca,144,0.5,0.5,pSA_specific_fixed,pSA,0.0,3,20284892,2.0,2040,65,65,476,100,28800,0.07083333333333333,0.65,0.65,4.76,source_project/paper_results_trip/ldpc/N288_M144/pSA/best_params.csv,representative_pSA_specific_fixed_no_code_retuning,C02
N288_M144,288,144,new_02,new,2026082702,b5ae731d9748c18e1ba1efed8b6476151140a66616957e249fe7246155aebfca,144,0.5,0.5,pSA_specific_fixed,pSA,0.0,3,20284892,2.5,1226,47,47,310,100,28800,0.042569444444444444,0.47,0.47,3.1,source_project/paper_results_trip/ldpc/N288_M144/pSA/best_params.csv,representative_pSA_specific_fixed_no_code_retuning,C02
N288_M144,288,144,new_02,new,2026082702,b5ae731d9748c18e1ba1efed8b6476151140a66616957e249fe7246155aebfca,144,0.5,0.5,pSA_specific_fixed,pSA,0.0,3,20284892,3.0,289,15,15,81,100,28800,0.010034722222222223,0.15,0.15,0.81,source_project/paper_results_trip/ldpc/N288_M144/pSA/best_params.csv,representative_pSA_specific_fixed_no_code_retuning,C02
N288_M144,288,144,new_02,new,2026082702,b5ae731d9748c18e1ba1efed8b6476151140a66616957e249fe7246155aebfca,144,0.5,0.5,pSA_specific_fixed,pSA,0.0,4,20292914,2.0,2190,70,70,514,100,28800,0.07604166666666666,0.7,0.7,5.14,source_project/paper_results_trip/ldpc/N288_M144/pSA/best_params.csv,representative_pSA_specific_fixed_no_code_retuning,C02
N288_M144,288,144,new_02,new,2026082702,b5ae731d9748c18e1ba1efed8b6476151140a66616957e249fe7246155aebfca,144,0.5,0.5,pSA_specific_fixed,pSA,0.0,4,20292914,2.5,991,42,42,251,100,28800,0.034409722222222223,0.42,0.42,2.51,source_project/paper_results_trip/ldpc/N288_M144/pSA/best_params.csv,representative_pSA_specific_fixed_no_code_retuning,C02
N288_M144,288,144,new_02,new,2026082702,b5ae731d9748c18e1ba1efed8b6476151140a66616957e249fe7246155aebfca,144,0.5,0.5,pSA_specific_fixed,pSA,0.0,4,20292914,3.0,257,14,14,71,100,28800,0.008923611111111111,0.14,0.14,0.71,source_project/paper_results_trip/ldpc/N288_M144/pSA/best_params.csv,representative_pSA_specific_fixed_no_code_retuning,C02
N288_M144,288,144,new_02,new,2026082702,b5ae731d9748c18e1ba1efed8b6476151140a66616957e249fe7246155aebfca,144,0.5,0.5,pSA_specific_fixed,pSA,0.0,5,20300936,2.0,2147,63,63,479,100,28800,0.07454861111111111,0.63,0.63,4.79,source_project/paper_results_trip/ldpc/N288_M144/pSA/best_params.csv,representative_pSA_specific_fixed_no_code_retuning,C02
N288_M144,288,144,new_02,new,2026082702,b5ae731d9748c18e1ba1efed8b6476151140a66616957e249fe7246155aebfca,144,0.5,0.5,pSA_specific_fixed,pSA,0.0,5,20300936,2.5,1034,37,37,252,100,28800,0.035902777777777777,0.37,0.37,2.52,source_project/paper_results_trip/ldpc/N288_M144/pSA/best_params.csv,representative_pSA_specific_fixed_no_code_retuning,C02
N288_M144,288,144,new_02,new,2026082702,b5ae731d9748c18e1ba1efed8b6476151140a66616957e249fe7246155aebfca,144,0.5,0.5,pSA_specific_fixed,pSA,0.0,5,20300936,3.0,185,10,10,43,100,28800,0.006423611111111111,0.1,0.1,0.43,source_project/paper_results_trip/ldpc/N288_M144/pSA/best_params.csv,representative_pSA_specific_fixed_no_code_retuning,C02
N288_M144,288,144,new_02,new,2026082702,b5ae731d9748c18e1ba1efed8b6476151140a66616957e249fe7246155aebfca,144,0.5,0.5,pSA_specific_fixed,pSA,0.0,6,20308958,2.0,2046,67,67,474,100,28800,0.07104166666666667,0.67,0.67,4.74,source_project/paper_results_trip/ldpc/N288_M144/pSA/best_params.csv,representative_pSA_specific_fixed_no_code_retuning,C02
N288_M144,288,144,new_02,new,2026082702,b5ae731d9748c18e1ba1efed8b6476151140a66616957e249fe7246155aebfca,144,0.5,0.5,pSA_specific_fixed,pSA,0.0,6,20308958,2.5,943,36,36,231,100,28800,0.03274305555555555,0.36,0.36,2.31,source_project/paper_results_trip/ldpc/N288_M144/pSA/best_params.csv,representative_pSA_specific_fixed_no_code_retuning,C02
N288_M144,288,144,new_02,new,2026082702,b5ae731d9748c18e1ba1efed8b6476151140a66616957e249fe7246155aebfca,144,0.5,0.5,pSA_specific_fixed,pSA,0.0,6,20308958,3.0,271,14,14,65,100,28800,0.009409722222222222,0.14,0.14,0.65,source_project/paper_results_trip/ldpc/N288_M144/pSA/best_params.csv,representative_pSA_specific_fixed_no_code_retuning,C02
N288_M144,288,144,new_02,new,2026082702,b5ae731d9748c18e1ba1efed8b6476151140a66616957e249fe7246155aebfca,144,0.5,0.5,pSA_specific_fixed,pSA,0.0,7,20316980,2.0,2436,75,75,550,100,28800,0.08458333333333333,0.75,0.75,5.5,source_project/paper_results_trip/ldpc/N288_M144/pSA/best_params.csv,representative_pSA_specific_fixed_no_code_retuning,C02
N288_M144,288,144,new_02,new,2026082702,b5ae731d9748c18e1ba1efed8b6476151140a66616957e249fe7246155aebfca,144,0.5,0.5,pSA_specific_fixed,pSA,0.0,7,20316980,2.5,1191,41,41,261,100,28800,0.041354166666666664,0.41,0.41,2.61,source_project/paper_results_trip/ldpc/N288_M144/pSA/best_params.csv,representative_pSA_specific_fixed_no_code_retuning,C02
N288_M144,288,144,new_02,new,2026082702,b5ae731d9748c18e1ba1efed8b6476151140a66616957e249fe7246155aebfca,144,0.5,0.5,pSA_specific_fixed,pSA,0.0,7,20316980,3.0,172,11,11,56,100,28800,0.0059722222222222225,0.11,0.11,0.56,source_project/paper_results_trip/ldpc/N288_M144/pSA/best_params.csv,representative_pSA_specific_fixed_no_code_retuning,C02
N288_M144,288,144,new_02,new,2026082702,b5ae731d9748c18e1ba1efed8b6476151140a66616957e249fe7246155aebfca,144,0.5,0.5,pSA_specific_fixed,pSA,0.0,8,20325002,2.0,2062,68,68,468,100,28800,0.07159722222222223,0.68,0.68,4.68,source_project/paper_results_trip/ldpc/N288_M144/pSA/best_params.csv,representative_pSA_specific_fixed_no_code_retuning,C02
N288_M144,288,144,new_02,new,2026082702,b5ae731d9748c18e1ba1efed8b6476151140a66616957e249fe7246155aebfca,144,0.5,0.5,pSA_specific_fixed,pSA,0.0,8,20325002,2.5,1217,49,49,297,100,28800,0.042256944444444444,0.49,0.49,2.97,source_project/paper_results_trip/ldpc/N288_M144/pSA/best_params.csv,representative_pSA_specific_fixed_no_code_retuning,C02
N288_M144,288,144,new_02,new,2026082702,b5ae731d9748c18e1ba1efed8b6476151140a66616957e249fe7246155aebfca,144,0.5,0.5,pSA_specific_fixed,pSA,0.0,8,20325002,3.0,344,18,18,90,100,28800,0.011944444444444445,0.18,0.18,0.9,source_project/paper_results_trip/ldpc/N288_M144/pSA/best_params.csv,representative_pSA_specific_fixed_no_code_retuning,C02
N288_M144,288,144,new_02,new,2026082702,b5ae731d9748c18e1ba1efed8b6476151140a66616957e249fe7246155aebfca,144,0.5,0.5,pSA_specific_fixed,pSA,0.0,9,20333024,2.0,2285,74,74,537,100,28800,0.07934027777777777,0.74,0.74,5.37,source_project/paper_results_trip/ldpc/N288_M144/pSA/best_params.csv,representative_pSA_specific_fixed_no_code_retuning,C02
N288_M144,288,144,new_02,new,2026082702,b5ae731d9748c18e1ba1efed8b6476151140a66616957e249fe7246155aebfca,144,0.5,0.5,pSA_specific_fixed,pSA,0.0,9,20333024,2.5,1086,40,40,246,100,28800,0.03770833333333334,0.4,0.4,2.46,source_project/paper_results_trip/ldpc/N288_M144/pSA/best_params.csv,representative_pSA_specific_fixed_no_code_retuning,C02
N288_M144,288,144,new_02,new,2026082702,b5ae731d9748c18e1ba1efed8b6476151140a66616957e249fe7246155aebfca,144,0.5,0.5,pSA_specific_fixed,pSA,0.0,9,20333024,3.0,448,20,20,118,100,28800,0.015555555555555555,0.2,0.2,1.18,source_project/paper_results_trip/ldpc/N288_M144/pSA/best_params.csv,representative_pSA_specific_fixed_no_code_retuning,C02
N288_M144,288,144,new_03,new,2026082703,ac53625e6c4bd5ea874b9678318bb84cd03ae4a08294027c64e84dce8f0dddb5,144,0.5,0.5,pSA_specific_fixed,pSA,0.0,0,20260826,2.0,2222,68,68,498,100,28800,0.07715277777777778,0.68,0.68,4.98,source_project/paper_results_trip/ldpc/N288_M144/pSA/best_params.csv,representative_pSA_specific_fixed_no_code_retuning,C03
N288_M144,288,144,new_03,new,2026082703,ac53625e6c4bd5ea874b9678318bb84cd03ae4a08294027c64e84dce8f0dddb5,144,0.5,0.5,pSA_specific_fixed,pSA,0.0,0,20260826,2.5,606,30,30,178,100,28800,0.021041666666666667,0.3,0.3,1.78,source_project/paper_results_trip/ldpc/N288_M144/pSA/best_params.csv,representative_pSA_specific_fixed_no_code_retuning,C03
N288_M144,288,144,new_03,new,2026082703,ac53625e6c4bd5ea874b9678318bb84cd03ae4a08294027c64e84dce8f0dddb5,144,0.5,0.5,pSA_specific_fixed,pSA,0.0,0,20260826,3.0,302,17,17,84,100,28800,0.010486111111111111,0.17,0.17,0.84,source_project/paper_results_trip/ldpc/N288_M144/pSA/best_params.csv,representative_pSA_specific_fixed_no_code_retuning,C03
N288_M144,288,144,new_03,new,2026082703,ac53625e6c4bd5ea874b9678318bb84cd03ae4a08294027c64e84dce8f0dddb5,144,0.5,0.5,pSA_specific_fixed,pSA,0.0,1,20268848,2.0,2290,74,74,536,100,28800,0.07951388888888888,0.74,0.74,5.36,source_project/paper_results_trip/ldpc/N288_M144/pSA/best_params.csv,representative_pSA_specific_fixed_no_code_retuning,C03
N288_M144,288,144,new_03,new,2026082703,ac53625e6c4bd5ea874b9678318bb84cd03ae4a08294027c64e84dce8f0dddb5,144,0.5,0.5,pSA_specific_fixed,pSA,0.0,1,20268848,2.5,1112,40,40,264,100,28800,0.03861111111111111,0.4,0.4,2.64,source_project/paper_results_trip/ldpc/N288_M144/pSA/best_params.csv,representative_pSA_specific_fixed_no_code_retuning,C03
N288_M144,288,144,new_03,new,2026082703,ac53625e6c4bd5ea874b9678318bb84cd03ae4a08294027c64e84dce8f0dddb5,144,0.5,0.5,pSA_specific_fixed,pSA,0.0,1,20268848,3.0,266,12,12,68,100,28800,0.009236111111111112,0.12,0.12,0.68,source_project/paper_results_trip/ldpc/N288_M144/pSA/best_params.csv,representative_pSA_specific_fixed_no_code_retuning,C03
N288_M144,288,144,new_03,new,2026082703,ac53625e6c4bd5ea874b9678318bb84cd03ae4a08294027c64e84dce8f0dddb5,144,0.5,0.5,pSA_specific_fixed,pSA,0.0,2,20276870,2.0,2094,71,71,514,100,28800,0.07270833333333333,0.71,0.71,5.14,source_project/paper_results_trip/ldpc/N288_M144/pSA/best_params.csv,representative_pSA_specific_fixed_no_code_retuning,C03
N288_M144,288,144,new_03,new,2026082703,ac53625e6c4bd5ea874b9678318bb84cd03ae4a08294027c64e84dce8f0dddb5,144,0.5,0.5,pSA_specific_fixed,pSA,0.0,2,20276870,2.5,1105,41,41,261,100,28800,0.03836805555555556,0.41,0.41,2.61,source_project/paper_results_trip/ldpc/N288_M144/pSA/best_params.csv,representative_pSA_specific_fixed_no_code_retuning,C03
N288_M144,288,144,new_03,new,2026082703,ac53625e6c4bd5ea874b9678318bb84cd03ae4a08294027c64e84dce8f0dddb5,144,0.5,0.5,pSA_specific_fixed,pSA,0.0,2,20276870,3.0,242,12,12,72,100,28800,0.008402777777777778,0.12,0.12,0.72,source_project/paper_results_trip/ldpc/N288_M144/pSA/best_params.csv,representative_pSA_specific_fixed_no_code_retuning,C03
N288_M144,288,144,new_03,new,2026082703,ac53625e6c4bd5ea874b9678318bb84cd03ae4a08294027c64e84dce8f0dddb5,144,0.5,0.5,pSA_specific_fixed,pSA,0.0,3,20284892,2.0,2489,75,75,549,100,28800,0.08642361111111112,0.75,0.75,5.49,source_project/paper_results_trip/ldpc/N288_M144/pSA/best_params.csv,representative_pSA_specific_fixed_no_code_retuning,C03
N288_M144,288,144,new_03,new,2026082703,ac53625e6c4bd5ea874b9678318bb84cd03ae4a08294027c64e84dce8f0dddb5,144,0.5,0.5,pSA_specific_fixed,pSA,0.0,3,20284892,2.5,1243,44,44,279,100,28800,0.043159722222222224,0.44,0.44,2.79,source_project/paper_results_trip/ldpc/N288_M144/pSA/best_params.csv,representative_pSA_specific_fixed_no_code_retuning,C03
N288_M144,288,144,new_03,new,2026082703,ac53625e6c4bd5ea874b9678318bb84cd03ae4a08294027c64e84dce8f0dddb5,144,0.5,0.5,pSA_specific_fixed,pSA,0.0,3,20284892,3.0,406,15,15,88,100,28800,0.014097222222222223,0.15,0.15,0.88,source_project/paper_results_trip/ldpc/N288_M144/pSA/best_params.csv,representative_pSA_specific_fixed_no_code_retuning,C03
N288_M144,288,144,new_03,new,2026082703,ac53625e6c4bd5ea874b9678318bb84cd03ae4a08294027c64e84dce8f0dddb5,144,0.5,0.5,pSA_specific_fixed,pSA,0.0,4,20292914,2.0,2219,79,79,563,100,28800,0.07704861111111111,0.79,0.79,5.63,source_project/paper_results_trip/ldpc/N288_M144/pSA/best_params.csv,representative_pSA_specific_fixed_no_code_retuning,C03
N288_M144,288,144,new_03,new,2026082703,ac53625e6c4bd5ea874b9678318bb84cd03ae4a08294027c64e84dce8f0dddb5,144,0.5,0.5,pSA_specific_fixed,pSA,0.0,4,20292914,2.5,891,35,35,221,100,28800,0.0309375,0.35,0.35,2.21,source_project/paper_results_trip/ldpc/N288_M144/pSA/best_params.csv,representative_pSA_specific_fixed_no_code_retuning,C03
N288_M144,288,144,new_03,new,2026082703,ac53625e6c4bd5ea874b9678318bb84cd03ae4a08294027c64e84dce8f0dddb5,144,0.5,0.5,pSA_specific_fixed,pSA,0.0,4,20292914,3.0,157,11,11,59,100,28800,0.005451388888888889,0.11,0.11,0.59,source_project/paper_results_trip/ldpc/N288_M144/pSA/best_params.csv,representative_pSA_specific_fixed_no_code_retuning,C03
N288_M144,288,144,new_03,new,2026082703,ac53625e6c4bd5ea874b9678318bb84cd03ae4a08294027c64e84dce8f0dddb5,144,0.5,0.5,pSA_specific_fixed,pSA,0.0,5,20300936,2.0,2248,72,72,506,100,28800,0.07805555555555556,0.72,0.72,5.06,source_project/paper_results_trip/ldpc/N288_M144/pSA/best_params.csv,representative_pSA_specific_fixed_no_code_retuning,C03
N288_M144,288,144,new_03,new,2026082703,ac53625e6c4bd5ea874b9678318bb84cd03ae4a08294027c64e84dce8f0dddb5,144,0.5,0.5,pSA_specific_fixed,pSA,0.0,5,20300936,2.5,965,41,41,243,100,28800,0.03350694444444444,0.41,0.41,2.43,source_project/paper_results_trip/ldpc/N288_M144/pSA/best_params.csv,representative_pSA_specific_fixed_no_code_retuning,C03
N288_M144,288,144,new_03,new,2026082703,ac53625e6c4bd5ea874b9678318bb84cd03ae4a08294027c64e84dce8f0dddb5,144,0.5,0.5,pSA_specific_fixed,pSA,0.0,5,20300936,3.0,168,11,11,40,100,28800,0.005833333333333334,0.11,0.11,0.4,source_project/paper_results_trip/ldpc/N288_M144/pSA/best_params.csv,representative_pSA_specific_fixed_no_code_retuning,C03
N288_M144,288,144,new_03,new,2026082703,ac53625e6c4bd5ea874b9678318bb84cd03ae4a08294027c64e84dce8f0dddb5,144,0.5,0.5,pSA_specific_fixed,pSA,0.0,6,20308958,2.0,2143,69,69,495,100,28800,0.07440972222222222,0.69,0.69,4.95,source_project/paper_results_trip/ldpc/N288_M144/pSA/best_params.csv,representative_pSA_specific_fixed_no_code_retuning,C03
N288_M144,288,144,new_03,new,2026082703,ac53625e6c4bd5ea874b9678318bb84cd03ae4a08294027c64e84dce8f0dddb5,144,0.5,0.5,pSA_specific_fixed,pSA,0.0,6,20308958,2.5,1285,44,44,273,100,28800,0.04461805555555556,0.44,0.44,2.73,source_project/paper_results_trip/ldpc/N288_M144/pSA/best_params.csv,representative_pSA_specific_fixed_no_code_retuning,C03
N288_M144,288,144,new_03,new,2026082703,ac53625e6c4bd5ea874b9678318bb84cd03ae4a08294027c64e84dce8f0dddb5,144,0.5,0.5,pSA_specific_fixed,pSA,0.0,6,20308958,3.0,193,12,12,61,100,28800,0.006701388888888889,0.12,0.12,0.61,source_project/paper_results_trip/ldpc/N288_M144/pSA/best_params.csv,representative_pSA_specific_fixed_no_code_retuning,C03
N288_M144,288,144,new_03,new,2026082703,ac53625e6c4bd5ea874b9678318bb84cd03ae4a08294027c64e84dce8f0dddb5,144,0.5,0.5,pSA_specific_fixed,pSA,0.0,7,20316980,2.0,2192,69,69,492,100,28800,0.07611111111111112,0.69,0.69,4.92,source_project/paper_results_trip/ldpc/N288_M144/pSA/best_params.csv,representative_pSA_specific_fixed_no_code_retuning,C03
N288_M144,288,144,new_03,new,2026082703,ac53625e6c4bd5ea874b9678318bb84cd03ae4a08294027c64e84dce8f0dddb5,144,0.5,0.5,pSA_specific_fixed,pSA,0.0,7,20316980,2.5,927,40,40,233,100,28800,0.0321875,0.4,0.4,2.33,source_project/paper_results_trip/ldpc/N288_M144/pSA/best_params.csv,representative_pSA_specific_fixed_no_code_retuning,C03
N288_M144,288,144,new_03,new,2026082703,ac53625e6c4bd5ea874b9678318bb84cd03ae4a08294027c64e84dce8f0dddb5,144,0.5,0.5,pSA_specific_fixed,pSA,0.0,7,20316980,3.0,186,12,12,64,100,28800,0.006458333333333333,0.12,0.12,0.64,source_project/paper_results_trip/ldpc/N288_M144/pSA/best_params.csv,representative_pSA_specific_fixed_no_code_retuning,C03
N288_M144,288,144,new_03,new,2026082703,ac53625e6c4bd5ea874b9678318bb84cd03ae4a08294027c64e84dce8f0dddb5,144,0.5,0.5,pSA_specific_fixed,pSA,0.0,8,20325002,2.0,2127,68,68,481,100,28800,0.07385416666666667,0.68,0.68,4.81,source_project/paper_results_trip/ldpc/N288_M144/pSA/best_params.csv,representative_pSA_specific_fixed_no_code_retuning,C03
N288_M144,288,144,new_03,new,2026082703,ac53625e6c4bd5ea874b9678318bb84cd03ae4a08294027c64e84dce8f0dddb5,144,0.5,0.5,pSA_specific_fixed,pSA,0.0,8,20325002,2.5,1270,47,47,292,100,28800,0.044097222222222225,0.47,0.47,2.92,source_project/paper_results_trip/ldpc/N288_M144/pSA/best_params.csv,representative_pSA_specific_fixed_no_code_retuning,C03
N288_M144,288,144,new_03,new,2026082703,ac53625e6c4bd5ea874b9678318bb84cd03ae4a08294027c64e84dce8f0dddb5,144,0.5,0.5,pSA_specific_fixed,pSA,0.0,8,20325002,3.0,350,14,14,86,100,28800,0.012152777777777778,0.14,0.14,0.86,source_project/paper_results_trip/ldpc/N288_M144/pSA/best_params.csv,representative_pSA_specific_fixed_no_code_retuning,C03
N288_M144,288,144,new_03,new,2026082703,ac53625e6c4bd5ea874b9678318bb84cd03ae4a08294027c64e84dce8f0dddb5,144,0.5,0.5,pSA_specific_fixed,pSA,0.0,9,20333024,2.0,2368,70,70,518,100,28800,0.08222222222222222,0.7,0.7,5.18,source_project/paper_results_trip/ldpc/N288_M144/pSA/best_params.csv,representative_pSA_specific_fixed_no_code_retuning,C03
N288_M144,288,144,new_03,new,2026082703,ac53625e6c4bd5ea874b9678318bb84cd03ae4a08294027c64e84dce8f0dddb5,144,0.5,0.5,pSA_specific_fixed,pSA,0.0,9,20333024,2.5,1075,39,39,267,100,28800,0.03732638888888889,0.39,0.39,2.67,source_project/paper_results_trip/ldpc/N288_M144/pSA/best_params.csv,representative_pSA_specific_fixed_no_code_retuning,C03
N288_M144,288,144,new_03,new,2026082703,ac53625e6c4bd5ea874b9678318bb84cd03ae4a08294027c64e84dce8f0dddb5,144,0.5,0.5,pSA_specific_fixed,pSA,0.0,9,20333024,3.0,254,11,11,60,100,28800,0.008819444444444444,0.11,0.11,0.6,source_project/paper_results_trip/ldpc/N288_M144/pSA/best_params.csv,representative_pSA_specific_fixed_no_code_retuning,C03
N288_M144,288,144,new_04,new,2026082704,9c8e14e8785a97472dbb8e9843ab81fa4c2ac5a0d5a5d4dfae37e4dc6bd50002,144,0.5,0.5,pSA_specific_fixed,pSA,0.0,0,20260826,2.0,2356,72,72,498,100,28800,0.08180555555555556,0.72,0.72,4.98,source_project/paper_results_trip/ldpc/N288_M144/pSA/best_params.csv,representative_pSA_specific_fixed_no_code_retuning,C04
N288_M144,288,144,new_04,new,2026082704,9c8e14e8785a97472dbb8e9843ab81fa4c2ac5a0d5a5d4dfae37e4dc6bd50002,144,0.5,0.5,pSA_specific_fixed,pSA,0.0,0,20260826,2.5,1010,36,36,234,100,28800,0.035069444444444445,0.36,0.36,2.34,source_project/paper_results_trip/ldpc/N288_M144/pSA/best_params.csv,representative_pSA_specific_fixed_no_code_retuning,C04
N288_M144,288,144,new_04,new,2026082704,9c8e14e8785a97472dbb8e9843ab81fa4c2ac5a0d5a5d4dfae37e4dc6bd50002,144,0.5,0.5,pSA_specific_fixed,pSA,0.0,0,20260826,3.0,228,10,10,58,100,28800,0.007916666666666667,0.1,0.1,0.58,source_project/paper_results_trip/ldpc/N288_M144/pSA/best_params.csv,representative_pSA_specific_fixed_no_code_retuning,C04
N288_M144,288,144,new_04,new,2026082704,9c8e14e8785a97472dbb8e9843ab81fa4c2ac5a0d5a5d4dfae37e4dc6bd50002,144,0.5,0.5,pSA_specific_fixed,pSA,0.0,1,20268848,2.0,2098,68,68,484,100,28800,0.07284722222222222,0.68,0.68,4.84,source_project/paper_results_trip/ldpc/N288_M144/pSA/best_params.csv,representative_pSA_specific_fixed_no_code_retuning,C04
N288_M144,288,144,new_04,new,2026082704,9c8e14e8785a97472dbb8e9843ab81fa4c2ac5a0d5a5d4dfae37e4dc6bd50002,144,0.5,0.5,pSA_specific_fixed,pSA,0.0,1,20268848,2.5,1331,47,47,309,100,28800,0.04621527777777778,0.47,0.47,3.09,source_project/paper_results_trip/ldpc/N288_M144/pSA/best_params.csv,representative_pSA_specific_fixed_no_code_retuning,C04
N288_M144,288,144,new_04,new,2026082704,9c8e14e8785a97472dbb8e9843ab81fa4c2ac5a0d5a5d4dfae37e4dc6bd50002,144,0.5,0.5,pSA_specific_fixed,pSA,0.0,1,20268848,3.0,371,17,17,89,100,28800,0.012881944444444444,0.17,0.17,0.89,source_project/paper_results_trip/ldpc/N288_M144/pSA/best_params.csv,representative_pSA_specific_fixed_no_code_retuning,C04
N288_M144,288,144,new_04,new,2026082704,9c8e14e8785a97472dbb8e9843ab81fa4c2ac5a0d5a5d4dfae37e4dc6bd50002,144,0.5,0.5,pSA_specific_fixed,pSA,0.0,2,20276870,2.0,2025,68,68,481,100,28800,0.0703125,0.68,0.68,4.81,source_project/paper_results_trip/ldpc/N288_M144/pSA/best_params.csv,representative_pSA_specific_fixed_no_code_retuning,C04
N288_M144,288,144,new_04,new,2026082704,9c8e14e8785a97472dbb8e9843ab81fa4c2ac5a0d5a5d4dfae37e4dc6bd50002,144,0.5,0.5,pSA_specific_fixed,pSA,0.0,2,20276870,2.5,1345,48,48,313,100,28800,0.04670138888888889,0.48,0.48,3.13,source_project/paper_results_trip/ldpc/N288_M144/pSA/best_params.csv,representative_pSA_specific_fixed_no_code_retuning,C04
N288_M144,288,144,new_04,new,2026082704,9c8e14e8785a97472dbb8e9843ab81fa4c2ac5a0d5a5d4dfae37e4dc6bd50002,144,0.5,0.5,pSA_specific_fixed,pSA,0.0,2,20276870,3.0,281,13,13,69,100,28800,0.009756944444444445,0.13,0.13,0.69,source_project/paper_results_trip/ldpc/N288_M144/pSA/best_params.csv,representative_pSA_specific_fixed_no_code_retuning,C04
N288_M144,288,144,new_04,new,2026082704,9c8e14e8785a97472dbb8e9843ab81fa4c2ac5a0d5a5d4dfae37e4dc6bd50002,144,0.5,0.5,pSA_specific_fixed,pSA,0.0,3,20284892,2.0,2299,73,73,521,100,28800,0.07982638888888889,0.73,0.73,5.21,source_project/paper_results_trip/ldpc/N288_M144/pSA/best_params.csv,representative_pSA_specific_fixed_no_code_retuning,C04
N288_M144,288,144,new_04,new,2026082704,9c8e14e8785a97472dbb8e9843ab81fa4c2ac5a0d5a5d4dfae37e4dc6bd50002,144,0.5,0.5,pSA_specific_fixed,pSA,0.0,3,20284892,2.5,1160,40,40,252,100,28800,0.04027777777777778,0.4,0.4,2.52,source_project/paper_results_trip/ldpc/N288_M144/pSA/best_params.csv,representative_pSA_specific_fixed_no_code_retuning,C04
N288_M144,288,144,new_04,new,2026082704,9c8e14e8785a97472dbb8e9843ab81fa4c2ac5a0d5a5d4dfae37e4dc6bd50002,144,0.5,0.5,pSA_specific_fixed,pSA,0.0,3,20284892,3.0,327,14,13,71,100,28800,0.011354166666666667,0.14,0.13,0.71,source_project/paper_results_trip/ldpc/N288_M144/pSA/best_params.csv,representative_pSA_specific_fixed_no_code_retuning,C04
N288_M144,288,144,new_04,new,2026082704,9c8e14e8785a97472dbb8e9843ab81fa4c2ac5a0d5a5d4dfae37e4dc6bd50002,144,0.5,0.5,pSA_specific_fixed,pSA,0.0,4,20292914,2.0,2457,73,73,549,100,28800,0.0853125,0.73,0.73,5.49,source_project/paper_results_trip/ldpc/N288_M144/pSA/best_params.csv,representative_pSA_specific_fixed_no_code_retuning,C04
N288_M144,288,144,new_04,new,2026082704,9c8e14e8785a97472dbb8e9843ab81fa4c2ac5a0d5a5d4dfae37e4dc6bd50002,144,0.5,0.5,pSA_specific_fixed,pSA,0.0,4,20292914,2.5,994,38,38,248,100,28800,0.034513888888888886,0.38,0.38,2.48,source_project/paper_results_trip/ldpc/N288_M144/pSA/best_params.csv,representative_pSA_specific_fixed_no_code_retuning,C04
N288_M144,288,144,new_04,new,2026082704,9c8e14e8785a97472dbb8e9843ab81fa4c2ac5a0d5a5d4dfae37e4dc6bd50002,144,0.5,0.5,pSA_specific_fixed,pSA,0.0,4,20292914,3.0,513,21,21,125,100,28800,0.0178125,0.21,0.21,1.25,source_project/paper_results_trip/ldpc/N288_M144/pSA/best_params.csv,representative_pSA_specific_fixed_no_code_retuning,C04
N288_M144,288,144,new_04,new,2026082704,9c8e14e8785a97472dbb8e9843ab81fa4c2ac5a0d5a5d4dfae37e4dc6bd50002,144,0.5,0.5,pSA_specific_fixed,pSA,0.0,5,20300936,2.0,1920,61,61,440,100,28800,0.06666666666666667,0.61,0.61,4.4,source_project/paper_results_trip/ldpc/N288_M144/pSA/best_params.csv,representative_pSA_specific_fixed_no_code_retuning,C04
N288_M144,288,144,new_04,new,2026082704,9c8e14e8785a97472dbb8e9843ab81fa4c2ac5a0d5a5d4dfae37e4dc6bd50002,144,0.5,0.5,pSA_specific_fixed,pSA,0.0,5,20300936,2.5,795,33,33,197,100,28800,0.027604166666666666,0.33,0.33,1.97,source_project/paper_results_trip/ldpc/N288_M144/pSA/best_params.csv,representative_pSA_specific_fixed_no_code_retuning,C04
N288_M144,288,144,new_04,new,2026082704,9c8e14e8785a97472dbb8e9843ab81fa4c2ac5a0d5a5d4dfae37e4dc6bd50002,144,0.5,0.5,pSA_specific_fixed,pSA,0.0,5,20300936,3.0,143,4,4,25,100,28800,0.004965277777777778,0.04,0.04,0.25,source_project/paper_results_trip/ldpc/N288_M144/pSA/best_params.csv,representative_pSA_specific_fixed_no_code_retuning,C04
N288_M144,288,144,new_04,new,2026082704,9c8e14e8785a97472dbb8e9843ab81fa4c2ac5a0d5a5d4dfae37e4dc6bd50002,144,0.5,0.5,pSA_specific_fixed,pSA,0.0,6,20308958,2.0,2160,70,70,508,100,28800,0.075,0.7,0.7,5.08,source_project/paper_results_trip/ldpc/N288_M144/pSA/best_params.csv,representative_pSA_specific_fixed_no_code_retuning,C04
N288_M144,288,144,new_04,new,2026082704,9c8e14e8785a97472dbb8e9843ab81fa4c2ac5a0d5a5d4dfae37e4dc6bd50002,144,0.5,0.5,pSA_specific_fixed,pSA,0.0,6,20308958,2.5,1046,42,42,258,100,28800,0.036319444444444446,0.42,0.42,2.58,source_project/paper_results_trip/ldpc/N288_M144/pSA/best_params.csv,representative_pSA_specific_fixed_no_code_retuning,C04
N288_M144,288,144,new_04,new,2026082704,9c8e14e8785a97472dbb8e9843ab81fa4c2ac5a0d5a5d4dfae37e4dc6bd50002,144,0.5,0.5,pSA_specific_fixed,pSA,0.0,6,20308958,3.0,305,11,11,61,100,28800,0.010590277777777778,0.11,0.11,0.61,source_project/paper_results_trip/ldpc/N288_M144/pSA/best_params.csv,representative_pSA_specific_fixed_no_code_retuning,C04
N288_M144,288,144,new_04,new,2026082704,9c8e14e8785a97472dbb8e9843ab81fa4c2ac5a0d5a5d4dfae37e4dc6bd50002,144,0.5,0.5,pSA_specific_fixed,pSA,0.0,7,20316980,2.0,2309,74,74,529,100,28800,0.08017361111111111,0.74,0.74,5.29,source_project/paper_results_trip/ldpc/N288_M144/pSA/best_params.csv,representative_pSA_specific_fixed_no_code_retuning,C04
N288_M144,288,144,new_04,new,2026082704,9c8e14e8785a97472dbb8e9843ab81fa4c2ac5a0d5a5d4dfae37e4dc6bd50002,144,0.5,0.5,pSA_specific_fixed,pSA,0.0,7,20316980,2.5,1083,36,36,245,100,28800,0.03760416666666667,0.36,0.36,2.45,source_project/paper_results_trip/ldpc/N288_M144/pSA/best_params.csv,representative_pSA_specific_fixed_no_code_retuning,C04
N288_M144,288,144,new_04,new,2026082704,9c8e14e8785a97472dbb8e9843ab81fa4c2ac5a0d5a5d4dfae37e4dc6bd50002,144,0.5,0.5,pSA_specific_fixed,pSA,0.0,7,20316980,3.0,156,10,10,48,100,28800,0.005416666666666667,0.1,0.1,0.48,source_project/paper_results_trip/ldpc/N288_M144/pSA/best_params.csv,representative_pSA_specific_fixed_no_code_retuning,C04
N288_M144,288,144,new_04,new,2026082704,9c8e14e8785a97472dbb8e9843ab81fa4c2ac5a0d5a5d4dfae37e4dc6bd50002,144,0.5,0.5,pSA_specific_fixed,pSA,0.0,8,20325002,2.0,2409,75,75,541,100,28800,0.08364583333333334,0.75,0.75,5.41,source_project/paper_results_trip/ldpc/N288_M144/pSA/best_params.csv,representative_pSA_specific_fixed_no_code_retuning,C04
N288_M144,288,144,new_04,new,2026082704,9c8e14e8785a97472dbb8e9843ab81fa4c2ac5a0d5a5d4dfae37e4dc6bd50002,144,0.5,0.5,pSA_specific_fixed,pSA,0.0,8,20325002,2.5,1256,42,42,272,100,28800,0.043611111111111114,0.42,0.42,2.72,source_project/paper_results_trip/ldpc/N288_M144/pSA/best_params.csv,representative_pSA_specific_fixed_no_code_retuning,C04
N288_M144,288,144,new_04,new,2026082704,9c8e14e8785a97472dbb8e9843ab81fa4c2ac5a0d5a5d4dfae37e4dc6bd50002,144,0.5,0.5,pSA_specific_fixed,pSA,0.0,8,20325002,3.0,222,12,12,60,100,28800,0.0077083333333333335,0.12,0.12,0.6,source_project/paper_results_trip/ldpc/N288_M144/pSA/best_params.csv,representative_pSA_specific_fixed_no_code_retuning,C04
N288_M144,288,144,new_04,new,2026082704,9c8e14e8785a97472dbb8e9843ab81fa4c2ac5a0d5a5d4dfae37e4dc6bd50002,144,0.5,0.5,pSA_specific_fixed,pSA,0.0,9,20333024,2.0,2044,64,64,460,100,28800,0.07097222222222223,0.64,0.64,4.6,source_project/paper_results_trip/ldpc/N288_M144/pSA/best_params.csv,representative_pSA_specific_fixed_no_code_retuning,C04
N288_M144,288,144,new_04,new,2026082704,9c8e14e8785a97472dbb8e9843ab81fa4c2ac5a0d5a5d4dfae37e4dc6bd50002,144,0.5,0.5,pSA_specific_fixed,pSA,0.0,9,20333024,2.5,1127,41,41,261,100,28800,0.03913194444444444,0.41,0.41,2.61,source_project/paper_results_trip/ldpc/N288_M144/pSA/best_params.csv,representative_pSA_specific_fixed_no_code_retuning,C04
N288_M144,288,144,new_04,new,2026082704,9c8e14e8785a97472dbb8e9843ab81fa4c2ac5a0d5a5d4dfae37e4dc6bd50002,144,0.5,0.5,pSA_specific_fixed,pSA,0.0,9,20333024,3.0,356,16,16,86,100,28800,0.012361111111111111,0.16,0.16,0.86,source_project/paper_results_trip/ldpc/N288_M144/pSA/best_params.csv,representative_pSA_specific_fixed_no_code_retuning,C04
N288_M144,288,144,new_05,new,2026082706,47b1752e23e1c6a13b31a5cc83dfe43b7210c11e1a139dc8fb7ae5d43a612c81,144,0.5,0.5,pSA_specific_fixed,pSA,0.0,0,20260826,2.0,2317,75,75,563,100,28800,0.08045138888888889,0.75,0.75,5.63,source_project/paper_results_trip/ldpc/N288_M144/pSA/best_params.csv,representative_pSA_specific_fixed_no_code_retuning,C05
N288_M144,288,144,new_05,new,2026082706,47b1752e23e1c6a13b31a5cc83dfe43b7210c11e1a139dc8fb7ae5d43a612c81,144,0.5,0.5,pSA_specific_fixed,pSA,0.0,0,20260826,2.5,733,24,24,165,100,28800,0.025451388888888888,0.24,0.24,1.65,source_project/paper_results_trip/ldpc/N288_M144/pSA/best_params.csv,representative_pSA_specific_fixed_no_code_retuning,C05
N288_M144,288,144,new_05,new,2026082706,47b1752e23e1c6a13b31a5cc83dfe43b7210c11e1a139dc8fb7ae5d43a612c81,144,0.5,0.5,pSA_specific_fixed,pSA,0.0,0,20260826,3.0,278,15,15,80,100,28800,0.009652777777777777,0.15,0.15,0.8,source_project/paper_results_trip/ldpc/N288_M144/pSA/best_params.csv,representative_pSA_specific_fixed_no_code_retuning,C05
N288_M144,288,144,new_05,new,2026082706,47b1752e23e1c6a13b31a5cc83dfe43b7210c11e1a139dc8fb7ae5d43a612c81,144,0.5,0.5,pSA_specific_fixed,pSA,0.0,1,20268848,2.0,2295,72,72,509,100,28800,0.0796875,0.72,0.72,5.09,source_project/paper_results_trip/ldpc/N288_M144/pSA/best_params.csv,representative_pSA_specific_fixed_no_code_retuning,C05
N288_M144,288,144,new_05,new,2026082706,47b1752e23e1c6a13b31a5cc83dfe43b7210c11e1a139dc8fb7ae5d43a612c81,144,0.5,0.5,pSA_specific_fixed,pSA,0.0,1,20268848,2.5,1137,46,46,293,100,28800,0.03947916666666667,0.46,0.46,2.93,source_project/paper_results_trip/ldpc/N288_M144/pSA/best_params.csv,representative_pSA_specific_fixed_no_code_retuning,C05
N288_M144,288,144,new_05,new,2026082706,47b1752e23e1c6a13b31a5cc83dfe43b7210c11e1a139dc8fb7ae5d43a612c81,144,0.5,0.5,pSA_specific_fixed,pSA,0.0,1,20268848,3.0,222,10,10,54,100,28800,0.0077083333333333335,0.1,0.1,0.54,source_project/paper_results_trip/ldpc/N288_M144/pSA/best_params.csv,representative_pSA_specific_fixed_no_code_retuning,C05
N288_M144,288,144,new_05,new,2026082706,47b1752e23e1c6a13b31a5cc83dfe43b7210c11e1a139dc8fb7ae5d43a612c81,144,0.5,0.5,pSA_specific_fixed,pSA,0.0,2,20276870,2.0,2202,66,66,478,100,28800,0.07645833333333334,0.66,0.66,4.78,source_project/paper_results_trip/ldpc/N288_M144/pSA/best_params.csv,representative_pSA_specific_fixed_no_code_retuning,C05
N288_M144,288,144,new_05,new,2026082706,47b1752e23e1c6a13b31a5cc83dfe43b7210c11e1a139dc8fb7ae5d43a612c81,144,0.5,0.5,pSA_specific_fixed,pSA,0.0,2,20276870,2.5,1281,49,49,299,100,28800,0.04447916666666667,0.49,0.49,2.99,source_project/paper_results_trip/ldpc/N288_M144/pSA/best_params.csv,representative_pSA_specific_fixed_no_code_retuning,C05
N288_M144,288,144,new_05,new,2026082706,47b1752e23e1c6a13b31a5cc83dfe43b7210c11e1a139dc8fb7ae5d43a612c81,144,0.5,0.5,pSA_specific_fixed,pSA,0.0,2,20276870,3.0,257,13,13,59,100,28800,0.008923611111111111,0.13,0.13,0.59,source_project/paper_results_trip/ldpc/N288_M144/pSA/best_params.csv,representative_pSA_specific_fixed_no_code_retuning,C05
N288_M144,288,144,new_05,new,2026082706,47b1752e23e1c6a13b31a5cc83dfe43b7210c11e1a139dc8fb7ae5d43a612c81,144,0.5,0.5,pSA_specific_fixed,pSA,0.0,3,20284892,2.0,2324,71,71,504,100,28800,0.08069444444444444,0.71,0.71,5.04,source_project/paper_results_trip/ldpc/N288_M144/pSA/best_params.csv,representative_pSA_specific_fixed_no_code_retuning,C05
N288_M144,288,144,new_05,new,2026082706,47b1752e23e1c6a13b31a5cc83dfe43b7210c11e1a139dc8fb7ae5d43a612c81,144,0.5,0.5,pSA_specific_fixed,pSA,0.0,3,20284892,2.5,1240,41,41,278,100,28800,0.043055555555555555,0.41,0.41,2.78,source_project/paper_results_trip/ldpc/N288_M144/pSA/best_params.csv,representative_pSA_specific_fixed_no_code_retuning,C05
N288_M144,288,144,new_05,new,2026082706,47b1752e23e1c6a13b31a5cc83dfe43b7210c11e1a139dc8fb7ae5d43a612c81,144,0.5,0.5,pSA_specific_fixed,pSA,0.0,3,20284892,3.0,316,14,13,78,100,28800,0.010972222222222222,0.14,0.13,0.78,source_project/paper_results_trip/ldpc/N288_M144/pSA/best_params.csv,representative_pSA_specific_fixed_no_code_retuning,C05
N288_M144,288,144,new_05,new,2026082706,47b1752e23e1c6a13b31a5cc83dfe43b7210c11e1a139dc8fb7ae5d43a612c81,144,0.5,0.5,pSA_specific_fixed,pSA,0.0,4,20292914,2.0,2183,71,71,513,100,28800,0.07579861111111111,0.71,0.71,5.13,source_project/paper_results_trip/ldpc/N288_M144/pSA/best_params.csv,representative_pSA_specific_fixed_no_code_retuning,C05
N288_M144,288,144,new_05,new,2026082706,47b1752e23e1c6a13b31a5cc83dfe43b7210c11e1a139dc8fb7ae5d43a612c81,144,0.5,0.5,pSA_specific_fixed,pSA,0.0,4,20292914,2.5,914,36,36,222,100,28800,0.03173611111111111,0.36,0.36,2.22,source_project/paper_results_trip/ldpc/N288_M144/pSA/best_params.csv,representative_pSA_specific_fixed_no_code_retuning,C05
N288_M144,288,144,new_05,new,2026082706,47b1752e23e1c6a13b31a5cc83dfe43b7210c11e1a139dc8fb7ae5d43a612c81,144,0.5,0.5,pSA_specific_fixed,pSA,0.0,4,20292914,3.0,309,15,15,85,100,28800,0.010729166666666666,0.15,0.15,0.85,source_project/paper_results_trip/ldpc/N288_M144/pSA/best_params.csv,representative_pSA_specific_fixed_no_code_retuning,C05
N288_M144,288,144,new_05,new,2026082706,47b1752e23e1c6a13b31a5cc83dfe43b7210c11e1a139dc8fb7ae5d43a612c81,144,0.5,0.5,pSA_specific_fixed,pSA,0.0,5,20300936,2.0,2019,71,71,511,100,28800,0.07010416666666666,0.71,0.71,5.11,source_project/paper_results_trip/ldpc/N288_M144/pSA/best_params.csv,representative_pSA_specific_fixed_no_code_retuning,C05
N288_M144,288,144,new_05,new,2026082706,47b1752e23e1c6a13b31a5cc83dfe43b7210c11e1a139dc8fb7ae5d43a612c81,144,0.5,0.5,pSA_specific_fixed,pSA,0.0,5,20300936,2.5,837,32,32,203,100,28800,0.0290625,0.32,0.32,2.03,source_project/paper_results_trip/ldpc/N288_M144/pSA/best_params.csv,representative_pSA_specific_fixed_no_code_retuning,C05
N288_M144,288,144,new_05,new,2026082706,47b1752e23e1c6a13b31a5cc83dfe43b7210c11e1a139dc8fb7ae5d43a612c81,144,0.5,0.5,pSA_specific_fixed,pSA,0.0,5,20300936,3.0,186,10,10,56,100,28800,0.006458333333333333,0.1,0.1,0.56,source_project/paper_results_trip/ldpc/N288_M144/pSA/best_params.csv,representative_pSA_specific_fixed_no_code_retuning,C05
N288_M144,288,144,new_05,new,2026082706,47b1752e23e1c6a13b31a5cc83dfe43b7210c11e1a139dc8fb7ae5d43a612c81,144,0.5,0.5,pSA_specific_fixed,pSA,0.0,6,20308958,2.0,2213,69,69,475,100,28800,0.07684027777777777,0.69,0.69,4.75,source_project/paper_results_trip/ldpc/N288_M144/pSA/best_params.csv,representative_pSA_specific_fixed_no_code_retuning,C05
N288_M144,288,144,new_05,new,2026082706,47b1752e23e1c6a13b31a5cc83dfe43b7210c11e1a139dc8fb7ae5d43a612c81,144,0.5,0.5,pSA_specific_fixed,pSA,0.0,6,20308958,2.5,1072,41,41,266,100,28800,0.03722222222222222,0.41,0.41,2.66,source_project/paper_results_trip/ldpc/N288_M144/pSA/best_params.csv,representative_pSA_specific_fixed_no_code_retuning,C05
N288_M144,288,144,new_05,new,2026082706,47b1752e23e1c6a13b31a5cc83dfe43b7210c11e1a139dc8fb7ae5d43a612c81,144,0.5,0.5,pSA_specific_fixed,pSA,0.0,6,20308958,3.0,266,13,13,74,100,28800,0.009236111111111112,0.13,0.13,0.74,source_project/paper_results_trip/ldpc/N288_M144/pSA/best_params.csv,representative_pSA_specific_fixed_no_code_retuning,C05
N288_M144,288,144,new_05,new,2026082706,47b1752e23e1c6a13b31a5cc83dfe43b7210c11e1a139dc8fb7ae5d43a612c81,144,0.5,0.5,pSA_specific_fixed,pSA,0.0,7,20316980,2.0,2388,71,71,532,100,28800,0.08291666666666667,0.71,0.71,5.32,source_project/paper_results_trip/ldpc/N288_M144/pSA/best_params.csv,representative_pSA_specific_fixed_no_code_retuning,C05
N288_M144,288,144,new_05,new,2026082706,47b1752e23e1c6a13b31a5cc83dfe43b7210c11e1a139dc8fb7ae5d43a612c81,144,0.5,0.5,pSA_specific_fixed,pSA,0.0,7,20316980,2.5,1016,41,41,252,100,28800,0.035277777777777776,0.41,0.41,2.52,source_project/paper_results_trip/ldpc/N288_M144/pSA/best_params.csv,representative_pSA_specific_fixed_no_code_retuning,C05
N288_M144,288,144,new_05,new,2026082706,47b1752e23e1c6a13b31a5cc83dfe43b7210c11e1a139dc8fb7ae5d43a612c81,144,0.5,0.5,pSA_specific_fixed,pSA,0.0,7,20316980,3.0,361,15,15,85,100,28800,0.012534722222222221,0.15,0.15,0.85,source_project/paper_results_trip/ldpc/N288_M144/pSA/best_params.csv,representative_pSA_specific_fixed_no_code_retuning,C05
N288_M144,288,144,new_05,new,2026082706,47b1752e23e1c6a13b31a5cc83dfe43b7210c11e1a139dc8fb7ae5d43a612c81,144,0.5,0.5,pSA_specific_fixed,pSA,0.0,8,20325002,2.0,2089,65,65,461,100,28800,0.07253472222222222,0.65,0.65,4.61,source_project/paper_results_trip/ldpc/N288_M144/pSA/best_params.csv,representative_pSA_specific_fixed_no_code_retuning,C05
N288_M144,288,144,new_05,new,2026082706,47b1752e23e1c6a13b31a5cc83dfe43b7210c11e1a139dc8fb7ae5d43a612c81,144,0.5,0.5,pSA_specific_fixed,pSA,0.0,8,20325002,2.5,1092,46,46,262,100,28800,0.03791666666666667,0.46,0.46,2.62,source_project/paper_results_trip/ldpc/N288_M144/pSA/best_params.csv,representative_pSA_specific_fixed_no_code_retuning,C05
N288_M144,288,144,new_05,new,2026082706,47b1752e23e1c6a13b31a5cc83dfe43b7210c11e1a139dc8fb7ae5d43a612c81,144,0.5,0.5,pSA_specific_fixed,pSA,0.0,8,20325002,3.0,231,10,10,63,100,28800,0.008020833333333333,0.1,0.1,0.63,source_project/paper_results_trip/ldpc/N288_M144/pSA/best_params.csv,representative_pSA_specific_fixed_no_code_retuning,C05
N288_M144,288,144,new_05,new,2026082706,47b1752e23e1c6a13b31a5cc83dfe43b7210c11e1a139dc8fb7ae5d43a612c81,144,0.5,0.5,pSA_specific_fixed,pSA,0.0,9,20333024,2.0,2278,74,74,528,100,28800,0.07909722222222222,0.74,0.74,5.28,source_project/paper_results_trip/ldpc/N288_M144/pSA/best_params.csv,representative_pSA_specific_fixed_no_code_retuning,C05
N288_M144,288,144,new_05,new,2026082706,47b1752e23e1c6a13b31a5cc83dfe43b7210c11e1a139dc8fb7ae5d43a612c81,144,0.5,0.5,pSA_specific_fixed,pSA,0.0,9,20333024,2.5,1120,43,43,258,100,28800,0.03888888888888889,0.43,0.43,2.58,source_project/paper_results_trip/ldpc/N288_M144/pSA/best_params.csv,representative_pSA_specific_fixed_no_code_retuning,C05
N288_M144,288,144,new_05,new,2026082706,47b1752e23e1c6a13b31a5cc83dfe43b7210c11e1a139dc8fb7ae5d43a612c81,144,0.5,0.5,pSA_specific_fixed,pSA,0.0,9,20333024,3.0,355,15,15,77,100,28800,0.012326388888888888,0.15,0.15,0.77,source_project/paper_results_trip/ldpc/N288_M144/pSA/best_params.csv,representative_pSA_specific_fixed_no_code_retuning,C05
N288_M144,288,144,new_06,new,2026082707,2bb97494e49d7e3ee018b8078765710ce355fcd80b477b4d5b9695307cbe57e6,144,0.5,0.5,pSA_specific_fixed,pSA,0.0,0,20260826,2.0,2286,67,67,508,100,28800,0.079375,0.67,0.67,5.08,source_project/paper_results_trip/ldpc/N288_M144/pSA/best_params.csv,representative_pSA_specific_fixed_no_code_retuning,C06
N288_M144,288,144,new_06,new,2026082707,2bb97494e49d7e3ee018b8078765710ce355fcd80b477b4d5b9695307cbe57e6,144,0.5,0.5,pSA_specific_fixed,pSA,0.0,0,20260826,2.5,1232,41,41,258,100,28800,0.042777777777777776,0.41,0.41,2.58,source_project/paper_results_trip/ldpc/N288_M144/pSA/best_params.csv,representative_pSA_specific_fixed_no_code_retuning,C06
N288_M144,288,144,new_06,new,2026082707,2bb97494e49d7e3ee018b8078765710ce355fcd80b477b4d5b9695307cbe57e6,144,0.5,0.5,pSA_specific_fixed,pSA,0.0,0,20260826,3.0,172,8,8,42,100,28800,0.0059722222222222225,0.08,0.08,0.42,source_project/paper_results_trip/ldpc/N288_M144/pSA/best_params.csv,representative_pSA_specific_fixed_no_code_retuning,C06
N288_M144,288,144,new_06,new,2026082707,2bb97494e49d7e3ee018b8078765710ce355fcd80b477b4d5b9695307cbe57e6,144,0.5,0.5,pSA_specific_fixed,pSA,0.0,1,20268848,2.0,2324,74,74,550,100,28800,0.08069444444444444,0.74,0.74,5.5,source_project/paper_results_trip/ldpc/N288_M144/pSA/best_params.csv,representative_pSA_specific_fixed_no_code_retuning,C06
N288_M144,288,144,new_06,new,2026082707,2bb97494e49d7e3ee018b8078765710ce355fcd80b477b4d5b9695307cbe57e6,144,0.5,0.5,pSA_specific_fixed,pSA,0.0,1,20268848,2.5,1048,41,41,256,100,28800,0.03638888888888889,0.41,0.41,2.56,source_project/paper_results_trip/ldpc/N288_M144/pSA/best_params.csv,representative_pSA_specific_fixed_no_code_retuning,C06
N288_M144,288,144,new_06,new,2026082707,2bb97494e49d7e3ee018b8078765710ce355fcd80b477b4d5b9695307cbe57e6,144,0.5,0.5,pSA_specific_fixed,pSA,0.0,1,20268848,3.0,130,6,6,32,100,28800,0.0045138888888888885,0.06,0.06,0.32,source_project/paper_results_trip/ldpc/N288_M144/pSA/best_params.csv,representative_pSA_specific_fixed_no_code_retuning,C06
N288_M144,288,144,new_06,new,2026082707,2bb97494e49d7e3ee018b8078765710ce355fcd80b477b4d5b9695307cbe57e6,144,0.5,0.5,pSA_specific_fixed,pSA,0.0,2,20276870,2.0,1965,70,70,509,100,28800,0.06822916666666666,0.7,0.7,5.09,source_project/paper_results_trip/ldpc/N288_M144/pSA/best_params.csv,representative_pSA_specific_fixed_no_code_retuning,C06
N288_M144,288,144,new_06,new,2026082707,2bb97494e49d7e3ee018b8078765710ce355fcd80b477b4d5b9695307cbe57e6,144,0.5,0.5,pSA_specific_fixed,pSA,0.0,2,20276870,2.5,1292,44,44,306,100,28800,0.04486111111111111,0.44,0.44,3.06,source_project/paper_results_trip/ldpc/N288_M144/pSA/best_params.csv,representative_pSA_specific_fixed_no_code_retuning,C06
N288_M144,288,144,new_06,new,2026082707,2bb97494e49d7e3ee018b8078765710ce355fcd80b477b4d5b9695307cbe57e6,144,0.5,0.5,pSA_specific_fixed,pSA,0.0,2,20276870,3.0,219,11,11,65,100,28800,0.007604166666666667,0.11,0.11,0.65,source_project/paper_results_trip/ldpc/N288_M144/pSA/best_params.csv,representative_pSA_specific_fixed_no_code_retuning,C06
N288_M144,288,144,new_06,new,2026082707,2bb97494e49d7e3ee018b8078765710ce355fcd80b477b4d5b9695307cbe57e6,144,0.5,0.5,pSA_specific_fixed,pSA,0.0,3,20284892,2.0,2205,69,69,483,100,28800,0.0765625,0.69,0.69,4.83,source_project/paper_results_trip/ldpc/N288_M144/pSA/best_params.csv,representative_pSA_specific_fixed_no_code_retuning,C06
N288_M144,288,144,new_06,new,2026082707,2bb97494e49d7e3ee018b8078765710ce355fcd80b477b4d5b9695307cbe57e6,144,0.5,0.5,pSA_specific_fixed,pSA,0.0,3,20284892,2.5,982,40,40,246,100,28800,0.03409722222222222,0.4,0.4,2.46,source_project/paper_results_trip/ldpc/N288_M144/pSA/best_params.csv,representative_pSA_specific_fixed_no_code_retuning,C06
N288_M144,288,144,new_06,new,2026082707,2bb97494e49d7e3ee018b8078765710ce355fcd80b477b4d5b9695307cbe57e6,144,0.5,0.5,pSA_specific_fixed,pSA,0.0,3,20284892,3.0,433,22,22,103,100,28800,0.015034722222222222,0.22,0.22,1.03,source_project/paper_results_trip/ldpc/N288_M144/pSA/best_params.csv,representative_pSA_specific_fixed_no_code_retuning,C06
N288_M144,288,144,new_06,new,2026082707,2bb97494e49d7e3ee018b8078765710ce355fcd80b477b4d5b9695307cbe57e6,144,0.5,0.5,pSA_specific_fixed,pSA,0.0,4,20292914,2.0,2455,76,76,569,100,28800,0.08524305555555556,0.76,0.76,5.69,source_project/paper_results_trip/ldpc/N288_M144/pSA/best_params.csv,representative_pSA_specific_fixed_no_code_retuning,C06
N288_M144,288,144,new_06,new,2026082707,2bb97494e49d7e3ee018b8078765710ce355fcd80b477b4d5b9695307cbe57e6,144,0.5,0.5,pSA_specific_fixed,pSA,0.0,4,20292914,2.5,863,35,35,217,100,28800,0.029965277777777778,0.35,0.35,2.17,source_project/paper_results_trip/ldpc/N288_M144/pSA/best_params.csv,representative_pSA_specific_fixed_no_code_retuning,C06
N288_M144,288,144,new_06,new,2026082707,2bb97494e49d7e3ee018b8078765710ce355fcd80b477b4d5b9695307cbe57e6,144,0.5,0.5,pSA_specific_fixed,pSA,0.0,4,20292914,3.0,336,14,14,76,100,28800,0.011666666666666667,0.14,0.14,0.76,source_project/paper_results_trip/ldpc/N288_M144/pSA/best_params.csv,representative_pSA_specific_fixed_no_code_retuning,C06
N288_M144,288,144,new_06,new,2026082707,2bb97494e49d7e3ee018b8078765710ce355fcd80b477b4d5b9695307cbe57e6,144,0.5,0.5,pSA_specific_fixed,pSA,0.0,5,20300936,2.0,2106,64,64,474,100,28800,0.073125,0.64,0.64,4.74,source_project/paper_results_trip/ldpc/N288_M144/pSA/best_params.csv,representative_pSA_specific_fixed_no_code_retuning,C06
N288_M144,288,144,new_06,new,2026082707,2bb97494e49d7e3ee018b8078765710ce355fcd80b477b4d5b9695307cbe57e6,144,0.5,0.5,pSA_specific_fixed,pSA,0.0,5,20300936,2.5,920,35,35,220,100,28800,0.03194444444444444,0.35,0.35,2.2,source_project/paper_results_trip/ldpc/N288_M144/pSA/best_params.csv,representative_pSA_specific_fixed_no_code_retuning,C06
N288_M144,288,144,new_06,new,2026082707,2bb97494e49d7e3ee018b8078765710ce355fcd80b477b4d5b9695307cbe57e6,144,0.5,0.5,pSA_specific_fixed,pSA,0.0,5,20300936,3.0,256,9,9,48,100,28800,0.008888888888888889,0.09,0.09,0.48,source_project/paper_results_trip/ldpc/N288_M144/pSA/best_params.csv,representative_pSA_specific_fixed_no_code_retuning,C06
N288_M144,288,144,new_06,new,2026082707,2bb97494e49d7e3ee018b8078765710ce355fcd80b477b4d5b9695307cbe57e6,144,0.5,0.5,pSA_specific_fixed,pSA,0.0,6,20308958,2.0,2171,69,69,511,100,28800,0.07538194444444445,0.69,0.69,5.11,source_project/paper_results_trip/ldpc/N288_M144/pSA/best_params.csv,representative_pSA_specific_fixed_no_code_retuning,C06
N288_M144,288,144,new_06,new,2026082707,2bb97494e49d7e3ee018b8078765710ce355fcd80b477b4d5b9695307cbe57e6,144,0.5,0.5,pSA_specific_fixed,pSA,0.0,6,20308958,2.5,949,34,34,235,100,28800,0.03295138888888889,0.34,0.34,2.35,source_project/paper_results_trip/ldpc/N288_M144/pSA/best_params.csv,representative_pSA_specific_fixed_no_code_retuning,C06
N288_M144,288,144,new_06,new,2026082707,2bb97494e49d7e3ee018b8078765710ce355fcd80b477b4d5b9695307cbe57e6,144,0.5,0.5,pSA_specific_fixed,pSA,0.0,6,20308958,3.0,279,18,18,89,100,28800,0.0096875,0.18,0.18,0.89,source_project/paper_results_trip/ldpc/N288_M144/pSA/best_params.csv,representative_pSA_specific_fixed_no_code_retuning,C06
N288_M144,288,144,new_06,new,2026082707,2bb97494e49d7e3ee018b8078765710ce355fcd80b477b4d5b9695307cbe57e6,144,0.5,0.5,pSA_specific_fixed,pSA,0.0,7,20316980,2.0,2385,78,78,551,100,28800,0.0828125,0.78,0.78,5.51,source_project/paper_results_trip/ldpc/N288_M144/pSA/best_params.csv,representative_pSA_specific_fixed_no_code_retuning,C06
N288_M144,288,144,new_06,new,2026082707,2bb97494e49d7e3ee018b8078765710ce355fcd80b477b4d5b9695307cbe57e6,144,0.5,0.5,pSA_specific_fixed,pSA,0.0,7,20316980,2.5,1327,53,53,323,100,28800,0.04607638888888889,0.53,0.53,3.23,source_project/paper_results_trip/ldpc/N288_M144/pSA/best_params.csv,representative_pSA_specific_fixed_no_code_retuning,C06
N288_M144,288,144,new_06,new,2026082707,2bb97494e49d7e3ee018b8078765710ce355fcd80b477b4d5b9695307cbe57e6,144,0.5,0.5,pSA_specific_fixed,pSA,0.0,7,20316980,3.0,275,15,15,67,100,28800,0.009548611111111112,0.15,0.15,0.67,source_project/paper_results_trip/ldpc/N288_M144/pSA/best_params.csv,representative_pSA_specific_fixed_no_code_retuning,C06
N288_M144,288,144,new_06,new,2026082707,2bb97494e49d7e3ee018b8078765710ce355fcd80b477b4d5b9695307cbe57e6,144,0.5,0.5,pSA_specific_fixed,pSA,0.0,8,20325002,2.0,1859,63,63,477,100,28800,0.06454861111111111,0.63,0.63,4.77,source_project/paper_results_trip/ldpc/N288_M144/pSA/best_params.csv,representative_pSA_specific_fixed_no_code_retuning,C06
N288_M144,288,144,new_06,new,2026082707,2bb97494e49d7e3ee018b8078765710ce355fcd80b477b4d5b9695307cbe57e6,144,0.5,0.5,pSA_specific_fixed,pSA,0.0,8,20325002,2.5,1167,49,49,303,100,28800,0.04052083333333333,0.49,0.49,3.03,source_project/paper_results_trip/ldpc/N288_M144/pSA/best_params.csv,representative_pSA_specific_fixed_no_code_retuning,C06
N288_M144,288,144,new_06,new,2026082707,2bb97494e49d7e3ee018b8078765710ce355fcd80b477b4d5b9695307cbe57e6,144,0.5,0.5,pSA_specific_fixed,pSA,0.0,8,20325002,3.0,289,12,12,71,100,28800,0.010034722222222223,0.12,0.12,0.71,source_project/paper_results_trip/ldpc/N288_M144/pSA/best_params.csv,representative_pSA_specific_fixed_no_code_retuning,C06
N288_M144,288,144,new_06,new,2026082707,2bb97494e49d7e3ee018b8078765710ce355fcd80b477b4d5b9695307cbe57e6,144,0.5,0.5,pSA_specific_fixed,pSA,0.0,9,20333024,2.0,2296,67,66,482,100,28800,0.07972222222222222,0.67,0.66,4.82,source_project/paper_results_trip/ldpc/N288_M144/pSA/best_params.csv,representative_pSA_specific_fixed_no_code_retuning,C06
N288_M144,288,144,new_06,new,2026082707,2bb97494e49d7e3ee018b8078765710ce355fcd80b477b4d5b9695307cbe57e6,144,0.5,0.5,pSA_specific_fixed,pSA,0.0,9,20333024,2.5,860,40,40,220,100,28800,0.029861111111111113,0.4,0.4,2.2,source_project/paper_results_trip/ldpc/N288_M144/pSA/best_params.csv,representative_pSA_specific_fixed_no_code_retuning,C06
N288_M144,288,144,new_06,new,2026082707,2bb97494e49d7e3ee018b8078765710ce355fcd80b477b4d5b9695307cbe57e6,144,0.5,0.5,pSA_specific_fixed,pSA,0.0,9,20333024,3.0,315,15,15,85,100,28800,0.0109375,0.15,0.15,0.85,source_project/paper_results_trip/ldpc/N288_M144/pSA/best_params.csv,representative_pSA_specific_fixed_no_code_retuning,C06
N288_M144,288,144,new_07,new,2026082708,5fe81abd734edb48c9f3ef715c853cb3005fe0a54fed855c80e7e3eb857c8446,144,0.5,0.5,pSA_specific_fixed,pSA,0.0,0,20260826,2.0,2215,71,71,505,100,28800,0.07690972222222223,0.71,0.71,5.05,source_project/paper_results_trip/ldpc/N288_M144/pSA/best_params.csv,representative_pSA_specific_fixed_no_code_retuning,C07
N288_M144,288,144,new_07,new,2026082708,5fe81abd734edb48c9f3ef715c853cb3005fe0a54fed855c80e7e3eb857c8446,144,0.5,0.5,pSA_specific_fixed,pSA,0.0,0,20260826,2.5,848,33,33,198,100,28800,0.029444444444444443,0.33,0.33,1.98,source_project/paper_results_trip/ldpc/N288_M144/pSA/best_params.csv,representative_pSA_specific_fixed_no_code_retuning,C07
N288_M144,288,144,new_07,new,2026082708,5fe81abd734edb48c9f3ef715c853cb3005fe0a54fed855c80e7e3eb857c8446,144,0.5,0.5,pSA_specific_fixed,pSA,0.0,0,20260826,3.0,218,12,12,56,100,28800,0.007569444444444445,0.12,0.12,0.56,source_project/paper_results_trip/ldpc/N288_M144/pSA/best_params.csv,representative_pSA_specific_fixed_no_code_retuning,C07
N288_M144,288,144,new_07,new,2026082708,5fe81abd734edb48c9f3ef715c853cb3005fe0a54fed855c80e7e3eb857c8446,144,0.5,0.5,pSA_specific_fixed,pSA,0.0,1,20268848,2.0,2241,72,72,527,100,28800,0.0778125,0.72,0.72,5.27,source_project/paper_results_trip/ldpc/N288_M144/pSA/best_params.csv,representative_pSA_specific_fixed_no_code_retuning,C07
N288_M144,288,144,new_07,new,2026082708,5fe81abd734edb48c9f3ef715c853cb3005fe0a54fed855c80e7e3eb857c8446,144,0.5,0.5,pSA_specific_fixed,pSA,0.0,1,20268848,2.5,1156,40,40,262,100,28800,0.04013888888888889,0.4,0.4,2.62,source_project/paper_results_trip/ldpc/N288_M144/pSA/best_params.csv,representative_pSA_specific_fixed_no_code_retuning,C07
N288_M144,288,144,new_07,new,2026082708,5fe81abd734edb48c9f3ef715c853cb3005fe0a54fed855c80e7e3eb857c8446,144,0.5,0.5,pSA_specific_fixed,pSA,0.0,1,20268848,3.0,213,12,12,55,100,28800,0.007395833333333333,0.12,0.12,0.55,source_project/paper_results_trip/ldpc/N288_M144/pSA/best_params.csv,representative_pSA_specific_fixed_no_code_retuning,C07
N288_M144,288,144,new_07,new,2026082708,5fe81abd734edb48c9f3ef715c853cb3005fe0a54fed855c80e7e3eb857c8446,144,0.5,0.5,pSA_specific_fixed,pSA,0.0,2,20276870,2.0,2132,70,70,520,100,28800,0.07402777777777778,0.7,0.7,5.2,source_project/paper_results_trip/ldpc/N288_M144/pSA/best_params.csv,representative_pSA_specific_fixed_no_code_retuning,C07
N288_M144,288,144,new_07,new,2026082708,5fe81abd734edb48c9f3ef715c853cb3005fe0a54fed855c80e7e3eb857c8446,144,0.5,0.5,pSA_specific_fixed,pSA,0.0,2,20276870,2.5,1247,44,44,299,100,28800,0.043298611111111114,0.44,0.44,2.99,source_project/paper_results_trip/ldpc/N288_M144/pSA/best_params.csv,representative_pSA_specific_fixed_no_code_retuning,C07
N288_M144,288,144,new_07,new,2026082708,5fe81abd734edb48c9f3ef715c853cb3005fe0a54fed855c80e7e3eb857c8446,144,0.5,0.5,pSA_specific_fixed,pSA,0.0,2,20276870,3.0,322,14,14,82,100,28800,0.011180555555555555,0.14,0.14,0.82,source_project/paper_results_trip/ldpc/N288_M144/pSA/best_params.csv,representative_pSA_specific_fixed_no_code_retuning,C07
N288_M144,288,144,new_07,new,2026082708,5fe81abd734edb48c9f3ef715c853cb3005fe0a54fed855c80e7e3eb857c8446,144,0.5,0.5,pSA_specific_fixed,pSA,0.0,3,20284892,2.0,2186,67,67,504,100,28800,0.07590277777777778,0.67,0.67,5.04,source_project/paper_results_trip/ldpc/N288_M144/pSA/best_params.csv,representative_pSA_specific_fixed_no_code_retuning,C07
N288_M144,288,144,new_07,new,2026082708,5fe81abd734edb48c9f3ef715c853cb3005fe0a54fed855c80e7e3eb857c8446,144,0.5,0.5,pSA_specific_fixed,pSA,0.0,3,20284892,2.5,1301,46,46,315,100,28800,0.04517361111111111,0.46,0.46,3.15,source_project/paper_results_trip/ldpc/N288_M144/pSA/best_params.csv,representative_pSA_specific_fixed_no_code_retuning,C07
N288_M144,288,144,new_07,new,2026082708,5fe81abd734edb48c9f3ef715c853cb3005fe0a54fed855c80e7e3eb857c8446,144,0.5,0.5,pSA_specific_fixed,pSA,0.0,3,20284892,3.0,322,16,16,84,100,28800,0.011180555555555555,0.16,0.16,0.84,source_project/paper_results_trip/ldpc/N288_M144/pSA/best_params.csv,representative_pSA_specific_fixed_no_code_retuning,C07
N288_M144,288,144,new_07,new,2026082708,5fe81abd734edb48c9f3ef715c853cb3005fe0a54fed855c80e7e3eb857c8446,144,0.5,0.5,pSA_specific_fixed,pSA,0.0,4,20292914,2.0,2396,72,72,528,100,28800,0.08319444444444445,0.72,0.72,5.28,source_project/paper_results_trip/ldpc/N288_M144/pSA/best_params.csv,representative_pSA_specific_fixed_no_code_retuning,C07
N288_M144,288,144,new_07,new,2026082708,5fe81abd734edb48c9f3ef715c853cb3005fe0a54fed855c80e7e3eb857c8446,144,0.5,0.5,pSA_specific_fixed,pSA,0.0,4,20292914,2.5,1005,38,38,223,100,28800,0.034895833333333334,0.38,0.38,2.23,source_project/paper_results_trip/ldpc/N288_M144/pSA/best_params.csv,representative_pSA_specific_fixed_no_code_retuning,C07
N288_M144,288,144,new_07,new,2026082708,5fe81abd734edb48c9f3ef715c853cb3005fe0a54fed855c80e7e3eb857c8446,144,0.5,0.5,pSA_specific_fixed,pSA,0.0,4,20292914,3.0,285,12,12,69,100,28800,0.009895833333333333,0.12,0.12,0.69,source_project/paper_results_trip/ldpc/N288_M144/pSA/best_params.csv,representative_pSA_specific_fixed_no_code_retuning,C07
N288_M144,288,144,new_07,new,2026082708,5fe81abd734edb48c9f3ef715c853cb3005fe0a54fed855c80e7e3eb857c8446,144,0.5,0.5,pSA_specific_fixed,pSA,0.0,5,20300936,2.0,2110,68,68,494,100,28800,0.07326388888888889,0.68,0.68,4.94,source_project/paper_results_trip/ldpc/N288_M144/pSA/best_params.csv,representative_pSA_specific_fixed_no_code_retuning,C07
N288_M144,288,144,new_07,new,2026082708,5fe81abd734edb48c9f3ef715c853cb3005fe0a54fed855c80e7e3eb857c8446,144,0.5,0.5,pSA_specific_fixed,pSA,0.0,5,20300936,2.5,707,28,28,169,100,28800,0.02454861111111111,0.28,0.28,1.69,source_project/paper_results_trip/ldpc/N288_M144/pSA/best_params.csv,representative_pSA_specific_fixed_no_code_retuning,C07
N288_M144,288,144,new_07,new,2026082708,5fe81abd734edb48c9f3ef715c853cb3005fe0a54fed855c80e7e3eb857c8446,144,0.5,0.5,pSA_specific_fixed,pSA,0.0,5,20300936,3.0,205,11,11,51,100,28800,0.007118055555555555,0.11,0.11,0.51,source_project/paper_results_trip/ldpc/N288_M144/pSA/best_params.csv,representative_pSA_specific_fixed_no_code_retuning,C07
N288_M144,288,144,new_07,new,2026082708,5fe81abd734edb48c9f3ef715c853cb3005fe0a54fed855c80e7e3eb857c8446,144,0.5,0.5,pSA_specific_fixed,pSA,0.0,6,20308958,2.0,1599,55,55,377,100,28800,0.05552083333333333,0.55,0.55,3.77,source_project/paper_results_trip/ldpc/N288_M144/pSA/best_params.csv,representative_pSA_specific_fixed_no_code_retuning,C07
N288_M144,288,144,new_07,new,2026082708,5fe81abd734edb48c9f3ef715c853cb3005fe0a54fed855c80e7e3eb857c8446,144,0.5,0.5,pSA_specific_fixed,pSA,0.0,6,20308958,2.5,1108,40,40,258,100,28800,0.03847222222222222,0.4,0.4,2.58,source_project/paper_results_trip/ldpc/N288_M144/pSA/best_params.csv,representative_pSA_specific_fixed_no_code_retuning,C07
N288_M144,288,144,new_07,new,2026082708,5fe81abd734edb48c9f3ef715c853cb3005fe0a54fed855c80e7e3eb857c8446,144,0.5,0.5,pSA_specific_fixed,pSA,0.0,6,20308958,3.0,305,18,18,109,100,28800,0.010590277777777778,0.18,0.18,1.09,source_project/paper_results_trip/ldpc/N288_M144/pSA/best_params.csv,representative_pSA_specific_fixed_no_code_retuning,C07
N288_M144,288,144,new_07,new,2026082708,5fe81abd734edb48c9f3ef715c853cb3005fe0a54fed855c80e7e3eb857c8446,144,0.5,0.5,pSA_specific_fixed,pSA,0.0,7,20316980,2.0,2166,72,72,504,100,28800,0.07520833333333334,0.72,0.72,5.04,source_project/paper_results_trip/ldpc/N288_M144/pSA/best_params.csv,representative_pSA_specific_fixed_no_code_retuning,C07
N288_M144,288,144,new_07,new,2026082708,5fe81abd734edb48c9f3ef715c853cb3005fe0a54fed855c80e7e3eb857c8446,144,0.5,0.5,pSA_specific_fixed,pSA,0.0,7,20316980,2.5,1128,46,46,284,100,28800,0.03916666666666667,0.46,0.46,2.84,source_project/paper_results_trip/ldpc/N288_M144/pSA/best_params.csv,representative_pSA_specific_fixed_no_code_retuning,C07
N288_M144,288,144,new_07,new,2026082708,5fe81abd734edb48c9f3ef715c853cb3005fe0a54fed855c80e7e3eb857c8446,144,0.5,0.5,pSA_specific_fixed,pSA,0.0,7,20316980,3.0,193,10,10,51,100,28800,0.006701388888888889,0.1,0.1,0.51,source_project/paper_results_trip/ldpc/N288_M144/pSA/best_params.csv,representative_pSA_specific_fixed_no_code_retuning,C07
N288_M144,288,144,new_07,new,2026082708,5fe81abd734edb48c9f3ef715c853cb3005fe0a54fed855c80e7e3eb857c8446,144,0.5,0.5,pSA_specific_fixed,pSA,0.0,8,20325002,2.0,2180,63,63,478,100,28800,0.07569444444444444,0.63,0.63,4.78,source_project/paper_results_trip/ldpc/N288_M144/pSA/best_params.csv,representative_pSA_specific_fixed_no_code_retuning,C07
N288_M144,288,144,new_07,new,2026082708,5fe81abd734edb48c9f3ef715c853cb3005fe0a54fed855c80e7e3eb857c8446,144,0.5,0.5,pSA_specific_fixed,pSA,0.0,8,20325002,2.5,1274,42,42,272,100,28800,0.04423611111111111,0.42,0.42,2.72,source_project/paper_results_trip/ldpc/N288_M144/pSA/best_params.csv,representative_pSA_specific_fixed_no_code_retuning,C07
N288_M144,288,144,new_07,new,2026082708,5fe81abd734edb48c9f3ef715c853cb3005fe0a54fed855c80e7e3eb857c8446,144,0.5,0.5,pSA_specific_fixed,pSA,0.0,8,20325002,3.0,381,14,14,81,100,28800,0.013229166666666667,0.14,0.14,0.81,source_project/paper_results_trip/ldpc/N288_M144/pSA/best_params.csv,representative_pSA_specific_fixed_no_code_retuning,C07
N288_M144,288,144,new_07,new,2026082708,5fe81abd734edb48c9f3ef715c853cb3005fe0a54fed855c80e7e3eb857c8446,144,0.5,0.5,pSA_specific_fixed,pSA,0.0,9,20333024,2.0,2225,70,70,511,100,28800,0.07725694444444445,0.7,0.7,5.11,source_project/paper_results_trip/ldpc/N288_M144/pSA/best_params.csv,representative_pSA_specific_fixed_no_code_retuning,C07
N288_M144,288,144,new_07,new,2026082708,5fe81abd734edb48c9f3ef715c853cb3005fe0a54fed855c80e7e3eb857c8446,144,0.5,0.5,pSA_specific_fixed,pSA,0.0,9,20333024,2.5,927,35,35,209,100,28800,0.0321875,0.35,0.35,2.09,source_project/paper_results_trip/ldpc/N288_M144/pSA/best_params.csv,representative_pSA_specific_fixed_no_code_retuning,C07
N288_M144,288,144,new_07,new,2026082708,5fe81abd734edb48c9f3ef715c853cb3005fe0a54fed855c80e7e3eb857c8446,144,0.5,0.5,pSA_specific_fixed,pSA,0.0,9,20333024,3.0,262,15,15,74,100,28800,0.009097222222222222,0.15,0.15,0.74,source_project/paper_results_trip/ldpc/N288_M144/pSA/best_params.csv,representative_pSA_specific_fixed_no_code_retuning,C07
N288_M144,288,144,new_08,new,2026082709,aca0729c16451352db770405411e31105dacf1adb759963a40c1138ba18e40a2,144,0.5,0.5,pSA_specific_fixed,pSA,0.0,0,20260826,2.0,2116,70,70,508,100,28800,0.07347222222222222,0.7,0.7,5.08,source_project/paper_results_trip/ldpc/N288_M144/pSA/best_params.csv,representative_pSA_specific_fixed_no_code_retuning,C08
N288_M144,288,144,new_08,new,2026082709,aca0729c16451352db770405411e31105dacf1adb759963a40c1138ba18e40a2,144,0.5,0.5,pSA_specific_fixed,pSA,0.0,0,20260826,2.5,761,33,33,173,100,28800,0.02642361111111111,0.33,0.33,1.73,source_project/paper_results_trip/ldpc/N288_M144/pSA/best_params.csv,representative_pSA_specific_fixed_no_code_retuning,C08
N288_M144,288,144,new_08,new,2026082709,aca0729c16451352db770405411e31105dacf1adb759963a40c1138ba18e40a2,144,0.5,0.5,pSA_specific_fixed,pSA,0.0,0,20260826,3.0,276,14,14,70,100,28800,0.009583333333333333,0.14,0.14,0.7,source_project/paper_results_trip/ldpc/N288_M144/pSA/best_params.csv,representative_pSA_specific_fixed_no_code_retuning,C08
N288_M144,288,144,new_08,new,2026082709,aca0729c16451352db770405411e31105dacf1adb759963a40c1138ba18e40a2,144,0.5,0.5,pSA_specific_fixed,pSA,0.0,1,20268848,2.0,1837,66,66,455,100,28800,0.06378472222222223,0.66,0.66,4.55,source_project/paper_results_trip/ldpc/N288_M144/pSA/best_params.csv,representative_pSA_specific_fixed_no_code_retuning,C08
N288_M144,288,144,new_08,new,2026082709,aca0729c16451352db770405411e31105dacf1adb759963a40c1138ba18e40a2,144,0.5,0.5,pSA_specific_fixed,pSA,0.0,1,20268848,2.5,1120,44,44,288,100,28800,0.03888888888888889,0.44,0.44,2.88,source_project/paper_results_trip/ldpc/N288_M144/pSA/best_params.csv,representative_pSA_specific_fixed_no_code_retuning,C08
N288_M144,288,144,new_08,new,2026082709,aca0729c16451352db770405411e31105dacf1adb759963a40c1138ba18e40a2,144,0.5,0.5,pSA_specific_fixed,pSA,0.0,1,20268848,3.0,420,18,18,100,100,28800,0.014583333333333334,0.18,0.18,1.0,source_project/paper_results_trip/ldpc/N288_M144/pSA/best_params.csv,representative_pSA_specific_fixed_no_code_retuning,C08
N288_M144,288,144,new_08,new,2026082709,aca0729c16451352db770405411e31105dacf1adb759963a40c1138ba18e40a2,144,0.5,0.5,pSA_specific_fixed,pSA,0.0,2,20276870,2.0,1935,63,63,469,100,28800,0.0671875,0.63,0.63,4.69,source_project/paper_results_trip/ldpc/N288_M144/pSA/best_params.csv,representative_pSA_specific_fixed_no_code_retuning,C08
N288_M144,288,144,new_08,new,2026082709,aca0729c16451352db770405411e31105dacf1adb759963a40c1138ba18e40a2,144,0.5,0.5,pSA_specific_fixed,pSA,0.0,2,20276870,2.5,1171,47,47,305,100,28800,0.04065972222222222,0.47,0.47,3.05,source_project/paper_results_trip/ldpc/N288_M144/pSA/best_params.csv,representative_pSA_specific_fixed_no_code_retuning,C08
N288_M144,288,144,new_08,new,2026082709,aca0729c16451352db770405411e31105dacf1adb759963a40c1138ba18e40a2,144,0.5,0.5,pSA_specific_fixed,pSA,0.0,2,20276870,3.0,314,14,14,78,100,28800,0.010902777777777779,0.14,0.14,0.78,source_project/paper_results_trip/ldpc/N288_M144/pSA/best_params.csv,representative_pSA_specific_fixed_no_code_retuning,C08
N288_M144,288,144,new_08,new,2026082709,aca0729c16451352db770405411e31105dacf1adb759963a40c1138ba18e40a2,144,0.5,0.5,pSA_specific_fixed,pSA,0.0,3,20284892,2.0,2274,68,68,482,100,28800,0.07895833333333334,0.68,0.68,4.82,source_project/paper_results_trip/ldpc/N288_M144/pSA/best_params.csv,representative_pSA_specific_fixed_no_code_retuning,C08
N288_M144,288,144,new_08,new,2026082709,aca0729c16451352db770405411e31105dacf1adb759963a40c1138ba18e40a2,144,0.5,0.5,pSA_specific_fixed,pSA,0.0,3,20284892,2.5,1158,43,43,280,100,28800,0.04020833333333333,0.43,0.43,2.8,source_project/paper_results_trip/ldpc/N288_M144/pSA/best_params.csv,representative_pSA_specific_fixed_no_code_retuning,C08
N288_M144,288,144,new_08,new,2026082709,aca0729c16451352db770405411e31105dacf1adb759963a40c1138ba18e40a2,144,0.5,0.5,pSA_specific_fixed,pSA,0.0,3,20284892,3.0,272,12,12,70,100,28800,0.009444444444444445,0.12,0.12,0.7,source_project/paper_results_trip/ldpc/N288_M144/pSA/best_params.csv,representative_pSA_specific_fixed_no_code_retuning,C08
N288_M144,288,144,new_08,new,2026082709,aca0729c16451352db770405411e31105dacf1adb759963a40c1138ba18e40a2,144,0.5,0.5,pSA_specific_fixed,pSA,0.0,4,20292914,2.0,2340,77,77,580,100,28800,0.08125,0.77,0.77,5.8,source_project/paper_results_trip/ldpc/N288_M144/pSA/best_params.csv,representative_pSA_specific_fixed_no_code_retuning,C08
N288_M144,288,144,new_08,new,2026082709,aca0729c16451352db770405411e31105dacf1adb759963a40c1138ba18e40a2,144,0.5,0.5,pSA_specific_fixed,pSA,0.0,4,20292914,2.5,778,39,39,218,100,28800,0.02701388888888889,0.39,0.39,2.18,source_project/paper_results_trip/ldpc/N288_M144/pSA/best_params.csv,representative_pSA_specific_fixed_no_code_retuning,C08
N288_M144,288,144,new_08,new,2026082709,aca0729c16451352db770405411e31105dacf1adb759963a40c1138ba18e40a2,144,0.5,0.5,pSA_specific_fixed,pSA,0.0,4,20292914,3.0,278,13,13,72,100,28800,0.009652777777777777,0.13,0.13,0.72,source_project/paper_results_trip/ldpc/N288_M144/pSA/best_params.csv,representative_pSA_specific_fixed_no_code_retuning,C08
N288_M144,288,144,new_08,new,2026082709,aca0729c16451352db770405411e31105dacf1adb759963a40c1138ba18e40a2,144,0.5,0.5,pSA_specific_fixed,pSA,0.0,5,20300936,2.0,2236,71,71,530,100,28800,0.07763888888888888,0.71,0.71,5.3,source_project/paper_results_trip/ldpc/N288_M144/pSA/best_params.csv,representative_pSA_specific_fixed_no_code_retuning,C08
N288_M144,288,144,new_08,new,2026082709,aca0729c16451352db770405411e31105dacf1adb759963a40c1138ba18e40a2,144,0.5,0.5,pSA_specific_fixed,pSA,0.0,5,20300936,2.5,893,32,32,195,100,28800,0.031006944444444445,0.32,0.32,1.95,source_project/paper_results_trip/ldpc/N288_M144/pSA/best_params.csv,representative_pSA_specific_fixed_no_code_retuning,C08
N288_M144,288,144,new_08,new,2026082709,aca0729c16451352db770405411e31105dacf1adb759963a40c1138ba18e40a2,144,0.5,0.5,pSA_specific_fixed,pSA,0.0,5,20300936,3.0,149,8,8,37,100,28800,0.0051736111111111115,0.08,0.08,0.37,source_project/paper_results_trip/ldpc/N288_M144/pSA/best_params.csv,representative_pSA_specific_fixed_no_code_retuning,C08
N288_M144,288,144,new_08,new,2026082709,aca0729c16451352db770405411e31105dacf1adb759963a40c1138ba18e40a2,144,0.5,0.5,pSA_specific_fixed,pSA,0.0,6,20308958,2.0,2259,65,65,461,100,28800,0.0784375,0.65,0.65,4.61,source_project/paper_results_trip/ldpc/N288_M144/pSA/best_params.csv,representative_pSA_specific_fixed_no_code_retuning,C08
N288_M144,288,144,new_08,new,2026082709,aca0729c16451352db770405411e31105dacf1adb759963a40c1138ba18e40a2,144,0.5,0.5,pSA_specific_fixed,pSA,0.0,6,20308958,2.5,1004,37,37,242,100,28800,0.034861111111111114,0.37,0.37,2.42,source_project/paper_results_trip/ldpc/N288_M144/pSA/best_params.csv,representative_pSA_specific_fixed_no_code_retuning,C08
N288_M144,288,144,new_08,new,2026082709,aca0729c16451352db770405411e31105dacf1adb759963a40c1138ba18e40a2,144,0.5,0.5,pSA_specific_fixed,pSA,0.0,6,20308958,3.0,327,16,16,71,100,28800,0.011354166666666667,0.16,0.16,0.71,source_project/paper_results_trip/ldpc/N288_M144/pSA/best_params.csv,representative_pSA_specific_fixed_no_code_retuning,C08
N288_M144,288,144,new_08,new,2026082709,aca0729c16451352db770405411e31105dacf1adb759963a40c1138ba18e40a2,144,0.5,0.5,pSA_specific_fixed,pSA,0.0,7,20316980,2.0,2500,74,74,570,100,28800,0.08680555555555555,0.74,0.74,5.7,source_project/paper_results_trip/ldpc/N288_M144/pSA/best_params.csv,representative_pSA_specific_fixed_no_code_retuning,C08
N288_M144,288,144,new_08,new,2026082709,aca0729c16451352db770405411e31105dacf1adb759963a40c1138ba18e40a2,144,0.5,0.5,pSA_specific_fixed,pSA,0.0,7,20316980,2.5,992,38,38,232,100,28800,0.034444444444444444,0.38,0.38,2.32,source_project/paper_results_trip/ldpc/N288_M144/pSA/best_params.csv,representative_pSA_specific_fixed_no_code_retuning,C08
N288_M144,288,144,new_08,new,2026082709,aca0729c16451352db770405411e31105dacf1adb759963a40c1138ba18e40a2,144,0.5,0.5,pSA_specific_fixed,pSA,0.0,7,20316980,3.0,183,9,9,47,100,28800,0.006354166666666667,0.09,0.09,0.47,source_project/paper_results_trip/ldpc/N288_M144/pSA/best_params.csv,representative_pSA_specific_fixed_no_code_retuning,C08
N288_M144,288,144,new_08,new,2026082709,aca0729c16451352db770405411e31105dacf1adb759963a40c1138ba18e40a2,144,0.5,0.5,pSA_specific_fixed,pSA,0.0,8,20325002,2.0,2115,67,67,471,100,28800,0.0734375,0.67,0.67,4.71,source_project/paper_results_trip/ldpc/N288_M144/pSA/best_params.csv,representative_pSA_specific_fixed_no_code_retuning,C08
N288_M144,288,144,new_08,new,2026082709,aca0729c16451352db770405411e31105dacf1adb759963a40c1138ba18e40a2,144,0.5,0.5,pSA_specific_fixed,pSA,0.0,8,20325002,2.5,1159,41,41,257,100,28800,0.04024305555555555,0.41,0.41,2.57,source_project/paper_results_trip/ldpc/N288_M144/pSA/best_params.csv,representative_pSA_specific_fixed_no_code_retuning,C08
N288_M144,288,144,new_08,new,2026082709,aca0729c16451352db770405411e31105dacf1adb759963a40c1138ba18e40a2,144,0.5,0.5,pSA_specific_fixed,pSA,0.0,8,20325002,3.0,303,14,14,79,100,28800,0.010520833333333333,0.14,0.14,0.79,source_project/paper_results_trip/ldpc/N288_M144/pSA/best_params.csv,representative_pSA_specific_fixed_no_code_retuning,C08
N288_M144,288,144,new_08,new,2026082709,aca0729c16451352db770405411e31105dacf1adb759963a40c1138ba18e40a2,144,0.5,0.5,pSA_specific_fixed,pSA,0.0,9,20333024,2.0,2280,72,72,528,100,28800,0.07916666666666666,0.72,0.72,5.28,source_project/paper_results_trip/ldpc/N288_M144/pSA/best_params.csv,representative_pSA_specific_fixed_no_code_retuning,C08
N288_M144,288,144,new_08,new,2026082709,aca0729c16451352db770405411e31105dacf1adb759963a40c1138ba18e40a2,144,0.5,0.5,pSA_specific_fixed,pSA,0.0,9,20333024,2.5,862,35,35,228,100,28800,0.029930555555555554,0.35,0.35,2.28,source_project/paper_results_trip/ldpc/N288_M144/pSA/best_params.csv,representative_pSA_specific_fixed_no_code_retuning,C08
N288_M144,288,144,new_08,new,2026082709,aca0729c16451352db770405411e31105dacf1adb759963a40c1138ba18e40a2,144,0.5,0.5,pSA_specific_fixed,pSA,0.0,9,20333024,3.0,365,18,18,95,100,28800,0.012673611111111111,0.18,0.18,0.95,source_project/paper_results_trip/ldpc/N288_M144/pSA/best_params.csv,representative_pSA_specific_fixed_no_code_retuning,C08
N288_M144,288,144,new_09,new,2026082710,4a5bf7488f4896776f9f1bb02e31c78e8b8d82bda37b0106fa3b7f85b409cf44,144,0.5,0.5,pSA_specific_fixed,pSA,0.0,0,20260826,2.0,2230,65,65,504,100,28800,0.07743055555555556,0.65,0.65,5.04,source_project/paper_results_trip/ldpc/N288_M144/pSA/best_params.csv,representative_pSA_specific_fixed_no_code_retuning,C09
N288_M144,288,144,new_09,new,2026082710,4a5bf7488f4896776f9f1bb02e31c78e8b8d82bda37b0106fa3b7f85b409cf44,144,0.5,0.5,pSA_specific_fixed,pSA,0.0,0,20260826,2.5,664,27,27,176,100,28800,0.023055555555555555,0.27,0.27,1.76,source_project/paper_results_trip/ldpc/N288_M144/pSA/best_params.csv,representative_pSA_specific_fixed_no_code_retuning,C09
N288_M144,288,144,new_09,new,2026082710,4a5bf7488f4896776f9f1bb02e31c78e8b8d82bda37b0106fa3b7f85b409cf44,144,0.5,0.5,pSA_specific_fixed,pSA,0.0,0,20260826,3.0,284,12,12,58,100,28800,0.00986111111111111,0.12,0.12,0.58,source_project/paper_results_trip/ldpc/N288_M144/pSA/best_params.csv,representative_pSA_specific_fixed_no_code_retuning,C09
N288_M144,288,144,new_09,new,2026082710,4a5bf7488f4896776f9f1bb02e31c78e8b8d82bda37b0106fa3b7f85b409cf44,144,0.5,0.5,pSA_specific_fixed,pSA,0.0,1,20268848,2.0,2491,79,79,567,100,28800,0.08649305555555556,0.79,0.79,5.67,source_project/paper_results_trip/ldpc/N288_M144/pSA/best_params.csv,representative_pSA_specific_fixed_no_code_retuning,C09
N288_M144,288,144,new_09,new,2026082710,4a5bf7488f4896776f9f1bb02e31c78e8b8d82bda37b0106fa3b7f85b409cf44,144,0.5,0.5,pSA_specific_fixed,pSA,0.0,1,20268848,2.5,1190,41,41,262,100,28800,0.04131944444444444,0.41,0.41,2.62,source_project/paper_results_trip/ldpc/N288_M144/pSA/best_params.csv,representative_pSA_specific_fixed_no_code_retuning,C09
N288_M144,288,144,new_09,new,2026082710,4a5bf7488f4896776f9f1bb02e31c78e8b8d82bda37b0106fa3b7f85b409cf44,144,0.5,0.5,pSA_specific_fixed,pSA,0.0,1,20268848,3.0,250,12,12,66,100,28800,0.008680555555555556,0.12,0.12,0.66,source_project/paper_results_trip/ldpc/N288_M144/pSA/best_params.csv,representative_pSA_specific_fixed_no_code_retuning,C09
N288_M144,288,144,new_09,new,2026082710,4a5bf7488f4896776f9f1bb02e31c78e8b8d82bda37b0106fa3b7f85b409cf44,144,0.5,0.5,pSA_specific_fixed,pSA,0.0,2,20276870,2.0,2186,70,70,514,100,28800,0.07590277777777778,0.7,0.7,5.14,source_project/paper_results_trip/ldpc/N288_M144/pSA/best_params.csv,representative_pSA_specific_fixed_no_code_retuning,C09
N288_M144,288,144,new_09,new,2026082710,4a5bf7488f4896776f9f1bb02e31c78e8b8d82bda37b0106fa3b7f85b409cf44,144,0.5,0.5,pSA_specific_fixed,pSA,0.0,2,20276870,2.5,1059,38,38,239,100,28800,0.036770833333333336,0.38,0.38,2.39,source_project/paper_results_trip/ldpc/N288_M144/pSA/best_params.csv,representative_pSA_specific_fixed_no_code_retuning,C09
N288_M144,288,144,new_09,new,2026082710,4a5bf7488f4896776f9f1bb02e31c78e8b8d82bda37b0106fa3b7f85b409cf44,144,0.5,0.5,pSA_specific_fixed,pSA,0.0,2,20276870,3.0,223,14,14,73,100,28800,0.007743055555555556,0.14,0.14,0.73,source_project/paper_results_trip/ldpc/N288_M144/pSA/best_params.csv,representative_pSA_specific_fixed_no_code_retuning,C09
N288_M144,288,144,new_09,new,2026082710,4a5bf7488f4896776f9f1bb02e31c78e8b8d82bda37b0106fa3b7f85b409cf44,144,0.5,0.5,pSA_specific_fixed,pSA,0.0,3,20284892,2.0,2289,71,71,499,100,28800,0.07947916666666667,0.71,0.71,4.99,source_project/paper_results_trip/ldpc/N288_M144/pSA/best_params.csv,representative_pSA_specific_fixed_no_code_retuning,C09
N288_M144,288,144,new_09,new,2026082710,4a5bf7488f4896776f9f1bb02e31c78e8b8d82bda37b0106fa3b7f85b409cf44,144,0.5,0.5,pSA_specific_fixed,pSA,0.0,3,20284892,2.5,1137,39,39,257,100,28800,0.03947916666666667,0.39,0.39,2.57,source_project/paper_results_trip/ldpc/N288_M144/pSA/best_params.csv,representative_pSA_specific_fixed_no_code_retuning,C09
N288_M144,288,144,new_09,new,2026082710,4a5bf7488f4896776f9f1bb02e31c78e8b8d82bda37b0106fa3b7f85b409cf44,144,0.5,0.5,pSA_specific_fixed,pSA,0.0,3,20284892,3.0,212,11,11,66,100,28800,0.007361111111111111,0.11,0.11,0.66,source_project/paper_results_trip/ldpc/N288_M144/pSA/best_params.csv,representative_pSA_specific_fixed_no_code_retuning,C09
N288_M144,288,144,new_09,new,2026082710,4a5bf7488f4896776f9f1bb02e31c78e8b8d82bda37b0106fa3b7f85b409cf44,144,0.5,0.5,pSA_specific_fixed,pSA,0.0,4,20292914,2.0,2329,70,70,525,100,28800,0.08086805555555555,0.7,0.7,5.25,source_project/paper_results_trip/ldpc/N288_M144/pSA/best_params.csv,representative_pSA_specific_fixed_no_code_retuning,C09
N288_M144,288,144,new_09,new,2026082710,4a5bf7488f4896776f9f1bb02e31c78e8b8d82bda37b0106fa3b7f85b409cf44,144,0.5,0.5,pSA_specific_fixed,pSA,0.0,4,20292914,2.5,1141,45,45,287,100,28800,0.03961805555555555,0.45,0.45,2.87,source_project/paper_results_trip/ldpc/N288_M144/pSA/best_params.csv,representative_pSA_specific_fixed_no_code_retuning,C09
N288_M144,288,144,new_09,new,2026082710,4a5bf7488f4896776f9f1bb02e31c78e8b8d82bda37b0106fa3b7f85b409cf44,144,0.5,0.5,pSA_specific_fixed,pSA,0.0,4,20292914,3.0,508,19,19,106,100,28800,0.017638888888888888,0.19,0.19,1.06,source_project/paper_results_trip/ldpc/N288_M144/pSA/best_params.csv,representative_pSA_specific_fixed_no_code_retuning,C09
N288_M144,288,144,new_09,new,2026082710,4a5bf7488f4896776f9f1bb02e31c78e8b8d82bda37b0106fa3b7f85b409cf44,144,0.5,0.5,pSA_specific_fixed,pSA,0.0,5,20300936,2.0,2304,69,69,510,100,28800,0.08,0.69,0.69,5.1,source_project/paper_results_trip/ldpc/N288_M144/pSA/best_params.csv,representative_pSA_specific_fixed_no_code_retuning,C09
N288_M144,288,144,new_09,new,2026082710,4a5bf7488f4896776f9f1bb02e31c78e8b8d82bda37b0106fa3b7f85b409cf44,144,0.5,0.5,pSA_specific_fixed,pSA,0.0,5,20300936,2.5,948,36,36,238,100,28800,0.032916666666666664,0.36,0.36,2.38,source_project/paper_results_trip/ldpc/N288_M144/pSA/best_params.csv,representative_pSA_specific_fixed_no_code_retuning,C09
N288_M144,288,144,new_09,new,2026082710,4a5bf7488f4896776f9f1bb02e31c78e8b8d82bda37b0106fa3b7f85b409cf44,144,0.5,0.5,pSA_specific_fixed,pSA,0.0,5,20300936,3.0,358,17,17,80,100,28800,0.012430555555555556,0.17,0.17,0.8,source_project/paper_results_trip/ldpc/N288_M144/pSA/best_params.csv,representative_pSA_specific_fixed_no_code_retuning,C09
N288_M144,288,144,new_09,new,2026082710,4a5bf7488f4896776f9f1bb02e31c78e8b8d82bda37b0106fa3b7f85b409cf44,144,0.5,0.5,pSA_specific_fixed,pSA,0.0,6,20308958,2.0,1937,61,61,427,100,28800,0.06725694444444444,0.61,0.61,4.27,source_project/paper_results_trip/ldpc/N288_M144/pSA/best_params.csv,representative_pSA_specific_fixed_no_code_retuning,C09
N288_M144,288,144,new_09,new,2026082710,4a5bf7488f4896776f9f1bb02e31c78e8b8d82bda37b0106fa3b7f85b409cf44,144,0.5,0.5,pSA_specific_fixed,pSA,0.0,6,20308958,2.5,892,36,36,228,100,28800,0.030972222222222224,0.36,0.36,2.28,source_project/paper_results_trip/ldpc/N288_M144/pSA/best_params.csv,representative_pSA_specific_fixed_no_code_retuning,C09
N288_M144,288,144,new_09,new,2026082710,4a5bf7488f4896776f9f1bb02e31c78e8b8d82bda37b0106fa3b7f85b409cf44,144,0.5,0.5,pSA_specific_fixed,pSA,0.0,6,20308958,3.0,271,11,11,61,100,28800,0.009409722222222222,0.11,0.11,0.61,source_project/paper_results_trip/ldpc/N288_M144/pSA/best_params.csv,representative_pSA_specific_fixed_no_code_retuning,C09
N288_M144,288,144,new_09,new,2026082710,4a5bf7488f4896776f9f1bb02e31c78e8b8d82bda37b0106fa3b7f85b409cf44,144,0.5,0.5,pSA_specific_fixed,pSA,0.0,7,20316980,2.0,2346,73,73,532,100,28800,0.08145833333333333,0.73,0.73,5.32,source_project/paper_results_trip/ldpc/N288_M144/pSA/best_params.csv,representative_pSA_specific_fixed_no_code_retuning,C09
N288_M144,288,144,new_09,new,2026082710,4a5bf7488f4896776f9f1bb02e31c78e8b8d82bda37b0106fa3b7f85b409cf44,144,0.5,0.5,pSA_specific_fixed,pSA,0.0,7,20316980,2.5,828,34,34,210,100,28800,0.02875,0.34,0.34,2.1,source_project/paper_results_trip/ldpc/N288_M144/pSA/best_params.csv,representative_pSA_specific_fixed_no_code_retuning,C09
N288_M144,288,144,new_09,new,2026082710,4a5bf7488f4896776f9f1bb02e31c78e8b8d82bda37b0106fa3b7f85b409cf44,144,0.5,0.5,pSA_specific_fixed,pSA,0.0,7,20316980,3.0,269,13,13,65,100,28800,0.009340277777777777,0.13,0.13,0.65,source_project/paper_results_trip/ldpc/N288_M144/pSA/best_params.csv,representative_pSA_specific_fixed_no_code_retuning,C09
N288_M144,288,144,new_09,new,2026082710,4a5bf7488f4896776f9f1bb02e31c78e8b8d82bda37b0106fa3b7f85b409cf44,144,0.5,0.5,pSA_specific_fixed,pSA,0.0,8,20325002,2.0,2096,69,69,486,100,28800,0.07277777777777777,0.69,0.69,4.86,source_project/paper_results_trip/ldpc/N288_M144/pSA/best_params.csv,representative_pSA_specific_fixed_no_code_retuning,C09
N288_M144,288,144,new_09,new,2026082710,4a5bf7488f4896776f9f1bb02e31c78e8b8d82bda37b0106fa3b7f85b409cf44,144,0.5,0.5,pSA_specific_fixed,pSA,0.0,8,20325002,2.5,1230,43,43,288,100,28800,0.042708333333333334,0.43,0.43,2.88,source_project/paper_results_trip/ldpc/N288_M144/pSA/best_params.csv,representative_pSA_specific_fixed_no_code_retuning,C09
N288_M144,288,144,new_09,new,2026082710,4a5bf7488f4896776f9f1bb02e31c78e8b8d82bda37b0106fa3b7f85b409cf44,144,0.5,0.5,pSA_specific_fixed,pSA,0.0,8,20325002,3.0,394,16,16,88,100,28800,0.013680555555555555,0.16,0.16,0.88,source_project/paper_results_trip/ldpc/N288_M144/pSA/best_params.csv,representative_pSA_specific_fixed_no_code_retuning,C09
N288_M144,288,144,new_09,new,2026082710,4a5bf7488f4896776f9f1bb02e31c78e8b8d82bda37b0106fa3b7f85b409cf44,144,0.5,0.5,pSA_specific_fixed,pSA,0.0,9,20333024,2.0,2227,71,71,503,100,28800,0.07732638888888889,0.71,0.71,5.03,source_project/paper_results_trip/ldpc/N288_M144/pSA/best_params.csv,representative_pSA_specific_fixed_no_code_retuning,C09
N288_M144,288,144,new_09,new,2026082710,4a5bf7488f4896776f9f1bb02e31c78e8b8d82bda37b0106fa3b7f85b409cf44,144,0.5,0.5,pSA_specific_fixed,pSA,0.0,9,20333024,2.5,908,34,34,216,100,28800,0.03152777777777778,0.34,0.34,2.16,source_project/paper_results_trip/ldpc/N288_M144/pSA/best_params.csv,representative_pSA_specific_fixed_no_code_retuning,C09
N288_M144,288,144,new_09,new,2026082710,4a5bf7488f4896776f9f1bb02e31c78e8b8d82bda37b0106fa3b7f85b409cf44,144,0.5,0.5,pSA_specific_fixed,pSA,0.0,9,20333024,3.0,333,14,14,71,100,28800,0.0115625,0.14,0.14,0.71,source_project/paper_results_trip/ldpc/N288_M144/pSA/best_params.csv,representative_pSA_specific_fixed_no_code_retuning,C09
N96_M48,96,48,existing_00,existing,0,07ab67627bf16616fbd8d2f8ea580dac437e8f96e85dadc415b821f9a609f56d,48,0.5,0.5,pSA_specific_fixed,pSA,0.0,0,20260826,2.0,433,43,35,501,100,9600,0.04510416666666667,0.43,0.35,5.01,source_project/paper_results/ldpc/N96_M48/pSA/best_params.csv,representative_pSA_specific_fixed_no_code_retuning,C00
N96_M48,96,48,existing_00,existing,0,07ab67627bf16616fbd8d2f8ea580dac437e8f96e85dadc415b821f9a609f56d,48,0.5,0.5,pSA_specific_fixed,pSA,0.0,0,20260826,2.5,214,25,19,240,100,9600,0.022291666666666668,0.25,0.19,2.4,source_project/paper_results/ldpc/N96_M48/pSA/best_params.csv,representative_pSA_specific_fixed_no_code_retuning,C00
N96_M48,96,48,existing_00,existing,0,07ab67627bf16616fbd8d2f8ea580dac437e8f96e85dadc415b821f9a609f56d,48,0.5,0.5,pSA_specific_fixed,pSA,0.0,0,20260826,3.0,75,13,8,79,100,9600,0.0078125,0.13,0.08,0.79,source_project/paper_results/ldpc/N96_M48/pSA/best_params.csv,representative_pSA_specific_fixed_no_code_retuning,C00
N96_M48,96,48,existing_00,existing,0,07ab67627bf16616fbd8d2f8ea580dac437e8f96e85dadc415b821f9a609f56d,48,0.5,0.5,pSA_specific_fixed,pSA,0.0,1,20268848,2.0,353,35,28,405,100,9600,0.036770833333333336,0.35,0.28,4.05,source_project/paper_results/ldpc/N96_M48/pSA/best_params.csv,representative_pSA_specific_fixed_no_code_retuning,C00
N96_M48,96,48,existing_00,existing,0,07ab67627bf16616fbd8d2f8ea580dac437e8f96e85dadc415b821f9a609f56d,48,0.5,0.5,pSA_specific_fixed,pSA,0.0,1,20268848,2.5,237,28,20,277,100,9600,0.0246875,0.28,0.2,2.77,source_project/paper_results/ldpc/N96_M48/pSA/best_params.csv,representative_pSA_specific_fixed_no_code_retuning,C00
N96_M48,96,48,existing_00,existing,0,07ab67627bf16616fbd8d2f8ea580dac437e8f96e85dadc415b821f9a609f56d,48,0.5,0.5,pSA_specific_fixed,pSA,0.0,1,20268848,3.0,75,11,7,71,100,9600,0.0078125,0.11,0.07,0.71,source_project/paper_results/ldpc/N96_M48/pSA/best_params.csv,representative_pSA_specific_fixed_no_code_retuning,C00
N96_M48,96,48,existing_00,existing,0,07ab67627bf16616fbd8d2f8ea580dac437e8f96e85dadc415b821f9a609f56d,48,0.5,0.5,pSA_specific_fixed,pSA,0.0,2,20276870,2.0,301,32,27,357,100,9600,0.03135416666666667,0.32,0.27,3.57,source_project/paper_results/ldpc/N96_M48/pSA/best_params.csv,representative_pSA_specific_fixed_no_code_retuning,C00
N96_M48,96,48,existing_00,existing,0,07ab67627bf16616fbd8d2f8ea580dac437e8f96e85dadc415b821f9a609f56d,48,0.5,0.5,pSA_specific_fixed,pSA,0.0,2,20276870,2.5,238,28,17,236,100,9600,0.024791666666666667,0.28,0.17,2.36,source_project/paper_results/ldpc/N96_M48/pSA/best_params.csv,representative_pSA_specific_fixed_no_code_retuning,C00
N96_M48,96,48,existing_00,existing,0,07ab67627bf16616fbd8d2f8ea580dac437e8f96e85dadc415b821f9a609f56d,48,0.5,0.5,pSA_specific_fixed,pSA,0.0,2,20276870,3.0,94,15,9,88,100,9600,0.009791666666666667,0.15,0.09,0.88,source_project/paper_results/ldpc/N96_M48/pSA/best_params.csv,representative_pSA_specific_fixed_no_code_retuning,C00
N96_M48,96,48,existing_00,existing,0,07ab67627bf16616fbd8d2f8ea580dac437e8f96e85dadc415b821f9a609f56d,48,0.5,0.5,pSA_specific_fixed,pSA,0.0,3,20284892,2.0,362,34,31,420,100,9600,0.03770833333333334,0.34,0.31,4.2,source_project/paper_results/ldpc/N96_M48/pSA/best_params.csv,representative_pSA_specific_fixed_no_code_retuning,C00
N96_M48,96,48,existing_00,existing,0,07ab67627bf16616fbd8d2f8ea580dac437e8f96e85dadc415b821f9a609f56d,48,0.5,0.5,pSA_specific_fixed,pSA,0.0,3,20284892,2.5,166,23,13,186,100,9600,0.017291666666666667,0.23,0.13,1.86,source_project/paper_results/ldpc/N96_M48/pSA/best_params.csv,representative_pSA_specific_fixed_no_code_retuning,C00
N96_M48,96,48,existing_00,existing,0,07ab67627bf16616fbd8d2f8ea580dac437e8f96e85dadc415b821f9a609f56d,48,0.5,0.5,pSA_specific_fixed,pSA,0.0,3,20284892,3.0,177,21,14,179,100,9600,0.0184375,0.21,0.14,1.79,source_project/paper_results/ldpc/N96_M48/pSA/best_params.csv,representative_pSA_specific_fixed_no_code_retuning,C00
N96_M48,96,48,existing_00,existing,0,07ab67627bf16616fbd8d2f8ea580dac437e8f96e85dadc415b821f9a609f56d,48,0.5,0.5,pSA_specific_fixed,pSA,0.0,4,20292914,2.0,329,35,26,371,100,9600,0.034270833333333334,0.35,0.26,3.71,source_project/paper_results/ldpc/N96_M48/pSA/best_params.csv,representative_pSA_specific_fixed_no_code_retuning,C00
N96_M48,96,48,existing_00,existing,0,07ab67627bf16616fbd8d2f8ea580dac437e8f96e85dadc415b821f9a609f56d,48,0.5,0.5,pSA_specific_fixed,pSA,0.0,4,20292914,2.5,192,26,17,224,100,9600,0.02,0.26,0.17,2.24,source_project/paper_results/ldpc/N96_M48/pSA/best_params.csv,representative_pSA_specific_fixed_no_code_retuning,C00
N96_M48,96,48,existing_00,existing,0,07ab67627bf16616fbd8d2f8ea580dac437e8f96e85dadc415b821f9a609f56d,48,0.5,0.5,pSA_specific_fixed,pSA,0.0,4,20292914,3.0,132,20,12,132,100,9600,0.01375,0.2,0.12,1.32,source_project/paper_results/ldpc/N96_M48/pSA/best_params.csv,representative_pSA_specific_fixed_no_code_retuning,C00
N96_M48,96,48,existing_00,existing,0,07ab67627bf16616fbd8d2f8ea580dac437e8f96e85dadc415b821f9a609f56d,48,0.5,0.5,pSA_specific_fixed,pSA,0.0,5,20300936,2.0,334,38,28,372,100,9600,0.034791666666666665,0.38,0.28,3.72,source_project/paper_results/ldpc/N96_M48/pSA/best_params.csv,representative_pSA_specific_fixed_no_code_retuning,C00
N96_M48,96,48,existing_00,existing,0,07ab67627bf16616fbd8d2f8ea580dac437e8f96e85dadc415b821f9a609f56d,48,0.5,0.5,pSA_specific_fixed,pSA,0.0,5,20300936,2.5,191,24,15,195,100,9600,0.019895833333333335,0.24,0.15,1.95,source_project/paper_results/ldpc/N96_M48/pSA/best_params.csv,representative_pSA_specific_fixed_no_code_retuning,C00
N96_M48,96,48,existing_00,existing,0,07ab67627bf16616fbd8d2f8ea580dac437e8f96e85dadc415b821f9a609f56d,48,0.5,0.5,pSA_specific_fixed,pSA,0.0,5,20300936,3.0,75,15,6,73,100,9600,0.0078125,0.15,0.06,0.73,source_project/paper_results/ldpc/N96_M48/pSA/best_params.csv,representative_pSA_specific_fixed_no_code_retuning,C00
N96_M48,96,48,existing_00,existing,0,07ab67627bf16616fbd8d2f8ea580dac437e8f96e85dadc415b821f9a609f56d,48,0.5,0.5,pSA_specific_fixed,pSA,0.0,6,20308958,2.0,335,38,28,399,100,9600,0.034895833333333334,0.38,0.28,3.99,source_project/paper_results/ldpc/N96_M48/pSA/best_params.csv,representative_pSA_specific_fixed_no_code_retuning,C00
N96_M48,96,48,existing_00,existing,0,07ab67627bf16616fbd8d2f8ea580dac437e8f96e85dadc415b821f9a609f56d,48,0.5,0.5,pSA_specific_fixed,pSA,0.0,6,20308958,2.5,239,26,22,295,100,9600,0.024895833333333332,0.26,0.22,2.95,source_project/paper_results/ldpc/N96_M48/pSA/best_params.csv,representative_pSA_specific_fixed_no_code_retuning,C00
N96_M48,96,48,existing_00,existing,0,07ab67627bf16616fbd8d2f8ea580dac437e8f96e85dadc415b821f9a609f56d,48,0.5,0.5,pSA_specific_fixed,pSA,0.0,6,20308958,3.0,74,13,5,64,100,9600,0.0077083333333333335,0.13,0.05,0.64,source_project/paper_results/ldpc/N96_M48/pSA/best_params.csv,representative_pSA_specific_fixed_no_code_retuning,C00
N96_M48,96,48,existing_00,existing,0,07ab67627bf16616fbd8d2f8ea580dac437e8f96e85dadc415b821f9a609f56d,48,0.5,0.5,pSA_specific_fixed,pSA,0.0,7,20316980,2.0,409,45,38,517,100,9600,0.042604166666666665,0.45,0.38,5.17,source_project/paper_results/ldpc/N96_M48/pSA/best_params.csv,representative_pSA_specific_fixed_no_code_retuning,C00
N96_M48,96,48,existing_00,existing,0,07ab67627bf16616fbd8d2f8ea580dac437e8f96e85dadc415b821f9a609f56d,48,0.5,0.5,pSA_specific_fixed,pSA,0.0,7,20316980,2.5,250,32,22,258,100,9600,0.026041666666666668,0.32,0.22,2.58,source_project/paper_results/ldpc/N96_M48/pSA/best_params.csv,representative_pSA_specific_fixed_no_code_retuning,C00
N96_M48,96,48,existing_00,existing,0,07ab67627bf16616fbd8d2f8ea580dac437e8f96e85dadc415b821f9a609f56d,48,0.5,0.5,pSA_specific_fixed,pSA,0.0,7,20316980,3.0,95,16,8,79,100,9600,0.009895833333333333,0.16,0.08,0.79,source_project/paper_results/ldpc/N96_M48/pSA/best_params.csv,representative_pSA_specific_fixed_no_code_retuning,C00
N96_M48,96,48,existing_00,existing,0,07ab67627bf16616fbd8d2f8ea580dac437e8f96e85dadc415b821f9a609f56d,48,0.5,0.5,pSA_specific_fixed,pSA,0.0,8,20325002,2.0,488,49,40,566,100,9600,0.050833333333333335,0.49,0.4,5.66,source_project/paper_results/ldpc/N96_M48/pSA/best_params.csv,representative_pSA_specific_fixed_no_code_retuning,C00
N96_M48,96,48,existing_00,existing,0,07ab67627bf16616fbd8d2f8ea580dac437e8f96e85dadc415b821f9a609f56d,48,0.5,0.5,pSA_specific_fixed,pSA,0.0,8,20325002,2.5,214,23,19,238,100,9600,0.022291666666666668,0.23,0.19,2.38,source_project/paper_results/ldpc/N96_M48/pSA/best_params.csv,representative_pSA_specific_fixed_no_code_retuning,C00
N96_M48,96,48,existing_00,existing,0,07ab67627bf16616fbd8d2f8ea580dac437e8f96e85dadc415b821f9a609f56d,48,0.5,0.5,pSA_specific_fixed,pSA,0.0,8,20325002,3.0,83,15,7,77,100,9600,0.008645833333333333,0.15,0.07,0.77,source_project/paper_results/ldpc/N96_M48/pSA/best_params.csv,representative_pSA_specific_fixed_no_code_retuning,C00
N96_M48,96,48,existing_00,existing,0,07ab67627bf16616fbd8d2f8ea580dac437e8f96e85dadc415b821f9a609f56d,48,0.5,0.5,pSA_specific_fixed,pSA,0.0,9,20333024,2.0,428,49,37,484,100,9600,0.044583333333333336,0.49,0.37,4.84,source_project/paper_results/ldpc/N96_M48/pSA/best_params.csv,representative_pSA_specific_fixed_no_code_retuning,C00
N96_M48,96,48,existing_00,existing,0,07ab67627bf16616fbd8d2f8ea580dac437e8f96e85dadc415b821f9a609f56d,48,0.5,0.5,pSA_specific_fixed,pSA,0.0,9,20333024,2.5,102,16,9,100,100,9600,0.010625,0.16,0.09,1.0,source_project/paper_results/ldpc/N96_M48/pSA/best_params.csv,representative_pSA_specific_fixed_no_code_retuning,C00
N96_M48,96,48,existing_00,existing,0,07ab67627bf16616fbd8d2f8ea580dac437e8f96e85dadc415b821f9a609f56d,48,0.5,0.5,pSA_specific_fixed,pSA,0.0,9,20333024,3.0,97,20,9,81,100,9600,0.010104166666666666,0.2,0.09,0.81,source_project/paper_results/ldpc/N96_M48/pSA/best_params.csv,representative_pSA_specific_fixed_no_code_retuning,C00
N96_M48,96,48,new_01,new,2026082701,ea8c9f6169382b706b166d74f4adf335d8aa73ede49bf39a5169dcefb3dd310b,48,0.5,0.5,pSA_specific_fixed,pSA,0.0,0,20260826,2.0,386,33,31,452,100,9600,0.04020833333333333,0.33,0.31,4.52,source_project/paper_results/ldpc/N96_M48/pSA/best_params.csv,representative_pSA_specific_fixed_no_code_retuning,C01
N96_M48,96,48,new_01,new,2026082701,ea8c9f6169382b706b166d74f4adf335d8aa73ede49bf39a5169dcefb3dd310b,48,0.5,0.5,pSA_specific_fixed,pSA,0.0,0,20260826,2.5,169,17,17,229,100,9600,0.017604166666666667,0.17,0.17,2.29,source_project/paper_results/ldpc/N96_M48/pSA/best_params.csv,representative_pSA_specific_fixed_no_code_retuning,C01
N96_M48,96,48,new_01,new,2026082701,ea8c9f6169382b706b166d74f4adf335d8aa73ede49bf39a5169dcefb3dd310b,48,0.5,0.5,pSA_specific_fixed,pSA,0.0,0,20260826,3.0,94,10,7,96,100,9600,0.009791666666666667,0.1,0.07,0.96,source_project/paper_results/ldpc/N96_M48/pSA/best_params.csv,representative_pSA_specific_fixed_no_code_retuning,C01
N96_M48,96,48,new_01,new,2026082701,ea8c9f6169382b706b166d74f4adf335d8aa73ede49bf39a5169dcefb3dd310b,48,0.5,0.5,pSA_specific_fixed,pSA,0.0,1,20268848,2.0,228,20,19,248,100,9600,0.02375,0.2,0.19,2.48,source_project/paper_results/ldpc/N96_M48/pSA/best_params.csv,representative_pSA_specific_fixed_no_code_retuning,C01
N96_M48,96,48,new_01,new,2026082701,ea8c9f6169382b706b166d74f4adf335d8aa73ede49bf39a5169dcefb3dd310b,48,0.5,0.5,pSA_specific_fixed,pSA,0.0,1,20268848,2.5,262,24,24,310,100,9600,0.027291666666666665,0.24,0.24,3.1,source_project/paper_results/ldpc/N96_M48/pSA/best_params.csv,representative_pSA_specific_fixed_no_code_retuning,C01
N96_M48,96,48,new_01,new,2026082701,ea8c9f6169382b706b166d74f4adf335d8aa73ede49bf39a5169dcefb3dd310b,48,0.5,0.5,pSA_specific_fixed,pSA,0.0,1,20268848,3.0,45,5,5,51,100,9600,0.0046875,0.05,0.05,0.51,source_project/paper_results/ldpc/N96_M48/pSA/best_params.csv,representative_pSA_specific_fixed_no_code_retuning,C01
N96_M48,96,48,new_01,new,2026082701,ea8c9f6169382b706b166d74f4adf335d8aa73ede49bf39a5169dcefb3dd310b,48,0.5,0.5,pSA_specific_fixed,pSA,0.0,2,20276870,2.0,418,39,39,552,100,9600,0.043541666666666666,0.39,0.39,5.52,source_project/paper_results/ldpc/N96_M48/pSA/best_params.csv,representative_pSA_specific_fixed_no_code_retuning,C01
N96_M48,96,48,new_01,new,2026082701,ea8c9f6169382b706b166d74f4adf335d8aa73ede49bf39a5169dcefb3dd310b,48,0.5,0.5,pSA_specific_fixed,pSA,0.0,2,20276870,2.5,198,18,16,220,100,9600,0.020625,0.18,0.16,2.2,source_project/paper_results/ldpc/N96_M48/pSA/best_params.csv,representative_pSA_specific_fixed_no_code_retuning,C01
N96_M48,96,48,new_01,new,2026082701,ea8c9f6169382b706b166d74f4adf335d8aa73ede49bf39a5169dcefb3dd310b,48,0.5,0.5,pSA_specific_fixed,pSA,0.0,2,20276870,3.0,65,6,5,67,100,9600,0.0067708333333333336,0.06,0.05,0.67,source_project/paper_results/ldpc/N96_M48/pSA/best_params.csv,representative_pSA_specific_fixed_no_code_retuning,C01
N96_M48,96,48,new_01,new,2026082701,ea8c9f6169382b706b166d74f4adf335d8aa73ede49bf39a5169dcefb3dd310b,48,0.5,0.5,pSA_specific_fixed,pSA,0.0,3,20284892,2.0,334,30,27,354,100,9600,0.034791666666666665,0.3,0.27,3.54,source_project/paper_results/ldpc/N96_M48/pSA/best_params.csv,representative_pSA_specific_fixed_no_code_retuning,C01
N96_M48,96,48,new_01,new,2026082701,ea8c9f6169382b706b166d74f4adf335d8aa73ede49bf39a5169dcefb3dd310b,48,0.5,0.5,pSA_specific_fixed,pSA,0.0,3,20284892,2.5,111,10,10,121,100,9600,0.0115625,0.1,0.1,1.21,source_project/paper_results/ldpc/N96_M48/pSA/best_params.csv,representative_pSA_specific_fixed_no_code_retuning,C01
N96_M48,96,48,new_01,new,2026082701,ea8c9f6169382b706b166d74f4adf335d8aa73ede49bf39a5169dcefb3dd310b,48,0.5,0.5,pSA_specific_fixed,pSA,0.0,3,20284892,3.0,138,13,11,134,100,9600,0.014375,0.13,0.11,1.34,source_project/paper_results/ldpc/N96_M48/pSA/best_params.csv,representative_pSA_specific_fixed_no_code_retuning,C01
N96_M48,96,48,new_01,new,2026082701,ea8c9f6169382b706b166d74f4adf335d8aa73ede49bf39a5169dcefb3dd310b,48,0.5,0.5,pSA_specific_fixed,pSA,0.0,4,20292914,2.0,372,35,34,430,100,9600,0.03875,0.35,0.34,4.3,source_project/paper_results/ldpc/N96_M48/pSA/best_params.csv,representative_pSA_specific_fixed_no_code_retuning,C01
N96_M48,96,48,new_01,new,2026082701,ea8c9f6169382b706b166d74f4adf335d8aa73ede49bf39a5169dcefb3dd310b,48,0.5,0.5,pSA_specific_fixed,pSA,0.0,4,20292914,2.5,165,16,15,161,100,9600,0.0171875,0.16,0.15,1.61,source_project/paper_results/ldpc/N96_M48/pSA/best_params.csv,representative_pSA_specific_fixed_no_code_retuning,C01
N96_M48,96,48,new_01,new,2026082701,ea8c9f6169382b706b166d74f4adf335d8aa73ede49bf39a5169dcefb3dd310b,48,0.5,0.5,pSA_specific_fixed,pSA,0.0,4,20292914,3.0,143,15,14,161,100,9600,0.014895833333333334,0.15,0.14,1.61,source_project/paper_results/ldpc/N96_M48/pSA/best_params.csv,representative_pSA_specific_fixed_no_code_retuning,C01
N96_M48,96,48,new_01,new,2026082701,ea8c9f6169382b706b166d74f4adf335d8aa73ede49bf39a5169dcefb3dd310b,48,0.5,0.5,pSA_specific_fixed,pSA,0.0,5,20300936,2.0,344,30,28,400,100,9600,0.035833333333333335,0.3,0.28,4.0,source_project/paper_results/ldpc/N96_M48/pSA/best_params.csv,representative_pSA_specific_fixed_no_code_retuning,C01
N96_M48,96,48,new_01,new,2026082701,ea8c9f6169382b706b166d74f4adf335d8aa73ede49bf39a5169dcefb3dd310b,48,0.5,0.5,pSA_specific_fixed,pSA,0.0,5,20300936,2.5,155,15,13,159,100,9600,0.016145833333333335,0.15,0.13,1.59,source_project/paper_results/ldpc/N96_M48/pSA/best_params.csv,representative_pSA_specific_fixed_no_code_retuning,C01
N96_M48,96,48,new_01,new,2026082701,ea8c9f6169382b706b166d74f4adf335d8aa73ede49bf39a5169dcefb3dd310b,48,0.5,0.5,pSA_specific_fixed,pSA,0.0,5,20300936,3.0,42,4,3,36,100,9600,0.004375,0.04,0.03,0.36,source_project/paper_results/ldpc/N96_M48/pSA/best_params.csv,representative_pSA_specific_fixed_no_code_retuning,C01
N96_M48,96,48,new_01,new,2026082701,ea8c9f6169382b706b166d74f4adf335d8aa73ede49bf39a5169dcefb3dd310b,48,0.5,0.5,pSA_specific_fixed,pSA,0.0,6,20308958,2.0,290,25,25,370,100,9600,0.030208333333333334,0.25,0.25,3.7,source_project/paper_results/ldpc/N96_M48/pSA/best_params.csv,representative_pSA_specific_fixed_no_code_retuning,C01
N96_M48,96,48,new_01,new,2026082701,ea8c9f6169382b706b166d74f4adf335d8aa73ede49bf39a5169dcefb3dd310b,48,0.5,0.5,pSA_specific_fixed,pSA,0.0,6,20308958,2.5,186,19,19,222,100,9600,0.019375,0.19,0.19,2.22,source_project/paper_results/ldpc/N96_M48/pSA/best_params.csv,representative_pSA_specific_fixed_no_code_retuning,C01
N96_M48,96,48,new_01,new,2026082701,ea8c9f6169382b706b166d74f4adf335d8aa73ede49bf39a5169dcefb3dd310b,48,0.5,0.5,pSA_specific_fixed,pSA,0.0,6,20308958,3.0,73,7,7,73,100,9600,0.007604166666666667,0.07,0.07,0.73,source_project/paper_results/ldpc/N96_M48/pSA/best_params.csv,representative_pSA_specific_fixed_no_code_retuning,C01
N96_M48,96,48,new_01,new,2026082701,ea8c9f6169382b706b166d74f4adf335d8aa73ede49bf39a5169dcefb3dd310b,48,0.5,0.5,pSA_specific_fixed,pSA,0.0,7,20316980,2.0,353,35,35,463,100,9600,0.036770833333333336,0.35,0.35,4.63,source_project/paper_results/ldpc/N96_M48/pSA/best_params.csv,representative_pSA_specific_fixed_no_code_retuning,C01
N96_M48,96,48,new_01,new,2026082701,ea8c9f6169382b706b166d74f4adf335d8aa73ede49bf39a5169dcefb3dd310b,48,0.5,0.5,pSA_specific_fixed,pSA,0.0,7,20316980,2.5,151,15,14,171,100,9600,0.015729166666666666,0.15,0.14,1.71,source_project/paper_results/ldpc/N96_M48/pSA/best_params.csv,representative_pSA_specific_fixed_no_code_retuning,C01
N96_M48,96,48,new_01,new,2026082701,ea8c9f6169382b706b166d74f4adf335d8aa73ede49bf39a5169dcefb3dd310b,48,0.5,0.5,pSA_specific_fixed,pSA,0.0,7,20316980,3.0,79,9,9,93,100,9600,0.008229166666666666,0.09,0.09,0.93,source_project/paper_results/ldpc/N96_M48/pSA/best_params.csv,representative_pSA_specific_fixed_no_code_retuning,C01
N96_M48,96,48,new_01,new,2026082701,ea8c9f6169382b706b166d74f4adf335d8aa73ede49bf39a5169dcefb3dd310b,48,0.5,0.5,pSA_specific_fixed,pSA,0.0,8,20325002,2.0,344,30,30,434,100,9600,0.035833333333333335,0.3,0.3,4.34,source_project/paper_results/ldpc/N96_M48/pSA/best_params.csv,representative_pSA_specific_fixed_no_code_retuning,C01
N96_M48,96,48,new_01,new,2026082701,ea8c9f6169382b706b166d74f4adf335d8aa73ede49bf39a5169dcefb3dd310b,48,0.5,0.5,pSA_specific_fixed,pSA,0.0,8,20325002,2.5,153,14,13,167,100,9600,0.0159375,0.14,0.13,1.67,source_project/paper_results/ldpc/N96_M48/pSA/best_params.csv,representative_pSA_specific_fixed_no_code_retuning,C01
N96_M48,96,48,new_01,new,2026082701,ea8c9f6169382b706b166d74f4adf335d8aa73ede49bf39a5169dcefb3dd310b,48,0.5,0.5,pSA_specific_fixed,pSA,0.0,8,20325002,3.0,92,9,8,110,100,9600,0.009583333333333333,0.09,0.08,1.1,source_project/paper_results/ldpc/N96_M48/pSA/best_params.csv,representative_pSA_specific_fixed_no_code_retuning,C01
N96_M48,96,48,new_01,new,2026082701,ea8c9f6169382b706b166d74f4adf335d8aa73ede49bf39a5169dcefb3dd310b,48,0.5,0.5,pSA_specific_fixed,pSA,0.0,9,20333024,2.0,294,28,27,380,100,9600,0.030625,0.28,0.27,3.8,source_project/paper_results/ldpc/N96_M48/pSA/best_params.csv,representative_pSA_specific_fixed_no_code_retuning,C01
N96_M48,96,48,new_01,new,2026082701,ea8c9f6169382b706b166d74f4adf335d8aa73ede49bf39a5169dcefb3dd310b,48,0.5,0.5,pSA_specific_fixed,pSA,0.0,9,20333024,2.5,108,11,10,134,100,9600,0.01125,0.11,0.1,1.34,source_project/paper_results/ldpc/N96_M48/pSA/best_params.csv,representative_pSA_specific_fixed_no_code_retuning,C01
N96_M48,96,48,new_01,new,2026082701,ea8c9f6169382b706b166d74f4adf335d8aa73ede49bf39a5169dcefb3dd310b,48,0.5,0.5,pSA_specific_fixed,pSA,0.0,9,20333024,3.0,123,12,11,133,100,9600,0.0128125,0.12,0.11,1.33,source_project/paper_results/ldpc/N96_M48/pSA/best_params.csv,representative_pSA_specific_fixed_no_code_retuning,C01
N96_M48,96,48,new_02,new,2026082702,b142e9519b71aacba6912e709472ce4e90eb2c46c47329ac52e22a653fce4e9f,48,0.5,0.5,pSA_specific_fixed,pSA,0.0,0,20260826,2.0,441,40,38,541,100,9600,0.0459375,0.4,0.38,5.41,source_project/paper_results/ldpc/N96_M48/pSA/best_params.csv,representative_pSA_specific_fixed_no_code_retuning,C02
N96_M48,96,48,new_02,new,2026082702,b142e9519b71aacba6912e709472ce4e90eb2c46c47329ac52e22a653fce4e9f,48,0.5,0.5,pSA_specific_fixed,pSA,0.0,0,20260826,2.5,167,19,16,201,100,9600,0.017395833333333333,0.19,0.16,2.01,source_project/paper_results/ldpc/N96_M48/pSA/best_params.csv,representative_pSA_specific_fixed_no_code_retuning,C02
N96_M48,96,48,new_02,new,2026082702,b142e9519b71aacba6912e709472ce4e90eb2c46c47329ac52e22a653fce4e9f,48,0.5,0.5,pSA_specific_fixed,pSA,0.0,0,20260826,3.0,106,12,11,116,100,9600,0.011041666666666667,0.12,0.11,1.16,source_project/paper_results/ldpc/N96_M48/pSA/best_params.csv,representative_pSA_specific_fixed_no_code_retuning,C02
N96_M48,96,48,new_02,new,2026082702,b142e9519b71aacba6912e709472ce4e90eb2c46c47329ac52e22a653fce4e9f,48,0.5,0.5,pSA_specific_fixed,pSA,0.0,1,20268848,2.0,338,33,30,392,100,9600,0.035208333333333335,0.33,0.3,3.92,source_project/paper_results/ldpc/N96_M48/pSA/best_params.csv,representative_pSA_specific_fixed_no_code_retuning,C02
N96_M48,96,48,new_02,new,2026082702,b142e9519b71aacba6912e709472ce4e90eb2c46c47329ac52e22a653fce4e9f,48,0.5,0.5,pSA_specific_fixed,pSA,0.0,1,20268848,2.5,200,18,16,234,100,9600,0.020833333333333332,0.18,0.16,2.34,source_project/paper_results/ldpc/N96_M48/pSA/best_params.csv,representative_pSA_specific_fixed_no_code_retuning,C02
N96_M48,96,48,new_02,new,2026082702,b142e9519b71aacba6912e709472ce4e90eb2c46c47329ac52e22a653fce4e9f,48,0.5,0.5,pSA_specific_fixed,pSA,0.0,1,20268848,3.0,107,10,8,115,100,9600,0.011145833333333334,0.1,0.08,1.15,source_project/paper_results/ldpc/N96_M48/pSA/best_params.csv,representative_pSA_specific_fixed_no_code_retuning,C02
N96_M48,96,48,new_02,new,2026082702,b142e9519b71aacba6912e709472ce4e90eb2c46c47329ac52e22a653fce4e9f,48,0.5,0.5,pSA_specific_fixed,pSA,0.0,2,20276870,2.0,387,36,33,459,100,9600,0.0403125,0.36,0.33,4.59,source_project/paper_results/ldpc/N96_M48/pSA/best_params.csv,representative_pSA_specific_fixed_no_code_retuning,C02
N96_M48,96,48,new_02,new,2026082702,b142e9519b71aacba6912e709472ce4e90eb2c46c47329ac52e22a653fce4e9f,48,0.5,0.5,pSA_specific_fixed,pSA,0.0,2,20276870,2.5,227,22,20,259,100,9600,0.023645833333333335,0.22,0.2,2.59,source_project/paper_results/ldpc/N96_M48/pSA/best_params.csv,representative_pSA_specific_fixed_no_code_retuning,C02
N96_M48,96,48,new_02,new,2026082702,b142e9519b71aacba6912e709472ce4e90eb2c46c47329ac52e22a653fce4e9f,48,0.5,0.5,pSA_specific_fixed,pSA,0.0,2,20276870,3.0,50,5,4,50,100,9600,0.005208333333333333,0.05,0.04,0.5,source_project/paper_results/ldpc/N96_M48/pSA/best_params.csv,representative_pSA_specific_fixed_no_code_retuning,C02
N96_M48,96,48,new_02,new,2026082702,b142e9519b71aacba6912e709472ce4e90eb2c46c47329ac52e22a653fce4e9f,48,0.5,0.5,pSA_specific_fixed,pSA,0.0,3,20284892,2.0,359,32,29,393,100,9600,0.037395833333333336,0.32,0.29,3.93,source_project/paper_results/ldpc/N96_M48/pSA/best_params.csv,representative_pSA_specific_fixed_no_code_retuning,C02
N96_M48,96,48,new_02,new,2026082702,b142e9519b71aacba6912e709472ce4e90eb2c46c47329ac52e22a653fce4e9f,48,0.5,0.5,pSA_specific_fixed,pSA,0.0,3,20284892,2.5,168,18,15,206,100,9600,0.0175,0.18,0.15,2.06,source_project/paper_results/ldpc/N96_M48/pSA/best_params.csv,representative_pSA_specific_fixed_no_code_retuning,C02
N96_M48,96,48,new_02,new,2026082702,b142e9519b71aacba6912e709472ce4e90eb2c46c47329ac52e22a653fce4e9f,48,0.5,0.5,pSA_specific_fixed,pSA,0.0,3,20284892,3.0,106,12,12,126,100,9600,0.011041666666666667,0.12,0.12,1.26,source_project/paper_results/ldpc/N96_M48/pSA/best_params.csv,representative_pSA_specific_fixed_no_code_retuning,C02
N96_M48,96,48,new_02,new,2026082702,b142e9519b71aacba6912e709472ce4e90eb2c46c47329ac52e22a653fce4e9f,48,0.5,0.5,pSA_specific_fixed,pSA,0.0,4,20292914,2.0,255,23,21,309,100,9600,0.0265625,0.23,0.21,3.09,source_project/paper_results/ldpc/N96_M48/pSA/best_params.csv,representative_pSA_specific_fixed_no_code_retuning,C02
N96_M48,96,48,new_02,new,2026082702,b142e9519b71aacba6912e709472ce4e90eb2c46c47329ac52e22a653fce4e9f,48,0.5,0.5,pSA_specific_fixed,pSA,0.0,4,20292914,2.5,194,20,18,218,100,9600,0.02020833333333333,0.2,0.18,2.18,source_project/paper_results/ldpc/N96_M48/pSA/best_params.csv,representative_pSA_specific_fixed_no_code_retuning,C02
N96_M48,96,48,new_02,new,2026082702,b142e9519b71aacba6912e709472ce4e90eb2c46c47329ac52e22a653fce4e9f,48,0.5,0.5,pSA_specific_fixed,pSA,0.0,4,20292914,3.0,105,12,10,123,100,9600,0.0109375,0.12,0.1,1.23,source_project/paper_results/ldpc/N96_M48/pSA/best_params.csv,representative_pSA_specific_fixed_no_code_retuning,C02
N96_M48,96,48,new_02,new,2026082702,b142e9519b71aacba6912e709472ce4e90eb2c46c47329ac52e22a653fce4e9f,48,0.5,0.5,pSA_specific_fixed,pSA,0.0,5,20300936,2.0,338,34,31,428,100,9600,0.035208333333333335,0.34,0.31,4.28,source_project/paper_results/ldpc/N96_M48/pSA/best_params.csv,representative_pSA_specific_fixed_no_code_retuning,C02
N96_M48,96,48,new_02,new,2026082702,b142e9519b71aacba6912e709472ce4e90eb2c46c47329ac52e22a653fce4e9f,48,0.5,0.5,pSA_specific_fixed,pSA,0.0,5,20300936,2.5,149,13,13,171,100,9600,0.015520833333333333,0.13,0.13,1.71,source_project/paper_results/ldpc/N96_M48/pSA/best_params.csv,representative_pSA_specific_fixed_no_code_retuning,C02
N96_M48,96,48,new_02,new,2026082702,b142e9519b71aacba6912e709472ce4e90eb2c46c47329ac52e22a653fce4e9f,48,0.5,0.5,pSA_specific_fixed,pSA,0.0,5,20300936,3.0,50,6,6,64,100,9600,0.005208333333333333,0.06,0.06,0.64,source_project/paper_results/ldpc/N96_M48/pSA/best_params.csv,representative_pSA_specific_fixed_no_code_retuning,C02
N96_M48,96,48,new_02,new,2026082702,b142e9519b71aacba6912e709472ce4e90eb2c46c47329ac52e22a653fce4e9f,48,0.5,0.5,pSA_specific_fixed,pSA,0.0,6,20308958,2.0,286,26,25,336,100,9600,0.029791666666666668,0.26,0.25,3.36,source_project/paper_results/ldpc/N96_M48/pSA/best_params.csv,representative_pSA_specific_fixed_no_code_retuning,C02
N96_M48,96,48,new_02,new,2026082702,b142e9519b71aacba6912e709472ce4e90eb2c46c47329ac52e22a653fce4e9f,48,0.5,0.5,pSA_specific_fixed,pSA,0.0,6,20308958,2.5,210,22,20,238,100,9600,0.021875,0.22,0.2,2.38,source_project/paper_results/ldpc/N96_M48/pSA/best_params.csv,representative_pSA_specific_fixed_no_code_retuning,C02
N96_M48,96,48,new_02,new,2026082702,b142e9519b71aacba6912e709472ce4e90eb2c46c47329ac52e22a653fce4e9f,48,0.5,0.5,pSA_specific_fixed,pSA,0.0,6,20308958,3.0,56,6,6,62,100,9600,0.005833333333333334,0.06,0.06,0.62,source_project/paper_results/ldpc/N96_M48/pSA/best_params.csv,representative_pSA_specific_fixed_no_code_retuning,C02
N96_M48,96,48,new_02,new,2026082702,b142e9519b71aacba6912e709472ce4e90eb2c46c47329ac52e22a653fce4e9f,48,0.5,0.5,pSA_specific_fixed,pSA,0.0,7,20316980,2.0,410,40,38,550,100,9600,0.042708333333333334,0.4,0.38,5.5,source_project/paper_results/ldpc/N96_M48/pSA/best_params.csv,representative_pSA_specific_fixed_no_code_retuning,C02
N96_M48,96,48,new_02,new,2026082702,b142e9519b71aacba6912e709472ce4e90eb2c46c47329ac52e22a653fce4e9f,48,0.5,0.5,pSA_specific_fixed,pSA,0.0,7,20316980,2.5,193,18,17,225,100,9600,0.020104166666666666,0.18,0.17,2.25,source_project/paper_results/ldpc/N96_M48/pSA/best_params.csv,representative_pSA_specific_fixed_no_code_retuning,C02
N96_M48,96,48,new_02,new,2026082702,b142e9519b71aacba6912e709472ce4e90eb2c46c47329ac52e22a653fce4e9f,48,0.5,0.5,pSA_specific_fixed,pSA,0.0,7,20316980,3.0,77,9,9,109,100,9600,0.008020833333333333,0.09,0.09,1.09,source_project/paper_results/ldpc/N96_M48/pSA/best_params.csv,representative_pSA_specific_fixed_no_code_retuning,C02
N96_M48,96,48,new_02,new,2026082702,b142e9519b71aacba6912e709472ce4e90eb2c46c47329ac52e22a653fce4e9f,48,0.5,0.5,pSA_specific_fixed,pSA,0.0,8,20325002,2.0,431,40,38,537,100,9600,0.044895833333333336,0.4,0.38,5.37,source_project/paper_results/ldpc/N96_M48/pSA/best_params.csv,representative_pSA_specific_fixed_no_code_retuning,C02
N96_M48,96,48,new_02,new,2026082702,b142e9519b71aacba6912e709472ce4e90eb2c46c47329ac52e22a653fce4e9f,48,0.5,0.5,pSA_specific_fixed,pSA,0.0,8,20325002,2.5,173,20,17,201,100,9600,0.018020833333333333,0.2,0.17,2.01,source_project/paper_results/ldpc/N96_M48/pSA/best_params.csv,representative_pSA_specific_fixed_no_code_retuning,C02
N96_M48,96,48,new_02,new,2026082702,b142e9519b71aacba6912e709472ce4e90eb2c46c47329ac52e22a653fce4e9f,48,0.5,0.5,pSA_specific_fixed,pSA,0.0,8,20325002,3.0,70,9,6,56,100,9600,0.007291666666666667,0.09,0.06,0.56,source_project/paper_results/ldpc/N96_M48/pSA/best_params.csv,representative_pSA_specific_fixed_no_code_retuning,C02
N96_M48,96,48,new_02,new,2026082702,b142e9519b71aacba6912e709472ce4e90eb2c46c47329ac52e22a653fce4e9f,48,0.5,0.5,pSA_specific_fixed,pSA,0.0,9,20333024,2.0,320,34,31,418,100,9600,0.03333333333333333,0.34,0.31,4.18,source_project/paper_results/ldpc/N96_M48/pSA/best_params.csv,representative_pSA_specific_fixed_no_code_retuning,C02
N96_M48,96,48,new_02,new,2026082702,b142e9519b71aacba6912e709472ce4e90eb2c46c47329ac52e22a653fce4e9f,48,0.5,0.5,pSA_specific_fixed,pSA,0.0,9,20333024,2.5,130,13,12,170,100,9600,0.013541666666666667,0.13,0.12,1.7,source_project/paper_results/ldpc/N96_M48/pSA/best_params.csv,representative_pSA_specific_fixed_no_code_retuning,C02
N96_M48,96,48,new_02,new,2026082702,b142e9519b71aacba6912e709472ce4e90eb2c46c47329ac52e22a653fce4e9f,48,0.5,0.5,pSA_specific_fixed,pSA,0.0,9,20333024,3.0,60,7,6,70,100,9600,0.00625,0.07,0.06,0.7,source_project/paper_results/ldpc/N96_M48/pSA/best_params.csv,representative_pSA_specific_fixed_no_code_retuning,C02
N96_M48,96,48,new_03,new,2026082703,ef0825c883142c33397988cd2273dcf14ee1039e08a281fc2187af7c458c157a,48,0.5,0.5,pSA_specific_fixed,pSA,0.0,0,20260826,2.0,390,36,33,466,100,9600,0.040625,0.36,0.33,4.66,source_project/paper_results/ldpc/N96_M48/pSA/best_params.csv,representative_pSA_specific_fixed_no_code_retuning,C03
N96_M48,96,48,new_03,new,2026082703,ef0825c883142c33397988cd2273dcf14ee1039e08a281fc2187af7c458c157a,48,0.5,0.5,pSA_specific_fixed,pSA,0.0,0,20260826,2.5,159,16,15,191,100,9600,0.0165625,0.16,0.15,1.91,source_project/paper_results/ldpc/N96_M48/pSA/best_params.csv,representative_pSA_specific_fixed_no_code_retuning,C03
N96_M48,96,48,new_03,new,2026082703,ef0825c883142c33397988cd2273dcf14ee1039e08a281fc2187af7c458c157a,48,0.5,0.5,pSA_specific_fixed,pSA,0.0,0,20260826,3.0,73,9,6,73,100,9600,0.007604166666666667,0.09,0.06,0.73,source_project/paper_results/ldpc/N96_M48/pSA/best_params.csv,representative_pSA_specific_fixed_no_code_retuning,C03
N96_M48,96,48,new_03,new,2026082703,ef0825c883142c33397988cd2273dcf14ee1039e08a281fc2187af7c458c157a,48,0.5,0.5,pSA_specific_fixed,pSA,0.0,1,20268848,2.0,302,27,25,320,100,9600,0.03145833333333333,0.27,0.25,3.2,source_project/paper_results/ldpc/N96_M48/pSA/best_params.csv,representative_pSA_specific_fixed_no_code_retuning,C03
N96_M48,96,48,new_03,new,2026082703,ef0825c883142c33397988cd2273dcf14ee1039e08a281fc2187af7c458c157a,48,0.5,0.5,pSA_specific_fixed,pSA,0.0,1,20268848,2.5,211,20,20,269,100,9600,0.021979166666666668,0.2,0.2,2.69,source_project/paper_results/ldpc/N96_M48/pSA/best_params.csv,representative_pSA_specific_fixed_no_code_retuning,C03
N96_M48,96,48,new_03,new,2026082703,ef0825c883142c33397988cd2273dcf14ee1039e08a281fc2187af7c458c157a,48,0.5,0.5,pSA_specific_fixed,pSA,0.0,1,20268848,3.0,95,10,5,59,100,9600,0.009895833333333333,0.1,0.05,0.59,source_project/paper_results/ldpc/N96_M48/pSA/best_params.csv,representative_pSA_specific_fixed_no_code_retuning,C03
N96_M48,96,48,new_03,new,2026082703,ef0825c883142c33397988cd2273dcf14ee1039e08a281fc2187af7c458c157a,48,0.5,0.5,pSA_specific_fixed,pSA,0.0,2,20276870,2.0,350,31,30,450,100,9600,0.036458333333333336,0.31,0.3,4.5,source_project/paper_results/ldpc/N96_M48/pSA/best_params.csv,representative_pSA_specific_fixed_no_code_retuning,C03
N96_M48,96,48,new_03,new,2026082703,ef0825c883142c33397988cd2273dcf14ee1039e08a281fc2187af7c458c157a,48,0.5,0.5,pSA_specific_fixed,pSA,0.0,2,20276870,2.5,226,22,20,266,100,9600,0.023541666666666666,0.22,0.2,2.66,source_project/paper_results/ldpc/N96_M48/pSA/best_params.csv,representative_pSA_specific_fixed_no_code_retuning,C03
N96_M48,96,48,new_03,new,2026082703,ef0825c883142c33397988cd2273dcf14ee1039e08a281fc2187af7c458c157a,48,0.5,0.5,pSA_specific_fixed,pSA,0.0,2,20276870,3.0,86,10,8,106,100,9600,0.008958333333333334,0.1,0.08,1.06,source_project/paper_results/ldpc/N96_M48/pSA/best_params.csv,representative_pSA_specific_fixed_no_code_retuning,C03
N96_M48,96,48,new_03,new,2026082703,ef0825c883142c33397988cd2273dcf14ee1039e08a281fc2187af7c458c157a,48,0.5,0.5,pSA_specific_fixed,pSA,0.0,3,20284892,2.0,374,32,30,426,100,9600,0.03895833333333333,0.32,0.3,4.26,source_project/paper_results/ldpc/N96_M48/pSA/best_params.csv,representative_pSA_specific_fixed_no_code_retuning,C03
N96_M48,96,48,new_03,new,2026082703,ef0825c883142c33397988cd2273dcf14ee1039e08a281fc2187af7c458c157a,48,0.5,0.5,pSA_specific_fixed,pSA,0.0,3,20284892,2.5,155,15,14,167,100,9600,0.016145833333333335,0.15,0.14,1.67,source_project/paper_results/ldpc/N96_M48/pSA/best_params.csv,representative_pSA_specific_fixed_no_code_retuning,C03
N96_M48,96,48,new_03,new,2026082703,ef0825c883142c33397988cd2273dcf14ee1039e08a281fc2187af7c458c157a,48,0.5,0.5,pSA_specific_fixed,pSA,0.0,3,20284892,3.0,148,15,14,186,100,9600,0.015416666666666667,0.15,0.14,1.86,source_project/paper_results/ldpc/N96_M48/pSA/best_params.csv,representative_pSA_specific_fixed_no_code_retuning,C03
N96_M48,96,48,new_03,new,2026082703,ef0825c883142c33397988cd2273dcf14ee1039e08a281fc2187af7c458c157a,48,0.5,0.5,pSA_specific_fixed,pSA,0.0,4,20292914,2.0,363,34,32,441,100,9600,0.0378125,0.34,0.32,4.41,source_project/paper_results/ldpc/N96_M48/pSA/best_params.csv,representative_pSA_specific_fixed_no_code_retuning,C03
N96_M48,96,48,new_03,new,2026082703,ef0825c883142c33397988cd2273dcf14ee1039e08a281fc2187af7c458c157a,48,0.5,0.5,pSA_specific_fixed,pSA,0.0,4,20292914,2.5,144,14,14,168,100,9600,0.015,0.14,0.14,1.68,source_project/paper_results/ldpc/N96_M48/pSA/best_params.csv,representative_pSA_specific_fixed_no_code_retuning,C03
N96_M48,96,48,new_03,new,2026082703,ef0825c883142c33397988cd2273dcf14ee1039e08a281fc2187af7c458c157a,48,0.5,0.5,pSA_specific_fixed,pSA,0.0,4,20292914,3.0,117,12,10,149,100,9600,0.0121875,0.12,0.1,1.49,source_project/paper_results/ldpc/N96_M48/pSA/best_params.csv,representative_pSA_specific_fixed_no_code_retuning,C03
N96_M48,96,48,new_03,new,2026082703,ef0825c883142c33397988cd2273dcf14ee1039e08a281fc2187af7c458c157a,48,0.5,0.5,pSA_specific_fixed,pSA,0.0,5,20300936,2.0,382,33,31,440,100,9600,0.03979166666666667,0.33,0.31,4.4,source_project/paper_results/ldpc/N96_M48/pSA/best_params.csv,representative_pSA_specific_fixed_no_code_retuning,C03
N96_M48,96,48,new_03,new,2026082703,ef0825c883142c33397988cd2273dcf14ee1039e08a281fc2187af7c458c157a,48,0.5,0.5,pSA_specific_fixed,pSA,0.0,5,20300936,2.5,230,24,20,268,100,9600,0.023958333333333335,0.24,0.2,2.68,source_project/paper_results/ldpc/N96_M48/pSA/best_params.csv,representative_pSA_specific_fixed_no_code_retuning,C03
N96_M48,96,48,new_03,new,2026082703,ef0825c883142c33397988cd2273dcf14ee1039e08a281fc2187af7c458c157a,48,0.5,0.5,pSA_specific_fixed,pSA,0.0,5,20300936,3.0,68,7,5,50,100,9600,0.007083333333333333,0.07,0.05,0.5,source_project/paper_results/ldpc/N96_M48/pSA/best_params.csv,representative_pSA_specific_fixed_no_code_retuning,C03
N96_M48,96,48,new_03,new,2026082703,ef0825c883142c33397988cd2273dcf14ee1039e08a281fc2187af7c458c157a,48,0.5,0.5,pSA_specific_fixed,pSA,0.0,6,20308958,2.0,368,33,31,470,100,9600,0.03833333333333333,0.33,0.31,4.7,source_project/paper_results/ldpc/N96_M48/pSA/best_params.csv,representative_pSA_specific_fixed_no_code_retuning,C03
N96_M48,96,48,new_03,new,2026082703,ef0825c883142c33397988cd2273dcf14ee1039e08a281fc2187af7c458c157a,48,0.5,0.5,pSA_specific_fixed,pSA,0.0,6,20308958,2.5,230,23,22,272,100,9600,0.023958333333333335,0.23,0.22,2.72,source_project/paper_results/ldpc/N96_M48/pSA/best_params.csv,representative_pSA_specific_fixed_no_code_retuning,C03
N96_M48,96,48,new_03,new,2026082703,ef0825c883142c33397988cd2273dcf14ee1039e08a281fc2187af7c458c157a,48,0.5,0.5,pSA_specific_fixed,pSA,0.0,6,20308958,3.0,94,9,6,70,100,9600,0.009791666666666667,0.09,0.06,0.7,source_project/paper_results/ldpc/N96_M48/pSA/best_params.csv,representative_pSA_specific_fixed_no_code_retuning,C03
N96_M48,96,48,new_03,new,2026082703,ef0825c883142c33397988cd2273dcf14ee1039e08a281fc2187af7c458c157a,48,0.5,0.5,pSA_specific_fixed,pSA,0.0,7,20316980,2.0,355,32,26,369,100,9600,0.03697916666666667,0.32,0.26,3.69,source_project/paper_results/ldpc/N96_M48/pSA/best_params.csv,representative_pSA_specific_fixed_no_code_retuning,C03
N96_M48,96,48,new_03,new,2026082703,ef0825c883142c33397988cd2273dcf14ee1039e08a281fc2187af7c458c157a,48,0.5,0.5,pSA_specific_fixed,pSA,0.0,7,20316980,2.5,214,19,18,252,100,9600,0.022291666666666668,0.19,0.18,2.52,source_project/paper_results/ldpc/N96_M48/pSA/best_params.csv,representative_pSA_specific_fixed_no_code_retuning,C03
N96_M48,96,48,new_03,new,2026082703,ef0825c883142c33397988cd2273dcf14ee1039e08a281fc2187af7c458c157a,48,0.5,0.5,pSA_specific_fixed,pSA,0.0,7,20316980,3.0,116,13,11,116,100,9600,0.012083333333333333,0.13,0.11,1.16,source_project/paper_results/ldpc/N96_M48/pSA/best_params.csv,representative_pSA_specific_fixed_no_code_retuning,C03
N96_M48,96,48,new_03,new,2026082703,ef0825c883142c33397988cd2273dcf14ee1039e08a281fc2187af7c458c157a,48,0.5,0.5,pSA_specific_fixed,pSA,0.0,8,20325002,2.0,443,41,39,537,100,9600,0.04614583333333333,0.41,0.39,5.37,source_project/paper_results/ldpc/N96_M48/pSA/best_params.csv,representative_pSA_specific_fixed_no_code_retuning,C03
N96_M48,96,48,new_03,new,2026082703,ef0825c883142c33397988cd2273dcf14ee1039e08a281fc2187af7c458c157a,48,0.5,0.5,pSA_specific_fixed,pSA,0.0,8,20325002,2.5,175,16,15,203,100,9600,0.018229166666666668,0.16,0.15,2.03,source_project/paper_results/ldpc/N96_M48/pSA/best_params.csv,representative_pSA_specific_fixed_no_code_retuning,C03
N96_M48,96,48,new_03,new,2026082703,ef0825c883142c33397988cd2273dcf14ee1039e08a281fc2187af7c458c157a,48,0.5,0.5,pSA_specific_fixed,pSA,0.0,8,20325002,3.0,95,9,8,129,100,9600,0.009895833333333333,0.09,0.08,1.29,source_project/paper_results/ldpc/N96_M48/pSA/best_params.csv,representative_pSA_specific_fixed_no_code_retuning,C03
N96_M48,96,48,new_03,new,2026082703,ef0825c883142c33397988cd2273dcf14ee1039e08a281fc2187af7c458c157a,48,0.5,0.5,pSA_specific_fixed,pSA,0.0,9,20333024,2.0,338,31,29,432,100,9600,0.035208333333333335,0.31,0.29,4.32,source_project/paper_results/ldpc/N96_M48/pSA/best_params.csv,representative_pSA_specific_fixed_no_code_retuning,C03
N96_M48,96,48,new_03,new,2026082703,ef0825c883142c33397988cd2273dcf14ee1039e08a281fc2187af7c458c157a,48,0.5,0.5,pSA_specific_fixed,pSA,0.0,9,20333024,2.5,150,14,13,168,100,9600,0.015625,0.14,0.13,1.68,source_project/paper_results/ldpc/N96_M48/pSA/best_params.csv,representative_pSA_specific_fixed_no_code_retuning,C03
N96_M48,96,48,new_03,new,2026082703,ef0825c883142c33397988cd2273dcf14ee1039e08a281fc2187af7c458c157a,48,0.5,0.5,pSA_specific_fixed,pSA,0.0,9,20333024,3.0,97,10,8,93,100,9600,0.010104166666666666,0.1,0.08,0.93,source_project/paper_results/ldpc/N96_M48/pSA/best_params.csv,representative_pSA_specific_fixed_no_code_retuning,C03
N96_M48,96,48,new_04,new,2026082705,73ae8fd387fe1ec5f0fed45f3bcdcfa36f174f296e2b15dbf5e03296b297a132,48,0.5,0.5,pSA_specific_fixed,pSA,0.0,0,20260826,2.0,414,36,33,444,100,9600,0.043125,0.36,0.33,4.44,source_project/paper_results/ldpc/N96_M48/pSA/best_params.csv,representative_pSA_specific_fixed_no_code_retuning,C04
N96_M48,96,48,new_04,new,2026082705,73ae8fd387fe1ec5f0fed45f3bcdcfa36f174f296e2b15dbf5e03296b297a132,48,0.5,0.5,pSA_specific_fixed,pSA,0.0,0,20260826,2.5,203,20,19,239,100,9600,0.021145833333333332,0.2,0.19,2.39,source_project/paper_results/ldpc/N96_M48/pSA/best_params.csv,representative_pSA_specific_fixed_no_code_retuning,C04
N96_M48,96,48,new_04,new,2026082705,73ae8fd387fe1ec5f0fed45f3bcdcfa36f174f296e2b15dbf5e03296b297a132,48,0.5,0.5,pSA_specific_fixed,pSA,0.0,0,20260826,3.0,51,6,5,73,100,9600,0.0053125,0.06,0.05,0.73,source_project/paper_results/ldpc/N96_M48/pSA/best_params.csv,representative_pSA_specific_fixed_no_code_retuning,C04
N96_M48,96,48,new_04,new,2026082705,73ae8fd387fe1ec5f0fed45f3bcdcfa36f174f296e2b15dbf5e03296b297a132,48,0.5,0.5,pSA_specific_fixed,pSA,0.0,1,20268848,2.0,327,31,31,415,100,9600,0.0340625,0.31,0.31,4.15,source_project/paper_results/ldpc/N96_M48/pSA/best_params.csv,representative_pSA_specific_fixed_no_code_retuning,C04
N96_M48,96,48,new_04,new,2026082705,73ae8fd387fe1ec5f0fed45f3bcdcfa36f174f296e2b15dbf5e03296b297a132,48,0.5,0.5,pSA_specific_fixed,pSA,0.0,1,20268848,2.5,147,15,14,167,100,9600,0.0153125,0.15,0.14,1.67,source_project/paper_results/ldpc/N96_M48/pSA/best_params.csv,representative_pSA_specific_fixed_no_code_retuning,C04
N96_M48,96,48,new_04,new,2026082705,73ae8fd387fe1ec5f0fed45f3bcdcfa36f174f296e2b15dbf5e03296b297a132,48,0.5,0.5,pSA_specific_fixed,pSA,0.0,1,20268848,3.0,82,9,9,84,100,9600,0.008541666666666666,0.09,0.09,0.84,source_project/paper_results/ldpc/N96_M48/pSA/best_params.csv,representative_pSA_specific_fixed_no_code_retuning,C04
N96_M48,96,48,new_04,new,2026082705,73ae8fd387fe1ec5f0fed45f3bcdcfa36f174f296e2b15dbf5e03296b297a132,48,0.5,0.5,pSA_specific_fixed,pSA,0.0,2,20276870,2.0,237,21,20,285,100,9600,0.0246875,0.21,0.2,2.85,source_project/paper_results/ldpc/N96_M48/pSA/best_params.csv,representative_pSA_specific_fixed_no_code_retuning,C04
N96_M48,96,48,new_04,new,2026082705,73ae8fd387fe1ec5f0fed45f3bcdcfa36f174f296e2b15dbf5e03296b297a132,48,0.5,0.5,pSA_specific_fixed,pSA,0.0,2,20276870,2.5,179,17,15,209,100,9600,0.018645833333333334,0.17,0.15,2.09,source_project/paper_results/ldpc/N96_M48/pSA/best_params.csv,representative_pSA_specific_fixed_no_code_retuning,C04
N96_M48,96,48,new_04,new,2026082705,73ae8fd387fe1ec5f0fed45f3bcdcfa36f174f296e2b15dbf5e03296b297a132,48,0.5,0.5,pSA_specific_fixed,pSA,0.0,2,20276870,3.0,54,5,4,44,100,9600,0.005625,0.05,0.04,0.44,source_project/paper_results/ldpc/N96_M48/pSA/best_params.csv,representative_pSA_specific_fixed_no_code_retuning,C04
N96_M48,96,48,new_04,new,2026082705,73ae8fd387fe1ec5f0fed45f3bcdcfa36f174f296e2b15dbf5e03296b297a132,48,0.5,0.5,pSA_specific_fixed,pSA,0.0,3,20284892,2.0,324,31,30,426,100,9600,0.03375,0.31,0.3,4.26,source_project/paper_results/ldpc/N96_M48/pSA/best_params.csv,representative_pSA_specific_fixed_no_code_retuning,C04
N96_M48,96,48,new_04,new,2026082705,73ae8fd387fe1ec5f0fed45f3bcdcfa36f174f296e2b15dbf5e03296b297a132,48,0.5,0.5,pSA_specific_fixed,pSA,0.0,3,20284892,2.5,152,15,13,204,100,9600,0.015833333333333335,0.15,0.13,2.04,source_project/paper_results/ldpc/N96_M48/pSA/best_params.csv,representative_pSA_specific_fixed_no_code_retuning,C04
N96_M48,96,48,new_04,new,2026082705,73ae8fd387fe1ec5f0fed45f3bcdcfa36f174f296e2b15dbf5e03296b297a132,48,0.5,0.5,pSA_specific_fixed,pSA,0.0,3,20284892,3.0,111,10,9,97,100,9600,0.0115625,0.1,0.09,0.97,source_project/paper_results/ldpc/N96_M48/pSA/best_params.csv,representative_pSA_specific_fixed_no_code_retuning,C04
N96_M48,96,48,new_04,new,2026082705,73ae8fd387fe1ec5f0fed45f3bcdcfa36f174f296e2b15dbf5e03296b297a132,48,0.5,0.5,pSA_specific_fixed,pSA,0.0,4,20292914,2.0,372,35,35,508,100,9600,0.03875,0.35,0.35,5.08,source_project/paper_results/ldpc/N96_M48/pSA/best_params.csv,representative_pSA_specific_fixed_no_code_retuning,C04
N96_M48,96,48,new_04,new,2026082705,73ae8fd387fe1ec5f0fed45f3bcdcfa36f174f296e2b15dbf5e03296b297a132,48,0.5,0.5,pSA_specific_fixed,pSA,0.0,4,20292914,2.5,168,17,17,216,100,9600,0.0175,0.17,0.17,2.16,source_project/paper_results/ldpc/N96_M48/pSA/best_params.csv,representative_pSA_specific_fixed_no_code_retuning,C04
N96_M48,96,48,new_04,new,2026082705,73ae8fd387fe1ec5f0fed45f3bcdcfa36f174f296e2b15dbf5e03296b297a132,48,0.5,0.5,pSA_specific_fixed,pSA,0.0,4,20292914,3.0,73,9,9,81,100,9600,0.007604166666666667,0.09,0.09,0.81,source_project/paper_results/ldpc/N96_M48/pSA/best_params.csv,representative_pSA_specific_fixed_no_code_retuning,C04
N96_M48,96,48,new_04,new,2026082705,73ae8fd387fe1ec5f0fed45f3bcdcfa36f174f296e2b15dbf5e03296b297a132,48,0.5,0.5,pSA_specific_fixed,pSA,0.0,5,20300936,2.0,354,32,30,402,100,9600,0.036875,0.32,0.3,4.02,source_project/paper_results/ldpc/N96_M48/pSA/best_params.csv,representative_pSA_specific_fixed_no_code_retuning,C04
N96_M48,96,48,new_04,new,2026082705,73ae8fd387fe1ec5f0fed45f3bcdcfa36f174f296e2b15dbf5e03296b297a132,48,0.5,0.5,pSA_specific_fixed,pSA,0.0,5,20300936,2.5,194,17,14,216,100,9600,0.02020833333333333,0.17,0.14,2.16,source_project/paper_results/ldpc/N96_M48/pSA/best_params.csv,representative_pSA_specific_fixed_no_code_retuning,C04
N96_M48,96,48,new_04,new,2026082705,73ae8fd387fe1ec5f0fed45f3bcdcfa36f174f296e2b15dbf5e03296b297a132,48,0.5,0.5,pSA_specific_fixed,pSA,0.0,5,20300936,3.0,34,5,2,24,100,9600,0.0035416666666666665,0.05,0.02,0.24,source_project/paper_results/ldpc/N96_M48/pSA/best_params.csv,representative_pSA_specific_fixed_no_code_retuning,C04
N96_M48,96,48,new_04,new,2026082705,73ae8fd387fe1ec5f0fed45f3bcdcfa36f174f296e2b15dbf5e03296b297a132,48,0.5,0.5,pSA_specific_fixed,pSA,0.0,6,20308958,2.0,312,27,26,356,100,9600,0.0325,0.27,0.26,3.56,source_project/paper_results/ldpc/N96_M48/pSA/best_params.csv,representative_pSA_specific_fixed_no_code_retuning,C04
N96_M48,96,48,new_04,new,2026082705,73ae8fd387fe1ec5f0fed45f3bcdcfa36f174f296e2b15dbf5e03296b297a132,48,0.5,0.5,pSA_specific_fixed,pSA,0.0,6,20308958,2.5,236,23,20,254,100,9600,0.024583333333333332,0.23,0.2,2.54,source_project/paper_results/ldpc/N96_M48/pSA/best_params.csv,representative_pSA_specific_fixed_no_code_retuning,C04
N96_M48,96,48,new_04,new,2026082705,73ae8fd387fe1ec5f0fed45f3bcdcfa36f174f296e2b15dbf5e03296b297a132,48,0.5,0.5,pSA_specific_fixed,pSA,0.0,6,20308958,3.0,62,8,6,58,100,9600,0.006458333333333333,0.08,0.06,0.58,source_project/paper_results/ldpc/N96_M48/pSA/best_params.csv,representative_pSA_specific_fixed_no_code_retuning,C04
N96_M48,96,48,new_04,new,2026082705,73ae8fd387fe1ec5f0fed45f3bcdcfa36f174f296e2b15dbf5e03296b297a132,48,0.5,0.5,pSA_specific_fixed,pSA,0.0,7,20316980,2.0,357,33,31,425,100,9600,0.0371875,0.33,0.31,4.25,source_project/paper_results/ldpc/N96_M48/pSA/best_params.csv,representative_pSA_specific_fixed_no_code_retuning,C04
N96_M48,96,48,new_04,new,2026082705,73ae8fd387fe1ec5f0fed45f3bcdcfa36f174f296e2b15dbf5e03296b297a132,48,0.5,0.5,pSA_specific_fixed,pSA,0.0,7,20316980,2.5,171,19,16,193,100,9600,0.0178125,0.19,0.16,1.93,source_project/paper_results/ldpc/N96_M48/pSA/best_params.csv,representative_pSA_specific_fixed_no_code_retuning,C04
N96_M48,96,48,new_04,new,2026082705,73ae8fd387fe1ec5f0fed45f3bcdcfa36f174f296e2b15dbf5e03296b297a132,48,0.5,0.5,pSA_specific_fixed,pSA,0.0,7,20316980,3.0,48,6,5,56,100,9600,0.005,0.06,0.05,0.56,source_project/paper_results/ldpc/N96_M48/pSA/best_params.csv,representative_pSA_specific_fixed_no_code_retuning,C04
N96_M48,96,48,new_04,new,2026082705,73ae8fd387fe1ec5f0fed45f3bcdcfa36f174f296e2b15dbf5e03296b297a132,48,0.5,0.5,pSA_specific_fixed,pSA,0.0,8,20325002,2.0,362,34,34,452,100,9600,0.03770833333333334,0.34,0.34,4.52,source_project/paper_results/ldpc/N96_M48/pSA/best_params.csv,representative_pSA_specific_fixed_no_code_retuning,C04
N96_M48,96,48,new_04,new,2026082705,73ae8fd387fe1ec5f0fed45f3bcdcfa36f174f296e2b15dbf5e03296b297a132,48,0.5,0.5,pSA_specific_fixed,pSA,0.0,8,20325002,2.5,200,21,18,204,100,9600,0.020833333333333332,0.21,0.18,2.04,source_project/paper_results/ldpc/N96_M48/pSA/best_params.csv,representative_pSA_specific_fixed_no_code_retuning,C04
N96_M48,96,48,new_04,new,2026082705,73ae8fd387fe1ec5f0fed45f3bcdcfa36f174f296e2b15dbf5e03296b297a132,48,0.5,0.5,pSA_specific_fixed,pSA,0.0,8,20325002,3.0,33,4,4,47,100,9600,0.0034375,0.04,0.04,0.47,source_project/paper_results/ldpc/N96_M48/pSA/best_params.csv,representative_pSA_specific_fixed_no_code_retuning,C04
N96_M48,96,48,new_04,new,2026082705,73ae8fd387fe1ec5f0fed45f3bcdcfa36f174f296e2b15dbf5e03296b297a132,48,0.5,0.5,pSA_specific_fixed,pSA,0.0,9,20333024,2.0,270,27,26,360,100,9600,0.028125,0.27,0.26,3.6,source_project/paper_results/ldpc/N96_M48/pSA/best_params.csv,representative_pSA_specific_fixed_no_code_retuning,C04
N96_M48,96,48,new_04,new,2026082705,73ae8fd387fe1ec5f0fed45f3bcdcfa36f174f296e2b15dbf5e03296b297a132,48,0.5,0.5,pSA_specific_fixed,pSA,0.0,9,20333024,2.5,89,9,8,105,100,9600,0.009270833333333334,0.09,0.08,1.05,source_project/paper_results/ldpc/N96_M48/pSA/best_params.csv,representative_pSA_specific_fixed_no_code_retuning,C04
N96_M48,96,48,new_04,new,2026082705,73ae8fd387fe1ec5f0fed45f3bcdcfa36f174f296e2b15dbf5e03296b297a132,48,0.5,0.5,pSA_specific_fixed,pSA,0.0,9,20333024,3.0,67,8,5,49,100,9600,0.0069791666666666665,0.08,0.05,0.49,source_project/paper_results/ldpc/N96_M48/pSA/best_params.csv,representative_pSA_specific_fixed_no_code_retuning,C04
N96_M48,96,48,new_05,new,2026082706,026bd1eaf096a41944dbc2a3180d49e49f88de5ab034f95f1a0a8d75cf295a4b,48,0.5,0.5,pSA_specific_fixed,pSA,0.0,0,20260826,2.0,392,35,34,504,100,9600,0.04083333333333333,0.35,0.34,5.04,source_project/paper_results/ldpc/N96_M48/pSA/best_params.csv,representative_pSA_specific_fixed_no_code_retuning,C05
N96_M48,96,48,new_05,new,2026082706,026bd1eaf096a41944dbc2a3180d49e49f88de5ab034f95f1a0a8d75cf295a4b,48,0.5,0.5,pSA_specific_fixed,pSA,0.0,0,20260826,2.5,259,23,22,279,100,9600,0.026979166666666665,0.23,0.22,2.79,source_project/paper_results/ldpc/N96_M48/pSA/best_params.csv,representative_pSA_specific_fixed_no_code_retuning,C05
N96_M48,96,48,new_05,new,2026082706,026bd1eaf096a41944dbc2a3180d49e49f88de5ab034f95f1a0a8d75cf295a4b,48,0.5,0.5,pSA_specific_fixed,pSA,0.0,0,20260826,3.0,79,8,8,101,100,9600,0.008229166666666666,0.08,0.08,1.01,source_project/paper_results/ldpc/N96_M48/pSA/best_params.csv,representative_pSA_specific_fixed_no_code_retuning,C05
N96_M48,96,48,new_05,new,2026082706,026bd1eaf096a41944dbc2a3180d49e49f88de5ab034f95f1a0a8d75cf295a4b,48,0.5,0.5,pSA_specific_fixed,pSA,0.0,1,20268848,2.0,274,27,25,344,100,9600,0.028541666666666667,0.27,0.25,3.44,source_project/paper_results/ldpc/N96_M48/pSA/best_params.csv,representative_pSA_specific_fixed_no_code_retuning,C05
N96_M48,96,48,new_05,new,2026082706,026bd1eaf096a41944dbc2a3180d49e49f88de5ab034f95f1a0a8d75cf295a4b,48,0.5,0.5,pSA_specific_fixed,pSA,0.0,1,20268848,2.5,219,22,20,253,100,9600,0.0228125,0.22,0.2,2.53,source_project/paper_results/ldpc/N96_M48/pSA/best_params.csv,representative_pSA_specific_fixed_no_code_retuning,C05
N96_M48,96,48,new_05,new,2026082706,026bd1eaf096a41944dbc2a3180d49e49f88de5ab034f95f1a0a8d75cf295a4b,48,0.5,0.5,pSA_specific_fixed,pSA,0.0,1,20268848,3.0,103,11,9,117,100,9600,0.010729166666666666,0.11,0.09,1.17,source_project/paper_results/ldpc/N96_M48/pSA/best_params.csv,representative_pSA_specific_fixed_no_code_retuning,C05
N96_M48,96,48,new_05,new,2026082706,026bd1eaf096a41944dbc2a3180d49e49f88de5ab034f95f1a0a8d75cf295a4b,48,0.5,0.5,pSA_specific_fixed,pSA,0.0,2,20276870,2.0,302,31,28,414,100,9600,0.03145833333333333,0.31,0.28,4.14,source_project/paper_results/ldpc/N96_M48/pSA/best_params.csv,representative_pSA_specific_fixed_no_code_retuning,C05
N96_M48,96,48,new_05,new,2026082706,026bd1eaf096a41944dbc2a3180d49e49f88de5ab034f95f1a0a8d75cf295a4b,48,0.5,0.5,pSA_specific_fixed,pSA,0.0,2,20276870,2.5,231,20,19,273,100,9600,0.0240625,0.2,0.19,2.73,source_project/paper_results/ldpc/N96_M48/pSA/best_params.csv,representative_pSA_specific_fixed_no_code_retuning,C05
N96_M48,96,48,new_05,new,2026082706,026bd1eaf096a41944dbc2a3180d49e49f88de5ab034f95f1a0a8d75cf295a4b,48,0.5,0.5,pSA_specific_fixed,pSA,0.0,2,20276870,3.0,71,8,7,71,100,9600,0.007395833333333333,0.08,0.07,0.71,source_project/paper_results/ldpc/N96_M48/pSA/best_params.csv,representative_pSA_specific_fixed_no_code_retuning,C05
N96_M48,96,48,new_05,new,2026082706,026bd1eaf096a41944dbc2a3180d49e49f88de5ab034f95f1a0a8d75cf295a4b,48,0.5,0.5,pSA_specific_fixed,pSA,0.0,3,20284892,2.0,383,33,30,437,100,9600,0.03989583333333333,0.33,0.3,4.37,source_project/paper_results/ldpc/N96_M48/pSA/best_params.csv,representative_pSA_specific_fixed_no_code_retuning,C05
N96_M48,96,48,new_05,new,2026082706,026bd1eaf096a41944dbc2a3180d49e49f88de5ab034f95f1a0a8d75cf295a4b,48,0.5,0.5,pSA_specific_fixed,pSA,0.0,3,20284892,2.5,180,17,13,186,100,9600,0.01875,0.17,0.13,1.86,source_project/paper_results/ldpc/N96_M48/pSA/best_params.csv,representative_pSA_specific_fixed_no_code_retuning,C05
N96_M48,96,48,new_05,new,2026082706,026bd1eaf096a41944dbc2a3180d49e49f88de5ab034f95f1a0a8d75cf295a4b,48,0.5,0.5,pSA_specific_fixed,pSA,0.0,3,20284892,3.0,147,15,14,169,100,9600,0.0153125,0.15,0.14,1.69,source_project/paper_results/ldpc/N96_M48/pSA/best_params.csv,representative_pSA_specific_fixed_no_code_retuning,C05
N96_M48,96,48,new_05,new,2026082706,026bd1eaf096a41944dbc2a3180d49e49f88de5ab034f95f1a0a8d75cf295a4b,48,0.5,0.5,pSA_specific_fixed,pSA,0.0,4,20292914,2.0,362,32,28,366,100,9600,0.03770833333333334,0.32,0.28,3.66,source_project/paper_results/ldpc/N96_M48/pSA/best_params.csv,representative_pSA_specific_fixed_no_code_retuning,C05
N96_M48,96,48,new_05,new,2026082706,026bd1eaf096a41944dbc2a3180d49e49f88de5ab034f95f1a0a8d75cf295a4b,48,0.5,0.5,pSA_specific_fixed,pSA,0.0,4,20292914,2.5,129,13,12,143,100,9600,0.0134375,0.13,0.12,1.43,source_project/paper_results/ldpc/N96_M48/pSA/best_params.csv,representative_pSA_specific_fixed_no_code_retuning,C05
N96_M48,96,48,new_05,new,2026082706,026bd1eaf096a41944dbc2a3180d49e49f88de5ab034f95f1a0a8d75cf295a4b,48,0.5,0.5,pSA_specific_fixed,pSA,0.0,4,20292914,3.0,137,16,14,135,100,9600,0.014270833333333333,0.16,0.14,1.35,source_project/paper_results/ldpc/N96_M48/pSA/best_params.csv,representative_pSA_specific_fixed_no_code_retuning,C05
N96_M48,96,48,new_05,new,2026082706,026bd1eaf096a41944dbc2a3180d49e49f88de5ab034f95f1a0a8d75cf295a4b,48,0.5,0.5,pSA_specific_fixed,pSA,0.0,5,20300936,2.0,336,32,28,388,100,9600,0.035,0.32,0.28,3.88,source_project/paper_results/ldpc/N96_M48/pSA/best_params.csv,representative_pSA_specific_fixed_no_code_retuning,C05
N96_M48,96,48,new_05,new,2026082706,026bd1eaf096a41944dbc2a3180d49e49f88de5ab034f95f1a0a8d75cf295a4b,48,0.5,0.5,pSA_specific_fixed,pSA,0.0,5,20300936,2.5,209,20,18,219,100,9600,0.021770833333333333,0.2,0.18,2.19,source_project/paper_results/ldpc/N96_M48/pSA/best_params.csv,representative_pSA_specific_fixed_no_code_retuning,C05
N96_M48,96,48,new_05,new,2026082706,026bd1eaf096a41944dbc2a3180d49e49f88de5ab034f95f1a0a8d75cf295a4b,48,0.5,0.5,pSA_specific_fixed,pSA,0.0,5,20300936,3.0,52,7,5,62,100,9600,0.005416666666666667,0.07,0.05,0.62,source_project/paper_results/ldpc/N96_M48/pSA/best_params.csv,representative_pSA_specific_fixed_no_code_retuning,C05
N96_M48,96,48,new_05,new,2026082706,026bd1eaf096a41944dbc2a3180d49e49f88de5ab034f95f1a0a8d75cf295a4b,48,0.5,0.5,pSA_specific_fixed,pSA,0.0,6,20308958,2.0,441,40,39,555,100,9600,0.0459375,0.4,0.39,5.55,source_project/paper_results/ldpc/N96_M48/pSA/best_params.csv,representative_pSA_specific_fixed_no_code_retuning,C05
N96_M48,96,48,new_05,new,2026082706,026bd1eaf096a41944dbc2a3180d49e49f88de5ab034f95f1a0a8d75cf295a4b,48,0.5,0.5,pSA_specific_fixed,pSA,0.0,6,20308958,2.5,236,23,23,318,100,9600,0.024583333333333332,0.23,0.23,3.18,source_project/paper_results/ldpc/N96_M48/pSA/best_params.csv,representative_pSA_specific_fixed_no_code_retuning,C05
N96_M48,96,48,new_05,new,2026082706,026bd1eaf096a41944dbc2a3180d49e49f88de5ab034f95f1a0a8d75cf295a4b,48,0.5,0.5,pSA_specific_fixed,pSA,0.0,6,20308958,3.0,89,11,11,125,100,9600,0.009270833333333334,0.11,0.11,1.25,source_project/paper_results/ldpc/N96_M48/pSA/best_params.csv,representative_pSA_specific_fixed_no_code_retuning,C05
N96_M48,96,48,new_05,new,2026082706,026bd1eaf096a41944dbc2a3180d49e49f88de5ab034f95f1a0a8d75cf295a4b,48,0.5,0.5,pSA_specific_fixed,pSA,0.0,7,20316980,2.0,373,33,32,437,100,9600,0.03885416666666667,0.33,0.32,4.37,source_project/paper_results/ldpc/N96_M48/pSA/best_params.csv,representative_pSA_specific_fixed_no_code_retuning,C05
N96_M48,96,48,new_05,new,2026082706,026bd1eaf096a41944dbc2a3180d49e49f88de5ab034f95f1a0a8d75cf295a4b,48,0.5,0.5,pSA_specific_fixed,pSA,0.0,7,20316980,2.5,175,18,17,199,100,9600,0.018229166666666668,0.18,0.17,1.99,source_project/paper_results/ldpc/N96_M48/pSA/best_params.csv,representative_pSA_specific_fixed_no_code_retuning,C05
N96_M48,96,48,new_05,new,2026082706,026bd1eaf096a41944dbc2a3180d49e49f88de5ab034f95f1a0a8d75cf295a4b,48,0.5,0.5,pSA_specific_fixed,pSA,0.0,7,20316980,3.0,111,11,11,141,100,9600,0.0115625,0.11,0.11,1.41,source_project/paper_results/ldpc/N96_M48/pSA/best_params.csv,representative_pSA_specific_fixed_no_code_retuning,C05
N96_M48,96,48,new_05,new,2026082706,026bd1eaf096a41944dbc2a3180d49e49f88de5ab034f95f1a0a8d75cf295a4b,48,0.5,0.5,pSA_specific_fixed,pSA,0.0,8,20325002,2.0,408,35,34,502,100,9600,0.0425,0.35,0.34,5.02,source_project/paper_results/ldpc/N96_M48/pSA/best_params.csv,representative_pSA_specific_fixed_no_code_retuning,C05
N96_M48,96,48,new_05,new,2026082706,026bd1eaf096a41944dbc2a3180d49e49f88de5ab034f95f1a0a8d75cf295a4b,48,0.5,0.5,pSA_specific_fixed,pSA,0.0,8,20325002,2.5,173,18,16,205,100,9600,0.018020833333333333,0.18,0.16,2.05,source_project/paper_results/ldpc/N96_M48/pSA/best_params.csv,representative_pSA_specific_fixed_no_code_retuning,C05
N96_M48,96,48,new_05,new,2026082706,026bd1eaf096a41944dbc2a3180d49e49f88de5ab034f95f1a0a8d75cf295a4b,48,0.5,0.5,pSA_specific_fixed,pSA,0.0,8,20325002,3.0,115,12,12,131,100,9600,0.011979166666666667,0.12,0.12,1.31,source_project/paper_results/ldpc/N96_M48/pSA/best_params.csv,representative_pSA_specific_fixed_no_code_retuning,C05
N96_M48,96,48,new_05,new,2026082706,026bd1eaf096a41944dbc2a3180d49e49f88de5ab034f95f1a0a8d75cf295a4b,48,0.5,0.5,pSA_specific_fixed,pSA,0.0,9,20333024,2.0,338,33,32,428,100,9600,0.035208333333333335,0.33,0.32,4.28,source_project/paper_results/ldpc/N96_M48/pSA/best_params.csv,representative_pSA_specific_fixed_no_code_retuning,C05
N96_M48,96,48,new_05,new,2026082706,026bd1eaf096a41944dbc2a3180d49e49f88de5ab034f95f1a0a8d75cf295a4b,48,0.5,0.5,pSA_specific_fixed,pSA,0.0,9,20333024,2.5,171,18,14,171,100,9600,0.0178125,0.18,0.14,1.71,source_project/paper_results/ldpc/N96_M48/pSA/best_params.csv,representative_pSA_specific_fixed_no_code_retuning,C05
N96_M48,96,48,new_05,new,2026082706,026bd1eaf096a41944dbc2a3180d49e49f88de5ab034f95f1a0a8d75cf295a4b,48,0.5,0.5,pSA_specific_fixed,pSA,0.0,9,20333024,3.0,124,13,9,86,100,9600,0.012916666666666667,0.13,0.09,0.86,source_project/paper_results/ldpc/N96_M48/pSA/best_params.csv,representative_pSA_specific_fixed_no_code_retuning,C05
N96_M48,96,48,new_06,new,2026082707,47d9c6bb6c823c7cfd0a7639b29b34f27b27d9278960ff82a10909709bce4707,48,0.5,0.5,pSA_specific_fixed,pSA,0.0,0,20260826,2.0,414,36,33,466,100,9600,0.043125,0.36,0.33,4.66,source_project/paper_results/ldpc/N96_M48/pSA/best_params.csv,representative_pSA_specific_fixed_no_code_retuning,C06
N96_M48,96,48,new_06,new,2026082707,47d9c6bb6c823c7cfd0a7639b29b34f27b27d9278960ff82a10909709bce4707,48,0.5,0.5,pSA_specific_fixed,pSA,0.0,0,20260826,2.5,173,16,14,199,100,9600,0.018020833333333333,0.16,0.14,1.99,source_project/paper_results/ldpc/N96_M48/pSA/best_params.csv,representative_pSA_specific_fixed_no_code_retuning,C06
N96_M48,96,48,new_06,new,2026082707,47d9c6bb6c823c7cfd0a7639b29b34f27b27d9278960ff82a10909709bce4707,48,0.5,0.5,pSA_specific_fixed,pSA,0.0,0,20260826,3.0,78,8,7,72,100,9600,0.008125,0.08,0.07,0.72,source_project/paper_results/ldpc/N96_M48/pSA/best_params.csv,representative_pSA_specific_fixed_no_code_retuning,C06
N96_M48,96,48,new_06,new,2026082707,47d9c6bb6c823c7cfd0a7639b29b34f27b27d9278960ff82a10909709bce4707,48,0.5,0.5,pSA_specific_fixed,pSA,0.0,1,20268848,2.0,332,29,28,412,100,9600,0.034583333333333334,0.29,0.28,4.12,source_project/paper_results/ldpc/N96_M48/pSA/best_params.csv,representative_pSA_specific_fixed_no_code_retuning,C06
N96_M48,96,48,new_06,new,2026082707,47d9c6bb6c823c7cfd0a7639b29b34f27b27d9278960ff82a10909709bce4707,48,0.5,0.5,pSA_specific_fixed,pSA,0.0,1,20268848,2.5,190,16,16,218,100,9600,0.019791666666666666,0.16,0.16,2.18,source_project/paper_results/ldpc/N96_M48/pSA/best_params.csv,representative_pSA_specific_fixed_no_code_retuning,C06
N96_M48,96,48,new_06,new,2026082707,47d9c6bb6c823c7cfd0a7639b29b34f27b27d9278960ff82a10909709bce4707,48,0.5,0.5,pSA_specific_fixed,pSA,0.0,1,20268848,3.0,82,10,9,94,100,9600,0.008541666666666666,0.1,0.09,0.94,source_project/paper_results/ldpc/N96_M48/pSA/best_params.csv,representative_pSA_specific_fixed_no_code_retuning,C06
N96_M48,96,48,new_06,new,2026082707,47d9c6bb6c823c7cfd0a7639b29b34f27b27d9278960ff82a10909709bce4707,48,0.5,0.5,pSA_specific_fixed,pSA,0.0,2,20276870,2.0,286,26,25,364,100,9600,0.029791666666666668,0.26,0.25,3.64,source_project/paper_results/ldpc/N96_M48/pSA/best_params.csv,representative_pSA_specific_fixed_no_code_retuning,C06
N96_M48,96,48,new_06,new,2026082707,47d9c6bb6c823c7cfd0a7639b29b34f27b27d9278960ff82a10909709bce4707,48,0.5,0.5,pSA_specific_fixed,pSA,0.0,2,20276870,2.5,272,26,26,330,100,9600,0.028333333333333332,0.26,0.26,3.3,source_project/paper_results/ldpc/N96_M48/pSA/best_params.csv,representative_pSA_specific_fixed_no_code_retuning,C06
N96_M48,96,48,new_06,new,2026082707,47d9c6bb6c823c7cfd0a7639b29b34f27b27d9278960ff82a10909709bce4707,48,0.5,0.5,pSA_specific_fixed,pSA,0.0,2,20276870,3.0,31,3,3,41,100,9600,0.0032291666666666666,0.03,0.03,0.41,source_project/paper_results/ldpc/N96_M48/pSA/best_params.csv,representative_pSA_specific_fixed_no_code_retuning,C06
N96_M48,96,48,new_06,new,2026082707,47d9c6bb6c823c7cfd0a7639b29b34f27b27d9278960ff82a10909709bce4707,48,0.5,0.5,pSA_specific_fixed,pSA,0.0,3,20284892,2.0,391,35,35,503,100,9600,0.040729166666666664,0.35,0.35,5.03,source_project/paper_results/ldpc/N96_M48/pSA/best_params.csv,representative_pSA_specific_fixed_no_code_retuning,C06
N96_M48,96,48,new_06,new,2026082707,47d9c6bb6c823c7cfd0a7639b29b34f27b27d9278960ff82a10909709bce4707,48,0.5,0.5,pSA_specific_fixed,pSA,0.0,3,20284892,2.5,161,15,15,185,100,9600,0.016770833333333332,0.15,0.15,1.85,source_project/paper_results/ldpc/N96_M48/pSA/best_params.csv,representative_pSA_specific_fixed_no_code_retuning,C06
N96_M48,96,48,new_06,new,2026082707,47d9c6bb6c823c7cfd0a7639b29b34f27b27d9278960ff82a10909709bce4707,48,0.5,0.5,pSA_specific_fixed,pSA,0.0,3,20284892,3.0,124,13,13,152,100,9600,0.012916666666666667,0.13,0.13,1.52,source_project/paper_results/ldpc/N96_M48/pSA/best_params.csv,representative_pSA_specific_fixed_no_code_retuning,C06
N96_M48,96,48,new_06,new,2026082707,47d9c6bb6c823c7cfd0a7639b29b34f27b27d9278960ff82a10909709bce4707,48,0.5,0.5,pSA_specific_fixed,pSA,0.0,4,20292914,2.0,307,29,28,389,100,9600,0.03197916666666667,0.29,0.28,3.89,source_project/paper_results/ldpc/N96_M48/pSA/best_params.csv,representative_pSA_specific_fixed_no_code_retuning,C06
N96_M48,96,48,new_06,new,2026082707,47d9c6bb6c823c7cfd0a7639b29b34f27b27d9278960ff82a10909709bce4707,48,0.5,0.5,pSA_specific_fixed,pSA,0.0,4,20292914,2.5,144,15,15,176,100,9600,0.015,0.15,0.15,1.76,source_project/paper_results/ldpc/N96_M48/pSA/best_params.csv,representative_pSA_specific_fixed_no_code_retuning,C06
N96_M48,96,48,new_06,new,2026082707,47d9c6bb6c823c7cfd0a7639b29b34f27b27d9278960ff82a10909709bce4707,48,0.5,0.5,pSA_specific_fixed,pSA,0.0,4,20292914,3.0,118,12,12,152,100,9600,0.012291666666666666,0.12,0.12,1.52,source_project/paper_results/ldpc/N96_M48/pSA/best_params.csv,representative_pSA_specific_fixed_no_code_retuning,C06
N96_M48,96,48,new_06,new,2026082707,47d9c6bb6c823c7cfd0a7639b29b34f27b27d9278960ff82a10909709bce4707,48,0.5,0.5,pSA_specific_fixed,pSA,0.0,5,20300936,2.0,318,29,29,362,100,9600,0.033125,0.29,0.29,3.62,source_project/paper_results/ldpc/N96_M48/pSA/best_params.csv,representative_pSA_specific_fixed_no_code_retuning,C06
N96_M48,96,48,new_06,new,2026082707,47d9c6bb6c823c7cfd0a7639b29b34f27b27d9278960ff82a10909709bce4707,48,0.5,0.5,pSA_specific_fixed,pSA,0.0,5,20300936,2.5,184,18,16,208,100,9600,0.019166666666666665,0.18,0.16,2.08,source_project/paper_results/ldpc/N96_M48/pSA/best_params.csv,representative_pSA_specific_fixed_no_code_retuning,C06
N96_M48,96,48,new_06,new,2026082707,47d9c6bb6c823c7cfd0a7639b29b34f27b27d9278960ff82a10909709bce4707,48,0.5,0.5,pSA_specific_fixed,pSA,0.0,5,20300936,3.0,57,6,6,63,100,9600,0.0059375,0.06,0.06,0.63,source_project/paper_results/ldpc/N96_M48/pSA/best_params.csv,representative_pSA_specific_fixed_no_code_retuning,C06
N96_M48,96,48,new_06,new,2026082707,47d9c6bb6c823c7cfd0a7639b29b34f27b27d9278960ff82a10909709bce4707,48,0.5,0.5,pSA_specific_fixed,pSA,0.0,6,20308958,2.0,372,34,33,454,100,9600,0.03875,0.34,0.33,4.54,source_project/paper_results/ldpc/N96_M48/pSA/best_params.csv,representative_pSA_specific_fixed_no_code_retuning,C06
N96_M48,96,48,new_06,new,2026082707,47d9c6bb6c823c7cfd0a7639b29b34f27b27d9278960ff82a10909709bce4707,48,0.5,0.5,pSA_specific_fixed,pSA,0.0,6,20308958,2.5,243,25,23,273,100,9600,0.0253125,0.25,0.23,2.73,source_project/paper_results/ldpc/N96_M48/pSA/best_params.csv,representative_pSA_specific_fixed_no_code_retuning,C06
N96_M48,96,48,new_06,new,2026082707,47d9c6bb6c823c7cfd0a7639b29b34f27b27d9278960ff82a10909709bce4707,48,0.5,0.5,pSA_specific_fixed,pSA,0.0,6,20308958,3.0,73,7,7,77,100,9600,0.007604166666666667,0.07,0.07,0.77,source_project/paper_results/ldpc/N96_M48/pSA/best_params.csv,representative_pSA_specific_fixed_no_code_retuning,C06
N96_M48,96,48,new_06,new,2026082707,47d9c6bb6c823c7cfd0a7639b29b34f27b27d9278960ff82a10909709bce4707,48,0.5,0.5,pSA_specific_fixed,pSA,0.0,7,20316980,2.0,306,31,31,396,100,9600,0.031875,0.31,0.31,3.96,source_project/paper_results/ldpc/N96_M48/pSA/best_params.csv,representative_pSA_specific_fixed_no_code_retuning,C06
N96_M48,96,48,new_06,new,2026082707,47d9c6bb6c823c7cfd0a7639b29b34f27b27d9278960ff82a10909709bce4707,48,0.5,0.5,pSA_specific_fixed,pSA,0.0,7,20316980,2.5,240,23,21,270,100,9600,0.025,0.23,0.21,2.7,source_project/paper_results/ldpc/N96_M48/pSA/best_params.csv,representative_pSA_specific_fixed_no_code_retuning,C06
N96_M48,96,48,new_06,new,2026082707,47d9c6bb6c823c7cfd0a7639b29b34f27b27d9278960ff82a10909709bce4707,48,0.5,0.5,pSA_specific_fixed,pSA,0.0,7,20316980,3.0,85,8,8,101,100,9600,0.008854166666666666,0.08,0.08,1.01,source_project/paper_results/ldpc/N96_M48/pSA/best_params.csv,representative_pSA_specific_fixed_no_code_retuning,C06
N96_M48,96,48,new_06,new,2026082707,47d9c6bb6c823c7cfd0a7639b29b34f27b27d9278960ff82a10909709bce4707,48,0.5,0.5,pSA_specific_fixed,pSA,0.0,8,20325002,2.0,507,48,48,689,100,9600,0.0528125,0.48,0.48,6.89,source_project/paper_results/ldpc/N96_M48/pSA/best_params.csv,representative_pSA_specific_fixed_no_code_retuning,C06
N96_M48,96,48,new_06,new,2026082707,47d9c6bb6c823c7cfd0a7639b29b34f27b27d9278960ff82a10909709bce4707,48,0.5,0.5,pSA_specific_fixed,pSA,0.0,8,20325002,2.5,159,15,13,171,100,9600,0.0165625,0.15,0.13,1.71,source_project/paper_results/ldpc/N96_M48/pSA/best_params.csv,representative_pSA_specific_fixed_no_code_retuning,C06
N96_M48,96,48,new_06,new,2026082707,47d9c6bb6c823c7cfd0a7639b29b34f27b27d9278960ff82a10909709bce4707,48,0.5,0.5,pSA_specific_fixed,pSA,0.0,8,20325002,3.0,98,10,9,106,100,9600,0.010208333333333333,0.1,0.09,1.06,source_project/paper_results/ldpc/N96_M48/pSA/best_params.csv,representative_pSA_specific_fixed_no_code_retuning,C06
N96_M48,96,48,new_06,new,2026082707,47d9c6bb6c823c7cfd0a7639b29b34f27b27d9278960ff82a10909709bce4707,48,0.5,0.5,pSA_specific_fixed,pSA,0.0,9,20333024,2.0,326,34,34,434,100,9600,0.03395833333333333,0.34,0.34,4.34,source_project/paper_results/ldpc/N96_M48/pSA/best_params.csv,representative_pSA_specific_fixed_no_code_retuning,C06
N96_M48,96,48,new_06,new,2026082707,47d9c6bb6c823c7cfd0a7639b29b34f27b27d9278960ff82a10909709bce4707,48,0.5,0.5,pSA_specific_fixed,pSA,0.0,9,20333024,2.5,216,19,19,256,100,9600,0.0225,0.19,0.19,2.56,source_project/paper_results/ldpc/N96_M48/pSA/best_params.csv,representative_pSA_specific_fixed_no_code_retuning,C06
N96_M48,96,48,new_06,new,2026082707,47d9c6bb6c823c7cfd0a7639b29b34f27b27d9278960ff82a10909709bce4707,48,0.5,0.5,pSA_specific_fixed,pSA,0.0,9,20333024,3.0,97,11,10,109,100,9600,0.010104166666666666,0.11,0.1,1.09,source_project/paper_results/ldpc/N96_M48/pSA/best_params.csv,representative_pSA_specific_fixed_no_code_retuning,C06
N96_M48,96,48,new_07,new,2026082708,bceb8ea4474c4ff60e9ed323d2b83f246d601ff90da09b5e114d1a736f73eeac,48,0.5,0.5,pSA_specific_fixed,pSA,0.0,0,20260826,2.0,414,37,36,506,100,9600,0.043125,0.37,0.36,5.06,source_project/paper_results/ldpc/N96_M48/pSA/best_params.csv,representative_pSA_specific_fixed_no_code_retuning,C07
N96_M48,96,48,new_07,new,2026082708,bceb8ea4474c4ff60e9ed323d2b83f246d601ff90da09b5e114d1a736f73eeac,48,0.5,0.5,pSA_specific_fixed,pSA,0.0,0,20260826,2.5,206,20,20,268,100,9600,0.021458333333333333,0.2,0.2,2.68,source_project/paper_results/ldpc/N96_M48/pSA/best_params.csv,representative_pSA_specific_fixed_no_code_retuning,C07
N96_M48,96,48,new_07,new,2026082708,bceb8ea4474c4ff60e9ed323d2b83f246d601ff90da09b5e114d1a736f73eeac,48,0.5,0.5,pSA_specific_fixed,pSA,0.0,0,20260826,3.0,87,10,9,95,100,9600,0.0090625,0.1,0.09,0.95,source_project/paper_results/ldpc/N96_M48/pSA/best_params.csv,representative_pSA_specific_fixed_no_code_retuning,C07
N96_M48,96,48,new_07,new,2026082708,bceb8ea4474c4ff60e9ed323d2b83f246d601ff90da09b5e114d1a736f73eeac,48,0.5,0.5,pSA_specific_fixed,pSA,0.0,1,20268848,2.0,345,29,28,365,100,9600,0.0359375,0.29,0.28,3.65,source_project/paper_results/ldpc/N96_M48/pSA/best_params.csv,representative_pSA_specific_fixed_no_code_retuning,C07
N96_M48,96,48,new_07,new,2026082708,bceb8ea4474c4ff60e9ed323d2b83f246d601ff90da09b5e114d1a736f73eeac,48,0.5,0.5,pSA_specific_fixed,pSA,0.0,1,20268848,2.5,221,20,20,293,100,9600,0.023020833333333334,0.2,0.2,2.93,source_project/paper_results/ldpc/N96_M48/pSA/best_params.csv,representative_pSA_specific_fixed_no_code_retuning,C07
N96_M48,96,48,new_07,new,2026082708,bceb8ea4474c4ff60e9ed323d2b83f246d601ff90da09b5e114d1a736f73eeac,48,0.5,0.5,pSA_specific_fixed,pSA,0.0,1,20268848,3.0,111,12,11,113,100,9600,0.0115625,0.12,0.11,1.13,source_project/paper_results/ldpc/N96_M48/pSA/best_params.csv,representative_pSA_specific_fixed_no_code_retuning,C07
N96_M48,96,48,new_07,new,2026082708,bceb8ea4474c4ff60e9ed323d2b83f246d601ff90da09b5e114d1a736f73eeac,48,0.5,0.5,pSA_specific_fixed,pSA,0.0,2,20276870,2.0,296,25,23,356,100,9600,0.030833333333333334,0.25,0.23,3.56,source_project/paper_results/ldpc/N96_M48/pSA/best_params.csv,representative_pSA_specific_fixed_no_code_retuning,C07
N96_M48,96,48,new_07,new,2026082708,bceb8ea4474c4ff60e9ed323d2b83f246d601ff90da09b5e114d1a736f73eeac,48,0.5,0.5,pSA_specific_fixed,pSA,0.0,2,20276870,2.5,141,12,12,151,100,9600,0.0146875,0.12,0.12,1.51,source_project/paper_results/ldpc/N96_M48/pSA/best_params.csv,representative_pSA_specific_fixed_no_code_retuning,C07
N96_M48,96,48,new_07,new,2026082708,bceb8ea4474c4ff60e9ed323d2b83f246d601ff90da09b5e114d1a736f73eeac,48,0.5,0.5,pSA_specific_fixed,pSA,0.0,2,20276870,3.0,29,3,3,29,100,9600,0.0030208333333333333,0.03,0.03,0.29,source_project/paper_results/ldpc/N96_M48/pSA/best_params.csv,representative_pSA_specific_fixed_no_code_retuning,C07
N96_M48,96,48,new_07,new,2026082708,bceb8ea4474c4ff60e9ed323d2b83f246d601ff90da09b5e114d1a736f73eeac,48,0.5,0.5,pSA_specific_fixed,pSA,0.0,3,20284892,2.0,362,32,31,402,100,9600,0.03770833333333334,0.32,0.31,4.02,source_project/paper_results/ldpc/N96_M48/pSA/best_params.csv,representative_pSA_specific_fixed_no_code_retuning,C07
N96_M48,96,48,new_07,new,2026082708,bceb8ea4474c4ff60e9ed323d2b83f246d601ff90da09b5e114d1a736f73eeac,48,0.5,0.5,pSA_specific_fixed,pSA,0.0,3,20284892,2.5,137,13,11,147,100,9600,0.014270833333333333,0.13,0.11,1.47,source_project/paper_results/ldpc/N96_M48/pSA/best_params.csv,representative_pSA_specific_fixed_no_code_retuning,C07
N96_M48,96,48,new_07,new,2026082708,bceb8ea4474c4ff60e9ed323d2b83f246d601ff90da09b5e114d1a736f73eeac,48,0.5,0.5,pSA_specific_fixed,pSA,0.0,3,20284892,3.0,106,10,10,138,100,9600,0.011041666666666667,0.1,0.1,1.38,source_project/paper_results/ldpc/N96_M48/pSA/best_params.csv,representative_pSA_specific_fixed_no_code_retuning,C07
N96_M48,96,48,new_07,new,2026082708,bceb8ea4474c4ff60e9ed323d2b83f246d601ff90da09b5e114d1a736f73eeac,48,0.5,0.5,pSA_specific_fixed,pSA,0.0,4,20292914,2.0,360,35,34,470,100,9600,0.0375,0.35,0.34,4.7,source_project/paper_results/ldpc/N96_M48/pSA/best_params.csv,representative_pSA_specific_fixed_no_code_retuning,C07
N96_M48,96,48,new_07,new,2026082708,bceb8ea4474c4ff60e9ed323d2b83f246d601ff90da09b5e114d1a736f73eeac,48,0.5,0.5,pSA_specific_fixed,pSA,0.0,4,20292914,2.5,129,13,11,151,100,9600,0.0134375,0.13,0.11,1.51,source_project/paper_results/ldpc/N96_M48/pSA/best_params.csv,representative_pSA_specific_fixed_no_code_retuning,C07
N96_M48,96,48,new_07,new,2026082708,bceb8ea4474c4ff60e9ed323d2b83f246d601ff90da09b5e114d1a736f73eeac,48,0.5,0.5,pSA_specific_fixed,pSA,0.0,4,20292914,3.0,112,12,12,126,100,9600,0.011666666666666667,0.12,0.12,1.26,source_project/paper_results/ldpc/N96_M48/pSA/best_params.csv,representative_pSA_specific_fixed_no_code_retuning,C07
N96_M48,96,48,new_07,new,2026082708,bceb8ea4474c4ff60e9ed323d2b83f246d601ff90da09b5e114d1a736f73eeac,48,0.5,0.5,pSA_specific_fixed,pSA,0.0,5,20300936,2.0,255,23,22,277,100,9600,0.0265625,0.23,0.22,2.77,source_project/paper_results/ldpc/N96_M48/pSA/best_params.csv,representative_pSA_specific_fixed_no_code_retuning,C07
N96_M48,96,48,new_07,new,2026082708,bceb8ea4474c4ff60e9ed323d2b83f246d601ff90da09b5e114d1a736f73eeac,48,0.5,0.5,pSA_specific_fixed,pSA,0.0,5,20300936,2.5,198,18,17,220,100,9600,0.020625,0.18,0.17,2.2,source_project/paper_results/ldpc/N96_M48/pSA/best_params.csv,representative_pSA_specific_fixed_no_code_retuning,C07
N96_M48,96,48,new_07,new,2026082708,bceb8ea4474c4ff60e9ed323d2b83f246d601ff90da09b5e114d1a736f73eeac,48,0.5,0.5,pSA_specific_fixed,pSA,0.0,5,20300936,3.0,86,10,9,76,100,9600,0.008958333333333334,0.1,0.09,0.76,source_project/paper_results/ldpc/N96_M48/pSA/best_params.csv,representative_pSA_specific_fixed_no_code_retuning,C07
N96_M48,96,48,new_07,new,2026082708,bceb8ea4474c4ff60e9ed323d2b83f246d601ff90da09b5e114d1a736f73eeac,48,0.5,0.5,pSA_specific_fixed,pSA,0.0,6,20308958,2.0,322,30,30,404,100,9600,0.033541666666666664,0.3,0.3,4.04,source_project/paper_results/ldpc/N96_M48/pSA/best_params.csv,representative_pSA_specific_fixed_no_code_retuning,C07
N96_M48,96,48,new_07,new,2026082708,bceb8ea4474c4ff60e9ed323d2b83f246d601ff90da09b5e114d1a736f73eeac,48,0.5,0.5,pSA_specific_fixed,pSA,0.0,6,20308958,2.5,184,17,16,212,100,9600,0.019166666666666665,0.17,0.16,2.12,source_project/paper_results/ldpc/N96_M48/pSA/best_params.csv,representative_pSA_specific_fixed_no_code_retuning,C07
N96_M48,96,48,new_07,new,2026082708,bceb8ea4474c4ff60e9ed323d2b83f246d601ff90da09b5e114d1a736f73eeac,48,0.5,0.5,pSA_specific_fixed,pSA,0.0,6,20308958,3.0,68,7,7,76,100,9600,0.007083333333333333,0.07,0.07,0.76,source_project/paper_results/ldpc/N96_M48/pSA/best_params.csv,representative_pSA_specific_fixed_no_code_retuning,C07
N96_M48,96,48,new_07,new,2026082708,bceb8ea4474c4ff60e9ed323d2b83f246d601ff90da09b5e114d1a736f73eeac,48,0.5,0.5,pSA_specific_fixed,pSA,0.0,7,20316980,2.0,367,32,30,415,100,9600,0.03822916666666667,0.32,0.3,4.15,source_project/paper_results/ldpc/N96_M48/pSA/best_params.csv,representative_pSA_specific_fixed_no_code_retuning,C07
N96_M48,96,48,new_07,new,2026082708,bceb8ea4474c4ff60e9ed323d2b83f246d601ff90da09b5e114d1a736f73eeac,48,0.5,0.5,pSA_specific_fixed,pSA,0.0,7,20316980,2.5,245,23,20,277,100,9600,0.025520833333333333,0.23,0.2,2.77,source_project/paper_results/ldpc/N96_M48/pSA/best_params.csv,representative_pSA_specific_fixed_no_code_retuning,C07
N96_M48,96,48,new_07,new,2026082708,bceb8ea4474c4ff60e9ed323d2b83f246d601ff90da09b5e114d1a736f73eeac,48,0.5,0.5,pSA_specific_fixed,pSA,0.0,7,20316980,3.0,74,7,7,86,100,9600,0.0077083333333333335,0.07,0.07,0.86,source_project/paper_results/ldpc/N96_M48/pSA/best_params.csv,representative_pSA_specific_fixed_no_code_retuning,C07
N96_M48,96,48,new_07,new,2026082708,bceb8ea4474c4ff60e9ed323d2b83f246d601ff90da09b5e114d1a736f73eeac,48,0.5,0.5,pSA_specific_fixed,pSA,0.0,8,20325002,2.0,418,39,39,532,100,9600,0.043541666666666666,0.39,0.39,5.32,source_project/paper_results/ldpc/N96_M48/pSA/best_params.csv,representative_pSA_specific_fixed_no_code_retuning,C07
N96_M48,96,48,new_07,new,2026082708,bceb8ea4474c4ff60e9ed323d2b83f246d601ff90da09b5e114d1a736f73eeac,48,0.5,0.5,pSA_specific_fixed,pSA,0.0,8,20325002,2.5,168,17,16,184,100,9600,0.0175,0.17,0.16,1.84,source_project/paper_results/ldpc/N96_M48/pSA/best_params.csv,representative_pSA_specific_fixed_no_code_retuning,C07
N96_M48,96,48,new_07,new,2026082708,bceb8ea4474c4ff60e9ed323d2b83f246d601ff90da09b5e114d1a736f73eeac,48,0.5,0.5,pSA_specific_fixed,pSA,0.0,8,20325002,3.0,67,7,7,75,100,9600,0.0069791666666666665,0.07,0.07,0.75,source_project/paper_results/ldpc/N96_M48/pSA/best_params.csv,representative_pSA_specific_fixed_no_code_retuning,C07
N96_M48,96,48,new_07,new,2026082708,bceb8ea4474c4ff60e9ed323d2b83f246d601ff90da09b5e114d1a736f73eeac,48,0.5,0.5,pSA_specific_fixed,pSA,0.0,9,20333024,2.0,318,30,29,418,100,9600,0.033125,0.3,0.29,4.18,source_project/paper_results/ldpc/N96_M48/pSA/best_params.csv,representative_pSA_specific_fixed_no_code_retuning,C07
N96_M48,96,48,new_07,new,2026082708,bceb8ea4474c4ff60e9ed323d2b83f246d601ff90da09b5e114d1a736f73eeac,48,0.5,0.5,pSA_specific_fixed,pSA,0.0,9,20333024,2.5,117,11,10,143,100,9600,0.0121875,0.11,0.1,1.43,source_project/paper_results/ldpc/N96_M48/pSA/best_params.csv,representative_pSA_specific_fixed_no_code_retuning,C07
N96_M48,96,48,new_07,new,2026082708,bceb8ea4474c4ff60e9ed323d2b83f246d601ff90da09b5e114d1a736f73eeac,48,0.5,0.5,pSA_specific_fixed,pSA,0.0,9,20333024,3.0,72,9,8,76,100,9600,0.0075,0.09,0.08,0.76,source_project/paper_results/ldpc/N96_M48/pSA/best_params.csv,representative_pSA_specific_fixed_no_code_retuning,C07
N96_M48,96,48,new_08,new,2026082709,739576a7430edd0513a932265b55325eaa02f404164345c0a026af382698f752,48,0.5,0.5,pSA_specific_fixed,pSA,0.0,0,20260826,2.0,419,39,34,491,100,9600,0.043645833333333335,0.39,0.34,4.91,source_project/paper_results/ldpc/N96_M48/pSA/best_params.csv,representative_pSA_specific_fixed_no_code_retuning,C08
N96_M48,96,48,new_08,new,2026082709,739576a7430edd0513a932265b55325eaa02f404164345c0a026af382698f752,48,0.5,0.5,pSA_specific_fixed,pSA,0.0,0,20260826,2.5,219,19,18,225,100,9600,0.0228125,0.19,0.18,2.25,source_project/paper_results/ldpc/N96_M48/pSA/best_params.csv,representative_pSA_specific_fixed_no_code_retuning,C08
N96_M48,96,48,new_08,new,2026082709,739576a7430edd0513a932265b55325eaa02f404164345c0a026af382698f752,48,0.5,0.5,pSA_specific_fixed,pSA,0.0,0,20260826,3.0,47,5,5,63,100,9600,0.004895833333333334,0.05,0.05,0.63,source_project/paper_results/ldpc/N96_M48/pSA/best_params.csv,representative_pSA_specific_fixed_no_code_retuning,C08
N96_M48,96,48,new_08,new,2026082709,739576a7430edd0513a932265b55325eaa02f404164345c0a026af382698f752,48,0.5,0.5,pSA_specific_fixed,pSA,0.0,1,20268848,2.0,336,31,31,388,100,9600,0.035,0.31,0.31,3.88,source_project/paper_results/ldpc/N96_M48/pSA/best_params.csv,representative_pSA_specific_fixed_no_code_retuning,C08
N96_M48,96,48,new_08,new,2026082709,739576a7430edd0513a932265b55325eaa02f404164345c0a026af382698f752,48,0.5,0.5,pSA_specific_fixed,pSA,0.0,1,20268848,2.5,167,18,16,197,100,9600,0.017395833333333333,0.18,0.16,1.97,source_project/paper_results/ldpc/N96_M48/pSA/best_params.csv,representative_pSA_specific_fixed_no_code_retuning,C08
N96_M48,96,48,new_08,new,2026082709,739576a7430edd0513a932265b55325eaa02f404164345c0a026af382698f752,48,0.5,0.5,pSA_specific_fixed,pSA,0.0,1,20268848,3.0,61,8,6,45,100,9600,0.006354166666666667,0.08,0.06,0.45,source_project/paper_results/ldpc/N96_M48/pSA/best_params.csv,representative_pSA_specific_fixed_no_code_retuning,C08
N96_M48,96,48,new_08,new,2026082709,739576a7430edd0513a932265b55325eaa02f404164345c0a026af382698f752,48,0.5,0.5,pSA_specific_fixed,pSA,0.0,2,20276870,2.0,374,34,33,478,100,9600,0.03895833333333333,0.34,0.33,4.78,source_project/paper_results/ldpc/N96_M48/pSA/best_params.csv,representative_pSA_specific_fixed_no_code_retuning,C08
N96_M48,96,48,new_08,new,2026082709,739576a7430edd0513a932265b55325eaa02f404164345c0a026af382698f752,48,0.5,0.5,pSA_specific_fixed,pSA,0.0,2,20276870,2.5,216,21,18,244,100,9600,0.0225,0.21,0.18,2.44,source_project/paper_results/ldpc/N96_M48/pSA/best_params.csv,representative_pSA_specific_fixed_no_code_retuning,C08
N96_M48,96,48,new_08,new,2026082709,739576a7430edd0513a932265b55325eaa02f404164345c0a026af382698f752,48,0.5,0.5,pSA_specific_fixed,pSA,0.0,2,20276870,3.0,110,11,11,126,100,9600,0.011458333333333333,0.11,0.11,1.26,source_project/paper_results/ldpc/N96_M48/pSA/best_params.csv,representative_pSA_specific_fixed_no_code_retuning,C08
N96_M48,96,48,new_08,new,2026082709,739576a7430edd0513a932265b55325eaa02f404164345c0a026af382698f752,48,0.5,0.5,pSA_specific_fixed,pSA,0.0,3,20284892,2.0,432,36,34,532,100,9600,0.045,0.36,0.34,5.32,source_project/paper_results/ldpc/N96_M48/pSA/best_params.csv,representative_pSA_specific_fixed_no_code_retuning,C08
N96_M48,96,48,new_08,new,2026082709,739576a7430edd0513a932265b55325eaa02f404164345c0a026af382698f752,48,0.5,0.5,pSA_specific_fixed,pSA,0.0,3,20284892,2.5,116,11,10,136,100,9600,0.012083333333333333,0.11,0.1,1.36,source_project/paper_results/ldpc/N96_M48/pSA/best_params.csv,representative_pSA_specific_fixed_no_code_retuning,C08
N96_M48,96,48,new_08,new,2026082709,739576a7430edd0513a932265b55325eaa02f404164345c0a026af382698f752,48,0.5,0.5,pSA_specific_fixed,pSA,0.0,3,20284892,3.0,133,13,13,181,100,9600,0.013854166666666667,0.13,0.13,1.81,source_project/paper_results/ldpc/N96_M48/pSA/best_params.csv,representative_pSA_specific_fixed_no_code_retuning,C08
N96_M48,96,48,new_08,new,2026082709,739576a7430edd0513a932265b55325eaa02f404164345c0a026af382698f752,48,0.5,0.5,pSA_specific_fixed,pSA,0.0,4,20292914,2.0,407,37,33,443,100,9600,0.042395833333333334,0.37,0.33,4.43,source_project/paper_results/ldpc/N96_M48/pSA/best_params.csv,representative_pSA_specific_fixed_no_code_retuning,C08
N96_M48,96,48,new_08,new,2026082709,739576a7430edd0513a932265b55325eaa02f404164345c0a026af382698f752,48,0.5,0.5,pSA_specific_fixed,pSA,0.0,4,20292914,2.5,186,18,17,230,100,9600,0.019375,0.18,0.17,2.3,source_project/paper_results/ldpc/N96_M48/pSA/best_params.csv,representative_pSA_specific_fixed_no_code_retuning,C08
N96_M48,96,48,new_08,new,2026082709,739576a7430edd0513a932265b55325eaa02f404164345c0a026af382698f752,48,0.5,0.5,pSA_specific_fixed,pSA,0.0,4,20292914,3.0,115,12,10,127,100,9600,0.011979166666666667,0.12,0.1,1.27,source_project/paper_results/ldpc/N96_M48/pSA/best_params.csv,representative_pSA_specific_fixed_no_code_retuning,C08
N96_M48,96,48,new_08,new,2026082709,739576a7430edd0513a932265b55325eaa02f404164345c0a026af382698f752,48,0.5,0.5,pSA_specific_fixed,pSA,0.0,5,20300936,2.0,359,35,31,435,100,9600,0.037395833333333336,0.35,0.31,4.35,source_project/paper_results/ldpc/N96_M48/pSA/best_params.csv,representative_pSA_specific_fixed_no_code_retuning,C08
N96_M48,96,48,new_08,new,2026082709,739576a7430edd0513a932265b55325eaa02f404164345c0a026af382698f752,48,0.5,0.5,pSA_specific_fixed,pSA,0.0,5,20300936,2.5,205,21,19,247,100,9600,0.021354166666666667,0.21,0.19,2.47,source_project/paper_results/ldpc/N96_M48/pSA/best_params.csv,representative_pSA_specific_fixed_no_code_retuning,C08
N96_M48,96,48,new_08,new,2026082709,739576a7430edd0513a932265b55325eaa02f404164345c0a026af382698f752,48,0.5,0.5,pSA_specific_fixed,pSA,0.0,5,20300936,3.0,53,7,6,65,100,9600,0.005520833333333333,0.07,0.06,0.65,source_project/paper_results/ldpc/N96_M48/pSA/best_params.csv,representative_pSA_specific_fixed_no_code_retuning,C08
N96_M48,96,48,new_08,new,2026082709,739576a7430edd0513a932265b55325eaa02f404164345c0a026af382698f752,48,0.5,0.5,pSA_specific_fixed,pSA,0.0,6,20308958,2.0,431,42,39,515,100,9600,0.044895833333333336,0.42,0.39,5.15,source_project/paper_results/ldpc/N96_M48/pSA/best_params.csv,representative_pSA_specific_fixed_no_code_retuning,C08
N96_M48,96,48,new_08,new,2026082709,739576a7430edd0513a932265b55325eaa02f404164345c0a026af382698f752,48,0.5,0.5,pSA_specific_fixed,pSA,0.0,6,20308958,2.5,201,20,20,283,100,9600,0.0209375,0.2,0.2,2.83,source_project/paper_results/ldpc/N96_M48/pSA/best_params.csv,representative_pSA_specific_fixed_no_code_retuning,C08
N96_M48,96,48,new_08,new,2026082709,739576a7430edd0513a932265b55325eaa02f404164345c0a026af382698f752,48,0.5,0.5,pSA_specific_fixed,pSA,0.0,6,20308958,3.0,91,8,8,107,100,9600,0.009479166666666667,0.08,0.08,1.07,source_project/paper_results/ldpc/N96_M48/pSA/best_params.csv,representative_pSA_specific_fixed_no_code_retuning,C08
N96_M48,96,48,new_08,new,2026082709,739576a7430edd0513a932265b55325eaa02f404164345c0a026af382698f752,48,0.5,0.5,pSA_specific_fixed,pSA,0.0,7,20316980,2.0,371,35,33,473,100,9600,0.03864583333333333,0.35,0.33,4.73,source_project/paper_results/ldpc/N96_M48/pSA/best_params.csv,representative_pSA_specific_fixed_no_code_retuning,C08
N96_M48,96,48,new_08,new,2026082709,739576a7430edd0513a932265b55325eaa02f404164345c0a026af382698f752,48,0.5,0.5,pSA_specific_fixed,pSA,0.0,7,20316980,2.5,131,13,11,153,100,9600,0.013645833333333333,0.13,0.11,1.53,source_project/paper_results/ldpc/N96_M48/pSA/best_params.csv,representative_pSA_specific_fixed_no_code_retuning,C08
N96_M48,96,48,new_08,new,2026082709,739576a7430edd0513a932265b55325eaa02f404164345c0a026af382698f752,48,0.5,0.5,pSA_specific_fixed,pSA,0.0,7,20316980,3.0,74,8,7,80,100,9600,0.0077083333333333335,0.08,0.07,0.8,source_project/paper_results/ldpc/N96_M48/pSA/best_params.csv,representative_pSA_specific_fixed_no_code_retuning,C08
N96_M48,96,48,new_08,new,2026082709,739576a7430edd0513a932265b55325eaa02f404164345c0a026af382698f752,48,0.5,0.5,pSA_specific_fixed,pSA,0.0,8,20325002,2.0,453,40,38,555,100,9600,0.0471875,0.4,0.38,5.55,source_project/paper_results/ldpc/N96_M48/pSA/best_params.csv,representative_pSA_specific_fixed_no_code_retuning,C08
N96_M48,96,48,new_08,new,2026082709,739576a7430edd0513a932265b55325eaa02f404164345c0a026af382698f752,48,0.5,0.5,pSA_specific_fixed,pSA,0.0,8,20325002,2.5,217,21,20,263,100,9600,0.022604166666666668,0.21,0.2,2.63,source_project/paper_results/ldpc/N96_M48/pSA/best_params.csv,representative_pSA_specific_fixed_no_code_retuning,C08
N96_M48,96,48,new_08,new,2026082709,739576a7430edd0513a932265b55325eaa02f404164345c0a026af382698f752,48,0.5,0.5,pSA_specific_fixed,pSA,0.0,8,20325002,3.0,93,11,10,107,100,9600,0.0096875,0.11,0.1,1.07,source_project/paper_results/ldpc/N96_M48/pSA/best_params.csv,representative_pSA_specific_fixed_no_code_retuning,C08
N96_M48,96,48,new_08,new,2026082709,739576a7430edd0513a932265b55325eaa02f404164345c0a026af382698f752,48,0.5,0.5,pSA_specific_fixed,pSA,0.0,9,20333024,2.0,384,39,39,548,100,9600,0.04,0.39,0.39,5.48,source_project/paper_results/ldpc/N96_M48/pSA/best_params.csv,representative_pSA_specific_fixed_no_code_retuning,C08
N96_M48,96,48,new_08,new,2026082709,739576a7430edd0513a932265b55325eaa02f404164345c0a026af382698f752,48,0.5,0.5,pSA_specific_fixed,pSA,0.0,9,20333024,2.5,216,20,18,250,100,9600,0.0225,0.2,0.18,2.5,source_project/paper_results/ldpc/N96_M48/pSA/best_params.csv,representative_pSA_specific_fixed_no_code_retuning,C08
N96_M48,96,48,new_08,new,2026082709,739576a7430edd0513a932265b55325eaa02f404164345c0a026af382698f752,48,0.5,0.5,pSA_specific_fixed,pSA,0.0,9,20333024,3.0,73,8,6,73,100,9600,0.007604166666666667,0.08,0.06,0.73,source_project/paper_results/ldpc/N96_M48/pSA/best_params.csv,representative_pSA_specific_fixed_no_code_retuning,C08
N96_M48,96,48,new_09,new,2026082710,36492256e7184aaa2cc19111c76751b01c02223ad717cbbeff3344e5ac830ae2,48,0.5,0.5,pSA_specific_fixed,pSA,0.0,0,20260826,2.0,400,36,36,530,100,9600,0.041666666666666664,0.36,0.36,5.3,source_project/paper_results/ldpc/N96_M48/pSA/best_params.csv,representative_pSA_specific_fixed_no_code_retuning,C09
N96_M48,96,48,new_09,new,2026082710,36492256e7184aaa2cc19111c76751b01c02223ad717cbbeff3344e5ac830ae2,48,0.5,0.5,pSA_specific_fixed,pSA,0.0,0,20260826,2.5,182,19,18,218,100,9600,0.018958333333333334,0.19,0.18,2.18,source_project/paper_results/ldpc/N96_M48/pSA/best_params.csv,representative_pSA_specific_fixed_no_code_retuning,C09
N96_M48,96,48,new_09,new,2026082710,36492256e7184aaa2cc19111c76751b01c02223ad717cbbeff3344e5ac830ae2,48,0.5,0.5,pSA_specific_fixed,pSA,0.0,0,20260826,3.0,35,4,3,33,100,9600,0.0036458333333333334,0.04,0.03,0.33,source_project/paper_results/ldpc/N96_M48/pSA/best_params.csv,representative_pSA_specific_fixed_no_code_retuning,C09
N96_M48,96,48,new_09,new,2026082710,36492256e7184aaa2cc19111c76751b01c02223ad717cbbeff3344e5ac830ae2,48,0.5,0.5,pSA_specific_fixed,pSA,0.0,1,20268848,2.0,379,36,32,471,100,9600,0.03947916666666667,0.36,0.32,4.71,source_project/paper_results/ldpc/N96_M48/pSA/best_params.csv,representative_pSA_specific_fixed_no_code_retuning,C09
N96_M48,96,48,new_09,new,2026082710,36492256e7184aaa2cc19111c76751b01c02223ad717cbbeff3344e5ac830ae2,48,0.5,0.5,pSA_specific_fixed,pSA,0.0,1,20268848,2.5,246,22,20,278,100,9600,0.025625,0.22,0.2,2.78,source_project/paper_results/ldpc/N96_M48/pSA/best_params.csv,representative_pSA_specific_fixed_no_code_retuning,C09
N96_M48,96,48,new_09,new,2026082710,36492256e7184aaa2cc19111c76751b01c02223ad717cbbeff3344e5ac830ae2,48,0.5,0.5,pSA_specific_fixed,pSA,0.0,1,20268848,3.0,80,9,7,76,100,9600,0.008333333333333333,0.09,0.07,0.76,source_project/paper_results/ldpc/N96_M48/pSA/best_params.csv,representative_pSA_specific_fixed_no_code_retuning,C09
N96_M48,96,48,new_09,new,2026082710,36492256e7184aaa2cc19111c76751b01c02223ad717cbbeff3344e5ac830ae2,48,0.5,0.5,pSA_specific_fixed,pSA,0.0,2,20276870,2.0,325,29,27,401,100,9600,0.033854166666666664,0.29,0.27,4.01,source_project/paper_results/ldpc/N96_M48/pSA/best_params.csv,representative_pSA_specific_fixed_no_code_retuning,C09
N96_M48,96,48,new_09,new,2026082710,36492256e7184aaa2cc19111c76751b01c02223ad717cbbeff3344e5ac830ae2,48,0.5,0.5,pSA_specific_fixed,pSA,0.0,2,20276870,2.5,206,20,19,254,100,9600,0.021458333333333333,0.2,0.19,2.54,source_project/paper_results/ldpc/N96_M48/pSA/best_params.csv,representative_pSA_specific_fixed_no_code_retuning,C09
N96_M48,96,48,new_09,new,2026082710,36492256e7184aaa2cc19111c76751b01c02223ad717cbbeff3344e5ac830ae2,48,0.5,0.5,pSA_specific_fixed,pSA,0.0,2,20276870,3.0,121,11,8,101,100,9600,0.012604166666666666,0.11,0.08,1.01,source_project/paper_results/ldpc/N96_M48/pSA/best_params.csv,representative_pSA_specific_fixed_no_code_retuning,C09
N96_M48,96,48,new_09,new,2026082710,36492256e7184aaa2cc19111c76751b01c02223ad717cbbeff3344e5ac830ae2,48,0.5,0.5,pSA_specific_fixed,pSA,0.0,3,20284892,2.0,252,24,23,300,100,9600,0.02625,0.24,0.23,3.0,source_project/paper_results/ldpc/N96_M48/pSA/best_params.csv,representative_pSA_specific_fixed_no_code_retuning,C09
N96_M48,96,48,new_09,new,2026082710,36492256e7184aaa2cc19111c76751b01c02223ad717cbbeff3344e5ac830ae2,48,0.5,0.5,pSA_specific_fixed,pSA,0.0,3,20284892,2.5,158,17,16,200,100,9600,0.016458333333333332,0.17,0.16,2.0,source_project/paper_results/ldpc/N96_M48/pSA/best_params.csv,representative_pSA_specific_fixed_no_code_retuning,C09
N96_M48,96,48,new_09,new,2026082710,36492256e7184aaa2cc19111c76751b01c02223ad717cbbeff3344e5ac830ae2,48,0.5,0.5,pSA_specific_fixed,pSA,0.0,3,20284892,3.0,72,8,8,92,100,9600,0.0075,0.08,0.08,0.92,source_project/paper_results/ldpc/N96_M48/pSA/best_params.csv,representative_pSA_specific_fixed_no_code_retuning,C09
N96_M48,96,48,new_09,new,2026082710,36492256e7184aaa2cc19111c76751b01c02223ad717cbbeff3344e5ac830ae2,48,0.5,0.5,pSA_specific_fixed,pSA,0.0,4,20292914,2.0,289,26,25,353,100,9600,0.030104166666666668,0.26,0.25,3.53,source_project/paper_results/ldpc/N96_M48/pSA/best_params.csv,representative_pSA_specific_fixed_no_code_retuning,C09
N96_M48,96,48,new_09,new,2026082710,36492256e7184aaa2cc19111c76751b01c02223ad717cbbeff3344e5ac830ae2,48,0.5,0.5,pSA_specific_fixed,pSA,0.0,4,20292914,2.5,109,12,12,141,100,9600,0.011354166666666667,0.12,0.12,1.41,source_project/paper_results/ldpc/N96_M48/pSA/best_params.csv,representative_pSA_specific_fixed_no_code_retuning,C09
N96_M48,96,48,new_09,new,2026082710,36492256e7184aaa2cc19111c76751b01c02223ad717cbbeff3344e5ac830ae2,48,0.5,0.5,pSA_specific_fixed,pSA,0.0,4,20292914,3.0,82,8,8,88,100,9600,0.008541666666666666,0.08,0.08,0.88,source_project/paper_results/ldpc/N96_M48/pSA/best_params.csv,representative_pSA_specific_fixed_no_code_retuning,C09
N96_M48,96,48,new_09,new,2026082710,36492256e7184aaa2cc19111c76751b01c02223ad717cbbeff3344e5ac830ae2,48,0.5,0.5,pSA_specific_fixed,pSA,0.0,5,20300936,2.0,387,37,35,513,100,9600,0.0403125,0.37,0.35,5.13,source_project/paper_results/ldpc/N96_M48/pSA/best_params.csv,representative_pSA_specific_fixed_no_code_retuning,C09
N96_M48,96,48,new_09,new,2026082710,36492256e7184aaa2cc19111c76751b01c02223ad717cbbeff3344e5ac830ae2,48,0.5,0.5,pSA_specific_fixed,pSA,0.0,5,20300936,2.5,136,14,13,178,100,9600,0.014166666666666666,0.14,0.13,1.78,source_project/paper_results/ldpc/N96_M48/pSA/best_params.csv,representative_pSA_specific_fixed_no_code_retuning,C09
N96_M48,96,48,new_09,new,2026082710,36492256e7184aaa2cc19111c76751b01c02223ad717cbbeff3344e5ac830ae2,48,0.5,0.5,pSA_specific_fixed,pSA,0.0,5,20300936,3.0,84,9,8,98,100,9600,0.00875,0.09,0.08,0.98,source_project/paper_results/ldpc/N96_M48/pSA/best_params.csv,representative_pSA_specific_fixed_no_code_retuning,C09
N96_M48,96,48,new_09,new,2026082710,36492256e7184aaa2cc19111c76751b01c02223ad717cbbeff3344e5ac830ae2,48,0.5,0.5,pSA_specific_fixed,pSA,0.0,6,20308958,2.0,362,35,33,442,100,9600,0.03770833333333334,0.35,0.33,4.42,source_project/paper_results/ldpc/N96_M48/pSA/best_params.csv,representative_pSA_specific_fixed_no_code_retuning,C09
N96_M48,96,48,new_09,new,2026082710,36492256e7184aaa2cc19111c76751b01c02223ad717cbbeff3344e5ac830ae2,48,0.5,0.5,pSA_specific_fixed,pSA,0.0,6,20308958,2.5,149,15,11,121,100,9600,0.015520833333333333,0.15,0.11,1.21,source_project/paper_results/ldpc/N96_M48/pSA/best_params.csv,representative_pSA_specific_fixed_no_code_retuning,C09
N96_M48,96,48,new_09,new,2026082710,36492256e7184aaa2cc19111c76751b01c02223ad717cbbeff3344e5ac830ae2,48,0.5,0.5,pSA_specific_fixed,pSA,0.0,6,20308958,3.0,67,6,4,57,100,9600,0.0069791666666666665,0.06,0.04,0.57,source_project/paper_results/ldpc/N96_M48/pSA/best_params.csv,representative_pSA_specific_fixed_no_code_retuning,C09
N96_M48,96,48,new_09,new,2026082710,36492256e7184aaa2cc19111c76751b01c02223ad717cbbeff3344e5ac830ae2,48,0.5,0.5,pSA_specific_fixed,pSA,0.0,7,20316980,2.0,429,37,37,501,100,9600,0.0446875,0.37,0.37,5.01,source_project/paper_results/ldpc/N96_M48/pSA/best_params.csv,representative_pSA_specific_fixed_no_code_retuning,C09
N96_M48,96,48,new_09,new,2026082710,36492256e7184aaa2cc19111c76751b01c02223ad717cbbeff3344e5ac830ae2,48,0.5,0.5,pSA_specific_fixed,pSA,0.0,7,20316980,2.5,186,17,15,188,100,9600,0.019375,0.17,0.15,1.88,source_project/paper_results/ldpc/N96_M48/pSA/best_params.csv,representative_pSA_specific_fixed_no_code_retuning,C09
N96_M48,96,48,new_09,new,2026082710,36492256e7184aaa2cc19111c76751b01c02223ad717cbbeff3344e5ac830ae2,48,0.5,0.5,pSA_specific_fixed,pSA,0.0,7,20316980,3.0,87,9,9,101,100,9600,0.0090625,0.09,0.09,1.01,source_project/paper_results/ldpc/N96_M48/pSA/best_params.csv,representative_pSA_specific_fixed_no_code_retuning,C09
N96_M48,96,48,new_09,new,2026082710,36492256e7184aaa2cc19111c76751b01c02223ad717cbbeff3344e5ac830ae2,48,0.5,0.5,pSA_specific_fixed,pSA,0.0,8,20325002,2.0,410,39,39,556,100,9600,0.042708333333333334,0.39,0.39,5.56,source_project/paper_results/ldpc/N96_M48/pSA/best_params.csv,representative_pSA_specific_fixed_no_code_retuning,C09
N96_M48,96,48,new_09,new,2026082710,36492256e7184aaa2cc19111c76751b01c02223ad717cbbeff3344e5ac830ae2,48,0.5,0.5,pSA_specific_fixed,pSA,0.0,8,20325002,2.5,188,17,16,234,100,9600,0.019583333333333335,0.17,0.16,2.34,source_project/paper_results/ldpc/N96_M48/pSA/best_params.csv,representative_pSA_specific_fixed_no_code_retuning,C09
N96_M48,96,48,new_09,new,2026082710,36492256e7184aaa2cc19111c76751b01c02223ad717cbbeff3344e5ac830ae2,48,0.5,0.5,pSA_specific_fixed,pSA,0.0,8,20325002,3.0,115,11,11,163,100,9600,0.011979166666666667,0.11,0.11,1.63,source_project/paper_results/ldpc/N96_M48/pSA/best_params.csv,representative_pSA_specific_fixed_no_code_retuning,C09
N96_M48,96,48,new_09,new,2026082710,36492256e7184aaa2cc19111c76751b01c02223ad717cbbeff3344e5ac830ae2,48,0.5,0.5,pSA_specific_fixed,pSA,0.0,9,20333024,2.0,336,33,30,382,100,9600,0.035,0.33,0.3,3.82,source_project/paper_results/ldpc/N96_M48/pSA/best_params.csv,representative_pSA_specific_fixed_no_code_retuning,C09
N96_M48,96,48,new_09,new,2026082710,36492256e7184aaa2cc19111c76751b01c02223ad717cbbeff3344e5ac830ae2,48,0.5,0.5,pSA_specific_fixed,pSA,0.0,9,20333024,2.5,125,12,12,147,100,9600,0.013020833333333334,0.12,0.12,1.47,source_project/paper_results/ldpc/N96_M48/pSA/best_params.csv,representative_pSA_specific_fixed_no_code_retuning,C09
N96_M48,96,48,new_09,new,2026082710,36492256e7184aaa2cc19111c76751b01c02223ad717cbbeff3344e5ac830ae2,48,0.5,0.5,pSA_specific_fixed,pSA,0.0,9,20333024,3.0,28,3,3,32,100,9600,0.002916666666666667,0.03,0.03,0.32,source_project/paper_results/ldpc/N96_M48/pSA/best_params.csv,representative_pSA_specific_fixed_no_code_retuning,C09
