size,variant,implementation_mode,lambda_mem,EbNo_dB,n_cycles,decoded_BER_n,decoded_BER_mean,decoded_BER_sd,decoded_BER_sem,decoded_BER_ci_low,decoded_BER_ci_high,decoded_FER_n,decoded_FER_mean,decoded_FER_sd,decoded_FER_sem,decoded_FER_ci_low,decoded_FER_ci_high,decoded_syndrome_weight_n,decoded_syndrome_weight_mean,decoded_syndrome_weight_sd,decoded_syndrome_weight_sem,decoded_syndrome_weight_ci_low,decoded_syndrome_weight_ci_high,final_state_BER_n,final_state_BER_mean,final_state_BER_sd,final_state_BER_sem,final_state_BER_ci_low,final_state_BER_ci_high,final_syndrome_weight_n,final_syndrome_weight_mean,final_syndrome_weight_sd,final_syndrome_weight_sem,final_syndrome_weight_ci_low,final_syndrome_weight_ci_high,mean_syndrome_weight_n,mean_syndrome_weight_mean,mean_syndrome_weight_sd,mean_syndrome_weight_sem,mean_syndrome_weight_ci_low,mean_syndrome_weight_ci_high,syndrome_zero_fraction_n,syndrome_zero_fraction_mean,syndrome_zero_fraction_sd,syndrome_zero_fraction_sem,syndrome_zero_fraction_ci_low,syndrome_zero_fraction_ci_high,mean_bit_flip_rate_n,mean_bit_flip_rate_mean,mean_bit_flip_rate_sd,mean_bit_flip_rate_sem,mean_bit_flip_rate_ci_low,mean_bit_flip_rate_ci_high,mean_backflip_rate_n,mean_backflip_rate_mean,mean_backflip_rate_sd,mean_backflip_rate_sem,mean_backflip_rate_ci_low,mean_backflip_rate_ci_high,mean_repair_rate_n,mean_repair_rate_mean,mean_repair_rate_sd,mean_repair_rate_sem,mean_repair_rate_ci_low,mean_repair_rate_ci_high,mean_q_lag1_product_n,mean_q_lag1_product_mean,mean_q_lag1_product_sd,mean_q_lag1_product_sem,mean_q_lag1_product_ci_low,mean_q_lag1_product_ci_high,mean_q_lag1_cosine_n,mean_q_lag1_cosine_mean,mean_q_lag1_cosine_sd,mean_q_lag1_cosine_sem,mean_q_lag1_cosine_ci_low,mean_q_lag1_cosine_ci_high,mean_q_sign_persistence_n,mean_q_sign_persistence_mean,mean_q_sign_persistence_sd,mean_q_sign_persistence_sem,mean_q_sign_persistence_ci_low,mean_q_sign_persistence_ci_high,mean_q_used_source_product_n,mean_q_used_source_product_mean,mean_q_used_source_product_sd,mean_q_used_source_product_sem,mean_q_used_source_product_ci_low,mean_q_used_source_product_ci_high,late_syndrome_weight_n,late_syndrome_weight_mean,late_syndrome_weight_sd,late_syndrome_weight_sem,late_syndrome_weight_ci_low,late_syndrome_weight_ci_high,late_syndrome_weight_fraction_n,late_syndrome_weight_fraction_mean,late_syndrome_weight_fraction_sd,late_syndrome_weight_fraction_sem,late_syndrome_weight_fraction_ci_low,late_syndrome_weight_fraction_ci_high,late_syndrome_zero_fraction_n,late_syndrome_zero_fraction_mean,late_syndrome_zero_fraction_sd,late_syndrome_zero_fraction_sem,late_syndrome_zero_fraction_ci_low,late_syndrome_zero_fraction_ci_high,late_state_BER_n,late_state_BER_mean,late_state_BER_sd,late_state_BER_sem,late_state_BER_ci_low,late_state_BER_ci_high,late_bit_flip_rate_n,late_bit_flip_rate_mean,late_bit_flip_rate_sd,late_bit_flip_rate_sem,late_bit_flip_rate_ci_low,late_bit_flip_rate_ci_high,late_backflip_rate_n,late_backflip_rate_mean,late_backflip_rate_sd,late_backflip_rate_sem,late_backflip_rate_ci_low,late_backflip_rate_ci_high,late_repair_rate_n,late_repair_rate_mean,late_repair_rate_sd,late_repair_rate_sem,late_repair_rate_ci_low,late_repair_rate_ci_high,late_q_lag1_product_n,late_q_lag1_product_mean,late_q_lag1_product_sd,late_q_lag1_product_sem,late_q_lag1_product_ci_low,late_q_lag1_product_ci_high,late_q_lag1_cosine_n,late_q_lag1_cosine_mean,late_q_lag1_cosine_sd,late_q_lag1_cosine_sem,late_q_lag1_cosine_ci_low,late_q_lag1_cosine_ci_high,late_q_sign_persistence_n,late_q_sign_persistence_mean,late_q_sign_persistence_sd,late_q_sign_persistence_sem,late_q_sign_persistence_ci_low,late_q_sign_persistence_ci_high,late_q_used_source_product_n,late_q_used_source_product_mean,late_q_used_source_product_sd,late_q_used_source_product_sem,late_q_used_source_product_ci_low,late_q_used_source_product_ci_high,max_abs_memory_source_mean_delta_n,max_abs_memory_source_mean_delta_mean,max_abs_memory_source_mean_delta_sd,max_abs_memory_source_mean_delta_sem,max_abs_memory_source_mean_delta_ci_low,max_abs_memory_source_mean_delta_ci_high,max_abs_memory_source_second_moment_delta_n,max_abs_memory_source_second_moment_delta_mean,max_abs_memory_source_second_moment_delta_sd,max_abs_memory_source_second_moment_delta_sem,max_abs_memory_source_second_moment_delta_ci_low,max_abs_memory_source_second_moment_delta_ci_high
N192_M96,additive,lambda_pSA,0.95,2.0,19200,200,0.017864583333333336,0.05039806451641054,0.003563681317823101,0.01087976795040006,0.024849398716266614,200,0.13,0.33714735904132886,0.02383991838372593,0.08327375996789718,0.17672624003210283,200,0.19,0.5792908504777511,0.04096204886521401,0.10971438422418053,0.27028561577581944,200,0.020208333333333335,0.05388822018111293,0.0038104725916138713,0.012739807053770147,0.027676859612896523,200,1.02,3.1938382888110315,0.22583847120315192,0.5773565964418222,1.462643403558178,200,1.8908750000000003,3.0376536130569565,0.2147945468688391,1.4698776881370756,2.311872311862925,200,0.7829046875000004,0.32492883504509823,0.022975938266343407,0.7378718484979674,0.8279375265020334,200,0.002947539605034721,0.004753323113597969,0.0003361107006795878,0.002288762631702729,0.003606316578366713,200,0.0016502994252012293,0.002825241599644232,0.00019977474935987653,0.0012587409164558712,0.0020418579339465874,200,0.08095036088936469,0.03669474250696289,0.0025947101260567714,0.07586472904229342,0.08603599273643596,200,0.9801383954520663,0.03151010598126059,0.0022281009615256154,0.975771317567476,0.9845054733366565,200,0.9938174191202725,0.010461206159058201,0.000739718981446053,0.9923675699166383,0.9952672683239068,200,0.9928999482281021,0.011541722779079574,0.0008161230443662411,0.9913003470611443,0.9944995493950599,200,0.9801383954520663,0.03151010598126059,0.0022281009615256154,0.975771317567476,0.9845054733366565,200,1.1886125,3.3291855831239316,0.23540897016554224,0.7272109184755373,1.6500140815244628,200,0.012381380208333334,0.034679016490874286,0.0024521767725577317,0.00757511373412018,0.01718764668254649,200,0.8817677083333334,0.31939846766923286,0.02258488223895068,0.83750133914499,0.9260340775216768,200,0.020730664062499998,0.053226596671956554,0.00376368874462218,0.013353834123040524,0.02810749400195947,200,0.0018915147569444444,0.005407400073809871,0.00038236092607795975,0.0011420873418316432,0.0026409421720572455,200,0.001117550687788538,0.003225043452096867,0.0002280450094598967,0.0006705824692471406,0.0015645189063299356,29,0.047434095852680755,0.023256660875977,0.004318653506233561,0.038969534980462975,0.055898656724898535,200,0.9876447991933012,0.03508621799308444,0.0024809702669099463,0.9827820974701577,0.9925075009164447,200,0.9958276447665964,0.011991853705036179,0.0008479521073828107,0.994165658636126,0.9974896308970667,200,0.9955348904079863,0.012575779066726097,0.0008892418656785855,0.9937919763512563,0.9972778044647163,200,0.9876447991933012,0.03508621799308444,0.0024809702669099463,0.9827820974701577,0.9925075009164447,200,0.0,0.0,0.0,0.0,0.0,200,0.0,0.0,0.0,0.0,0.0
N192_M96,additive,lambda_pSA,0.95,2.5,19200,200,0.007369791666666666,0.02943629439044637,0.002081460337648816,0.003290129404874987,0.011449453928458345,200,0.065,0.247144496216384,0.017475754920753817,0.030747520355322522,0.09925247964467748,200,0.085,0.37211199481260626,0.02631229148928473,0.03342790868100194,0.13657209131899806,200,0.008645833333333333,0.034828912024152475,0.0024627759873627896,0.003818792398102266,0.013472874268564401,200,0.49,2.445362753248457,0.17291325852829903,0.15109001328453392,0.8289099867154661,200,0.7792473958333328,1.839648841702147,0.13008281709695657,0.5242850743232979,1.0342097173433678,200,0.9007036458333336,0.2305453552035444,0.016302018403548755,0.868751689762378,0.9326556019042892,200,0.0011927571614583333,0.0027434095391989854,0.00019398834887394641,0.0008125399976653984,0.0015729743252512682,200,0.0006407263500896414,0.0016221885191139449,0.00011470605022284338,0.0004159024916528684,0.0008655502085264144,200,0.10130229387156847,0.044040632692085725,0.003114143002431977,0.0951985735868018,0.10740601415633515,200,0.9918717461924558,0.01825385937397672,0.0012907427746164564,0.9893418903542075,0.994401602030704,200,0.9976373323054605,0.005931903315447106,0.0004194489059695612,0.9968152124497601,0.9984594521611608,200,0.9972403550456896,0.006737723471477294,0.000476428995644136,0.9963065542142271,0.9981741558771522,200,0.9918717461924558,0.01825385937397672,0.0012907427746164564,0.9893418903542075,0.994401602030704,200,0.4243947916666666,1.9022311959666196,0.13450805780525932,0.16075899836835833,0.6880305849649748,200,0.004420779079861111,0.019814908291318954,0.0014011256021381178,0.0016745728996704003,0.007166985260051823,200,0.945,0.22855235921889466,0.016161092305986415,0.9133242590802666,0.9766757409197333,200,0.008135519748263889,0.03238513041572617,0.002289974532657069,0.0036471696642560343,0.012623869832271744,200,0.0006208875868055556,0.002909512774079522,0.0002057336212500513,0.00021764968915545508,0.0010241254844556562,200,0.0003627425952413731,0.0017235615789085433,0.00012187420802388236,0.0001238691475145637,0.0006016160429681825,13,0.03610141410290856,0.02072171602939424,0.005747169973814231,0.02483696095423267,0.047365867251584454,200,0.9958860430425865,0.019084717018168645,0.0013494932820573356,0.9932410362097541,0.998531049875419,200,0.9986577721970271,0.006351259401266422,0.0004491018591710298,0.9977775325530519,0.9995380118410023,200,0.9984674045138889,0.007003392652983139,0.0004952146436236422,0.9974967838123866,0.9994380252153913,200,0.9958860430425865,0.019084717018168645,0.0013494932820573356,0.9932410362097541,0.998531049875419,200,0.0,0.0,0.0,0.0,0.0,200,0.0,0.0,0.0,0.0,0.0
N192_M96,additive,lambda_pSA,0.95,3.0,19200,200,0.00046875,0.006629126073623883,0.00046875,-0.00045,0.0013874999999999998,200,0.005,0.07071067811865475,0.005,-0.0048,0.0148,200,0.0,0.0,0.0,0.0,0.0,200,0.00046875,0.006629126073623883,0.00046875,-0.00045,0.0013874999999999998,200,0.0,0.0,0.0,0.0,0.0,200,0.28814921875000005,0.5942126230496696,0.042017177522506714,0.2057955508058869,0.3705028866941132,200,0.9576481770833335,0.11073829492608796,0.007830379927927265,0.942300632424596,0.9729957217420709,200,0.0004605577256944446,0.0007882899642750235,5.574051792801704e-05,0.0003513063105555312,0.000569809140833358,200,0.00022235846623069286,0.0004318632881919667,3.053734596260599e-05,0.00016250526814398511,0.0002822116643174006,200,0.12066853504800845,0.044511060653496276,0.0031474072825892936,0.11449961677413344,0.12683745332188345,200,0.9968028274616211,0.005281858390245853,0.00037348378850099044,0.9960707992361592,0.997534855687083,200,0.9991938885224327,0.001608897637893797,0.00011376624299897223,0.9989709066861547,0.9994168703587107,200,0.999075807721547,0.0020228542578527562,0.00014303739630797647,0.9987954544247833,0.9993561610183107,200,0.9968028274616211,0.005281858390245853,0.00037348378850099044,0.9960707992361592,0.997534855687083,200,0.026138541666666668,0.36965480125654243,0.026138541666666664,-0.02509299999999999,0.07737008333333333,200,0.00027227647569444445,0.003850570846422317,0.00027227647569444445,-0.0002613854166666667,0.0008059383680555556,200,0.996328125,0.051928154243386586,0.0036718749999999647,0.9891312500000001,1.003525,200,0.0004976725260416666,0.007038152359486023,0.0004976725260416666,-0.0004777656249999999,0.001473110677083333,200,3.853624131944445e-05,0.0005449847511684078,3.853624131944444e-05,-3.699479166666665e-05,0.00011406727430555554,200,2.1388995331776454e-05,0.0003024860728373308,2.1388995331776454e-05,-2.0533435518505392e-05,6.33114261820583e-05,1,0.038731549916061654,nan,nan,nan,nan,200,0.9997442080918627,0.00351406317309201,0.0002484817899211277,0.9992571837836173,1.0002312324001081,200,0.9999218185049995,0.0011056528778287421,7.818146475511249e-05,0.9997685828340794,1.0000750541759196,200,0.9999042426215277,0.0013542138334262906,9.575737847923597e-05,0.9997165581597084,1.000091927083347,200,0.9997442080918627,0.00351406317309201,0.0002484817899211277,0.9992571837836173,1.0002312324001081,200,0.0,0.0,0.0,0.0,0.0,200,0.0,0.0,0.0,0.0,0.0
N192_M96,gain_only,gain_only_pSA,0.95,2.0,19200,200,0.4972395833333335,0.03607649561084936,0.00255099346878783,0.4922396361345094,0.5022395305321576,200,1.0,0.0,0.0,1.0,1.0,200,0.0,0.0,0.0,0.0,0.0,200,0.4972395833333335,0.03607649561084936,0.00255099346878783,0.4922396361345094,0.5022395305321576,200,0.0,0.0,0.0,0.0,0.0,200,0.0,0.0,0.0,0.0,0.0,200,1.0,0.0,0.0,1.0,1.0,200,0.0,0.0,0.0,0.0,0.0,200,0.0,0.0,0.0,0.0,0.0,200,0.0,0.0,0.0,0.0,0.0,200,0.9990107461627463,4.7689554621378375e-05,3.3721607464542902e-06,0.9990041367276833,0.9990173555978094,200,0.9999812383528822,3.669901481080887e-07,2.5950122235588493e-08,0.9999811874906427,0.9999812892151217,200,1.0,0.0,0.0,1.0,1.0,0,nan,nan,nan,nan,nan,200,0.0,0.0,0.0,0.0,0.0,200,0.0,0.0,0.0,0.0,0.0,200,1.0,0.0,0.0,1.0,1.0,200,0.4972395833333335,0.03607649561084936,0.00255099346878783,0.4922396361345094,0.5022395305321576,200,0.0,0.0,0.0,0.0,0.0,200,0.0,0.0,0.0,0.0,0.0,200,0.0,0.0,0.0,0.0,0.0,200,0.9999724950810115,1.5340433423816164e-06,1.0847324500321176e-07,0.9999722824734513,0.9999727076885717,200,0.9999999999612551,0.0,0.0,0.9999999999612551,0.9999999999612551,200,1.0,0.0,0.0,1.0,1.0,0,nan,nan,nan,nan,nan,200,0.0,0.0,0.0,0.0,0.0,200,0.0,0.0,0.0,0.0,0.0
N192_M96,gain_only,gain_only_pSA,0.95,2.5,19200,200,0.49734375000000014,0.035841766894959604,0.0025343956421133443,0.49237633454145796,0.5023111654585423,200,1.0,0.0,0.0,1.0,1.0,200,0.0,0.0,0.0,0.0,0.0,200,0.49734375000000014,0.035841766894959604,0.0025343956421133443,0.49237633454145796,0.5023111654585423,200,0.0,0.0,0.0,0.0,0.0,200,0.0,0.0,0.0,0.0,0.0,200,1.0,0.0,0.0,1.0,1.0,200,0.0,0.0,0.0,0.0,0.0,200,0.0,0.0,0.0,0.0,0.0,200,0.0,0.0,0.0,0.0,0.0,200,0.9990098719496787,4.9296722445426274e-05,3.4858046731432003e-06,0.9990030397725194,0.9990167041268381,200,0.9999813510891219,3.6776767047990233e-07,2.600510136975186e-08,0.9999813001191232,0.9999814020591206,200,1.0,0.0,0.0,1.0,1.0,0,nan,nan,nan,nan,nan,200,0.0,0.0,0.0,0.0,0.0,200,0.0,0.0,0.0,0.0,0.0,200,1.0,0.0,0.0,1.0,1.0,200,0.49734375000000014,0.035841766894959604,0.0025343956421133443,0.49237633454145796,0.5023111654585423,200,0.0,0.0,0.0,0.0,0.0,200,0.0,0.0,0.0,0.0,0.0,200,0.0,0.0,0.0,0.0,0.0,200,0.9999724751631903,1.580812477800178e-06,1.1178032228368145e-07,0.9999722560737586,0.999972694252622,200,0.9999999999654698,3.585253051164762e-08,2.535156744748363e-09,0.9999999949965627,1.0000000049343771,200,1.0,0.0,0.0,1.0,1.0,0,nan,nan,nan,nan,nan,200,0.0,0.0,0.0,0.0,0.0,200,0.0,0.0,0.0,0.0,0.0
N192_M96,gain_only,gain_only_pSA,0.95,3.0,19200,200,0.49906249999999974,0.03584469527905953,0.0025346027101388418,0.4940946786881276,0.5040303213118719,200,1.0,0.0,0.0,1.0,1.0,200,0.0,0.0,0.0,0.0,0.0,200,0.49906249999999974,0.03584469527905953,0.0025346027101388418,0.4940946786881276,0.5040303213118719,200,0.0,0.0,0.0,0.0,0.0,200,0.0,0.0,0.0,0.0,0.0,200,1.0,0.0,0.0,1.0,1.0,200,0.0,0.0,0.0,0.0,0.0,200,0.0,0.0,0.0,0.0,0.0,200,0.0,0.0,0.0,0.0,0.0,200,0.999003918194931,5.3387731265260357e-05,3.7750826809830655e-06,0.9989965190328762,0.9990113173569857,200,0.9999815502412984,3.5411621803988015e-07,2.503979791041333e-08,0.9999815011632945,0.9999815993193023,200,1.0,0.0,0.0,1.0,1.0,0,nan,nan,nan,nan,nan,200,0.0,0.0,0.0,0.0,0.0,200,0.0,0.0,0.0,0.0,0.0,200,1.0,0.0,0.0,1.0,1.0,200,0.49906249999999974,0.03584469527905953,0.0025346027101388418,0.4940946786881276,0.5040303213118719,200,0.0,0.0,0.0,0.0,0.0,200,0.0,0.0,0.0,0.0,0.0,200,0.0,0.0,0.0,0.0,0.0,200,0.9999722926085316,1.7091377575466595e-06,1.2085428983432123e-07,0.9999720557341235,0.9999725294829397,200,0.9999999999697105,2.9273468580367256e-08,2.069946814202902e-09,0.9999999959126147,1.0000000040268062,200,1.0,0.0,0.0,1.0,1.0,0,nan,nan,nan,nan,nan,200,0.0,0.0,0.0,0.0,0.0,200,0.0,0.0,0.0,0.0,0.0
N192_M96,normalized,lambda_pSA_normalized,0.95,2.0,19200,200,0.3311197916666667,0.03729353196103589,0.002637050934404572,0.32595117183523376,0.3362884114980997,200,1.0,0.0,0.0,1.0,1.0,200,25.935,1.6136275809024958,0.11410070047657991,25.711362627065903,26.158637372934095,200,0.35302083333333323,0.036069882619171094,0.0025505258596618665,0.348021802648396,0.35801986401827046,200,43.71,5.035142829809586,0.35603836392011806,43.01216480671657,44.40783519328343,200,44.32614192708336,0.13247797680820253,0.009367607575895418,44.307781416234604,44.34450243793212,200,0.0,0.0,0.0,0.0,0.0,200,0.1867955593532986,0.0015754292320632613,0.00011139966932714472,0.1865772160014174,0.1870139027051798,200,0.1441920919686226,0.0028293110346534946,0.0002000625018689413,0.14379996946495946,0.14458421447228573,200,0.26533085558993313,0.0044255270605511095,0.0003129320194840258,0.26471750883174444,0.2659442023481218,200,0.39138408017392,0.004434724993820544,0.0003135824115827977,0.39076945864721774,0.3919987017006223,200,0.6101077630235214,0.005636681435714092,0.0003985735666581759,0.6093265588328715,0.6108889672141714,200,0.8409810654445445,0.004156502708371521,0.0002939091251109753,0.840405003559327,0.8415571273297621,200,0.39138408017392,0.004434724993820544,0.0003135824115827977,0.39076945864721774,0.3919987017006223,200,44.293775000000025,0.16975576772203058,0.012003545450177625,44.27024805091768,44.31730194908237,200,0.4613934895833332,0.0017682892471549657,0.0001250369317762531,0.46114841719705174,0.46163856196961467,200,0.0,0.0,0.0,0.0,0.0,200,0.350802734375,0.008118554427743768,0.0005740684889289689,0.3496775601366992,0.35192790861330076,200,0.1862448676215278,0.0017423756530778264,0.00012320456396656704,0.18600338667615335,0.18648634856690227,200,0.1434777883973088,0.002945403543241146,0.00020827148187566987,0.14306957629283248,0.1438860005017851,200,0.26555261819274845,0.004529943430973846,0.00032031537184330614,0.26492480006393554,0.26618043632156135,200,0.3931752858065749,0.004730856701177393,0.0003345220854224355,0.3925196225191469,0.3938309490940029,200,0.6116334779643651,0.005927699580182736,0.00041915165699838634,0.6108119407166482,0.6124550152120819,200,0.8411944607204863,0.004208109194975621,0.0002975582547740725,0.8406112465411292,0.8417776748998435,200,0.3931752858065749,0.004730856701177393,0.0003345220854224355,0.3925196225191469,0.3938309490940029,200,0.0,0.0,0.0,0.0,0.0,200,0.0,0.0,0.0,0.0,0.0
N192_M96,normalized,lambda_pSA_normalized,0.95,2.5,19200,200,0.31395833333333323,0.03969008350863556,0.0028065127194816563,0.3084575684031492,0.31945909826351726,200,1.0,0.0,0.0,1.0,1.0,200,25.59,1.4499696756489533,0.10252833901662337,25.38904445552742,25.79095554447258,200,0.3419010416666669,0.03308449134859734,0.002339426818470084,0.3373157651024655,0.3464863182308683,200,43.765,5.125537108759082,0.3624302046826838,43.05463679882194,44.47536320117806,200,44.11659817708334,0.16428637625373116,0.011616801070557788,44.093829246985045,44.139367107181634,200,0.0,0.0,0.0,0.0,0.0,200,0.1841003675672742,0.0018603114313874766,0.00013154388282529374,0.1838425415569366,0.18435819357761177,200,0.1397484601810516,0.0032199083350374223,0.00022768190185040472,0.13930220365342483,0.1401947167086784,200,0.2699692448965395,0.005029054987618021,0.0003556078884704731,0.2692722534351374,0.2706662363579416,200,0.39918508838093236,0.005361908290761266,0.00037914417124976615,0.3984419658052828,0.39992821095658193,200,0.6200953370754854,0.006647373740174221,0.0004700403048758575,0.6191740580779287,0.621016616073042,200,0.8485334767845586,0.004739720362499578,0.00033514884092514127,0.8478765850563453,0.8491903685127719,200,0.39918508838093236,0.005361908290761266,0.00037914417124976615,0.3984419658052828,0.39992821095658193,200,44.07984791666665,0.18320939391463759,0.012954860481411763,44.054456390123086,44.105239443210216,200,0.4591650824652775,0.0019084311866191235,0.00013494646334862717,0.4589005873971142,0.45942957753344077,200,0.0,0.0,0.0,0.0,0.0,200,0.33976183810763866,0.009299533883526723,0.0006575763470915815,0.33847298846733914,0.3410506877479382,200,0.18348557400173612,0.0019778773835767006,0.0001398570510282591,0.18321145418172075,0.1837596938217515,200,0.13899922316882568,0.003316706607790626,0.00023452657335749824,0.13853955108504498,0.13945889525260638,200,0.2701554461210809,0.005201507526464068,0.00036780212443556073,0.2694345539571872,0.2708763382849746,200,0.40116922951433454,0.0056133018336276775,0.0003969203791405012,0.4003912655712192,0.4019471934574499,200,0.6218480447833644,0.00689367264356261,0.00048745626735433153,0.62089263049935,0.6228034590673789,200,0.8487713975694448,0.004843487752318826,0.0003424863034258631,0.84810012441473,0.8494426707241595,200,0.40116922951433454,0.0056133018336276775,0.0003969203791405012,0.4003912655712192,0.4019471934574499,200,0.0,0.0,0.0,0.0,0.0,200,0.0,0.0,0.0,0.0,0.0
N192_M96,normalized,lambda_pSA_normalized,0.95,3.0,19200,200,0.30273437500000017,0.04109989809416857,0.0029062016648462655,0.2970382197369015,0.30843053026309886,200,1.0,0.0,0.0,1.0,1.0,200,25.135,1.6855206612490596,0.11918430893992436,24.90139875447775,25.368601245522253,200,0.32580729166666667,0.03742219232008249,0.002646148595639747,0.32062084041921274,0.3309937429141206,200,44.365,5.58369620561352,0.39482694510749144,43.59113918758932,45.138860812410684,200,43.87498385416666,0.1802393573976767,0.012744847185260292,43.85000395368355,43.89996375464977,200,0.0,0.0,0.0,0.0,0.0,200,0.18114387613932287,0.0019189956201299905,0.00013569348160612002,0.18087791691537486,0.18140983536327088,200,0.1353479361968677,0.0030519668942654873,0.0002158066486891973,0.13492495516543687,0.1357709172282985,200,0.2740354617121333,0.0047429183404588075,0.0003353749721152469,0.2733781267667874,0.27469279665747914,200,0.4076948410864407,0.0055581116232334745,0.0003930178419380159,0.4069245261162422,0.40846515605663924,200,0.6307623301434507,0.006729492848221943,0.000475847002692411,0.6298296700181736,0.6316949902687279,200,0.856273152267373,0.004629738908015419,0.0003273719776980904,0.8556315031910847,0.8569148013436613,200,0.4076948410864407,0.0055581116232334745,0.0003930178419380159,0.4069245261162422,0.40846515605663924,200,43.829007291666684,0.21615526391452153,0.0152844852903126,43.79904970049767,43.8589648828357,200,0.4565521592881943,0.002251617332510769,0.000159213388445553,0.45624010104684104,0.4568642175295476,200,0.0,0.0,0.0,0.0,0.0,200,0.3291090983072916,0.008621509699986879,0.0006096327972926319,0.3279142180245981,0.33030397858998517,200,0.1804735731336805,0.0021159638648474374,0.00014962123975793183,0.18018031550375496,0.18076683076360606,200,0.1345418399825003,0.0031661366981848545,0.0002238796729450096,0.1341030358235281,0.1349806441414725,200,0.2743020376501827,0.004808318400022472,0.0003399994546759941,0.27363563871901775,0.2749684365813476,200,0.40991752986875474,0.005891160937285925,0.0004165679847816175,0.40910105661858276,0.4107340031189267,200,0.6326894984834861,0.007069140292599754,0.000499863703805634,0.631709765624027,0.6336692313429452,200,0.8565368815104167,0.004670514406778071,0.00033025524086622394,0.8558895812383189,0.8571841817825145,200,0.40991752986875474,0.005891160937285925,0.0004165679847816175,0.40910105661858276,0.4107340031189267,200,0.0,0.0,0.0,0.0,0.0,200,0.0,0.0,0.0,0.0,0.0
N192_M96,pSA,pSA,0.0,2.0,19200,200,0.30315104166666657,0.03954259859353998,0.0027960839611229755,0.2976707171028655,0.3086313662304676,200,1.0,0.0,0.0,1.0,1.0,200,21.365,2.007967796894882,0.1419847645588583,21.086709861464637,21.64329013853536,200,0.3414062500000002,0.03692366505755663,0.0026108973948459064,0.3362888911061022,0.34652360889389816,200,41.57,5.498752713755663,0.388820533196456,40.80791175493495,42.33208824506505,200,41.96099062500003,0.2725653473459012,0.01927328054247535,41.923214995136775,41.998766254863284,200,0.0,0.0,0.0,0.0,0.0,200,0.19982973361545134,0.0029369517314419263,0.0002076738485320158,0.19942269287232858,0.2002367743585741,200,0.15186365044691197,0.004142991353737218,0.0002929537280624821,0.15128946113990951,0.15243783975391442,200,0.2923889389767619,0.004900499272336419,0.00034651762666688236,0.2917097644284948,0.293068113525029,200,0.426651756545973,0.006811042314864495,0.0004816134207789205,0.4257077942412463,0.4275957188506997,200,0.6509605694581531,0.007763220077577612,0.0005489425560698685,0.6498846420482561,0.65203649686805,200,0.8498222554190523,0.004679137038025276,0.0003308649529688809,0.8491737601112334,0.8504707507268713,0,nan,nan,nan,nan,nan,200,41.91864375000002,0.3062382089506346,0.02165431142074166,41.87620129961537,41.96108620038468,200,0.43665253906249973,0.0031899813432973386,0.000225565743970412,0.4362104302043177,0.43709464792068176,200,0.0,0.0,0.0,0.0,0.0,200,0.34040374348958324,0.0093177127673994,0.0006588617882976588,0.33911237438451985,0.34169511259464663,200,0.19917464192708326,0.0031246934152631555,0.00022094919030615299,0.1987415815140832,0.19960770234008332,200,0.1510393959856831,0.004287791322755969,0.0003031926320633582,0.15044513842683893,0.1516336535445273,200,0.2926722503903537,0.004997827348783756,0.0003533997609524578,0.2919795868588869,0.2933649139218205,200,0.42870773846286525,0.0072532436267391046,0.0005128817754065328,0.42770249018306844,0.42971298674266206,200,0.6526138204232627,0.008158025266982987,0.0005768594987374865,0.6514831758057372,0.6537444650407881,200,0.8501176378038195,0.004754979303148964,0.00033622781096583163,0.8494586312943265,0.8507766443133126,0,nan,nan,nan,nan,nan,200,0.0,0.0,0.0,0.0,0.0,200,0.0,0.0,0.0,0.0,0.0
N192_M96,pSA,pSA,0.0,2.5,19200,200,0.2817187500000001,0.04133224647310418,0.0029226311762805724,0.2759903928944902,0.28744710710550997,200,1.0,0.0,0.0,1.0,1.0,200,20.64,2.112513566308914,0.14937726680856103,20.34722055705522,20.93277944294478,200,0.33020833333333327,0.04051216721369801,0.0028646428157369183,0.32459363341448894,0.3358230332521776,200,41.67,5.9470950638519575,0.4205231248010763,40.84577467538989,42.49422532461011,200,41.47076614583334,0.3629631842146423,0.02566537288792356,41.420462014973005,41.52107027669367,200,0.0,0.0,0.0,0.0,0.0,200,0.19451290690104175,0.0036773305262573397,0.00026002653517808605,0.19400325489209272,0.1950225589099908,200,0.14490688548316866,0.00494376565026028,0.00034957702158961655,0.144221714520853,0.1455920564454843,200,0.2962271663490194,0.005427899118545208,0.00038381042743198006,0.29547489791125275,0.29697943478678607,200,0.4392106028536762,0.008803310784162223,0.0006224880752373771,0.43799052622621093,0.44043067948114145,200,0.665109660703552,0.009630137056158323,0.0006809535216165406,0.6637749918011836,0.6664443296059205,200,0.8583632796881855,0.005463078649336665,0.0003862979959101401,0.8576061356162016,0.8591204237601694,0,nan,nan,nan,nan,nan,200,41.415417708333365,0.40222010235191324,0.028441256190258505,41.35967284620046,41.47116257046627,200,0.43141060112847235,0.004189792732849948,0.0002962630853164315,0.43082992548125215,0.43199127677569255,200,0.0,0.0,0.0,0.0,0.0,200,0.32700089518229175,0.011110313994728659,0.0007856178366784434,0.325461084222402,0.3285407061421815,200,0.19373798828125,0.003941044116617862,0.0002786739019815837,0.1931917874333661,0.1942841891291339,200,0.14401826958207345,0.005153284444642434,0.0003643922376189817,0.14330406079634025,0.14473247836780664,200,0.29639412164890827,0.0054778651324088184,0.000387343558155162,0.29563492827492416,0.2971533150228924,200,0.4415803258923758,0.009417000363346242,0.000665882481535831,0.44027519622856554,0.442885455556186,200,0.6670030418781425,0.010195906038438127,0.0007209594300120467,0.6655899613953189,0.6684161223609661,200,0.8586735351562501,0.005584808167894565,0.00039490557271442653,0.8578995202337298,0.8594475500787704,0,nan,nan,nan,nan,nan,200,0.0,0.0,0.0,0.0,0.0,200,0.0,0.0,0.0,0.0,0.0
N192_M96,pSA,pSA,0.0,3.0,19200,200,0.26445312499999996,0.049287494892053654,0.0034851521865868463,0.25762222671428975,0.27128402328571016,200,1.0,0.0,0.0,1.0,1.0,200,19.405,2.5104755400493133,0.17751742783718294,19.057065841439123,19.75293415856088,200,0.310625,0.04535124585299467,0.0032068173477910822,0.30433963799832947,0.3169103620016705,200,39.8,5.408907598308135,0.38246752415751245,39.05036365265127,40.549636347348724,200,40.880768489583346,0.42751914220196957,0.03023016845380686,40.82151735941388,40.94001961975281,200,0.0,0.0,0.0,0.0,0.0,200,0.18848178982204852,0.0040493800099591455,0.0002863344064643361,0.18792057438537843,0.18904300525871862,200,0.13770078953523723,0.004987198256650672,0.0003526481706399418,0.13700959912078295,0.13839197994969152,200,0.29908746457275326,0.005176349456630539,0.0003660231802574755,0.2983700591394486,0.29980487000605793,200,0.4535778866073075,0.009909589804093594,0.000700713814925165,0.4522044875300542,0.45495128568456084,200,0.680786399628341,0.010325637908398055,0.0007301328585105144,0.6793553392256604,0.6822174600310216,200,0.8673520365267661,0.005509850121977137,0.00038960523845715594,0.86658841025939,0.8681156627941421,0,nan,nan,nan,nan,nan,200,40.80267708333334,0.4689312267147255,0.03315844503201087,40.7376865310706,40.867667635596085,200,0.42502788628472216,0.004884700278307223,0.00034540046908548535,0.4243509013653146,0.4257048712041297,200,0.0,0.0,0.0,0.0,0.0,200,0.31341590711805556,0.011013575987362944,0.0007787774265777663,0.31188950336196314,0.314942310874148,200,0.18755157877604156,0.004306947326335608,0.00030454716606651786,0.1869546663305512,0.18814849122153193,200,0.13666229513016262,0.005155820404670351,0.00036457155707223746,0.13594773487830103,0.1373768553820242,200,0.2993597218204626,0.005401726277624258,0.000381959728102168,0.2986110807533824,0.30010836288754283,200,0.456344030491464,0.010450686212365178,0.0007389751088816173,0.45489563927805604,0.45779242170487194,200,0.6830024714406426,0.010814611551159902,0.0007647085163723534,0.6815036427485528,0.6845013001327325,200,0.8677910861545145,0.005625563399137791,0.0003977874027525176,0.8670114228451196,0.8685707494639094,0,nan,nan,nan,nan,nan,200,0.0,0.0,0.0,0.0,0.0,200,0.0,0.0,0.0,0.0,0.0
N192_M96,shuffled,lambda_pSA_shuffled_derangement,0.95,2.0,19200,200,0.39174479166666665,0.03464225922163891,0.0024495776411243082,0.386943619490063,0.3965459638432703,200,1.0,0.0,0.0,1.0,1.0,200,28.305,1.5210334360453048,0.10755330570391099,28.094195520820335,28.515804479179664,200,0.4053645833333333,0.03229728060834764,0.00228376261320474,0.40088840861145203,0.4098407580552146,200,46.52,5.109809267846381,0.36131807838640434,45.81181656636265,47.228183433637355,200,46.341890625,0.0436550149335867,0.0030868757092339153,46.3358403486099,46.347940901390096,200,0.0,0.0,0.0,0.0,0.0,200,0.24639150933159734,0.0007257935948148358,5.132135726353318e-05,0.2462909194713608,0.24649209919183387,200,0.20703875030006677,0.0020965236187077537,0.00014824660677060123,0.2067481869507964,0.20732931364933715,200,0.30428055428795003,0.0029835170399383926,0.0002109665130726053,0.3038670599223277,0.30469404865357236,200,0.3626135500380107,0.0023628526997174913,0.00016707891669151792,0.3622860753612953,0.3629410247147261,200,0.575479419056543,0.00350400855957964,0.000247770821381447,0.5749937882466354,0.5759650498664506,200,0.8323488599373541,0.0035487511530120936,0.00025093460050384307,0.8318570281203665,0.8328406917543416,200,0.00012094378267089914,0.0008689745965079853,6.144578298696403e-05,5.100480164496422e-07,0.00024137751732534866,200,46.35822499999999,0.08122139029219345,0.005743219585300921,46.3469682896128,46.36948171038718,200,0.4828981770833333,0.0008460561490106562,5.9825204023001114e-05,0.4827809196834482,0.48301543448321843,200,0.0,0.0,0.0,0.0,0.0,200,0.40433241102430545,0.0048307491555599075,0.00034158554861075984,0.4036629033490284,0.4050019186995825,200,0.2463515353732638,0.000851505282903363,6.021051597571375e-05,0.2462335227619514,0.24646954798457618,200,0.20680337526810327,0.0022029780504139005,0.0001557740718252789,0.20649805808732571,0.20710869244888083,200,0.3046750073425538,0.0030683136400284665,0.0002169625381671308,0.30424976076774624,0.3051002539173614,200,0.36381007120683717,0.0026172551618145372,0.0001850678873014554,0.36344733814772634,0.364172804265948,200,0.5763592338047286,0.0037370321589040465,0.0002642480781073255,0.5758413075716383,0.576877160037819,200,0.832343853081597,0.0035936236158197947,0.0002541075627778297,0.8318458022585524,0.8328419039046415,200,7.692480157302281e-05,0.0010107056352750055,7.146768084864138e-05,-6.31518528903143e-05,0.0002170014560363599,200,6.436087918402593e-18,9.975266696496967e-19,7.053578725237336e-20,6.297837775387941e-18,6.574338061417245e-18,200,3.3698383902209186e-18,4.675694265500039e-19,3.306215121890131e-20,3.305036573831872e-18,3.4346402066099653e-18
N192_M96,shuffled,lambda_pSA_shuffled_derangement,0.95,2.5,19200,200,0.383671875,0.03673314670930499,0.002597425713246987,0.3785809206020359,0.3887628293979641,200,1.0,0.0,0.0,1.0,1.0,200,28.225,1.498533621603258,0.10596232856716996,28.01731383600835,28.432686163991654,200,0.40255208333333364,0.035477081378650195,0.0025086084819550543,0.3976352107087017,0.40746895595796556,200,46.64,4.911313981525281,0.34728234208728287,45.95932660950893,47.32067339049107,200,46.308497656250005,0.043802269613130995,0.003097288187480638,46.30242697140254,46.31456834109747,200,0.0,0.0,0.0,0.0,0.0,200,0.24538939887152794,0.0007656177894738618,5.413735307340222e-05,0.24528328965950408,0.2454955080835518,200,0.204113760609943,0.0022601118556101023,0.00015981404193420143,0.20380052508775195,0.20442699613213403,200,0.3076725305603654,0.0033693592786807223,0.0002382496794208953,0.30720556118870046,0.3081394999320304,200,0.3667264891547304,0.002541639618763495,0.00017972106097600586,0.3663742358752174,0.3670787424342434,200,0.5816749990385819,0.00377888809416944,0.00026720773967323194,0.5811512718688223,0.5821987262083415,200,0.8387478625375289,0.0038949947831334376,0.000275417722383988,0.8382080438016563,0.8392876812734015,200,0.00011601623887741341,0.0009687634407792451,6.850191983406165e-05,-1.8247523997347428e-05,0.0002502800017521742,200,46.31873749999999,0.07807088338117794,0.005520445105205506,46.307917427593786,46.329557572406195,200,0.4824868489583334,0.0008132383685490587,5.750463651221241e-05,0.48237413987076944,0.4825995580458973,200,0.0,0.0,0.0,0.0,0.0,200,0.3983167100694442,0.005217027191259533,0.00036889953045742235,0.39759366698974763,0.39903975314914075,200,0.24534874131944456,0.000920351644680536,6.507868890297988e-05,0.24522118708919471,0.2454762955496944,200,0.20390462704144682,0.0023033713384883704,0.00016287294930358612,0.2035853960608118,0.20422385802208184,200,0.3080254398080176,0.0034763716566169316,0.00024581659723185446,0.30754363927744316,0.30850724033859206,200,0.367958426453275,0.0027242806240771926,0.00019263573031401025,0.3675808604218595,0.36833599248469046,200,0.5826365164543642,0.0039853854168824115,0.0002818093053919529,0.582084170215796,0.5831888626929325,200,0.8387581325954863,0.0039237136568379205,0.00027744845341843595,0.8382143336267861,0.8393019315641864,200,0.00010554100033469387,0.0012247207201658485,8.660083262889436e-05,-6.419663161793906e-05,0.0002752786322873268,200,6.241376050245923e-18,7.525450266213949e-19,5.3212969147219924e-20,6.137078630717372e-18,6.345673469774474e-18,200,3.384009731413821e-18,4.399560261486376e-19,3.1109588951358767e-20,3.3230349370691577e-18,3.444984525758484e-18
N192_M96,shuffled,lambda_pSA_shuffled_derangement,0.95,3.0,19200,200,0.38070312499999986,0.038615789206556464,0.0027305486408826366,0.3753512496638699,0.3860550003361298,200,1.0,0.0,0.0,1.0,1.0,200,28.255,1.6745133546419833,0.11840597482547804,28.02292428934206,28.487075710657937,200,0.38986979166666685,0.03734817369849899,0.0026409146887141697,0.38469359887678706,0.39504598445654665,200,46.015,4.801044170347553,0.33948508896288965,45.34960922563274,46.68039077436726,200,46.28170208333335,0.044927053914701434,0.003176822448181901,46.27547551133491,46.28792865533179,200,0.0,0.0,0.0,0.0,0.0,200,0.2443368259006075,0.0007690925394960224,5.4383055003762e-05,0.24423023511280015,0.24444341668841488,200,0.2013616002770902,0.0020407719681250556,0.00014430436975166436,0.20107876371237696,0.20164443684180347,200,0.31070055857280143,0.0030655070660557918,0.0002167640834183328,0.3102757009693015,0.31112541617630135,200,0.37085574640336816,0.002480456505845661,0.00017539476157217562,0.3705119726706867,0.3711995201360496,200,0.5878697434212946,0.003636432326515055,0.0002571345957404769,0.5873657596136432,0.588373727228946,200,0.8451765162904818,0.0036972337407757483,0.00026143390497342377,0.8446641058367339,0.8456889267442298,200,0.00011891467040936064,0.001011785688649751,7.154405215517397e-05,-2.1311671814780333e-05,0.0002591410126335016,200,46.28926458333331,0.08167459525579071,0.005775266015603623,46.27794506194273,46.300584104723896,200,0.4821798394097222,0.0008507770338888393,6.015902099405754e-05,0.48206192772857387,0.48229775109087053,200,0.0,0.0,0.0,0.0,0.0,200,0.39258244357638866,0.004808367163151953,0.0003400029027499468,0.39191603788699875,0.3932488492657786,200,0.24424181315104165,0.0009653652697984112,6.826163285964375e-05,0.24410802035063675,0.24437560595144656,200,0.20106623768912407,0.002197044965049532,0.00015535453933582854,0.20076174279202585,0.2013707325862223,200,0.31110708389910496,0.0031418616713907565,0.0002221631693390504,0.31067164408720044,0.3115425237110095,200,0.3721815062460713,0.0027415977870331723,0.00019386023864971882,0.3718015401783179,0.37256147231382475,200,0.5889468092926308,0.00387468874837409,0.0002739818688962535,0.5884098048295942,0.5894838137556674,200,0.8452072536892359,0.0037208250713354216,0.0002631020639550196,0.844691573643884,0.8457229337345877,200,0.00014738304458270359,0.0012527190605519112,8.858061426378976e-05,-2.6234959374324347e-05,0.0003210010485397315,200,6.319077205940714e-18,8.347766714572924e-19,5.90276245163786e-20,6.203383061888612e-18,6.4347713499928155e-18,200,3.3552316458586955e-18,4.0271829700290166e-19,2.8476483871864986e-20,3.2994177374698402e-18,3.4110455542475508e-18
N288_M144,additive,lambda_pSA,0.9,2.0,25600,200,0.023628472222222217,0.05224384059565395,0.0036941973960415942,0.016387845325980692,0.030869099118463743,200,0.19,0.3932853503935417,0.027809473820460073,0.13549343131189825,0.24450656868810175,200,0.765,1.7188797918101975,0.12154315568335117,0.5267754148606317,1.0032245851393684,200,0.023368055555555548,0.051801313982036454,0.0036629060391071494,0.016188759718905536,0.03054735139220556,200,1.45,3.5341122999621444,0.24989947727780182,0.9601970245355085,1.9398029754644914,200,2.4596125,3.0533489129458196,0.21590437216725622,2.0364399305521776,2.8827850694478223,200,0.7057943359375,0.38396261321542186,0.027150256752673227,0.6525798327022604,0.7590088391727395,200,0.0023601128472222218,0.002631555056812786,0.00018607904257380713,0.00199539792377756,0.0027248277706668836,200,0.0012811029464514414,0.0015234537342637107,0.00010772444663218383,0.0010699630310523612,0.0014922428618505217,200,0.0955291695191198,0.06056307337586442,0.004282455987357218,0.08713555578389966,0.10392278325433994,200,0.980997099627727,0.017622273243207972,0.001246082891019461,0.9785547771613288,0.9834394220941252,200,0.9959607893604049,0.004933611704303241,0.00034885902918541415,0.9952770256632014,0.9966445530576084,200,0.9974496217023318,0.0026237682612537125,0.0001855284329794537,0.997085985973692,0.9978132574309715,200,0.980997099627727,0.017622273243207972,0.001246082891019461,0.9785547771613288,0.9834394220941252,200,1.5074890625000001,3.0528505131388752,0.21586912997893298,1.0843855677412915,1.9305925572587088,200,0.010468674045138888,0.021200350785686637,0.0014990911804092571,0.007530455331536744,0.013406892758741032,200,0.798353125,0.3981897353355975,0.02815626620546776,0.7431668432372832,0.8535394067627168,200,0.023290901692708338,0.048439254763481286,0.003425172551888039,0.01657756349100778,0.030004239894408896,200,0.001233352322048611,0.0025477021453102267,0.00018014974633923762,0.0008802588192237052,0.0015864458248735166,200,0.0007013356314114384,0.001462002937856228,0.00010337921914727934,0.0004987123618827709,0.0009039589009401059,42,0.028737656668898066,0.010756283933425554,0.0016597306440709898,0.025484584606518926,0.03199072873127721,200,0.9898353178482903,0.016939996177394907,0.0011978386170310132,0.9874875541589094,0.9921830815376711,200,0.99768010827662,0.004800483095767354,0.0003394454149988486,0.9970147952632222,0.9983454212900178,200,0.9988774522569441,0.002420225639737961,0.00017113579618602625,0.9985420260964195,0.9992128784174688,200,0.9898353178482903,0.016939996177394907,0.0011978386170310132,0.9874875541589094,0.9921830815376711,200,0.0,0.0,0.0,0.0,0.0,200,0.0,0.0,0.0,0.0,0.0
N288_M144,additive,lambda_pSA,0.9,2.5,25600,200,0.005225694444444444,0.02398563456528857,0.0016960404852177995,0.0019014550934175574,0.00854993379547133,200,0.05,0.21849186132974538,0.015449707678033374,0.01971857295105459,0.08028142704894542,200,0.195,0.9005721241265293,0.0636800655917442,0.07018707144018137,0.31981292855981863,200,0.005277777777777778,0.024373906843636283,0.0017234954813144414,0.0018997266344014728,0.008655828921154083,200,0.34,1.6425253262084518,0.11614407964326423,0.11235760389920213,0.5676423961007979,200,0.9623406250000001,1.799955174820811,0.1272760509947613,0.712879565050268,1.2118016849497322,200,0.8909767578124997,0.24304277486005801,0.017185719422194237,0.8572927477449991,0.9246607678800004,200,0.0010669867621527786,0.0015516458607174363,0.00010971793101133364,0.0008519396173705647,0.0012820339069349925,200,0.0005502387961353034,0.0008702089578543872,6.153306551481157e-05,0.0004296339877262727,0.000670843604544334,200,0.14701574914764357,0.06345525026766495,0.004486963776615537,0.13822130014547712,0.15581019814981,200,0.989798933640494,0.010519784381534558,0.0007438610872803417,0.9883409659094246,0.9912569013715634,200,0.9983155446300043,0.0028775866163646096,0.00020347610098830676,0.9979167314720672,0.9987143577879414,200,0.9987391131716133,0.0015101088243376888,0.00010678081900188246,0.9985298227663697,0.998948403576857,200,0.989798933640494,0.010519784381534558,0.0007438610872803417,0.9883409659094246,0.9912569013715634,200,0.3745539062499999,1.584307121283459,0.11202743089416718,0.15498014169743224,0.5941276708025676,200,0.002601068793402778,0.011002132786690688,0.0007779682700983832,0.001076250984009947,0.004125886602795609,200,0.9456703125,0.2259486396606674,0.01597698153039336,0.914355428700429,0.976985196299571,200,0.005038338216145834,0.021760824333993456,0.0015387226450776009,0.002022441831793736,0.008054234600497931,200,0.0003077853732638889,0.0013159854704856346,9.305422501233614e-05,0.0001253990922397101,0.0004901716542880677,200,0.00017024596825847315,0.0007310668565149051,5.1694233174242206e-05,6.892527123695843e-05,0.0002715666652799879,11,0.031947529644162545,0.008450161922761636,0.002547819683231681,0.02695380306502845,0.03694125622329664,200,0.9961302726659792,0.008754948004473542,0.0006190683102898873,0.994916898777811,0.9973436465541474,200,0.9994265218595451,0.002446425529455973,0.0001729884081546208,0.999087464579562,0.9997655791395281,200,0.9997258843315971,0.0012041444708509787,8.514587208670141e-05,0.9995589984223072,0.9998927702408871,200,0.9961302726659792,0.008754948004473542,0.0006190683102898873,0.994916898777811,0.9973436465541474,200,0.0,0.0,0.0,0.0,0.0,200,0.0,0.0,0.0,0.0,0.0
N288_M144,additive,lambda_pSA,0.9,3.0,25600,200,0.0,0.0,0.0,0.0,0.0,200,0.0,0.0,0.0,0.0,0.0,200,0.0,0.0,0.0,0.0,0.0,200,0.0,0.0,0.0,0.0,0.0,200,0.0,0.0,0.0,0.0,0.0,200,0.3178005859375,0.4321332248966641,0.03055643337004426,0.25790997653221326,0.3776911953427867,200,0.9769927734375001,0.05349830383577486,0.003782901342425469,0.9695782868063462,0.9844072600686541,200,0.0004944132486979166,0.00040398658656708695,2.856616548699934e-05,0.00043842356434339793,0.0005504029330524353,200,0.00023904846945665533,0.00021066723689378342,1.4896423178142707e-05,0.0002098514800274956,0.00026824545888581505,200,0.18636062229668213,0.05349532577407153,0.0037826907616629476,0.17894654840382274,0.19377469618954152,200,0.9938298053999515,0.002815834282219412,0.00019910955156549008,0.9934395506788831,0.9942200601210198,200,0.9993441276228578,0.0007014357013779598,4.959899410106975e-05,0.9992469135944198,0.999441341651296,200,0.9993103901085248,0.000449167430435997,3.176093359494303e-05,0.9992481386786788,0.9993726415383709,200,0.9938298053999515,0.002815834282219412,0.00019910955156549008,0.9934395506788831,0.9942200601210198,200,0.0,0.0,0.0,0.0,0.0,200,0.0,0.0,0.0,0.0,0.0,200,1.0,0.0,0.0,1.0,1.0,200,0.0,0.0,0.0,0.0,0.0,200,0.0,0.0,0.0,0.0,0.0,200,0.0,0.0,0.0,0.0,0.0,0,nan,nan,nan,nan,nan,200,0.998296169555156,0.00016308723480793405,1.1532008965765292e-05,0.9982735668175831,0.9983187722927289,200,0.9999982361995535,1.1210884942758824e-07,7.927292766126924e-09,0.9999982206620597,0.9999982517370474,200,1.0,0.0,0.0,1.0,1.0,200,0.998296169555156,0.00016308723480793405,1.1532008965765292e-05,0.9982735668175831,0.9983187722927289,200,0.0,0.0,0.0,0.0,0.0,200,0.0,0.0,0.0,0.0,0.0
N288_M144,gain_only,gain_only_pSA,0.9,2.0,25600,200,0.32631944444444444,0.030483456381656785,0.002155505872147385,0.3220946529350356,0.3305442359538533,200,1.0,0.0,0.0,1.0,1.0,200,47.11,3.007177343937256,0.21263954921285844,46.693226483542794,47.526773516457204,200,0.3442361111111112,0.034519298156536427,0.0024408829808287196,0.3394519804686869,0.34902024175353547,200,64.92,7.064213726798568,0.499515342997036,63.94094992772581,65.89905007227419,200,65.00214492187493,0.25728119028366614,0.01819252743213268,64.96648756810795,65.03780227564191,200,0.0,0.0,0.0,0.0,0.0,200,0.2304100165473089,0.002244374040373565,0.0001587012103467198,0.23009896217502931,0.23072107091958846,200,0.17595855388702725,0.003508189125375023,0.0002480664320237582,0.17547234368026068,0.1764447640937938,200,0.3338784186334926,0.004584552420282968,0.0003241768105087285,0.3332430320848955,0.33451380518208973,200,0.37874603868237744,0.004925274239290962,0.00034826948138060536,0.3780634304988715,0.3794286468658834,200,0.595512756212664,0.0061788357124072605,0.0004369096632080786,0.5946564132727762,0.5963690991525518,200,0.7404395336183522,0.0012692735202247476,8.975119133314395e-05,0.7402636212833392,0.7406154459533653,0,nan,nan,nan,nan,nan,200,65.00632499999998,0.2930062917686613,0.020718673583994447,64.96571639977535,65.0469336002246,200,0.4514328124999999,0.0020347659150254855,0.0001438796776641771,0.4511508083317781,0.45171481666822166,200,0.0,0.0,0.0,0.0,0.0,200,0.34534803602430564,0.007291244741492359,0.0005155688600000002,0.34433752105870563,0.34635855098990564,200,0.23052558593750003,0.002418149374643318,0.00017098898207322996,0.23019044753263648,0.23086072434236357,200,0.17610616952546732,0.0036495492340161474,0.0002580621011646988,0.1756003678071845,0.17661197124375014,200,0.3338449254977811,0.004559646518936027,0.00032241569733533,0.33321299073100386,0.33447686026455836,200,0.38221460204918317,0.005235902911873977,0.0003702342454620479,0.38148894292807756,0.3829402611702888,200,0.5950851035357789,0.00646840258027834,0.00045738513279593753,0.5941886286754989,0.5959815783960589,200,0.7404477484809031,0.001473612035926828,0.00010420010634419743,0.7402435162724685,0.7406519806893377,0,nan,nan,nan,nan,nan,200,0.0,0.0,0.0,0.0,0.0,200,0.0,0.0,0.0,0.0,0.0
N288_M144,gain_only,gain_only_pSA,0.9,2.5,25600,200,0.324704861111111,0.031977233364831506,0.0022611318555857077,0.320273042674163,0.32913667954805903,200,1.0,0.0,0.0,1.0,1.0,200,47.055,2.975946283353772,0.2104311797406355,46.64255488770836,47.46744511229164,200,0.34128472222222206,0.02952151386050756,0.0020874862641657548,0.3371932491444572,0.3453761952999869,200,65.2,6.410575433370601,0.45329613602442426,64.31153957339212,66.08846042660788,200,64.91378554687493,0.2823726788994336,0.019966763607160105,64.8746506902049,64.95292040354497,200,0.0,0.0,0.0,0.0,0.0,200,0.22975090060763886,0.0023988651188058276,0.00016962537926594736,0.2294184348642776,0.23008336635100013,200,0.17397645337733983,0.003701242625514818,0.0002617173759318229,0.17346348732051345,0.1744894194341662,200,0.33840957666687105,0.004819029831248464,0.00034075686724160525,0.3377416932070775,0.3390774601266646,200,0.3803561497664084,0.005314083999199679,0.0003757624831629021,0.3796196552994091,0.3810926442334077,200,0.5973934451067905,0.006572602190913579,0.00046475315792365504,0.5964825289172602,0.5983043612963208,200,0.7408683587561811,0.0014022609375722462,9.915482179503413e-05,0.7406740153054628,0.7410627022068993,0,nan,nan,nan,nan,nan,200,64.9248734375,0.31721403141054183,0.02243041926979166,64.8809098157312,64.9688370592688,200,0.45086717664930553,0.0022028752181604797,0.00015576680048690704,0.45056187372035117,0.4511724795782599,200,0.0,0.0,0.0,0.0,0.0,200,0.33986285264756944,0.0078027286347455566,0.0005517362329387035,0.3387814496310096,0.3409442556641293,200,0.22986818847656265,0.002608900670915771,0.0001844771355846675,0.2295066132908167,0.2302297636623086,200,0.17415070470740215,0.0038906775778039023,0.00027511244986755905,0.17361148430566173,0.17468992510914258,200,0.3382797110189262,0.004851976864287713,0.00034308657428980824,0.33760726133331814,0.3389521607045342,200,0.38370692797476763,0.005643244442624288,0.0003990376413272933,0.38292481419776614,0.3844890417517691,200,0.5968571881138292,0.006921698929927559,0.0004894380250683447,0.5958978895846953,0.597816486642963,200,0.7408363986545138,0.0015817657755540337,0.00011184773061430557,0.7406171771025097,0.7410556202065178,0,nan,nan,nan,nan,nan,200,0.0,0.0,0.0,0.0,0.0,200,0.0,0.0,0.0,0.0,0.0
N288_M144,gain_only,gain_only_pSA,0.9,3.0,25600,200,0.316388888888889,0.03225938984452223,0.0022810833316002114,0.31191796555895257,0.3208598122188254,200,1.0,0.0,0.0,1.0,1.0,200,47.01,2.667485217753769,0.18861968861885642,46.640305410307036,47.37969458969296,200,0.3329861111111109,0.030350084495520034,0.0021460750556366913,0.328779804002063,0.33719241822015883,200,64.03,6.8133109447720415,0.4817738371380833,63.08572327920936,64.97427672079064,200,64.8280251953125,0.25471657858965374,0.018011182000138033,64.79272327859223,64.86332711203278,200,0.0,0.0,0.0,0.0,0.0,200,0.22905141872829862,0.002132571837634787,0.00015079560077590148,0.22875585935077786,0.2293469781058194,200,0.17213403195245255,0.003236422258084969,0.000228849612547496,0.17168548671185946,0.17258257719304565,200,0.34240132932843836,0.004389225737081537,0.0003103651282848877,0.341793013677,0.34300964497987674,200,0.38199471957007325,0.0047653001054264255,0.0003369576018935995,0.3813342826703618,0.3826551564697847,200,0.5993084862717526,0.005849235077970485,0.00041360337883871535,0.5984978236492288,0.6001191488942764,200,0.7412835004310823,0.0012684059908945838,8.968984774592024e-05,0.7411077083295002,0.7414592925326643,0,nan,nan,nan,nan,nan,200,64.84053281249999,0.28127781051086825,0.01988934472095397,64.80154969684692,64.87951592815305,200,0.4502814778645835,0.0019533181284795433,0.00013812044944625009,0.45001076178366883,0.45055219394549817,200,0.0,0.0,0.0,0.0,0.0,200,0.3348344835069445,0.006722136758937468,0.00047532684863080434,0.33390284288362815,0.33576612413026086,200,0.2291624891493055,0.0022375493085675224,0.00015821862893273657,0.22885238063659735,0.22947259766201367,200,0.1722914313831116,0.0032974271857920756,0.00023316331235424503,0.17183443129089726,0.17274843147532593,200,0.3422830039877062,0.004366436874448306,0.00030875371235453906,0.3416778467114913,0.34288816126392113,200,0.3854113486935163,0.004945770675912892,0.00034971879831315804,0.3847258998488225,0.3860967975382101,200,0.5987710194060459,0.005992029209478847,0.000423700448709036,0.5979405665265762,0.5996014722855156,200,0.7412547987196184,0.001412180169055983,9.985621737966506e-05,0.7410590805335543,0.7414505169056825,0,nan,nan,nan,nan,nan,200,0.0,0.0,0.0,0.0,0.0,200,0.0,0.0,0.0,0.0,0.0
N288_M144,normalized,lambda_pSA_normalized,0.9,2.0,25600,200,0.3419270833333332,0.028668494010603337,0.0020271686521303543,0.3379538327751577,0.3459003338915087,200,1.0,0.0,0.0,1.0,1.0,200,50.955,2.633944440678859,0.1862479975272629,50.58995392484656,51.320046075153435,200,0.3537152777777777,0.03230208709289679,0.002284102482986577,0.34923843691112405,0.3581921186444314,200,68.35,5.866821796334956,0.41484694762014895,67.53689998266451,69.16310001733548,200,67.74427832031249,0.1200685552653108,0.0084901289635373,67.72763766754396,67.76091897308102,200,0.0,0.0,0.0,0.0,0.0,200,0.2123758246527776,0.0011690423416346666,8.266377672640733e-05,0.21221380365039383,0.21253784565516137,200,0.16447679590773265,0.0023925705740811655,0.0001691802877400183,0.16414520254376222,0.16480838927170308,200,0.2997758073229108,0.0041384732028792075,0.00029263424655146984,0.29920224419966995,0.3003493704461517,200,0.34899350852320254,0.003202630325093373,0.00022646016205072012,0.34854964660558313,0.34943737044082196,200,0.5580857407717297,0.004407530401802326,0.00031165946354002927,0.5574748882231912,0.5586965933202681,200,0.7245355633266342,0.00053829584825953,3.806326445888785e-05,0.7244609593282947,0.7246101673249736,200,0.34899350852320254,0.003202630325093373,0.00022646016205072012,0.34854964660558313,0.34943737044082196,200,67.62183671874999,0.14717005046680404,0.010406494067264356,67.60143999037815,67.64223344712182,200,0.4695960883246533,0.0010220142390776265,7.226731989209991e-05,0.4694544443776648,0.46973773227164184,200,0.0,0.0,0.0,0.0,0.0,200,0.3533228705512155,0.0064287566439196605,0.0004545817417513663,0.3524318903373828,0.35421385076504813,200,0.21117871365017368,0.0012726270476988736,8.998832153492894e-05,0.21100233653996522,0.21135509076038214,200,0.1633036707876314,0.00246460474841669,0.00017427387305500065,0.1629620939964436,0.16364524757881918,200,0.29891959285494774,0.004200416273499425,0.0002970142830797771,0.2983374448601114,0.2995017408497841,200,0.35348927486983306,0.003408582950661498,0.00024102321186495964,0.3530168693745777,0.3539616803650884,200,0.5592068787066686,0.0045790641589810496,0.00032378873183037753,0.5585722527922811,0.5598415046210562,200,0.7250766655815974,0.0006990353264652363,4.9429261963252066e-05,0.7249797842281495,0.7251735469350454,200,0.35348927486983306,0.003408582950661498,0.00024102321186495964,0.3530168693745777,0.3539616803650884,200,0.0,0.0,0.0,0.0,0.0,200,0.0,0.0,0.0,0.0,0.0
N288_M144,normalized,lambda_pSA_normalized,0.9,2.5,25600,200,0.33911458333333333,0.030776819418374006,0.0021762497714086075,0.3348491337813725,0.3433800328852942,200,1.0,0.0,0.0,1.0,1.0,200,50.955,2.4418822544757908,0.17266715009989264,50.61657238580421,51.293427614195785,200,0.34720486111111115,0.031323579353745364,0.002214911537206828,0.34286363449818574,0.35154608772403656,200,67.335,6.784017205700249,0.47970245698368597,66.39478318431198,68.27521681568801,200,67.70400136718746,0.1372442196343758,0.009704631838212303,67.68498028878456,67.72302244559036,200,0.0,0.0,0.0,0.0,0.0,200,0.21205511271158844,0.001248736881620028,8.829903169112648e-05,0.21188204660947385,0.21222817881370304,200,0.1629894231465518,0.0025288091240696347,0.0001788138079956052,0.1626389480828804,0.16333989821022318,200,0.3035443216190968,0.0043190299155245965,0.00030540153414150036,0.30294573461217944,0.3041429086260141,200,0.34994491704783637,0.003460393612518988,0.0002446867788986791,0.349465330961195,0.35042450313447776,200,0.5592787271265116,0.004699205232083542,0.00033228398857935765,0.5586274505088961,0.5599300037441272,200,0.7247032007025572,0.000625722958462887,4.4245294707321576e-05,0.7246164799249308,0.7247899214801836,200,0.34994491704783637,0.003460393612518988,0.0002446867788986791,0.349465330961195,0.35042450313447776,200,67.57783046874995,0.16656770683352543,0.011778115502867866,67.55474536236433,67.60091557513557,200,0.46929048936631934,0.0011567201861882527,8.179246875890793e-05,0.46913017612755187,0.4694508026050868,200,0.0,0.0,0.0,0.0,0.0,200,0.34823704698350694,0.0067122524481966536,0.00047462792231558587,0.3473067762557684,0.3491673177112455,200,0.21080094401041663,0.001382618786695968,9.776591198686357e-05,0.21060932282292238,0.21099256519791088,200,0.16174180074273545,0.002592045768250505,0.00018328531398758264,0.16138256152731978,0.16210103995815112,200,0.30275030955251625,0.004418809241650365,0.00031245699795407584,0.3021378938365263,0.3033627252685062,200,0.35453245491774965,0.003580698686973528,0.00025319363229447483,0.3540361953984525,0.3550287144370468,200,0.5605046649842212,0.004803946515831139,0.00033969031578016864,0.5598388719652921,0.5611704580031504,200,0.7252815456814237,0.0007741024546565437,5.4737309502079396e-05,0.7251742605547996,0.7253888308080477,200,0.35453245491774965,0.003580698686973528,0.00025319363229447483,0.3540361953984525,0.3550287144370468,200,0.0,0.0,0.0,0.0,0.0,200,0.0,0.0,0.0,0.0,0.0
N288_M144,normalized,lambda_pSA_normalized,0.9,3.0,25600,200,0.33125000000000004,0.032469870475224503,0.0022959665597280113,0.32674990554293315,0.33575009445706694,200,1.0,0.0,0.0,1.0,1.0,200,50.76,2.502742214644773,0.17697059915371569,50.41313762565871,51.10686237434128,200,0.3455208333333332,0.029565398690428332,0.0020905893902485747,0.34142327812844603,0.3496183885382204,200,67.31,6.405391887006618,0.45292960394596754,66.42225797626591,68.1977420237341,200,67.65529082031252,0.12263519825862591,0.008671618030083107,67.63829444897355,67.67228719165148,200,0.0,0.0,0.0,0.0,0.0,200,0.21167359754774298,0.0011048873189319537,7.812733156638082e-05,0.21152046797787288,0.21182672711761308,200,0.16158127423382293,0.002193017298457984,0.0001550697402999043,0.16127733754283513,0.16188521092481073,200,0.30690250430469773,0.0038640397163215395,0.0002732288686185104,0.30636697572220545,0.30743803288719,200,0.3510117692270905,0.0030333228678797205,0.00021448831694059764,0.3505913721258869,0.35143216632829405,200,0.560676550190535,0.0041176417693377845,0.0002911612417595721,0.5601058741566862,0.5612472262243837,200,0.7249193224115785,0.0005712458044615684,4.039317820591395e-05,0.7248401517822949,0.7249984930408622,200,0.3510117692270905,0.0030333228678797205,0.00021448831694059764,0.3505913721258869,0.35143216632829405,200,67.54019140625007,0.1572880292185635,0.011121943205991407,67.51839239756633,67.56199041493382,200,0.4690291069878471,0.001092277980853161,7.7235716720202e-05,0.4688777249830755,0.4691804889926187,200,0.0,0.0,0.0,0.0,0.0,200,0.34374163682725706,0.005894919132172695,0.000416833729290563,0.34292464271784756,0.34455863093666655,200,0.21044853786892354,0.0012275019139995978,8.679749273085818e-05,0.21027841478317105,0.21061866095467602,200,0.16035945687203784,0.002269325331762275,0.00016046553308075165,0.16004494442719958,0.1606739693168761,200,0.30617903008229963,0.003929230335998106,0.0002778385415428157,0.3056344665408757,0.30672359362372353,200,0.3555903194598892,0.003215567191256774,0.0002273749366298645,0.3551446645840947,0.35603597433568374,200,0.5618872460594353,0.004291031872493476,0.0003034217735327745,0.561292539383311,0.5624819527355596,200,0.7254821126302079,0.0007513783444346968,5.3130472258649546e-05,0.725377976904581,0.7255862483558349,200,0.3555903194598892,0.003215567191256774,0.0002273749366298645,0.3551446645840947,0.35603597433568374,200,0.0,0.0,0.0,0.0,0.0,200,0.0,0.0,0.0,0.0,0.0
N288_M144,pSA,pSA,0.0,2.0,25600,200,0.3274479166666666,0.030491877067612586,0.002156101304561544,0.323221958109726,0.33167387522360725,200,1.0,0.0,0.0,1.0,1.0,200,47.635,2.9316801912416697,0.2073010943497259,47.228689855074535,48.04131014492546,200,0.3471527777777778,0.03194307889198735,0.0022587167696501123,0.3427256929092636,0.35157986264629204,200,66.09,6.851027872850386,0.4844408266990556,65.14049597966985,67.03950402033016,200,65.34726289062503,0.24211765262509252,0.01712030340161718,65.31370709595787,65.3808186852922,200,0.0,0.0,0.0,0.0,0.0,200,0.23263328314887158,0.002156044800810769,0.00015245538991952938,0.2323344705846293,0.23293209571311385,200,0.178086337273427,0.0034005134867680755,0.00024045261460100173,0.17761505014880902,0.17855762439804496,200,0.33555174761418016,0.004637427747419669,0.0003279156607463104,0.3349090329191174,0.33619446230924294,200,0.3751442131622605,0.004754214931977477,0.00033617376176196145,0.37448531258920703,0.37580311373531394,200,0.5911812127686675,0.006010070029589718,0.00042497612733289236,0.5903482595590951,0.59201416597824,200,0.7385487396629538,0.0011907254630740328,8.419700494711406e-05,0.7383837135332574,0.7387137657926501,0,nan,nan,nan,nan,nan,200,65.18625546874999,0.27325884031491426,0.01932231790058478,65.14838372566484,65.22412721183514,200,0.4526823296440974,0.0018976308354593766,0.00013418276319420187,0.45241933142823676,0.452945327859958,200,0.0,0.0,0.0,0.0,0.0,200,0.3454782741970487,0.007222336626532389,0.0005106963204633025,0.3444773094089406,0.34647923898515676,200,0.2314498914930556,0.002321868584956406,0.00016418090214466883,0.23112809692485203,0.23177168606125914,200,0.1768453952518337,0.003535145953626586,0.0002499725676293543,0.17635544901928019,0.17733534148438723,200,0.3350597568910181,0.004743252341283869,0.0003353985895400792,0.3344023756555195,0.33571713812651666,200,0.3803874365097623,0.005113653895329346,0.0003615899346028384,0.37967872023794075,0.3810961527815839,200,0.5928843768089564,0.006354185118385037,0.0004493087386124705,0.592003731681276,0.5937650219366369,200,0.7394278727213538,0.001361671652698112,9.628472593723284e-05,0.7392391546585169,0.7396165907841907,0,nan,nan,nan,nan,nan,200,0.0,0.0,0.0,0.0,0.0,200,0.0,0.0,0.0,0.0,0.0
N288_M144,pSA,pSA,0.0,2.5,25600,200,0.32008680555555563,0.02836925566503996,0.0020060093057964632,0.31615502731619455,0.3240185837949167,200,1.0,0.0,0.0,1.0,1.0,200,47.275,2.8793799932847772,0.20360291188645416,46.87593829270255,47.67406170729745,200,0.34104166666666663,0.031080212182424568,0.0021977028794909156,0.33673416902286446,0.3453491643104688,200,65.15,6.364750604010743,0.450055831265717,64.2678905707192,66.03210942928081,200,65.27562539062498,0.2573063435979809,0.018194306040044808,65.2399645507865,65.31128623046347,200,0.0,0.0,0.0,0.0,0.0,200,0.2320574408637151,0.002258192052613497,0.00015967829136245726,0.23174447141264468,0.23237041031478553,200,0.17619772824146712,0.003582101746428423,0.00025329284357997124,0.17570127426805038,0.17669418221488387,200,0.34001350810185366,0.004842937677175515,0.00034244740723946335,0.3393423111836643,0.340684705020043,200,0.3765606701250252,0.005017091989000716,0.00035476197672591097,0.3758653366506424,0.377256003599408,200,0.5928488459975184,0.006267807747005516,0.00044320093610811766,0.5919801721627465,0.5937175198322904,200,0.738890371809935,0.0012924639260910532,9.139100065779724e-05,0.7387112454486457,0.7390694981712242,0,nan,nan,nan,nan,nan,200,65.11291328125002,0.3089580261220389,0.021846631537290415,65.07009388343693,65.1557326790631,200,0.4521730088975691,0.002145541848129707,0.00015171271901320336,0.45187565196830326,0.452470365826835,200,0.0,0.0,0.0,0.0,0.0,200,0.34005409884982624,0.00766251373408293,0.0005418215422305094,0.3389921286270544,0.34111606907259806,200,0.23081830783420135,0.002534714139112299,0.00017923135561357284,0.23046701437719874,0.23116960129120395,200,0.1749186720821152,0.0037808956793093994,0.00026734969737985943,0.17439466667525066,0.17544267748897974,200,0.3394861428479181,0.00493591814614011,0.00034902211925174037,0.3388020594941847,0.34017022620165155,200,0.38186462581386205,0.0055371388631746685,0.0003915348438522379,0.38109721751991166,0.38263203410781244,200,0.5945790409140149,0.0067772568583639465,0.00047922442823921833,0.5936397610346661,0.5955183207933638,200,0.7397474365234382,0.0015955733405255,0.00011282407289660534,0.7395263013405609,0.7399685717063156,0,nan,nan,nan,nan,nan,200,0.0,0.0,0.0,0.0,0.0,200,0.0,0.0,0.0,0.0,0.0
N288_M144,pSA,pSA,0.0,3.0,25600,200,0.31810763888888866,0.029744542637057513,0.002103256780195576,0.3139852555997053,0.322230022178072,200,1.0,0.0,0.0,1.0,1.0,200,47.325,2.8758874531553005,0.20335595200554224,46.92642233406914,47.72357766593087,200,0.33588541666666655,0.028911631372791825,0.002044361059886683,0.33187846898928863,0.33989236434404446,200,65.325,6.649092203878541,0.47016181860971223,64.40348283552497,66.24651716447504,200,65.17234648437497,0.23364925720378368,0.016521497418799522,65.13996434943412,65.20472861931582,200,0.0,0.0,0.0,0.0,0.0,200,0.23125558200412336,0.0020127436786649623,0.0001423224703974352,0.23097662996214438,0.23153453404610233,200,0.1742568094827442,0.0031384765818968765,0.0002219238073654458,0.1738218388203079,0.17469178014518047,200,0.34385551546915866,0.004338356494313434,0.00030676812963337263,0.34325424993507725,0.34445678100324006,200,0.37830274219453913,0.004500988695548084,0.00031826796286660427,0.3776789369873206,0.3789265474017577,200,0.5949410079089168,0.005568887679626154,0.0003937798241929871,0.5941691994534986,0.595712816364335,200,0.7393838293719167,0.0011572946757409982,8.183309130475465e-05,0.7392234365129594,0.739544222230874,0,nan,nan,nan,nan,nan,200,64.98345703125001,0.2674527559090763,0.018911765735033833,64.94638997040934,65.02052409209068,200,0.4512740071614584,0.0018573108049731513,0.00013133170649675606,0.45101659701672475,0.451531417306192,200,0.0,0.0,0.0,0.0,0.0,200,0.33492614746093735,0.00672041087536589,0.0004752048102331042,0.3339947460328805,0.3358575488889942,200,0.2298848307291668,0.0021540090409829524,0.00015231143996161776,0.22958630030684202,0.23018336115149157,200,0.1728580827703158,0.003246415681521249,0.00022955625429540224,0.1724081525118968,0.1733080130287348,200,0.34326970163225395,0.004441073665359718,0.00031403133045248524,0.3426542002245671,0.3438852030399408,200,0.3838766983429997,0.004821122859351777,0.00034090486667811193,0.3832085248043106,0.3845448718816888,200,0.5969664665167486,0.005813606692206832,0.0004110840715210944,0.5961607417365672,0.5977721912969299,200,0.7403895724826393,0.0013635217435463314,9.641554711569156e-05,0.7402005980102925,0.740578546954986,0,nan,nan,nan,nan,nan,200,0.0,0.0,0.0,0.0,0.0,200,0.0,0.0,0.0,0.0,0.0
N288_M144,shuffled,lambda_pSA_shuffled_derangement,0.9,2.0,25600,200,0.39725694444444415,0.02802356277575392,0.0019815651271742505,0.39337307679518263,0.40114081209370567,200,1.0,0.0,0.0,1.0,1.0,200,53.77,2.238785564546039,0.15830604543130572,53.459720150954645,54.08027984904536,200,0.40732638888888895,0.029697072092564097,0.0020999001058037846,0.40321058468151355,0.41144219309626434,200,71.17,5.638266599874126,0.3986856546908613,70.38857611680591,71.9514238831941,200,70.13169511718748,0.04588181240865734,0.0032443340687290686,70.12533622241277,70.13805401196218,200,0.0,0.0,0.0,0.0,0.0,200,0.2745327026367187,0.0005650202194774864,3.99529628700042e-05,0.27445439482949346,0.2746110104439439,200,0.2300468582758031,0.0018740775482048292,0.00013251729428050935,0.2297871243790133,0.2303065921725929,200,0.3404003389961618,0.002889747726855976,0.00020433602135782716,0.3399998403943004,0.34080083759802315,200,0.32411163256226244,0.001906786150800268,0.00013483014175034644,0.32384736548443177,0.3243758996400931,200,0.5262353716090937,0.002976911107846473,0.00021049940313477988,0.5258227927789496,0.5266479504392378,200,0.7135439099458618,0.00022815133041857732,1.6132735287570865e-05,0.7135122897846982,0.7135755301070255,200,0.00011739487871828442,0.0006734145805715387,4.7617601647202966e-05,2.4064379489766616e-05,0.00021072537794680223,200,70.11429765625003,0.08082572468381344,0.00571524180182414,70.10309578231846,70.1254995301816,200,0.48690484483506913,0.0005612897553275097,3.9689179220262016e-05,0.4868270540437974,0.48698263562634087,200,0.0,0.0,0.0,0.0,0.0,200,0.4031842963324651,0.00399381400934783,0.0002824052968807684,0.4026307819505788,0.40373781071435144,200,0.27444756944444465,0.0006587560601083476,4.6581087725034546e-05,0.2743562705125036,0.2745388683763857,200,0.22993924333641258,0.0019283352243335185,0.00013635389135271134,0.22967198970936126,0.2302064969634639,200,0.34037814137623057,0.0029412792152548038,0.00020797984784697187,0.3399705008744505,0.3407857818780106,200,0.3273951834804825,0.0019775994328189717,0.0001398373969416965,0.3271211021824768,0.32766926477848823,200,0.5261230644681522,0.0030386452719096658,0.0002148646677387765,0.5257019297193841,0.5265441992169202,200,0.7136247531467015,0.0003990345343023333,2.821600251327959e-05,0.7135694497817755,0.7136800565116275,200,0.0001422640659549347,0.0007824049101293595,5.5324381758612136e-05,3.382827770805492e-05,0.0002506998542018145,200,6.333900658976754e-18,7.901135233418885e-19,5.586946302622449e-20,6.224396511445354e-18,6.4434048065081546e-18,200,3.506942633545102e-18,4.843038807780631e-19,3.4245455825312965e-20,3.4398215401274887e-18,3.574063726962715e-18
N288_M144,shuffled,lambda_pSA_shuffled_derangement,0.9,2.5,25600,200,0.39649305555555564,0.025097496431195136,0.0017746609917303256,0.3930147200117642,0.3999713910993471,200,1.0,0.0,0.0,1.0,1.0,200,53.78,2.395892632723226,0.16941519275934835,53.447946222191675,54.11205377780833,200,0.399652777777778,0.030330116018785668,0.0021446630711058077,0.39544923815841065,0.4038563173971454,200,70.08,5.8062174265196065,0.41056157153355183,69.27529931979424,70.88470068020575,200,70.13355527343752,0.04107399219264124,0.0029043698409819928,70.1278627085492,70.13924783832584,200,0.0,0.0,0.0,0.0,0.0,200,0.27447416449652784,0.0005711106035787515,4.0383618059807736e-05,0.2743950126051306,0.2745533163879251,200,0.22885461993855838,0.0019122969091573923,0.00013521981121072672,0.22858958910858534,0.2291196507685314,200,0.34286406059968294,0.0029463654615506023,0.00020833949977162628,0.34245571518013057,0.3432724060192353,200,0.3244732145300383,0.0018862863643182696,0.00013338058794691668,0.32421178857766236,0.32473464048241424,200,0.5267724577111746,0.0029197361484166705,0.00020645652298209195,0.5263678029261297,0.5271771124962196,200,0.7135654171615045,0.0002225050625006012,1.573348385425117e-05,0.7135345795331501,0.7135962547898588,200,5.481197870950312e-05,0.0006276281518510058,4.438001222374264e-05,-3.217284524903246e-05,0.0001417968026680387,200,70.12191484374998,0.08406980416540413,0.005944632861838232,70.11026336334078,70.13356632415918,200,0.48695774197048636,0.0005838180841999627,4.128217263171324e-05,0.4868768289121282,0.4870386550288445,200,0.0,0.0,0.0,0.0,0.0,200,0.4001739664713543,0.004029767368886745,0.0002849475833144089,0.399615469208058,0.40073246373465055,200,0.2743616997612847,0.0006950723927600539,4.914904023361934e-05,0.2742653676424268,0.2744580318801426,200,0.22871383402778045,0.0019523725638513584,0.00013805358793018613,0.22844324899543728,0.22898441906012362,200,0.34283211150537674,0.0029841688037279125,0.00021101259973213543,0.34241852680990176,0.3432456962008517,200,0.3277425711525669,0.001970019123013363,0.0001393013880949924,0.3274695404319007,0.3280156018732331,200,0.5266676809642157,0.002979409493207552,0.0002106760656578635,0.5262547558755263,0.5270806060529051,200,0.713634475368924,0.0004619899915458052,3.266762558623546e-05,0.7135704468227749,0.7136985039150731,200,6.043108181746264e-05,0.0007471889399016314,5.283423662320313e-05,-4.312402196401549e-05,0.00016398618559894076,200,6.364582074621737e-18,8.830579839464189e-19,6.244162886294342e-20,6.2421964820503676e-18,6.486967667193106e-18,200,3.534955043667552e-18,4.601288104830523e-19,3.2536020211186606e-20,3.471184444053627e-18,3.598725643281478e-18
N288_M144,shuffled,lambda_pSA_shuffled_derangement,0.9,3.0,25600,200,0.3911805555555556,0.02721468277754214,0.0019243686739840791,0.3874087929545468,0.3949523181565644,200,1.0,0.0,0.0,1.0,1.0,200,53.38,2.6779576707693007,0.18936020287315042,53.00885400236863,53.751145997631376,200,0.39737847222222217,0.03128138642668569,0.0022119280467226272,0.3930430932506458,0.40171385119379854,200,69.075,6.0250211117459935,0.42603332849077036,68.2399746761581,69.91002532384191,200,70.13045859375,0.04320223619840706,0.003054859417831656,70.12447106929106,70.13644611820895,200,0.0,0.0,0.0,0.0,0.0,200,0.27436131659613716,0.0005454785811219774,3.8571160370336647e-05,0.2742857171218113,0.274436916070463,200,0.22770493955365909,0.0016589449441261552,0.00011730512196067424,0.22747502151461615,0.22793485759270202,200,0.3451054623967106,0.0025889510841444275,0.00018306648677587887,0.34474665208262983,0.34546427271079133,200,0.32487529635919093,0.00166638844954225,0.00011783145727622619,0.3246443467029295,0.32510624601545235,200,0.5273760810948692,0.002566466884650315,0.00018147661378269507,0.5270203869318552,0.5277317752578833,200,0.7135761559349235,0.00020877520834311318,1.476263655630496e-05,0.7135472211672732,0.7136050907025738,200,9.709350354093889e-05,0.0006101252728731339,4.3142371782188566e-05,1.2534454847849298e-05,0.00018165255223402847,200,70.12666250000002,0.07880848173239687,0.005572601184799398,70.11574020167781,70.13758479832224,200,0.4869907118055555,0.0005472811232705178,3.8698619347997396e-05,0.4869148625116334,0.48706656109947755,200,0.0,0.0,0.0,0.0,0.0,200,0.3974231174045137,0.0034880710505873205,0.0002466438693130779,0.39693969542066004,0.39790653938836734,200,0.27430857204861114,0.000646436129512173,4.5709937078204284e-05,0.2742189805719379,0.2743981635252844,200,0.22762211975333982,0.0016685222805473293,0.00011798234191358595,0.2273908743631892,0.22785336514349044,200,0.3451316572009825,0.002681534967506431,0.00018961315595126456,0.34476001541531803,0.34550329898664695,200,0.32811002220237934,0.001707996113976895,0.00012077356344333338,0.3278733060180304,0.3283467383867283,200,0.5272110024638992,0.002543254804913136,0.00017983527188393484,0.5268585253310066,0.5275634795967917,200,0.7136131754557296,0.0004190731734178059,2.9632948273709654e-05,0.7135550948771131,0.713671256034346,200,0.00010059284489380055,0.000735997260796477,5.204286540439128e-05,-1.411171298806361e-06,0.00020259686108640746,200,6.250567976497702e-18,7.3513417731063855e-19,5.198183618583463e-20,6.148683577573466e-18,6.352452375421938e-18,200,3.49236161898509e-18,4.377521780746615e-19,3.095375335957743e-20,3.4316922624003183e-18,3.553030975569862e-18
N96_M48,additive,lambda_pSA,0.95,2.0,25600,200,0.030781249999999996,0.061055129295887356,0.004317249595134339,0.02231944079353669,0.0392430592064633,200,0.285,0.45254722955165066,0.03199992148231573,0.22228015389466116,0.3477198461053388,200,1.625,4.805187209735227,0.33977804608746437,0.9590350296685698,2.29096497033143,200,0.03635416666666666,0.07282305848337638,0.005149367848033997,0.026261405684520026,0.046446927648813294,200,1.16,3.559176687587642,0.2516717971234296,0.666723277638078,1.6532767223619218,200,3.4237371093750006,2.292650026768731,0.16211483808156893,3.1059920267351258,3.7414821920148755,200,0.6746982421875001,0.273158099523128,0.019315194450883363,0.6368404610637687,0.7125560233112315,200,0.009829740397135418,0.0048664311499840044,0.0003441086466331138,0.009155287449734515,0.010504193344536322,200,0.005496829997760184,0.0032308551388781524,0.00022845595777321463,0.005049056320524684,0.005944603674995685,200,0.08327293611820064,0.025460345721454922,0.0018003183110994676,0.07974431222844568,0.0868015600079556,200,0.8637187379236221,0.04037535695613538,0.0028549688696510767,0.8581229989391059,0.8693144769081382,200,0.9912093562645578,0.009127130748240396,0.0006453856044857031,0.9899444004797657,0.9924743120493498,200,0.9894738971323117,0.007123583659802579,0.0005037134312196088,0.9884866188071213,0.9904611754575021,200,0.8637187379236221,0.04037535695613538,0.0028549688696510767,0.8581229989391059,0.8693144769081382,200,1.07681015625,3.0183489273120667,0.2134294994489504,0.6584883373300573,1.4951319751699428,200,0.022433544921874996,0.06288226931900139,0.004446447905186466,0.013718507027709523,0.03114858281604047,200,0.8865062499999999,0.3151372061028414,0.02228356554395018,0.8428304615338575,0.9301820384661423,200,0.03611779785156249,0.0710901143648034,0.0050268301942679675,0.02626521067079727,0.045970385032327706,200,0.0019689290364583332,0.005581570338666193,0.00039467662361405596,0.0011953628541747836,0.002742495218741883,200,0.0012102013825373526,0.003446400389777746,0.00024369730862958046,0.0007325546576233749,0.0016878481074513304,57,0.019059169832368068,0.023760540615640015,0.0031471604866773377,0.012890735278480486,0.02522760438625565,200,0.9825074161064928,0.04945418527977496,0.003496938976938481,0.9756534157116934,0.9893614165012923,200,0.9957578721685466,0.012100965004954499,0.0008556674413904429,0.9940807639834214,0.9974349803536718,200,0.9969141927083333,0.008732759552696503,0.0006174993498183299,0.9957038939826893,0.9981244914339772,200,0.9825074161064928,0.04945418527977496,0.003496938976938481,0.9756534157116934,0.9893614165012923,200,0.0,0.0,0.0,0.0,0.0,200,0.0,0.0,0.0,0.0,0.0
N96_M48,additive,lambda_pSA,0.95,2.5,25600,200,0.015833333333333338,0.041033186954006595,0.0029014844748873436,0.010146423762554145,0.02152024290411253,200,0.21,0.4083303421761706,0.028873315391699354,0.15340830183226925,0.2665916981677307,200,0.67,2.5757079331290496,0.18213005458715373,0.31302509300917875,1.0269749069908214,200,0.01786458333333334,0.04660086998135618,0.0032951791173009572,0.011406032263423464,0.024323134403243216,200,0.625,2.4442271234800947,0.17283295737728638,0.2862474035405187,0.9637525964594813,200,2.6001746093749993,1.7470718843845807,0.12353663766686969,2.3580427995479347,2.842306419202064,200,0.7457773437500005,0.2329277546234758,0.016470479482081593,0.7134952039651206,0.7780594835348804,200,0.007571071370442709,0.004010356368968045,0.0002835750183471965,0.007015264334482204,0.008126878406403214,200,0.004080591563024382,0.002395621354306323,0.00016939601047853017,0.003748575382486463,0.004412607743562301,200,0.08762104038858644,0.02489275165437977,0.0017601833497204583,0.08417108102313434,0.09107099975403854,200,0.8802049702318131,0.03114632931963624,0.002202378067098417,0.8758883092203003,0.884521631243326,200,0.9941957800214586,0.005585243240016195,0.0003949363369591775,0.9934217048010185,0.9949698552418986,200,0.9924231926422228,0.005055896996998016,0.00035750590515579985,0.9917224810681174,0.9931239042163281,200,0.8802049702318131,0.03114632931963624,0.002202378067098417,0.8758883092203003,0.884521631243326,200,0.5425804687499999,2.004638157849791,0.1417493235240896,0.2647517946427843,0.8204091428572154,200,0.011303759765625001,0.04176329495520398,0.0029531109067518664,0.005515662388391343,0.017091857142858657,200,0.92905390625,0.255876993175543,0.01809323570240504,0.8935911642732861,0.9645166482267138,200,0.01811516113281251,0.04659445877486604,0.0032947257765424806,0.011657498610789248,0.02457282365483577,200,0.0008791585286458334,0.0033100780825817415,0.00023405786584505142,0.0004204051115895326,0.0013379119457021342,200,0.0005154669794511898,0.0019562610265846173,0.00013832854376689396,0.0002443430336680776,0.0007865909252343019,42,0.016217314416415454,0.02256495210596977,0.0034818477016852964,0.009392892921112273,0.023041735911718635,200,0.9920271680279555,0.029947962870241037,0.0021176407628270377,0.9878765921328145,0.9961777439230965,200,0.9981867553696676,0.0068931580894031515,0.0004874198828807874,0.9972314123992213,0.9991420983401139,200,0.9986079833984376,0.005230662823780091,0.0003698637152795277,0.9978830505164897,0.9993329162803855,200,0.9920271680279555,0.029947962870241037,0.0021176407628270377,0.9878765921328145,0.9961777439230965,200,0.0,0.0,0.0,0.0,0.0,200,0.0,0.0,0.0,0.0,0.0
N96_M48,additive,lambda_pSA,0.95,3.0,25600,200,0.005833333333333334,0.021970632269017448,0.001553558306437822,0.0027883590527152027,0.008878307613951465,200,0.12,0.3257769992899002,0.02303591253524935,0.07484961143091126,0.16515038856908873,200,0.2,1.1946278409579947,0.08447294473356425,0.03443302832221409,0.36556697167778596,200,0.007604166666666666,0.029916589971579952,0.0021154223638881644,0.0034579388334458642,0.011750394499887469,200,0.17,1.2159327540253029,0.08597942958381259,0.0014803180157273443,0.3385196819842727,200,1.6285910156249996,1.451382275340618,0.10262822489873118,1.4274396948234864,1.8297423364265128,200,0.8313267578124999,0.17679975525778774,0.012501630585490366,0.8068235618649388,0.855829953760061,200,0.0046415730794270825,0.003691449499708433,0.00026102489736515213,0.004129964280591384,0.005153181878262781,200,0.002441428595253101,0.0020446533559484686,0.0001445788253166994,0.00215805409763237,0.002724803092873832,200,0.09347529071956422,0.024800243754581012,0.0017536420533943557,0.09003815229491127,0.09691242914421716,200,0.9008351599741166,0.02803043769902727,0.001982051257660923,0.8969503395091012,0.9047199804391319,200,0.9966955471760016,0.003599163940045955,0.0002544993228608587,0.9961967285031943,0.9971943658488089,200,0.9956048715737975,0.0039432713929437755,0.0002788313942009467,0.9950583620411636,0.9961513811064314,200,0.9008351599741166,0.02803043769902727,0.001982051257660923,0.8969503395091012,0.9047199804391319,200,0.19022578125000003,1.1280686187975535,0.07976649699954926,0.03388344713088348,0.3465681153691166,200,0.003963037109375,0.023501429558282366,0.0016618020208239428,0.0007059051485600724,0.007220169070189929,200,0.9729000000000001,0.15897785946160808,0.011241432248382501,0.9508667927931704,0.9949332072068298,200,0.006674763997395834,0.02526684732531444,0.001786635908293502,0.0031729576171405697,0.010176570377651097,200,0.00027320963541666666,0.0016536090120258186,0.00011692781458346435,4.403111883307656e-05,0.0005023881520002568,200,0.00015590831441891965,0.0009453528776057109,6.684654303692144e-05,2.4889090066553633e-05,0.0002869275387712857,24,0.009625245614362038,0.018108936333919388,0.0036964711502207627,0.002380162159929343,0.016870329068794734,200,0.9974941617504229,0.015116343034866494,0.0010688868666696133,0.9953991434917505,0.9995891800090954,200,0.9994626331191786,0.003292833713052437,0.00023283850478190564,0.9990062696498061,0.9999189965885511,200,0.9995706868489584,0.002599430666953985,0.00018380750518274326,0.9992104241388002,0.9999309495591167,200,0.9974941617504229,0.015116343034866494,0.0010688868666696133,0.9953991434917505,0.9995891800090954,200,0.0,0.0,0.0,0.0,0.0,200,0.0,0.0,0.0,0.0,0.0
N96_M48,gain_only,gain_only_pSA,0.95,2.0,25600,200,0.05473958333333332,0.06493878701738662,0.004591865666202301,0.04573952662757681,0.06373964003908983,200,0.47,0.5003516351466935,0.035380203419000424,0.40065480129875913,0.5393451987012408,200,6.135,8.14977725749199,0.5762762763932491,5.005498498269231,7.264501501730768,200,0.08041666666666668,0.0968941631502967,0.006851451982097048,0.06698782078175647,0.09384551255157689,200,5.0,6.941970525280941,0.49087144332232924,4.037891971088235,5.962108028911765,200,6.800756835937499,4.548347932301144,0.3216167666125951,6.170387973376812,7.431125698498185,200,0.4172183593750001,0.3539544437257439,0.025028358738958575,0.3681627762466413,0.46627394250335896,200,0.022813940429687492,0.015264857412364063,0.0010793884190128363,0.02069833912842233,0.024929541730952652,200,0.014052430884568128,0.010350093693540141,0.0007318621436618354,0.01261798108299093,0.015486880686145326,200,0.08709869933829342,0.013899293769237334,0.0009828284877931646,0.08517235550221881,0.08902504317436803,200,0.7957362172477325,0.08656280830041384,0.006120914874777379,0.7837392240931688,0.8077332104022962,200,0.9718341043976122,0.02380257329964585,0.0016830960989869437,0.9685352360435978,0.9751329727516266,200,0.9795639062779192,0.013736900589848307,0.0009713455559567223,0.9776600689882441,0.9814677435675944,0,nan,nan,nan,nan,nan,200,4.815307031250001,6.108947045870487,0.4319677882044548,3.9686501663692693,5.661963896130732,200,0.10031889648437493,0.12726973012230186,0.008999328920926145,0.08268021179935969,0.11795758116939017,200,0.6156882812500001,0.4843500117909866,0.034248717780519085,0.5485607944001827,0.6828157680998175,200,0.08269844563802083,0.0945693771118688,0.006687064784839031,0.06959179865973633,0.09580509261630532,200,0.014416935221354166,0.018526629388165038,0.0013100305272901475,0.011849275387865477,0.016984595054842854,200,0.008948044924238535,0.011605942735604474,0.0008206640810408673,0.007339543325398435,0.010556546523078636,95,0.08162760505035419,0.03796455820431957,0.003895081486410871,0.07399324533698888,0.08926196476371949,200,0.917478398443217,0.10559670561442644,0.0074668146610920505,0.9028434417074765,0.9321133551789574,200,0.979019634434089,0.0272598162327082,0.0019275600912047092,0.9752416166553278,0.9827976522128502,200,0.986967976888021,0.016791218314754903,0.0011873184334746944,0.9846408327584105,0.9892951210176314,0,nan,nan,nan,nan,nan,200,0.0,0.0,0.0,0.0,0.0,200,0.0,0.0,0.0,0.0,0.0
N96_M48,gain_only,gain_only_pSA,0.95,2.5,25600,200,0.034010416666666654,0.055390967352114025,0.003916732863116249,0.026333620254958806,0.0416872130783745,200,0.39,0.4889739025622274,0.03457567623250011,0.3222316745842998,0.45776832541570023,200,3.275,6.339584105693829,0.4482762911038561,2.396378469436442,4.153621530563558,200,0.04546875,0.07722861312310121,0.005460887604097726,0.03476541029596846,0.05617208970403154,200,2.405,5.245814316118707,0.3709350875773009,1.67796722834849,3.1320327716515095,200,4.855220507812501,4.075139781776644,0.2881558973977333,4.290434948912943,5.420006066712058,200,0.5543933593749999,0.3354310610157233,0.023718557786481652,0.5079049861134959,0.6008817326365039,200,0.01578557332356771,0.013227537668742939,0.0009353281583968628,0.01395233013310986,0.017618816514025564,200,0.009353115926005257,0.00855937353867978,0.0006052391071909168,0.008166847275911061,0.010539384576099453,200,0.08163979789386606,0.018862759344707353,0.0013337985044532487,0.0790255528251377,0.08425404296259444,200,0.8350652981887978,0.07658047953875743,0.005415057638837303,0.8244517852166767,0.8456788111609189,200,0.9821803544950317,0.019363924573218713,0.0013692362376107774,0.9794966514693146,0.9848640575207488,200,0.9860108384571644,0.01178842131875222,0.0008335672653973757,0.9843770466169856,0.9876446302973433,0,nan,nan,nan,nan,nan,200,2.6285468750000005,4.8606282496648925,0.34369831961649444,1.9548981685516713,3.3021955814483297,200,0.054761393229166656,0.10126308853468528,0.007160381658676969,0.040727045178159796,0.06879574128017352,200,0.78044921875,0.40256744081705126,0.02846581672866511,0.7246562179618163,0.8362422195381836,200,0.049756982421875,0.0771302761223525,0.00545393412809063,0.03906727153081736,0.060446693312932634,200,0.007597135416666668,0.014227285435397795,0.0010060210009246384,0.005625334254854376,0.00956893657847896,200,0.004596805892317895,0.008698923788861916,0.0006151068000129236,0.003391196564292565,0.005802415220343225,81,0.059369839634199686,0.04889152080997043,0.005432391201107826,0.04872235288002835,0.07001732638837102,200,0.9560670429371919,0.08192395268441584,0.00579289824847563,0.9447129623701797,0.9674211235042042,200,0.9892295916499984,0.020459151150968375,0.0014466804516170297,0.986394097964829,0.9920650853351677,200,0.9931754313151042,0.012816106353088183,0.0009062355710676646,0.9913992095958116,0.9949516530343968,0,nan,nan,nan,nan,nan,200,0.0,0.0,0.0,0.0,0.0,200,0.0,0.0,0.0,0.0,0.0
N96_M48,gain_only,gain_only_pSA,0.95,3.0,25600,200,0.015312499999999993,0.03818284746025483,0.0026999350364157737,0.010020627328625076,0.02060437267137491,200,0.235,0.4250628094291466,0.03005647949775547,0.17608930018439928,0.2939106998156007,200,1.05,3.5198646616284703,0.24889201710963837,0.5621716464651089,1.5378283535348913,200,0.017760416666666667,0.045981533612768834,0.003251385422694601,0.01138770123818525,0.024133132095148085,200,0.795,3.109876469940801,0.21990147405476226,0.363993110852666,1.2260068891473341,200,2.6098544921874987,2.976435708059234,0.21046578729344673,2.197341549092343,3.0223674352826544,200,0.7286181640625001,0.25937777421722485,0.018340778303807294,0.6926702385870378,0.7645660895379625,200,0.008121030680338545,0.009294451535955114,0.0006572169708483583,0.0068328854174757635,0.009409175943201328,200,0.004588366052252127,0.005728223206827497,0.00040504654736978746,0.0037944748194073436,0.00538225728509691,200,0.07905170774931046,0.018744348746577245,0.0013254256107630331,0.07645387355221492,0.081649541946406,200,0.8803596520388575,0.056238265532492,0.003976645892019477,0.8725654260904993,0.8881538779872157,200,0.9920447787765515,0.012243402413471504,0.0008657392871361442,0.9903479297737646,0.9937416277793384,200,0.992910206293353,0.008117241772026182,0.000573975670153042,0.9917852139798531,0.994035198606853,0,nan,nan,nan,nan,nan,200,0.90406875,3.001597803026416,0.21224501609146215,0.4880685184607342,1.3200689815392659,200,0.018834765625,0.06253328756305035,0.00442177116857213,0.010168094134598625,0.027501437115401373,200,0.92045703125,0.2632225413931694,0.01861264439802668,0.8839762482298678,0.9569378142701322,200,0.020602473958333336,0.05012416456082942,0.003544313666227291,0.013655619172527845,0.027549328744138825,200,0.002450276692708333,0.00817068215455709,0.0005777544758407228,0.0013178779200605161,0.00358267546535615,200,0.001450035146883385,0.004872455120579322,0.00034453460567887556,0.0007747473197527888,0.0021253229740139813,47,0.0371090015052426,0.04790251236737066,0.00698729955919431,0.02341389436922175,0.050804108641263446,200,0.9854920895095683,0.04833886614762014,0.0034180740047851043,0.9787926644601895,0.9921915145589472,200,0.9966463305377679,0.011289770064381843,0.0007983072970561286,0.9950816482355378,0.9982110128399979,200,0.9978383382161458,0.007222968724803987,0.0005107410165607249,0.9968372858236867,0.9988393906086048,0,nan,nan,nan,nan,nan,200,0.0,0.0,0.0,0.0,0.0,200,0.0,0.0,0.0,0.0,0.0
N96_M48,normalized,lambda_pSA_normalized,0.95,2.0,25600,200,0.08817708333333335,0.050287046601877605,0.0035558311658031583,0.08120765424835916,0.09514651241830754,200,0.84,0.3675260220507142,0.02598801424545766,0.7890634920789029,0.890936507921097,200,13.785,7.190080757997969,0.5084154861259276,12.788505647193182,14.781494352806819,200,0.19291666666666668,0.10712385337036608,0.007574800314501924,0.1780700580502429,0.20776327528309046,200,13.11,7.3030522977945065,0.5164037803130493,12.097848590586423,14.122151409413576,200,16.6080798828125,3.2748702136714374,0.23156829355929112,16.154206027436288,17.061953738188713,200,0.07679726562500001,0.18638133319152292,0.01317915045863152,0.050966130726082234,0.10262840052391779,200,0.06666563720703127,0.012110329836294398,0.0008563296349649541,0.06498723112249996,0.06834404329156257,200,0.04630970841164821,0.010396271806485533,0.0007351274293424439,0.04486885865013702,0.047750558173159395,200,0.1256317233657768,0.0066724666451687675,0.00047181464120398886,0.12470696666901698,0.1265564800625366,200,0.6016395255577364,0.06602371768094785,0.004668581849134438,0.5924891051334329,0.6107899459820398,200,0.9002328213273703,0.027475209168845542,0.0019427906717809488,0.8964249516106796,0.9040406910440609,200,0.947737094450758,0.011360861076750613,0.000803334190748866,0.9461625594368903,0.9493116294646258,200,0.6016395255577364,0.06602371768094785,0.004668581849134438,0.5924891051334329,0.6107899459820398,200,13.761912500000003,5.946762446680028,0.4204996052152952,12.937733273778024,14.586091726221982,200,0.28670651041666667,0.12389088430583407,0.00876040844198533,0.2695361098703754,0.30387691096295794,200,0.16288515625000002,0.3561901090770895,0.0251864441519986,0.11351972571208277,0.21225058678791728,200,0.20353063151041656,0.09031139309640412,0.0063859798476871305,0.19101411100894977,0.21604715201188335,200,0.046872249348958325,0.020642078472597386,0.0014596153665758463,0.04401140323046967,0.04973309546744698,200,0.030995059966714384,0.014086221816432851,0.0009960462967697557,0.029042809225045662,0.0329473107083831,173,0.11564408907798966,0.008698070379774691,0.0006613020451955739,0.11434793706940634,0.11694024108657299,200,0.7435196732889124,0.11232721994027181,0.007942733893159897,0.727951914858319,0.7590874317195059,200,0.9208863699310903,0.03615502687848936,0.002556546467976172,0.915875538853857,0.9258972010083236,200,0.9586104248046878,0.01852732548954914,0.0013100797490910568,0.9560426684964694,0.9611781811129063,200,0.7435196732889124,0.11232721994027181,0.007942733893159897,0.727951914858319,0.7590874317195059,200,0.0,0.0,0.0,0.0,0.0,200,0.0,0.0,0.0,0.0,0.0
N96_M48,normalized,lambda_pSA_normalized,0.95,2.5,25600,200,0.06822916666666666,0.04798864395928277,0.0033933095563555694,0.06157827993620974,0.07488005339712357,200,0.755,0.43116646740332826,0.03048807329211419,0.6952433763474561,0.8147566236525439,200,11.31,7.7811717090570065,0.5502119281051127,10.23158462091398,12.388415379086021,200,0.15749999999999997,0.11381010999132161,0.008047590054245036,0.1417267234936797,0.17327327650632024,200,10.75,7.857237485562124,0.5555905907434115,9.661042442142913,11.838957557857087,200,15.297023828124988,3.925436308563236,0.2775702632900953,14.752986112076401,15.841061544173575,200,0.13537949218749998,0.22979464902392588,0.016248935460520062,0.10353157868488067,0.1672274056901193,200,0.06109314778645831,0.014085788820633079,0.000996015679343131,0.05914095705494577,0.06304533851797084,200,0.04125644093382575,0.011699367086985003,0.00082727018027978,0.03963499138047738,0.04287789048717412,200,0.12760073232009697,0.00650038915339193,0.0004596469250714914,0.12669982434695684,0.1285016402932371,200,0.6311384317596226,0.07742408890888591,0.005474709829466339,0.6204080004938686,0.6418688630253766,200,0.9141526302971329,0.030867861775478157,0.0021826874382169627,0.9098745629182277,0.9184306976760381,200,0.9538284080700595,0.012751293372194121,0.0009016526012377542,0.9520611689716335,0.9555956471684856,200,0.6311384317596226,0.07742408890888591,0.005474709829466339,0.6204080004938686,0.6418688630253766,200,11.430120312499998,7.068185370746872,0.49979618063386644,10.45051979845762,12.409720826542376,200,0.23812750651041661,0.14725386189056006,0.010412420429872234,0.21771916246786704,0.2585358505529662,200,0.28126562499999996,0.4394038548245312,0.031070544542593528,0.22036735769651666,0.34216389230348326,200,0.16342622070312499,0.1019341711824972,0.0072078343677774125,0.14929886534228126,0.1775535760639687,200,0.03791931152343749,0.023780494837288696,0.001681534915941852,0.03462350308819146,0.04121511995868352,200,0.024560366749404695,0.015711012117568337,0.001110936320763659,0.022382931560707923,0.026737801938101467,155,0.11288551890859093,0.021302302698502966,0.0017110421277569442,0.10953187633818731,0.11623916147899455,200,0.7913544469965482,0.1303701503601071,0.009218561738394155,0.7732860659892957,0.8094228280038007,200,0.9378945305784384,0.039957897968160905,0.0028254500615246744,0.93235664845785,0.9434324126990268,200,0.9672794270833339,0.020733303905793872,0.0014660659788188377,0.964405937764849,0.9701529164018189,200,0.7913544469965482,0.1303701503601071,0.009218561738394155,0.7732860659892957,0.8094228280038007,200,0.0,0.0,0.0,0.0,0.0,200,0.0,0.0,0.0,0.0,0.0
N96_M48,normalized,lambda_pSA_normalized,0.95,3.0,25600,200,0.03494791666666666,0.04450029519966517,0.003146646050048641,0.028780490408571325,0.041115342924761995,200,0.47,0.5003516351466935,0.035380203419000424,0.40065480129875913,0.5393451987012408,200,5.575,7.489649474189774,0.5295981931909849,4.5369875413456695,6.613012458654331,200,0.07401041666666668,0.1019572935502363,0.007209469366079953,0.05987985670914997,0.08814097662418338,200,4.965,7.067070995986354,0.4997173824388719,3.985553930419811,5.944446069580189,200,11.551438085937491,4.916031202220729,0.34761589996149334,10.870110922012964,12.232765249862018,200,0.3446791015624999,0.3039344259080035,0.02149140935955896,0.30255593921776436,0.3868022639072355,200,0.047268625895182305,0.016945093431285262,0.001198199047310143,0.04492015576245442,0.04961709602791019,200,0.030117443727534478,0.013251485170579466,0.0009370215024909714,0.028280881582652174,0.03195400587241678,200,0.1321800253756957,0.008846473695942306,0.0006255401539989224,0.1309539666738578,0.1334060840775336,200,0.7067179330285702,0.09445851193348506,0.006679225432895771,0.6936266511800945,0.719809214877046,200,0.9437726702552941,0.034156990315924673,0.002415263947731357,0.9390387529177406,0.9485065875928476,200,0.9665463529343792,0.014417093581356847,0.0010194424636378475,0.964548245705649,0.9685444601631094,200,0.7067179330285702,0.09445851193348506,0.006679225432895771,0.6936266511800945,0.719809214877046,200,5.847169531250001,7.2065010666658464,0.5095765772867508,4.84839943976797,6.845939622732033,200,0.12181603190104166,0.1501354388888718,0.010616178693473975,0.10100832166183267,0.14262374214025064,200,0.6147914062500002,0.46920246935258114,0.033177624782868335,0.5497632616755782,0.6798195508244221,200,0.08362709147135419,0.10039796902864381,0.007099208471751101,0.06971264286672203,0.09754154007598635,200,0.018764331054687496,0.023347162611257598,0.001650893700388527,0.015528579401925983,0.02200008270744901,200,0.01186428361143232,0.015010727961327769,0.0010614187532001385,0.009783902855160048,0.013944664367704591,105,0.09878941253024084,0.04022699092672083,0.003925752337988684,0.09109493794778302,0.10648388711269867,200,0.8959416794335959,0.12918542911577022,0.009134789295825518,0.8780374924137779,0.9138458664534139,200,0.9705014360978959,0.037496708041751745,0.0026514176528494807,0.9653046574983108,0.9756982146974809,200,0.9842257486979168,0.01973625439185983,0.0013955639315706867,0.9814904433920383,0.9869610540037953,200,0.8959416794335959,0.12918542911577022,0.009134789295825518,0.8780374924137779,0.9138458664534139,200,0.0,0.0,0.0,0.0,0.0,200,0.0,0.0,0.0,0.0,0.0
N96_M48,pSA,pSA,0.0,2.0,25600,200,0.06234374999999999,0.06849778539250817,0.004843524854730336,0.05285044128472853,0.07183705871527145,200,0.545,0.49922049790412065,0.03530021993753284,0.4758115689224357,0.6141884310775644,200,7.075,8.620961657465918,0.6095940448343369,5.8801956721246995,8.2698043278753,200,0.10156250000000004,0.11574921742176954,0.00818470565559693,0.08552047691503006,0.11760452308497002,200,4.52,6.374383406973217,0.45073697329537693,3.6365555323410605,5.403444467658939,200,9.603729687500001,3.686761763572985,0.26069342436417325,9.092770575746222,10.11468879925378,200,0.3237544921874999,0.29707269872502634,0.021006211977385433,0.28258231671182443,0.3649266676631754,200,0.04149448649088541,0.013345061819113371,0.0009436383707648748,0.03964495528418626,0.043344017697584565,200,0.026637458444717543,0.010712519202089706,0.0007574894971388734,0.02515277903032535,0.028122137859109737,200,0.11285839868143849,0.017158124083025847,0.0012132625891547789,0.11048040400669512,0.11523639335618185,200,0.7417993854532149,0.07156425011913994,0.005060356654977404,0.7318810864094591,0.7517176844969706,200,0.9589507360420177,0.02297661040842554,0.0016246917028479109,0.9557663403044359,0.9621351317795996,200,0.9688480206353628,0.012291003139539732,0.000869105166755369,0.9671445745085223,0.9705514667622033,0,nan,nan,nan,nan,nan,200,4.9996546875,5.833022700553986,0.41245699063767916,4.191238985850148,5.808070389149851,200,0.10415947265625002,0.12152130626154138,0.008592853971618316,0.08731747887187812,0.12100146644062192,200,0.58754609375,0.47595439484907104,0.03365505801333177,0.5215821800438697,0.6535100074561303,200,0.10669685872395838,0.10799253171542347,0.007636225149347924,0.09172985743123646,0.12166386001668031,200,0.01720059407552083,0.020314447587080536,0.0014364483644883344,0.014385155281123694,0.020016032869917964,200,0.011064063111557618,0.0132761026016316,0.000938762217734207,0.009224089164798572,0.012904037058316664,114,0.07479474106308637,0.037829291231663266,0.0035430377429767597,0.06785038708685191,0.08173909503932082,200,0.9094787746009861,0.10646804145856739,0.007528427409500348,0.8947230568783655,0.9242344923236068,200,0.9761733232383121,0.0285892826331199,0.002021567561913788,0.972211050816961,0.9801355956596631,200,0.9848179280598963,0.017979417250173386,0.001271336785937999,0.9823261079594579,0.9873097481603348,0,nan,nan,nan,nan,nan,200,0.0,0.0,0.0,0.0,0.0,200,0.0,0.0,0.0,0.0,0.0
N96_M48,pSA,pSA,0.0,2.5,25600,200,0.03786458333333334,0.0575130155671263,0.004066784331400248,0.029893686043788857,0.045835480622877824,200,0.39,0.4889739025622274,0.03457567623250011,0.3222316745842998,0.45776832541570023,200,3.815,6.973804178754813,0.493122422546461,2.848480051808936,4.781519948191064,200,0.060833333333333336,0.09685633972223298,0.00684877746184989,0.047409729508107554,0.07425693715855912,200,2.65,5.2789046374086235,0.37327492663487505,1.9183811437956448,3.381618856204355,200,7.653659179687501,3.381975173265328,0.23914175788204622,7.18494133423869,8.122377025136311,200,0.47240722656250006,0.28969754306917295,0.02048470971972941,0.4322571955118304,0.5125572576131697,200,0.034165747070312495,0.011775114338509429,0.0008326263198006965,0.03253379948350313,0.03579769465712186,200,0.020850864807141486,0.009190623319445432,0.0006498752072511082,0.019577109400929313,0.02212462021335366,200,0.11874570842549391,0.018086590330471376,0.0012789150671219348,0.11623903489393492,0.1212523819570529,200,0.7809117427855609,0.06396929424821723,0.004523312175063202,0.7720460509224369,0.7897774346486848,200,0.9713187974022159,0.019545012258618186,0.0013820410706443119,0.968609996903753,0.9740275979006788,200,0.9758457480025235,0.01074460065542293,0.0007597579984590976,0.9743566223255438,0.9773348736795033,0,nan,nan,nan,nan,nan,200,2.7878203125,4.871363688311252,0.34445742976307975,2.1126837501643636,3.4629568748356365,200,0.058079589843749994,0.1014867435064844,0.007176196453397493,0.044014244795090904,0.07214493489240908,200,0.75699296875,0.4207455627815929,0.029751204059701462,0.6986806087929851,0.8153053287070149,200,0.06219827473958331,0.09098872730517592,0.006433874608902347,0.04958788050613471,0.07480866897303191,200,0.009219042968750002,0.016297730260779086,0.001152423558534609,0.006960292794022169,0.011477793143477836,200,0.005815067846725085,0.010399803399197806,0.0007353771506579676,0.0043737286314354685,0.007256407062014702,80,0.06004367262211565,0.04412762326534147,0.004933618265340238,0.05037378082204878,0.06971356442218252,200,0.9510661469281829,0.08622477177451408,0.006097012082802133,0.9391160032458907,0.9630162906104751,200,0.9875228440707319,0.022357888429092233,0.0015809414521223363,0.9844241988245721,0.9906214893168916,200,0.9919383707682293,0.014288170921190415,0.0010103262549126181,0.9899581313086006,0.9939186102278581,0,nan,nan,nan,nan,nan,200,0.0,0.0,0.0,0.0,0.0,200,0.0,0.0,0.0,0.0,0.0
N96_M48,pSA,pSA,0.0,3.0,25600,200,0.013489583333333334,0.03442639456525217,0.0024343137048893513,0.008718328471750206,0.018260838194916463,200,0.21,0.4083303421761706,0.028873315391699354,0.15340830183226925,0.2665916981677307,200,1.315,4.30212930801883,0.30420648072415035,0.7187552977806653,1.9112447022193346,200,0.01802083333333334,0.051081337350781936,0.003611996003281558,0.010941321166901486,0.025100345499765194,200,0.74,2.8235193122294495,0.19965296524886206,0.34868018811223034,1.1313198118877696,200,5.871146679687496,2.4734664809481384,0.1749004921716055,5.528341715031149,6.213951644343843,200,0.6173839843750002,0.2260669940679829,0.01598535045079297,0.586052697491446,0.6487152712585544,200,0.027719213867187502,0.008202406523766017,0.0005799977275003727,0.02658241832128677,0.028856009413088232,200,0.015945769669329632,0.006194390316726331,0.00043800953982734743,0.015087270971268031,0.016804268367391233,200,0.12934898021373928,0.0156581380216007,0.0011071975575828764,0.12717887300087685,0.1315190874266017,200,0.815881797905673,0.04557220322399601,0.003222441393329902,0.8095658127747464,0.8221977830365995,200,0.9816635993780785,0.01286639867919558,0.0009097917755508832,0.9798804074979988,0.9834467912581581,200,0.9820657883418822,0.007354823016348203,0.0005200645229286712,0.981046461876942,0.9830851148068224,0,nan,nan,nan,nan,nan,200,0.9585617187499998,3.0263554598867897,0.21399564679668814,0.5391302510284911,1.3779931864715085,200,0.019970035807291665,0.06304907208097478,0.004458242641597669,0.011231880229760233,0.028708191384823098,200,0.9122226562500001,0.2751661645896644,0.019457186093444535,0.8740865715068488,0.9503587409931514,200,0.02145249837239584,0.056524346769447564,0.003996874890281629,0.013618623587443849,0.029286373157347834,200,0.0030100097656249997,0.00957707380724011,0.0006772013833023548,0.0016826950543523842,0.004337324476897615,200,0.0018633639905163593,0.00598777842468467,0.00042339987283370335,0.0010335002397623009,0.0026932277412704177,44,0.041632341230282095,0.04492412914010754,0.006772567290509458,0.028358109340883557,0.054906573119680634,200,0.983704131035916,0.05176376333566417,0.0036602508074383712,0.9765300394533368,0.9908782226184952,200,0.996068304125793,0.012653389254080135,0.0008947297346553054,0.9943146338458686,0.9978219744057173,200,0.9974205891927084,0.008224088375433068,0.0005815308659346179,0.9962807886954765,0.9985603896899402,0,nan,nan,nan,nan,nan,200,0.0,0.0,0.0,0.0,0.0,200,0.0,0.0,0.0,0.0,0.0
N96_M48,shuffled,lambda_pSA_shuffled_derangement,0.95,2.0,25600,200,0.10734374999999999,0.03374493151913987,0.0023861269907859465,0.10266694109805953,0.11202055890194045,200,1.0,0.0,0.0,1.0,1.0,200,18.215,3.968313566594013,0.28060214328132005,17.66501979916861,18.76498020083139,200,0.37203124999999987,0.049648680906328985,0.003510691894583229,0.36515029388661674,0.378912206113383,200,20.795,3.509208990455456,0.24813854737518515,20.308648447144638,21.281351552855366,200,21.152427734375014,0.037661001622546486,0.0026630349633580187,21.147208185846832,21.157647282903195,200,9.76562499999112e-07,6.113934848888921e-06,4.323204791382105e-07,1.2921436088821936e-07,1.8239106391100043e-06,200,0.1142482360839844,0.0007588332018202073,5.365761027965686e-05,0.11414306716783627,0.11435340500013254,200,0.09298655760740016,0.001781557953621974,0.00012597517100829264,0.0927396462722239,0.0932334689425764,200,0.1482378604052404,0.0029155210931737837,0.00020615847356755986,0.14783378979704798,0.14864193101343282,200,0.4939949830165712,0.0028247412617411365,0.0001997393701274602,0.49360349385112134,0.49438647218202103,200,0.8342863290146686,0.00355391431194144,0.00025129969097297157,0.8337937816203616,0.8347788764089756,200,0.9290208353575408,0.0027028663814503283,0.00019112151469646727,0.9286462371887357,0.9293954335263458,200,0.00035012845358936074,0.002778560150443662,0.0001964738724313427,-3.4960336376070936e-05,0.0007352172435547925,200,21.283298437499994,0.06547691474200937,0.004629917042524825,21.274223800096646,21.29237307490334,200,0.4434020507812501,0.001364102390398907,9.645660504838463e-05,0.4432129958353553,0.44359110572714494,200,0.0,0.0,0.0,0.0,0.0,200,0.3732103678385416,0.010021709599052468,0.0007086418816572316,0.3718214297504934,0.3745993059265898,200,0.11322692871093758,0.0009878091302536341,6.984865345203303e-05,0.1130900253501716,0.11336383207170356,200,0.0903527972834874,0.001992704734851008,0.00014090550309156887,0.09007662249742793,0.09062897206954687,200,0.15178233740552477,0.003514397477540209,0.0002485054288153579,0.15129526676504668,0.15226940804600286,200,0.579430545022722,0.003918465697421206,0.0002770773666493409,0.5788874733840893,0.5799736166613546,200,0.8398825315127461,0.004107099651863109,0.00029041580148413126,0.8393133165418372,0.840451746483655,200,0.9295036376953125,0.002758781679223019,0.00019507532331918074,0.9291212900616069,0.9298859853290181,200,0.0003191849420688415,0.0037699208394575516,0.00026657365901169166,-0.00020329942959407417,0.0008416693137317571,200,7.076023794683196e-18,9.884451832139749e-19,6.98936291881781e-20,6.939032281474367e-18,7.213015307892025e-18,200,3.476915297918419e-18,4.729400794780124e-19,3.344191372938073e-20,3.411369147008833e-18,3.542461448828006e-18
N96_M48,shuffled,lambda_pSA_shuffled_derangement,0.95,2.5,25600,200,0.09583333333333328,0.030356072477129525,0.0021464984698768602,0.09162619633237463,0.10004047033429193,200,1.0,0.0,0.0,1.0,1.0,200,17.33,4.067409383806536,0.28760927571513983,16.766285819598323,17.893714180401673,200,0.36973958333333323,0.04793461424676049,0.003389489078744563,0.3630961847389939,0.37638298192767256,200,21.245,3.3482876445660614,0.23675968988357945,20.780951007828186,21.709048992171816,200,21.130937499999995,0.04845703823604091,0.0034264300332920343,21.124221697134743,21.137653302865246,200,3.9062499999964474e-07,3.896422940403162e-06,2.7551870835299023e-07,-1.493916683722161e-07,9.306416683715056e-07,200,0.11370951538085937,0.0009461757240251022,6.69047270652241e-05,0.11357838211581153,0.1138406486459072,200,0.0917506644475636,0.0018254205152686712,0.0001290767224863519,0.09149767407149036,0.09200365482363686,200,0.14959529029116028,0.0025587410872474387,0.00018093031740933034,0.149240666869038,0.14994991371328256,200,0.4963208456694151,0.0028760966443622917,0.00020337074405764506,0.4959222390110621,0.4967194523277681,200,0.8372822655693193,0.0035431944900167506,0.00025054168509536554,0.8367912038665324,0.8377733272721062,200,0.9313245131042458,0.002684625412678573,0.00018983168342507525,0.9309524430047327,0.9316965832037589,200,0.0011669174693504593,0.004176701425101175,0.00029533739006805577,0.00058805618481707,0.0017457787538838485,200,21.259347656250007,0.07224956583624642,0.005108815794059376,21.24933437729365,21.269360935206365,200,0.44290307617187524,0.0015051992882380016,0.00010643366237502557,0.4426944661936202,0.4431116861501303,200,0.0,0.0,0.0,0.0,0.0,200,0.36723680826822935,0.009336456820723812,0.0006601871930189201,0.3659428413699123,0.3685307751665464,200,0.11259020182291671,0.0011884863115138792,8.403867302188515e-05,0.11242548602379382,0.1127549176220396,200,0.08899567235185962,0.002070126127646665,0.00014638002227704053,0.08870876750819662,0.08928257719552263,200,0.15336418645797922,0.0029984296861356656,0.00021202099639775805,0.1529486253050396,0.15377974761091884,200,0.5823651886247095,0.0037739685255893138,0.00026685987364288003,0.5818421432723695,0.5828882339770496,200,0.8432415937954708,0.004095245658084327,0.0002895775975456193,0.8426740217042814,0.8438091658866602,200,0.9318208740234383,0.0027553300812400835,0.0001948312584852144,0.9314390047568073,0.9322027432900692,200,0.00136018334367683,0.005450917985679769,0.00038543810713658806,0.0006047246536891175,0.0021156420336645426,200,7.137588408044162e-18,1.0182821727958216e-18,7.200342295452971e-20,6.996461699053284e-18,7.27871511703504e-18,200,3.421814336509083e-18,3.9570795852578566e-19,2.798077808430681e-20,3.366972011463842e-18,3.4766566615543244e-18
N96_M48,shuffled,lambda_pSA_shuffled_derangement,0.95,3.0,25600,200,0.07921874999999998,0.026271442330521307,0.0018576715023462932,0.07557771385540124,0.08285978614459871,200,1.0,0.0,0.0,1.0,1.0,200,15.405,4.2451243093706985,0.300175618613588,14.816655787517368,15.993344212482631,200,0.36114583333333344,0.050678391808411875,0.003583503450735682,0.3541221665698915,0.3681695000967754,200,21.72,3.5531287083485292,0.25124414041018434,21.227561484796038,22.21243851520396,200,21.110768359375,0.045543597831967285,0.003220418686661701,21.104456338749145,21.117080380000857,200,3.9062499999964474e-07,3.896422940403162e-06,2.7551870835299023e-07,-1.493916683722161e-07,9.306416683715056e-07,200,0.11315161946614584,0.0009413740785912532,6.656519946051131e-05,0.11302115167520324,0.11328208725708844,200,0.09038845979121436,0.001769190855147809,0.00012510068508882427,0.09014326244844027,0.09063365713398845,200,0.15134555711039366,0.002517957924109295,0.00017804651228800846,0.15099658594630916,0.15169452827447816,200,0.49919270440652747,0.0028264278028995397,0.0001998586265964459,0.4988009814983984,0.4995844273146565,200,0.8409397264325645,0.0034129515440934127,0.00024133211806895503,0.8404667154811494,0.8414127373839797,200,0.9341078912345923,0.0025284083379992026,0.00017878546814078443,0.9337574717170363,0.9344583107521482,200,0.0011133493571424944,0.004219215191960336,0.0002983435673520454,0.0005285959651324854,0.0016981027491525034,200,21.23833515624999,0.07146270210314522,0.005053176125904813,21.228430931043214,21.248239381456763,200,0.44246531575520825,0.0014888062937702246,0.0001052745026198137,0.44225897773007344,0.44267165378034307,200,0.0,0.0,0.0,0.0,0.0,200,0.3603996500651042,0.009022216837931474,0.0006379670707436795,0.3591492346064466,0.36165006552376183,200,0.11193499348958331,0.0011788586937507236,8.335789764118521e-05,0.11177161201020659,0.11209837496896004,200,0.08752931834373431,0.0019607534062723473,0.00013864620298097984,0.0872575717858916,0.08780106490157703,200,0.15536325090846048,0.003059936751767411,0.00021637020271766735,0.15493916531113386,0.1557873365057871,200,0.585792590417388,0.0035502962946545426,0.00025104385851717,0.5853005444546943,0.5862846363800817,200,0.8473356470589889,0.00393630642653834,0.00027833889670334465,0.8467901028214503,0.8478811912965275,200,0.9346587646484374,0.0026219956000564293,0.00018540308690411918,0.9342953745981054,0.9350221546987695,200,0.001359911288867671,0.005407183750011793,0.00038234562967550447,0.0006105138547036822,0.0021093087230316596,200,7.057332149229542e-18,1.093132140035516e-18,7.72961148952076e-20,6.905831764034935e-18,7.208832534424149e-18,200,3.4264341671411374e-18,4.453459243270062e-19,3.149071230654171e-20,3.3647123710203156e-18,3.488155963261959e-18
