stage,alpha,formula_index,formula_generation_seed,formula_sha256,is_satisfiable,n_variables,n_clauses,kw,rho,n_trials,n_cycles,mean_selected_unsat,mean_selected_unsat_rate,mean_best_unsat,mean_best_unsat_rate,mean_final_unsat,mean_final_unsat_rate,best_trial_unsat,best_trial_unsat_rate,success_rate_sat,mean_convergence_cycle,mean_first_hit_cycle_successful,formula_objective
A,1.2,0,1700,3ea1fa01cc3da10f9f1678e3ec378035fb483e7ad907af7272e00f345fefe294,True,500,600,4.0,0.0,100,3000,0.17,0.00028333333333333335,0.17,0.00028333333333333335,0.89,0.0014833333333333332,0,0.0,0.83,1135.69,1274.0361445783133,-0.08233810333333334
A,1.2,1,3703,37714a28925a2687ce83e161ad3d7e5c5115cf093c9da52c36821dada33ae023,False,500,600,4.0,0.0,100,3000,2.36,0.003933333333333333,2.36,0.003933333333333333,7.72,0.012866666666666667,2,0.0033333333333333335,,982.62,,0.005094206666666667
A,1.2,2,5706,833410b8e4a70b136dda7b89f3f0aac79596e6f8fdb43f851ddeb4fce8d5ee6f,False,500,600,4.0,0.0,100,3000,2.21,0.003683333333333333,2.21,0.003683333333333333,7.5,0.0125,2,0.0033333333333333335,,707.93,,0.004752643333333333
A,1.2,3,7709,ff45cf07b0db6431caf1ac127754bb58f3cd66d97b63a98b11d73e129bfdc154,False,500,600,4.0,0.0,100,3000,2.01,0.0033499999999999997,2.01,0.0033499999999999997,7.66,0.012766666666666667,1,0.0016666666666666668,,1012.93,,0.00410431
A,1.2,4,9712,1136a3e30b479506765af8d183d1e027ee45abfa48525e78d8cbcc4b7c7337d5,False,500,600,4.0,0.0,100,3000,2.18,0.0036333333333333335,2.18,0.0036333333333333335,7.53,0.01255,1,0.0016666666666666668,,974.91,,0.00437497
A,1.2,5,11715,14543b9f6b7ade3455cd172c107f42b6368fbcdbbd1c821c6a6741731dc999bb,True,500,600,4.0,0.0,100,3000,0.69,0.00115,0.69,0.00115,3.83,0.006383333333333334,0,0.0,0.31,705.36,1074.4516129032259,-0.029614880000000003
A,1.2,6,13718,46636fa878f018a3a4254af5ba92a0a1ab3155960a91c43744de2d8c78df03f5,True,500,600,4.0,0.0,100,3000,0.32,0.0005333333333333334,0.32,0.0005333333333333334,1.82,0.0030333333333333336,0,0.0,0.68,1063.16,1327.8676470588234,-0.06711228000000001
A,1.2,7,15721,68250a298d025f889db3dcc95f417ef7bcef2a6a7e93deec39af39648ec359b0,False,500,600,4.0,0.0,100,3000,3.8,0.006333333333333333,3.8,0.006333333333333333,8.31,0.013850000000000001,3,0.005,,719.89,,0.007823296666666667
A,1.2,8,17724,049ae08fa4cba4b924929611ad2e498a9ee291c356920097338b16d4526a6dd9,True,500,600,4.0,0.0,100,3000,0.43,0.0007166666666666667,0.43,0.0007166666666666667,2.66,0.004433333333333333,0,0.0,0.57,1112.96,1331.8947368421052,-0.05591234666666666
A,1.2,9,19727,d5f82f16d0b7213e8e2f02ed43ca07d06f3892cbff83b3d81592596852252bbf,False,500,600,4.0,0.0,100,3000,1.46,0.0024333333333333334,1.46,0.0024333333333333334,6.64,0.011066666666666666,1,0.0016666666666666668,,1194.08,,0.0032480266666666665
A,1.2,10,21730,d344cd79ba6f51e737dbe5ff4b556389b928e7085bd5ee9ae9ddc3334372a7f3,False,500,600,4.0,0.0,100,3000,3.13,0.005216666666666666,3.13,0.005216666666666666,8.06,0.013433333333333334,2,0.0033333333333333335,,861.71,,0.006337236666666667
A,1.2,11,23733,3bba770c518f7e188e93ed9f84338f94582857feeee5deb1b08f45b4d3494325,False,500,600,4.0,0.0,100,3000,1.0,0.0016666666666666668,1.0,0.0016666666666666668,6.02,0.010033333333333333,1,0.0016666666666666668,,541.72,,0.0022639066666666667
A,1.2,12,25736,ed09258602005c277e7faaabf77244f736681e8e94cfc2b99dfb414735263b1f,True,500,600,4.0,0.0,100,3000,0.0,0.0,0.0,0.0,0.0,0.0,0,0.0,1.0,312.77,312.77,-0.09989574333333334
A,1.2,13,27739,5358efb19444e9ca1337e6a91cac0a0bf19f0ba41f94a8206eb8d4b1c5c7f667,False,500,600,4.0,0.0,100,3000,2.43,0.004050000000000001,2.43,0.004050000000000001,7.06,0.011766666666666667,2,0.0033333333333333335,,719.57,,0.0051231900000000006
A,1.2,14,29742,70044a0a96d5238e57f750b24ae3f8095e82b3c8e1597a9bb56d17aad082b75d,False,500,600,4.0,0.0,100,3000,1.78,0.0029666666666666665,1.78,0.0029666666666666665,6.93,0.01155,1,0.0016666666666666668,,465.95,,0.00353865
A,1.2,15,31745,3e7878f410def7d62f3dd65ddc530b8cda7bf923e8974170752484b08bc1611c,False,500,600,4.0,0.0,100,3000,1.12,0.0018666666666666669,1.12,0.0018666666666666669,6.01,0.010016666666666667,1,0.0016666666666666668,,885.97,,0.0025786566666666667
A,1.2,16,33748,651f6d237eb3f6c3c19c627b8f42e468443477ff75012b18d2c14fbbfd2c2edf,True,500,600,4.0,0.0,100,3000,1.0,0.0016666666666666668,1.0,0.0016666666666666668,5.5,0.009166666666666667,1,0.0016666666666666668,0.0,387.64,,0.0022125466666666664
A,1.2,17,35751,df751b4a39788cd788947a4faf6dad7b2d2a191912bdc7f5a2a5d932b755cbc1,False,500,600,4.0,0.0,100,3000,2.0,0.0033333333333333335,2.0,0.0033333333333333335,6.56,0.010933333333333333,2,0.0033333333333333335,,506.97,,0.0043356566666666665
A,1.2,18,37754,309a3f0b179914fc4d44542f7a5fa7a25100dc46b126999d83a5a8c4f4dfb1a2,False,500,600,4.0,0.0,100,3000,1.0,0.0016666666666666668,1.0,0.0016666666666666668,5.95,0.009916666666666667,1,0.0016666666666666668,,319.22,,0.00218974
A,1.2,19,39757,6ca2d893d357e6222af6d6744d455a09287e8f432ee4569741dc22fd147e637f,True,500,600,4.0,0.0,100,3000,0.66,0.0011,0.66,0.0011,3.87,0.00645,0,0.0,0.39,1126.0,1403.6153846153845,-0.03752466666666668
A,1.2,20,41760,c5841a04765dfc844d644a881f22c1ab9b87ad797f42f244210a24d2b49b2246,True,500,600,4.0,0.0,100,3000,0.03,4.9999999999999996e-05,0.03,4.9999999999999996e-05,0.17,0.00028333333333333335,0,0.0,0.97,691.75,709.1958762886597,-0.09671941666666667
A,1.2,21,43763,8f8adb312a98d2375b54828fbabff59932b9ea3e3906870a085ebb707bd7689b,True,500,600,4.0,0.0,100,3000,0.93,0.0015500000000000002,0.93,0.0015500000000000002,5.47,0.009116666666666667,0,0.0,0.08,533.55,773.5,-0.00627215
A,1.2,22,45766,aa999d8a05a6521a5c6b2f035f876034928828a6f6c1f9b28f4eca4dbf40ef08,False,500,600,4.0,0.0,100,3000,2.3,0.003833333333333333,2.3,0.003833333333333333,7.07,0.011783333333333333,2,0.0033333333333333335,,867.36,,0.0049557866666666665
A,1.2,23,47769,27f8863b01a77516c42eeb40dac09aa0a14207dcb396d706bb21bfb99cbbfb9f,True,500,600,4.0,0.0,100,3000,0.97,0.0016166666666666666,0.97,0.0016166666666666666,5.59,0.009316666666666666,0,0.0,0.03,542.86,2200.3333333333335,-0.00120238
A,1.2,24,49772,3894bb0653e690843f3c6cd71b0b1c91a18996e24743aff1d3a356df14743dc9,False,500,600,4.0,0.0,100,3000,1.23,0.00205,1.23,0.00205,6.74,0.011233333333333333,1,0.0016666666666666668,,1273.52,,0.0028911733333333335
A,1.2,25,51775,8d48d424dcf79cdc86e4ae8aeaf5811b23b37dc8c5bc47c1daefb53a680e8f47,True,500,600,4.0,0.0,100,3000,0.87,0.00145,0.87,0.00145,4.58,0.007633333333333333,0,0.0,0.13,334.92,1623.6153846153845,-0.011438360000000002
A,1.2,26,53778,db813954ccedf890dd33a71aab5ec9ae396c378a2e112ff6b0cd1035a4c4de3e,True,500,600,4.0,0.0,100,3000,0.0,0.0,0.0,0.0,0.0,0.0,0,0.0,1.0,190.51,190.51,-0.09993649666666667
A,1.2,27,55781,8cfe51a5a6ef051a69b48d051feebe17932eb75e66a19bd3aabb4877b2bb70cb,True,500,600,4.0,0.0,100,3000,0.11,0.00018333333333333334,0.11,0.00018333333333333334,0.6,0.001,0,0.0,0.89,1013.42,1077.1460674157304,-0.08847886000000002
A,1.2,28,57784,43bf1ae940f48ba46da71ff48fbc108827cfdab30b880a818347646cdec6dee7,False,500,600,4.0,0.0,100,3000,1.71,0.00285,1.71,0.00285,6.39,0.01065,1,0.0016666666666666668,,624.93,,0.003474976666666667
A,1.2,29,59787,86cc1d37d5c5be935822c121cd6fcd10d34c25c123dcd77d08a9414a3fd7cd75,False,500,600,4.0,0.0,100,3000,2.26,0.0037666666666666664,2.26,0.0037666666666666664,6.91,0.011516666666666666,2,0.0033333333333333335,,975.79,,0.004925263333333333
A,1.2,0,1700,3ea1fa01cc3da10f9f1678e3ec378035fb483e7ad907af7272e00f345fefe294,True,500,600,4.0,0.02,100,3000,0.16,0.0002666666666666667,0.16,0.0002666666666666667,0.83,0.0013833333333333332,0,0.0,0.84,1137.13,1251.1309523809523,-0.08335429000000001
A,1.2,1,3703,37714a28925a2687ce83e161ad3d7e5c5115cf093c9da52c36821dada33ae023,False,500,600,4.0,0.02,100,3000,2.39,0.0039833333333333335,2.39,0.0039833333333333335,8.01,0.013349999999999999,2,0.0033333333333333335,,957.76,,0.00513592
A,1.2,2,5706,833410b8e4a70b136dda7b89f3f0aac79596e6f8fdb43f851ddeb4fce8d5ee6f,False,500,600,4.0,0.02,100,3000,2.25,0.00375,2.25,0.00375,7.58,0.012633333333333333,2,0.0033333333333333335,,742.98,,0.004830993333333334
A,1.2,3,7709,ff45cf07b0db6431caf1ac127754bb58f3cd66d97b63a98b11d73e129bfdc154,False,500,600,4.0,0.02,100,3000,2.03,0.003383333333333333,2.03,0.003383333333333333,7.7,0.012833333333333334,1,0.0016666666666666668,,1091.8,,0.004163933333333333
A,1.2,4,9712,1136a3e30b479506765af8d183d1e027ee45abfa48525e78d8cbcc4b7c7337d5,False,500,600,4.0,0.02,100,3000,2.17,0.0036166666666666665,2.17,0.0036166666666666665,7.7,0.012833333333333334,2,0.0033333333333333335,,1051.34,,0.004800446666666666
A,1.2,5,11715,14543b9f6b7ade3455cd172c107f42b6368fbcdbbd1c821c6a6741731dc999bb,True,500,600,4.0,0.02,100,3000,0.7,0.0011666666666666665,0.7,0.0011666666666666665,4.23,0.007050000000000001,0,0.0,0.3,683.99,1117.7333333333333,-0.028605336666666665
A,1.2,6,13718,46636fa878f018a3a4254af5ba92a0a1ab3155960a91c43744de2d8c78df03f5,True,500,600,4.0,0.02,100,3000,0.32,0.0005333333333333334,0.32,0.0005333333333333334,1.87,0.003116666666666667,0,0.0,0.68,992.73,1271.9117647058824,-0.06713575666666667
A,1.2,7,15721,68250a298d025f889db3dcc95f417ef7bcef2a6a7e93deec39af39648ec359b0,False,500,600,4.0,0.02,100,3000,3.76,0.006266666666666666,3.76,0.006266666666666666,8.42,0.014033333333333333,3,0.005,,649.79,,0.007733263333333333
A,1.2,8,17724,049ae08fa4cba4b924929611ad2e498a9ee291c356920097338b16d4526a6dd9,True,500,600,4.0,0.02,100,3000,0.45,0.00075,0.45,0.00075,2.87,0.004783333333333334,0,0.0,0.56,1110.68,1392.4285714285713,-0.05487977333333334
A,1.2,9,19727,d5f82f16d0b7213e8e2f02ed43ca07d06f3892cbff83b3d81592596852252bbf,False,500,600,4.0,0.02,100,3000,1.39,0.0023166666666666665,1.39,0.0023166666666666665,6.72,0.0112,1,0.0016666666666666668,,1224.05,,0.00314135
A,1.2,10,21730,d344cd79ba6f51e737dbe5ff4b556389b928e7085bd5ee9ae9ddc3334372a7f3,False,500,600,4.0,0.02,100,3000,3.14,0.005233333333333334,3.14,0.005233333333333334,8.36,0.013933333333333332,2,0.0033333333333333335,,953.22,,0.006384406666666668
A,1.2,11,23733,3bba770c518f7e188e93ed9f84338f94582857feeee5deb1b08f45b4d3494325,False,500,600,4.0,0.02,100,3000,1.0,0.0016666666666666668,1.0,0.0016666666666666668,6.26,0.010433333333333333,1,0.0016666666666666668,,517.58,,0.00225586
A,1.2,12,25736,ed09258602005c277e7faaabf77244f736681e8e94cfc2b99dfb414735263b1f,True,500,600,4.0,0.02,100,3000,0.0,0.0,0.0,0.0,0.0,0.0,0,0.0,1.0,322.03,322.03,-0.09989265666666668
A,1.2,13,27739,5358efb19444e9ca1337e6a91cac0a0bf19f0ba41f94a8206eb8d4b1c5c7f667,False,500,600,4.0,0.02,100,3000,2.47,0.004116666666666667,2.47,0.004116666666666667,7.12,0.011866666666666666,2,0.0033333333333333335,,638.28,,0.005162760000000001
A,1.2,14,29742,70044a0a96d5238e57f750b24ae3f8095e82b3c8e1597a9bb56d17aad082b75d,False,500,600,4.0,0.02,100,3000,1.79,0.0029833333333333335,1.79,0.0029833333333333335,6.9,0.0115,1,0.0016666666666666668,,497.21,,0.003565736666666667
A,1.2,15,31745,3e7878f410def7d62f3dd65ddc530b8cda7bf923e8974170752484b08bc1611c,False,500,600,4.0,0.02,100,3000,1.14,0.0018999999999999998,1.14,0.0018999999999999998,6.07,0.010116666666666668,1,0.0016666666666666668,,905.23,,0.00261841
A,1.2,16,33748,651f6d237eb3f6c3c19c627b8f42e468443477ff75012b18d2c14fbbfd2c2edf,True,500,600,4.0,0.02,100,3000,1.0,0.0016666666666666668,1.0,0.0016666666666666668,5.57,0.009283333333333334,1,0.0016666666666666668,0.0,419.02,,0.0022230066666666668
A,1.2,17,35751,df751b4a39788cd788947a4faf6dad7b2d2a191912bdc7f5a2a5d932b755cbc1,False,500,600,4.0,0.02,100,3000,2.0,0.0033333333333333335,2.0,0.0033333333333333335,6.73,0.011216666666666668,2,0.0033333333333333335,,500.9,,0.004333633333333333
A,1.2,18,37754,309a3f0b179914fc4d44542f7a5fa7a25100dc46b126999d83a5a8c4f4dfb1a2,False,500,600,4.0,0.02,100,3000,1.0,0.0016666666666666668,1.0,0.0016666666666666668,6.02,0.010033333333333333,1,0.0016666666666666668,,309.93,,0.0021866433333333334
A,1.2,19,39757,6ca2d893d357e6222af6d6744d455a09287e8f432ee4569741dc22fd147e637f,True,500,600,4.0,0.02,100,3000,0.74,0.0012333333333333332,0.74,0.0012333333333333332,4.37,0.0072833333333333335,0,0.0,0.33,1196.65,1676.5454545454545,-0.03136778333333333
A,1.2,20,41760,c5841a04765dfc844d644a881f22c1ab9b87ad797f42f244210a24d2b49b2246,True,500,600,4.0,0.02,100,3000,0.03,4.9999999999999996e-05,0.03,4.9999999999999996e-05,0.18,0.0003,0,0.0,0.97,655.05,671.5360824742268,-0.09673165
A,1.2,21,43763,8f8adb312a98d2375b54828fbabff59932b9ea3e3906870a085ebb707bd7689b,True,500,600,4.0,0.02,100,3000,0.96,0.0015999999999999999,0.96,0.0015999999999999999,5.9,0.009833333333333335,0,0.0,0.04,538.46,1027.5,-0.0022205133333333335
A,1.2,22,45766,aa999d8a05a6521a5c6b2f035f876034928828a6f6c1f9b28f4eca4dbf40ef08,False,500,600,4.0,0.02,100,3000,2.26,0.0037666666666666664,2.26,0.0037666666666666664,7.25,0.012083333333333333,2,0.0033333333333333335,,913.07,,0.004904356666666667
A,1.2,23,47769,27f8863b01a77516c42eeb40dac09aa0a14207dcb396d706bb21bfb99cbbfb9f,True,500,600,4.0,0.02,100,3000,0.98,0.0016333333333333332,0.98,0.0016333333333333332,5.91,0.00985,0,0.0,0.02,543.38,2259.0,-0.00018554000000000018
A,1.2,24,49772,3894bb0653e690843f3c6cd71b0b1c91a18996e24743aff1d3a356df14743dc9,False,500,600,4.0,0.02,100,3000,1.26,0.0021,1.26,0.0021,6.76,0.011266666666666666,1,0.0016666666666666668,,1203.96,,0.0029179866666666668
A,1.2,25,51775,8d48d424dcf79cdc86e4ae8aeaf5811b23b37dc8c5bc47c1daefb53a680e8f47,True,500,600,4.0,0.02,100,3000,0.9,0.0015,0.9,0.0015,4.72,0.007866666666666666,0,0.0,0.1,338.24,1894.0,-0.008387253333333336
A,1.2,26,53778,db813954ccedf890dd33a71aab5ec9ae396c378a2e112ff6b0cd1035a4c4de3e,True,500,600,4.0,0.02,100,3000,0.0,0.0,0.0,0.0,0.0,0.0,0,0.0,1.0,197.11,197.11,-0.09993429666666667
A,1.2,27,55781,8cfe51a5a6ef051a69b48d051feebe17932eb75e66a19bd3aabb4877b2bb70cb,True,500,600,4.0,0.02,100,3000,0.11,0.00018333333333333334,0.11,0.00018333333333333334,0.62,0.0010333333333333334,0,0.0,0.89,1089.59,1155.887640449438,-0.08845347000000002
A,1.2,28,57784,43bf1ae940f48ba46da71ff48fbc108827cfdab30b880a818347646cdec6dee7,False,500,600,4.0,0.02,100,3000,1.67,0.0027833333333333334,1.67,0.0027833333333333334,6.7,0.011166666666666667,1,0.0016666666666666668,,705.55,,0.0034351833333333337
A,1.2,29,59787,86cc1d37d5c5be935822c121cd6fcd10d34c25c123dcd77d08a9414a3fd7cd75,False,500,600,4.0,0.02,100,3000,2.29,0.0038166666666666666,2.29,0.0038166666666666666,7.07,0.011783333333333333,2,0.0033333333333333335,,1035.48,,0.004995159999999999
A,1.2,0,1700,3ea1fa01cc3da10f9f1678e3ec378035fb483e7ad907af7272e00f345fefe294,True,500,600,4.0,0.04,100,3000,0.19,0.00031666666666666665,0.19,0.00031666666666666665,1.14,0.0018999999999999998,0,0.0,0.81,1201.11,1352.7654320987654,-0.08028296333333335
A,1.2,1,3703,37714a28925a2687ce83e161ad3d7e5c5115cf093c9da52c36821dada33ae023,False,500,600,4.0,0.04,100,3000,2.43,0.004050000000000001,2.43,0.004050000000000001,8.13,0.013550000000000001,2,0.0033333333333333335,,1010.82,,0.005220273333333334
A,1.2,2,5706,833410b8e4a70b136dda7b89f3f0aac79596e6f8fdb43f851ddeb4fce8d5ee6f,False,500,600,4.0,0.04,100,3000,2.22,0.0037,2.22,0.0037,7.77,0.01295,2,0.0033333333333333335,,743.47,,0.004781156666666667
A,1.2,3,7709,ff45cf07b0db6431caf1ac127754bb58f3cd66d97b63a98b11d73e129bfdc154,False,500,600,4.0,0.04,100,3000,2.07,0.00345,2.07,0.00345,7.92,0.0132,1,0.0016666666666666668,,1030.78,,0.00421026
A,1.2,4,9712,1136a3e30b479506765af8d183d1e027ee45abfa48525e78d8cbcc4b7c7337d5,False,500,600,4.0,0.04,100,3000,2.19,0.00365,2.19,0.00365,7.89,0.01315,2,0.0033333333333333335,,1087.95,,0.004845983333333333
A,1.2,5,11715,14543b9f6b7ade3455cd172c107f42b6368fbcdbbd1c821c6a6741731dc999bb,True,500,600,4.0,0.04,100,3000,0.69,0.00115,0.69,0.00115,4.39,0.007316666666666666,0,0.0,0.31,760.35,1208.6129032258063,-0.029596550000000003
A,1.2,6,13718,46636fa878f018a3a4254af5ba92a0a1ab3155960a91c43744de2d8c78df03f5,True,500,600,4.0,0.04,100,3000,0.31,0.0005166666666666667,0.31,0.0005166666666666667,1.92,0.0031999999999999997,0,0.0,0.69,1027.2,1291.6376811594203,-0.06814093333333332
A,1.2,7,15721,68250a298d025f889db3dcc95f417ef7bcef2a6a7e93deec39af39648ec359b0,False,500,600,4.0,0.04,100,3000,3.76,0.006266666666666666,3.76,0.006266666666666666,8.51,0.014183333333333333,3,0.005,,728.57,,0.007759523333333333
A,1.2,8,17724,049ae08fa4cba4b924929611ad2e498a9ee291c356920097338b16d4526a6dd9,True,500,600,4.0,0.04,100,3000,0.5,0.0008333333333333334,0.5,0.0008333333333333334,3.27,0.00545,0,0.0,0.5,1054.25,1403.52,-0.048815250000000004
A,1.2,9,19727,d5f82f16d0b7213e8e2f02ed43ca07d06f3892cbff83b3d81592596852252bbf,False,500,600,4.0,0.04,100,3000,1.43,0.0023833333333333332,1.43,0.0023833333333333332,6.9,0.0115,1,0.0016666666666666668,,1228.68,,0.00320956
A,1.2,10,21730,d344cd79ba6f51e737dbe5ff4b556389b928e7085bd5ee9ae9ddc3334372a7f3,False,500,600,4.0,0.04,100,3000,3.18,0.0053,3.18,0.0053,8.38,0.013966666666666667,2,0.0033333333333333335,,979.26,,0.0064597533333333335
A,1.2,11,23733,3bba770c518f7e188e93ed9f84338f94582857feeee5deb1b08f45b4d3494325,False,500,600,4.0,0.04,100,3000,1.01,0.0016833333333333333,1.01,0.0016833333333333333,6.43,0.010716666666666666,1,0.0016666666666666668,,596.18,,0.0022987266666666664
A,1.2,12,25736,ed09258602005c277e7faaabf77244f736681e8e94cfc2b99dfb414735263b1f,True,500,600,4.0,0.04,100,3000,0.0,0.0,0.0,0.0,0.0,0.0,0,0.0,1.0,311.82,311.82,-0.09989606000000001
A,1.2,13,27739,5358efb19444e9ca1337e6a91cac0a0bf19f0ba41f94a8206eb8d4b1c5c7f667,False,500,600,4.0,0.04,100,3000,2.41,0.004016666666666667,2.41,0.004016666666666667,7.23,0.01205,2,0.0033333333333333335,,804.2,,0.005118066666666666
A,1.2,14,29742,70044a0a96d5238e57f750b24ae3f8095e82b3c8e1597a9bb56d17aad082b75d,False,500,600,4.0,0.04,100,3000,1.83,0.00305,1.83,0.00305,7.05,0.01175,1,0.0016666666666666668,,500.58,,0.003633526666666667
A,1.2,15,31745,3e7878f410def7d62f3dd65ddc530b8cda7bf923e8974170752484b08bc1611c,False,500,600,4.0,0.04,100,3000,1.15,0.0019166666666666666,1.15,0.0019166666666666666,6.18,0.0103,1,0.0016666666666666668,,982.89,,0.002660963333333333
A,1.2,16,33748,651f6d237eb3f6c3c19c627b8f42e468443477ff75012b18d2c14fbbfd2c2edf,True,500,600,4.0,0.04,100,3000,1.0,0.0016666666666666668,1.0,0.0016666666666666668,5.75,0.009583333333333333,1,0.0016666666666666668,0.0,397.24,,0.0022157466666666665
A,1.2,17,35751,df751b4a39788cd788947a4faf6dad7b2d2a191912bdc7f5a2a5d932b755cbc1,False,500,600,4.0,0.04,100,3000,2.0,0.0033333333333333335,2.0,0.0033333333333333335,6.99,0.01165,2,0.0033333333333333335,,560.91,,0.0043536366666666665
A,1.2,18,37754,309a3f0b179914fc4d44542f7a5fa7a25100dc46b126999d83a5a8c4f4dfb1a2,False,500,600,4.0,0.04,100,3000,1.0,0.0016666666666666668,1.0,0.0016666666666666668,6.26,0.010433333333333333,1,0.0016666666666666668,,365.68,,0.0022052266666666666
A,1.2,19,39757,6ca2d893d357e6222af6d6744d455a09287e8f432ee4569741dc22fd147e637f,True,500,600,4.0,0.04,100,3000,0.75,0.00125,0.75,0.00125,4.82,0.008033333333333333,0,0.0,0.3,1132.25,1443.9666666666667,-0.02837258333333333
A,1.2,20,41760,c5841a04765dfc844d644a881f22c1ab9b87ad797f42f244210a24d2b49b2246,True,500,600,4.0,0.04,100,3000,0.02,3.3333333333333335e-05,0.02,3.3333333333333335e-05,0.15,0.00025,0,0.0,0.98,661.2,672.1224489795918,-0.09774626666666668
A,1.2,21,43763,8f8adb312a98d2375b54828fbabff59932b9ea3e3906870a085ebb707bd7689b,True,500,600,4.0,0.04,100,3000,0.9,0.0015,0.9,0.0015,5.53,0.009216666666666666,0,0.0,0.1,568.1,1067.4,-0.008310633333333336
A,1.2,22,45766,aa999d8a05a6521a5c6b2f035f876034928828a6f6c1f9b28f4eca4dbf40ef08,False,500,600,4.0,0.04,100,3000,2.31,0.00385,2.31,0.00385,7.38,0.0123,2,0.0033333333333333335,,917.23,,0.004989076666666667
A,1.2,23,47769,27f8863b01a77516c42eeb40dac09aa0a14207dcb396d706bb21bfb99cbbfb9f,True,500,600,4.0,0.04,100,3000,1.0,0.0016666666666666668,1.0,0.0016666666666666668,6.13,0.010216666666666667,0,0.0,0.01,541.41,2780.0,0.0008471366666666667
A,1.2,24,49772,3894bb0653e690843f3c6cd71b0b1c91a18996e24743aff1d3a356df14743dc9,False,500,600,4.0,0.04,100,3000,1.27,0.002116666666666667,1.27,0.002116666666666667,6.78,0.011300000000000001,1,0.0016666666666666668,,1331.23,,0.002977076666666667
A,1.2,25,51775,8d48d424dcf79cdc86e4ae8aeaf5811b23b37dc8c5bc47c1daefb53a680e8f47,True,500,600,4.0,0.04,100,3000,0.9,0.0015,0.9,0.0015,4.72,0.007866666666666666,0,0.0,0.1,269.15,1236.2,-0.008410283333333336
A,1.2,26,53778,db813954ccedf890dd33a71aab5ec9ae396c378a2e112ff6b0cd1035a4c4de3e,True,500,600,4.0,0.04,100,3000,0.0,0.0,0.0,0.0,0.0,0.0,0,0.0,1.0,227.08,227.08,-0.09992430666666667
A,1.2,27,55781,8cfe51a5a6ef051a69b48d051feebe17932eb75e66a19bd3aabb4877b2bb70cb,True,500,600,4.0,0.04,100,3000,0.17,0.00028333333333333335,0.17,0.00028333333333333335,0.92,0.0015333333333333334,0,0.0,0.83,1022.66,1075.3253012048192,-0.08237578000000001
A,1.2,28,57784,43bf1ae940f48ba46da71ff48fbc108827cfdab30b880a818347646cdec6dee7,False,500,600,4.0,0.04,100,3000,1.7,0.002833333333333333,1.7,0.002833333333333333,6.76,0.011266666666666666,1,0.0016666666666666668,,673.38,,0.00347446
A,1.2,29,59787,86cc1d37d5c5be935822c121cd6fcd10d34c25c123dcd77d08a9414a3fd7cd75,False,500,600,4.0,0.04,100,3000,2.25,0.00375,2.25,0.00375,7.36,0.012266666666666667,2,0.0033333333333333335,,1071.91,,0.004940636666666666
A,1.2,0,1700,3ea1fa01cc3da10f9f1678e3ec378035fb483e7ad907af7272e00f345fefe294,True,500,600,4.0,0.06,100,3000,0.24,0.00039999999999999996,0.24,0.00039999999999999996,1.59,0.00265,0,0.0,0.76,1166.58,1368.2236842105262,-0.07521114000000001
A,1.2,1,3703,37714a28925a2687ce83e161ad3d7e5c5115cf093c9da52c36821dada33ae023,False,500,600,4.0,0.06,100,3000,2.42,0.004033333333333333,2.42,0.004033333333333333,8.29,0.013816666666666665,2,0.0033333333333333335,,979.65,,0.005193216666666667
A,1.2,2,5706,833410b8e4a70b136dda7b89f3f0aac79596e6f8fdb43f851ddeb4fce8d5ee6f,False,500,600,4.0,0.06,100,3000,2.27,0.0037833333333333334,2.27,0.0037833333333333334,7.83,0.01305,2,0.0033333333333333335,,836.59,,0.0048955299999999995
A,1.2,3,7709,ff45cf07b0db6431caf1ac127754bb58f3cd66d97b63a98b11d73e129bfdc154,False,500,600,4.0,0.06,100,3000,2.11,0.0035166666666666666,2.11,0.0035166666666666666,8.06,0.013433333333333334,1,0.0016666666666666668,,1080.24,,0.0042934133333333326
A,1.2,4,9712,1136a3e30b479506765af8d183d1e027ee45abfa48525e78d8cbcc4b7c7337d5,False,500,600,4.0,0.06,100,3000,2.21,0.003683333333333333,2.21,0.003683333333333333,8.12,0.013533333333333331,2,0.0033333333333333335,,1101.37,,0.00488379
A,1.2,5,11715,14543b9f6b7ade3455cd172c107f42b6368fbcdbbd1c821c6a6741731dc999bb,True,500,600,4.0,0.06,100,3000,0.71,0.0011833333333333333,0.71,0.0011833333333333333,4.52,0.007533333333333333,0,0.0,0.29,755.42,1291.8275862068965,-0.027564859999999997
A,1.2,6,13718,46636fa878f018a3a4254af5ba92a0a1ab3155960a91c43744de2d8c78df03f5,True,500,600,4.0,0.06,100,3000,0.38,0.0006333333333333333,0.38,0.0006333333333333333,2.25,0.00375,0,0.0,0.62,988.88,1330.3225806451612,-0.06103704
A,1.2,7,15721,68250a298d025f889db3dcc95f417ef7bcef2a6a7e93deec39af39648ec359b0,False,500,600,4.0,0.06,100,3000,3.78,0.0063,3.78,0.0063,8.54,0.014233333333333332,3,0.005,,722.91,,0.00779097
A,1.2,8,17724,049ae08fa4cba4b924929611ad2e498a9ee291c356920097338b16d4526a6dd9,True,500,600,4.0,0.06,100,3000,0.53,0.0008833333333333334,0.53,0.0008833333333333334,3.3,0.0055,0,0.0,0.48,1119.85,1410.1875,-0.04674338333333333
A,1.2,9,19727,d5f82f16d0b7213e8e2f02ed43ca07d06f3892cbff83b3d81592596852252bbf,False,500,600,4.0,0.06,100,3000,1.45,0.002416666666666667,1.45,0.002416666666666667,7.05,0.01175,1,0.0016666666666666668,,1205.36,,0.00323512
A,1.2,10,21730,d344cd79ba6f51e737dbe5ff4b556389b928e7085bd5ee9ae9ddc3334372a7f3,False,500,600,4.0,0.06,100,3000,3.2,0.005333333333333334,3.2,0.005333333333333334,8.65,0.014416666666666668,2,0.0033333333333333335,,967.42,,0.006489140000000001
A,1.2,11,23733,3bba770c518f7e188e93ed9f84338f94582857feeee5deb1b08f45b4d3494325,False,500,600,4.0,0.06,100,3000,1.0,0.0016666666666666668,1.0,0.0016666666666666668,6.37,0.010616666666666667,1,0.0016666666666666668,,659.75,,0.00230325
A,1.2,12,25736,ed09258602005c277e7faaabf77244f736681e8e94cfc2b99dfb414735263b1f,True,500,600,4.0,0.06,100,3000,0.0,0.0,0.0,0.0,0.0,0.0,0,0.0,1.0,335.91,335.91,-0.09988803
A,1.2,13,27739,5358efb19444e9ca1337e6a91cac0a0bf19f0ba41f94a8206eb8d4b1c5c7f667,False,500,600,4.0,0.06,100,3000,2.41,0.004016666666666667,2.41,0.004016666666666667,7.28,0.012133333333333335,2,0.0033333333333333335,,797.75,,0.005115916666666667
A,1.2,14,29742,70044a0a96d5238e57f750b24ae3f8095e82b3c8e1597a9bb56d17aad082b75d,False,500,600,4.0,0.06,100,3000,1.81,0.0030166666666666666,1.81,0.0030166666666666666,7.22,0.012033333333333333,1,0.0016666666666666668,,476.21,,0.00359207
A,1.2,15,31745,3e7878f410def7d62f3dd65ddc530b8cda7bf923e8974170752484b08bc1611c,False,500,600,4.0,0.06,100,3000,1.18,0.0019666666666666665,1.18,0.0019666666666666665,6.17,0.010283333333333334,1,0.0016666666666666668,,927.44,,0.0026924799999999997
A,1.2,16,33748,651f6d237eb3f6c3c19c627b8f42e468443477ff75012b18d2c14fbbfd2c2edf,True,500,600,4.0,0.06,100,3000,1.0,0.0016666666666666668,1.0,0.0016666666666666668,5.71,0.009516666666666666,1,0.0016666666666666668,0.0,434.68,,0.0022282266666666666
A,1.2,17,35751,df751b4a39788cd788947a4faf6dad7b2d2a191912bdc7f5a2a5d932b755cbc1,False,500,600,4.0,0.06,100,3000,2.0,0.0033333333333333335,2.0,0.0033333333333333335,7.09,0.011816666666666666,2,0.0033333333333333335,,542.95,,0.00434765
A,1.2,18,37754,309a3f0b179914fc4d44542f7a5fa7a25100dc46b126999d83a5a8c4f4dfb1a2,False,500,600,4.0,0.06,100,3000,1.0,0.0016666666666666668,1.0,0.0016666666666666668,6.3,0.010499999999999999,1,0.0016666666666666668,,395.13,,0.0022150433333333335
A,1.2,19,39757,6ca2d893d357e6222af6d6744d455a09287e8f432ee4569741dc22fd147e637f,True,500,600,4.0,0.06,100,3000,0.73,0.0012166666666666667,0.73,0.0012166666666666667,4.56,0.007599999999999999,0,0.0,0.35,1318.09,1500.057142857143,-0.03334397
A,1.2,20,41760,c5841a04765dfc844d644a881f22c1ab9b87ad797f42f244210a24d2b49b2246,True,500,600,4.0,0.06,100,3000,0.04,6.666666666666667e-05,0.04,6.666666666666667e-05,0.2,0.0003333333333333334,0,0.0,0.96,682.06,704.4375,-0.09570598
A,1.2,21,43763,8f8adb312a98d2375b54828fbabff59932b9ea3e3906870a085ebb707bd7689b,True,500,600,4.0,0.06,100,3000,0.83,0.0013833333333333332,0.83,0.0013833333333333332,4.91,0.008183333333333334,0,0.0,0.17,598.16,770.0,-0.01541728
A,1.2,22,45766,aa999d8a05a6521a5c6b2f035f876034928828a6f6c1f9b28f4eca4dbf40ef08,False,500,600,4.0,0.06,100,3000,2.29,0.0038166666666666666,2.29,0.0038166666666666666,7.28,0.012133333333333335,2,0.0033333333333333335,,944.6,,0.004964866666666666
A,1.2,23,47769,27f8863b01a77516c42eeb40dac09aa0a14207dcb396d706bb21bfb99cbbfb9f,True,500,600,4.0,0.06,100,3000,0.98,0.0016333333333333332,0.98,0.0016333333333333332,6.13,0.010216666666666667,0,0.0,0.02,597.46,1766.5,-0.00016751333333333348
A,1.2,24,49772,3894bb0653e690843f3c6cd71b0b1c91a18996e24743aff1d3a356df14743dc9,False,500,600,4.0,0.06,100,3000,1.3,0.0021666666666666666,1.3,0.0021666666666666666,6.95,0.011583333333333334,1,0.0016666666666666668,,1337.29,,0.0030290966666666665
A,1.2,25,51775,8d48d424dcf79cdc86e4ae8aeaf5811b23b37dc8c5bc47c1daefb53a680e8f47,True,500,600,4.0,0.06,100,3000,0.93,0.0015500000000000002,0.93,0.0015500000000000002,5.09,0.008483333333333332,0,0.0,0.07,294.5,1763.142857142857,-0.005351833333333334
A,1.2,26,53778,db813954ccedf890dd33a71aab5ec9ae396c378a2e112ff6b0cd1035a4c4de3e,True,500,600,4.0,0.06,100,3000,0.0,0.0,0.0,0.0,0.0,0.0,0,0.0,1.0,235.75,235.75,-0.09992141666666667
A,1.2,27,55781,8cfe51a5a6ef051a69b48d051feebe17932eb75e66a19bd3aabb4877b2bb70cb,True,500,600,4.0,0.06,100,3000,0.17,0.00028333333333333335,0.17,0.00028333333333333335,1.24,0.0020666666666666667,0,0.0,0.83,1138.3,1202.4578313253012,-0.08233723333333334
A,1.2,28,57784,43bf1ae940f48ba46da71ff48fbc108827cfdab30b880a818347646cdec6dee7,False,500,600,4.0,0.06,100,3000,1.72,0.0028666666666666667,1.72,0.0028666666666666667,6.8,0.011333333333333332,1,0.0016666666666666668,,739.85,,0.00352995
A,1.2,29,59787,86cc1d37d5c5be935822c121cd6fcd10d34c25c123dcd77d08a9414a3fd7cd75,False,500,600,4.0,0.06,100,3000,2.23,0.0037166666666666667,2.23,0.0037166666666666667,7.45,0.012416666666666666,2,0.0033333333333333335,,1106.97,,0.00491899
A,1.2,0,1700,3ea1fa01cc3da10f9f1678e3ec378035fb483e7ad907af7272e00f345fefe294,True,500,600,4.0,0.08,100,3000,0.3,0.0005,0.3,0.0005,1.79,0.0029833333333333335,0,0.0,0.7,1125.6,1324.942857142857,-0.06912479999999999
A,1.2,1,3703,37714a28925a2687ce83e161ad3d7e5c5115cf093c9da52c36821dada33ae023,False,500,600,4.0,0.08,100,3000,2.48,0.0041333333333333335,2.48,0.0041333333333333335,8.36,0.013933333333333332,2,0.0033333333333333335,,991.49,,0.005297163333333334
A,1.2,2,5706,833410b8e4a70b136dda7b89f3f0aac79596e6f8fdb43f851ddeb4fce8d5ee6f,False,500,600,4.0,0.08,100,3000,2.32,0.0038666666666666663,2.32,0.0038666666666666663,8.08,0.013466666666666667,2,0.0033333333333333335,,845.79,,0.004981929999999999
A,1.2,3,7709,ff45cf07b0db6431caf1ac127754bb58f3cd66d97b63a98b11d73e129bfdc154,False,500,600,4.0,0.08,100,3000,2.12,0.0035333333333333336,2.12,0.0035333333333333336,8.13,0.013550000000000001,2,0.0033333333333333335,,1060.97,,0.004720323333333333
A,1.2,4,9712,1136a3e30b479506765af8d183d1e027ee45abfa48525e78d8cbcc4b7c7337d5,False,500,600,4.0,0.08,100,3000,2.25,0.00375,2.25,0.00375,8.08,0.013466666666666667,1,0.0016666666666666668,,1060.95,,0.004520316666666666
A,1.2,5,11715,14543b9f6b7ade3455cd172c107f42b6368fbcdbbd1c821c6a6741731dc999bb,True,500,600,4.0,0.08,100,3000,0.77,0.0012833333333333334,0.77,0.0012833333333333334,5.07,0.008450000000000001,0,0.0,0.24,675.52,1126.7083333333333,-0.022491493333333334
A,1.2,6,13718,46636fa878f018a3a4254af5ba92a0a1ab3155960a91c43744de2d8c78df03f5,True,500,600,4.0,0.08,100,3000,0.4,0.0006666666666666668,0.4,0.0006666666666666668,2.54,0.004233333333333334,0,0.0,0.6,976.79,1332.0666666666666,-0.059007736666666664
A,1.2,7,15721,68250a298d025f889db3dcc95f417ef7bcef2a6a7e93deec39af39648ec359b0,False,500,600,4.0,0.08,100,3000,3.81,0.00635,3.81,0.00635,8.41,0.014016666666666667,3,0.005,,775.6,,0.007858533333333334
A,1.2,8,17724,049ae08fa4cba4b924929611ad2e498a9ee291c356920097338b16d4526a6dd9,True,500,600,4.0,0.08,100,3000,0.53,0.0008833333333333334,0.53,0.0008833333333333334,3.31,0.005516666666666667,0,0.0,0.5,1179.71,1573.52,-0.048723430000000005
A,1.2,9,19727,d5f82f16d0b7213e8e2f02ed43ca07d06f3892cbff83b3d81592596852252bbf,False,500,600,4.0,0.08,100,3000,1.4,0.002333333333333333,1.4,0.002333333333333333,6.86,0.011433333333333334,1,0.0016666666666666668,,1370.39,,0.0032067966666666664
A,1.2,10,21730,d344cd79ba6f51e737dbe5ff4b556389b928e7085bd5ee9ae9ddc3334372a7f3,False,500,600,4.0,0.08,100,3000,3.14,0.005233333333333334,3.14,0.005233333333333334,8.69,0.014483333333333332,2,0.0033333333333333335,,1111.16,,0.006437053333333334
A,1.2,11,23733,3bba770c518f7e188e93ed9f84338f94582857feeee5deb1b08f45b4d3494325,False,500,600,4.0,0.08,100,3000,1.0,0.0016666666666666668,1.0,0.0016666666666666668,6.52,0.010866666666666665,1,0.0016666666666666668,,623.53,,0.0022911766666666666
A,1.2,12,25736,ed09258602005c277e7faaabf77244f736681e8e94cfc2b99dfb414735263b1f,True,500,600,4.0,0.08,100,3000,0.0,0.0,0.0,0.0,0.0,0.0,0,0.0,1.0,379.59,379.59,-0.09987347
A,1.2,13,27739,5358efb19444e9ca1337e6a91cac0a0bf19f0ba41f94a8206eb8d4b1c5c7f667,False,500,600,4.0,0.08,100,3000,2.43,0.004050000000000001,2.43,0.004050000000000001,7.58,0.012633333333333333,2,0.0033333333333333335,,817.26,,0.005155753333333334
A,1.2,14,29742,70044a0a96d5238e57f750b24ae3f8095e82b3c8e1597a9bb56d17aad082b75d,False,500,600,4.0,0.08,100,3000,1.84,0.0030666666666666668,1.84,0.0030666666666666668,7.39,0.012316666666666667,1,0.0016666666666666668,,471.14,,0.0036403800000000004
A,1.2,15,31745,3e7878f410def7d62f3dd65ddc530b8cda7bf923e8974170752484b08bc1611c,False,500,600,4.0,0.08,100,3000,1.18,0.0019666666666666665,1.18,0.0019666666666666665,6.43,0.010716666666666666,1,0.0016666666666666668,,970.99,,0.0027069966666666665
A,1.2,16,33748,651f6d237eb3f6c3c19c627b8f42e468443477ff75012b18d2c14fbbfd2c2edf,True,500,600,4.0,0.08,100,3000,1.0,0.0016666666666666668,1.0,0.0016666666666666668,5.82,0.0097,1,0.0016666666666666668,0.0,430.39,,0.002226796666666667
A,1.2,17,35751,df751b4a39788cd788947a4faf6dad7b2d2a191912bdc7f5a2a5d932b755cbc1,False,500,600,4.0,0.08,100,3000,2.0,0.0033333333333333335,2.0,0.0033333333333333335,7.13,0.011883333333333333,2,0.0033333333333333335,,593.22,,0.004364406666666667
A,1.2,18,37754,309a3f0b179914fc4d44542f7a5fa7a25100dc46b126999d83a5a8c4f4dfb1a2,False,500,600,4.0,0.08,100,3000,1.0,0.0016666666666666668,1.0,0.0016666666666666668,6.33,0.01055,1,0.0016666666666666668,,420.97,,0.002223656666666667
A,1.2,19,39757,6ca2d893d357e6222af6d6744d455a09287e8f432ee4569741dc22fd147e637f,True,500,600,4.0,0.08,100,3000,0.78,0.0013,0.78,0.0013,5.16,0.0086,0,0.0,0.3,1226.42,1462.5,-0.028291193333333332
A,1.2,20,41760,c5841a04765dfc844d644a881f22c1ab9b87ad797f42f244210a24d2b49b2246,True,500,600,4.0,0.08,100,3000,0.02,3.3333333333333335e-05,0.02,3.3333333333333335e-05,0.14,0.00023333333333333336,0,0.0,0.98,784.01,796.3775510204082,-0.09770533
A,1.2,21,43763,8f8adb312a98d2375b54828fbabff59932b9ea3e3906870a085ebb707bd7689b,True,500,600,4.0,0.08,100,3000,0.9,0.0015,0.9,0.0015,5.26,0.008766666666666666,0,0.0,0.1,721.08,879.4,-0.008259640000000002
A,1.2,22,45766,aa999d8a05a6521a5c6b2f035f876034928828a6f6c1f9b28f4eca4dbf40ef08,False,500,600,4.0,0.08,100,3000,2.37,0.00395,2.37,0.00395,7.31,0.012183333333333332,2,0.0033333333333333335,,952.03,,0.005100676666666667
A,1.2,23,47769,27f8863b01a77516c42eeb40dac09aa0a14207dcb396d706bb21bfb99cbbfb9f,True,500,600,4.0,0.08,100,3000,0.97,0.0016166666666666666,0.97,0.0016166666666666666,6.19,0.010316666666666667,0,0.0,0.03,661.31,1599.6666666666667,-0.0011628966666666668
A,1.2,24,49772,3894bb0653e690843f3c6cd71b0b1c91a18996e24743aff1d3a356df14743dc9,False,500,600,4.0,0.08,100,3000,1.29,0.00215,1.29,0.00215,7.05,0.01175,1,0.0016666666666666668,,1351.26,,0.0030170866666666667
A,1.2,25,51775,8d48d424dcf79cdc86e4ae8aeaf5811b23b37dc8c5bc47c1daefb53a680e8f47,True,500,600,4.0,0.08,100,3000,0.95,0.0015833333333333333,0.95,0.0015833333333333333,5.44,0.009066666666666667,0,0.0,0.05,245.05,1101.6,-0.003334983333333334
A,1.2,26,53778,db813954ccedf890dd33a71aab5ec9ae396c378a2e112ff6b0cd1035a4c4de3e,True,500,600,4.0,0.08,100,3000,0.0,0.0,0.0,0.0,0.0,0.0,0,0.0,1.0,255.88,255.88,-0.09991470666666667
A,1.2,27,55781,8cfe51a5a6ef051a69b48d051feebe17932eb75e66a19bd3aabb4877b2bb70cb,True,500,600,4.0,0.08,100,3000,0.19,0.00031666666666666665,0.19,0.00031666666666666665,1.25,0.0020833333333333333,0,0.0,0.81,1106.21,1180.2222222222222,-0.08031459666666668
A,1.2,28,57784,43bf1ae940f48ba46da71ff48fbc108827cfdab30b880a818347646cdec6dee7,False,500,600,4.0,0.08,100,3000,1.77,0.00295,1.77,0.00295,6.77,0.011283333333333333,1,0.0016666666666666668,,644.52,,0.0035815066666666667
A,1.2,29,59787,86cc1d37d5c5be935822c121cd6fcd10d34c25c123dcd77d08a9414a3fd7cd75,False,500,600,4.0,0.08,100,3000,2.26,0.0037666666666666664,2.26,0.0037666666666666664,7.66,0.012766666666666667,2,0.0033333333333333335,,1078.93,,0.004959643333333333
A,1.2,0,1700,3ea1fa01cc3da10f9f1678e3ec378035fb483e7ad907af7272e00f345fefe294,True,500,600,4.0,0.12,100,3000,0.31,0.0005166666666666667,0.31,0.0005166666666666667,1.78,0.0029666666666666665,0,0.0,0.69,1184.71,1410.1739130434783,-0.06808842999999999
A,1.2,1,3703,37714a28925a2687ce83e161ad3d7e5c5115cf093c9da52c36821dada33ae023,False,500,600,4.0,0.12,100,3000,2.47,0.004116666666666667,2.47,0.004116666666666667,8.48,0.014133333333333335,2,0.0033333333333333335,,1031.34,,0.0052937800000000005
A,1.2,2,5706,833410b8e4a70b136dda7b89f3f0aac79596e6f8fdb43f851ddeb4fce8d5ee6f,False,500,600,4.0,0.12,100,3000,2.42,0.004033333333333333,2.42,0.004033333333333333,8.14,0.013566666666666668,2,0.0033333333333333335,,723.25,,0.00510775
A,1.2,3,7709,ff45cf07b0db6431caf1ac127754bb58f3cd66d97b63a98b11d73e129bfdc154,False,500,600,4.0,0.12,100,3000,2.12,0.0035333333333333336,2.12,0.0035333333333333336,8.38,0.013966666666666667,1,0.0016666666666666668,,1150.09,,0.004333363333333334
A,1.2,4,9712,1136a3e30b479506765af8d183d1e027ee45abfa48525e78d8cbcc4b7c7337d5,False,500,600,4.0,0.12,100,3000,2.21,0.003683333333333333,2.21,0.003683333333333333,8.36,0.013933333333333332,1,0.0016666666666666668,,1096.41,,0.004465469999999999
A,1.2,5,11715,14543b9f6b7ade3455cd172c107f42b6368fbcdbbd1c821c6a6741731dc999bb,True,500,600,4.0,0.12,100,3000,0.8,0.0013333333333333335,0.8,0.0013333333333333335,5.67,0.00945,0,0.0,0.2,731.19,1134.4,-0.01842293666666667
A,1.2,6,13718,46636fa878f018a3a4254af5ba92a0a1ab3155960a91c43744de2d8c78df03f5,True,500,600,4.0,0.12,100,3000,0.47,0.0007833333333333333,0.47,0.0007833333333333333,2.85,0.00475,0,0.0,0.55,1076.72,1427.3454545454545,-0.05385776000000001
A,1.2,7,15721,68250a298d025f889db3dcc95f417ef7bcef2a6a7e93deec39af39648ec359b0,False,500,600,4.0,0.12,100,3000,3.79,0.006316666666666667,3.79,0.006316666666666667,8.92,0.014866666666666667,3,0.005,,721.59,,0.007807196666666667
A,1.2,8,17724,049ae08fa4cba4b924929611ad2e498a9ee291c356920097338b16d4526a6dd9,True,500,600,4.0,0.12,100,3000,0.67,0.0011166666666666666,0.67,0.0011166666666666666,4.36,0.007266666666666667,0,0.0,0.36,1008.02,1326.138888888889,-0.03454732666666666
A,1.2,9,19727,d5f82f16d0b7213e8e2f02ed43ca07d06f3892cbff83b3d81592596852252bbf,False,500,600,4.0,0.12,100,3000,1.47,0.00245,1.47,0.00245,7.25,0.012083333333333333,1,0.0016666666666666668,,1379.2,,0.0033264
A,1.2,10,21730,d344cd79ba6f51e737dbe5ff4b556389b928e7085bd5ee9ae9ddc3334372a7f3,False,500,600,4.0,0.12,100,3000,3.26,0.0054333333333333326,3.26,0.0054333333333333326,9.2,0.015333333333333332,2,0.0033333333333333335,,855.34,,0.006551779999999999
A,1.2,11,23733,3bba770c518f7e188e93ed9f84338f94582857feeee5deb1b08f45b4d3494325,False,500,600,4.0,0.12,100,3000,1.0,0.0016666666666666668,1.0,0.0016666666666666668,6.92,0.011533333333333333,1,0.0016666666666666668,,726.14,,0.00232538
A,1.2,12,25736,ed09258602005c277e7faaabf77244f736681e8e94cfc2b99dfb414735263b1f,True,500,600,4.0,0.12,100,3000,0.0,0.0,0.0,0.0,0.0,0.0,0,0.0,1.0,432.72,432.72,-0.09985576
A,1.2,13,27739,5358efb19444e9ca1337e6a91cac0a0bf19f0ba41f94a8206eb8d4b1c5c7f667,False,500,600,4.0,0.12,100,3000,2.58,0.0043,2.58,0.0043,8.09,0.013483333333333333,2,0.0033333333333333335,,636.31,,0.005345436666666667
A,1.2,14,29742,70044a0a96d5238e57f750b24ae3f8095e82b3c8e1597a9bb56d17aad082b75d,False,500,600,4.0,0.12,100,3000,1.91,0.003183333333333333,1.91,0.003183333333333333,7.45,0.012416666666666666,1,0.0016666666666666668,,443.72,,0.003747906666666667
A,1.2,15,31745,3e7878f410def7d62f3dd65ddc530b8cda7bf923e8974170752484b08bc1611c,False,500,600,4.0,0.12,100,3000,1.16,0.0019333333333333331,1.16,0.0019333333333333331,6.97,0.011616666666666666,1,0.0016666666666666668,,1012.55,,0.0026875166666666664
A,1.2,16,33748,651f6d237eb3f6c3c19c627b8f42e468443477ff75012b18d2c14fbbfd2c2edf,True,500,600,4.0,0.12,100,3000,0.99,0.00165,0.99,0.00165,6.22,0.010366666666666666,0,0.0,0.01,472.68,201.0,0.0008075599999999999
A,1.2,17,35751,df751b4a39788cd788947a4faf6dad7b2d2a191912bdc7f5a2a5d932b755cbc1,False,500,600,4.0,0.12,100,3000,2.0,0.0033333333333333335,2.0,0.0033333333333333335,7.45,0.012416666666666666,2,0.0033333333333333335,,632.08,,0.00437736
A,1.2,18,37754,309a3f0b179914fc4d44542f7a5fa7a25100dc46b126999d83a5a8c4f4dfb1a2,False,500,600,4.0,0.12,100,3000,1.0,0.0016666666666666668,1.0,0.0016666666666666668,6.97,0.011616666666666666,1,0.0016666666666666668,,448.45,,0.0022328166666666666
A,1.2,19,39757,6ca2d893d357e6222af6d6744d455a09287e8f432ee4569741dc22fd147e637f,True,500,600,4.0,0.12,100,3000,1.0,0.0016666666666666668,1.0,0.0016666666666666668,5.79,0.00965,0,0.0,0.24,1257.53,1691.75,-0.021914156666666667
A,1.2,20,41760,c5841a04765dfc844d644a881f22c1ab9b87ad797f42f244210a24d2b49b2246,True,500,600,4.0,0.12,100,3000,0.02,3.3333333333333335e-05,0.02,3.3333333333333335e-05,0.11,0.00018333333333333334,0,0.0,0.98,891.79,906.5510204081633,-0.09766940333333334
A,1.2,21,43763,8f8adb312a98d2375b54828fbabff59932b9ea3e3906870a085ebb707bd7689b,True,500,600,4.0,0.12,100,3000,0.92,0.0015333333333333334,0.92,0.0015333333333333334,5.46,0.0091,0,0.0,0.1,816.29,845.1,-0.008194570000000002
A,1.2,22,45766,aa999d8a05a6521a5c6b2f035f876034928828a6f6c1f9b28f4eca4dbf40ef08,False,500,600,4.0,0.12,100,3000,2.41,0.004016666666666667,2.41,0.004016666666666667,7.79,0.012983333333333333,2,0.0033333333333333335,,963.08,,0.005171026666666667
A,1.2,23,47769,27f8863b01a77516c42eeb40dac09aa0a14207dcb396d706bb21bfb99cbbfb9f,True,500,600,4.0,0.12,100,3000,0.99,0.00165,0.99,0.00165,6.61,0.011016666666666668,0,0.0,0.02,727.55,906.0,-0.00010748333333333339
A,1.2,24,49772,3894bb0653e690843f3c6cd71b0b1c91a18996e24743aff1d3a356df14743dc9,False,500,600,4.0,0.12,100,3000,1.41,0.0023499999999999997,1.41,0.0023499999999999997,7.27,0.012116666666666666,1,0.0016666666666666668,,1400.61,,0.0032335366666666663
A,1.2,25,51775,8d48d424dcf79cdc86e4ae8aeaf5811b23b37dc8c5bc47c1daefb53a680e8f47,True,500,600,4.0,0.12,100,3000,0.92,0.0015333333333333334,0.92,0.0015333333333333334,5.55,0.00925,0,0.0,0.08,299.96,1196.625,-0.0063666799999999996
A,1.2,26,53778,db813954ccedf890dd33a71aab5ec9ae396c378a2e112ff6b0cd1035a4c4de3e,True,500,600,4.0,0.12,100,3000,0.0,0.0,0.0,0.0,0.0,0.0,0,0.0,1.0,322.88,322.88,-0.09989237333333334
A,1.2,27,55781,8cfe51a5a6ef051a69b48d051feebe17932eb75e66a19bd3aabb4877b2bb70cb,True,500,600,4.0,0.12,100,3000,0.29,0.0004833333333333333,0.29,0.0004833333333333333,1.66,0.0027666666666666664,0,0.0,0.72,1098.69,1236.4444444444443,-0.07115043666666666
A,1.2,28,57784,43bf1ae940f48ba46da71ff48fbc108827cfdab30b880a818347646cdec6dee7,False,500,600,4.0,0.12,100,3000,1.79,0.0029833333333333335,1.79,0.0029833333333333335,7.13,0.011883333333333333,1,0.0016666666666666668,,726.69,,0.00364223
A,1.2,29,59787,86cc1d37d5c5be935822c121cd6fcd10d34c25c123dcd77d08a9414a3fd7cd75,False,500,600,4.0,0.12,100,3000,2.38,0.003966666666666666,2.38,0.003966666666666666,7.62,0.0127,2,0.0033333333333333335,,912.68,,0.005104226666666666
A,1.2,0,1700,3ea1fa01cc3da10f9f1678e3ec378035fb483e7ad907af7272e00f345fefe294,True,500,600,8.0,0.0,100,3000,0.12,0.00019999999999999998,0.12,0.00019999999999999998,0.5,0.0008333333333333334,0,0.0,0.88,750.38,784.0795454545455,-0.08754987333333333
A,1.2,1,3703,37714a28925a2687ce83e161ad3d7e5c5115cf093c9da52c36821dada33ae023,False,500,600,8.0,0.0,100,3000,2.52,0.0042,2.52,0.0042,5.12,0.008533333333333334,2,0.0033333333333333335,,651.18,,0.005250393333333333
A,1.2,2,5706,833410b8e4a70b136dda7b89f3f0aac79596e6f8fdb43f851ddeb4fce8d5ee6f,False,500,600,8.0,0.0,100,3000,2.37,0.00395,2.37,0.00395,5.26,0.008766666666666666,2,0.0033333333333333335,,390.87,,0.004913623333333334
A,1.2,3,7709,ff45cf07b0db6431caf1ac127754bb58f3cd66d97b63a98b11d73e129bfdc154,False,500,600,8.0,0.0,100,3000,1.69,0.0028166666666666665,1.69,0.0028166666666666665,4.53,0.00755,1,0.0016666666666666668,,950.71,,0.0035502366666666668
A,1.2,4,9712,1136a3e30b479506765af8d183d1e027ee45abfa48525e78d8cbcc4b7c7337d5,False,500,600,8.0,0.0,100,3000,2.14,0.0035666666666666668,2.14,0.0035666666666666668,4.8,0.008,1,0.0016666666666666668,,693.07,,0.004214356666666667
A,1.2,5,11715,14543b9f6b7ade3455cd172c107f42b6368fbcdbbd1c821c6a6741731dc999bb,True,500,600,8.0,0.0,100,3000,0.46,0.0007666666666666667,0.46,0.0007666666666666667,1.54,0.0025666666666666667,0,0.0,0.54,553.19,753.1111111111111,-0.05304893666666667
A,1.2,6,13718,46636fa878f018a3a4254af5ba92a0a1ab3155960a91c43744de2d8c78df03f5,True,500,600,8.0,0.0,100,3000,0.35,0.0005833333333333333,0.35,0.0005833333333333333,1.38,0.0023,0,0.0,0.65,805.68,1098.9846153846154,-0.06414810666666666
A,1.2,7,15721,68250a298d025f889db3dcc95f417ef7bcef2a6a7e93deec39af39648ec359b0,False,500,600,8.0,0.0,100,3000,3.49,0.005816666666666667,3.49,0.005816666666666667,6.02,0.010033333333333333,3,0.005,,587.97,,0.007262656666666667
A,1.2,8,17724,049ae08fa4cba4b924929611ad2e498a9ee291c356920097338b16d4526a6dd9,True,500,600,8.0,0.0,100,3000,0.4,0.0006666666666666668,0.4,0.0006666666666666668,1.15,0.0019166666666666666,0,0.0,0.65,1011.1,1236.6153846153845,-0.0639963
A,1.2,9,19727,d5f82f16d0b7213e8e2f02ed43ca07d06f3892cbff83b3d81592596852252bbf,False,500,600,8.0,0.0,100,3000,1.49,0.0024833333333333335,1.49,0.0024833333333333335,3.92,0.006533333333333333,1,0.0016666666666666668,,873.54,,0.00319118
A,1.2,10,21730,d344cd79ba6f51e737dbe5ff4b556389b928e7085bd5ee9ae9ddc3334372a7f3,False,500,600,8.0,0.0,100,3000,2.86,0.0047666666666666664,2.86,0.0047666666666666664,5.3,0.008833333333333334,2,0.0033333333333333335,,932.35,,0.005910783333333333
A,1.2,11,23733,3bba770c518f7e188e93ed9f84338f94582857feeee5deb1b08f45b4d3494325,False,500,600,8.0,0.0,100,3000,1.0,0.0016666666666666668,1.0,0.0016666666666666668,3.96,0.0066,1,0.0016666666666666668,,341.76,,0.0021972533333333333
A,1.2,12,25736,ed09258602005c277e7faaabf77244f736681e8e94cfc2b99dfb414735263b1f,True,500,600,8.0,0.0,100,3000,0.0,0.0,0.0,0.0,0.0,0.0,0,0.0,1.0,217.93,217.93,-0.09992735666666668
A,1.2,13,27739,5358efb19444e9ca1337e6a91cac0a0bf19f0ba41f94a8206eb8d4b1c5c7f667,False,500,600,8.0,0.0,100,3000,2.36,0.003933333333333333,2.36,0.003933333333333333,5.3,0.008833333333333334,2,0.0033333333333333335,,758.06,,0.005019353333333333
A,1.2,14,29742,70044a0a96d5238e57f750b24ae3f8095e82b3c8e1597a9bb56d17aad082b75d,False,500,600,8.0,0.0,100,3000,1.64,0.0027333333333333333,1.64,0.0027333333333333333,4.57,0.007616666666666667,1,0.0016666666666666668,,420.09,,0.00329003
A,1.2,15,31745,3e7878f410def7d62f3dd65ddc530b8cda7bf923e8974170752484b08bc1611c,False,500,600,8.0,0.0,100,3000,1.07,0.0017833333333333334,1.07,0.0017833333333333334,3.23,0.005383333333333334,1,0.0016666666666666668,,598.01,,0.002399336666666667
A,1.2,16,33748,651f6d237eb3f6c3c19c627b8f42e468443477ff75012b18d2c14fbbfd2c2edf,True,500,600,8.0,0.0,100,3000,0.96,0.0015999999999999999,0.96,0.0015999999999999999,3.22,0.005366666666666667,0,0.0,0.04,269.52,735.0,-0.0023101600000000003
A,1.2,17,35751,df751b4a39788cd788947a4faf6dad7b2d2a191912bdc7f5a2a5d932b755cbc1,False,500,600,8.0,0.0,100,3000,2.0,0.0033333333333333335,2.0,0.0033333333333333335,4.81,0.008016666666666667,2,0.0033333333333333335,,426.63,,0.004308876666666667
A,1.2,18,37754,309a3f0b179914fc4d44542f7a5fa7a25100dc46b126999d83a5a8c4f4dfb1a2,False,500,600,8.0,0.0,100,3000,1.0,0.0016666666666666668,1.0,0.0016666666666666668,4.05,0.00675,1,0.0016666666666666668,,200.22,,0.0021500733333333333
A,1.2,19,39757,6ca2d893d357e6222af6d6744d455a09287e8f432ee4569741dc22fd147e637f,True,500,600,8.0,0.0,100,3000,0.4,0.0006666666666666668,0.4,0.0006666666666666668,1.35,0.0022500000000000003,0,0.0,0.61,991.5,1145.0,-0.06000283333333333
A,1.2,20,41760,c5841a04765dfc844d644a881f22c1ab9b87ad797f42f244210a24d2b49b2246,True,500,600,8.0,0.0,100,3000,0.01,1.6666666666666667e-05,0.01,1.6666666666666667e-05,0.03,4.9999999999999996e-05,0,0.0,0.99,434.12,437.73737373737373,-0.09883862666666668
A,1.2,21,43763,8f8adb312a98d2375b54828fbabff59932b9ea3e3906870a085ebb707bd7689b,True,500,600,8.0,0.0,100,3000,0.73,0.0012166666666666667,0.73,0.0012166666666666667,2.25,0.00375,0,0.0,0.27,492.19,952.2592592592592,-0.025619270000000003
A,1.2,22,45766,aa999d8a05a6521a5c6b2f035f876034928828a6f6c1f9b28f4eca4dbf40ef08,False,500,600,8.0,0.0,100,3000,2.18,0.0036333333333333335,2.18,0.0036333333333333335,4.35,0.0072499999999999995,2,0.0033333333333333335,,800.17,,0.00473339
A,1.2,23,47769,27f8863b01a77516c42eeb40dac09aa0a14207dcb396d706bb21bfb99cbbfb9f,True,500,600,8.0,0.0,100,3000,0.95,0.0015833333333333333,0.95,0.0015833333333333333,3.58,0.005966666666666667,0,0.0,0.05,347.72,1131.0,-0.003300760000000001
A,1.2,24,49772,3894bb0653e690843f3c6cd71b0b1c91a18996e24743aff1d3a356df14743dc9,False,500,600,8.0,0.0,100,3000,1.2,0.002,1.2,0.002,3.44,0.005733333333333333,1,0.0016666666666666668,,959.2,,0.0027364
A,1.2,25,51775,8d48d424dcf79cdc86e4ae8aeaf5811b23b37dc8c5bc47c1daefb53a680e8f47,True,500,600,8.0,0.0,100,3000,0.83,0.0013833333333333332,0.83,0.0013833333333333332,3.09,0.00515,0,0.0,0.17,285.77,1211.8823529411766,-0.015521410000000001
A,1.2,26,53778,db813954ccedf890dd33a71aab5ec9ae396c378a2e112ff6b0cd1035a4c4de3e,True,500,600,8.0,0.0,100,3000,0.0,0.0,0.0,0.0,0.0,0.0,0,0.0,1.0,112.55,112.55,-0.09996248333333334
A,1.2,27,55781,8cfe51a5a6ef051a69b48d051feebe17932eb75e66a19bd3aabb4877b2bb70cb,True,500,600,8.0,0.0,100,3000,0.08,0.00013333333333333334,0.08,0.00013333333333333334,0.18,0.0003,0,0.0,0.92,799.7,828.4782608695652,-0.09160010000000002
A,1.2,28,57784,43bf1ae940f48ba46da71ff48fbc108827cfdab30b880a818347646cdec6dee7,False,500,600,8.0,0.0,100,3000,1.52,0.002533333333333333,1.52,0.002533333333333333,3.81,0.00635,1,0.0016666666666666668,,610.42,,0.003153473333333333
A,1.2,29,59787,86cc1d37d5c5be935822c121cd6fcd10d34c25c123dcd77d08a9414a3fd7cd75,False,500,600,8.0,0.0,100,3000,2.1,0.0035,2.1,0.0035,4.53,0.00755,2,0.0033333333333333335,,1010.37,,0.004670123333333333
A,1.2,0,1700,3ea1fa01cc3da10f9f1678e3ec378035fb483e7ad907af7272e00f345fefe294,True,500,600,8.0,0.02,100,3000,0.08,0.00013333333333333334,0.08,0.00013333333333333334,0.27,0.00045000000000000004,0,0.0,0.93,769.89,790.2258064516129,-0.09261003666666669
A,1.2,1,3703,37714a28925a2687ce83e161ad3d7e5c5115cf093c9da52c36821dada33ae023,False,500,600,8.0,0.02,100,3000,2.49,0.00415,2.49,0.00415,5.26,0.008766666666666666,2,0.0033333333333333335,,664.73,,0.00520491
A,1.2,2,5706,833410b8e4a70b136dda7b89f3f0aac79596e6f8fdb43f851ddeb4fce8d5ee6f,False,500,600,8.0,0.02,100,3000,2.37,0.00395,2.37,0.00395,5.28,0.0088,2,0.0033333333333333335,,405.59,,0.004918530000000001
A,1.2,3,7709,ff45cf07b0db6431caf1ac127754bb58f3cd66d97b63a98b11d73e129bfdc154,False,500,600,8.0,0.02,100,3000,1.78,0.0029666666666666665,1.78,0.0029666666666666665,4.65,0.007750000000000001,1,0.0016666666666666668,,886.92,,0.0036789733333333335
A,1.2,4,9712,1136a3e30b479506765af8d183d1e027ee45abfa48525e78d8cbcc4b7c7337d5,False,500,600,8.0,0.02,100,3000,2.07,0.00345,2.07,0.00345,4.96,0.008266666666666667,1,0.0016666666666666668,,667.17,,0.004089056666666667
A,1.2,5,11715,14543b9f6b7ade3455cd172c107f42b6368fbcdbbd1c821c6a6741731dc999bb,True,500,600,8.0,0.02,100,3000,0.51,0.0008500000000000001,0.51,0.0008500000000000001,1.76,0.0029333333333333334,0,0.0,0.49,576.49,841.530612244898,-0.04795783666666666
A,1.2,6,13718,46636fa878f018a3a4254af5ba92a0a1ab3155960a91c43744de2d8c78df03f5,True,500,600,8.0,0.02,100,3000,0.33,0.00055,0.33,0.00055,1.3,0.0021666666666666666,0,0.0,0.67,810.13,1070.1194029850747,-0.06617995666666668
A,1.2,7,15721,68250a298d025f889db3dcc95f417ef7bcef2a6a7e93deec39af39648ec359b0,False,500,600,8.0,0.02,100,3000,3.54,0.0059,3.54,0.0059,6.08,0.010133333333333333,3,0.005,,568.98,,0.0073396600000000005
A,1.2,8,17724,049ae08fa4cba4b924929611ad2e498a9ee291c356920097338b16d4526a6dd9,True,500,600,8.0,0.02,100,3000,0.37,0.0006166666666666666,0.37,0.0006166666666666666,1.12,0.0018666666666666669,0,0.0,0.67,1175.9,1404.597014925373,-0.06599136666666668
A,1.2,9,19727,d5f82f16d0b7213e8e2f02ed43ca07d06f3892cbff83b3d81592596852252bbf,False,500,600,8.0,0.02,100,3000,1.49,0.0024833333333333335,1.49,0.0024833333333333335,4.01,0.006683333333333333,1,0.0016666666666666668,,946.66,,0.0032155533333333335
A,1.2,10,21730,d344cd79ba6f51e737dbe5ff4b556389b928e7085bd5ee9ae9ddc3334372a7f3,False,500,600,8.0,0.02,100,3000,2.87,0.004783333333333334,2.87,0.004783333333333334,5.38,0.008966666666666666,2,0.0033333333333333335,,1016.31,,0.005955436666666668
A,1.2,11,23733,3bba770c518f7e188e93ed9f84338f94582857feeee5deb1b08f45b4d3494325,False,500,600,8.0,0.02,100,3000,1.0,0.0016666666666666668,1.0,0.0016666666666666668,3.96,0.0066,1,0.0016666666666666668,,356.7,,0.002202233333333333
A,1.2,12,25736,ed09258602005c277e7faaabf77244f736681e8e94cfc2b99dfb414735263b1f,True,500,600,8.0,0.02,100,3000,0.0,0.0,0.0,0.0,0.0,0.0,0,0.0,1.0,240.62,240.62,-0.09991979333333334
A,1.2,13,27739,5358efb19444e9ca1337e6a91cac0a0bf19f0ba41f94a8206eb8d4b1c5c7f667,False,500,600,8.0,0.02,100,3000,2.4,0.004,2.4,0.004,5.43,0.009049999999999999,2,0.0033333333333333335,,666.91,,0.005055636666666667
A,1.2,14,29742,70044a0a96d5238e57f750b24ae3f8095e82b3c8e1597a9bb56d17aad082b75d,False,500,600,8.0,0.02,100,3000,1.58,0.0026333333333333334,1.58,0.0026333333333333334,4.67,0.007783333333333333,1,0.0016666666666666668,,492.17,,0.003214056666666667
A,1.2,15,31745,3e7878f410def7d62f3dd65ddc530b8cda7bf923e8974170752484b08bc1611c,False,500,600,8.0,0.02,100,3000,1.13,0.0018833333333333332,1.13,0.0018833333333333332,3.32,0.005533333333333333,1,0.0016666666666666668,,688.34,,0.0025294466666666666
A,1.2,16,33748,651f6d237eb3f6c3c19c627b8f42e468443477ff75012b18d2c14fbbfd2c2edf,True,500,600,8.0,0.02,100,3000,0.97,0.0016166666666666666,0.97,0.0016166666666666666,3.37,0.0056166666666666665,0,0.0,0.03,307.36,394.0,-0.00128088
A,1.2,17,35751,df751b4a39788cd788947a4faf6dad7b2d2a191912bdc7f5a2a5d932b755cbc1,False,500,600,8.0,0.02,100,3000,2.01,0.0033499999999999997,2.01,0.0033499999999999997,4.93,0.008216666666666666,2,0.0033333333333333335,,436.04,,0.00432868
A,1.2,18,37754,309a3f0b179914fc4d44542f7a5fa7a25100dc46b126999d83a5a8c4f4dfb1a2,False,500,600,8.0,0.02,100,3000,1.0,0.0016666666666666668,1.0,0.0016666666666666668,4.09,0.006816666666666666,1,0.0016666666666666668,,214.24,,0.0021547466666666667
A,1.2,19,39757,6ca2d893d357e6222af6d6744d455a09287e8f432ee4569741dc22fd147e637f,True,500,600,8.0,0.02,100,3000,0.46,0.0007666666666666667,0.46,0.0007666666666666667,1.65,0.00275,0,0.0,0.55,906.01,1132.5272727272727,-0.053931330000000006
A,1.2,20,41760,c5841a04765dfc844d644a881f22c1ab9b87ad797f42f244210a24d2b49b2246,True,500,600,8.0,0.02,100,3000,0.0,0.0,0.0,0.0,0.0,0.0,0,0.0,1.0,437.54,437.54,-0.09985415333333333
A,1.2,21,43763,8f8adb312a98d2375b54828fbabff59932b9ea3e3906870a085ebb707bd7689b,True,500,600,8.0,0.02,100,3000,0.76,0.0012666666666666666,0.76,0.0012666666666666666,2.54,0.004233333333333334,0,0.0,0.24,467.28,880.1666666666666,-0.022577573333333333
A,1.2,22,45766,aa999d8a05a6521a5c6b2f035f876034928828a6f6c1f9b28f4eca4dbf40ef08,False,500,600,8.0,0.02,100,3000,2.17,0.0036166666666666665,2.17,0.0036166666666666665,4.5,0.0075,2,0.0033333333333333335,,837.85,,0.004729283333333333
A,1.2,23,47769,27f8863b01a77516c42eeb40dac09aa0a14207dcb396d706bb21bfb99cbbfb9f,True,500,600,8.0,0.02,100,3000,0.98,0.0016333333333333332,0.98,0.0016333333333333332,3.8,0.006333333333333333,0,0.0,0.02,330.93,586.5,-0.0002563566666666668
A,1.2,24,49772,3894bb0653e690843f3c6cd71b0b1c91a18996e24743aff1d3a356df14743dc9,False,500,600,8.0,0.02,100,3000,1.21,0.0020166666666666666,1.21,0.0020166666666666666,3.54,0.0059,1,0.0016666666666666668,,982.76,,0.00276092
A,1.2,25,51775,8d48d424dcf79cdc86e4ae8aeaf5811b23b37dc8c5bc47c1daefb53a680e8f47,True,500,600,8.0,0.02,100,3000,0.84,0.0014,0.84,0.0014,3.1,0.005166666666666667,0,0.0,0.16,285.06,1263.125,-0.01450498
A,1.2,26,53778,db813954ccedf890dd33a71aab5ec9ae396c378a2e112ff6b0cd1035a4c4de3e,True,500,600,8.0,0.02,100,3000,0.0,0.0,0.0,0.0,0.0,0.0,0,0.0,1.0,111.45,111.45,-0.09996285
A,1.2,27,55781,8cfe51a5a6ef051a69b48d051feebe17932eb75e66a19bd3aabb4877b2bb70cb,True,500,600,8.0,0.02,100,3000,0.07,0.00011666666666666668,0.07,0.00011666666666666668,0.21,0.00035,0,0.0,0.93,754.99,766.0645161290323,-0.09263167000000001
A,1.2,28,57784,43bf1ae940f48ba46da71ff48fbc108827cfdab30b880a818347646cdec6dee7,False,500,600,8.0,0.02,100,3000,1.53,0.00255,1.53,0.00255,3.88,0.006466666666666667,1,0.0016666666666666668,,585.56,,0.0031618533333333337
A,1.2,29,59787,86cc1d37d5c5be935822c121cd6fcd10d34c25c123dcd77d08a9414a3fd7cd75,False,500,600,8.0,0.02,100,3000,2.14,0.0035666666666666668,2.14,0.0035666666666666668,4.71,0.00785,2,0.0033333333333333335,,941.81,,0.0047139366666666665
A,1.2,0,1700,3ea1fa01cc3da10f9f1678e3ec378035fb483e7ad907af7272e00f345fefe294,True,500,600,8.0,0.04,100,3000,0.12,0.00019999999999999998,0.12,0.00019999999999999998,0.46,0.0007666666666666667,0,0.0,0.88,795.18,838.6704545454545,-0.08753494
A,1.2,1,3703,37714a28925a2687ce83e161ad3d7e5c5115cf093c9da52c36821dada33ae023,False,500,600,8.0,0.04,100,3000,2.48,0.0041333333333333335,2.48,0.0041333333333333335,5.53,0.009216666666666666,2,0.0033333333333333335,,692.64,,0.005197546666666667
A,1.2,2,5706,833410b8e4a70b136dda7b89f3f0aac79596e6f8fdb43f851ddeb4fce8d5ee6f,False,500,600,8.0,0.04,100,3000,2.38,0.003966666666666666,2.38,0.003966666666666666,5.55,0.00925,2,0.0033333333333333335,,372.49,,0.004924163333333333
A,1.2,3,7709,ff45cf07b0db6431caf1ac127754bb58f3cd66d97b63a98b11d73e129bfdc154,False,500,600,8.0,0.04,100,3000,1.77,0.00295,1.77,0.00295,4.69,0.007816666666666668,1,0.0016666666666666668,,952.5,,0.0036841666666666668
A,1.2,4,9712,1136a3e30b479506765af8d183d1e027ee45abfa48525e78d8cbcc4b7c7337d5,False,500,600,8.0,0.04,100,3000,2.05,0.0034166666666666664,2.05,0.0034166666666666664,5.1,0.008499999999999999,1,0.0016666666666666668,,725.45,,0.00407515
A,1.2,5,11715,14543b9f6b7ade3455cd172c107f42b6368fbcdbbd1c821c6a6741731dc999bb,True,500,600,8.0,0.04,100,3000,0.52,0.0008666666666666667,0.52,0.0008666666666666667,2.05,0.0034166666666666664,0,0.0,0.48,566.03,796.1875,-0.04694465666666667
A,1.2,6,13718,46636fa878f018a3a4254af5ba92a0a1ab3155960a91c43744de2d8c78df03f5,True,500,600,8.0,0.04,100,3000,0.3,0.0005,0.3,0.0005,1.24,0.0020666666666666667,0,0.0,0.7,930.72,1200.4,-0.06918975999999999
A,1.2,7,15721,68250a298d025f889db3dcc95f417ef7bcef2a6a7e93deec39af39648ec359b0,False,500,600,8.0,0.04,100,3000,3.54,0.0059,3.54,0.0059,6.0,0.01,3,0.005,,652.3,,0.007367433333333334
A,1.2,8,17724,049ae08fa4cba4b924929611ad2e498a9ee291c356920097338b16d4526a6dd9,True,500,600,8.0,0.04,100,3000,0.42,0.0007,0.42,0.0007,1.42,0.0023666666666666667,0,0.0,0.6,956.78,1211.5333333333333,-0.058981073333333335
A,1.2,9,19727,d5f82f16d0b7213e8e2f02ed43ca07d06f3892cbff83b3d81592596852252bbf,False,500,600,8.0,0.04,100,3000,1.51,0.0025166666666666666,1.51,0.0025166666666666666,4.02,0.006699999999999999,1,0.0016666666666666668,,1013.55,,0.0032711833333333336
A,1.2,10,21730,d344cd79ba6f51e737dbe5ff4b556389b928e7085bd5ee9ae9ddc3334372a7f3,False,500,600,8.0,0.04,100,3000,2.87,0.004783333333333334,2.87,0.004783333333333334,5.44,0.009066666666666667,2,0.0033333333333333335,,1125.72,,0.005991906666666667
A,1.2,11,23733,3bba770c518f7e188e93ed9f84338f94582857feeee5deb1b08f45b4d3494325,False,500,600,8.0,0.04,100,3000,1.0,0.0016666666666666668,1.0,0.0016666666666666668,4.13,0.006883333333333333,1,0.0016666666666666668,,407.16,,0.0022190533333333335
A,1.2,12,25736,ed09258602005c277e7faaabf77244f736681e8e94cfc2b99dfb414735263b1f,True,500,600,8.0,0.04,100,3000,0.0,0.0,0.0,0.0,0.0,0.0,0,0.0,1.0,235.79,235.79,-0.09992140333333334
A,1.2,13,27739,5358efb19444e9ca1337e6a91cac0a0bf19f0ba41f94a8206eb8d4b1c5c7f667,False,500,600,8.0,0.04,100,3000,2.37,0.00395,2.37,0.00395,5.62,0.009366666666666667,2,0.0033333333333333335,,679.96,,0.005009986666666667
A,1.2,14,29742,70044a0a96d5238e57f750b24ae3f8095e82b3c8e1597a9bb56d17aad082b75d,False,500,600,8.0,0.04,100,3000,1.64,0.0027333333333333333,1.64,0.0027333333333333333,4.8,0.008,1,0.0016666666666666668,,417.36,,0.00328912
A,1.2,15,31745,3e7878f410def7d62f3dd65ddc530b8cda7bf923e8974170752484b08bc1611c,False,500,600,8.0,0.04,100,3000,1.11,0.00185,1.11,0.00185,3.5,0.005833333333333334,1,0.0016666666666666668,,748.19,,0.0025160633333333334
A,1.2,16,33748,651f6d237eb3f6c3c19c627b8f42e468443477ff75012b18d2c14fbbfd2c2edf,True,500,600,8.0,0.04,100,3000,0.98,0.0016333333333333332,0.98,0.0016333333333333332,3.54,0.0059,0,0.0,0.03,275.46,409.0,-0.0012748466666666668
A,1.2,17,35751,df751b4a39788cd788947a4faf6dad7b2d2a191912bdc7f5a2a5d932b755cbc1,False,500,600,8.0,0.04,100,3000,2.0,0.0033333333333333335,2.0,0.0033333333333333335,5.11,0.008516666666666667,2,0.0033333333333333335,,480.32,,0.004326773333333333
A,1.2,18,37754,309a3f0b179914fc4d44542f7a5fa7a25100dc46b126999d83a5a8c4f4dfb1a2,False,500,600,8.0,0.04,100,3000,1.0,0.0016666666666666668,1.0,0.0016666666666666668,4.24,0.007066666666666667,1,0.0016666666666666668,,206.21,,0.00215207
A,1.2,19,39757,6ca2d893d357e6222af6d6744d455a09287e8f432ee4569741dc22fd147e637f,True,500,600,8.0,0.04,100,3000,0.41,0.0006833333333333333,0.41,0.0006833333333333333,1.62,0.0027,0,0.0,0.59,1088.11,1271.4915254237287,-0.05795396333333333
A,1.2,20,41760,c5841a04765dfc844d644a881f22c1ab9b87ad797f42f244210a24d2b49b2246,True,500,600,8.0,0.04,100,3000,0.0,0.0,0.0,0.0,0.0,0.0,0,0.0,1.0,458.14,458.14,-0.09984728666666667
A,1.2,21,43763,8f8adb312a98d2375b54828fbabff59932b9ea3e3906870a085ebb707bd7689b,True,500,600,8.0,0.04,100,3000,0.75,0.00125,0.75,0.00125,2.52,0.0042,0,0.0,0.25,493.85,969.96,-0.023585383333333335
A,1.2,22,45766,aa999d8a05a6521a5c6b2f035f876034928828a6f6c1f9b28f4eca4dbf40ef08,False,500,600,8.0,0.04,100,3000,2.17,0.0036166666666666665,2.17,0.0036166666666666665,4.64,0.0077333333333333325,2,0.0033333333333333335,,849.89,,0.004733296666666667
A,1.2,23,47769,27f8863b01a77516c42eeb40dac09aa0a14207dcb396d706bb21bfb99cbbfb9f,True,500,600,8.0,0.04,100,3000,0.98,0.0016333333333333332,0.98,0.0016333333333333332,3.89,0.006483333333333333,0,0.0,0.02,342.97,586.5,-0.0002523433333333335
A,1.2,24,49772,3894bb0653e690843f3c6cd71b0b1c91a18996e24743aff1d3a356df14743dc9,False,500,600,8.0,0.04,100,3000,1.22,0.002033333333333333,1.22,0.002033333333333333,3.58,0.005966666666666667,1,0.0016666666666666668,,981.32,,0.0027771066666666664
A,1.2,25,51775,8d48d424dcf79cdc86e4ae8aeaf5811b23b37dc8c5bc47c1daefb53a680e8f47,True,500,600,8.0,0.04,100,3000,0.85,0.0014166666666666666,0.85,0.0014166666666666666,3.2,0.005333333333333334,0,0.0,0.15,265.88,1142.6,-0.013494706666666667
A,1.2,26,53778,db813954ccedf890dd33a71aab5ec9ae396c378a2e112ff6b0cd1035a4c4de3e,True,500,600,8.0,0.04,100,3000,0.0,0.0,0.0,0.0,0.0,0.0,0,0.0,1.0,122.28,122.28,-0.09995924
A,1.2,27,55781,8cfe51a5a6ef051a69b48d051feebe17932eb75e66a19bd3aabb4877b2bb70cb,True,500,600,8.0,0.04,100,3000,0.05,8.333333333333334e-05,0.05,8.333333333333334e-05,0.08,0.00013333333333333334,0,0.0,0.95,767.6,778.2631578947369,-0.0946608
A,1.2,28,57784,43bf1ae940f48ba46da71ff48fbc108827cfdab30b880a818347646cdec6dee7,False,500,600,8.0,0.04,100,3000,1.59,0.00265,1.59,0.00265,3.99,0.0066500000000000005,1,0.0016666666666666668,,558.55,,0.0032528500000000003
A,1.2,29,59787,86cc1d37d5c5be935822c121cd6fcd10d34c25c123dcd77d08a9414a3fd7cd75,False,500,600,8.0,0.04,100,3000,2.14,0.0035666666666666668,2.14,0.0035666666666666668,4.65,0.007750000000000001,2,0.0033333333333333335,,862.24,,0.004687413333333334
A,1.2,0,1700,3ea1fa01cc3da10f9f1678e3ec378035fb483e7ad907af7272e00f345fefe294,True,500,600,8.0,0.06,100,3000,0.12,0.00019999999999999998,0.12,0.00019999999999999998,0.49,0.0008166666666666666,0,0.0,0.88,837.9,887.3522727272727,-0.0875207
A,1.2,1,3703,37714a28925a2687ce83e161ad3d7e5c5115cf093c9da52c36821dada33ae023,False,500,600,8.0,0.06,100,3000,2.44,0.004066666666666666,2.44,0.004066666666666666,5.64,0.009399999999999999,2,0.0033333333333333335,,756.5,,0.005152166666666667
A,1.2,2,5706,833410b8e4a70b136dda7b89f3f0aac79596e6f8fdb43f851ddeb4fce8d5ee6f,False,500,600,8.0,0.06,100,3000,2.43,0.004050000000000001,2.43,0.004050000000000001,5.62,0.009366666666666667,2,0.0033333333333333335,,322.55,,0.004990850000000001
A,1.2,3,7709,ff45cf07b0db6431caf1ac127754bb58f3cd66d97b63a98b11d73e129bfdc154,False,500,600,8.0,0.06,100,3000,1.82,0.0030333333333333336,1.82,0.0030333333333333336,4.9,0.008166666666666668,1,0.0016666666666666668,,887.59,,0.003745863333333334
A,1.2,4,9712,1136a3e30b479506765af8d183d1e027ee45abfa48525e78d8cbcc4b7c7337d5,False,500,600,8.0,0.06,100,3000,2.1,0.0035,2.1,0.0035,5.38,0.008966666666666666,1,0.0016666666666666668,,607.14,,0.004119046666666667
A,1.2,5,11715,14543b9f6b7ade3455cd172c107f42b6368fbcdbbd1c821c6a6741731dc999bb,True,500,600,8.0,0.06,100,3000,0.5,0.0008333333333333334,0.5,0.0008333333333333334,2.07,0.00345,0,0.0,0.5,624.62,906.66,-0.04895846
A,1.2,6,13718,46636fa878f018a3a4254af5ba92a0a1ab3155960a91c43744de2d8c78df03f5,True,500,600,8.0,0.06,100,3000,0.31,0.0005166666666666667,0.31,0.0005166666666666667,1.25,0.0020833333333333333,0,0.0,0.69,967.55,1253.608695652174,-0.06816081666666667
A,1.2,7,15721,68250a298d025f889db3dcc95f417ef7bcef2a6a7e93deec39af39648ec359b0,False,500,600,8.0,0.06,100,3000,3.49,0.005816666666666667,3.49,0.005816666666666667,6.08,0.010133333333333333,3,0.005,,680.7,,0.007293566666666668
A,1.2,8,17724,049ae08fa4cba4b924929611ad2e498a9ee291c356920097338b16d4526a6dd9,True,500,600,8.0,0.06,100,3000,0.46,0.0007666666666666667,0.46,0.0007666666666666667,1.48,0.0024666666666666665,0,0.0,0.6,973.39,1215.2,-0.05890887
A,1.2,9,19727,d5f82f16d0b7213e8e2f02ed43ca07d06f3892cbff83b3d81592596852252bbf,False,500,600,8.0,0.06,100,3000,1.53,0.00255,1.53,0.00255,4.04,0.006733333333333333,1,0.0016666666666666668,,990.22,,0.0032967400000000003
A,1.2,10,21730,d344cd79ba6f51e737dbe5ff4b556389b928e7085bd5ee9ae9ddc3334372a7f3,False,500,600,8.0,0.06,100,3000,2.88,0.0048,2.88,0.0048,5.58,0.009300000000000001,2,0.0033333333333333335,,1015.78,,0.005971926666666666
A,1.2,11,23733,3bba770c518f7e188e93ed9f84338f94582857feeee5deb1b08f45b4d3494325,False,500,600,8.0,0.06,100,3000,1.0,0.0016666666666666668,1.0,0.0016666666666666668,4.17,0.00695,1,0.0016666666666666668,,335.5,,0.0021951666666666664
A,1.2,12,25736,ed09258602005c277e7faaabf77244f736681e8e94cfc2b99dfb414735263b1f,True,500,600,8.0,0.06,100,3000,0.0,0.0,0.0,0.0,0.0,0.0,0,0.0,1.0,231.13,231.13,-0.09992295666666667
A,1.2,13,27739,5358efb19444e9ca1337e6a91cac0a0bf19f0ba41f94a8206eb8d4b1c5c7f667,False,500,600,8.0,0.06,100,3000,2.42,0.004033333333333333,2.42,0.004033333333333333,5.69,0.009483333333333333,2,0.0033333333333333335,,639.2,,0.0050797333333333335
A,1.2,14,29742,70044a0a96d5238e57f750b24ae3f8095e82b3c8e1597a9bb56d17aad082b75d,False,500,600,8.0,0.06,100,3000,1.69,0.0028166666666666665,1.69,0.0028166666666666665,4.79,0.007983333333333334,1,0.0016666666666666668,,379.65,,0.0033598833333333333
A,1.2,15,31745,3e7878f410def7d62f3dd65ddc530b8cda7bf923e8974170752484b08bc1611c,False,500,600,8.0,0.06,100,3000,1.09,0.0018166666666666667,1.09,0.0018166666666666667,3.58,0.005966666666666667,1,0.0016666666666666668,,786.08,,0.00249536
A,1.2,16,33748,651f6d237eb3f6c3c19c627b8f42e468443477ff75012b18d2c14fbbfd2c2edf,True,500,600,8.0,0.06,100,3000,1.0,0.0016666666666666668,1.0,0.0016666666666666668,3.67,0.006116666666666667,0,0.0,0.01,281.83,478.0,0.0007606100000000001
A,1.2,17,35751,df751b4a39788cd788947a4faf6dad7b2d2a191912bdc7f5a2a5d932b755cbc1,False,500,600,8.0,0.06,100,3000,2.0,0.0033333333333333335,2.0,0.0033333333333333335,5.25,0.00875,2,0.0033333333333333335,,493.78,,0.00433126
A,1.2,18,37754,309a3f0b179914fc4d44542f7a5fa7a25100dc46b126999d83a5a8c4f4dfb1a2,False,500,600,8.0,0.06,100,3000,1.0,0.0016666666666666668,1.0,0.0016666666666666668,4.46,0.0074333333333333335,1,0.0016666666666666668,,226.92,,0.0021589733333333334
A,1.2,19,39757,6ca2d893d357e6222af6d6744d455a09287e8f432ee4569741dc22fd147e637f,True,500,600,8.0,0.06,100,3000,0.46,0.0007666666666666667,0.46,0.0007666666666666667,1.8,0.003,0,0.0,0.57,949.28,1061.4035087719299,-0.05591690666666666
A,1.2,20,41760,c5841a04765dfc844d644a881f22c1ab9b87ad797f42f244210a24d2b49b2246,True,500,600,8.0,0.06,100,3000,0.0,0.0,0.0,0.0,0.0,0.0,0,0.0,1.0,456.07,456.07,-0.09984797666666667
A,1.2,21,43763,8f8adb312a98d2375b54828fbabff59932b9ea3e3906870a085ebb707bd7689b,True,500,600,8.0,0.06,100,3000,0.73,0.0012166666666666667,0.73,0.0012166666666666667,2.52,0.0042,0,0.0,0.27,487.14,895.1851851851852,-0.025620953333333335
A,1.2,22,45766,aa999d8a05a6521a5c6b2f035f876034928828a6f6c1f9b28f4eca4dbf40ef08,False,500,600,8.0,0.06,100,3000,2.24,0.0037333333333333337,2.24,0.0037333333333333337,4.75,0.007916666666666667,2,0.0033333333333333335,,786.01,,0.00482867
A,1.2,23,47769,27f8863b01a77516c42eeb40dac09aa0a14207dcb396d706bb21bfb99cbbfb9f,True,500,600,8.0,0.06,100,3000,0.98,0.0016333333333333332,0.98,0.0016333333333333332,4.05,0.00675,0,0.0,0.02,381.19,1481.5,-0.0002396033333333335
A,1.2,24,49772,3894bb0653e690843f3c6cd71b0b1c91a18996e24743aff1d3a356df14743dc9,False,500,600,8.0,0.06,100,3000,1.26,0.0021,1.26,0.0021,3.56,0.005933333333333333,1,0.0016666666666666668,,860.39,,0.002803463333333333
A,1.2,25,51775,8d48d424dcf79cdc86e4ae8aeaf5811b23b37dc8c5bc47c1daefb53a680e8f47,True,500,600,8.0,0.06,100,3000,0.84,0.0014,0.84,0.0014,3.34,0.005566666666666667,0,0.0,0.16,281.38,1203.3125,-0.014506206666666667
A,1.2,26,53778,db813954ccedf890dd33a71aab5ec9ae396c378a2e112ff6b0cd1035a4c4de3e,True,500,600,8.0,0.06,100,3000,0.0,0.0,0.0,0.0,0.0,0.0,0,0.0,1.0,125.39,125.39,-0.09995820333333334
A,1.2,27,55781,8cfe51a5a6ef051a69b48d051feebe17932eb75e66a19bd3aabb4877b2bb70cb,True,500,600,8.0,0.06,100,3000,0.05,8.333333333333334e-05,0.05,8.333333333333334e-05,0.13,0.00021666666666666668,0,0.0,0.95,756.16,769.421052631579,-0.09466461333333333
A,1.2,28,57784,43bf1ae940f48ba46da71ff48fbc108827cfdab30b880a818347646cdec6dee7,False,500,600,8.0,0.06,100,3000,1.61,0.0026833333333333336,1.61,0.0026833333333333336,4.04,0.006733333333333333,1,0.0016666666666666668,,579.33,,0.00329311
A,1.2,29,59787,86cc1d37d5c5be935822c121cd6fcd10d34c25c123dcd77d08a9414a3fd7cd75,False,500,600,8.0,0.06,100,3000,2.14,0.0035666666666666668,2.14,0.0035666666666666668,4.74,0.0079,2,0.0033333333333333335,,937.59,,0.00471253
A,1.2,0,1700,3ea1fa01cc3da10f9f1678e3ec378035fb483e7ad907af7272e00f345fefe294,True,500,600,8.0,0.08,100,3000,0.13,0.00021666666666666668,0.13,0.00021666666666666668,0.47,0.0007833333333333333,0,0.0,0.87,858.22,899.2758620689655,-0.08649726
A,1.2,1,3703,37714a28925a2687ce83e161ad3d7e5c5115cf093c9da52c36821dada33ae023,False,500,600,8.0,0.08,100,3000,2.44,0.004066666666666666,2.44,0.004066666666666666,5.75,0.009583333333333333,2,0.0033333333333333335,,710.21,,0.005136736666666667
A,1.2,2,5706,833410b8e4a70b136dda7b89f3f0aac79596e6f8fdb43f851ddeb4fce8d5ee6f,False,500,600,8.0,0.08,100,3000,2.41,0.004016666666666667,2.41,0.004016666666666667,5.63,0.009383333333333334,2,0.0033333333333333335,,358.6,,0.004969533333333333
A,1.2,3,7709,ff45cf07b0db6431caf1ac127754bb58f3cd66d97b63a98b11d73e129bfdc154,False,500,600,8.0,0.08,100,3000,1.77,0.00295,1.77,0.00295,4.8,0.008,1,0.0016666666666666668,,904.89,,0.003668296666666667
A,1.2,4,9712,1136a3e30b479506765af8d183d1e027ee45abfa48525e78d8cbcc4b7c7337d5,False,500,600,8.0,0.08,100,3000,2.1,0.0035,2.1,0.0035,5.52,0.0092,1,0.0016666666666666668,,609.57,,0.004119856666666666
A,1.2,5,11715,14543b9f6b7ade3455cd172c107f42b6368fbcdbbd1c821c6a6741731dc999bb,True,500,600,8.0,0.08,100,3000,0.58,0.0009666666666666666,0.58,0.0009666666666666666,2.47,0.004116666666666667,0,0.0,0.42,509.2,764.6190476190476,-0.04086360000000001
A,1.2,6,13718,46636fa878f018a3a4254af5ba92a0a1ab3155960a91c43744de2d8c78df03f5,True,500,600,8.0,0.08,100,3000,0.36,0.0006,0.36,0.0006,1.58,0.0026333333333333334,0,0.0,0.64,929.06,1284.65625,-0.06309031333333333
A,1.2,7,15721,68250a298d025f889db3dcc95f417ef7bcef2a6a7e93deec39af39648ec359b0,False,500,600,8.0,0.08,100,3000,3.48,0.0058,3.48,0.0058,6.02,0.010033333333333333,3,0.005,,650.69,,0.0072668966666666664
A,1.2,8,17724,049ae08fa4cba4b924929611ad2e498a9ee291c356920097338b16d4526a6dd9,True,500,600,8.0,0.08,100,3000,0.45,0.00075,0.45,0.00075,1.59,0.00265,0,0.0,0.58,960.52,1077.6896551724137,-0.05692982666666666
A,1.2,9,19727,d5f82f16d0b7213e8e2f02ed43ca07d06f3892cbff83b3d81592596852252bbf,False,500,600,8.0,0.08,100,3000,1.56,0.0026,1.56,0.0026,4.29,0.00715,1,0.0016666666666666668,,848.31,,0.0032994366666666665
A,1.2,10,21730,d344cd79ba6f51e737dbe5ff4b556389b928e7085bd5ee9ae9ddc3334372a7f3,False,500,600,8.0,0.08,100,3000,2.9,0.004833333333333334,2.9,0.004833333333333334,5.72,0.009533333333333333,2,0.0033333333333333335,,1043.75,,0.006014583333333334
A,1.2,11,23733,3bba770c518f7e188e93ed9f84338f94582857feeee5deb1b08f45b4d3494325,False,500,600,8.0,0.08,100,3000,1.0,0.0016666666666666668,1.0,0.0016666666666666668,4.45,0.007416666666666667,1,0.0016666666666666668,,379.97,,0.00220999
A,1.2,12,25736,ed09258602005c277e7faaabf77244f736681e8e94cfc2b99dfb414735263b1f,True,500,600,8.0,0.08,100,3000,0.0,0.0,0.0,0.0,0.0,0.0,0,0.0,1.0,251.55,251.55,-0.09991615000000001
A,1.2,13,27739,5358efb19444e9ca1337e6a91cac0a0bf19f0ba41f94a8206eb8d4b1c5c7f667,False,500,600,8.0,0.08,100,3000,2.45,0.004083333333333334,2.45,0.004083333333333334,5.85,0.00975,2,0.0033333333333333335,,693.79,,0.00514793
A,1.2,14,29742,70044a0a96d5238e57f750b24ae3f8095e82b3c8e1597a9bb56d17aad082b75d,False,500,600,8.0,0.08,100,3000,1.78,0.0029666666666666665,1.78,0.0029666666666666665,5.08,0.008466666666666667,1,0.0016666666666666668,,299.0,,0.003483
A,1.2,15,31745,3e7878f410def7d62f3dd65ddc530b8cda7bf923e8974170752484b08bc1611c,False,500,600,8.0,0.08,100,3000,1.09,0.0018166666666666667,1.09,0.0018166666666666667,3.79,0.006316666666666667,1,0.0016666666666666668,,745.11,,0.002481703333333333
A,1.2,16,33748,651f6d237eb3f6c3c19c627b8f42e468443477ff75012b18d2c14fbbfd2c2edf,True,500,600,8.0,0.08,100,3000,1.0,0.0016666666666666668,1.0,0.0016666666666666668,3.71,0.006183333333333333,0,0.0,0.01,318.93,2272.0,0.0007729766666666667
A,1.2,17,35751,df751b4a39788cd788947a4faf6dad7b2d2a191912bdc7f5a2a5d932b755cbc1,False,500,600,8.0,0.08,100,3000,2.02,0.0033666666666666667,2.02,0.0033666666666666667,5.31,0.008849999999999998,2,0.0033333333333333335,,480.09,,0.00436003
A,1.2,18,37754,309a3f0b179914fc4d44542f7a5fa7a25100dc46b126999d83a5a8c4f4dfb1a2,False,500,600,8.0,0.08,100,3000,1.0,0.0016666666666666668,1.0,0.0016666666666666668,4.57,0.007616666666666667,1,0.0016666666666666668,,224.57,,0.00215819
A,1.2,19,39757,6ca2d893d357e6222af6d6744d455a09287e8f432ee4569741dc22fd147e637f,True,500,600,8.0,0.08,100,3000,0.45,0.00075,0.45,0.00075,1.74,0.0029,0,0.0,0.6,1055.72,1240.6166666666666,-0.05889809333333333
A,1.2,20,41760,c5841a04765dfc844d644a881f22c1ab9b87ad797f42f244210a24d2b49b2246,True,500,600,8.0,0.08,100,3000,0.0,0.0,0.0,0.0,0.0,0.0,0,0.0,1.0,454.98,454.98,-0.09984834000000001
A,1.2,21,43763,8f8adb312a98d2375b54828fbabff59932b9ea3e3906870a085ebb707bd7689b,True,500,600,8.0,0.08,100,3000,0.71,0.0011833333333333333,0.71,0.0011833333333333333,2.55,0.0042499999999999994,0,0.0,0.29,513.6,909.7241379310345,-0.027645466666666663
A,1.2,22,45766,aa999d8a05a6521a5c6b2f035f876034928828a6f6c1f9b28f4eca4dbf40ef08,False,500,600,8.0,0.08,100,3000,2.23,0.0037166666666666667,2.23,0.0037166666666666667,4.97,0.008283333333333334,2,0.0033333333333333335,,823.69,,0.004824563333333334
A,1.2,23,47769,27f8863b01a77516c42eeb40dac09aa0a14207dcb396d706bb21bfb99cbbfb9f,True,500,600,8.0,0.08,100,3000,0.99,0.00165,0.99,0.00165,4.17,0.00695,0,0.0,0.01,384.63,2700.0,0.00077821
A,1.2,24,49772,3894bb0653e690843f3c6cd71b0b1c91a18996e24743aff1d3a356df14743dc9,False,500,600,8.0,0.08,100,3000,1.25,0.0020833333333333333,1.25,0.0020833333333333333,3.62,0.006033333333333333,1,0.0016666666666666668,,934.89,,0.00281163
A,1.2,25,51775,8d48d424dcf79cdc86e4ae8aeaf5811b23b37dc8c5bc47c1daefb53a680e8f47,True,500,600,8.0,0.08,100,3000,0.82,0.0013666666666666666,0.82,0.0013666666666666666,3.36,0.0056,0,0.0,0.18,329.79,1275.7777777777778,-0.016523403333333332
A,1.2,26,53778,db813954ccedf890dd33a71aab5ec9ae396c378a2e112ff6b0cd1035a4c4de3e,True,500,600,8.0,0.08,100,3000,0.0,0.0,0.0,0.0,0.0,0.0,0,0.0,1.0,136.5,136.5,-0.0999545
A,1.2,27,55781,8cfe51a5a6ef051a69b48d051feebe17932eb75e66a19bd3aabb4877b2bb70cb,True,500,600,8.0,0.08,100,3000,0.03,4.9999999999999996e-05,0.03,4.9999999999999996e-05,0.08,0.00013333333333333334,0,0.0,0.97,786.98,800.7835051546392,-0.09668767333333333
A,1.2,28,57784,43bf1ae940f48ba46da71ff48fbc108827cfdab30b880a818347646cdec6dee7,False,500,600,8.0,0.08,100,3000,1.55,0.0025833333333333333,1.55,0.0025833333333333333,4.23,0.007050000000000001,1,0.0016666666666666668,,654.85,,0.0032182833333333333
A,1.2,29,59787,86cc1d37d5c5be935822c121cd6fcd10d34c25c123dcd77d08a9414a3fd7cd75,False,500,600,8.0,0.08,100,3000,2.16,0.0036000000000000003,2.16,0.0036000000000000003,4.89,0.00815,2,0.0033333333333333335,,942.48,,0.004747493333333333
A,1.2,0,1700,3ea1fa01cc3da10f9f1678e3ec378035fb483e7ad907af7272e00f345fefe294,True,500,600,8.0,0.12,100,3000,0.15,0.00025,0.15,0.00025,0.62,0.0010333333333333334,0,0.0,0.85,877.23,920.5176470588235,-0.08445759
A,1.2,1,3703,37714a28925a2687ce83e161ad3d7e5c5115cf093c9da52c36821dada33ae023,False,500,600,8.0,0.12,100,3000,2.51,0.004183333333333333,2.51,0.004183333333333333,5.88,0.0098,2,0.0033333333333333335,,692.56,,0.00524752
A,1.2,2,5706,833410b8e4a70b136dda7b89f3f0aac79596e6f8fdb43f851ddeb4fce8d5ee6f,False,500,600,8.0,0.12,100,3000,2.46,0.0041,2.46,0.0041,5.88,0.0098,2,0.0033333333333333335,,286.0,,0.005028666666666667
A,1.2,3,7709,ff45cf07b0db6431caf1ac127754bb58f3cd66d97b63a98b11d73e129bfdc154,False,500,600,8.0,0.12,100,3000,1.78,0.0029666666666666665,1.78,0.0029666666666666665,5.16,0.0086,1,0.0016666666666666668,,892.5,,0.0036808333333333333
A,1.2,4,9712,1136a3e30b479506765af8d183d1e027ee45abfa48525e78d8cbcc4b7c7337d5,False,500,600,8.0,0.12,100,3000,2.09,0.003483333333333333,2.09,0.003483333333333333,5.65,0.009416666666666667,1,0.0016666666666666668,,722.69,,0.004140896666666666
A,1.2,5,11715,14543b9f6b7ade3455cd172c107f42b6368fbcdbbd1c821c6a6741731dc999bb,True,500,600,8.0,0.12,100,3000,0.56,0.0009333333333333334,0.56,0.0009333333333333334,2.44,0.004066666666666666,0,0.0,0.44,522.32,750.5681818181819,-0.04289256
A,1.2,6,13718,46636fa878f018a3a4254af5ba92a0a1ab3155960a91c43744de2d8c78df03f5,True,500,600,8.0,0.12,100,3000,0.41,0.0006833333333333333,0.41,0.0006833333333333333,1.95,0.00325,0,0.0,0.59,867.77,1176.7288135593221,-0.058027409999999995
A,1.2,7,15721,68250a298d025f889db3dcc95f417ef7bcef2a6a7e93deec39af39648ec359b0,False,500,600,8.0,0.12,100,3000,3.47,0.005783333333333334,3.47,0.005783333333333334,6.33,0.01055,3,0.005,,702.5,,0.0072675000000000005
A,1.2,8,17724,049ae08fa4cba4b924929611ad2e498a9ee291c356920097338b16d4526a6dd9,True,500,600,8.0,0.12,100,3000,0.43,0.0007166666666666667,0.43,0.0007166666666666667,1.6,0.002666666666666667,0,0.0,0.61,1178.8,1386.8524590163934,-0.0598904
A,1.2,9,19727,d5f82f16d0b7213e8e2f02ed43ca07d06f3892cbff83b3d81592596852252bbf,False,500,600,8.0,0.12,100,3000,1.6,0.002666666666666667,1.6,0.002666666666666667,4.65,0.007750000000000001,1,0.0016666666666666668,,864.67,,0.003371556666666667
A,1.2,10,21730,d344cd79ba6f51e737dbe5ff4b556389b928e7085bd5ee9ae9ddc3334372a7f3,False,500,600,8.0,0.12,100,3000,2.92,0.004866666666666667,2.92,0.004866666666666667,5.98,0.009966666666666667,2,0.0033333333333333335,,934.3,,0.006011433333333333
A,1.2,11,23733,3bba770c518f7e188e93ed9f84338f94582857feeee5deb1b08f45b4d3494325,False,500,600,8.0,0.12,100,3000,1.0,0.0016666666666666668,1.0,0.0016666666666666668,4.62,0.0077,1,0.0016666666666666668,,452.26,,0.0022340866666666665
A,1.2,12,25736,ed09258602005c277e7faaabf77244f736681e8e94cfc2b99dfb414735263b1f,True,500,600,8.0,0.12,100,3000,0.0,0.0,0.0,0.0,0.0,0.0,0,0.0,1.0,330.48,330.48,-0.09988984000000001
A,1.2,13,27739,5358efb19444e9ca1337e6a91cac0a0bf19f0ba41f94a8206eb8d4b1c5c7f667,False,500,600,8.0,0.12,100,3000,2.49,0.00415,2.49,0.00415,6.23,0.010383333333333335,2,0.0033333333333333335,,551.31,,0.005167103333333333
A,1.2,14,29742,70044a0a96d5238e57f750b24ae3f8095e82b3c8e1597a9bb56d17aad082b75d,False,500,600,8.0,0.12,100,3000,1.64,0.0027333333333333333,1.64,0.0027333333333333333,5.12,0.008533333333333334,1,0.0016666666666666668,,348.55,,0.0032661833333333334
A,1.2,15,31745,3e7878f410def7d62f3dd65ddc530b8cda7bf923e8974170752484b08bc1611c,False,500,600,8.0,0.12,100,3000,1.16,0.0019333333333333331,1.16,0.0019333333333333331,4.26,0.0070999999999999995,1,0.0016666666666666668,,673.61,,0.0025745366666666664
A,1.2,16,33748,651f6d237eb3f6c3c19c627b8f42e468443477ff75012b18d2c14fbbfd2c2edf,True,500,600,8.0,0.12,100,3000,0.98,0.0016333333333333332,0.98,0.0016333333333333332,3.97,0.006616666666666667,0,0.0,0.02,317.11,156.0,-0.0002609633333333335
A,1.2,17,35751,df751b4a39788cd788947a4faf6dad7b2d2a191912bdc7f5a2a5d932b755cbc1,False,500,600,8.0,0.12,100,3000,2.01,0.0033499999999999997,2.01,0.0033499999999999997,5.51,0.009183333333333333,2,0.0033333333333333335,,512.43,,0.004354143333333334
A,1.2,18,37754,309a3f0b179914fc4d44542f7a5fa7a25100dc46b126999d83a5a8c4f4dfb1a2,False,500,600,8.0,0.12,100,3000,1.0,0.0016666666666666668,1.0,0.0016666666666666668,5.11,0.008516666666666667,1,0.0016666666666666668,,253.28,,0.00216776
A,1.2,19,39757,6ca2d893d357e6222af6d6744d455a09287e8f432ee4569741dc22fd147e637f,True,500,600,8.0,0.12,100,3000,0.44,0.0007333333333333333,0.44,0.0007333333333333333,1.88,0.003133333333333333,0,0.0,0.57,1147.76,1319.561403508772,-0.055884079999999996
A,1.2,20,41760,c5841a04765dfc844d644a881f22c1ab9b87ad797f42f244210a24d2b49b2246,True,500,600,8.0,0.12,100,3000,0.01,1.6666666666666667e-05,0.01,1.6666666666666667e-05,0.04,6.666666666666667e-05,0,0.0,0.99,575.71,580.1717171717172,-0.09879143000000001
A,1.2,21,43763,8f8adb312a98d2375b54828fbabff59932b9ea3e3906870a085ebb707bd7689b,True,500,600,8.0,0.12,100,3000,0.74,0.0012333333333333332,0.74,0.0012333333333333332,2.71,0.004516666666666666,0,0.0,0.26,519.97,945.3846153846154,-0.024593343333333337
A,1.2,22,45766,aa999d8a05a6521a5c6b2f035f876034928828a6f6c1f9b28f4eca4dbf40ef08,False,500,600,8.0,0.12,100,3000,2.19,0.00365,2.19,0.00365,5.19,0.008650000000000001,2,0.0033333333333333335,,926.42,,0.004792139999999999
A,1.2,23,47769,27f8863b01a77516c42eeb40dac09aa0a14207dcb396d706bb21bfb99cbbfb9f,True,500,600,8.0,0.12,100,3000,1.0,0.0016666666666666668,1.0,0.0016666666666666668,4.4,0.007333333333333334,1,0.0016666666666666668,0.0,346.99,,0.0021989966666666667
A,1.2,24,49772,3894bb0653e690843f3c6cd71b0b1c91a18996e24743aff1d3a356df14743dc9,False,500,600,8.0,0.12,100,3000,1.24,0.0020666666666666667,1.24,0.0020666666666666667,3.74,0.006233333333333334,1,0.0016666666666666668,,926.24,,0.00279208
A,1.2,25,51775,8d48d424dcf79cdc86e4ae8aeaf5811b23b37dc8c5bc47c1daefb53a680e8f47,True,500,600,8.0,0.12,100,3000,0.84,0.0014,0.84,0.0014,3.74,0.006233333333333334,0,0.0,0.16,328.25,1349.625,-0.014490583333333333
A,1.2,26,53778,db813954ccedf890dd33a71aab5ec9ae396c378a2e112ff6b0cd1035a4c4de3e,True,500,600,8.0,0.12,100,3000,0.0,0.0,0.0,0.0,0.0,0.0,0,0.0,1.0,143.6,143.6,-0.09995213333333335
A,1.2,27,55781,8cfe51a5a6ef051a69b48d051feebe17932eb75e66a19bd3aabb4877b2bb70cb,True,500,600,8.0,0.12,100,3000,0.07,0.00011666666666666668,0.07,0.00011666666666666668,0.25,0.0004166666666666667,0,0.0,0.93,806.36,829.2150537634409,-0.09261454666666667
A,1.2,28,57784,43bf1ae940f48ba46da71ff48fbc108827cfdab30b880a818347646cdec6dee7,False,500,600,8.0,0.12,100,3000,1.63,0.0027166666666666663,1.63,0.0027166666666666663,4.64,0.0077333333333333325,1,0.0016666666666666668,,700.93,,0.003366976666666666
A,1.2,29,59787,86cc1d37d5c5be935822c121cd6fcd10d34c25c123dcd77d08a9414a3fd7cd75,False,500,600,8.0,0.12,100,3000,2.15,0.0035833333333333333,2.15,0.0035833333333333333,5.13,0.00855,2,0.0033333333333333335,,866.73,,0.004705576666666667
A,1.2,0,1700,3ea1fa01cc3da10f9f1678e3ec378035fb483e7ad907af7272e00f345fefe294,True,500,600,12.0,0.0,100,3000,0.14,0.00023333333333333336,0.14,0.00023333333333333336,0.57,0.0009499999999999999,0,0.0,0.86,706.52,749.3023255813954,-0.08553116000000001
A,1.2,1,3703,37714a28925a2687ce83e161ad3d7e5c5115cf093c9da52c36821dada33ae023,False,500,600,12.0,0.0,100,3000,2.53,0.004216666666666666,2.53,0.004216666666666666,5.12,0.008533333333333334,2,0.0033333333333333335,,635.77,,0.005261923333333333
A,1.2,2,5706,833410b8e4a70b136dda7b89f3f0aac79596e6f8fdb43f851ddeb4fce8d5ee6f,False,500,600,12.0,0.0,100,3000,2.37,0.00395,2.37,0.00395,5.23,0.008716666666666668,2,0.0033333333333333335,,390.11,,0.00491337
A,1.2,3,7709,ff45cf07b0db6431caf1ac127754bb58f3cd66d97b63a98b11d73e129bfdc154,False,500,600,12.0,0.0,100,3000,1.7,0.002833333333333333,1.7,0.002833333333333333,4.55,0.007583333333333333,1,0.0016666666666666668,,940.39,,0.0035634633333333334
A,1.2,4,9712,1136a3e30b479506765af8d183d1e027ee45abfa48525e78d8cbcc4b7c7337d5,False,500,600,12.0,0.0,100,3000,2.16,0.0036000000000000003,2.16,0.0036000000000000003,4.77,0.007949999999999999,1,0.0016666666666666668,,664.36,,0.00423812
A,1.2,5,11715,14543b9f6b7ade3455cd172c107f42b6368fbcdbbd1c821c6a6741731dc999bb,True,500,600,12.0,0.0,100,3000,0.46,0.0007666666666666667,0.46,0.0007666666666666667,1.52,0.002533333333333333,0,0.0,0.54,542.01,732.4074074074074,-0.05305266333333334
A,1.2,6,13718,46636fa878f018a3a4254af5ba92a0a1ab3155960a91c43744de2d8c78df03f5,True,500,600,12.0,0.0,100,3000,0.36,0.0006,0.36,0.0006,1.42,0.0023666666666666667,0,0.0,0.64,785.36,1076.828125,-0.06313821333333333
A,1.2,7,15721,68250a298d025f889db3dcc95f417ef7bcef2a6a7e93deec39af39648ec359b0,False,500,600,12.0,0.0,100,3000,3.49,0.005816666666666667,3.49,0.005816666666666667,5.98,0.009966666666666667,3,0.005,,587.97,,0.007262656666666667
A,1.2,8,17724,049ae08fa4cba4b924929611ad2e498a9ee291c356920097338b16d4526a6dd9,True,500,600,12.0,0.0,100,3000,0.39,0.00065,0.39,0.00065,1.08,0.0018000000000000002,0,0.0,0.66,1029.89,1255.8939393939395,-0.06500670333333333
A,1.2,9,19727,d5f82f16d0b7213e8e2f02ed43ca07d06f3892cbff83b3d81592596852252bbf,False,500,600,12.0,0.0,100,3000,1.5,0.0025,1.5,0.0025,3.9,0.0065,1,0.0016666666666666668,,854.36,,0.0032014533333333335
A,1.2,10,21730,d344cd79ba6f51e737dbe5ff4b556389b928e7085bd5ee9ae9ddc3334372a7f3,False,500,600,12.0,0.0,100,3000,2.87,0.004783333333333334,2.87,0.004783333333333334,5.31,0.008849999999999998,2,0.0033333333333333335,,931.81,,0.005927270000000001
A,1.2,11,23733,3bba770c518f7e188e93ed9f84338f94582857feeee5deb1b08f45b4d3494325,False,500,600,12.0,0.0,100,3000,1.0,0.0016666666666666668,1.0,0.0016666666666666668,3.97,0.006616666666666667,1,0.0016666666666666668,,341.71,,0.0021972366666666667
A,1.2,12,25736,ed09258602005c277e7faaabf77244f736681e8e94cfc2b99dfb414735263b1f,True,500,600,12.0,0.0,100,3000,0.0,0.0,0.0,0.0,0.0,0.0,0,0.0,1.0,217.93,217.93,-0.09992735666666668
A,1.2,13,27739,5358efb19444e9ca1337e6a91cac0a0bf19f0ba41f94a8206eb8d4b1c5c7f667,False,500,600,12.0,0.0,100,3000,2.36,0.003933333333333333,2.36,0.003933333333333333,5.29,0.008816666666666667,2,0.0033333333333333335,,756.84,,0.005018946666666666
A,1.2,14,29742,70044a0a96d5238e57f750b24ae3f8095e82b3c8e1597a9bb56d17aad082b75d,False,500,600,12.0,0.0,100,3000,1.64,0.0027333333333333333,1.64,0.0027333333333333333,4.57,0.007616666666666667,1,0.0016666666666666668,,420.09,,0.00329003
A,1.2,15,31745,3e7878f410def7d62f3dd65ddc530b8cda7bf923e8974170752484b08bc1611c,False,500,600,12.0,0.0,100,3000,1.08,0.0018000000000000002,1.08,0.0018000000000000002,3.21,0.00535,1,0.0016666666666666668,,589.58,,0.0024131933333333333
A,1.2,16,33748,651f6d237eb3f6c3c19c627b8f42e468443477ff75012b18d2c14fbbfd2c2edf,True,500,600,12.0,0.0,100,3000,0.96,0.0015999999999999999,0.96,0.0015999999999999999,3.21,0.00535,0,0.0,0.04,269.47,735.0,-0.002310176666666667
A,1.2,17,35751,df751b4a39788cd788947a4faf6dad7b2d2a191912bdc7f5a2a5d932b755cbc1,False,500,600,12.0,0.0,100,3000,2.0,0.0033333333333333335,2.0,0.0033333333333333335,4.81,0.008016666666666667,2,0.0033333333333333335,,426.75,,0.004308916666666667
A,1.2,18,37754,309a3f0b179914fc4d44542f7a5fa7a25100dc46b126999d83a5a8c4f4dfb1a2,False,500,600,12.0,0.0,100,3000,1.0,0.0016666666666666668,1.0,0.0016666666666666668,4.05,0.00675,1,0.0016666666666666668,,199.83,,0.0021499433333333332
A,1.2,19,39757,6ca2d893d357e6222af6d6744d455a09287e8f432ee4569741dc22fd147e637f,True,500,600,12.0,0.0,100,3000,0.41,0.0006833333333333333,0.41,0.0006833333333333333,1.34,0.0022333333333333333,0,0.0,0.6,959.23,1108.7333333333333,-0.05899692333333333
A,1.2,20,41760,c5841a04765dfc844d644a881f22c1ab9b87ad797f42f244210a24d2b49b2246,True,500,600,12.0,0.0,100,3000,0.01,1.6666666666666667e-05,0.01,1.6666666666666667e-05,0.03,4.9999999999999996e-05,0,0.0,0.99,432.29,435.8888888888889,-0.09883923666666668
A,1.2,21,43763,8f8adb312a98d2375b54828fbabff59932b9ea3e3906870a085ebb707bd7689b,True,500,600,12.0,0.0,100,3000,0.73,0.0012166666666666667,0.73,0.0012166666666666667,2.24,0.0037333333333333337,0,0.0,0.27,492.19,952.2592592592592,-0.025619270000000003
A,1.2,22,45766,aa999d8a05a6521a5c6b2f035f876034928828a6f6c1f9b28f4eca4dbf40ef08,False,500,600,12.0,0.0,100,3000,2.18,0.0036333333333333335,2.18,0.0036333333333333335,4.32,0.007200000000000001,2,0.0033333333333333335,,781.46,,0.004727153333333334
A,1.2,23,47769,27f8863b01a77516c42eeb40dac09aa0a14207dcb396d706bb21bfb99cbbfb9f,True,500,600,12.0,0.0,100,3000,0.95,0.0015833333333333333,0.95,0.0015833333333333333,3.63,0.00605,0,0.0,0.05,346.83,1131.0,-0.0033010566666666677
A,1.2,24,49772,3894bb0653e690843f3c6cd71b0b1c91a18996e24743aff1d3a356df14743dc9,False,500,600,12.0,0.0,100,3000,1.2,0.002,1.2,0.002,3.42,0.0057,1,0.0016666666666666668,,959.55,,0.002736516666666667
A,1.2,25,51775,8d48d424dcf79cdc86e4ae8aeaf5811b23b37dc8c5bc47c1daefb53a680e8f47,True,500,600,12.0,0.0,100,3000,0.83,0.0013833333333333332,0.83,0.0013833333333333332,3.06,0.0051,0,0.0,0.17,285.32,1211.8823529411766,-0.01552156
A,1.2,26,53778,db813954ccedf890dd33a71aab5ec9ae396c378a2e112ff6b0cd1035a4c4de3e,True,500,600,12.0,0.0,100,3000,0.0,0.0,0.0,0.0,0.0,0.0,0,0.0,1.0,114.12,114.12,-0.09996196
A,1.2,27,55781,8cfe51a5a6ef051a69b48d051feebe17932eb75e66a19bd3aabb4877b2bb70cb,True,500,600,12.0,0.0,100,3000,0.07,0.00011666666666666668,0.07,0.00011666666666666668,0.13,0.00021666666666666668,0,0.0,0.93,813.95,841.0,-0.09261201666666669
A,1.2,28,57784,43bf1ae940f48ba46da71ff48fbc108827cfdab30b880a818347646cdec6dee7,False,500,600,12.0,0.0,100,3000,1.53,0.00255,1.53,0.00255,3.82,0.006366666666666666,1,0.0016666666666666668,,582.1,,0.0031607000000000002
A,1.2,29,59787,86cc1d37d5c5be935822c121cd6fcd10d34c25c123dcd77d08a9414a3fd7cd75,False,500,600,12.0,0.0,100,3000,2.1,0.0035,2.1,0.0035,4.51,0.007516666666666666,2,0.0033333333333333335,,1010.37,,0.004670123333333333
A,1.2,0,1700,3ea1fa01cc3da10f9f1678e3ec378035fb483e7ad907af7272e00f345fefe294,True,500,600,12.0,0.02,100,3000,0.1,0.0001666666666666667,0.1,0.0001666666666666667,0.34,0.0005666666666666667,0,0.0,0.91,743.61,772.6813186813187,-0.09058546333333335
A,1.2,1,3703,37714a28925a2687ce83e161ad3d7e5c5115cf093c9da52c36821dada33ae023,False,500,600,12.0,0.02,100,3000,2.5,0.004166666666666667,2.5,0.004166666666666667,5.24,0.008733333333333334,2,0.0033333333333333335,,663.74,,0.005221246666666667
A,1.2,2,5706,833410b8e4a70b136dda7b89f3f0aac79596e6f8fdb43f851ddeb4fce8d5ee6f,False,500,600,12.0,0.02,100,3000,2.37,0.00395,2.37,0.00395,5.25,0.00875,2,0.0033333333333333335,,405.35,,0.00491845
A,1.2,3,7709,ff45cf07b0db6431caf1ac127754bb58f3cd66d97b63a98b11d73e129bfdc154,False,500,600,12.0,0.02,100,3000,1.79,0.0029833333333333335,1.79,0.0029833333333333335,4.67,0.007783333333333333,1,0.0016666666666666668,,876.4,,0.0036921333333333334
A,1.2,4,9712,1136a3e30b479506765af8d183d1e027ee45abfa48525e78d8cbcc4b7c7337d5,False,500,600,12.0,0.02,100,3000,2.08,0.003466666666666667,2.08,0.003466666666666667,4.93,0.008216666666666666,1,0.0016666666666666668,,644.84,,0.00409828
A,1.2,5,11715,14543b9f6b7ade3455cd172c107f42b6368fbcdbbd1c821c6a6741731dc999bb,True,500,600,12.0,0.02,100,3000,0.52,0.0008666666666666667,0.52,0.0008666666666666667,1.76,0.0029333333333333334,0,0.0,0.48,560.89,815.6458333333334,-0.04694637
A,1.2,6,13718,46636fa878f018a3a4254af5ba92a0a1ab3155960a91c43744de2d8c78df03f5,True,500,600,12.0,0.02,100,3000,0.34,0.0005666666666666667,0.34,0.0005666666666666667,1.34,0.0022333333333333333,0,0.0,0.66,792.3,1048.2424242424242,-0.06516923333333334
A,1.2,7,15721,68250a298d025f889db3dcc95f417ef7bcef2a6a7e93deec39af39648ec359b0,False,500,600,12.0,0.02,100,3000,3.54,0.0059,3.54,0.0059,6.06,0.0101,3,0.005,,568.98,,0.0073396600000000005
A,1.2,8,17724,049ae08fa4cba4b924929611ad2e498a9ee291c356920097338b16d4526a6dd9,True,500,600,12.0,0.02,100,3000,0.37,0.0006166666666666666,0.37,0.0006166666666666666,1.1,0.0018333333333333335,0,0.0,0.67,1171.91,1403.5223880597016,-0.06599269666666667
A,1.2,9,19727,d5f82f16d0b7213e8e2f02ed43ca07d06f3892cbff83b3d81592596852252bbf,False,500,600,12.0,0.02,100,3000,1.5,0.0025,1.5,0.0025,3.98,0.006633333333333333,1,0.0016666666666666668,,925.98,,0.003225326666666667
A,1.2,10,21730,d344cd79ba6f51e737dbe5ff4b556389b928e7085bd5ee9ae9ddc3334372a7f3,False,500,600,12.0,0.02,100,3000,2.88,0.0048,2.88,0.0048,5.39,0.008983333333333333,2,0.0033333333333333335,,1025.61,,0.005975203333333333
A,1.2,11,23733,3bba770c518f7e188e93ed9f84338f94582857feeee5deb1b08f45b4d3494325,False,500,600,12.0,0.02,100,3000,1.0,0.0016666666666666668,1.0,0.0016666666666666668,4.01,0.006683333333333333,1,0.0016666666666666668,,356.7,,0.002202233333333333
A,1.2,12,25736,ed09258602005c277e7faaabf77244f736681e8e94cfc2b99dfb414735263b1f,True,500,600,12.0,0.02,100,3000,0.0,0.0,0.0,0.0,0.0,0.0,0,0.0,1.0,243.39,243.39,-0.09991887
A,1.2,13,27739,5358efb19444e9ca1337e6a91cac0a0bf19f0ba41f94a8206eb8d4b1c5c7f667,False,500,600,12.0,0.02,100,3000,2.4,0.004,2.4,0.004,5.42,0.009033333333333332,2,0.0033333333333333335,,667.06,,0.0050556866666666665
A,1.2,14,29742,70044a0a96d5238e57f750b24ae3f8095e82b3c8e1597a9bb56d17aad082b75d,False,500,600,12.0,0.02,100,3000,1.58,0.0026333333333333334,1.58,0.0026333333333333334,4.66,0.0077666666666666665,1,0.0016666666666666668,,492.17,,0.003214056666666667
A,1.2,15,31745,3e7878f410def7d62f3dd65ddc530b8cda7bf923e8974170752484b08bc1611c,False,500,600,12.0,0.02,100,3000,1.14,0.0018999999999999998,1.14,0.0018999999999999998,3.29,0.005483333333333333,1,0.0016666666666666668,,679.34,,0.002543113333333333
A,1.2,16,33748,651f6d237eb3f6c3c19c627b8f42e468443477ff75012b18d2c14fbbfd2c2edf,True,500,600,12.0,0.02,100,3000,0.96,0.0015999999999999999,0.96,0.0015999999999999999,3.3,0.0055,0,0.0,0.04,309.26,976.5,-0.0022969133333333334
A,1.2,17,35751,df751b4a39788cd788947a4faf6dad7b2d2a191912bdc7f5a2a5d932b755cbc1,False,500,600,12.0,0.02,100,3000,2.01,0.0033499999999999997,2.01,0.0033499999999999997,4.92,0.0082,2,0.0033333333333333335,,443.45,,0.00433115
A,1.2,18,37754,309a3f0b179914fc4d44542f7a5fa7a25100dc46b126999d83a5a8c4f4dfb1a2,False,500,600,12.0,0.02,100,3000,1.0,0.0016666666666666668,1.0,0.0016666666666666668,4.09,0.006816666666666666,1,0.0016666666666666668,,213.85,,0.0021546166666666666
A,1.2,19,39757,6ca2d893d357e6222af6d6744d455a09287e8f432ee4569741dc22fd147e637f,True,500,600,12.0,0.02,100,3000,0.46,0.0007666666666666667,0.46,0.0007666666666666667,1.61,0.0026833333333333336,0,0.0,0.55,911.87,1153.6727272727273,-0.053929376666666674
A,1.2,20,41760,c5841a04765dfc844d644a881f22c1ab9b87ad797f42f244210a24d2b49b2246,True,500,600,12.0,0.02,100,3000,0.0,0.0,0.0,0.0,0.0,0.0,0,0.0,1.0,437.18,437.18,-0.09985427333333334
A,1.2,21,43763,8f8adb312a98d2375b54828fbabff59932b9ea3e3906870a085ebb707bd7689b,True,500,600,12.0,0.02,100,3000,0.76,0.0012666666666666666,0.76,0.0012666666666666666,2.53,0.004216666666666666,0,0.0,0.24,483.13,946.5,-0.022572290000000002
A,1.2,22,45766,aa999d8a05a6521a5c6b2f035f876034928828a6f6c1f9b28f4eca4dbf40ef08,False,500,600,12.0,0.02,100,3000,2.17,0.0036166666666666665,2.17,0.0036166666666666665,4.47,0.007449999999999999,2,0.0033333333333333335,,837.85,,0.004729283333333333
A,1.2,23,47769,27f8863b01a77516c42eeb40dac09aa0a14207dcb396d706bb21bfb99cbbfb9f,True,500,600,12.0,0.02,100,3000,0.98,0.0016333333333333332,0.98,0.0016333333333333332,3.83,0.006383333333333334,0,0.0,0.02,332.28,586.5,-0.00025590666666666683
A,1.2,24,49772,3894bb0653e690843f3c6cd71b0b1c91a18996e24743aff1d3a356df14743dc9,False,500,600,12.0,0.02,100,3000,1.21,0.0020166666666666666,1.21,0.0020166666666666666,3.52,0.005866666666666667,1,0.0016666666666666668,,979.25,,0.00275975
A,1.2,25,51775,8d48d424dcf79cdc86e4ae8aeaf5811b23b37dc8c5bc47c1daefb53a680e8f47,True,500,600,12.0,0.02,100,3000,0.84,0.0014,0.84,0.0014,3.09,0.00515,0,0.0,0.16,284.8,1263.125,-0.014505066666666667
A,1.2,26,53778,db813954ccedf890dd33a71aab5ec9ae396c378a2e112ff6b0cd1035a4c4de3e,True,500,600,12.0,0.02,100,3000,0.0,0.0,0.0,0.0,0.0,0.0,0,0.0,1.0,113.02,113.02,-0.09996232666666667
A,1.2,27,55781,8cfe51a5a6ef051a69b48d051feebe17932eb75e66a19bd3aabb4877b2bb70cb,True,500,600,12.0,0.02,100,3000,0.07,0.00011666666666666668,0.07,0.00011666666666666668,0.24,0.00039999999999999996,0,0.0,0.93,754.92,765.989247311828,-0.09263169333333335
A,1.2,28,57784,43bf1ae940f48ba46da71ff48fbc108827cfdab30b880a818347646cdec6dee7,False,500,600,12.0,0.02,100,3000,1.54,0.0025666666666666667,1.54,0.0025666666666666667,3.89,0.006483333333333333,1,0.0016666666666666668,,584.64,,0.0031782133333333336
A,1.2,29,59787,86cc1d37d5c5be935822c121cd6fcd10d34c25c123dcd77d08a9414a3fd7cd75,False,500,600,12.0,0.02,100,3000,2.13,0.0035499999999999998,2.13,0.0035499999999999998,4.61,0.007683333333333334,2,0.0033333333333333335,,962.3,,0.004704099999999999
A,1.2,0,1700,3ea1fa01cc3da10f9f1678e3ec378035fb483e7ad907af7272e00f345fefe294,True,500,600,12.0,0.04,100,3000,0.13,0.00021666666666666668,0.13,0.00021666666666666668,0.5,0.0008333333333333334,0,0.0,0.87,786.24,832.7241379310345,-0.08652125333333334
A,1.2,1,3703,37714a28925a2687ce83e161ad3d7e5c5115cf093c9da52c36821dada33ae023,False,500,600,12.0,0.04,100,3000,2.49,0.00415,2.49,0.00415,5.51,0.009183333333333333,2,0.0033333333333333335,,711.28,,0.0052204266666666665
A,1.2,2,5706,833410b8e4a70b136dda7b89f3f0aac79596e6f8fdb43f851ddeb4fce8d5ee6f,False,500,600,12.0,0.04,100,3000,2.38,0.003966666666666666,2.38,0.003966666666666666,5.52,0.0092,2,0.0033333333333333335,,372.49,,0.004924163333333333
A,1.2,3,7709,ff45cf07b0db6431caf1ac127754bb58f3cd66d97b63a98b11d73e129bfdc154,False,500,600,12.0,0.04,100,3000,1.78,0.0029666666666666665,1.78,0.0029666666666666665,4.68,0.0078,1,0.0016666666666666668,,937.95,,0.003695983333333333
A,1.2,4,9712,1136a3e30b479506765af8d183d1e027ee45abfa48525e78d8cbcc4b7c7337d5,False,500,600,12.0,0.04,100,3000,2.06,0.0034333333333333334,2.06,0.0034333333333333334,5.09,0.008483333333333332,1,0.0016666666666666668,,706.09,,0.004085363333333334
A,1.2,5,11715,14543b9f6b7ade3455cd172c107f42b6368fbcdbbd1c821c6a6741731dc999bb,True,500,600,12.0,0.04,100,3000,0.53,0.0008833333333333334,0.53,0.0008833333333333334,2.05,0.0034166666666666664,0,0.0,0.47,561.61,792.5744680851063,-0.04592946333333334
A,1.2,6,13718,46636fa878f018a3a4254af5ba92a0a1ab3155960a91c43744de2d8c78df03f5,True,500,600,12.0,0.04,100,3000,0.31,0.0005166666666666667,0.31,0.0005166666666666667,1.29,0.00215,0,0.0,0.69,908.11,1181.3623188405797,-0.06818062999999999
A,1.2,7,15721,68250a298d025f889db3dcc95f417ef7bcef2a6a7e93deec39af39648ec359b0,False,500,600,12.0,0.04,100,3000,3.54,0.0059,3.54,0.0059,5.97,0.009949999999999999,3,0.005,,653.13,,0.00736771
A,1.2,8,17724,049ae08fa4cba4b924929611ad2e498a9ee291c356920097338b16d4526a6dd9,True,500,600,12.0,0.04,100,3000,0.42,0.0007,0.42,0.0007,1.39,0.0023166666666666665,0,0.0,0.6,963.81,1218.8833333333334,-0.05897873
A,1.2,9,19727,d5f82f16d0b7213e8e2f02ed43ca07d06f3892cbff83b3d81592596852252bbf,False,500,600,12.0,0.04,100,3000,1.51,0.0025166666666666666,1.51,0.0025166666666666666,4.02,0.006699999999999999,1,0.0016666666666666668,,1013.17,,0.003271056666666667
A,1.2,10,21730,d344cd79ba6f51e737dbe5ff4b556389b928e7085bd5ee9ae9ddc3334372a7f3,False,500,600,12.0,0.04,100,3000,2.88,0.0048,2.88,0.0048,5.43,0.009049999999999999,2,0.0033333333333333335,,1110.64,,0.0060035466666666665
A,1.2,11,23733,3bba770c518f7e188e93ed9f84338f94582857feeee5deb1b08f45b4d3494325,False,500,600,12.0,0.04,100,3000,1.0,0.0016666666666666668,1.0,0.0016666666666666668,4.16,0.006933333333333334,1,0.0016666666666666668,,398.62,,0.002216206666666667
A,1.2,12,25736,ed09258602005c277e7faaabf77244f736681e8e94cfc2b99dfb414735263b1f,True,500,600,12.0,0.04,100,3000,0.0,0.0,0.0,0.0,0.0,0.0,0,0.0,1.0,235.67,235.67,-0.09992144333333335
A,1.2,13,27739,5358efb19444e9ca1337e6a91cac0a0bf19f0ba41f94a8206eb8d4b1c5c7f667,False,500,600,12.0,0.04,100,3000,2.37,0.00395,2.37,0.00395,5.6,0.009333333333333332,2,0.0033333333333333335,,683.57,,0.0050111900000000004
A,1.2,14,29742,70044a0a96d5238e57f750b24ae3f8095e82b3c8e1597a9bb56d17aad082b75d,False,500,600,12.0,0.04,100,3000,1.64,0.0027333333333333333,1.64,0.0027333333333333333,4.78,0.007966666666666667,1,0.0016666666666666668,,416.67,,0.00328889
A,1.2,15,31745,3e7878f410def7d62f3dd65ddc530b8cda7bf923e8974170752484b08bc1611c,False,500,600,12.0,0.04,100,3000,1.11,0.00185,1.11,0.00185,3.47,0.005783333333333334,1,0.0016666666666666668,,747.88,,0.0025159600000000002
A,1.2,16,33748,651f6d237eb3f6c3c19c627b8f42e468443477ff75012b18d2c14fbbfd2c2edf,True,500,600,12.0,0.04,100,3000,0.98,0.0016333333333333332,0.98,0.0016333333333333332,3.53,0.005883333333333333,0,0.0,0.03,275.46,409.0,-0.0012748466666666668
A,1.2,17,35751,df751b4a39788cd788947a4faf6dad7b2d2a191912bdc7f5a2a5d932b755cbc1,False,500,600,12.0,0.04,100,3000,2.0,0.0033333333333333335,2.0,0.0033333333333333335,5.09,0.008483333333333332,2,0.0033333333333333335,,490.68,,0.004330226666666667
A,1.2,18,37754,309a3f0b179914fc4d44542f7a5fa7a25100dc46b126999d83a5a8c4f4dfb1a2,False,500,600,12.0,0.04,100,3000,1.0,0.0016666666666666668,1.0,0.0016666666666666668,4.24,0.007066666666666667,1,0.0016666666666666668,,205.6,,0.002151866666666667
A,1.2,19,39757,6ca2d893d357e6222af6d6744d455a09287e8f432ee4569741dc22fd147e637f,True,500,600,12.0,0.04,100,3000,0.4,0.0006666666666666668,0.4,0.0006666666666666668,1.55,0.0025833333333333333,0,0.0,0.6,1086.22,1296.25,-0.05897126
A,1.2,20,41760,c5841a04765dfc844d644a881f22c1ab9b87ad797f42f244210a24d2b49b2246,True,500,600,12.0,0.04,100,3000,0.0,0.0,0.0,0.0,0.0,0.0,0,0.0,1.0,464.02,464.02,-0.09984532666666668
A,1.2,21,43763,8f8adb312a98d2375b54828fbabff59932b9ea3e3906870a085ebb707bd7689b,True,500,600,12.0,0.04,100,3000,0.75,0.00125,0.75,0.00125,2.52,0.0042,0,0.0,0.25,493.78,969.96,-0.023585406666666666
A,1.2,22,45766,aa999d8a05a6521a5c6b2f035f876034928828a6f6c1f9b28f4eca4dbf40ef08,False,500,600,12.0,0.04,100,3000,2.17,0.0036166666666666665,2.17,0.0036166666666666665,4.59,0.00765,2,0.0033333333333333335,,849.89,,0.004733296666666667
A,1.2,23,47769,27f8863b01a77516c42eeb40dac09aa0a14207dcb396d706bb21bfb99cbbfb9f,True,500,600,12.0,0.04,100,3000,0.98,0.0016333333333333332,0.98,0.0016333333333333332,3.94,0.006566666666666667,0,0.0,0.02,341.59,586.5,-0.0002528033333333335
A,1.2,24,49772,3894bb0653e690843f3c6cd71b0b1c91a18996e24743aff1d3a356df14743dc9,False,500,600,12.0,0.04,100,3000,1.22,0.002033333333333333,1.22,0.002033333333333333,3.56,0.005933333333333333,1,0.0016666666666666668,,977.72,,0.0027759066666666666
A,1.2,25,51775,8d48d424dcf79cdc86e4ae8aeaf5811b23b37dc8c5bc47c1daefb53a680e8f47,True,500,600,12.0,0.04,100,3000,0.86,0.0014333333333333333,0.86,0.0014333333333333333,3.22,0.005366666666666667,0,0.0,0.14,250.33,1109.142857142857,-0.012483223333333335
A,1.2,26,53778,db813954ccedf890dd33a71aab5ec9ae396c378a2e112ff6b0cd1035a4c4de3e,True,500,600,12.0,0.04,100,3000,0.0,0.0,0.0,0.0,0.0,0.0,0,0.0,1.0,121.77,121.77,-0.09995941000000001
A,1.2,27,55781,8cfe51a5a6ef051a69b48d051feebe17932eb75e66a19bd3aabb4877b2bb70cb,True,500,600,12.0,0.04,100,3000,0.04,6.666666666666667e-05,0.04,6.666666666666667e-05,0.06,9.999999999999999e-05,0,0.0,0.96,787.91,796.7083333333334,-0.09567069666666667
A,1.2,28,57784,43bf1ae940f48ba46da71ff48fbc108827cfdab30b880a818347646cdec6dee7,False,500,600,12.0,0.04,100,3000,1.59,0.00265,1.59,0.00265,3.98,0.006633333333333333,1,0.0016666666666666668,,562.55,,0.0032541833333333335
A,1.2,29,59787,86cc1d37d5c5be935822c121cd6fcd10d34c25c123dcd77d08a9414a3fd7cd75,False,500,600,12.0,0.04,100,3000,2.14,0.0035666666666666668,2.14,0.0035666666666666668,4.59,0.00765,2,0.0033333333333333335,,862.24,,0.004687413333333334
A,1.2,0,1700,3ea1fa01cc3da10f9f1678e3ec378035fb483e7ad907af7272e00f345fefe294,True,500,600,12.0,0.06,100,3000,0.12,0.00019999999999999998,0.12,0.00019999999999999998,0.49,0.0008166666666666666,0,0.0,0.88,837.53,886.9318181818181,-0.08752082333333333
A,1.2,1,3703,37714a28925a2687ce83e161ad3d7e5c5115cf093c9da52c36821dada33ae023,False,500,600,12.0,0.06,100,3000,2.44,0.004066666666666666,2.44,0.004066666666666666,5.61,0.00935,2,0.0033333333333333335,,791.76,,0.00516392
A,1.2,2,5706,833410b8e4a70b136dda7b89f3f0aac79596e6f8fdb43f851ddeb4fce8d5ee6f,False,500,600,12.0,0.06,100,3000,2.43,0.004050000000000001,2.43,0.004050000000000001,5.59,0.009316666666666666,2,0.0033333333333333335,,322.55,,0.004990850000000001
A,1.2,3,7709,ff45cf07b0db6431caf1ac127754bb58f3cd66d97b63a98b11d73e129bfdc154,False,500,600,12.0,0.06,100,3000,1.82,0.0030333333333333336,1.82,0.0030333333333333336,4.83,0.00805,1,0.0016666666666666668,,866.72,,0.003738906666666667
A,1.2,4,9712,1136a3e30b479506765af8d183d1e027ee45abfa48525e78d8cbcc4b7c7337d5,False,500,600,12.0,0.06,100,3000,2.12,0.0035333333333333336,2.12,0.0035333333333333336,5.38,0.008966666666666666,1,0.0016666666666666668,,579.28,,0.004143093333333334
A,1.2,5,11715,14543b9f6b7ade3455cd172c107f42b6368fbcdbbd1c821c6a6741731dc999bb,True,500,600,12.0,0.06,100,3000,0.51,0.0008500000000000001,0.51,0.0008500000000000001,2.08,0.003466666666666667,0,0.0,0.49,620.0,905.0408163265306,-0.04794333333333333
A,1.2,6,13718,46636fa878f018a3a4254af5ba92a0a1ab3155960a91c43744de2d8c78df03f5,True,500,600,12.0,0.06,100,3000,0.33,0.00055,0.33,0.00055,1.32,0.0022,0,0.0,0.67,933.8,1234.1940298507463,-0.06613873333333334
A,1.2,7,15721,68250a298d025f889db3dcc95f417ef7bcef2a6a7e93deec39af39648ec359b0,False,500,600,12.0,0.06,100,3000,3.49,0.005816666666666667,3.49,0.005816666666666667,6.05,0.010083333333333333,3,0.005,,679.23,,0.007293076666666667
A,1.2,8,17724,049ae08fa4cba4b924929611ad2e498a9ee291c356920097338b16d4526a6dd9,True,500,600,12.0,0.06,100,3000,0.48,0.0007999999999999999,0.48,0.0007999999999999999,1.54,0.0025666666666666667,0,0.0,0.58,937.69,1165.155172413793,-0.05688743666666666
A,1.2,9,19727,d5f82f16d0b7213e8e2f02ed43ca07d06f3892cbff83b3d81592596852252bbf,False,500,600,12.0,0.06,100,3000,1.55,0.0025833333333333333,1.55,0.0025833333333333333,4.07,0.006783333333333334,1,0.0016666666666666668,,934.59,,0.00331153
A,1.2,10,21730,d344cd79ba6f51e737dbe5ff4b556389b928e7085bd5ee9ae9ddc3334372a7f3,False,500,600,12.0,0.06,100,3000,2.89,0.004816666666666667,2.89,0.004816666666666667,5.56,0.009266666666666666,2,0.0033333333333333335,,1020.48,,0.0059901600000000004
A,1.2,11,23733,3bba770c518f7e188e93ed9f84338f94582857feeee5deb1b08f45b4d3494325,False,500,600,12.0,0.06,100,3000,1.0,0.0016666666666666668,1.0,0.0016666666666666668,4.19,0.006983333333333334,1,0.0016666666666666668,,350.47,,0.0022001566666666667
A,1.2,12,25736,ed09258602005c277e7faaabf77244f736681e8e94cfc2b99dfb414735263b1f,True,500,600,12.0,0.06,100,3000,0.0,0.0,0.0,0.0,0.0,0.0,0,0.0,1.0,231.01,231.01,-0.09992299666666667
A,1.2,13,27739,5358efb19444e9ca1337e6a91cac0a0bf19f0ba41f94a8206eb8d4b1c5c7f667,False,500,600,12.0,0.06,100,3000,2.41,0.004016666666666667,2.41,0.004016666666666667,5.7,0.0095,2,0.0033333333333333335,,643.02,,0.0050643400000000005
A,1.2,14,29742,70044a0a96d5238e57f750b24ae3f8095e82b3c8e1597a9bb56d17aad082b75d,False,500,600,12.0,0.06,100,3000,1.69,0.0028166666666666665,1.69,0.0028166666666666665,4.78,0.007966666666666667,1,0.0016666666666666668,,378.72,,0.0033595733333333334
A,1.2,15,31745,3e7878f410def7d62f3dd65ddc530b8cda7bf923e8974170752484b08bc1611c,False,500,600,12.0,0.06,100,3000,1.09,0.0018166666666666667,1.09,0.0018166666666666667,3.55,0.005916666666666666,1,0.0016666666666666668,,786.55,,0.0024955166666666665
A,1.2,16,33748,651f6d237eb3f6c3c19c627b8f42e468443477ff75012b18d2c14fbbfd2c2edf,True,500,600,12.0,0.06,100,3000,1.0,0.0016666666666666668,1.0,0.0016666666666666668,3.67,0.006116666666666667,0,0.0,0.01,281.83,478.0,0.0007606100000000001
A,1.2,17,35751,df751b4a39788cd788947a4faf6dad7b2d2a191912bdc7f5a2a5d932b755cbc1,False,500,600,12.0,0.06,100,3000,2.0,0.0033333333333333335,2.0,0.0033333333333333335,5.22,0.0087,2,0.0033333333333333335,,515.77,,0.00433859
A,1.2,18,37754,309a3f0b179914fc4d44542f7a5fa7a25100dc46b126999d83a5a8c4f4dfb1a2,False,500,600,12.0,0.06,100,3000,1.0,0.0016666666666666668,1.0,0.0016666666666666668,4.46,0.0074333333333333335,1,0.0016666666666666668,,226.41,,0.002158803333333333
A,1.2,19,39757,6ca2d893d357e6222af6d6744d455a09287e8f432ee4569741dc22fd147e637f,True,500,600,12.0,0.06,100,3000,0.46,0.0007666666666666667,0.46,0.0007666666666666667,1.76,0.0029333333333333334,0,0.0,0.57,947.14,1066.3157894736842,-0.055917619999999994
A,1.2,20,41760,c5841a04765dfc844d644a881f22c1ab9b87ad797f42f244210a24d2b49b2246,True,500,600,12.0,0.06,100,3000,0.0,0.0,0.0,0.0,0.0,0.0,0,0.0,1.0,461.24,461.24,-0.09984625333333334
A,1.2,21,43763,8f8adb312a98d2375b54828fbabff59932b9ea3e3906870a085ebb707bd7689b,True,500,600,12.0,0.06,100,3000,0.73,0.0012166666666666667,0.73,0.0012166666666666667,2.5,0.004166666666666667,0,0.0,0.27,487.14,895.1851851851852,-0.025620953333333335
A,1.2,22,45766,aa999d8a05a6521a5c6b2f035f876034928828a6f6c1f9b28f4eca4dbf40ef08,False,500,600,12.0,0.06,100,3000,2.24,0.0037333333333333337,2.24,0.0037333333333333337,4.73,0.007883333333333334,2,0.0033333333333333335,,785.72,,0.004828573333333333
A,1.2,23,47769,27f8863b01a77516c42eeb40dac09aa0a14207dcb396d706bb21bfb99cbbfb9f,True,500,600,12.0,0.06,100,3000,0.98,0.0016333333333333332,0.98,0.0016333333333333332,4.05,0.00675,0,0.0,0.02,383.33,1481.5,-0.00023889000000000017
A,1.2,24,49772,3894bb0653e690843f3c6cd71b0b1c91a18996e24743aff1d3a356df14743dc9,False,500,600,12.0,0.06,100,3000,1.27,0.002116666666666667,1.27,0.002116666666666667,3.54,0.0059,1,0.0016666666666666668,,874.13,,0.0028247100000000002
A,1.2,25,51775,8d48d424dcf79cdc86e4ae8aeaf5811b23b37dc8c5bc47c1daefb53a680e8f47,True,500,600,12.0,0.06,100,3000,0.84,0.0014,0.84,0.0014,3.33,0.00555,0,0.0,0.16,280.65,1203.3125,-0.01450645
A,1.2,26,53778,db813954ccedf890dd33a71aab5ec9ae396c378a2e112ff6b0cd1035a4c4de3e,True,500,600,12.0,0.06,100,3000,0.0,0.0,0.0,0.0,0.0,0.0,0,0.0,1.0,124.91,124.91,-0.09995836333333334
A,1.2,27,55781,8cfe51a5a6ef051a69b48d051feebe17932eb75e66a19bd3aabb4877b2bb70cb,True,500,600,12.0,0.06,100,3000,0.05,8.333333333333334e-05,0.05,8.333333333333334e-05,0.13,0.00021666666666666668,0,0.0,0.95,754.57,767.7473684210527,-0.09466514333333333
A,1.2,28,57784,43bf1ae940f48ba46da71ff48fbc108827cfdab30b880a818347646cdec6dee7,False,500,600,12.0,0.06,100,3000,1.61,0.0026833333333333336,1.61,0.0026833333333333336,4.05,0.00675,1,0.0016666666666666668,,593.18,,0.003297726666666667
A,1.2,29,59787,86cc1d37d5c5be935822c121cd6fcd10d34c25c123dcd77d08a9414a3fd7cd75,False,500,600,12.0,0.06,100,3000,2.14,0.0035666666666666668,2.14,0.0035666666666666668,4.72,0.007866666666666666,2,0.0033333333333333335,,937.59,,0.00471253
A,1.2,0,1700,3ea1fa01cc3da10f9f1678e3ec378035fb483e7ad907af7272e00f345fefe294,True,500,600,12.0,0.08,100,3000,0.13,0.00021666666666666668,0.13,0.00021666666666666668,0.47,0.0007833333333333333,0,0.0,0.87,858.22,899.2758620689655,-0.08649726
A,1.2,1,3703,37714a28925a2687ce83e161ad3d7e5c5115cf093c9da52c36821dada33ae023,False,500,600,12.0,0.08,100,3000,2.45,0.004083333333333334,2.45,0.004083333333333334,5.73,0.009550000000000001,2,0.0033333333333333335,,705.54,,0.005151846666666667
A,1.2,2,5706,833410b8e4a70b136dda7b89f3f0aac79596e6f8fdb43f851ddeb4fce8d5ee6f,False,500,600,12.0,0.08,100,3000,2.41,0.004016666666666667,2.41,0.004016666666666667,5.61,0.00935,2,0.0033333333333333335,,358.6,,0.004969533333333333
A,1.2,3,7709,ff45cf07b0db6431caf1ac127754bb58f3cd66d97b63a98b11d73e129bfdc154,False,500,600,12.0,0.08,100,3000,1.77,0.00295,1.77,0.00295,4.77,0.007949999999999999,1,0.0016666666666666668,,897.17,,0.0036657233333333332
A,1.2,4,9712,1136a3e30b479506765af8d183d1e027ee45abfa48525e78d8cbcc4b7c7337d5,False,500,600,12.0,0.08,100,3000,2.11,0.0035166666666666666,2.11,0.0035166666666666666,5.5,0.009166666666666667,1,0.0016666666666666668,,595.31,,0.00413177
A,1.2,5,11715,14543b9f6b7ade3455cd172c107f42b6368fbcdbbd1c821c6a6741731dc999bb,True,500,600,12.0,0.08,100,3000,0.57,0.0009499999999999999,0.57,0.0009499999999999999,2.42,0.004033333333333333,0,0.0,0.43,523.98,798.5116279069767,-0.041875340000000004
A,1.2,6,13718,46636fa878f018a3a4254af5ba92a0a1ab3155960a91c43744de2d8c78df03f5,True,500,600,12.0,0.08,100,3000,0.36,0.0006,0.36,0.0006,1.58,0.0026333333333333334,0,0.0,0.64,928.6,1284.375,-0.06309046666666666
A,1.2,7,15721,68250a298d025f889db3dcc95f417ef7bcef2a6a7e93deec39af39648ec359b0,False,500,600,12.0,0.08,100,3000,3.48,0.0058,3.48,0.0058,6.01,0.010016666666666667,3,0.005,,650.12,,0.007266706666666667
A,1.2,8,17724,049ae08fa4cba4b924929611ad2e498a9ee291c356920097338b16d4526a6dd9,True,500,600,12.0,0.08,100,3000,0.45,0.00075,0.45,0.00075,1.58,0.0026333333333333334,0,0.0,0.58,970.87,1069.948275862069,-0.05692637666666666
A,1.2,9,19727,d5f82f16d0b7213e8e2f02ed43ca07d06f3892cbff83b3d81592596852252bbf,False,500,600,12.0,0.08,100,3000,1.55,0.0025833333333333333,1.55,0.0025833333333333333,4.25,0.007083333333333333,1,0.0016666666666666668,,864.59,,0.0032881966666666665
A,1.2,10,21730,d344cd79ba6f51e737dbe5ff4b556389b928e7085bd5ee9ae9ddc3334372a7f3,False,500,600,12.0,0.08,100,3000,2.91,0.00485,2.91,0.00485,5.7,0.0095,2,0.0033333333333333335,,1024.13,,0.00602471
A,1.2,11,23733,3bba770c518f7e188e93ed9f84338f94582857feeee5deb1b08f45b4d3494325,False,500,600,12.0,0.08,100,3000,1.0,0.0016666666666666668,1.0,0.0016666666666666668,4.46,0.0074333333333333335,1,0.0016666666666666668,,394.54,,0.0022148466666666667
A,1.2,12,25736,ed09258602005c277e7faaabf77244f736681e8e94cfc2b99dfb414735263b1f,True,500,600,12.0,0.08,100,3000,0.0,0.0,0.0,0.0,0.0,0.0,0,0.0,1.0,250.51,250.51,-0.09991649666666667
A,1.2,13,27739,5358efb19444e9ca1337e6a91cac0a0bf19f0ba41f94a8206eb8d4b1c5c7f667,False,500,600,12.0,0.08,100,3000,2.45,0.004083333333333334,2.45,0.004083333333333334,5.84,0.009733333333333333,2,0.0033333333333333335,,699.5,,0.005149833333333334
A,1.2,14,29742,70044a0a96d5238e57f750b24ae3f8095e82b3c8e1597a9bb56d17aad082b75d,False,500,600,12.0,0.08,100,3000,1.77,0.00295,1.77,0.00295,5.06,0.008433333333333333,1,0.0016666666666666668,,322.16,,0.0034740533333333335
A,1.2,15,31745,3e7878f410def7d62f3dd65ddc530b8cda7bf923e8974170752484b08bc1611c,False,500,600,12.0,0.08,100,3000,1.09,0.0018166666666666667,1.09,0.0018166666666666667,3.77,0.0062833333333333335,1,0.0016666666666666668,,744.28,,0.0024814266666666664
A,1.2,16,33748,651f6d237eb3f6c3c19c627b8f42e468443477ff75012b18d2c14fbbfd2c2edf,True,500,600,12.0,0.08,100,3000,1.0,0.0016666666666666668,1.0,0.0016666666666666668,3.71,0.006183333333333333,0,0.0,0.01,318.93,2272.0,0.0007729766666666667
A,1.2,17,35751,df751b4a39788cd788947a4faf6dad7b2d2a191912bdc7f5a2a5d932b755cbc1,False,500,600,12.0,0.08,100,3000,2.02,0.0033666666666666667,2.02,0.0033666666666666667,5.3,0.008833333333333334,2,0.0033333333333333335,,479.84,,0.004359946666666666
A,1.2,18,37754,309a3f0b179914fc4d44542f7a5fa7a25100dc46b126999d83a5a8c4f4dfb1a2,False,500,600,12.0,0.08,100,3000,1.0,0.0016666666666666668,1.0,0.0016666666666666668,4.57,0.007616666666666667,1,0.0016666666666666668,,220.83,,0.0021569433333333333
A,1.2,19,39757,6ca2d893d357e6222af6d6744d455a09287e8f432ee4569741dc22fd147e637f,True,500,600,12.0,0.08,100,3000,0.46,0.0007666666666666667,0.46,0.0007666666666666667,1.74,0.0029,0,0.0,0.59,1029.76,1209.084745762712,-0.05789008
A,1.2,20,41760,c5841a04765dfc844d644a881f22c1ab9b87ad797f42f244210a24d2b49b2246,True,500,600,12.0,0.08,100,3000,0.0,0.0,0.0,0.0,0.0,0.0,0,0.0,1.0,454.97,454.97,-0.09984834333333334
A,1.2,21,43763,8f8adb312a98d2375b54828fbabff59932b9ea3e3906870a085ebb707bd7689b,True,500,600,12.0,0.08,100,3000,0.71,0.0011833333333333333,0.71,0.0011833333333333333,2.53,0.004216666666666666,0,0.0,0.29,513.6,909.7241379310345,-0.027645466666666663
A,1.2,22,45766,aa999d8a05a6521a5c6b2f035f876034928828a6f6c1f9b28f4eca4dbf40ef08,False,500,600,12.0,0.08,100,3000,2.23,0.0037166666666666667,2.23,0.0037166666666666667,4.91,0.008183333333333334,2,0.0033333333333333335,,820.91,,0.004823636666666667
A,1.2,23,47769,27f8863b01a77516c42eeb40dac09aa0a14207dcb396d706bb21bfb99cbbfb9f,True,500,600,12.0,0.08,100,3000,0.99,0.00165,0.99,0.00165,4.16,0.006933333333333334,0,0.0,0.01,386.46,2700.0,0.00077882
A,1.2,24,49772,3894bb0653e690843f3c6cd71b0b1c91a18996e24743aff1d3a356df14743dc9,False,500,600,12.0,0.08,100,3000,1.25,0.0020833333333333333,1.25,0.0020833333333333333,3.59,0.005983333333333333,1,0.0016666666666666668,,933.14,,0.0028110466666666665
A,1.2,25,51775,8d48d424dcf79cdc86e4ae8aeaf5811b23b37dc8c5bc47c1daefb53a680e8f47,True,500,600,12.0,0.08,100,3000,0.82,0.0013666666666666666,0.82,0.0013666666666666666,3.36,0.0056,0,0.0,0.18,329.44,1275.7777777777778,-0.01652352
A,1.2,26,53778,db813954ccedf890dd33a71aab5ec9ae396c378a2e112ff6b0cd1035a4c4de3e,True,500,600,12.0,0.08,100,3000,0.0,0.0,0.0,0.0,0.0,0.0,0,0.0,1.0,136.5,136.5,-0.0999545
A,1.2,27,55781,8cfe51a5a6ef051a69b48d051feebe17932eb75e66a19bd3aabb4877b2bb70cb,True,500,600,12.0,0.08,100,3000,0.04,6.666666666666667e-05,0.04,6.666666666666667e-05,0.13,0.00021666666666666668,0,0.0,0.96,772.08,787.9270833333334,-0.09567597333333333
A,1.2,28,57784,43bf1ae940f48ba46da71ff48fbc108827cfdab30b880a818347646cdec6dee7,False,500,600,12.0,0.08,100,3000,1.55,0.0025833333333333333,1.55,0.0025833333333333333,4.24,0.007066666666666667,1,0.0016666666666666668,,663.92,,0.003221306666666667
A,1.2,29,59787,86cc1d37d5c5be935822c121cd6fcd10d34c25c123dcd77d08a9414a3fd7cd75,False,500,600,12.0,0.08,100,3000,2.16,0.0036000000000000003,2.16,0.0036000000000000003,4.86,0.008100000000000001,2,0.0033333333333333335,,942.84,,0.0047476133333333335
A,1.2,0,1700,3ea1fa01cc3da10f9f1678e3ec378035fb483e7ad907af7272e00f345fefe294,True,500,600,12.0,0.12,100,3000,0.16,0.0002666666666666667,0.16,0.0002666666666666667,0.66,0.0011,0,0.0,0.84,855.54,900.0238095238095,-0.08344815333333334
A,1.2,1,3703,37714a28925a2687ce83e161ad3d7e5c5115cf093c9da52c36821dada33ae023,False,500,600,12.0,0.12,100,3000,2.51,0.004183333333333333,2.51,0.004183333333333333,5.87,0.009783333333333333,2,0.0033333333333333335,,692.56,,0.00524752
A,1.2,2,5706,833410b8e4a70b136dda7b89f3f0aac79596e6f8fdb43f851ddeb4fce8d5ee6f,False,500,600,12.0,0.12,100,3000,2.46,0.0041,2.46,0.0041,5.86,0.009766666666666667,2,0.0033333333333333335,,285.89,,0.005028630000000001
A,1.2,3,7709,ff45cf07b0db6431caf1ac127754bb58f3cd66d97b63a98b11d73e129bfdc154,False,500,600,12.0,0.12,100,3000,1.77,0.00295,1.77,0.00295,5.14,0.008566666666666667,1,0.0016666666666666668,,887.12,,0.003662373333333333
A,1.2,4,9712,1136a3e30b479506765af8d183d1e027ee45abfa48525e78d8cbcc4b7c7337d5,False,500,600,12.0,0.12,100,3000,2.1,0.0035,2.1,0.0035,5.64,0.009399999999999999,1,0.0016666666666666668,,703.37,,0.004151123333333333
A,1.2,5,11715,14543b9f6b7ade3455cd172c107f42b6368fbcdbbd1c821c6a6741731dc999bb,True,500,600,12.0,0.12,100,3000,0.55,0.0009166666666666668,0.55,0.0009166666666666668,2.37,0.00395,0,0.0,0.45,543.92,798.4,-0.04390202666666667
A,1.2,6,13718,46636fa878f018a3a4254af5ba92a0a1ab3155960a91c43744de2d8c78df03f5,True,500,600,12.0,0.12,100,3000,0.43,0.0007166666666666667,0.43,0.0007166666666666667,2.04,0.0034000000000000002,0,0.0,0.57,834.2,1150.017543859649,-0.056005266666666664
A,1.2,7,15721,68250a298d025f889db3dcc95f417ef7bcef2a6a7e93deec39af39648ec359b0,False,500,600,12.0,0.12,100,3000,3.47,0.005783333333333334,3.47,0.005783333333333334,6.34,0.010566666666666667,3,0.005,,702.44,,0.007267480000000001
A,1.2,8,17724,049ae08fa4cba4b924929611ad2e498a9ee291c356920097338b16d4526a6dd9,True,500,600,12.0,0.12,100,3000,0.44,0.0007333333333333333,0.44,0.0007333333333333333,1.62,0.0027,0,0.0,0.6,1178.34,1390.1833333333334,-0.05887388666666666
A,1.2,9,19727,d5f82f16d0b7213e8e2f02ed43ca07d06f3892cbff83b3d81592596852252bbf,False,500,600,12.0,0.12,100,3000,1.6,0.002666666666666667,1.6,0.002666666666666667,4.65,0.007750000000000001,1,0.0016666666666666668,,864.54,,0.0033715133333333336
A,1.2,10,21730,d344cd79ba6f51e737dbe5ff4b556389b928e7085bd5ee9ae9ddc3334372a7f3,False,500,600,12.0,0.12,100,3000,2.95,0.004916666666666667,2.95,0.004916666666666667,6.0,0.01,2,0.0033333333333333335,,876.52,,0.0060421733333333345
A,1.2,11,23733,3bba770c518f7e188e93ed9f84338f94582857feeee5deb1b08f45b4d3494325,False,500,600,12.0,0.12,100,3000,1.0,0.0016666666666666668,1.0,0.0016666666666666668,4.62,0.0077,1,0.0016666666666666668,,443.34,,0.0022311133333333334
A,1.2,12,25736,ed09258602005c277e7faaabf77244f736681e8e94cfc2b99dfb414735263b1f,True,500,600,12.0,0.12,100,3000,0.0,0.0,0.0,0.0,0.0,0.0,0,0.0,1.0,329.61,329.61,-0.09989013000000001
A,1.2,13,27739,5358efb19444e9ca1337e6a91cac0a0bf19f0ba41f94a8206eb8d4b1c5c7f667,False,500,600,12.0,0.12,100,3000,2.49,0.00415,2.49,0.00415,6.23,0.010383333333333335,2,0.0033333333333333335,,551.31,,0.005167103333333333
A,1.2,14,29742,70044a0a96d5238e57f750b24ae3f8095e82b3c8e1597a9bb56d17aad082b75d,False,500,600,12.0,0.12,100,3000,1.64,0.0027333333333333333,1.64,0.0027333333333333333,5.1,0.008499999999999999,1,0.0016666666666666668,,347.71,,0.0032659033333333333
A,1.2,15,31745,3e7878f410def7d62f3dd65ddc530b8cda7bf923e8974170752484b08bc1611c,False,500,600,12.0,0.12,100,3000,1.16,0.0019333333333333331,1.16,0.0019333333333333331,4.22,0.007033333333333333,1,0.0016666666666666668,,668.53,,0.002572843333333333
A,1.2,16,33748,651f6d237eb3f6c3c19c627b8f42e468443477ff75012b18d2c14fbbfd2c2edf,True,500,600,12.0,0.12,100,3000,0.98,0.0016333333333333332,0.98,0.0016333333333333332,3.98,0.006633333333333333,0,0.0,0.02,317.11,156.0,-0.0002609633333333335
A,1.2,17,35751,df751b4a39788cd788947a4faf6dad7b2d2a191912bdc7f5a2a5d932b755cbc1,False,500,600,12.0,0.12,100,3000,2.01,0.0033499999999999997,2.01,0.0033499999999999997,5.5,0.009166666666666667,2,0.0033333333333333335,,512.43,,0.004354143333333334
A,1.2,18,37754,309a3f0b179914fc4d44542f7a5fa7a25100dc46b126999d83a5a8c4f4dfb1a2,False,500,600,12.0,0.12,100,3000,1.0,0.0016666666666666668,1.0,0.0016666666666666668,5.09,0.008483333333333332,1,0.0016666666666666668,,250.01,,0.00216667
A,1.2,19,39757,6ca2d893d357e6222af6d6744d455a09287e8f432ee4569741dc22fd147e637f,True,500,600,12.0,0.12,100,3000,0.44,0.0007333333333333333,0.44,0.0007333333333333333,1.88,0.003133333333333333,0,0.0,0.57,1147.48,1319.0701754385964,-0.05588417333333333
A,1.2,20,41760,c5841a04765dfc844d644a881f22c1ab9b87ad797f42f244210a24d2b49b2246,True,500,600,12.0,0.12,100,3000,0.01,1.6666666666666667e-05,0.01,1.6666666666666667e-05,0.04,6.666666666666667e-05,0,0.0,0.99,574.58,579.030303030303,-0.09879180666666668
A,1.2,21,43763,8f8adb312a98d2375b54828fbabff59932b9ea3e3906870a085ebb707bd7689b,True,500,600,12.0,0.12,100,3000,0.74,0.0012333333333333332,0.74,0.0012333333333333332,2.68,0.0044666666666666665,0,0.0,0.26,521.8,949.8846153846154,-0.024592733333333335
A,1.2,22,45766,aa999d8a05a6521a5c6b2f035f876034928828a6f6c1f9b28f4eca4dbf40ef08,False,500,600,12.0,0.12,100,3000,2.18,0.0036333333333333335,2.18,0.0036333333333333335,5.15,0.008583333333333333,2,0.0033333333333333335,,929.8,,0.0047766
A,1.2,23,47769,27f8863b01a77516c42eeb40dac09aa0a14207dcb396d706bb21bfb99cbbfb9f,True,500,600,12.0,0.12,100,3000,1.0,0.0016666666666666668,1.0,0.0016666666666666668,4.39,0.007316666666666666,1,0.0016666666666666668,0.0,346.86,,0.002198953333333333
A,1.2,24,49772,3894bb0653e690843f3c6cd71b0b1c91a18996e24743aff1d3a356df14743dc9,False,500,600,12.0,0.12,100,3000,1.24,0.0020666666666666667,1.24,0.0020666666666666667,3.69,0.00615,1,0.0016666666666666668,,919.15,,0.002789716666666667
A,1.2,25,51775,8d48d424dcf79cdc86e4ae8aeaf5811b23b37dc8c5bc47c1daefb53a680e8f47,True,500,600,12.0,0.12,100,3000,0.84,0.0014,0.84,0.0014,3.73,0.006216666666666666,0,0.0,0.16,327.23,1349.625,-0.014490923333333334
A,1.2,26,53778,db813954ccedf890dd33a71aab5ec9ae396c378a2e112ff6b0cd1035a4c4de3e,True,500,600,12.0,0.12,100,3000,0.0,0.0,0.0,0.0,0.0,0.0,0,0.0,1.0,142.48,142.48,-0.09995250666666668
A,1.2,27,55781,8cfe51a5a6ef051a69b48d051feebe17932eb75e66a19bd3aabb4877b2bb70cb,True,500,600,12.0,0.12,100,3000,0.07,0.00011666666666666668,0.07,0.00011666666666666668,0.25,0.0004166666666666667,0,0.0,0.93,810.62,833.7956989247311,-0.09261312666666668
A,1.2,28,57784,43bf1ae940f48ba46da71ff48fbc108827cfdab30b880a818347646cdec6dee7,False,500,600,12.0,0.12,100,3000,1.63,0.0027166666666666663,1.63,0.0027166666666666663,4.64,0.0077333333333333325,1,0.0016666666666666668,,707.44,,0.0033691466666666663
A,1.2,29,59787,86cc1d37d5c5be935822c121cd6fcd10d34c25c123dcd77d08a9414a3fd7cd75,False,500,600,12.0,0.12,100,3000,2.15,0.0035833333333333333,2.15,0.0035833333333333333,5.12,0.008533333333333334,2,0.0033333333333333335,,865.91,,0.004705303333333333
A,1.2,0,1700,3ea1fa01cc3da10f9f1678e3ec378035fb483e7ad907af7272e00f345fefe294,True,500,600,16.0,0.0,100,3000,0.14,0.00023333333333333336,0.14,0.00023333333333333336,0.57,0.0009499999999999999,0,0.0,0.86,706.52,749.3023255813954,-0.08553116000000001
A,1.2,1,3703,37714a28925a2687ce83e161ad3d7e5c5115cf093c9da52c36821dada33ae023,False,500,600,16.0,0.0,100,3000,2.53,0.004216666666666666,2.53,0.004216666666666666,5.12,0.008533333333333334,2,0.0033333333333333335,,635.77,,0.005261923333333333
A,1.2,2,5706,833410b8e4a70b136dda7b89f3f0aac79596e6f8fdb43f851ddeb4fce8d5ee6f,False,500,600,16.0,0.0,100,3000,2.37,0.00395,2.37,0.00395,5.23,0.008716666666666668,2,0.0033333333333333335,,390.11,,0.00491337
A,1.2,3,7709,ff45cf07b0db6431caf1ac127754bb58f3cd66d97b63a98b11d73e129bfdc154,False,500,600,16.0,0.0,100,3000,1.7,0.002833333333333333,1.7,0.002833333333333333,4.55,0.007583333333333333,1,0.0016666666666666668,,940.39,,0.0035634633333333334
A,1.2,4,9712,1136a3e30b479506765af8d183d1e027ee45abfa48525e78d8cbcc4b7c7337d5,False,500,600,16.0,0.0,100,3000,2.16,0.0036000000000000003,2.16,0.0036000000000000003,4.77,0.007949999999999999,1,0.0016666666666666668,,664.36,,0.00423812
A,1.2,5,11715,14543b9f6b7ade3455cd172c107f42b6368fbcdbbd1c821c6a6741731dc999bb,True,500,600,16.0,0.0,100,3000,0.46,0.0007666666666666667,0.46,0.0007666666666666667,1.52,0.002533333333333333,0,0.0,0.54,542.01,732.4074074074074,-0.05305266333333334
A,1.2,6,13718,46636fa878f018a3a4254af5ba92a0a1ab3155960a91c43744de2d8c78df03f5,True,500,600,16.0,0.0,100,3000,0.36,0.0006,0.36,0.0006,1.42,0.0023666666666666667,0,0.0,0.64,785.36,1076.828125,-0.06313821333333333
A,1.2,7,15721,68250a298d025f889db3dcc95f417ef7bcef2a6a7e93deec39af39648ec359b0,False,500,600,16.0,0.0,100,3000,3.49,0.005816666666666667,3.49,0.005816666666666667,5.98,0.009966666666666667,3,0.005,,587.97,,0.007262656666666667
A,1.2,8,17724,049ae08fa4cba4b924929611ad2e498a9ee291c356920097338b16d4526a6dd9,True,500,600,16.0,0.0,100,3000,0.39,0.00065,0.39,0.00065,1.08,0.0018000000000000002,0,0.0,0.66,1029.89,1255.8939393939395,-0.06500670333333333
A,1.2,9,19727,d5f82f16d0b7213e8e2f02ed43ca07d06f3892cbff83b3d81592596852252bbf,False,500,600,16.0,0.0,100,3000,1.5,0.0025,1.5,0.0025,3.9,0.0065,1,0.0016666666666666668,,854.36,,0.0032014533333333335
A,1.2,10,21730,d344cd79ba6f51e737dbe5ff4b556389b928e7085bd5ee9ae9ddc3334372a7f3,False,500,600,16.0,0.0,100,3000,2.87,0.004783333333333334,2.87,0.004783333333333334,5.31,0.008849999999999998,2,0.0033333333333333335,,931.81,,0.005927270000000001
A,1.2,11,23733,3bba770c518f7e188e93ed9f84338f94582857feeee5deb1b08f45b4d3494325,False,500,600,16.0,0.0,100,3000,1.0,0.0016666666666666668,1.0,0.0016666666666666668,3.97,0.006616666666666667,1,0.0016666666666666668,,341.71,,0.0021972366666666667
A,1.2,12,25736,ed09258602005c277e7faaabf77244f736681e8e94cfc2b99dfb414735263b1f,True,500,600,16.0,0.0,100,3000,0.0,0.0,0.0,0.0,0.0,0.0,0,0.0,1.0,217.93,217.93,-0.09992735666666668
A,1.2,13,27739,5358efb19444e9ca1337e6a91cac0a0bf19f0ba41f94a8206eb8d4b1c5c7f667,False,500,600,16.0,0.0,100,3000,2.36,0.003933333333333333,2.36,0.003933333333333333,5.29,0.008816666666666667,2,0.0033333333333333335,,756.84,,0.005018946666666666
A,1.2,14,29742,70044a0a96d5238e57f750b24ae3f8095e82b3c8e1597a9bb56d17aad082b75d,False,500,600,16.0,0.0,100,3000,1.64,0.0027333333333333333,1.64,0.0027333333333333333,4.57,0.007616666666666667,1,0.0016666666666666668,,420.09,,0.00329003
A,1.2,15,31745,3e7878f410def7d62f3dd65ddc530b8cda7bf923e8974170752484b08bc1611c,False,500,600,16.0,0.0,100,3000,1.08,0.0018000000000000002,1.08,0.0018000000000000002,3.21,0.00535,1,0.0016666666666666668,,589.58,,0.0024131933333333333
A,1.2,16,33748,651f6d237eb3f6c3c19c627b8f42e468443477ff75012b18d2c14fbbfd2c2edf,True,500,600,16.0,0.0,100,3000,0.96,0.0015999999999999999,0.96,0.0015999999999999999,3.21,0.00535,0,0.0,0.04,269.47,735.0,-0.002310176666666667
A,1.2,17,35751,df751b4a39788cd788947a4faf6dad7b2d2a191912bdc7f5a2a5d932b755cbc1,False,500,600,16.0,0.0,100,3000,2.0,0.0033333333333333335,2.0,0.0033333333333333335,4.81,0.008016666666666667,2,0.0033333333333333335,,426.75,,0.004308916666666667
A,1.2,18,37754,309a3f0b179914fc4d44542f7a5fa7a25100dc46b126999d83a5a8c4f4dfb1a2,False,500,600,16.0,0.0,100,3000,1.0,0.0016666666666666668,1.0,0.0016666666666666668,4.05,0.00675,1,0.0016666666666666668,,199.83,,0.0021499433333333332
A,1.2,19,39757,6ca2d893d357e6222af6d6744d455a09287e8f432ee4569741dc22fd147e637f,True,500,600,16.0,0.0,100,3000,0.41,0.0006833333333333333,0.41,0.0006833333333333333,1.34,0.0022333333333333333,0,0.0,0.6,959.23,1108.7333333333333,-0.05899692333333333
A,1.2,20,41760,c5841a04765dfc844d644a881f22c1ab9b87ad797f42f244210a24d2b49b2246,True,500,600,16.0,0.0,100,3000,0.01,1.6666666666666667e-05,0.01,1.6666666666666667e-05,0.03,4.9999999999999996e-05,0,0.0,0.99,432.29,435.8888888888889,-0.09883923666666668
A,1.2,21,43763,8f8adb312a98d2375b54828fbabff59932b9ea3e3906870a085ebb707bd7689b,True,500,600,16.0,0.0,100,3000,0.73,0.0012166666666666667,0.73,0.0012166666666666667,2.24,0.0037333333333333337,0,0.0,0.27,492.19,952.2592592592592,-0.025619270000000003
A,1.2,22,45766,aa999d8a05a6521a5c6b2f035f876034928828a6f6c1f9b28f4eca4dbf40ef08,False,500,600,16.0,0.0,100,3000,2.18,0.0036333333333333335,2.18,0.0036333333333333335,4.32,0.007200000000000001,2,0.0033333333333333335,,781.46,,0.004727153333333334
A,1.2,23,47769,27f8863b01a77516c42eeb40dac09aa0a14207dcb396d706bb21bfb99cbbfb9f,True,500,600,16.0,0.0,100,3000,0.95,0.0015833333333333333,0.95,0.0015833333333333333,3.63,0.00605,0,0.0,0.05,346.83,1131.0,-0.0033010566666666677
A,1.2,24,49772,3894bb0653e690843f3c6cd71b0b1c91a18996e24743aff1d3a356df14743dc9,False,500,600,16.0,0.0,100,3000,1.2,0.002,1.2,0.002,3.42,0.0057,1,0.0016666666666666668,,959.55,,0.002736516666666667
A,1.2,25,51775,8d48d424dcf79cdc86e4ae8aeaf5811b23b37dc8c5bc47c1daefb53a680e8f47,True,500,600,16.0,0.0,100,3000,0.83,0.0013833333333333332,0.83,0.0013833333333333332,3.06,0.0051,0,0.0,0.17,285.32,1211.8823529411766,-0.01552156
A,1.2,26,53778,db813954ccedf890dd33a71aab5ec9ae396c378a2e112ff6b0cd1035a4c4de3e,True,500,600,16.0,0.0,100,3000,0.0,0.0,0.0,0.0,0.0,0.0,0,0.0,1.0,114.12,114.12,-0.09996196
A,1.2,27,55781,8cfe51a5a6ef051a69b48d051feebe17932eb75e66a19bd3aabb4877b2bb70cb,True,500,600,16.0,0.0,100,3000,0.07,0.00011666666666666668,0.07,0.00011666666666666668,0.13,0.00021666666666666668,0,0.0,0.93,813.95,841.0,-0.09261201666666669
A,1.2,28,57784,43bf1ae940f48ba46da71ff48fbc108827cfdab30b880a818347646cdec6dee7,False,500,600,16.0,0.0,100,3000,1.53,0.00255,1.53,0.00255,3.82,0.006366666666666666,1,0.0016666666666666668,,582.1,,0.0031607000000000002
A,1.2,29,59787,86cc1d37d5c5be935822c121cd6fcd10d34c25c123dcd77d08a9414a3fd7cd75,False,500,600,16.0,0.0,100,3000,2.1,0.0035,2.1,0.0035,4.51,0.007516666666666666,2,0.0033333333333333335,,1010.37,,0.004670123333333333
A,1.2,0,1700,3ea1fa01cc3da10f9f1678e3ec378035fb483e7ad907af7272e00f345fefe294,True,500,600,16.0,0.02,100,3000,0.1,0.0001666666666666667,0.1,0.0001666666666666667,0.34,0.0005666666666666667,0,0.0,0.91,743.61,772.6813186813187,-0.09058546333333335
A,1.2,1,3703,37714a28925a2687ce83e161ad3d7e5c5115cf093c9da52c36821dada33ae023,False,500,600,16.0,0.02,100,3000,2.5,0.004166666666666667,2.5,0.004166666666666667,5.24,0.008733333333333334,2,0.0033333333333333335,,663.74,,0.005221246666666667
A,1.2,2,5706,833410b8e4a70b136dda7b89f3f0aac79596e6f8fdb43f851ddeb4fce8d5ee6f,False,500,600,16.0,0.02,100,3000,2.37,0.00395,2.37,0.00395,5.25,0.00875,2,0.0033333333333333335,,405.35,,0.00491845
A,1.2,3,7709,ff45cf07b0db6431caf1ac127754bb58f3cd66d97b63a98b11d73e129bfdc154,False,500,600,16.0,0.02,100,3000,1.79,0.0029833333333333335,1.79,0.0029833333333333335,4.67,0.007783333333333333,1,0.0016666666666666668,,876.4,,0.0036921333333333334
A,1.2,4,9712,1136a3e30b479506765af8d183d1e027ee45abfa48525e78d8cbcc4b7c7337d5,False,500,600,16.0,0.02,100,3000,2.08,0.003466666666666667,2.08,0.003466666666666667,4.93,0.008216666666666666,1,0.0016666666666666668,,644.84,,0.00409828
A,1.2,5,11715,14543b9f6b7ade3455cd172c107f42b6368fbcdbbd1c821c6a6741731dc999bb,True,500,600,16.0,0.02,100,3000,0.52,0.0008666666666666667,0.52,0.0008666666666666667,1.76,0.0029333333333333334,0,0.0,0.48,560.89,815.6458333333334,-0.04694637
A,1.2,6,13718,46636fa878f018a3a4254af5ba92a0a1ab3155960a91c43744de2d8c78df03f5,True,500,600,16.0,0.02,100,3000,0.34,0.0005666666666666667,0.34,0.0005666666666666667,1.34,0.0022333333333333333,0,0.0,0.66,792.3,1048.2424242424242,-0.06516923333333334
A,1.2,7,15721,68250a298d025f889db3dcc95f417ef7bcef2a6a7e93deec39af39648ec359b0,False,500,600,16.0,0.02,100,3000,3.54,0.0059,3.54,0.0059,6.06,0.0101,3,0.005,,568.98,,0.0073396600000000005
A,1.2,8,17724,049ae08fa4cba4b924929611ad2e498a9ee291c356920097338b16d4526a6dd9,True,500,600,16.0,0.02,100,3000,0.37,0.0006166666666666666,0.37,0.0006166666666666666,1.1,0.0018333333333333335,0,0.0,0.67,1171.91,1403.5223880597016,-0.06599269666666667
A,1.2,9,19727,d5f82f16d0b7213e8e2f02ed43ca07d06f3892cbff83b3d81592596852252bbf,False,500,600,16.0,0.02,100,3000,1.5,0.0025,1.5,0.0025,3.98,0.006633333333333333,1,0.0016666666666666668,,925.98,,0.003225326666666667
A,1.2,10,21730,d344cd79ba6f51e737dbe5ff4b556389b928e7085bd5ee9ae9ddc3334372a7f3,False,500,600,16.0,0.02,100,3000,2.88,0.0048,2.88,0.0048,5.39,0.008983333333333333,2,0.0033333333333333335,,1025.61,,0.005975203333333333
A,1.2,11,23733,3bba770c518f7e188e93ed9f84338f94582857feeee5deb1b08f45b4d3494325,False,500,600,16.0,0.02,100,3000,1.0,0.0016666666666666668,1.0,0.0016666666666666668,4.01,0.006683333333333333,1,0.0016666666666666668,,356.7,,0.002202233333333333
A,1.2,12,25736,ed09258602005c277e7faaabf77244f736681e8e94cfc2b99dfb414735263b1f,True,500,600,16.0,0.02,100,3000,0.0,0.0,0.0,0.0,0.0,0.0,0,0.0,1.0,243.39,243.39,-0.09991887
A,1.2,13,27739,5358efb19444e9ca1337e6a91cac0a0bf19f0ba41f94a8206eb8d4b1c5c7f667,False,500,600,16.0,0.02,100,3000,2.4,0.004,2.4,0.004,5.42,0.009033333333333332,2,0.0033333333333333335,,667.06,,0.0050556866666666665
A,1.2,14,29742,70044a0a96d5238e57f750b24ae3f8095e82b3c8e1597a9bb56d17aad082b75d,False,500,600,16.0,0.02,100,3000,1.58,0.0026333333333333334,1.58,0.0026333333333333334,4.66,0.0077666666666666665,1,0.0016666666666666668,,492.17,,0.003214056666666667
A,1.2,15,31745,3e7878f410def7d62f3dd65ddc530b8cda7bf923e8974170752484b08bc1611c,False,500,600,16.0,0.02,100,3000,1.14,0.0018999999999999998,1.14,0.0018999999999999998,3.29,0.005483333333333333,1,0.0016666666666666668,,679.34,,0.002543113333333333
A,1.2,16,33748,651f6d237eb3f6c3c19c627b8f42e468443477ff75012b18d2c14fbbfd2c2edf,True,500,600,16.0,0.02,100,3000,0.96,0.0015999999999999999,0.96,0.0015999999999999999,3.3,0.0055,0,0.0,0.04,309.26,976.5,-0.0022969133333333334
A,1.2,17,35751,df751b4a39788cd788947a4faf6dad7b2d2a191912bdc7f5a2a5d932b755cbc1,False,500,600,16.0,0.02,100,3000,2.01,0.0033499999999999997,2.01,0.0033499999999999997,4.92,0.0082,2,0.0033333333333333335,,443.45,,0.00433115
A,1.2,18,37754,309a3f0b179914fc4d44542f7a5fa7a25100dc46b126999d83a5a8c4f4dfb1a2,False,500,600,16.0,0.02,100,3000,1.0,0.0016666666666666668,1.0,0.0016666666666666668,4.09,0.006816666666666666,1,0.0016666666666666668,,213.85,,0.0021546166666666666
A,1.2,19,39757,6ca2d893d357e6222af6d6744d455a09287e8f432ee4569741dc22fd147e637f,True,500,600,16.0,0.02,100,3000,0.46,0.0007666666666666667,0.46,0.0007666666666666667,1.61,0.0026833333333333336,0,0.0,0.55,911.87,1153.6727272727273,-0.053929376666666674
A,1.2,20,41760,c5841a04765dfc844d644a881f22c1ab9b87ad797f42f244210a24d2b49b2246,True,500,600,16.0,0.02,100,3000,0.0,0.0,0.0,0.0,0.0,0.0,0,0.0,1.0,437.18,437.18,-0.09985427333333334
A,1.2,21,43763,8f8adb312a98d2375b54828fbabff59932b9ea3e3906870a085ebb707bd7689b,True,500,600,16.0,0.02,100,3000,0.76,0.0012666666666666666,0.76,0.0012666666666666666,2.53,0.004216666666666666,0,0.0,0.24,483.13,946.5,-0.022572290000000002
A,1.2,22,45766,aa999d8a05a6521a5c6b2f035f876034928828a6f6c1f9b28f4eca4dbf40ef08,False,500,600,16.0,0.02,100,3000,2.17,0.0036166666666666665,2.17,0.0036166666666666665,4.47,0.007449999999999999,2,0.0033333333333333335,,837.85,,0.004729283333333333
A,1.2,23,47769,27f8863b01a77516c42eeb40dac09aa0a14207dcb396d706bb21bfb99cbbfb9f,True,500,600,16.0,0.02,100,3000,0.98,0.0016333333333333332,0.98,0.0016333333333333332,3.83,0.006383333333333334,0,0.0,0.02,332.28,586.5,-0.00025590666666666683
A,1.2,24,49772,3894bb0653e690843f3c6cd71b0b1c91a18996e24743aff1d3a356df14743dc9,False,500,600,16.0,0.02,100,3000,1.21,0.0020166666666666666,1.21,0.0020166666666666666,3.52,0.005866666666666667,1,0.0016666666666666668,,979.25,,0.00275975
A,1.2,25,51775,8d48d424dcf79cdc86e4ae8aeaf5811b23b37dc8c5bc47c1daefb53a680e8f47,True,500,600,16.0,0.02,100,3000,0.84,0.0014,0.84,0.0014,3.09,0.00515,0,0.0,0.16,284.8,1263.125,-0.014505066666666667
A,1.2,26,53778,db813954ccedf890dd33a71aab5ec9ae396c378a2e112ff6b0cd1035a4c4de3e,True,500,600,16.0,0.02,100,3000,0.0,0.0,0.0,0.0,0.0,0.0,0,0.0,1.0,113.02,113.02,-0.09996232666666667
A,1.2,27,55781,8cfe51a5a6ef051a69b48d051feebe17932eb75e66a19bd3aabb4877b2bb70cb,True,500,600,16.0,0.02,100,3000,0.07,0.00011666666666666668,0.07,0.00011666666666666668,0.24,0.00039999999999999996,0,0.0,0.93,754.92,765.989247311828,-0.09263169333333335
A,1.2,28,57784,43bf1ae940f48ba46da71ff48fbc108827cfdab30b880a818347646cdec6dee7,False,500,600,16.0,0.02,100,3000,1.54,0.0025666666666666667,1.54,0.0025666666666666667,3.89,0.006483333333333333,1,0.0016666666666666668,,584.64,,0.0031782133333333336
A,1.2,29,59787,86cc1d37d5c5be935822c121cd6fcd10d34c25c123dcd77d08a9414a3fd7cd75,False,500,600,16.0,0.02,100,3000,2.13,0.0035499999999999998,2.13,0.0035499999999999998,4.61,0.007683333333333334,2,0.0033333333333333335,,962.3,,0.004704099999999999
A,1.2,0,1700,3ea1fa01cc3da10f9f1678e3ec378035fb483e7ad907af7272e00f345fefe294,True,500,600,16.0,0.04,100,3000,0.13,0.00021666666666666668,0.13,0.00021666666666666668,0.5,0.0008333333333333334,0,0.0,0.87,786.24,832.7241379310345,-0.08652125333333334
A,1.2,1,3703,37714a28925a2687ce83e161ad3d7e5c5115cf093c9da52c36821dada33ae023,False,500,600,16.0,0.04,100,3000,2.49,0.00415,2.49,0.00415,5.51,0.009183333333333333,2,0.0033333333333333335,,711.28,,0.0052204266666666665
A,1.2,2,5706,833410b8e4a70b136dda7b89f3f0aac79596e6f8fdb43f851ddeb4fce8d5ee6f,False,500,600,16.0,0.04,100,3000,2.38,0.003966666666666666,2.38,0.003966666666666666,5.52,0.0092,2,0.0033333333333333335,,372.49,,0.004924163333333333
A,1.2,3,7709,ff45cf07b0db6431caf1ac127754bb58f3cd66d97b63a98b11d73e129bfdc154,False,500,600,16.0,0.04,100,3000,1.78,0.0029666666666666665,1.78,0.0029666666666666665,4.68,0.0078,1,0.0016666666666666668,,937.95,,0.003695983333333333
A,1.2,4,9712,1136a3e30b479506765af8d183d1e027ee45abfa48525e78d8cbcc4b7c7337d5,False,500,600,16.0,0.04,100,3000,2.06,0.0034333333333333334,2.06,0.0034333333333333334,5.09,0.008483333333333332,1,0.0016666666666666668,,706.09,,0.004085363333333334
A,1.2,5,11715,14543b9f6b7ade3455cd172c107f42b6368fbcdbbd1c821c6a6741731dc999bb,True,500,600,16.0,0.04,100,3000,0.53,0.0008833333333333334,0.53,0.0008833333333333334,2.05,0.0034166666666666664,0,0.0,0.47,561.61,792.5744680851063,-0.04592946333333334
A,1.2,6,13718,46636fa878f018a3a4254af5ba92a0a1ab3155960a91c43744de2d8c78df03f5,True,500,600,16.0,0.04,100,3000,0.31,0.0005166666666666667,0.31,0.0005166666666666667,1.29,0.00215,0,0.0,0.69,908.11,1181.3623188405797,-0.06818062999999999
A,1.2,7,15721,68250a298d025f889db3dcc95f417ef7bcef2a6a7e93deec39af39648ec359b0,False,500,600,16.0,0.04,100,3000,3.54,0.0059,3.54,0.0059,5.97,0.009949999999999999,3,0.005,,653.13,,0.00736771
A,1.2,8,17724,049ae08fa4cba4b924929611ad2e498a9ee291c356920097338b16d4526a6dd9,True,500,600,16.0,0.04,100,3000,0.42,0.0007,0.42,0.0007,1.39,0.0023166666666666665,0,0.0,0.6,963.81,1218.8833333333334,-0.05897873
A,1.2,9,19727,d5f82f16d0b7213e8e2f02ed43ca07d06f3892cbff83b3d81592596852252bbf,False,500,600,16.0,0.04,100,3000,1.51,0.0025166666666666666,1.51,0.0025166666666666666,4.02,0.006699999999999999,1,0.0016666666666666668,,1013.17,,0.003271056666666667
A,1.2,10,21730,d344cd79ba6f51e737dbe5ff4b556389b928e7085bd5ee9ae9ddc3334372a7f3,False,500,600,16.0,0.04,100,3000,2.88,0.0048,2.88,0.0048,5.43,0.009049999999999999,2,0.0033333333333333335,,1110.64,,0.0060035466666666665
A,1.2,11,23733,3bba770c518f7e188e93ed9f84338f94582857feeee5deb1b08f45b4d3494325,False,500,600,16.0,0.04,100,3000,1.0,0.0016666666666666668,1.0,0.0016666666666666668,4.16,0.006933333333333334,1,0.0016666666666666668,,398.62,,0.002216206666666667
A,1.2,12,25736,ed09258602005c277e7faaabf77244f736681e8e94cfc2b99dfb414735263b1f,True,500,600,16.0,0.04,100,3000,0.0,0.0,0.0,0.0,0.0,0.0,0,0.0,1.0,235.67,235.67,-0.09992144333333335
A,1.2,13,27739,5358efb19444e9ca1337e6a91cac0a0bf19f0ba41f94a8206eb8d4b1c5c7f667,False,500,600,16.0,0.04,100,3000,2.37,0.00395,2.37,0.00395,5.6,0.009333333333333332,2,0.0033333333333333335,,683.57,,0.0050111900000000004
A,1.2,14,29742,70044a0a96d5238e57f750b24ae3f8095e82b3c8e1597a9bb56d17aad082b75d,False,500,600,16.0,0.04,100,3000,1.64,0.0027333333333333333,1.64,0.0027333333333333333,4.78,0.007966666666666667,1,0.0016666666666666668,,416.67,,0.00328889
A,1.2,15,31745,3e7878f410def7d62f3dd65ddc530b8cda7bf923e8974170752484b08bc1611c,False,500,600,16.0,0.04,100,3000,1.11,0.00185,1.11,0.00185,3.47,0.005783333333333334,1,0.0016666666666666668,,747.88,,0.0025159600000000002
A,1.2,16,33748,651f6d237eb3f6c3c19c627b8f42e468443477ff75012b18d2c14fbbfd2c2edf,True,500,600,16.0,0.04,100,3000,0.98,0.0016333333333333332,0.98,0.0016333333333333332,3.53,0.005883333333333333,0,0.0,0.03,275.46,409.0,-0.0012748466666666668
A,1.2,17,35751,df751b4a39788cd788947a4faf6dad7b2d2a191912bdc7f5a2a5d932b755cbc1,False,500,600,16.0,0.04,100,3000,2.0,0.0033333333333333335,2.0,0.0033333333333333335,5.09,0.008483333333333332,2,0.0033333333333333335,,490.68,,0.004330226666666667
A,1.2,18,37754,309a3f0b179914fc4d44542f7a5fa7a25100dc46b126999d83a5a8c4f4dfb1a2,False,500,600,16.0,0.04,100,3000,1.0,0.0016666666666666668,1.0,0.0016666666666666668,4.24,0.007066666666666667,1,0.0016666666666666668,,205.6,,0.002151866666666667
A,1.2,19,39757,6ca2d893d357e6222af6d6744d455a09287e8f432ee4569741dc22fd147e637f,True,500,600,16.0,0.04,100,3000,0.4,0.0006666666666666668,0.4,0.0006666666666666668,1.55,0.0025833333333333333,0,0.0,0.6,1086.22,1296.25,-0.05897126
A,1.2,20,41760,c5841a04765dfc844d644a881f22c1ab9b87ad797f42f244210a24d2b49b2246,True,500,600,16.0,0.04,100,3000,0.0,0.0,0.0,0.0,0.0,0.0,0,0.0,1.0,464.02,464.02,-0.09984532666666668
A,1.2,21,43763,8f8adb312a98d2375b54828fbabff59932b9ea3e3906870a085ebb707bd7689b,True,500,600,16.0,0.04,100,3000,0.75,0.00125,0.75,0.00125,2.52,0.0042,0,0.0,0.25,493.78,969.96,-0.023585406666666666
A,1.2,22,45766,aa999d8a05a6521a5c6b2f035f876034928828a6f6c1f9b28f4eca4dbf40ef08,False,500,600,16.0,0.04,100,3000,2.17,0.0036166666666666665,2.17,0.0036166666666666665,4.59,0.00765,2,0.0033333333333333335,,849.89,,0.004733296666666667
A,1.2,23,47769,27f8863b01a77516c42eeb40dac09aa0a14207dcb396d706bb21bfb99cbbfb9f,True,500,600,16.0,0.04,100,3000,0.98,0.0016333333333333332,0.98,0.0016333333333333332,3.94,0.006566666666666667,0,0.0,0.02,341.59,586.5,-0.0002528033333333335
A,1.2,24,49772,3894bb0653e690843f3c6cd71b0b1c91a18996e24743aff1d3a356df14743dc9,False,500,600,16.0,0.04,100,3000,1.22,0.002033333333333333,1.22,0.002033333333333333,3.56,0.005933333333333333,1,0.0016666666666666668,,977.72,,0.0027759066666666666
A,1.2,25,51775,8d48d424dcf79cdc86e4ae8aeaf5811b23b37dc8c5bc47c1daefb53a680e8f47,True,500,600,16.0,0.04,100,3000,0.86,0.0014333333333333333,0.86,0.0014333333333333333,3.22,0.005366666666666667,0,0.0,0.14,250.33,1109.142857142857,-0.012483223333333335
A,1.2,26,53778,db813954ccedf890dd33a71aab5ec9ae396c378a2e112ff6b0cd1035a4c4de3e,True,500,600,16.0,0.04,100,3000,0.0,0.0,0.0,0.0,0.0,0.0,0,0.0,1.0,121.77,121.77,-0.09995941000000001
A,1.2,27,55781,8cfe51a5a6ef051a69b48d051feebe17932eb75e66a19bd3aabb4877b2bb70cb,True,500,600,16.0,0.04,100,3000,0.04,6.666666666666667e-05,0.04,6.666666666666667e-05,0.06,9.999999999999999e-05,0,0.0,0.96,787.91,796.7083333333334,-0.09567069666666667
A,1.2,28,57784,43bf1ae940f48ba46da71ff48fbc108827cfdab30b880a818347646cdec6dee7,False,500,600,16.0,0.04,100,3000,1.59,0.00265,1.59,0.00265,3.98,0.006633333333333333,1,0.0016666666666666668,,562.55,,0.0032541833333333335
A,1.2,29,59787,86cc1d37d5c5be935822c121cd6fcd10d34c25c123dcd77d08a9414a3fd7cd75,False,500,600,16.0,0.04,100,3000,2.14,0.0035666666666666668,2.14,0.0035666666666666668,4.59,0.00765,2,0.0033333333333333335,,862.24,,0.004687413333333334
A,1.2,0,1700,3ea1fa01cc3da10f9f1678e3ec378035fb483e7ad907af7272e00f345fefe294,True,500,600,16.0,0.06,100,3000,0.12,0.00019999999999999998,0.12,0.00019999999999999998,0.49,0.0008166666666666666,0,0.0,0.88,837.53,886.9318181818181,-0.08752082333333333
A,1.2,1,3703,37714a28925a2687ce83e161ad3d7e5c5115cf093c9da52c36821dada33ae023,False,500,600,16.0,0.06,100,3000,2.44,0.004066666666666666,2.44,0.004066666666666666,5.61,0.00935,2,0.0033333333333333335,,791.76,,0.00516392
A,1.2,2,5706,833410b8e4a70b136dda7b89f3f0aac79596e6f8fdb43f851ddeb4fce8d5ee6f,False,500,600,16.0,0.06,100,3000,2.43,0.004050000000000001,2.43,0.004050000000000001,5.59,0.009316666666666666,2,0.0033333333333333335,,322.55,,0.004990850000000001
A,1.2,3,7709,ff45cf07b0db6431caf1ac127754bb58f3cd66d97b63a98b11d73e129bfdc154,False,500,600,16.0,0.06,100,3000,1.82,0.0030333333333333336,1.82,0.0030333333333333336,4.83,0.00805,1,0.0016666666666666668,,866.72,,0.003738906666666667
A,1.2,4,9712,1136a3e30b479506765af8d183d1e027ee45abfa48525e78d8cbcc4b7c7337d5,False,500,600,16.0,0.06,100,3000,2.12,0.0035333333333333336,2.12,0.0035333333333333336,5.38,0.008966666666666666,1,0.0016666666666666668,,579.28,,0.004143093333333334
A,1.2,5,11715,14543b9f6b7ade3455cd172c107f42b6368fbcdbbd1c821c6a6741731dc999bb,True,500,600,16.0,0.06,100,3000,0.51,0.0008500000000000001,0.51,0.0008500000000000001,2.08,0.003466666666666667,0,0.0,0.49,620.0,905.0408163265306,-0.04794333333333333
A,1.2,6,13718,46636fa878f018a3a4254af5ba92a0a1ab3155960a91c43744de2d8c78df03f5,True,500,600,16.0,0.06,100,3000,0.33,0.00055,0.33,0.00055,1.32,0.0022,0,0.0,0.67,933.8,1234.1940298507463,-0.06613873333333334
A,1.2,7,15721,68250a298d025f889db3dcc95f417ef7bcef2a6a7e93deec39af39648ec359b0,False,500,600,16.0,0.06,100,3000,3.49,0.005816666666666667,3.49,0.005816666666666667,6.05,0.010083333333333333,3,0.005,,679.23,,0.007293076666666667
A,1.2,8,17724,049ae08fa4cba4b924929611ad2e498a9ee291c356920097338b16d4526a6dd9,True,500,600,16.0,0.06,100,3000,0.48,0.0007999999999999999,0.48,0.0007999999999999999,1.54,0.0025666666666666667,0,0.0,0.58,937.69,1165.155172413793,-0.05688743666666666
A,1.2,9,19727,d5f82f16d0b7213e8e2f02ed43ca07d06f3892cbff83b3d81592596852252bbf,False,500,600,16.0,0.06,100,3000,1.55,0.0025833333333333333,1.55,0.0025833333333333333,4.07,0.006783333333333334,1,0.0016666666666666668,,934.59,,0.00331153
A,1.2,10,21730,d344cd79ba6f51e737dbe5ff4b556389b928e7085bd5ee9ae9ddc3334372a7f3,False,500,600,16.0,0.06,100,3000,2.89,0.004816666666666667,2.89,0.004816666666666667,5.56,0.009266666666666666,2,0.0033333333333333335,,1020.48,,0.0059901600000000004
A,1.2,11,23733,3bba770c518f7e188e93ed9f84338f94582857feeee5deb1b08f45b4d3494325,False,500,600,16.0,0.06,100,3000,1.0,0.0016666666666666668,1.0,0.0016666666666666668,4.19,0.006983333333333334,1,0.0016666666666666668,,350.47,,0.0022001566666666667
A,1.2,12,25736,ed09258602005c277e7faaabf77244f736681e8e94cfc2b99dfb414735263b1f,True,500,600,16.0,0.06,100,3000,0.0,0.0,0.0,0.0,0.0,0.0,0,0.0,1.0,231.01,231.01,-0.09992299666666667
A,1.2,13,27739,5358efb19444e9ca1337e6a91cac0a0bf19f0ba41f94a8206eb8d4b1c5c7f667,False,500,600,16.0,0.06,100,3000,2.41,0.004016666666666667,2.41,0.004016666666666667,5.7,0.0095,2,0.0033333333333333335,,643.02,,0.0050643400000000005
A,1.2,14,29742,70044a0a96d5238e57f750b24ae3f8095e82b3c8e1597a9bb56d17aad082b75d,False,500,600,16.0,0.06,100,3000,1.69,0.0028166666666666665,1.69,0.0028166666666666665,4.78,0.007966666666666667,1,0.0016666666666666668,,378.72,,0.0033595733333333334
A,1.2,15,31745,3e7878f410def7d62f3dd65ddc530b8cda7bf923e8974170752484b08bc1611c,False,500,600,16.0,0.06,100,3000,1.09,0.0018166666666666667,1.09,0.0018166666666666667,3.55,0.005916666666666666,1,0.0016666666666666668,,786.55,,0.0024955166666666665
A,1.2,16,33748,651f6d237eb3f6c3c19c627b8f42e468443477ff75012b18d2c14fbbfd2c2edf,True,500,600,16.0,0.06,100,3000,1.0,0.0016666666666666668,1.0,0.0016666666666666668,3.67,0.006116666666666667,0,0.0,0.01,281.83,478.0,0.0007606100000000001
A,1.2,17,35751,df751b4a39788cd788947a4faf6dad7b2d2a191912bdc7f5a2a5d932b755cbc1,False,500,600,16.0,0.06,100,3000,2.0,0.0033333333333333335,2.0,0.0033333333333333335,5.22,0.0087,2,0.0033333333333333335,,515.77,,0.00433859
A,1.2,18,37754,309a3f0b179914fc4d44542f7a5fa7a25100dc46b126999d83a5a8c4f4dfb1a2,False,500,600,16.0,0.06,100,3000,1.0,0.0016666666666666668,1.0,0.0016666666666666668,4.46,0.0074333333333333335,1,0.0016666666666666668,,226.41,,0.002158803333333333
A,1.2,19,39757,6ca2d893d357e6222af6d6744d455a09287e8f432ee4569741dc22fd147e637f,True,500,600,16.0,0.06,100,3000,0.46,0.0007666666666666667,0.46,0.0007666666666666667,1.76,0.0029333333333333334,0,0.0,0.57,947.14,1066.3157894736842,-0.055917619999999994
A,1.2,20,41760,c5841a04765dfc844d644a881f22c1ab9b87ad797f42f244210a24d2b49b2246,True,500,600,16.0,0.06,100,3000,0.0,0.0,0.0,0.0,0.0,0.0,0,0.0,1.0,461.24,461.24,-0.09984625333333334
A,1.2,21,43763,8f8adb312a98d2375b54828fbabff59932b9ea3e3906870a085ebb707bd7689b,True,500,600,16.0,0.06,100,3000,0.73,0.0012166666666666667,0.73,0.0012166666666666667,2.5,0.004166666666666667,0,0.0,0.27,487.14,895.1851851851852,-0.025620953333333335
A,1.2,22,45766,aa999d8a05a6521a5c6b2f035f876034928828a6f6c1f9b28f4eca4dbf40ef08,False,500,600,16.0,0.06,100,3000,2.24,0.0037333333333333337,2.24,0.0037333333333333337,4.73,0.007883333333333334,2,0.0033333333333333335,,785.72,,0.004828573333333333
A,1.2,23,47769,27f8863b01a77516c42eeb40dac09aa0a14207dcb396d706bb21bfb99cbbfb9f,True,500,600,16.0,0.06,100,3000,0.98,0.0016333333333333332,0.98,0.0016333333333333332,4.05,0.00675,0,0.0,0.02,383.33,1481.5,-0.00023889000000000017
A,1.2,24,49772,3894bb0653e690843f3c6cd71b0b1c91a18996e24743aff1d3a356df14743dc9,False,500,600,16.0,0.06,100,3000,1.27,0.002116666666666667,1.27,0.002116666666666667,3.54,0.0059,1,0.0016666666666666668,,874.13,,0.0028247100000000002
A,1.2,25,51775,8d48d424dcf79cdc86e4ae8aeaf5811b23b37dc8c5bc47c1daefb53a680e8f47,True,500,600,16.0,0.06,100,3000,0.84,0.0014,0.84,0.0014,3.33,0.00555,0,0.0,0.16,280.65,1203.3125,-0.01450645
A,1.2,26,53778,db813954ccedf890dd33a71aab5ec9ae396c378a2e112ff6b0cd1035a4c4de3e,True,500,600,16.0,0.06,100,3000,0.0,0.0,0.0,0.0,0.0,0.0,0,0.0,1.0,124.91,124.91,-0.09995836333333334
A,1.2,27,55781,8cfe51a5a6ef051a69b48d051feebe17932eb75e66a19bd3aabb4877b2bb70cb,True,500,600,16.0,0.06,100,3000,0.05,8.333333333333334e-05,0.05,8.333333333333334e-05,0.13,0.00021666666666666668,0,0.0,0.95,754.57,767.7473684210527,-0.09466514333333333
A,1.2,28,57784,43bf1ae940f48ba46da71ff48fbc108827cfdab30b880a818347646cdec6dee7,False,500,600,16.0,0.06,100,3000,1.61,0.0026833333333333336,1.61,0.0026833333333333336,4.05,0.00675,1,0.0016666666666666668,,593.18,,0.003297726666666667
A,1.2,29,59787,86cc1d37d5c5be935822c121cd6fcd10d34c25c123dcd77d08a9414a3fd7cd75,False,500,600,16.0,0.06,100,3000,2.14,0.0035666666666666668,2.14,0.0035666666666666668,4.72,0.007866666666666666,2,0.0033333333333333335,,937.59,,0.00471253
A,1.2,0,1700,3ea1fa01cc3da10f9f1678e3ec378035fb483e7ad907af7272e00f345fefe294,True,500,600,16.0,0.08,100,3000,0.13,0.00021666666666666668,0.13,0.00021666666666666668,0.47,0.0007833333333333333,0,0.0,0.87,858.22,899.2758620689655,-0.08649726
A,1.2,1,3703,37714a28925a2687ce83e161ad3d7e5c5115cf093c9da52c36821dada33ae023,False,500,600,16.0,0.08,100,3000,2.45,0.004083333333333334,2.45,0.004083333333333334,5.73,0.009550000000000001,2,0.0033333333333333335,,705.54,,0.005151846666666667
A,1.2,2,5706,833410b8e4a70b136dda7b89f3f0aac79596e6f8fdb43f851ddeb4fce8d5ee6f,False,500,600,16.0,0.08,100,3000,2.41,0.004016666666666667,2.41,0.004016666666666667,5.61,0.00935,2,0.0033333333333333335,,358.6,,0.004969533333333333
A,1.2,3,7709,ff45cf07b0db6431caf1ac127754bb58f3cd66d97b63a98b11d73e129bfdc154,False,500,600,16.0,0.08,100,3000,1.77,0.00295,1.77,0.00295,4.77,0.007949999999999999,1,0.0016666666666666668,,897.17,,0.0036657233333333332
A,1.2,4,9712,1136a3e30b479506765af8d183d1e027ee45abfa48525e78d8cbcc4b7c7337d5,False,500,600,16.0,0.08,100,3000,2.11,0.0035166666666666666,2.11,0.0035166666666666666,5.5,0.009166666666666667,1,0.0016666666666666668,,595.31,,0.00413177
A,1.2,5,11715,14543b9f6b7ade3455cd172c107f42b6368fbcdbbd1c821c6a6741731dc999bb,True,500,600,16.0,0.08,100,3000,0.57,0.0009499999999999999,0.57,0.0009499999999999999,2.42,0.004033333333333333,0,0.0,0.43,523.98,798.5116279069767,-0.041875340000000004
A,1.2,6,13718,46636fa878f018a3a4254af5ba92a0a1ab3155960a91c43744de2d8c78df03f5,True,500,600,16.0,0.08,100,3000,0.36,0.0006,0.36,0.0006,1.58,0.0026333333333333334,0,0.0,0.64,928.6,1284.375,-0.06309046666666666
A,1.2,7,15721,68250a298d025f889db3dcc95f417ef7bcef2a6a7e93deec39af39648ec359b0,False,500,600,16.0,0.08,100,3000,3.48,0.0058,3.48,0.0058,6.01,0.010016666666666667,3,0.005,,650.12,,0.007266706666666667
A,1.2,8,17724,049ae08fa4cba4b924929611ad2e498a9ee291c356920097338b16d4526a6dd9,True,500,600,16.0,0.08,100,3000,0.45,0.00075,0.45,0.00075,1.58,0.0026333333333333334,0,0.0,0.58,970.87,1069.948275862069,-0.05692637666666666
A,1.2,9,19727,d5f82f16d0b7213e8e2f02ed43ca07d06f3892cbff83b3d81592596852252bbf,False,500,600,16.0,0.08,100,3000,1.55,0.0025833333333333333,1.55,0.0025833333333333333,4.25,0.007083333333333333,1,0.0016666666666666668,,864.59,,0.0032881966666666665
A,1.2,10,21730,d344cd79ba6f51e737dbe5ff4b556389b928e7085bd5ee9ae9ddc3334372a7f3,False,500,600,16.0,0.08,100,3000,2.91,0.00485,2.91,0.00485,5.7,0.0095,2,0.0033333333333333335,,1024.13,,0.00602471
A,1.2,11,23733,3bba770c518f7e188e93ed9f84338f94582857feeee5deb1b08f45b4d3494325,False,500,600,16.0,0.08,100,3000,1.0,0.0016666666666666668,1.0,0.0016666666666666668,4.46,0.0074333333333333335,1,0.0016666666666666668,,394.54,,0.0022148466666666667
A,1.2,12,25736,ed09258602005c277e7faaabf77244f736681e8e94cfc2b99dfb414735263b1f,True,500,600,16.0,0.08,100,3000,0.0,0.0,0.0,0.0,0.0,0.0,0,0.0,1.0,250.51,250.51,-0.09991649666666667
A,1.2,13,27739,5358efb19444e9ca1337e6a91cac0a0bf19f0ba41f94a8206eb8d4b1c5c7f667,False,500,600,16.0,0.08,100,3000,2.45,0.004083333333333334,2.45,0.004083333333333334,5.84,0.009733333333333333,2,0.0033333333333333335,,699.5,,0.005149833333333334
A,1.2,14,29742,70044a0a96d5238e57f750b24ae3f8095e82b3c8e1597a9bb56d17aad082b75d,False,500,600,16.0,0.08,100,3000,1.77,0.00295,1.77,0.00295,5.06,0.008433333333333333,1,0.0016666666666666668,,322.16,,0.0034740533333333335
A,1.2,15,31745,3e7878f410def7d62f3dd65ddc530b8cda7bf923e8974170752484b08bc1611c,False,500,600,16.0,0.08,100,3000,1.09,0.0018166666666666667,1.09,0.0018166666666666667,3.77,0.0062833333333333335,1,0.0016666666666666668,,744.28,,0.0024814266666666664
A,1.2,16,33748,651f6d237eb3f6c3c19c627b8f42e468443477ff75012b18d2c14fbbfd2c2edf,True,500,600,16.0,0.08,100,3000,1.0,0.0016666666666666668,1.0,0.0016666666666666668,3.71,0.006183333333333333,0,0.0,0.01,318.93,2272.0,0.0007729766666666667
A,1.2,17,35751,df751b4a39788cd788947a4faf6dad7b2d2a191912bdc7f5a2a5d932b755cbc1,False,500,600,16.0,0.08,100,3000,2.02,0.0033666666666666667,2.02,0.0033666666666666667,5.3,0.008833333333333334,2,0.0033333333333333335,,479.84,,0.004359946666666666
A,1.2,18,37754,309a3f0b179914fc4d44542f7a5fa7a25100dc46b126999d83a5a8c4f4dfb1a2,False,500,600,16.0,0.08,100,3000,1.0,0.0016666666666666668,1.0,0.0016666666666666668,4.57,0.007616666666666667,1,0.0016666666666666668,,220.83,,0.0021569433333333333
A,1.2,19,39757,6ca2d893d357e6222af6d6744d455a09287e8f432ee4569741dc22fd147e637f,True,500,600,16.0,0.08,100,3000,0.46,0.0007666666666666667,0.46,0.0007666666666666667,1.74,0.0029,0,0.0,0.59,1029.76,1209.084745762712,-0.05789008
A,1.2,20,41760,c5841a04765dfc844d644a881f22c1ab9b87ad797f42f244210a24d2b49b2246,True,500,600,16.0,0.08,100,3000,0.0,0.0,0.0,0.0,0.0,0.0,0,0.0,1.0,454.97,454.97,-0.09984834333333334
A,1.2,21,43763,8f8adb312a98d2375b54828fbabff59932b9ea3e3906870a085ebb707bd7689b,True,500,600,16.0,0.08,100,3000,0.71,0.0011833333333333333,0.71,0.0011833333333333333,2.53,0.004216666666666666,0,0.0,0.29,513.6,909.7241379310345,-0.027645466666666663
A,1.2,22,45766,aa999d8a05a6521a5c6b2f035f876034928828a6f6c1f9b28f4eca4dbf40ef08,False,500,600,16.0,0.08,100,3000,2.23,0.0037166666666666667,2.23,0.0037166666666666667,4.91,0.008183333333333334,2,0.0033333333333333335,,820.91,,0.004823636666666667
A,1.2,23,47769,27f8863b01a77516c42eeb40dac09aa0a14207dcb396d706bb21bfb99cbbfb9f,True,500,600,16.0,0.08,100,3000,0.99,0.00165,0.99,0.00165,4.16,0.006933333333333334,0,0.0,0.01,386.46,2700.0,0.00077882
A,1.2,24,49772,3894bb0653e690843f3c6cd71b0b1c91a18996e24743aff1d3a356df14743dc9,False,500,600,16.0,0.08,100,3000,1.25,0.0020833333333333333,1.25,0.0020833333333333333,3.59,0.005983333333333333,1,0.0016666666666666668,,933.14,,0.0028110466666666665
A,1.2,25,51775,8d48d424dcf79cdc86e4ae8aeaf5811b23b37dc8c5bc47c1daefb53a680e8f47,True,500,600,16.0,0.08,100,3000,0.82,0.0013666666666666666,0.82,0.0013666666666666666,3.36,0.0056,0,0.0,0.18,329.44,1275.7777777777778,-0.01652352
A,1.2,26,53778,db813954ccedf890dd33a71aab5ec9ae396c378a2e112ff6b0cd1035a4c4de3e,True,500,600,16.0,0.08,100,3000,0.0,0.0,0.0,0.0,0.0,0.0,0,0.0,1.0,136.5,136.5,-0.0999545
A,1.2,27,55781,8cfe51a5a6ef051a69b48d051feebe17932eb75e66a19bd3aabb4877b2bb70cb,True,500,600,16.0,0.08,100,3000,0.04,6.666666666666667e-05,0.04,6.666666666666667e-05,0.13,0.00021666666666666668,0,0.0,0.96,772.08,787.9270833333334,-0.09567597333333333
A,1.2,28,57784,43bf1ae940f48ba46da71ff48fbc108827cfdab30b880a818347646cdec6dee7,False,500,600,16.0,0.08,100,3000,1.55,0.0025833333333333333,1.55,0.0025833333333333333,4.24,0.007066666666666667,1,0.0016666666666666668,,663.92,,0.003221306666666667
A,1.2,29,59787,86cc1d37d5c5be935822c121cd6fcd10d34c25c123dcd77d08a9414a3fd7cd75,False,500,600,16.0,0.08,100,3000,2.16,0.0036000000000000003,2.16,0.0036000000000000003,4.86,0.008100000000000001,2,0.0033333333333333335,,942.84,,0.0047476133333333335
A,1.2,0,1700,3ea1fa01cc3da10f9f1678e3ec378035fb483e7ad907af7272e00f345fefe294,True,500,600,16.0,0.12,100,3000,0.16,0.0002666666666666667,0.16,0.0002666666666666667,0.66,0.0011,0,0.0,0.84,855.54,900.0238095238095,-0.08344815333333334
A,1.2,1,3703,37714a28925a2687ce83e161ad3d7e5c5115cf093c9da52c36821dada33ae023,False,500,600,16.0,0.12,100,3000,2.51,0.004183333333333333,2.51,0.004183333333333333,5.87,0.009783333333333333,2,0.0033333333333333335,,692.56,,0.00524752
A,1.2,2,5706,833410b8e4a70b136dda7b89f3f0aac79596e6f8fdb43f851ddeb4fce8d5ee6f,False,500,600,16.0,0.12,100,3000,2.46,0.0041,2.46,0.0041,5.86,0.009766666666666667,2,0.0033333333333333335,,285.89,,0.005028630000000001
A,1.2,3,7709,ff45cf07b0db6431caf1ac127754bb58f3cd66d97b63a98b11d73e129bfdc154,False,500,600,16.0,0.12,100,3000,1.77,0.00295,1.77,0.00295,5.14,0.008566666666666667,1,0.0016666666666666668,,887.12,,0.003662373333333333
A,1.2,4,9712,1136a3e30b479506765af8d183d1e027ee45abfa48525e78d8cbcc4b7c7337d5,False,500,600,16.0,0.12,100,3000,2.1,0.0035,2.1,0.0035,5.64,0.009399999999999999,1,0.0016666666666666668,,703.37,,0.004151123333333333
A,1.2,5,11715,14543b9f6b7ade3455cd172c107f42b6368fbcdbbd1c821c6a6741731dc999bb,True,500,600,16.0,0.12,100,3000,0.55,0.0009166666666666668,0.55,0.0009166666666666668,2.37,0.00395,0,0.0,0.45,543.92,798.4,-0.04390202666666667
A,1.2,6,13718,46636fa878f018a3a4254af5ba92a0a1ab3155960a91c43744de2d8c78df03f5,True,500,600,16.0,0.12,100,3000,0.43,0.0007166666666666667,0.43,0.0007166666666666667,2.04,0.0034000000000000002,0,0.0,0.57,834.2,1150.017543859649,-0.056005266666666664
A,1.2,7,15721,68250a298d025f889db3dcc95f417ef7bcef2a6a7e93deec39af39648ec359b0,False,500,600,16.0,0.12,100,3000,3.47,0.005783333333333334,3.47,0.005783333333333334,6.34,0.010566666666666667,3,0.005,,702.44,,0.007267480000000001
A,1.2,8,17724,049ae08fa4cba4b924929611ad2e498a9ee291c356920097338b16d4526a6dd9,True,500,600,16.0,0.12,100,3000,0.44,0.0007333333333333333,0.44,0.0007333333333333333,1.62,0.0027,0,0.0,0.6,1178.34,1390.1833333333334,-0.05887388666666666
A,1.2,9,19727,d5f82f16d0b7213e8e2f02ed43ca07d06f3892cbff83b3d81592596852252bbf,False,500,600,16.0,0.12,100,3000,1.6,0.002666666666666667,1.6,0.002666666666666667,4.65,0.007750000000000001,1,0.0016666666666666668,,864.54,,0.0033715133333333336
A,1.2,10,21730,d344cd79ba6f51e737dbe5ff4b556389b928e7085bd5ee9ae9ddc3334372a7f3,False,500,600,16.0,0.12,100,3000,2.95,0.004916666666666667,2.95,0.004916666666666667,6.0,0.01,2,0.0033333333333333335,,876.52,,0.0060421733333333345
A,1.2,11,23733,3bba770c518f7e188e93ed9f84338f94582857feeee5deb1b08f45b4d3494325,False,500,600,16.0,0.12,100,3000,1.0,0.0016666666666666668,1.0,0.0016666666666666668,4.62,0.0077,1,0.0016666666666666668,,443.34,,0.0022311133333333334
A,1.2,12,25736,ed09258602005c277e7faaabf77244f736681e8e94cfc2b99dfb414735263b1f,True,500,600,16.0,0.12,100,3000,0.0,0.0,0.0,0.0,0.0,0.0,0,0.0,1.0,329.61,329.61,-0.09989013000000001
A,1.2,13,27739,5358efb19444e9ca1337e6a91cac0a0bf19f0ba41f94a8206eb8d4b1c5c7f667,False,500,600,16.0,0.12,100,3000,2.49,0.00415,2.49,0.00415,6.23,0.010383333333333335,2,0.0033333333333333335,,551.31,,0.005167103333333333
A,1.2,14,29742,70044a0a96d5238e57f750b24ae3f8095e82b3c8e1597a9bb56d17aad082b75d,False,500,600,16.0,0.12,100,3000,1.64,0.0027333333333333333,1.64,0.0027333333333333333,5.1,0.008499999999999999,1,0.0016666666666666668,,347.71,,0.0032659033333333333
A,1.2,15,31745,3e7878f410def7d62f3dd65ddc530b8cda7bf923e8974170752484b08bc1611c,False,500,600,16.0,0.12,100,3000,1.16,0.0019333333333333331,1.16,0.0019333333333333331,4.22,0.007033333333333333,1,0.0016666666666666668,,668.53,,0.002572843333333333
A,1.2,16,33748,651f6d237eb3f6c3c19c627b8f42e468443477ff75012b18d2c14fbbfd2c2edf,True,500,600,16.0,0.12,100,3000,0.98,0.0016333333333333332,0.98,0.0016333333333333332,3.98,0.006633333333333333,0,0.0,0.02,317.11,156.0,-0.0002609633333333335
A,1.2,17,35751,df751b4a39788cd788947a4faf6dad7b2d2a191912bdc7f5a2a5d932b755cbc1,False,500,600,16.0,0.12,100,3000,2.01,0.0033499999999999997,2.01,0.0033499999999999997,5.5,0.009166666666666667,2,0.0033333333333333335,,512.43,,0.004354143333333334
A,1.2,18,37754,309a3f0b179914fc4d44542f7a5fa7a25100dc46b126999d83a5a8c4f4dfb1a2,False,500,600,16.0,0.12,100,3000,1.0,0.0016666666666666668,1.0,0.0016666666666666668,5.09,0.008483333333333332,1,0.0016666666666666668,,250.01,,0.00216667
A,1.2,19,39757,6ca2d893d357e6222af6d6744d455a09287e8f432ee4569741dc22fd147e637f,True,500,600,16.0,0.12,100,3000,0.44,0.0007333333333333333,0.44,0.0007333333333333333,1.88,0.003133333333333333,0,0.0,0.57,1147.48,1319.0701754385964,-0.05588417333333333
A,1.2,20,41760,c5841a04765dfc844d644a881f22c1ab9b87ad797f42f244210a24d2b49b2246,True,500,600,16.0,0.12,100,3000,0.01,1.6666666666666667e-05,0.01,1.6666666666666667e-05,0.04,6.666666666666667e-05,0,0.0,0.99,574.58,579.030303030303,-0.09879180666666668
A,1.2,21,43763,8f8adb312a98d2375b54828fbabff59932b9ea3e3906870a085ebb707bd7689b,True,500,600,16.0,0.12,100,3000,0.74,0.0012333333333333332,0.74,0.0012333333333333332,2.68,0.0044666666666666665,0,0.0,0.26,521.8,949.8846153846154,-0.024592733333333335
A,1.2,22,45766,aa999d8a05a6521a5c6b2f035f876034928828a6f6c1f9b28f4eca4dbf40ef08,False,500,600,16.0,0.12,100,3000,2.18,0.0036333333333333335,2.18,0.0036333333333333335,5.15,0.008583333333333333,2,0.0033333333333333335,,929.8,,0.0047766
A,1.2,23,47769,27f8863b01a77516c42eeb40dac09aa0a14207dcb396d706bb21bfb99cbbfb9f,True,500,600,16.0,0.12,100,3000,1.0,0.0016666666666666668,1.0,0.0016666666666666668,4.39,0.007316666666666666,1,0.0016666666666666668,0.0,346.86,,0.002198953333333333
A,1.2,24,49772,3894bb0653e690843f3c6cd71b0b1c91a18996e24743aff1d3a356df14743dc9,False,500,600,16.0,0.12,100,3000,1.24,0.0020666666666666667,1.24,0.0020666666666666667,3.69,0.00615,1,0.0016666666666666668,,919.15,,0.002789716666666667
A,1.2,25,51775,8d48d424dcf79cdc86e4ae8aeaf5811b23b37dc8c5bc47c1daefb53a680e8f47,True,500,600,16.0,0.12,100,3000,0.84,0.0014,0.84,0.0014,3.73,0.006216666666666666,0,0.0,0.16,327.23,1349.625,-0.014490923333333334
A,1.2,26,53778,db813954ccedf890dd33a71aab5ec9ae396c378a2e112ff6b0cd1035a4c4de3e,True,500,600,16.0,0.12,100,3000,0.0,0.0,0.0,0.0,0.0,0.0,0,0.0,1.0,142.48,142.48,-0.09995250666666668
A,1.2,27,55781,8cfe51a5a6ef051a69b48d051feebe17932eb75e66a19bd3aabb4877b2bb70cb,True,500,600,16.0,0.12,100,3000,0.07,0.00011666666666666668,0.07,0.00011666666666666668,0.25,0.0004166666666666667,0,0.0,0.93,810.62,833.7956989247311,-0.09261312666666668
A,1.2,28,57784,43bf1ae940f48ba46da71ff48fbc108827cfdab30b880a818347646cdec6dee7,False,500,600,16.0,0.12,100,3000,1.63,0.0027166666666666663,1.63,0.0027166666666666663,4.64,0.0077333333333333325,1,0.0016666666666666668,,707.44,,0.0033691466666666663
A,1.2,29,59787,86cc1d37d5c5be935822c121cd6fcd10d34c25c123dcd77d08a9414a3fd7cd75,False,500,600,16.0,0.12,100,3000,2.15,0.0035833333333333333,2.15,0.0035833333333333333,5.12,0.008533333333333334,2,0.0033333333333333335,,865.91,,0.004705303333333333
A,1.2,0,1700,3ea1fa01cc3da10f9f1678e3ec378035fb483e7ad907af7272e00f345fefe294,True,500,600,20.0,0.0,100,3000,0.14,0.00023333333333333336,0.14,0.00023333333333333336,0.57,0.0009499999999999999,0,0.0,0.86,706.52,749.3023255813954,-0.08553116000000001
A,1.2,1,3703,37714a28925a2687ce83e161ad3d7e5c5115cf093c9da52c36821dada33ae023,False,500,600,20.0,0.0,100,3000,2.53,0.004216666666666666,2.53,0.004216666666666666,5.12,0.008533333333333334,2,0.0033333333333333335,,635.77,,0.005261923333333333
A,1.2,2,5706,833410b8e4a70b136dda7b89f3f0aac79596e6f8fdb43f851ddeb4fce8d5ee6f,False,500,600,20.0,0.0,100,3000,2.37,0.00395,2.37,0.00395,5.23,0.008716666666666668,2,0.0033333333333333335,,390.11,,0.00491337
A,1.2,3,7709,ff45cf07b0db6431caf1ac127754bb58f3cd66d97b63a98b11d73e129bfdc154,False,500,600,20.0,0.0,100,3000,1.7,0.002833333333333333,1.7,0.002833333333333333,4.55,0.007583333333333333,1,0.0016666666666666668,,940.39,,0.0035634633333333334
A,1.2,4,9712,1136a3e30b479506765af8d183d1e027ee45abfa48525e78d8cbcc4b7c7337d5,False,500,600,20.0,0.0,100,3000,2.16,0.0036000000000000003,2.16,0.0036000000000000003,4.77,0.007949999999999999,1,0.0016666666666666668,,664.36,,0.00423812
A,1.2,5,11715,14543b9f6b7ade3455cd172c107f42b6368fbcdbbd1c821c6a6741731dc999bb,True,500,600,20.0,0.0,100,3000,0.46,0.0007666666666666667,0.46,0.0007666666666666667,1.52,0.002533333333333333,0,0.0,0.54,542.01,732.4074074074074,-0.05305266333333334
A,1.2,6,13718,46636fa878f018a3a4254af5ba92a0a1ab3155960a91c43744de2d8c78df03f5,True,500,600,20.0,0.0,100,3000,0.36,0.0006,0.36,0.0006,1.42,0.0023666666666666667,0,0.0,0.64,785.36,1076.828125,-0.06313821333333333
A,1.2,7,15721,68250a298d025f889db3dcc95f417ef7bcef2a6a7e93deec39af39648ec359b0,False,500,600,20.0,0.0,100,3000,3.49,0.005816666666666667,3.49,0.005816666666666667,5.98,0.009966666666666667,3,0.005,,587.97,,0.007262656666666667
A,1.2,8,17724,049ae08fa4cba4b924929611ad2e498a9ee291c356920097338b16d4526a6dd9,True,500,600,20.0,0.0,100,3000,0.39,0.00065,0.39,0.00065,1.08,0.0018000000000000002,0,0.0,0.66,1029.89,1255.8939393939395,-0.06500670333333333
A,1.2,9,19727,d5f82f16d0b7213e8e2f02ed43ca07d06f3892cbff83b3d81592596852252bbf,False,500,600,20.0,0.0,100,3000,1.5,0.0025,1.5,0.0025,3.9,0.0065,1,0.0016666666666666668,,854.36,,0.0032014533333333335
A,1.2,10,21730,d344cd79ba6f51e737dbe5ff4b556389b928e7085bd5ee9ae9ddc3334372a7f3,False,500,600,20.0,0.0,100,3000,2.87,0.004783333333333334,2.87,0.004783333333333334,5.31,0.008849999999999998,2,0.0033333333333333335,,931.81,,0.005927270000000001
A,1.2,11,23733,3bba770c518f7e188e93ed9f84338f94582857feeee5deb1b08f45b4d3494325,False,500,600,20.0,0.0,100,3000,1.0,0.0016666666666666668,1.0,0.0016666666666666668,3.97,0.006616666666666667,1,0.0016666666666666668,,341.71,,0.0021972366666666667
A,1.2,12,25736,ed09258602005c277e7faaabf77244f736681e8e94cfc2b99dfb414735263b1f,True,500,600,20.0,0.0,100,3000,0.0,0.0,0.0,0.0,0.0,0.0,0,0.0,1.0,217.93,217.93,-0.09992735666666668
A,1.2,13,27739,5358efb19444e9ca1337e6a91cac0a0bf19f0ba41f94a8206eb8d4b1c5c7f667,False,500,600,20.0,0.0,100,3000,2.36,0.003933333333333333,2.36,0.003933333333333333,5.29,0.008816666666666667,2,0.0033333333333333335,,756.84,,0.005018946666666666
A,1.2,14,29742,70044a0a96d5238e57f750b24ae3f8095e82b3c8e1597a9bb56d17aad082b75d,False,500,600,20.0,0.0,100,3000,1.64,0.0027333333333333333,1.64,0.0027333333333333333,4.57,0.007616666666666667,1,0.0016666666666666668,,420.09,,0.00329003
A,1.2,15,31745,3e7878f410def7d62f3dd65ddc530b8cda7bf923e8974170752484b08bc1611c,False,500,600,20.0,0.0,100,3000,1.08,0.0018000000000000002,1.08,0.0018000000000000002,3.21,0.00535,1,0.0016666666666666668,,589.58,,0.0024131933333333333
A,1.2,16,33748,651f6d237eb3f6c3c19c627b8f42e468443477ff75012b18d2c14fbbfd2c2edf,True,500,600,20.0,0.0,100,3000,0.96,0.0015999999999999999,0.96,0.0015999999999999999,3.21,0.00535,0,0.0,0.04,269.47,735.0,-0.002310176666666667
A,1.2,17,35751,df751b4a39788cd788947a4faf6dad7b2d2a191912bdc7f5a2a5d932b755cbc1,False,500,600,20.0,0.0,100,3000,2.0,0.0033333333333333335,2.0,0.0033333333333333335,4.81,0.008016666666666667,2,0.0033333333333333335,,426.75,,0.004308916666666667
A,1.2,18,37754,309a3f0b179914fc4d44542f7a5fa7a25100dc46b126999d83a5a8c4f4dfb1a2,False,500,600,20.0,0.0,100,3000,1.0,0.0016666666666666668,1.0,0.0016666666666666668,4.05,0.00675,1,0.0016666666666666668,,199.83,,0.0021499433333333332
A,1.2,19,39757,6ca2d893d357e6222af6d6744d455a09287e8f432ee4569741dc22fd147e637f,True,500,600,20.0,0.0,100,3000,0.41,0.0006833333333333333,0.41,0.0006833333333333333,1.34,0.0022333333333333333,0,0.0,0.6,959.23,1108.7333333333333,-0.05899692333333333
A,1.2,20,41760,c5841a04765dfc844d644a881f22c1ab9b87ad797f42f244210a24d2b49b2246,True,500,600,20.0,0.0,100,3000,0.01,1.6666666666666667e-05,0.01,1.6666666666666667e-05,0.03,4.9999999999999996e-05,0,0.0,0.99,432.29,435.8888888888889,-0.09883923666666668
A,1.2,21,43763,8f8adb312a98d2375b54828fbabff59932b9ea3e3906870a085ebb707bd7689b,True,500,600,20.0,0.0,100,3000,0.73,0.0012166666666666667,0.73,0.0012166666666666667,2.24,0.0037333333333333337,0,0.0,0.27,492.19,952.2592592592592,-0.025619270000000003
A,1.2,22,45766,aa999d8a05a6521a5c6b2f035f876034928828a6f6c1f9b28f4eca4dbf40ef08,False,500,600,20.0,0.0,100,3000,2.18,0.0036333333333333335,2.18,0.0036333333333333335,4.32,0.007200000000000001,2,0.0033333333333333335,,781.46,,0.004727153333333334
A,1.2,23,47769,27f8863b01a77516c42eeb40dac09aa0a14207dcb396d706bb21bfb99cbbfb9f,True,500,600,20.0,0.0,100,3000,0.95,0.0015833333333333333,0.95,0.0015833333333333333,3.63,0.00605,0,0.0,0.05,346.83,1131.0,-0.0033010566666666677
A,1.2,24,49772,3894bb0653e690843f3c6cd71b0b1c91a18996e24743aff1d3a356df14743dc9,False,500,600,20.0,0.0,100,3000,1.2,0.002,1.2,0.002,3.42,0.0057,1,0.0016666666666666668,,959.55,,0.002736516666666667
A,1.2,25,51775,8d48d424dcf79cdc86e4ae8aeaf5811b23b37dc8c5bc47c1daefb53a680e8f47,True,500,600,20.0,0.0,100,3000,0.83,0.0013833333333333332,0.83,0.0013833333333333332,3.06,0.0051,0,0.0,0.17,285.32,1211.8823529411766,-0.01552156
A,1.2,26,53778,db813954ccedf890dd33a71aab5ec9ae396c378a2e112ff6b0cd1035a4c4de3e,True,500,600,20.0,0.0,100,3000,0.0,0.0,0.0,0.0,0.0,0.0,0,0.0,1.0,114.12,114.12,-0.09996196
A,1.2,27,55781,8cfe51a5a6ef051a69b48d051feebe17932eb75e66a19bd3aabb4877b2bb70cb,True,500,600,20.0,0.0,100,3000,0.07,0.00011666666666666668,0.07,0.00011666666666666668,0.13,0.00021666666666666668,0,0.0,0.93,813.95,841.0,-0.09261201666666669
A,1.2,28,57784,43bf1ae940f48ba46da71ff48fbc108827cfdab30b880a818347646cdec6dee7,False,500,600,20.0,0.0,100,3000,1.53,0.00255,1.53,0.00255,3.82,0.006366666666666666,1,0.0016666666666666668,,582.1,,0.0031607000000000002
A,1.2,29,59787,86cc1d37d5c5be935822c121cd6fcd10d34c25c123dcd77d08a9414a3fd7cd75,False,500,600,20.0,0.0,100,3000,2.1,0.0035,2.1,0.0035,4.51,0.007516666666666666,2,0.0033333333333333335,,1010.37,,0.004670123333333333
A,1.2,0,1700,3ea1fa01cc3da10f9f1678e3ec378035fb483e7ad907af7272e00f345fefe294,True,500,600,20.0,0.02,100,3000,0.1,0.0001666666666666667,0.1,0.0001666666666666667,0.34,0.0005666666666666667,0,0.0,0.91,743.61,772.6813186813187,-0.09058546333333335
A,1.2,1,3703,37714a28925a2687ce83e161ad3d7e5c5115cf093c9da52c36821dada33ae023,False,500,600,20.0,0.02,100,3000,2.5,0.004166666666666667,2.5,0.004166666666666667,5.24,0.008733333333333334,2,0.0033333333333333335,,663.74,,0.005221246666666667
A,1.2,2,5706,833410b8e4a70b136dda7b89f3f0aac79596e6f8fdb43f851ddeb4fce8d5ee6f,False,500,600,20.0,0.02,100,3000,2.37,0.00395,2.37,0.00395,5.25,0.00875,2,0.0033333333333333335,,405.35,,0.00491845
A,1.2,3,7709,ff45cf07b0db6431caf1ac127754bb58f3cd66d97b63a98b11d73e129bfdc154,False,500,600,20.0,0.02,100,3000,1.79,0.0029833333333333335,1.79,0.0029833333333333335,4.67,0.007783333333333333,1,0.0016666666666666668,,876.4,,0.0036921333333333334
A,1.2,4,9712,1136a3e30b479506765af8d183d1e027ee45abfa48525e78d8cbcc4b7c7337d5,False,500,600,20.0,0.02,100,3000,2.08,0.003466666666666667,2.08,0.003466666666666667,4.93,0.008216666666666666,1,0.0016666666666666668,,644.84,,0.00409828
A,1.2,5,11715,14543b9f6b7ade3455cd172c107f42b6368fbcdbbd1c821c6a6741731dc999bb,True,500,600,20.0,0.02,100,3000,0.52,0.0008666666666666667,0.52,0.0008666666666666667,1.76,0.0029333333333333334,0,0.0,0.48,560.89,815.6458333333334,-0.04694637
A,1.2,6,13718,46636fa878f018a3a4254af5ba92a0a1ab3155960a91c43744de2d8c78df03f5,True,500,600,20.0,0.02,100,3000,0.34,0.0005666666666666667,0.34,0.0005666666666666667,1.34,0.0022333333333333333,0,0.0,0.66,792.3,1048.2424242424242,-0.06516923333333334
A,1.2,7,15721,68250a298d025f889db3dcc95f417ef7bcef2a6a7e93deec39af39648ec359b0,False,500,600,20.0,0.02,100,3000,3.54,0.0059,3.54,0.0059,6.06,0.0101,3,0.005,,568.98,,0.0073396600000000005
A,1.2,8,17724,049ae08fa4cba4b924929611ad2e498a9ee291c356920097338b16d4526a6dd9,True,500,600,20.0,0.02,100,3000,0.37,0.0006166666666666666,0.37,0.0006166666666666666,1.1,0.0018333333333333335,0,0.0,0.67,1171.91,1403.5223880597016,-0.06599269666666667
A,1.2,9,19727,d5f82f16d0b7213e8e2f02ed43ca07d06f3892cbff83b3d81592596852252bbf,False,500,600,20.0,0.02,100,3000,1.5,0.0025,1.5,0.0025,3.98,0.006633333333333333,1,0.0016666666666666668,,925.98,,0.003225326666666667
A,1.2,10,21730,d344cd79ba6f51e737dbe5ff4b556389b928e7085bd5ee9ae9ddc3334372a7f3,False,500,600,20.0,0.02,100,3000,2.88,0.0048,2.88,0.0048,5.39,0.008983333333333333,2,0.0033333333333333335,,1025.61,,0.005975203333333333
A,1.2,11,23733,3bba770c518f7e188e93ed9f84338f94582857feeee5deb1b08f45b4d3494325,False,500,600,20.0,0.02,100,3000,1.0,0.0016666666666666668,1.0,0.0016666666666666668,4.01,0.006683333333333333,1,0.0016666666666666668,,356.7,,0.002202233333333333
A,1.2,12,25736,ed09258602005c277e7faaabf77244f736681e8e94cfc2b99dfb414735263b1f,True,500,600,20.0,0.02,100,3000,0.0,0.0,0.0,0.0,0.0,0.0,0,0.0,1.0,243.39,243.39,-0.09991887
A,1.2,13,27739,5358efb19444e9ca1337e6a91cac0a0bf19f0ba41f94a8206eb8d4b1c5c7f667,False,500,600,20.0,0.02,100,3000,2.4,0.004,2.4,0.004,5.42,0.009033333333333332,2,0.0033333333333333335,,667.06,,0.0050556866666666665
A,1.2,14,29742,70044a0a96d5238e57f750b24ae3f8095e82b3c8e1597a9bb56d17aad082b75d,False,500,600,20.0,0.02,100,3000,1.58,0.0026333333333333334,1.58,0.0026333333333333334,4.66,0.0077666666666666665,1,0.0016666666666666668,,492.17,,0.003214056666666667
A,1.2,15,31745,3e7878f410def7d62f3dd65ddc530b8cda7bf923e8974170752484b08bc1611c,False,500,600,20.0,0.02,100,3000,1.14,0.0018999999999999998,1.14,0.0018999999999999998,3.29,0.005483333333333333,1,0.0016666666666666668,,679.34,,0.002543113333333333
A,1.2,16,33748,651f6d237eb3f6c3c19c627b8f42e468443477ff75012b18d2c14fbbfd2c2edf,True,500,600,20.0,0.02,100,3000,0.96,0.0015999999999999999,0.96,0.0015999999999999999,3.3,0.0055,0,0.0,0.04,309.26,976.5,-0.0022969133333333334
A,1.2,17,35751,df751b4a39788cd788947a4faf6dad7b2d2a191912bdc7f5a2a5d932b755cbc1,False,500,600,20.0,0.02,100,3000,2.01,0.0033499999999999997,2.01,0.0033499999999999997,4.92,0.0082,2,0.0033333333333333335,,443.45,,0.00433115
A,1.2,18,37754,309a3f0b179914fc4d44542f7a5fa7a25100dc46b126999d83a5a8c4f4dfb1a2,False,500,600,20.0,0.02,100,3000,1.0,0.0016666666666666668,1.0,0.0016666666666666668,4.09,0.006816666666666666,1,0.0016666666666666668,,213.85,,0.0021546166666666666
A,1.2,19,39757,6ca2d893d357e6222af6d6744d455a09287e8f432ee4569741dc22fd147e637f,True,500,600,20.0,0.02,100,3000,0.46,0.0007666666666666667,0.46,0.0007666666666666667,1.61,0.0026833333333333336,0,0.0,0.55,911.87,1153.6727272727273,-0.053929376666666674
A,1.2,20,41760,c5841a04765dfc844d644a881f22c1ab9b87ad797f42f244210a24d2b49b2246,True,500,600,20.0,0.02,100,3000,0.0,0.0,0.0,0.0,0.0,0.0,0,0.0,1.0,437.18,437.18,-0.09985427333333334
A,1.2,21,43763,8f8adb312a98d2375b54828fbabff59932b9ea3e3906870a085ebb707bd7689b,True,500,600,20.0,0.02,100,3000,0.76,0.0012666666666666666,0.76,0.0012666666666666666,2.53,0.004216666666666666,0,0.0,0.24,483.13,946.5,-0.022572290000000002
A,1.2,22,45766,aa999d8a05a6521a5c6b2f035f876034928828a6f6c1f9b28f4eca4dbf40ef08,False,500,600,20.0,0.02,100,3000,2.17,0.0036166666666666665,2.17,0.0036166666666666665,4.47,0.007449999999999999,2,0.0033333333333333335,,837.85,,0.004729283333333333
A,1.2,23,47769,27f8863b01a77516c42eeb40dac09aa0a14207dcb396d706bb21bfb99cbbfb9f,True,500,600,20.0,0.02,100,3000,0.98,0.0016333333333333332,0.98,0.0016333333333333332,3.83,0.006383333333333334,0,0.0,0.02,332.28,586.5,-0.00025590666666666683
A,1.2,24,49772,3894bb0653e690843f3c6cd71b0b1c91a18996e24743aff1d3a356df14743dc9,False,500,600,20.0,0.02,100,3000,1.21,0.0020166666666666666,1.21,0.0020166666666666666,3.52,0.005866666666666667,1,0.0016666666666666668,,979.25,,0.00275975
A,1.2,25,51775,8d48d424dcf79cdc86e4ae8aeaf5811b23b37dc8c5bc47c1daefb53a680e8f47,True,500,600,20.0,0.02,100,3000,0.84,0.0014,0.84,0.0014,3.09,0.00515,0,0.0,0.16,284.8,1263.125,-0.014505066666666667
A,1.2,26,53778,db813954ccedf890dd33a71aab5ec9ae396c378a2e112ff6b0cd1035a4c4de3e,True,500,600,20.0,0.02,100,3000,0.0,0.0,0.0,0.0,0.0,0.0,0,0.0,1.0,113.02,113.02,-0.09996232666666667
A,1.2,27,55781,8cfe51a5a6ef051a69b48d051feebe17932eb75e66a19bd3aabb4877b2bb70cb,True,500,600,20.0,0.02,100,3000,0.07,0.00011666666666666668,0.07,0.00011666666666666668,0.24,0.00039999999999999996,0,0.0,0.93,754.92,765.989247311828,-0.09263169333333335
A,1.2,28,57784,43bf1ae940f48ba46da71ff48fbc108827cfdab30b880a818347646cdec6dee7,False,500,600,20.0,0.02,100,3000,1.54,0.0025666666666666667,1.54,0.0025666666666666667,3.89,0.006483333333333333,1,0.0016666666666666668,,584.64,,0.0031782133333333336
A,1.2,29,59787,86cc1d37d5c5be935822c121cd6fcd10d34c25c123dcd77d08a9414a3fd7cd75,False,500,600,20.0,0.02,100,3000,2.13,0.0035499999999999998,2.13,0.0035499999999999998,4.61,0.007683333333333334,2,0.0033333333333333335,,962.3,,0.004704099999999999
A,1.2,0,1700,3ea1fa01cc3da10f9f1678e3ec378035fb483e7ad907af7272e00f345fefe294,True,500,600,20.0,0.04,100,3000,0.13,0.00021666666666666668,0.13,0.00021666666666666668,0.5,0.0008333333333333334,0,0.0,0.87,786.24,832.7241379310345,-0.08652125333333334
A,1.2,1,3703,37714a28925a2687ce83e161ad3d7e5c5115cf093c9da52c36821dada33ae023,False,500,600,20.0,0.04,100,3000,2.49,0.00415,2.49,0.00415,5.51,0.009183333333333333,2,0.0033333333333333335,,711.28,,0.0052204266666666665
A,1.2,2,5706,833410b8e4a70b136dda7b89f3f0aac79596e6f8fdb43f851ddeb4fce8d5ee6f,False,500,600,20.0,0.04,100,3000,2.38,0.003966666666666666,2.38,0.003966666666666666,5.52,0.0092,2,0.0033333333333333335,,372.49,,0.004924163333333333
A,1.2,3,7709,ff45cf07b0db6431caf1ac127754bb58f3cd66d97b63a98b11d73e129bfdc154,False,500,600,20.0,0.04,100,3000,1.78,0.0029666666666666665,1.78,0.0029666666666666665,4.68,0.0078,1,0.0016666666666666668,,937.95,,0.003695983333333333
A,1.2,4,9712,1136a3e30b479506765af8d183d1e027ee45abfa48525e78d8cbcc4b7c7337d5,False,500,600,20.0,0.04,100,3000,2.06,0.0034333333333333334,2.06,0.0034333333333333334,5.09,0.008483333333333332,1,0.0016666666666666668,,706.09,,0.004085363333333334
A,1.2,5,11715,14543b9f6b7ade3455cd172c107f42b6368fbcdbbd1c821c6a6741731dc999bb,True,500,600,20.0,0.04,100,3000,0.53,0.0008833333333333334,0.53,0.0008833333333333334,2.05,0.0034166666666666664,0,0.0,0.47,561.61,792.5744680851063,-0.04592946333333334
A,1.2,6,13718,46636fa878f018a3a4254af5ba92a0a1ab3155960a91c43744de2d8c78df03f5,True,500,600,20.0,0.04,100,3000,0.31,0.0005166666666666667,0.31,0.0005166666666666667,1.29,0.00215,0,0.0,0.69,908.11,1181.3623188405797,-0.06818062999999999
A,1.2,7,15721,68250a298d025f889db3dcc95f417ef7bcef2a6a7e93deec39af39648ec359b0,False,500,600,20.0,0.04,100,3000,3.54,0.0059,3.54,0.0059,5.97,0.009949999999999999,3,0.005,,653.13,,0.00736771
A,1.2,8,17724,049ae08fa4cba4b924929611ad2e498a9ee291c356920097338b16d4526a6dd9,True,500,600,20.0,0.04,100,3000,0.42,0.0007,0.42,0.0007,1.39,0.0023166666666666665,0,0.0,0.6,963.81,1218.8833333333334,-0.05897873
A,1.2,9,19727,d5f82f16d0b7213e8e2f02ed43ca07d06f3892cbff83b3d81592596852252bbf,False,500,600,20.0,0.04,100,3000,1.51,0.0025166666666666666,1.51,0.0025166666666666666,4.02,0.006699999999999999,1,0.0016666666666666668,,1013.17,,0.003271056666666667
A,1.2,10,21730,d344cd79ba6f51e737dbe5ff4b556389b928e7085bd5ee9ae9ddc3334372a7f3,False,500,600,20.0,0.04,100,3000,2.88,0.0048,2.88,0.0048,5.43,0.009049999999999999,2,0.0033333333333333335,,1110.64,,0.0060035466666666665
A,1.2,11,23733,3bba770c518f7e188e93ed9f84338f94582857feeee5deb1b08f45b4d3494325,False,500,600,20.0,0.04,100,3000,1.0,0.0016666666666666668,1.0,0.0016666666666666668,4.16,0.006933333333333334,1,0.0016666666666666668,,398.62,,0.002216206666666667
A,1.2,12,25736,ed09258602005c277e7faaabf77244f736681e8e94cfc2b99dfb414735263b1f,True,500,600,20.0,0.04,100,3000,0.0,0.0,0.0,0.0,0.0,0.0,0,0.0,1.0,235.67,235.67,-0.09992144333333335
A,1.2,13,27739,5358efb19444e9ca1337e6a91cac0a0bf19f0ba41f94a8206eb8d4b1c5c7f667,False,500,600,20.0,0.04,100,3000,2.37,0.00395,2.37,0.00395,5.6,0.009333333333333332,2,0.0033333333333333335,,683.57,,0.0050111900000000004
A,1.2,14,29742,70044a0a96d5238e57f750b24ae3f8095e82b3c8e1597a9bb56d17aad082b75d,False,500,600,20.0,0.04,100,3000,1.64,0.0027333333333333333,1.64,0.0027333333333333333,4.78,0.007966666666666667,1,0.0016666666666666668,,416.67,,0.00328889
A,1.2,15,31745,3e7878f410def7d62f3dd65ddc530b8cda7bf923e8974170752484b08bc1611c,False,500,600,20.0,0.04,100,3000,1.11,0.00185,1.11,0.00185,3.47,0.005783333333333334,1,0.0016666666666666668,,747.88,,0.0025159600000000002
A,1.2,16,33748,651f6d237eb3f6c3c19c627b8f42e468443477ff75012b18d2c14fbbfd2c2edf,True,500,600,20.0,0.04,100,3000,0.98,0.0016333333333333332,0.98,0.0016333333333333332,3.53,0.005883333333333333,0,0.0,0.03,275.46,409.0,-0.0012748466666666668
A,1.2,17,35751,df751b4a39788cd788947a4faf6dad7b2d2a191912bdc7f5a2a5d932b755cbc1,False,500,600,20.0,0.04,100,3000,2.0,0.0033333333333333335,2.0,0.0033333333333333335,5.09,0.008483333333333332,2,0.0033333333333333335,,490.68,,0.004330226666666667
A,1.2,18,37754,309a3f0b179914fc4d44542f7a5fa7a25100dc46b126999d83a5a8c4f4dfb1a2,False,500,600,20.0,0.04,100,3000,1.0,0.0016666666666666668,1.0,0.0016666666666666668,4.24,0.007066666666666667,1,0.0016666666666666668,,205.6,,0.002151866666666667
A,1.2,19,39757,6ca2d893d357e6222af6d6744d455a09287e8f432ee4569741dc22fd147e637f,True,500,600,20.0,0.04,100,3000,0.4,0.0006666666666666668,0.4,0.0006666666666666668,1.55,0.0025833333333333333,0,0.0,0.6,1086.22,1296.25,-0.05897126
A,1.2,20,41760,c5841a04765dfc844d644a881f22c1ab9b87ad797f42f244210a24d2b49b2246,True,500,600,20.0,0.04,100,3000,0.0,0.0,0.0,0.0,0.0,0.0,0,0.0,1.0,464.02,464.02,-0.09984532666666668
A,1.2,21,43763,8f8adb312a98d2375b54828fbabff59932b9ea3e3906870a085ebb707bd7689b,True,500,600,20.0,0.04,100,3000,0.75,0.00125,0.75,0.00125,2.52,0.0042,0,0.0,0.25,493.78,969.96,-0.023585406666666666
A,1.2,22,45766,aa999d8a05a6521a5c6b2f035f876034928828a6f6c1f9b28f4eca4dbf40ef08,False,500,600,20.0,0.04,100,3000,2.17,0.0036166666666666665,2.17,0.0036166666666666665,4.59,0.00765,2,0.0033333333333333335,,849.89,,0.004733296666666667
A,1.2,23,47769,27f8863b01a77516c42eeb40dac09aa0a14207dcb396d706bb21bfb99cbbfb9f,True,500,600,20.0,0.04,100,3000,0.98,0.0016333333333333332,0.98,0.0016333333333333332,3.94,0.006566666666666667,0,0.0,0.02,341.59,586.5,-0.0002528033333333335
A,1.2,24,49772,3894bb0653e690843f3c6cd71b0b1c91a18996e24743aff1d3a356df14743dc9,False,500,600,20.0,0.04,100,3000,1.22,0.002033333333333333,1.22,0.002033333333333333,3.56,0.005933333333333333,1,0.0016666666666666668,,977.72,,0.0027759066666666666
A,1.2,25,51775,8d48d424dcf79cdc86e4ae8aeaf5811b23b37dc8c5bc47c1daefb53a680e8f47,True,500,600,20.0,0.04,100,3000,0.86,0.0014333333333333333,0.86,0.0014333333333333333,3.22,0.005366666666666667,0,0.0,0.14,250.33,1109.142857142857,-0.012483223333333335
A,1.2,26,53778,db813954ccedf890dd33a71aab5ec9ae396c378a2e112ff6b0cd1035a4c4de3e,True,500,600,20.0,0.04,100,3000,0.0,0.0,0.0,0.0,0.0,0.0,0,0.0,1.0,121.77,121.77,-0.09995941000000001
A,1.2,27,55781,8cfe51a5a6ef051a69b48d051feebe17932eb75e66a19bd3aabb4877b2bb70cb,True,500,600,20.0,0.04,100,3000,0.04,6.666666666666667e-05,0.04,6.666666666666667e-05,0.06,9.999999999999999e-05,0,0.0,0.96,787.91,796.7083333333334,-0.09567069666666667
A,1.2,28,57784,43bf1ae940f48ba46da71ff48fbc108827cfdab30b880a818347646cdec6dee7,False,500,600,20.0,0.04,100,3000,1.59,0.00265,1.59,0.00265,3.98,0.006633333333333333,1,0.0016666666666666668,,562.55,,0.0032541833333333335
A,1.2,29,59787,86cc1d37d5c5be935822c121cd6fcd10d34c25c123dcd77d08a9414a3fd7cd75,False,500,600,20.0,0.04,100,3000,2.14,0.0035666666666666668,2.14,0.0035666666666666668,4.59,0.00765,2,0.0033333333333333335,,862.24,,0.004687413333333334
A,1.2,0,1700,3ea1fa01cc3da10f9f1678e3ec378035fb483e7ad907af7272e00f345fefe294,True,500,600,20.0,0.06,100,3000,0.12,0.00019999999999999998,0.12,0.00019999999999999998,0.49,0.0008166666666666666,0,0.0,0.88,837.53,886.9318181818181,-0.08752082333333333
A,1.2,1,3703,37714a28925a2687ce83e161ad3d7e5c5115cf093c9da52c36821dada33ae023,False,500,600,20.0,0.06,100,3000,2.44,0.004066666666666666,2.44,0.004066666666666666,5.61,0.00935,2,0.0033333333333333335,,791.76,,0.00516392
A,1.2,2,5706,833410b8e4a70b136dda7b89f3f0aac79596e6f8fdb43f851ddeb4fce8d5ee6f,False,500,600,20.0,0.06,100,3000,2.43,0.004050000000000001,2.43,0.004050000000000001,5.59,0.009316666666666666,2,0.0033333333333333335,,322.55,,0.004990850000000001
A,1.2,3,7709,ff45cf07b0db6431caf1ac127754bb58f3cd66d97b63a98b11d73e129bfdc154,False,500,600,20.0,0.06,100,3000,1.82,0.0030333333333333336,1.82,0.0030333333333333336,4.83,0.00805,1,0.0016666666666666668,,866.72,,0.003738906666666667
A,1.2,4,9712,1136a3e30b479506765af8d183d1e027ee45abfa48525e78d8cbcc4b7c7337d5,False,500,600,20.0,0.06,100,3000,2.12,0.0035333333333333336,2.12,0.0035333333333333336,5.38,0.008966666666666666,1,0.0016666666666666668,,579.28,,0.004143093333333334
A,1.2,5,11715,14543b9f6b7ade3455cd172c107f42b6368fbcdbbd1c821c6a6741731dc999bb,True,500,600,20.0,0.06,100,3000,0.51,0.0008500000000000001,0.51,0.0008500000000000001,2.08,0.003466666666666667,0,0.0,0.49,620.0,905.0408163265306,-0.04794333333333333
A,1.2,6,13718,46636fa878f018a3a4254af5ba92a0a1ab3155960a91c43744de2d8c78df03f5,True,500,600,20.0,0.06,100,3000,0.33,0.00055,0.33,0.00055,1.32,0.0022,0,0.0,0.67,933.8,1234.1940298507463,-0.06613873333333334
A,1.2,7,15721,68250a298d025f889db3dcc95f417ef7bcef2a6a7e93deec39af39648ec359b0,False,500,600,20.0,0.06,100,3000,3.49,0.005816666666666667,3.49,0.005816666666666667,6.05,0.010083333333333333,3,0.005,,679.23,,0.007293076666666667
A,1.2,8,17724,049ae08fa4cba4b924929611ad2e498a9ee291c356920097338b16d4526a6dd9,True,500,600,20.0,0.06,100,3000,0.48,0.0007999999999999999,0.48,0.0007999999999999999,1.54,0.0025666666666666667,0,0.0,0.58,937.69,1165.155172413793,-0.05688743666666666
A,1.2,9,19727,d5f82f16d0b7213e8e2f02ed43ca07d06f3892cbff83b3d81592596852252bbf,False,500,600,20.0,0.06,100,3000,1.55,0.0025833333333333333,1.55,0.0025833333333333333,4.07,0.006783333333333334,1,0.0016666666666666668,,934.59,,0.00331153
A,1.2,10,21730,d344cd79ba6f51e737dbe5ff4b556389b928e7085bd5ee9ae9ddc3334372a7f3,False,500,600,20.0,0.06,100,3000,2.89,0.004816666666666667,2.89,0.004816666666666667,5.56,0.009266666666666666,2,0.0033333333333333335,,1020.48,,0.0059901600000000004
A,1.2,11,23733,3bba770c518f7e188e93ed9f84338f94582857feeee5deb1b08f45b4d3494325,False,500,600,20.0,0.06,100,3000,1.0,0.0016666666666666668,1.0,0.0016666666666666668,4.19,0.006983333333333334,1,0.0016666666666666668,,350.47,,0.0022001566666666667
A,1.2,12,25736,ed09258602005c277e7faaabf77244f736681e8e94cfc2b99dfb414735263b1f,True,500,600,20.0,0.06,100,3000,0.0,0.0,0.0,0.0,0.0,0.0,0,0.0,1.0,231.01,231.01,-0.09992299666666667
A,1.2,13,27739,5358efb19444e9ca1337e6a91cac0a0bf19f0ba41f94a8206eb8d4b1c5c7f667,False,500,600,20.0,0.06,100,3000,2.41,0.004016666666666667,2.41,0.004016666666666667,5.7,0.0095,2,0.0033333333333333335,,643.02,,0.0050643400000000005
A,1.2,14,29742,70044a0a96d5238e57f750b24ae3f8095e82b3c8e1597a9bb56d17aad082b75d,False,500,600,20.0,0.06,100,3000,1.69,0.0028166666666666665,1.69,0.0028166666666666665,4.78,0.007966666666666667,1,0.0016666666666666668,,378.72,,0.0033595733333333334
A,1.2,15,31745,3e7878f410def7d62f3dd65ddc530b8cda7bf923e8974170752484b08bc1611c,False,500,600,20.0,0.06,100,3000,1.09,0.0018166666666666667,1.09,0.0018166666666666667,3.55,0.005916666666666666,1,0.0016666666666666668,,786.55,,0.0024955166666666665
A,1.2,16,33748,651f6d237eb3f6c3c19c627b8f42e468443477ff75012b18d2c14fbbfd2c2edf,True,500,600,20.0,0.06,100,3000,1.0,0.0016666666666666668,1.0,0.0016666666666666668,3.67,0.006116666666666667,0,0.0,0.01,281.83,478.0,0.0007606100000000001
A,1.2,17,35751,df751b4a39788cd788947a4faf6dad7b2d2a191912bdc7f5a2a5d932b755cbc1,False,500,600,20.0,0.06,100,3000,2.0,0.0033333333333333335,2.0,0.0033333333333333335,5.22,0.0087,2,0.0033333333333333335,,515.77,,0.00433859
A,1.2,18,37754,309a3f0b179914fc4d44542f7a5fa7a25100dc46b126999d83a5a8c4f4dfb1a2,False,500,600,20.0,0.06,100,3000,1.0,0.0016666666666666668,1.0,0.0016666666666666668,4.46,0.0074333333333333335,1,0.0016666666666666668,,226.41,,0.002158803333333333
A,1.2,19,39757,6ca2d893d357e6222af6d6744d455a09287e8f432ee4569741dc22fd147e637f,True,500,600,20.0,0.06,100,3000,0.46,0.0007666666666666667,0.46,0.0007666666666666667,1.76,0.0029333333333333334,0,0.0,0.57,947.14,1066.3157894736842,-0.055917619999999994
A,1.2,20,41760,c5841a04765dfc844d644a881f22c1ab9b87ad797f42f244210a24d2b49b2246,True,500,600,20.0,0.06,100,3000,0.0,0.0,0.0,0.0,0.0,0.0,0,0.0,1.0,461.24,461.24,-0.09984625333333334
A,1.2,21,43763,8f8adb312a98d2375b54828fbabff59932b9ea3e3906870a085ebb707bd7689b,True,500,600,20.0,0.06,100,3000,0.73,0.0012166666666666667,0.73,0.0012166666666666667,2.5,0.004166666666666667,0,0.0,0.27,487.14,895.1851851851852,-0.025620953333333335
A,1.2,22,45766,aa999d8a05a6521a5c6b2f035f876034928828a6f6c1f9b28f4eca4dbf40ef08,False,500,600,20.0,0.06,100,3000,2.24,0.0037333333333333337,2.24,0.0037333333333333337,4.73,0.007883333333333334,2,0.0033333333333333335,,785.72,,0.004828573333333333
A,1.2,23,47769,27f8863b01a77516c42eeb40dac09aa0a14207dcb396d706bb21bfb99cbbfb9f,True,500,600,20.0,0.06,100,3000,0.98,0.0016333333333333332,0.98,0.0016333333333333332,4.05,0.00675,0,0.0,0.02,383.33,1481.5,-0.00023889000000000017
A,1.2,24,49772,3894bb0653e690843f3c6cd71b0b1c91a18996e24743aff1d3a356df14743dc9,False,500,600,20.0,0.06,100,3000,1.27,0.002116666666666667,1.27,0.002116666666666667,3.54,0.0059,1,0.0016666666666666668,,874.13,,0.0028247100000000002
A,1.2,25,51775,8d48d424dcf79cdc86e4ae8aeaf5811b23b37dc8c5bc47c1daefb53a680e8f47,True,500,600,20.0,0.06,100,3000,0.84,0.0014,0.84,0.0014,3.33,0.00555,0,0.0,0.16,280.65,1203.3125,-0.01450645
A,1.2,26,53778,db813954ccedf890dd33a71aab5ec9ae396c378a2e112ff6b0cd1035a4c4de3e,True,500,600,20.0,0.06,100,3000,0.0,0.0,0.0,0.0,0.0,0.0,0,0.0,1.0,124.91,124.91,-0.09995836333333334
A,1.2,27,55781,8cfe51a5a6ef051a69b48d051feebe17932eb75e66a19bd3aabb4877b2bb70cb,True,500,600,20.0,0.06,100,3000,0.05,8.333333333333334e-05,0.05,8.333333333333334e-05,0.13,0.00021666666666666668,0,0.0,0.95,754.57,767.7473684210527,-0.09466514333333333
A,1.2,28,57784,43bf1ae940f48ba46da71ff48fbc108827cfdab30b880a818347646cdec6dee7,False,500,600,20.0,0.06,100,3000,1.61,0.0026833333333333336,1.61,0.0026833333333333336,4.05,0.00675,1,0.0016666666666666668,,593.18,,0.003297726666666667
A,1.2,29,59787,86cc1d37d5c5be935822c121cd6fcd10d34c25c123dcd77d08a9414a3fd7cd75,False,500,600,20.0,0.06,100,3000,2.14,0.0035666666666666668,2.14,0.0035666666666666668,4.72,0.007866666666666666,2,0.0033333333333333335,,937.59,,0.00471253
A,1.2,0,1700,3ea1fa01cc3da10f9f1678e3ec378035fb483e7ad907af7272e00f345fefe294,True,500,600,20.0,0.08,100,3000,0.13,0.00021666666666666668,0.13,0.00021666666666666668,0.47,0.0007833333333333333,0,0.0,0.87,858.22,899.2758620689655,-0.08649726
A,1.2,1,3703,37714a28925a2687ce83e161ad3d7e5c5115cf093c9da52c36821dada33ae023,False,500,600,20.0,0.08,100,3000,2.45,0.004083333333333334,2.45,0.004083333333333334,5.73,0.009550000000000001,2,0.0033333333333333335,,705.54,,0.005151846666666667
A,1.2,2,5706,833410b8e4a70b136dda7b89f3f0aac79596e6f8fdb43f851ddeb4fce8d5ee6f,False,500,600,20.0,0.08,100,3000,2.41,0.004016666666666667,2.41,0.004016666666666667,5.61,0.00935,2,0.0033333333333333335,,358.6,,0.004969533333333333
A,1.2,3,7709,ff45cf07b0db6431caf1ac127754bb58f3cd66d97b63a98b11d73e129bfdc154,False,500,600,20.0,0.08,100,3000,1.77,0.00295,1.77,0.00295,4.77,0.007949999999999999,1,0.0016666666666666668,,897.17,,0.0036657233333333332
A,1.2,4,9712,1136a3e30b479506765af8d183d1e027ee45abfa48525e78d8cbcc4b7c7337d5,False,500,600,20.0,0.08,100,3000,2.11,0.0035166666666666666,2.11,0.0035166666666666666,5.5,0.009166666666666667,1,0.0016666666666666668,,595.31,,0.00413177
A,1.2,5,11715,14543b9f6b7ade3455cd172c107f42b6368fbcdbbd1c821c6a6741731dc999bb,True,500,600,20.0,0.08,100,3000,0.57,0.0009499999999999999,0.57,0.0009499999999999999,2.42,0.004033333333333333,0,0.0,0.43,523.98,798.5116279069767,-0.041875340000000004
A,1.2,6,13718,46636fa878f018a3a4254af5ba92a0a1ab3155960a91c43744de2d8c78df03f5,True,500,600,20.0,0.08,100,3000,0.36,0.0006,0.36,0.0006,1.58,0.0026333333333333334,0,0.0,0.64,928.6,1284.375,-0.06309046666666666
A,1.2,7,15721,68250a298d025f889db3dcc95f417ef7bcef2a6a7e93deec39af39648ec359b0,False,500,600,20.0,0.08,100,3000,3.48,0.0058,3.48,0.0058,6.01,0.010016666666666667,3,0.005,,650.12,,0.007266706666666667
A,1.2,8,17724,049ae08fa4cba4b924929611ad2e498a9ee291c356920097338b16d4526a6dd9,True,500,600,20.0,0.08,100,3000,0.45,0.00075,0.45,0.00075,1.58,0.0026333333333333334,0,0.0,0.58,970.87,1069.948275862069,-0.05692637666666666
A,1.2,9,19727,d5f82f16d0b7213e8e2f02ed43ca07d06f3892cbff83b3d81592596852252bbf,False,500,600,20.0,0.08,100,3000,1.55,0.0025833333333333333,1.55,0.0025833333333333333,4.25,0.007083333333333333,1,0.0016666666666666668,,864.59,,0.0032881966666666665
A,1.2,10,21730,d344cd79ba6f51e737dbe5ff4b556389b928e7085bd5ee9ae9ddc3334372a7f3,False,500,600,20.0,0.08,100,3000,2.91,0.00485,2.91,0.00485,5.7,0.0095,2,0.0033333333333333335,,1024.13,,0.00602471
A,1.2,11,23733,3bba770c518f7e188e93ed9f84338f94582857feeee5deb1b08f45b4d3494325,False,500,600,20.0,0.08,100,3000,1.0,0.0016666666666666668,1.0,0.0016666666666666668,4.46,0.0074333333333333335,1,0.0016666666666666668,,394.54,,0.0022148466666666667
A,1.2,12,25736,ed09258602005c277e7faaabf77244f736681e8e94cfc2b99dfb414735263b1f,True,500,600,20.0,0.08,100,3000,0.0,0.0,0.0,0.0,0.0,0.0,0,0.0,1.0,250.51,250.51,-0.09991649666666667
A,1.2,13,27739,5358efb19444e9ca1337e6a91cac0a0bf19f0ba41f94a8206eb8d4b1c5c7f667,False,500,600,20.0,0.08,100,3000,2.45,0.004083333333333334,2.45,0.004083333333333334,5.84,0.009733333333333333,2,0.0033333333333333335,,699.5,,0.005149833333333334
A,1.2,14,29742,70044a0a96d5238e57f750b24ae3f8095e82b3c8e1597a9bb56d17aad082b75d,False,500,600,20.0,0.08,100,3000,1.77,0.00295,1.77,0.00295,5.06,0.008433333333333333,1,0.0016666666666666668,,322.16,,0.0034740533333333335
A,1.2,15,31745,3e7878f410def7d62f3dd65ddc530b8cda7bf923e8974170752484b08bc1611c,False,500,600,20.0,0.08,100,3000,1.09,0.0018166666666666667,1.09,0.0018166666666666667,3.77,0.0062833333333333335,1,0.0016666666666666668,,744.28,,0.0024814266666666664
A,1.2,16,33748,651f6d237eb3f6c3c19c627b8f42e468443477ff75012b18d2c14fbbfd2c2edf,True,500,600,20.0,0.08,100,3000,1.0,0.0016666666666666668,1.0,0.0016666666666666668,3.71,0.006183333333333333,0,0.0,0.01,318.93,2272.0,0.0007729766666666667
A,1.2,17,35751,df751b4a39788cd788947a4faf6dad7b2d2a191912bdc7f5a2a5d932b755cbc1,False,500,600,20.0,0.08,100,3000,2.02,0.0033666666666666667,2.02,0.0033666666666666667,5.3,0.008833333333333334,2,0.0033333333333333335,,479.84,,0.004359946666666666
A,1.2,18,37754,309a3f0b179914fc4d44542f7a5fa7a25100dc46b126999d83a5a8c4f4dfb1a2,False,500,600,20.0,0.08,100,3000,1.0,0.0016666666666666668,1.0,0.0016666666666666668,4.57,0.007616666666666667,1,0.0016666666666666668,,220.83,,0.0021569433333333333
A,1.2,19,39757,6ca2d893d357e6222af6d6744d455a09287e8f432ee4569741dc22fd147e637f,True,500,600,20.0,0.08,100,3000,0.46,0.0007666666666666667,0.46,0.0007666666666666667,1.74,0.0029,0,0.0,0.59,1029.76,1209.084745762712,-0.05789008
A,1.2,20,41760,c5841a04765dfc844d644a881f22c1ab9b87ad797f42f244210a24d2b49b2246,True,500,600,20.0,0.08,100,3000,0.0,0.0,0.0,0.0,0.0,0.0,0,0.0,1.0,454.97,454.97,-0.09984834333333334
A,1.2,21,43763,8f8adb312a98d2375b54828fbabff59932b9ea3e3906870a085ebb707bd7689b,True,500,600,20.0,0.08,100,3000,0.71,0.0011833333333333333,0.71,0.0011833333333333333,2.53,0.004216666666666666,0,0.0,0.29,513.6,909.7241379310345,-0.027645466666666663
A,1.2,22,45766,aa999d8a05a6521a5c6b2f035f876034928828a6f6c1f9b28f4eca4dbf40ef08,False,500,600,20.0,0.08,100,3000,2.23,0.0037166666666666667,2.23,0.0037166666666666667,4.91,0.008183333333333334,2,0.0033333333333333335,,820.91,,0.004823636666666667
A,1.2,23,47769,27f8863b01a77516c42eeb40dac09aa0a14207dcb396d706bb21bfb99cbbfb9f,True,500,600,20.0,0.08,100,3000,0.99,0.00165,0.99,0.00165,4.16,0.006933333333333334,0,0.0,0.01,386.46,2700.0,0.00077882
A,1.2,24,49772,3894bb0653e690843f3c6cd71b0b1c91a18996e24743aff1d3a356df14743dc9,False,500,600,20.0,0.08,100,3000,1.25,0.0020833333333333333,1.25,0.0020833333333333333,3.59,0.005983333333333333,1,0.0016666666666666668,,933.14,,0.0028110466666666665
A,1.2,25,51775,8d48d424dcf79cdc86e4ae8aeaf5811b23b37dc8c5bc47c1daefb53a680e8f47,True,500,600,20.0,0.08,100,3000,0.82,0.0013666666666666666,0.82,0.0013666666666666666,3.36,0.0056,0,0.0,0.18,329.44,1275.7777777777778,-0.01652352
A,1.2,26,53778,db813954ccedf890dd33a71aab5ec9ae396c378a2e112ff6b0cd1035a4c4de3e,True,500,600,20.0,0.08,100,3000,0.0,0.0,0.0,0.0,0.0,0.0,0,0.0,1.0,136.5,136.5,-0.0999545
A,1.2,27,55781,8cfe51a5a6ef051a69b48d051feebe17932eb75e66a19bd3aabb4877b2bb70cb,True,500,600,20.0,0.08,100,3000,0.04,6.666666666666667e-05,0.04,6.666666666666667e-05,0.13,0.00021666666666666668,0,0.0,0.96,772.08,787.9270833333334,-0.09567597333333333
A,1.2,28,57784,43bf1ae940f48ba46da71ff48fbc108827cfdab30b880a818347646cdec6dee7,False,500,600,20.0,0.08,100,3000,1.55,0.0025833333333333333,1.55,0.0025833333333333333,4.24,0.007066666666666667,1,0.0016666666666666668,,663.92,,0.003221306666666667
A,1.2,29,59787,86cc1d37d5c5be935822c121cd6fcd10d34c25c123dcd77d08a9414a3fd7cd75,False,500,600,20.0,0.08,100,3000,2.16,0.0036000000000000003,2.16,0.0036000000000000003,4.86,0.008100000000000001,2,0.0033333333333333335,,942.84,,0.0047476133333333335
A,1.2,0,1700,3ea1fa01cc3da10f9f1678e3ec378035fb483e7ad907af7272e00f345fefe294,True,500,600,20.0,0.12,100,3000,0.16,0.0002666666666666667,0.16,0.0002666666666666667,0.66,0.0011,0,0.0,0.84,855.54,900.0238095238095,-0.08344815333333334
A,1.2,1,3703,37714a28925a2687ce83e161ad3d7e5c5115cf093c9da52c36821dada33ae023,False,500,600,20.0,0.12,100,3000,2.51,0.004183333333333333,2.51,0.004183333333333333,5.87,0.009783333333333333,2,0.0033333333333333335,,692.56,,0.00524752
A,1.2,2,5706,833410b8e4a70b136dda7b89f3f0aac79596e6f8fdb43f851ddeb4fce8d5ee6f,False,500,600,20.0,0.12,100,3000,2.46,0.0041,2.46,0.0041,5.86,0.009766666666666667,2,0.0033333333333333335,,285.89,,0.005028630000000001
A,1.2,3,7709,ff45cf07b0db6431caf1ac127754bb58f3cd66d97b63a98b11d73e129bfdc154,False,500,600,20.0,0.12,100,3000,1.77,0.00295,1.77,0.00295,5.14,0.008566666666666667,1,0.0016666666666666668,,887.12,,0.003662373333333333
A,1.2,4,9712,1136a3e30b479506765af8d183d1e027ee45abfa48525e78d8cbcc4b7c7337d5,False,500,600,20.0,0.12,100,3000,2.1,0.0035,2.1,0.0035,5.64,0.009399999999999999,1,0.0016666666666666668,,703.37,,0.004151123333333333
A,1.2,5,11715,14543b9f6b7ade3455cd172c107f42b6368fbcdbbd1c821c6a6741731dc999bb,True,500,600,20.0,0.12,100,3000,0.55,0.0009166666666666668,0.55,0.0009166666666666668,2.37,0.00395,0,0.0,0.45,543.92,798.4,-0.04390202666666667
A,1.2,6,13718,46636fa878f018a3a4254af5ba92a0a1ab3155960a91c43744de2d8c78df03f5,True,500,600,20.0,0.12,100,3000,0.43,0.0007166666666666667,0.43,0.0007166666666666667,2.04,0.0034000000000000002,0,0.0,0.57,834.2,1150.017543859649,-0.056005266666666664
A,1.2,7,15721,68250a298d025f889db3dcc95f417ef7bcef2a6a7e93deec39af39648ec359b0,False,500,600,20.0,0.12,100,3000,3.47,0.005783333333333334,3.47,0.005783333333333334,6.34,0.010566666666666667,3,0.005,,702.44,,0.007267480000000001
A,1.2,8,17724,049ae08fa4cba4b924929611ad2e498a9ee291c356920097338b16d4526a6dd9,True,500,600,20.0,0.12,100,3000,0.44,0.0007333333333333333,0.44,0.0007333333333333333,1.62,0.0027,0,0.0,0.6,1178.34,1390.1833333333334,-0.05887388666666666
A,1.2,9,19727,d5f82f16d0b7213e8e2f02ed43ca07d06f3892cbff83b3d81592596852252bbf,False,500,600,20.0,0.12,100,3000,1.6,0.002666666666666667,1.6,0.002666666666666667,4.65,0.007750000000000001,1,0.0016666666666666668,,864.54,,0.0033715133333333336
A,1.2,10,21730,d344cd79ba6f51e737dbe5ff4b556389b928e7085bd5ee9ae9ddc3334372a7f3,False,500,600,20.0,0.12,100,3000,2.95,0.004916666666666667,2.95,0.004916666666666667,6.0,0.01,2,0.0033333333333333335,,876.52,,0.0060421733333333345
A,1.2,11,23733,3bba770c518f7e188e93ed9f84338f94582857feeee5deb1b08f45b4d3494325,False,500,600,20.0,0.12,100,3000,1.0,0.0016666666666666668,1.0,0.0016666666666666668,4.62,0.0077,1,0.0016666666666666668,,443.34,,0.0022311133333333334
A,1.2,12,25736,ed09258602005c277e7faaabf77244f736681e8e94cfc2b99dfb414735263b1f,True,500,600,20.0,0.12,100,3000,0.0,0.0,0.0,0.0,0.0,0.0,0,0.0,1.0,329.61,329.61,-0.09989013000000001
A,1.2,13,27739,5358efb19444e9ca1337e6a91cac0a0bf19f0ba41f94a8206eb8d4b1c5c7f667,False,500,600,20.0,0.12,100,3000,2.49,0.00415,2.49,0.00415,6.23,0.010383333333333335,2,0.0033333333333333335,,551.31,,0.005167103333333333
A,1.2,14,29742,70044a0a96d5238e57f750b24ae3f8095e82b3c8e1597a9bb56d17aad082b75d,False,500,600,20.0,0.12,100,3000,1.64,0.0027333333333333333,1.64,0.0027333333333333333,5.1,0.008499999999999999,1,0.0016666666666666668,,347.71,,0.0032659033333333333
A,1.2,15,31745,3e7878f410def7d62f3dd65ddc530b8cda7bf923e8974170752484b08bc1611c,False,500,600,20.0,0.12,100,3000,1.16,0.0019333333333333331,1.16,0.0019333333333333331,4.22,0.007033333333333333,1,0.0016666666666666668,,668.53,,0.002572843333333333
A,1.2,16,33748,651f6d237eb3f6c3c19c627b8f42e468443477ff75012b18d2c14fbbfd2c2edf,True,500,600,20.0,0.12,100,3000,0.98,0.0016333333333333332,0.98,0.0016333333333333332,3.98,0.006633333333333333,0,0.0,0.02,317.11,156.0,-0.0002609633333333335
A,1.2,17,35751,df751b4a39788cd788947a4faf6dad7b2d2a191912bdc7f5a2a5d932b755cbc1,False,500,600,20.0,0.12,100,3000,2.01,0.0033499999999999997,2.01,0.0033499999999999997,5.5,0.009166666666666667,2,0.0033333333333333335,,512.43,,0.004354143333333334
A,1.2,18,37754,309a3f0b179914fc4d44542f7a5fa7a25100dc46b126999d83a5a8c4f4dfb1a2,False,500,600,20.0,0.12,100,3000,1.0,0.0016666666666666668,1.0,0.0016666666666666668,5.09,0.008483333333333332,1,0.0016666666666666668,,250.01,,0.00216667
A,1.2,19,39757,6ca2d893d357e6222af6d6744d455a09287e8f432ee4569741dc22fd147e637f,True,500,600,20.0,0.12,100,3000,0.44,0.0007333333333333333,0.44,0.0007333333333333333,1.88,0.003133333333333333,0,0.0,0.57,1147.48,1319.0701754385964,-0.05588417333333333
A,1.2,20,41760,c5841a04765dfc844d644a881f22c1ab9b87ad797f42f244210a24d2b49b2246,True,500,600,20.0,0.12,100,3000,0.01,1.6666666666666667e-05,0.01,1.6666666666666667e-05,0.04,6.666666666666667e-05,0,0.0,0.99,574.58,579.030303030303,-0.09879180666666668
A,1.2,21,43763,8f8adb312a98d2375b54828fbabff59932b9ea3e3906870a085ebb707bd7689b,True,500,600,20.0,0.12,100,3000,0.74,0.0012333333333333332,0.74,0.0012333333333333332,2.68,0.0044666666666666665,0,0.0,0.26,521.8,949.8846153846154,-0.024592733333333335
A,1.2,22,45766,aa999d8a05a6521a5c6b2f035f876034928828a6f6c1f9b28f4eca4dbf40ef08,False,500,600,20.0,0.12,100,3000,2.18,0.0036333333333333335,2.18,0.0036333333333333335,5.15,0.008583333333333333,2,0.0033333333333333335,,929.8,,0.0047766
A,1.2,23,47769,27f8863b01a77516c42eeb40dac09aa0a14207dcb396d706bb21bfb99cbbfb9f,True,500,600,20.0,0.12,100,3000,1.0,0.0016666666666666668,1.0,0.0016666666666666668,4.39,0.007316666666666666,1,0.0016666666666666668,0.0,346.86,,0.002198953333333333
A,1.2,24,49772,3894bb0653e690843f3c6cd71b0b1c91a18996e24743aff1d3a356df14743dc9,False,500,600,20.0,0.12,100,3000,1.24,0.0020666666666666667,1.24,0.0020666666666666667,3.69,0.00615,1,0.0016666666666666668,,919.15,,0.002789716666666667
A,1.2,25,51775,8d48d424dcf79cdc86e4ae8aeaf5811b23b37dc8c5bc47c1daefb53a680e8f47,True,500,600,20.0,0.12,100,3000,0.84,0.0014,0.84,0.0014,3.73,0.006216666666666666,0,0.0,0.16,327.23,1349.625,-0.014490923333333334
A,1.2,26,53778,db813954ccedf890dd33a71aab5ec9ae396c378a2e112ff6b0cd1035a4c4de3e,True,500,600,20.0,0.12,100,3000,0.0,0.0,0.0,0.0,0.0,0.0,0,0.0,1.0,142.48,142.48,-0.09995250666666668
A,1.2,27,55781,8cfe51a5a6ef051a69b48d051feebe17932eb75e66a19bd3aabb4877b2bb70cb,True,500,600,20.0,0.12,100,3000,0.07,0.00011666666666666668,0.07,0.00011666666666666668,0.25,0.0004166666666666667,0,0.0,0.93,810.62,833.7956989247311,-0.09261312666666668
A,1.2,28,57784,43bf1ae940f48ba46da71ff48fbc108827cfdab30b880a818347646cdec6dee7,False,500,600,20.0,0.12,100,3000,1.63,0.0027166666666666663,1.63,0.0027166666666666663,4.64,0.0077333333333333325,1,0.0016666666666666668,,707.44,,0.0033691466666666663
A,1.2,29,59787,86cc1d37d5c5be935822c121cd6fcd10d34c25c123dcd77d08a9414a3fd7cd75,False,500,600,20.0,0.12,100,3000,2.15,0.0035833333333333333,2.15,0.0035833333333333333,5.12,0.008533333333333334,2,0.0033333333333333335,,865.91,,0.004705303333333333
