problem,size,mode,stage,candidate_id,rank,graph_type,instance_seed,EbNo_dB,kw,kr,alpha,alpha_mode,psa_p,lambda_mem,response_lambda,I0_min,I0_max,I0_schedule_type,I0_schedule_shape,I0_hold_fraction,decision_method,burn_in,sample_window,n_cycles,BER,FER,syndrome_violation,BP_BER,BP_FER,BER_ratio_to_BP,FER_ratio_to_BP,best_cut,normalized_cut,approximation_ratio,best_unsat,mean_unsat,mean_unsat_rate,best_unsat_rate,std_unsat,valid_assignment_rate,success_rate,score,seed
ldpc,N192_M96,tau_pSA,search,452,1,,,,1.2849666825936246,1.5791856548379002,1.6374679990980423,snr,0.6055339342157233,0.0,3.4376853068548985e-06,1.428691120067936,2.8527202981523656,linear,0.9522367621604704,0.3504868302937738,best_state,235,10964,12800,0.033040364583333336,0.40833333333333327,0.40625,0.006740972222222222,0.0806,4.9014242299371595,5.066170388751033,,,,,,,,,,,1.1652214439902724,3839388
ldpc,N192_M96,tau_pSA,search,697,2,,,,1.2397838400333758,1.5799518309109288,1.6622471952551678,snr,0.6079665480837974,0.0,0.08551734855369372,1.7149972427874671,5.2556490354155745,linear,1.6005209720029243,0.3089918171295638,best_state,229,10281,12800,0.031022135416666666,0.4375,0.4375,0.006740972222222222,0.0806,4.602026887812919,5.42803970223325,,,,,,,,,,,1.1680214136173985,5779543
ldpc,N192_M96,tau_pSA,search,760,3,,,,1.0738556669031698,1.435898396391321,1.6064839692830415,snr,0.5902506437972826,0.0,0.10796271561952589,2.5849189293258172,2.6265266322864234,linear,1.7687202503206507,0.4367175563847422,best_state,17,12661,12800,0.03363715277777778,0.44375000000000003,0.44375000000000003,0.006740972222222222,0.0806,4.989955702070672,5.505583126550868,,,,,,,,,,,1.1716134465813888,6278440
ldpc,N192_M96,tau_pSA,search,418,4,,,,1.839408666782862,1.9787296954170956,3.1076326015494717,snr,0.6117342841596142,0.0,0.03186563916626488,0.9478369549593533,2.267679482899601,linear,0.8102629562029475,0.15297806484071902,best_state,373,9014,9600,0.036957465277777775,0.3541666666666667,0.3541666666666667,0.006740972222222222,0.0806,5.4825126197589364,4.394127377998346,,,,,,,,,,,1.1777337214799903,3570142
ldpc,N192_M96,tau_pSA,search,700,5,,,,1.2671906687422274,1.5722260159993842,1.720017429262107,snr,0.6040125109123392,0.0,0.08420300530515015,1.68619875701113,1.9899393036309267,linear,1.7464010225958284,0.4085454460541707,best_state,205,12297,12800,0.03721788194444444,0.41875,0.41875,0.006740972222222222,0.0806,5.521144534871742,5.195409429280397,,,,,,,,,,,1.1828839086428065,5803300
ldpc,N192_M96,tau_pSA,search,583,6,,,,1.1604117143990862,1.8944479160594652,1.781791184264761,snr,0.5994693953243672,0.0,0.051758811112435986,1.8321416345509571,1.9250486296634375,linear,0.7919296212338804,0.09384470874683734,best_state,397,10469,12800,0.03325737847222222,0.48124999999999996,0.48124999999999996,0.006740972222222222,0.0806,4.933617492531162,5.970843672456574,,,,,,,,,,,1.192703670577877,4876777
ldpc,N192_M96,tau_pSA,search,902,7,,,,1.0806579626844348,1.315801802266466,2.092502582161183,snr,0.5718737712158047,0.0,0.09637686996181613,1.7522797096951828,5.384286031750051,linear,3.0518863145038515,0.28682489513734966,best_state,618,11839,12800,0.03539496527777778,0.4020833333333333,0.4020833333333333,0.006740972222222222,0.0806,5.250721129082106,4.988626964433415,,,,,,,,,,,1.1973296517031766,7402938
ldpc,N192_M96,tau_pSA,search,718,8,,,,1.0565654656607049,1.443701155721979,1.7811128773639295,snr,0.6256495350197547,0.0,0.09084130244765393,1.908051572671655,4.919168723974282,linear,1.4372931950435608,0.42229955783684847,best_state,50,12718,12800,0.03309461805555556,0.43958333333333327,0.4354166666666666,0.006740972222222222,0.0806,4.90947254558566,5.453887510339122,,,,,,,,,,,1.1996474121849399,5945842
ldpc,N192_M96,tau_pSA,search,869,9,,,,1.1108291535918096,1.7081729557281327,1.894063886692268,snr,0.6448677494922173,0.0,0.0627561754067924,1.7237306438245683,5.753379614340044,linear,1.7439066229799018,0.4644554973323049,best_state,8,12723,12800,0.03155381944444444,0.46249999999999997,0.46249999999999997,0.006740972222222222,0.0806,4.680900381168229,5.738213399503722,,,,,,,,,,,1.2003371158896867,7141611
ldpc,N192_M96,tau_pSA,search,865,10,,,,1.142574119858275,1.6573971338290443,1.9628113769030047,snr,0.6460408490877878,0.0,0.002102763631339772,1.2199163928812635,5.664191414682459,linear,1.7072619683070855,0.2731761482353793,best_state,258,12374,12800,0.03121744791666667,0.45208333333333334,0.45208333333333334,0.006740972222222222,0.0806,4.631000824147523,5.608974358974359,,,,,,,,,,,1.2060265041930995,7109935
ldpc,N192_M96,tau_pSA,search,698,11,,,,1.235440529629849,1.5826610828482415,1.6678073765176396,snr,0.6083699408544678,0.0,0.027814193646313157,1.6384345759178405,1.7305461538330833,linear,1.5996811199306293,0.40872512249472437,best_state,1,12022,12800,0.03693576388888889,0.41458333333333336,0.41458333333333336,0.006740972222222222,0.0806,5.479293293499537,5.1437138130686515,,,,,,,,,,,1.2104589478367394,5787462
ldpc,N192_M96,tau_pSA,search,806,12,,,,1.4333747461213704,1.8006713201744142,1.6783464738349003,snr,0.6103531901583796,0.0,0.03212631511654511,2.024061569966611,2.0873894524461756,linear,1.7354778953702399,0.4248194709014159,best_state,656,11759,12800,0.036328125,0.425,0.4229166666666666,0.006740972222222222,0.0806,5.389152158236325,5.272952853598015,,,,,,,,,,,1.2131964664403134,6642714
ldpc,N192_M96,tau_pSA,search,996,13,,,,1.1055692581696117,1.6787576452200452,1.7097156806717202,snr,0.602836061061743,0.0,0.09791526819043106,1.9521966649812705,2.092364089882911,linear,0.7748543328200642,0.31569331855084176,best_state,503,12018,12800,0.03414713541666667,0.48541666666666666,0.48541666666666666,0.006740972222222222,0.0806,5.065609869166582,6.0225392886683204,,,,,,,,,,,1.2220878030502493,8147324
ldpc,N192_M96,tau_pSA,search,623,14,,,,1.0949413785007933,1.7550082423694684,1.6420626133697154,snr,0.610276300568103,0.0,0.0184988484016503,1.712374361304772,1.8715035569430158,linear,1.6176429028486041,0.346900264887951,best_state,1021,11270,12800,0.035134548611111115,0.4979166666666666,0.4979166666666666,0.006740972222222222,0.0806,5.212089213969302,6.177626137303555,,,,,,,,,,,1.2239631355464193,5193537
ldpc,N192_M96,tau_pSA,search,655,15,,,,1.1098792584328427,1.6767190198777038,1.583816894092647,snr,0.6162031735970241,0.0,0.06748784575382306,1.4522530528846287,2.7687781395579028,linear,1.4106560818441805,0.33082039045526385,best_state,774,10233,12800,0.03359375,0.4895833333333333,0.4895833333333333,0.006740972222222222,0.0806,4.98351704955187,6.074234904880066,,,,,,,,,,,1.2252085634698162,5446945
ldpc,N192_M96,tau_pSA,search,787,16,,,,1.2924000941014469,1.6629183463712292,1.8862457750036956,snr,0.642916596278583,0.0,0.06833299442059476,1.6469953643895212,4.488066961581033,linear,1.5187090560976928,0.4480824384781878,best_state,26,12516,12800,0.03449435763888889,0.44166666666666665,0.44166666666666665,0.006740972222222222,0.0806,5.117119089316988,5.4797353184449955,,,,,,,,,,,1.2265970275627307,6492253
ldpc,N192_M96,tau_pSA,search,912,17,,,,1.0348500011850403,1.3489170694976733,2.0950511889740335,snr,0.5778319021447252,0.0,0.04904173237075801,1.8054932696061345,5.357092772416686,linear,2.6250859895894822,0.40940250979183196,best_state,594,11841,12800,0.035622829861111115,0.41875,0.41875,0.006740972222222222,0.0806,5.284524054805811,5.195409429280397,,,,,,,,,,,1.2267576709585382,7482128
ldpc,N192_M96,tau_pSA,search,580,18,,,,1.1845884314443302,1.8545402303800944,1.7182586727705227,snr,0.5976202530421327,0.0,0.049774749079490054,1.8724075662964215,1.9559191006482501,linear,0.7808702861159067,0.45168586299788993,best_state,449,12111,12800,0.03318142361111111,0.48541666666666666,0.48541666666666666,0.006740972222222222,0.0806,4.922349850623261,6.0225392886683204,,,,,,,,,,,1.2269685770166718,4853020
ldpc,N192_M96,tau_pSA,search,491,19,,,,1.3529377980265542,1.8669076148873098,1.808471618470049,snr,0.624237447792363,0.0,0.05424855066955137,1.7411441091797437,2.6527393122317577,linear,1.6367351085192277,0.37436792388329765,best_state,758,9872,12800,0.03502604166666667,0.46666666666666673,0.46666666666666673,0.006740972222222222,0.0806,5.195992582672298,5.789909015715468,,,,,,,,,,,1.2274781781159723,4148229
ldpc,N192_M96,tau_pSA,search,634,20,,,,0.9814611700833891,1.429970214751854,1.8207528257094603,snr,0.6266061817510903,0.0,0.006800964436180591,2.000966957219051,2.079970768706409,linear,1.330546291275062,0.39169289590370837,best_state,1086,11339,12800,0.03283420138888889,0.45625000000000004,0.45625000000000004,0.006740972222222222,0.0806,4.870840630472855,5.660669975186105,,,,,,,,,,,1.2281237080239276,5280646
ldpc,N192_M96,tau_pSA,search,715,21,,,,1.0629433263077197,1.4056009045990403,1.663406916691814,snr,0.6212801959329048,0.0,0.10663967416594472,1.992853780635518,5.09899912103768,linear,2.40660494385485,0.42229272063065765,best_state,33,12545,12800,0.032812499999999994,0.4770833333333333,0.4770833333333333,0.006740972222222222,0.0806,4.867621304213453,5.91914805624483,,,,,,,,,,,1.230091168283745,5922085
ldpc,N192_M96,tau_pSA,search,717,22,,,,1.0601535271552693,1.465419589181438,1.725434783932335,snr,0.6228101271790282,0.0,0.12015194067244772,1.8866345345763367,5.148917526816518,linear,1.9376048112674935,0.41599697935474467,best_state,75,12540,12800,0.03521050347222222,0.4583333333333333,0.4583333333333333,0.006740972222222222,0.0806,5.223356855877201,5.686517783291976,,,,,,,,,,,1.2320340255238424,5937923
ldpc,N192_M96,tau_pSA,search,719,23,,,,1.1507120629075898,1.3959990415918218,1.7716145088121427,snr,0.624422401798954,0.0,0.103161210542736,1.9059667669834122,5.216129705431889,linear,2.487038717259451,0.4280604704067983,best_state,54,12471,12800,0.03546006944444444,0.43124999999999997,0.43124999999999997,0.006740972222222222,0.0806,5.260379107860307,5.350496277915632,,,,,,,,,,,1.232890152264318,5953761
ldpc,N192_M96,tau_pSA,refine,634,24,,,,0.9814611700833891,1.429970214751854,1.8207528257094603,snr,0.6266061817510903,0.0,0.006800964436180591,2.000966957219051,2.079970768706409,linear,1.330546291275062,0.39169289590370837,best_state,1086,11339,12800,0.0339765625,0.445,0.44483333333333336,0.006740972222222222,0.0806,5.040305964767694,5.521091811414392,,,,,,,,,,,1.2361636137924148,508380;508481;508582;508683;508784;508885
ldpc,N192_M96,tau_pSA,search,725,25,,,,0.8432234452242111,1.207638289425185,1.5418243612487066,snr,0.6548275097114611,0.0,0.11383023724959848,2.2887385869258563,4.953438044642559,linear,2.672485423752238,0.44632229777111115,best_state,5,12452,12800,0.03488498263888889,0.47083333333333327,0.47083333333333327,0.006740972222222222,0.0806,5.175066961986196,5.841604631927211,,,,,,,,,,,1.237236929747601,6001275
ldpc,N192_M96,tau_pSA,search,449,26,,,,1.3101977688714876,1.59207418868974,1.7720723278303678,snr,0.6002709684624667,0.0,0.002336723393993295,1.4780930204780207,2.776335141517056,linear,0.9203405388575724,0.12742219502450022,best_state,28,10949,12800,0.03719618055555556,0.41875,0.41875,0.006740972222222222,0.0806,5.5179252086123425,5.195409429280397,,,,,,,,,,,1.2380604314166055,3815631
ldpc,N192_M96,tau_pSA,search,457,27,,,,1.0292887606542032,1.2965059407434014,1.9873140027160674,snr,0.585801674175503,0.0,0.02314570529542153,1.7129080908920318,2.101566901018456,linear,1.145317785525961,0.10821083665378131,best_state,656,10635,12800,0.036219618055555555,0.41874999999999996,0.41874999999999996,0.006740972222222222,0.0806,5.373055526939322,5.195409429280396,,,,,,,,,,,1.2380862462253792,3878983
ldpc,N192_M96,tau_pSA,refine,444,28,,,,1.338906166376964,1.6280675423173219,2.340329988036098,snr,0.6353516350575065,0.0,0.05966328718072708,1.2296493948520437,1.9749877573844707,linear,1.215406683296535,0.12750887560862367,best_state,542,11569,12800,0.03775347222222222,0.393,0.3921666666666667,0.006740972222222222,0.0806,5.600597506953745,4.875930521091811,,,,,,,,,,,1.239175038460176,603408;603509;603610;603711;603812;603913
ldpc,N192_M96,tau_pSA,search,674,29,,,,1.6381234178523558,2.2512589844701334,2.2079963408236294,snr,0.5866507797902402,0.0,0.0011578657636440032,1.6396099945596223,1.8152598025683873,linear,1.1985851849087346,0.30779968651579165,best_state,474,11985,12800,0.03376736111111111,0.4583333333333333,0.4583333333333333,0.006740972222222222,0.0806,5.009271659627073,5.686517783291976,,,,,,,,,,,1.2433390347459483,5597406
ldpc,N192_M96,tau_pSA,search,930,30,,,,1.114717622405004,1.5616313722177673,1.8625672502330815,snr,0.6084056493932976,0.0,0.047350356335921925,1.3049545614267155,4.800347622880169,linear,3.6936708931523556,0.42158314322576035,best_state,290,12301,12800,0.03472222222222222,0.4479166666666667,0.4479166666666667,0.006740972222222222,0.0806,5.150922015040692,5.557278742762613,,,,,,,,,,,1.2434542448606103,7624670
ldpc,N192_M96,tau_pSA,search,716,31,,,,1.0797020587156592,1.3957059913234549,1.7657633358438418,snr,0.6192495951542634,0.0,0.09215435172033637,2.0027468377673907,5.248214469252367,linear,1.9563920667666324,0.4460269919670861,best_state,6,11921,12800,0.034190538194444446,0.4354166666666666,0.4354166666666666,0.006740972222222222,0.0806,5.072048521685382,5.402191894127377,,,,,,,,,,,1.2435181999194076,5930004
ldpc,N192_M96,tau_pSA,search,925,32,,,,1.08323099697403,1.5315438930473608,1.8142941883531054,snr,0.5069363564941607,0.0,0.0516754304601229,2.3822241547475915,2.4188120786140925,linear,2.523781851812663,0.05897000028488511,best_state,343,12278,12800,0.03478732638888889,0.4666666666666666,0.4666666666666666,0.006740972222222222,0.0806,5.160579993818893,5.789909015715466,,,,,,,,,,,1.243641907006934,7585075
ldpc,N192_M96,tau_pSA,search,619,33,,,,1.3876148361574534,1.7706807415631625,1.6733532744155286,snr,0.6092534109632511,0.0,0.018193772257477394,1.7228250184211424,1.8588037549693304,linear,1.7173484690156122,0.34510697694444775,best_state,976,10957,12800,0.03851996527777778,0.43333333333333335,0.4312500000000001,0.006740972222222222,0.0806,5.714304110435769,5.376344086021505,,,,,,,,,,,1.2442754213771223,5161861
ldpc,N192_M96,tau_pSA,refine,716,34,,,,1.0797020587156592,1.3957059913234549,1.7657633358438418,snr,0.6192495951542634,0.0,0.09215435172033637,2.0027468377673907,5.248214469252367,linear,1.9563920667666324,0.4460269919670861,best_state,6,11921,12800,0.03456423611111111,0.456,0.45566666666666666,0.006740972222222222,0.0806,5.127485319872258,5.6575682382134,,,,,,,,,,,1.24453215104969,579651;579752;579853;579954;580055;580156
ldpc,N192_M96,tau_pSA,refine,787,35,,,,1.2924000941014469,1.6629183463712292,1.8862457750036956,snr,0.642916596278583,0.0,0.06833299442059476,1.6469953643895212,4.488066961581033,linear,1.5187090560976928,0.4480824384781878,best_state,26,12516,12800,0.03489756944444444,0.44566666666666666,0.44566666666666666,0.006740972222222222,0.0806,5.176934171216648,5.529363110008271,,,,,,,,,,,1.2454162385224503,476704;476805;476906;477007;477108;477209
ldpc,N192_M96,tau_pSA,search,444,36,,,,1.338906166376964,1.6280675423173219,2.340329988036098,snr,0.6353516350575065,0.0,0.05966328718072708,1.2296493948520437,1.9749877573844707,linear,1.215406683296535,0.12750887560862367,best_state,542,11569,12800,0.03731553819444444,0.4041666666666666,0.4041666666666666,0.006740972222222222,0.0806,5.535631503039044,5.0144747725392875,,,,,,,,,,,1.245483679683047,3776036
ldpc,N192_M96,tau_pSA,refine,449,37,,,,1.3101977688714876,1.59207418868974,1.7720723278303678,snr,0.6002709684624667,0.0,0.002336723393993295,1.4780930204780207,2.776335141517056,linear,0.9203405388575724,0.12742219502450022,best_state,28,10949,12800,0.037686631944444444,0.423,0.42250000000000004,0.006740972222222222,0.0806,5.590681982074791,5.248138957816376,,,,,,,,,,,1.2459571840741626,547975;548076;548177;548278;548379;548480
ldpc,N192_M96,tau_pSA,search,675,38,,,,1.6312793070994744,2.2947217847899255,2.212814685445323,snr,0.5883064059649697,0.0,0.08891441764344366,1.6207847183854713,1.8213269633668823,linear,1.2578121125462023,0.4753392550557212,best_state,542,11868,12800,0.033007812500000004,0.4583333333333333,0.4583333333333333,0.006740972222222222,0.0806,4.896595240548059,5.686517783291976,,,,,,,,,,,1.246014422293078,5605325
ldpc,N192_M96,tau_pSA,search,703,39,,,,1.2101503807940361,1.5829916893948124,1.6634668421094458,snr,0.6038952662196412,0.0,0.0802926110288501,1.7131512560440756,5.124762706273345,linear,1.7064848202856973,0.4095187595052459,best_state,207,12407,12800,0.03282335069444445,0.4541666666666666,0.4541666666666666,0.006740972222222222,0.0806,4.869230967343155,5.63482216708023,,,,,,,,,,,1.2460940069526671,5827057
ldpc,N192_M96,tau_pSA,search,479,40,,,,1.2585320742438042,1.802245693173172,1.8598165328164378,snr,0.5919403192131248,0.0,0.050973753824069316,1.6371265018797805,2.588939728039681,linear,1.4218036891463917,0.34582469761388596,best_state,336,10095,12800,0.033951822916666666,0.47708333333333336,0.47708333333333336,0.006740972222222222,0.0806,5.0366359328319765,5.91914805624483,,,,,,,,,,,1.2463658731286358,4053201
ldpc,N192_M96,tau_pSA,search,999,41,,,,1.3050835110700885,1.8722132690458935,1.4764743343298297,snr,0.6630562997611789,0.0,0.08773919727552207,1.9510218141775495,2.0575233151220966,linear,2.5675096723344386,0.30103396676445493,best_state,1,12475,12800,0.035970052083333336,0.4833333333333334,0.4833333333333334,0.006740972222222222,0.0806,5.336033274956217,5.996691480562449,,,,,,,,,,,1.2467069506297164,8171081
ldpc,N192_M96,tau_pSA,search,424,42,,,,1.432814251615129,2.049671506858023,2.391164841446864,snr,0.6382279056921426,0.0,0.014095164074367453,1.0906479634853217,2.0589216321104327,linear,0.9244043072451748,0.18713552749206072,best_state,383,11500,12800,0.03509114583333333,0.4458333333333333,0.4458333333333333,0.006740972222222222,0.0806,5.2056505614505,5.531430934656741,,,,,,,,,,,1.247320265743874,3617656
ldpc,N192_M96,tau_pSA,search,714,43,,,,1.0345200533958923,1.4403758658462937,1.7344513797212324,snr,0.6253521796682846,0.0,0.11090054179210389,1.9154778330261062,5.378253700438207,linear,2.528671983321883,0.4258945199512931,best_state,4,12698,12800,0.03351779513888889,0.4729166666666667,0.4729166666666667,0.006740972222222222,0.0806,4.972249407643969,5.867452440033086,,,,,,,,,,,1.2478977216930054,5914166
ldpc,N192_M96,tau_pSA,refine,715,44,,,,1.0629433263077197,1.4056009045990403,1.663406916691814,snr,0.6212801959329048,0.0,0.10663967416594472,1.992853780635518,5.09899912103768,linear,2.40660494385485,0.42229272063065765,best_state,33,12545,12800,0.0345390625,0.46283333333333326,0.46283333333333326,0.006740972222222222,0.0806,5.123750901411353,5.74234904880066,,,,,,,,,,,1.247966723541028,516299;516400;516501;516602;516703;516804
ldpc,N192_M96,tau_pSA,search,472,45,,,,1.2683824493772415,1.7150540222655495,1.9616219924845995,snr,0.5913616996911114,0.0,0.051169741647008354,1.5929543785492355,1.769614793056794,linear,1.4062529981678344,0.3508998200404224,best_state,268,10018,12800,0.035546875,0.44999999999999996,0.44999999999999996,0.006740972222222222,0.0806,5.273256412897909,5.583126550868485,,,,,,,,,,,1.249300380117619,3997768
ldpc,N192_M96,tau_pSA,search,488,46,,,,1.3552483126951125,1.8352736420477498,1.5832568083292855,snr,0.6193882998461518,0.0,0.05247739610497722,1.5685839423857781,1.781089159305262,linear,1.8075648647772484,0.3739935090460329,best_state,764,9892,12800,0.03591579861111111,0.45416666666666666,0.45416666666666666,0.006740972222222222,0.0806,5.327984959307717,5.634822167080231,,,,,,,,,,,1.2504932383058005,4124472
ldpc,N192_M96,tau_pSA,search,734,47,,,,1.0435089083901772,1.3425956176693012,1.7710644894391143,snr,0.6360164530978446,0.0,0.09147135466073429,1.9886403222646027,5.203685895848493,linear,2.347632384411639,0.4118615258569861,best_state,296,12032,12800,0.03491753472222223,0.4458333333333333,0.4458333333333333,0.006740972222222222,0.0806,5.179895951375297,5.531430934656741,,,,,,,,,,,1.250923771002642,6072546
ldpc,N192_M96,tau_pSA,final,634,48,,,,0.9814611700833891,1.429970214751854,1.8207528257094603,snr,0.6266061817510903,0.0,0.006800964436180591,2.000966957219051,2.079970768706409,linear,1.330546291275062,0.39169289590370837,best_state,1086,11339,12800,0.035003819444444445,0.4564,0.4562,0.006740972222222222,0.0806,5.192695992582673,5.6625310173697265,,,,,,,,,,,1.2509807645695414,757919;765941;773963;781985;790007;798029;806051;814073;822095;830117
ldpc,N192_M96,tau_pSA,search,745,49,,,,0.9202206966082594,1.511613637283349,1.2651643146967924,snr,0.6087524285383659,0.0,0.1267967706712259,1.8494726362409803,5.26593534532069,linear,1.9470419936435868,0.4623838922461684,best_state,335,12184,12800,0.03394097222222222,0.5520833333333334,0.5520833333333334,0.006740972222222222,0.0806,5.035026269702277,6.849669148056245,,,,,,,,,,,1.2511709245068916,6159655
ldpc,N192_M96,tau_pSA,search,993,50,,,,1.0736210642184203,1.6909599634676655,1.691551989102309,snr,0.5951765641130067,0.0,0.10025977761670767,1.2011358664053022,6.009970755632258,linear,0.9403102902789431,0.50548413477518,best_state,493,12026,12800,0.031857638888888894,0.5020833333333333,0.5020833333333333,0.006740972222222222,0.0806,4.725970948799836,6.229321753515301,,,,,,,,,,,1.2515645714690304,8123567
ldpc,N192_M96,tau_pSA,search,843,51,,,,1.0467885661207232,1.9372326624917724,1.7513638522153923,snr,0.44968259900670443,0.0,0.08713744880972155,1.531715759985516,5.355913835368099,linear,0.7211335998626186,0.40517217700526115,best_state,792,11656,12800,0.030349392361111113,0.5375,0.5375,0.006740972222222222,0.0806,4.502227773771505,6.668734491315136,,,,,,,,,,,1.252690321192601,6935717
ldpc,N192_M96,tau_pSA,search,788,52,,,,1.2863131706870985,1.6504317623285323,1.829505510015862,snr,0.6412834582204335,0.0,0.07437668408441875,1.5645282252224795,5.099596309830712,linear,1.5536317142955907,0.44682283157418856,best_state,0,12768,12800,0.03404947916666667,0.45416666666666666,0.45416666666666666,0.006740972222222222,0.0806,5.051122900999279,5.634822167080231,,,,,,,,,,,1.2554336647634081,6500172
ldpc,N192_M96,tau_pSA,refine,698,53,,,,1.235440529629849,1.5826610828482415,1.6678073765176396,snr,0.6083699408544678,0.0,0.027814193646313157,1.6384345759178405,1.7305461538330833,linear,1.5996811199306293,0.40872512249472437,best_state,1,12022,12800,0.0385234375,0.44416666666666665,0.44383333333333336,0.006740972222222222,0.0806,5.714819202637273,5.510752688172042,,,,,,,,,,,1.2557665232760487,437109;437210;437311;437412;437513;437614
ldpc,N192_M96,tau_pSA,search,805,54,,,,1.4258777099640856,1.800332852517999,1.682936680423565,snr,0.6153975349561062,0.0,0.031516789615910014,1.9043041098744506,1.9983790111476734,linear,1.6652869338676333,0.3961273208299361,best_state,636,11758,12800,0.03919270833333333,0.43333333333333335,0.43124999999999997,0.006740972222222222,0.0806,5.814103224477182,5.376344086021505,,,,,,,,,,,1.2560357275765772,6634795
ldpc,N192_M96,tau_pSA,search,886,55,,,,0.9110205148575261,1.1653159947907124,1.8691269723671724,snr,0.6694499731680519,0.0,0.12083985916811701,2.060628821861397,6.129628750287709,exponential,1.491478489993948,0.4635828392651773,best_state,218,12354,12800,0.03357204861111111,0.44166666666666665,0.44166666666666665,0.006740972222222222,0.0806,4.98029772329247,5.4797353184449955,,,,,,,,,,,1.2566695505781427,7276234
ldpc,N192_M96,tau_pSA,search,872,56,,,,1.1068962627287726,1.6530565916441993,2.3005163295344797,snr,0.6450262146286857,0.0,0.0650490814426812,1.2600213317562239,1.6774641385713494,linear,1.7166389168775857,0.2799087493520038,best_state,1,12755,12800,0.03675130208333333,0.4416666666666667,0.4416666666666667,0.006740972222222222,0.0806,5.4519290202946324,5.479735318444996,,,,,,,,,,,1.2570161215322102,7165368
ldpc,N192_M96,tau_pSA,search,934,57,,,,1.1179591230069548,1.5445935645174906,1.8385194464104622,snr,0.6044827570507477,0.0,0.1095068438584347,2.305403476401267,2.363118869004322,linear,2.4594661898941688,0.059544020466395016,best_state,332,12243,12800,0.03449435763888889,0.4583333333333333,0.4583333333333333,0.006740972222222222,0.0806,5.117119089316988,5.686517783291976,,,,,,,,,,,1.2575829462719548,7656346
ldpc,N192_M96,tau_pSA,refine,806,58,,,,1.4333747461213704,1.8006713201744142,1.6783464738349003,snr,0.6103531901583796,0.0,0.03212631511654511,2.024061569966611,2.0873894524461756,linear,1.7354778953702399,0.4248194709014159,best_state,656,11759,12800,0.03836371527777778,0.43566666666666665,0.43183333333333335,0.006740972222222222,0.0806,5.691124961368085,5.405293631100082,,,,,,,,,,,1.258303757946829,445028;445129;445230;445331;445432;445533
ldpc,N192_M96,tau_pSA,search,474,59,,,,1.2611710849882547,1.7325906984479404,1.9680602189813536,snr,0.589414906039944,0.0,0.04582976250573583,1.6636521401174564,2.6013186875490217,linear,1.4141360221075598,0.32818714717440256,best_state,292,10226,12800,0.03498263888888889,0.45416666666666666,0.45416666666666666,0.006740972222222222,0.0806,5.189553930153497,5.634822167080231,,,,,,,,,,,1.2590133432642228,4013606
ldpc,N192_M96,tau_pSA,search,392,60,,,,2.3514283420829787,2.736309530590109,3.03077239139803,snr,0.6818863087897907,0.0,0.043017797813529934,0.7577812508210644,0.8339562460932977,constant,0.6314154853282318,0.18621451598895442,best_state,966,8315,9600,0.04016927083333333,0.3958333333333334,0.3958333333333334,0.006740972222222222,0.0806,5.958972906150201,4.911083540115799,,,,,,,,,,,1.2591238254187744,3364248
ldpc,N192_M96,tau_pSA,search,622,61,,,,1.0854609412411829,1.6994841298888985,1.711528045350146,snr,0.6087248802046262,0.0,0.021508109934403694,1.7376987762174632,1.8803831746496653,linear,1.6186969973891205,0.35480543265259384,best_state,913,11281,12800,0.03365885416666666,0.49583333333333335,0.49583333333333335,0.006740972222222222,0.0806,4.993175028330071,6.1517783291976835,,,,,,,,,,,1.2596109431830178,5185618
ldpc,N192_M96,tau_pSA,search,936,62,,,,1.120706088955384,1.533013044417031,1.8155524042273692,snr,0.6025992523493305,0.0,0.10623798426213446,1.906611514228352,5.137056534915944,linear,2.718231603094982,0.4157063330793142,best_state,290,12314,12800,0.03492838541666667,0.4729166666666666,0.4729166666666666,0.006740972222222222,0.0806,5.181505614504998,5.867452440033084,,,,,,,,,,,1.2597742614769345,7672184
ldpc,N192_M96,tau_pSA,search,473,63,,,,1.2434181266468578,1.7456321699523023,1.9927233481024218,snr,0.5817347074887591,0.0,0.0507313653713366,1.6218221819358787,1.7751331594503141,linear,1.326223837575124,0.33477536218163567,best_state,338,10041,12800,0.03528645833333333,0.45208333333333334,0.45208333333333334,0.006740972222222222,0.0806,5.234624497785104,5.608974358974359,,,,,,,,,,,1.261726345193748,4005687
ldpc,N192_M96,tau_pSA,search,467,64,,,,1.455165827676209,1.8883599594652383,1.5005770661021383,snr,0.5571990773211037,0.0,0.04984022246767131,1.610691840670912,3.0775603020352325,linear,1.0848473581604197,0.3442054244407253,best_state,721,10400,12800,0.035937500000000004,0.4770833333333333,0.4770833333333333,0.006740972222222222,0.0806,5.331204285567117,5.91914805624483,,,,,,,,,,,1.2624868113540548,3958173
ldpc,N192_M96,tau_pSA,search,699,65,,,,1.229738314454322,1.549769633334832,1.6337851396914291,snr,0.6069905828947691,0.0,0.08560742787379062,1.736810174113782,1.8933260871756048,linear,1.7166093181047581,0.3073108700108898,best_state,182,12306,12800,0.04027777777777778,0.4791666666666667,0.4791666666666667,0.006740972222222222,0.0806,5.975069537447204,5.944995864350703,,,,,,,,,,,1.2637087225839974,5795381
ldpc,N192_M96,tau_pSA,search,465,66,,,,1.0745871356078702,1.3147225712840167,1.9934567824582026,snr,0.5883774281248937,0.0,0.019604006743177124,1.9218047430024432,2.508257392938304,linear,1.0389210159628193,0.33363405657389156,best_state,746,10612,12800,0.03570963541666667,0.4041666666666666,0.4020833333333333,0.006740972222222222,0.0806,5.297401359843413,5.0144747725392875,,,,,,,,,,,1.264014654440162,3942335
ldpc,N192_M96,tau_pSA,search,484,67,,,,1.3504080184147496,1.8822514943986892,1.5636031832581214,snr,0.6272145025760005,0.0,0.052632171152063964,1.6464646986639289,1.8560013168596414,linear,1.6900299940308687,0.37872387945094016,best_state,718,9795,12800,0.03637152777777777,0.46875,0.46875,0.006740972222222222,0.0806,5.395590810755125,5.8157568238213395,,,,,,,,,,,1.264057655508784,4092796
ldpc,N192_M96,tau_pSA,search,784,68,,,,1.2706564144297674,1.6835385678035504,1.8493234513979178,snr,0.6394765240052085,0.0,0.06588906634621289,1.6278786210962888,4.979300275685087,linear,1.513622015130805,0.4545508148929947,best_state,295,12166,12800,0.033430989583333334,0.4750000000000001,0.4750000000000001,0.006740972222222222,0.0806,4.959372102606367,5.893300248138958,,,,,,,,,,,1.2641068370541015,6468496
ldpc,N192_M96,tau_pSA,refine,760,69,,,,1.0738556669031698,1.435898396391321,1.6064839692830415,snr,0.5902506437972826,0.0,0.10796271561952589,2.5849189293258172,2.6265266322864234,linear,1.7687202503206507,0.4367175563847422,best_state,17,12661,12800,0.035552951388888886,0.47700000000000004,0.4768333333333333,0.006740972222222222,0.0806,5.2741578242505405,5.9181141439205955,,,,,,,,,,,1.2649953408627328,373757;373858;373959;374060;374161;374262
ldpc,N192_M96,tau_pSA,search,890,70,,,,1.1991927008067969,2.3117852744648637,1.422739765924215,snr,0.6293085992230482,0.0,0.023881996566752193,1.3144583629698592,5.796695847407511,linear,1.9244400121674556,0.4328292505135691,best_state,278,12295,12800,0.031510416666666666,0.5458333333333334,0.5458333333333334,0.006740972222222222,0.0806,4.674461728649428,6.772125723738627,,,,,,,,,,,1.265157903862613,7307910
ldpc,N192_M96,tau_pSA,refine,719,71,,,,1.1507120629075898,1.3959990415918218,1.7716145088121427,snr,0.624422401798954,0.0,0.103161210542736,1.9059667669834122,5.216129705431889,linear,2.487038717259451,0.4280604704067983,best_state,54,12471,12800,0.03776475694444444,0.44283333333333325,0.44283333333333325,0.006740972222222222,0.0806,5.602271556608633,5.494210090984283,,,,,,,,,,,1.2652105381365157,532137;532238;532339;532440;532541;532642
ldpc,N192_M96,tau_pSA,search,985,72,,,,1.0815675058293504,1.6674882348308873,1.7000714893330426,snr,0.5981292862565443,0.0,0.12073903314408435,2.50527024482368,2.5642224067332373,linear,0.734313757618485,0.47450002278046477,best_state,578,11983,12800,0.03284505208333333,0.5,0.5,0.006740972222222222,0.0806,4.872450293602555,6.203473945409429,,,,,,,,,,,1.265765617408347,8060215
ldpc,N192_M96,tau_pSA,search,426,73,,,,1.346804036635068,1.5679109848090036,2.731950741838102,snr,0.6115403639113612,0.0,0.001163194663868463,1.07384770560033,2.538289117482769,linear,0.9277018493624611,0.1885844905638101,best_state,420,9645,12800,0.03838975694444444,0.3854166666666667,0.3854166666666667,0.006740972222222222,0.0806,5.6949881528793656,4.781844499586435,,,,,,,,,,,1.26668774947256,3633494
ldpc,N192_M96,tau_pSA,search,901,74,,,,1.0392651007120874,1.330129520094706,2.071746778396167,snr,0.5682343180149395,0.0,0.09684236420424423,1.6203180818686578,5.451701411986519,linear,2.636938654179735,0.3990665539720461,best_state,667,11775,12800,0.036393229166666666,0.4583333333333333,0.4583333333333333,0.006740972222222222,0.0806,5.398810137014526,5.686517783291976,,,,,,,,,,,1.2677431781116624,7395019
ldpc,N192_M96,tau_pSA,refine,996,75,,,,1.1055692581696117,1.6787576452200452,1.7097156806717202,snr,0.602836061061743,0.0,0.09791526819043106,1.9521966649812705,2.092364089882911,linear,0.7748543328200642,0.31569331855084176,best_state,503,12018,12800,0.03361111111111111,0.4965,0.4965,0.006740972222222222,0.0806,4.9860925105593905,6.160049627791563,,,,,,,,,,,1.2678319921246957,452947;453048;453149;453250;453351;453452
ldpc,N192_M96,tau_pSA,search,587,76,,,,1.1692699362325432,1.8390871291030826,1.7098568972151829,snr,0.5974137742329819,0.0,0.050018803184119776,2.5210239010490256,2.575554458308655,linear,0.7724650458583647,0.3288220603280793,best_state,446,10461,12800,0.03226996527777778,0.5104166666666666,0.5104166666666666,0.006740972222222222,0.0806,4.787138147728443,6.332712985938792,,,,,,,,,,,1.2689288265402794,4908453
ldpc,N192_M96,tau_pSA,refine,619,77,,,,1.3876148361574534,1.7706807415631625,1.6733532744155286,snr,0.6092534109632511,0.0,0.018193772257477394,1.7228250184211424,1.8588037549693304,linear,1.7173484690156122,0.34510697694444775,best_state,976,10957,12800,0.03756076388888888,0.44116666666666665,0.4406666666666667,0.006740972222222222,0.0806,5.572009889770269,5.473531844499586,,,,,,,,,,,1.2703495097308177,595489;595590;595691;595792;595893;595994
ldpc,N192_M96,tau_pSA,search,848,78,,,,1.0525732053666876,1.923007442364747,1.7695427458812072,snr,0.6223637578807917,0.0,0.028216294147774212,1.788275812954981,7.5250145847292,linear,1.4470476053658032,0.41786208845084366,best_state,805,11699,12800,0.03162977430555556,0.5125000000000001,0.5125000000000001,0.006740972222222222,0.0806,4.692168023076132,6.358560794044665,,,,,,,,,,,1.270679284506924,6975312
ldpc,N192_M96,tau_pSA,refine,457,79,,,,1.0292887606542032,1.2965059407434014,1.9873140027160674,snr,0.585801674175503,0.0,0.02314570529542153,1.7129080908920318,2.101566901018456,linear,1.145317785525961,0.10821083665378131,best_state,656,10635,12800,0.039197916666666666,0.4243333333333333,0.424,0.006740972222222222,0.0806,5.814875862779438,5.264681555004135,,,,,,,,,,,1.2708884535961846,555894;555995;556096;556197;556298;556399
ldpc,N192_M96,tau_pSA,search,445,80,,,,1.3246028013063753,1.5651122499971903,1.9646953673044174,snr,0.6085612869105095,0.0,0.0842280840148797,1.5573679283073503,2.752665791721857,linear,1.6495662847641133,0.1232567407283468,best_state,28,10926,12800,0.03785807291666666,0.425,0.425,0.006740972222222222,0.0806,5.616114659524054,5.272952853598015,,,,,,,,,,,1.2713730570471984,3783955
ldpc,N192_M96,tau_pSA,refine,869,81,,,,1.1108291535918096,1.7081729557281327,1.894063886692268,snr,0.6448677494922173,0.0,0.0627561754067924,1.7237306438245683,5.753379614340044,linear,1.7439066229799018,0.4644554973323049,best_state,8,12723,12800,0.03337934027777778,0.49783333333333335,0.4976666666666667,0.006740972222222222,0.0806,4.951710106108994,6.176592224979322,,,,,,,,,,,1.2725285896117882,421271;421372;421473;421574;421675;421776
ldpc,N192_M96,tau_pSA,search,676,82,,,,1.6457017038360657,2.279934620364092,2.187381646627854,snr,0.5848016888530578,0.0,0.1026364738128287,1.3088415818569337,1.6434363336443365,linear,1.2621896549244846,0.30191134240077794,best_state,575,10224,12800,0.035416666666666666,0.4479166666666667,0.44583333333333336,0.006740972222222222,0.0806,5.253940455341506,5.557278742762613,,,,,,,,,,,1.2732656953445087,5613244
ldpc,N192_M96,tau_pSA,refine,697,83,,,,1.2397838400333758,1.5799518309109288,1.6622471952551678,snr,0.6079665480837974,0.0,0.08551734855369372,1.7149972427874671,5.2556490354155745,linear,1.6005209720029243,0.3089918171295638,best_state,229,10281,12800,0.03547048611111111,0.47783333333333333,0.47733333333333333,0.006740972222222222,0.0806,5.261924384464819,5.928453267162944,,,,,,,,,,,1.2738510231071825,365838;365939;366040;366141;366242;366343
ldpc,N192_M96,tau_pSA,search,461,84,,,,1.065387733994669,1.9255610807500418,1.9861419563568945,snr,0.5649013935424023,0.0,0.02316958292291162,1.6654653124034686,2.96430664422623,linear,1.0693163906377714,0.09406633189501865,best_state,694,10522,12800,0.03324652777777778,0.5208333333333334,0.5208333333333334,0.006740972222222222,0.0806,4.932007829401463,6.461952026468156,,,,,,,,,,,1.274265746738981,3910659
ldpc,N192_M96,tau_pSA,refine,452,85,,,,1.2849666825936246,1.5791856548379002,1.6374679990980423,snr,0.6055339342157233,0.0,3.4376853068548985e-06,1.428691120067936,2.8527202981523656,linear,0.9522367621604704,0.3504868302937738,best_state,235,10964,12800,0.0386796875,0.4475,0.4473333333333333,0.006740972222222222,0.0806,5.737998351704955,5.552109181141439,,,,,,,,,,,1.2744303308634675,357919;358020;358121;358222;358323;358424
ldpc,N192_M96,tau_pSA,search,879,86,,,,0.9085055414649632,1.1366595869179594,1.888313599702966,snr,0.6255130086999434,0.0,0.14380593848281512,2.070592330190865,2.1576404503804594,exponential,1.5094186487296302,0.47684468196143537,best_state,212,12348,12800,0.039605034722222224,0.45625000000000004,0.45625000000000004,0.006740972222222222,0.0806,5.87527042340579,5.660669975186105,,,,,,,,,,,1.2749504286638484,7220801
ldpc,N192_M96,tau_pSA,search,874,87,,,,1.1087460391567785,1.6700062153930766,2.2411675554587838,snr,0.6419595091497077,0.0,0.0011235311101522394,1.6983014293547665,8.499427162724597,linear,1.700006853506984,0.27778788870895177,best_state,11,12438,12800,0.03246527777777777,0.5166666666666667,0.5166666666666667,0.006740972222222222,0.0806,4.816112084063047,6.410256410256411,,,,,,,,,,,1.2750144462599935,7181206
ldpc,N192_M96,tau_pSA,search,436,88,,,,1.243452994762873,1.558883339150785,2.3806212282268993,snr,0.5901601000543583,0.0,0.05872285577175493,1.2657578209312126,1.993263638641542,linear,1.2854884319118483,0.12911830180293557,best_state,565,11558,12800,0.039572482638888885,0.4229166666666666,0.4229166666666666,0.006740972222222222,0.0806,5.870441434016689,5.247105045492141,,,,,,,,,,,1.2753357858673315,3712684
ldpc,N192_M96,tau_pSA,search,891,89,,,,1.2261295941626766,2.369893787893724,1.434454599635501,snr,0.6305457987892946,0.0,0.02098474557350513,2.9450616348909078,2.9887632789011866,linear,2.2635120636833377,0.4438539614397326,best_state,509,11931,12800,0.03445095486111111,0.5208333333333334,0.5208333333333334,0.006740972222222222,0.0806,5.110680436798187,6.461952026468156,,,,,,,,,,,1.2758697376808121,7315829
ldpc,N192_M96,tau_pSA,search,516,90,,,,1.3389427079536962,2.056748439304104,2.1069376391653485,snr,0.6044561736752986,0.0,0.029467341173967515,1.4864333581493185,2.52527161432871,linear,1.6453918358611808,0.29879743428435057,best_state,492,10854,12800,0.03326822916666667,0.48750000000000004,0.48750000000000004,0.006740972222222222,0.0806,4.935227155660864,6.048387096774194,,,,,,,,,,,1.2778786292496633,4346204
ldpc,N192_M96,tau_pSA,refine,623,91,,,,1.0949413785007933,1.7550082423694684,1.6420626133697154,snr,0.610276300568103,0.0,0.0184988484016503,1.712374361304772,1.8715035569430158,linear,1.6176429028486041,0.346900264887951,best_state,1021,11270,12800,0.03464496527777778,0.4975,0.49733333333333335,0.006740972222222222,0.0806,5.139461213557227,6.172456575682382,,,,,,,,,,,1.2781834528949896,460866;460967;461068;461169;461270;461371
ldpc,N192_M96,tau_pSA,refine,902,92,,,,1.0806579626844348,1.315801802266466,2.092502582161183,snr,0.5718737712158047,0.0,0.09637686996181613,1.7522797096951828,5.384286031750051,linear,3.0518863145038515,0.28682489513734966,best_state,618,11839,12800,0.03779166666666666,0.4363333333333333,0.4363333333333333,0.006740972222222222,0.0806,5.6062635211702885,5.413564929693961,,,,,,,,,,,1.278301656641073,405433;405534;405635;405736;405837;405938
ldpc,N192_M96,tau_pSA,refine,491,93,,,,1.3529377980265542,1.8669076148873098,1.808471618470049,snr,0.624237447792363,0.0,0.05424855066955137,1.7411441091797437,2.6527393122317577,linear,1.6367351085192277,0.37436792388329765,best_state,758,9872,12800,0.03501128472222222,0.47866666666666663,0.4781666666666667,0.006740972222222222,0.0806,5.193803440815906,5.938792390405292,,,,,,,,,,,1.2800078514373603,500461;500562;500663;500764;500865;500966
ldpc,N192_M96,tau_pSA,search,398,94,,,,1.8817830779756646,2.3354168016736914,2.8902127384807974,snr,0.6711826723308244,0.0,0.05135015383086233,0.918216677966212,0.999895782444823,linear,0.6602903239205432,0.15962887468236425,best_state,335,8724,9600,0.03798828125,0.4104166666666667,0.4083333333333334,0.006740972222222222,0.0806,5.635430617080457,5.092018196856907,,,,,,,,,,,1.2801858473368948,3411762
ldpc,N192_M96,tau_pSA,search,432,95,,,,1.491830861524372,1.5223497751604116,2.4225809504123057,snr,0.6400787776668575,0.0,0.05976131109973657,1.0857769456899664,2.0316725513565075,linear,0.7353956083549706,0.18295862020823506,best_state,462,12113,12800,0.04722222222222222,0.38958333333333334,0.38958333333333334,0.006740972222222222,0.0806,7.005253940455342,4.83354011579818,,,,,,,,,,,1.280327100231564,3681008
ldpc,N192_M96,tau_pSA,search,598,96,,,,0.8592050439398728,1.5594221433847772,1.5165393778553362,snr,0.5340299124203742,0.0,0.06721256694679575,2.8452188741822724,2.8963826059386966,cosine,0.8876536317470232,0.06591880114354924,best_state,4,10136,12800,0.03294270833333333,0.5333333333333333,0.5333333333333333,0.006740972222222222,0.0806,4.886937261769856,6.617038875103391,,,,,,,,,,,1.281262552793416,4995562
ldpc,N192_M96,tau_pSA,search,417,97,,,,1.7044828453771188,1.9362736786731134,3.1657535420263963,snr,0.6275892646809214,0.0,0.029240873374184847,0.9583126609762187,2.27176777917744,linear,0.7943281043662995,0.15385473754616047,best_state,389,8998,9600,0.039539930555555554,0.4124999999999999,0.4124999999999999,0.006740972222222222,0.0806,5.865612444627589,5.117866004962778,,,,,,,,,,,1.2813707812370367,3562223
ldpc,N192_M96,tau_pSA,refine,725,98,,,,0.8432234452242111,1.207638289425185,1.5418243612487066,snr,0.6548275097114611,0.0,0.11383023724959848,2.2887385869258563,4.953438044642559,linear,2.672485423752238,0.44632229777111115,best_state,5,12452,12800,0.03524913194444445,0.4835,0.48333333333333334,0.006740972222222222,0.0806,5.229087256618936,5.998759305210918,,,,,,,,,,,1.2816170685408714,540056;540157;540258;540359;540460;540561
ldpc,N192_M96,tau_pSA,search,867,99,,,,1.1162598382271176,1.6947831070820458,2.2901413784750173,snr,0.6445074897424483,0.0,0.06317045001559843,1.6982466128725595,5.0657731803717265,linear,1.7190956090345757,0.12012081099886499,best_state,222,12304,12800,0.034516059027777775,0.4895833333333333,0.4895833333333333,0.006740972222222222,0.0806,5.120338415576388,6.074234904880066,,,,,,,,,,,1.2818418608112208,7125773
ldpc,N192_M96,tau_pSA,refine,865,100,,,,1.142574119858275,1.6573971338290443,1.9628113769030047,snr,0.6460408490877878,0.0,0.002102763631339772,1.2199163928812635,5.664191414682459,linear,1.7072619683070855,0.2731761482353793,best_state,258,12374,12800,0.03555642361111112,0.4746666666666666,0.4746666666666666,0.006740972222222222,0.0806,5.274672916452046,5.889164598842017,,,,,,,,,,,1.281901130206304,429190;429291;429392;429493;429594;429695
ldpc,N192_M96,tau_pSA,search,616,101,,,,1.3923543860560499,1.7746327943789568,1.634269085527152,snr,0.6062522663416112,0.0,0.05652511314681232,1.6810954171040131,2.5615887655674365,linear,1.6957247616847553,0.3312880515140239,best_state,1008,11265,12800,0.039561631944444446,0.45416666666666666,0.45416666666666666,0.006740972222222222,0.0806,5.868831770886989,5.634822167080231,,,,,,,,,,,1.2819907415808702,5138104
ldpc,N192_M96,tau_pSA,search,614,102,,,,1.0530225734374872,1.762889766716433,1.7285144021961867,snr,0.6085910032860501,0.0,0.017016278260174992,1.770519804735247,1.911846739210305,linear,1.601418442715201,0.33772842468588016,best_state,960,10950,12800,0.03427734375,0.48333333333333334,0.48333333333333334,0.006740972222222222,0.0806,5.0849258267229835,5.996691480562448,,,,,,,,,,,1.2822583365521787,5122266
ldpc,N192_M96,tau_pSA,refine,912,103,,,,1.0348500011850403,1.3489170694976733,2.0950511889740335,snr,0.5778319021447252,0.0,0.04904173237075801,1.8054932696061345,5.357092772416686,linear,2.6250859895894822,0.40940250979183196,best_state,594,11841,12800,0.036571180555555555,0.4495,0.44916666666666666,0.006740972222222222,0.0806,5.425208612341609,5.576923076923077,,,,,,,,,,,1.282729247705624,484623;484724;484825;484926;485027;485128
ldpc,N192_M96,tau_pSA,refine,925,104,,,,1.08323099697403,1.5315438930473608,1.8142941883531054,snr,0.5069363564941607,0.0,0.0516754304601229,2.3822241547475915,2.4188120786140925,linear,2.523781851812663,0.05897000028488511,best_state,343,12278,12800,0.03527951388888889,0.4856666666666667,0.4856666666666667,0.006740972222222222,0.0806,5.233594313382096,6.0256410256410255,,,,,,,,,,,1.282935768274894,587570;587671;587772;587873;587974;588075
ldpc,N192_M96,tau_pSA,refine,930,105,,,,1.114717622405004,1.5616313722177673,1.8625672502330815,snr,0.6084056493932976,0.0,0.047350356335921925,1.3049545614267155,4.800347622880169,linear,3.6936708931523556,0.42158314322576035,best_state,290,12301,12800,0.037469618055555556,0.4691666666666667,0.4691666666666667,0.006740972222222222,0.0806,5.5584887194807875,5.820926385442514,,,,,,,,,,,1.2833588093266017,571732;571833;571934;572035;572136;572237
ldpc,N192_M96,tau_pSA,refine,718,106,,,,1.0565654656607049,1.443701155721979,1.7811128773639295,snr,0.6256495350197547,0.0,0.09084130244765393,1.908051572671655,4.919168723974282,linear,1.4372931950435608,0.42229955783684847,best_state,50,12718,12800,0.03537847222222222,0.48333333333333334,0.48266666666666663,0.006740972222222222,0.0806,5.248274441124962,5.996691480562448,,,,,,,,,,,1.2835953385714276,413352;413453;413554;413655;413756;413857
ldpc,N192_M96,tau_pSA,search,968,107,,,,0.7867894190448527,1.2678766973608124,1.5971146672285563,snr,0.5803898995174079,0.0,0.0251726574308545,1.7106132599419077,3.567502727644884,linear,1.6153790787635696,0.3660737610359741,best_state,3,12569,12800,0.03403862847222222,0.5083333333333333,0.5083333333333333,0.006740972222222222,0.0806,5.049513237869578,6.306865177832919,,,,,,,,,,,1.283606845808666,7925592
ldpc,N192_M96,tau_pSA,search,786,108,,,,1.2488562384546131,1.68019406805504,1.8311120354508474,snr,0.6457540429963874,0.0,0.06742990327976513,1.6521940462141256,4.999622036554735,linear,2.730850791414302,0.44762864357369603,best_state,13,12491,12800,0.03895399305555555,0.47083333333333327,0.47083333333333327,0.006740972222222222,0.0806,5.778690635623777,5.841604631927211,,,,,,,,,,,1.2838746299687445,6484334
ldpc,N192_M96,tau_pSA,search,615,109,,,,1.05957710550556,1.749193671377024,1.7135140780306777,snr,0.6075869502653689,0.0,0.020428067812509734,1.71484366268179,1.8744168598048636,linear,1.6265991652938998,0.3486862587487241,best_state,935,10993,12800,0.035980902777777775,0.49583333333333335,0.49583333333333335,0.006740972222222222,0.0806,5.337642938085917,6.1517783291976835,,,,,,,,,,,1.2848953273626789,5130185
ldpc,N192_M96,tau_pSA,search,796,110,,,,1.0892809918760367,1.4097382237082114,2.1699974121222545,snr,0.6507088338917332,0.0,0.10680839240037891,2.9230604666704805,2.9653876769843377,linear,0.10694552398556005,0.4813264992265029,best_state,665,11701,12800,0.037434895833333336,0.46875,0.46875,0.006740972222222222,0.0806,5.553337797465747,5.8157568238213395,,,,,,,,,,,1.2853242051531986,6563524
ldpc,N192_M96,tau_pSA,search,637,111,,,,1.3778274018884433,1.600175148123338,1.8096834533736534,snr,0.5990135226124241,0.0,0.04040500773982564,1.5680083193945564,1.7838060792059185,linear,2.158568815398987,0.3665587506721815,best_state,314,10916,12800,0.04071180555555556,0.40416666666666673,0.40416666666666673,0.006740972222222222,0.0806,6.039456062635212,5.014474772539289,,,,,,,,,,,1.285934951455299,5304403
ldpc,N192_M96,tau_pSA,search,905,112,,,,1.0791919619993686,1.342733137370589,2.0996807054134936,snr,0.5662232709598526,0.0,0.04714475113641018,1.7638334927296464,5.460013234161095,linear,3.0158371585125736,0.2984665587739697,best_state,514,11974,12800,0.03748914930555556,0.4375,0.4375,0.006740972222222222,0.0806,5.561386113114248,5.42803970223325,,,,,,,,,,,1.2859659154215364,7426695
ldpc,N192_M96,tau_pSA,refine,580,113,,,,1.1845884314443302,1.8545402303800944,1.7182586727705227,snr,0.5976202530421327,0.0,0.049774749079490054,1.8724075662964215,1.9559191006482501,linear,0.7808702861159067,0.45168586299788993,best_state,449,12111,12800,0.03451041666666667,0.5011666666666666,0.5011666666666666,0.006740972222222222,0.0806,5.119501390748945,6.217948717948717,,,,,,,,,,,1.28671023489649,492542;492643;492744;492845;492946;493047
ldpc,N192_M96,tau_pSA,search,411,114,,,,1.8464087559628926,1.955861670398228,3.1447046361476403,snr,0.6240110687705352,0.0,0.03957735156603733,0.9796391511364406,2.249834364525115,linear,0.7131892363349028,0.15529260586038396,best_state,254,9198,12800,0.04461805555555556,0.39791666666666664,0.3958333333333333,0.006740972222222222,0.0806,6.61893478932729,4.936931348221671,,,,,,,,,,,1.287180919160293,3514709
ldpc,N192_M96,tau_pSA,search,477,115,,,,1.2375857113084032,1.627592619277836,1.8481905874878226,snr,0.5854664982684598,0.0,0.04789973413093435,1.953972441898399,2.131208259496048,linear,1.4455423253451258,0.35519508975890784,best_state,308,10090,12800,0.037999131944444445,0.46875,0.46875,0.006740972222222222,0.0806,5.637040280210158,5.8157568238213395,,,,,,,,,,,1.287256039268712,4037363
ldpc,N192_M96,tau_pSA,refine,674,116,,,,1.6381234178523558,2.2512589844701334,2.2079963408236294,snr,0.5866507797902402,0.0,0.0011578657636440032,1.6396099945596223,1.8152598025683873,linear,1.1985851849087346,0.30779968651579165,best_state,474,11985,12800,0.036414062500000004,0.4651666666666667,0.461,0.006740972222222222,0.0806,5.401900690223551,5.771298593879239,,,,,,,,,,,1.287586085719534,563813;563914;564015;564116;564217;564318
ldpc,N192_M96,tau_pSA,refine,655,117,,,,1.1098792584328427,1.6767190198777038,1.583816894092647,snr,0.6162031735970241,0.0,0.06748784575382306,1.4522530528846287,2.7687781395579028,linear,1.4106560818441805,0.33082039045526385,best_state,774,10233,12800,0.03440104166666667,0.5018333333333334,0.5016666666666667,0.006740972222222222,0.0806,5.103275986401566,6.226220016542597,,,,,,,,,,,1.2880725106113755,468785;468886;468987;469088;469189;469290
ldpc,N192_M96,tau_pSA,search,439,118,,,,1.2425472612488135,1.570242496902218,2.3681606055370117,snr,0.5945578446297461,0.0,0.06447723877157277,1.3393592661862155,1.959524290081814,linear,1.0010811654664216,0.1284284115973604,best_state,547,11572,12800,0.0380859375,0.4083333333333334,0.4083333333333334,0.006740972222222222,0.0806,5.64991758524776,5.0661703887510345,,,,,,,,,,,1.2881202560568736,3736441
ldpc,N192_M96,tau_pSA,search,421,119,,,,1.385417426711967,2.074484368254234,2.3957899858408043,snr,0.6365564450233244,0.0,0.011797922394740461,1.0933624216174962,2.616373452640302,linear,0.9703468947531358,0.18186231208946937,best_state,443,9955,12800,0.034570312500000006,0.5041666666666665,0.5041666666666665,0.006740972222222222,0.0806,5.12838673122489,6.255169561621172,,,,,,,,,,,1.2885267054136675,3593899
ldpc,N192_M96,tau_pSA,search,928,120,,,,1.1120669232175404,1.4896899294063124,1.8150762157930185,snr,0.6043890780951805,0.0,0.11345044664109605,1.3309618865204622,4.742570327757537,linear,4.293794323377765,0.4185473875573397,best_state,301,12267,12800,0.038313802083333334,0.48333333333333334,0.48124999999999996,0.006740972222222222,0.0806,5.683720510971464,5.996691480562448,,,,,,,,,,,1.2915142587133803,7608832
ldpc,N192_M96,tau_pSA,search,487,121,,,,1.353357083985938,1.9236916285839756,1.597835149040564,snr,0.624315954492079,0.0,0.05447975521729853,1.6558379133521248,1.7724268365322207,linear,1.8670008628268966,0.37965776884921315,best_state,806,10424,12800,0.038899739583333336,0.46666666666666673,0.46666666666666673,0.006740972222222222,0.0806,5.770642319975276,5.789909015715468,,,,,,,,,,,1.2918521390374662,4116553
ldpc,N192_M96,tau_pSA,search,702,122,,,,1.2275852118334336,1.5543783368417678,1.6282990300751108,snr,0.6070834347133539,0.0,0.08613997727424064,1.697531297242381,1.8908246645762758,linear,1.7160988518860387,0.38093937717525217,best_state,212,12269,12800,0.04048394097222222,0.46666666666666673,0.46458333333333335,0.006740972222222222,0.0806,6.005653136911508,5.789909015715468,,,,,,,,,,,1.2918680807308918,5819138
ldpc,N192_M96,tau_pSA,search,438,123,,,,1.2144527952990516,1.5634159705263462,2.4718727697308767,snr,0.588532263229834,0.0,0.05957854554306214,1.3247983624724367,2.856691270748925,linear,1.2788808851713998,0.36041610107593924,best_state,601,11367,12800,0.03773871527777778,0.4354166666666666,0.4354166666666666,0.006740972222222222,0.0806,5.598408365097352,5.402191894127377,,,,,,,,,,,1.2921086216183688,3728522
ldpc,N192_M96,tau_pSA,search,430,124,,,,1.4654619066949777,1.538297945631125,2.423340819716692,snr,0.6430859831375174,0.0,0.004892082020057538,1.0645704791331667,2.630771265099791,linear,0.9069252484245904,0.18712493857604887,best_state,430,10095,12800,0.047070312499999996,0.3729166666666666,0.3729166666666666,0.006740972222222222,0.0806,6.9827186566395385,4.626757650951198,,,,,,,,,,,1.292740169478639,3665170
ldpc,N192_M96,tau_pSA,search,555,125,,,,1.2923267761356232,2.214049965780169,2.0126071912544674,snr,0.612182800610946,0.0,0.09188823591483326,1.5823706523665393,2.0288985830916104,linear,1.0254557520694525,0.3596770631515675,best_state,12,9378,12800,0.03147786458333333,0.525,0.525,0.006740972222222222,0.0806,4.669632739260327,6.513647642679901,,,,,,,,,,,1.2929004732707554,4655045
ldpc,N192_M96,tau_pSA,search,617,126,,,,1.051707345488643,1.7575143550154573,1.6881670188733757,snr,0.6097536057197435,0.0,0.018589118448920593,1.7201129239518955,3.0533806304861018,linear,1.5698218878316674,0.3541265044748161,best_state,945,11216,12800,0.033528645833333336,0.5333333333333333,0.5333333333333333,0.006740972222222222,0.0806,4.973859070773669,6.617038875103391,,,,,,,,,,,1.2930912945755475,5146023
ldpc,N192_M96,tau_pSA,search,781,127,,,,1.2911495949779446,1.6540692740325587,1.8854387040970222,snr,0.643644852179351,0.0,0.06751202975478449,1.6405158232745407,5.02196843114264,linear,1.5467418238991577,0.45118113921978376,best_state,7151,5624,12800,0.0353515625,0.4895833333333333,0.4895833333333333,0.006740972222222222,0.0806,5.244282476563305,6.074234904880066,,,,,,,,,,,1.2933504947691943,6444739
ldpc,N192_M96,tau_pSA,search,986,128,,,,1.0760046910375332,1.6799432855188516,1.702384873814507,snr,0.5986490485093131,0.0,0.1325016151735365,1.9215222014977231,2.0483120230927554,linear,0.9393979442475927,0.3137465132328875,best_state,523,12054,12800,0.035904947916666666,0.5229166666666667,0.5229166666666667,0.006740972222222222,0.0806,5.326375296178016,6.487799834574028,,,,,,,,,,,1.2945983758785646,8068134
ldpc,N192_M96,tau_pSA,search,620,129,,,,1.4126688039546766,1.7626075715513405,1.7283053910727617,snr,0.6081577675731853,0.0,0.054744224767000346,1.7243336464054202,5.932765784840403,linear,1.6302287019350155,0.34633130212844493,best_state,1063,11270,12800,0.035134548611111115,0.48541666666666666,0.48333333333333334,0.006740972222222222,0.0806,5.212089213969302,6.0225392886683204,,,,,,,,,,,1.2948695952493867,5169780
ldpc,N192_M96,tau_pSA,search,673,130,,,,1.6496715801346957,2.21313439087551,1.667629312269577,snr,0.5740864749565845,0.0,0.10386051338561667,1.3413642073355714,2.6028519459495745,linear,1.223590268433536,0.46501471893820506,best_state,531,11892,12800,0.03827039930555556,0.5,0.5,0.006740972222222222,0.0806,5.677281858452663,6.203473945409429,,,,,,,,,,,1.2949060106498895,5589487
ldpc,N192_M96,tau_pSA,search,876,131,,,,1.1111889168486426,1.6341140554798428,2.266535746557977,snr,0.6458282482049628,0.0,0.06715601044168212,1.676909008500939,5.0088902085522005,linear,1.6786034376490737,0.4031191739484535,best_state,8,12748,12800,0.035210503472222224,0.49166666666666664,0.49166666666666664,0.006740972222222222,0.0806,5.223356855877203,6.100082712985938,,,,,,,,,,,1.2950725529933373,7197044
ldpc,N192_M96,tau_pSA,search,701,132,,,,1.2531999587722182,1.578704224663312,1.6705405075631838,snr,0.6067588439237885,0.0,0.025351880317344852,1.6792643486677945,1.7553495863423032,linear,1.5864881357403122,0.4122193146400357,best_state,226,12090,12800,0.03850911458333333,0.43333333333333335,0.43333333333333335,0.006740972222222222,0.0806,5.712694447306068,5.376344086021505,,,,,,,,,,,1.2954141984377836,5811219
ldpc,N192_M96,tau_pSA,search,558,133,,,,1.3048736835166614,2.161985457361081,1.9379691469768376,snr,0.6227747085140539,0.0,0.09074168147493872,2.0114012162660266,7.204684540520221,linear,1.3620300363527664,0.364134506445352,best_state,288,10255,12800,0.03373480902777778,0.525,0.525,0.006740972222222222,0.0806,5.004442670237973,6.513647642679901,,,,,,,,,,,1.2958656892967866,4678802
ldpc,N192_M96,tau_pSA,search,927,134,,,,1.1429493667351427,1.587040898597708,1.8244519748681836,snr,0.604686032185826,0.0,0.10980868607103758,2.310924684119169,2.349279571857772,linear,2.8777746453924924,0.41917999005875606,best_state,287,12378,12800,0.035980902777777775,0.5,0.5,0.006740972222222222,0.0806,5.337642938085917,6.203473945409429,,,,,,,,,,,1.2959906738670721,7600913
ldpc,N192_M96,tau_pSA,search,761,135,,,,1.1375698431716679,1.3545967618115393,2.111030249799524,snr,0.5937676138091347,0.0,0.10235546830158063,2.199662826286946,2.242852612685048,linear,3.281392464529716,0.43343583556855647,best_state,215,12330,12800,0.039377170138888896,0.43333333333333335,0.43124999999999997,0.006740972222222222,0.0806,5.841467497682086,5.376344086021505,,,,,,,,,,,1.2962274441740684,6286359
ldpc,N192_M96,tau_pSA,search,464,136,,,,1.0856565508429656,1.329757450936749,1.957662646824475,snr,0.5708598236730026,0.0,0.025511135618959516,1.6100796495398888,3.0601762413638567,linear,1.0926625962097103,0.39850681953052314,best_state,664,10715,12800,0.040538194444444446,0.4270833333333333,0.4270833333333333,0.006740972222222222,0.0806,6.013701452560008,5.298800661703887,,,,,,,,,,,1.2966226975881316,3934416
ldpc,N192_M96,tau_pSA,search,851,137,,,,0.944621074940627,1.9175613569796033,1.7702362285142723,snr,0.6189341409383275,0.0,0.08627225149515222,1.5294323829359528,4.6864242799795885,linear,1.528023802912119,0.4155212154119936,best_state,750,11789,12800,0.03292100694444444,0.5499999999999999,0.5499999999999999,0.006740972222222222,0.0806,4.8837179355104565,6.823821339950371,,,,,,,,,,,1.2967905063567924,6999069
ldpc,N192_M96,tau_pSA,search,804,138,,,,1.0710948812545897,1.4479526372254585,2.17493105364089,snr,0.6593672495511425,0.0,0.10818876463305252,2.0059286466240493,2.0677463968200467,linear,1.3197681509761514,0.4330174493493448,best_state,13419,5761,19200,0.03669704861111111,0.46458333333333335,0.46458333333333335,0.006740972222222222,0.0806,5.443880704646132,5.764061207609594,,,,,,,,,,,1.2969274035708462,6626876
ldpc,N192_M96,tau_pSA,search,850,139,,,,1.0518907651219986,1.9261525728109101,1.7667920047712415,snr,0.6174044193285068,0.0,0.09148123301340427,1.5457839314482267,4.5497803909626064,linear,1.1515367825777174,0.41000332004055684,best_state,794,11669,12800,0.03403862847222222,0.5354166666666668,0.5354166666666668,0.006740972222222222,0.0806,5.049513237869578,6.642886683209265,,,,,,,,,,,1.2971956955683046,6991150
ldpc,N192_M96,tau_pSA,search,749,140,,,,0.9132531192721874,1.5186233514187555,1.2643457778196712,snr,0.6084556103060814,0.0,0.07633330463528223,1.858987180953167,5.328134887761803,linear,2.730783948888933,0.4769755909772764,best_state,341,12098,12800,0.036219618055555555,0.525,0.525,0.006740972222222222,0.0806,5.373055526939322,6.513647642679901,,,,,,,,,,,1.2982855026171778,6191331
ldpc,N192_M96,tau_pSA,search,613,141,,,,1.0759707259091418,1.7584429710260965,1.697329830032734,snr,0.6136886595886851,0.0,0.01892789757596939,1.6903558013261735,1.8989646688773774,linear,1.6283537071206582,0.3489186674545033,best_state,942,11017,12800,0.0357421875,0.5083333333333334,0.5083333333333334,0.006740972222222222,0.0806,5.302230349232513,6.30686517783292,,,,,,,,,,,1.2988036472992555,5114347
ldpc,N192_M96,tau_pSA,search,584,142,,,,1.1448907056093678,1.8746786452014277,1.8220127322265995,snr,0.6002814601405909,0.0,0.050446792003037484,1.8165070697961525,1.926237165819381,linear,0.7760594080551253,0.09152048678233624,best_state,426,12090,12800,0.034548611111111106,0.5083333333333333,0.5083333333333333,0.006740972222222222,0.0806,5.125167404965488,6.306865177832919,,,,,,,,,,,1.2990195424449416,4884696
ldpc,N192_M96,tau_pSA,search,909,143,,,,1.0513561392453608,1.3528093629120155,2.1020372972961936,snr,0.5674061191516578,0.0,0.10000803940948635,1.7294218146602351,5.507516842605234,linear,2.64579374685181,0.41191900117584757,best_state,614,11870,12800,0.03843315972222222,0.46249999999999997,0.46249999999999997,0.006740972222222222,0.0806,5.7014268053981665,5.738213399503722,,,,,,,,,,,1.2993993695776025,7458371
ldpc,N192_M96,tau_pSA,refine,717,144,,,,1.0601535271552693,1.465419589181438,1.725434783932335,snr,0.6228101271790282,0.0,0.12015194067244772,1.8866345345763367,5.148917526816518,linear,1.9376048112674935,0.41599697935474467,best_state,75,12540,12800,0.03562760416666667,0.492,0.4918333333333333,0.006740972222222222,0.0806,5.285232306582879,6.104218362282878,,,,,,,,,,,1.3001747768485958,524218;524319;524420;524521;524622;524723
ldpc,N192_M96,tau_pSA,search,412,145,,,,1.8287620563944254,1.879718352590495,3.1109225780237413,snr,0.6569191519991772,0.0,0.03738445092278563,0.9470245552979575,2.2777444097747135,linear,0.7864514139814489,0.18132964842386737,best_state,264,11469,12800,0.0439453125,0.36041666666666666,0.36041666666666666,0.006740972222222222,0.0806,6.5191356752858765,4.4716708023159635,,,,,,,,,,,1.3002672334847338,3522628
ldpc,N192_M96,tau_pSA,search,738,146,,,,1.0951595083457701,1.3235128100560105,1.7487574515457756,snr,0.6343299680510414,0.0,0.09281270253247334,2.032699807089979,4.732342433977522,linear,2.2144476178367913,0.411930164269946,best_state,125,6255,6400,0.04137369791666667,0.48124999999999996,0.48124999999999996,0.006740972222222222,0.0806,6.137645513546925,5.970843672456574,,,,,,,,,,,1.3019282792958138,6104222
ldpc,N192_M96,tau_pSA,search,844,147,,,,1.0451607612492277,1.860088058015607,1.3566393377800916,snr,0.6259991237821392,0.0,0.09032640471075941,1.5194702109542435,5.5697113126280655,linear,1.513004221883601,0.4178698900138075,best_state,804,11697,12800,0.03736979166666666,0.5666666666666668,0.5666666666666668,0.006740972222222222,0.0806,5.5436798186875444,7.030603804797354,,,,,,,,,,,1.3020146702535158,6943636
ldpc,N192_M96,tau_pSA,search,957,148,,,,0.9591053190860728,2.019563901936423,2.1386199845718856,snr,0.5843716198946654,0.0,0.06505940674584076,1.4083021940712594,6.31419287083969,piecewise,1.3919678937109778,0.38384872055064717,best_state,1453,13199,19200,0.03200954861111111,0.5604166666666667,0.5604166666666667,0.006740972222222222,0.0806,4.748506232615639,6.953060380479735,,,,,,,,,,,1.3024790839755918,7838483
ldpc,N192_M96,tau_pSA,search,656,149,,,,1.1544191061786062,1.668574789184018,1.5710663238468479,snr,0.6177341733889544,0.0,0.06659849068862816,1.8133328160553372,1.8993212945693252,linear,1.5143378126813551,0.33580621985100606,best_state,757,9745,12800,0.03768446180555556,0.4895833333333333,0.4895833333333333,0.006740972222222222,0.0806,5.590360049448853,6.074234904880066,,,,,,,,,,,1.3027348054154706,5454864
ldpc,N192_M96,tau_pSA,search,904,150,,,,1.012981850535765,1.344115092275376,1.8049592595148622,snr,0.5680693746859551,0.0,0.04866716363904648,1.7506784486527631,5.463873246302521,linear,0.9331055257713943,0.40150418091650314,best_state,568,11884,12800,0.03487413194444444,0.48125,0.48125,0.006740972222222222,0.0806,5.173457298856495,5.970843672456575,,,,,,,,,,,1.3038734168548543,7418776
ldpc,N192_M96,tau_pSA,search,563,151,,,,1.3315884132745743,2.183529709750601,1.9257095995441336,snr,0.6136049552295655,0.0,0.09547259805016345,1.1312501835251614,2.0863906717636893,linear,1.0019811850433582,0.13857393083184671,best_state,5,9439,12800,0.03342013888888889,0.5187499999999999,0.5187499999999999,0.006740972222222222,0.0806,4.957762439476666,6.436104218362281,,,,,,,,,,,1.3046138372574823,4718397
ldpc,N192_M96,tau_pSA,search,423,152,,,,1.4521337624124397,2.0905207874991305,2.371911901792291,snr,0.6472311300975905,0.0,0.008109989816722136,1.1358142618062643,2.0772144405660975,linear,0.9742682126465977,0.1832107860336102,best_state,443,11546,12800,0.035145399305555554,0.46875,0.46875,0.006740972222222222,0.0806,5.2136988770990005,5.8157568238213395,,,,,,,,,,,1.3054043611369912,3609737
ldpc,N192_M96,tau_pSA,search,683,153,,,,1.661054700101286,2.2836678697634776,2.1944813397366025,snr,0.5795830492334159,0.0,0.0007649545833668947,1.6317413842546376,4.546719086542164,linear,1.22264466406202,0.303499085729322,best_state,500,10701,12800,0.033398437499999996,0.4895833333333333,0.4875,0.006740972222222222,0.0806,4.954543113217265,6.074234904880066,,,,,,,,,,,1.307082100372591,5668677
ldpc,N192_M96,tau_pSA,search,480,154,,,,1.257378444277711,1.739647884599277,1.9694556631321332,snr,0.5878404455113161,0.0,0.04975379044041074,2.057704911470496,2.1182311281253887,linear,1.297025018221057,0.3478349744735688,best_state,320,10109,12800,0.036121961805555554,0.48125,0.48125,0.006740972222222222,0.0806,5.35856855877202,5.970843672456575,,,,,,,,,,,1.307154408878342,4061120
ldpc,N192_M96,tau_pSA,search,654,155,,,,1.1398248693859339,1.6797951571794387,1.5328328134928144,snr,0.6144677030582222,0.0,0.07135580647116097,1.414525333660504,2.7822297118129438,linear,1.4212845097666513,0.3245896751671187,best_state,857,9673,12800,0.03487413194444444,0.53125,0.53125,0.006740972222222222,0.0806,5.173457298856495,6.591191066997518,,,,,,,,,,,1.307187649775656,5439026
ldpc,N192_M96,tau_pSA,search,560,156,,,,1.32387422652506,2.1687172981366225,1.958250926516505,snr,0.6173428052426095,0.0,0.09236471585147596,1.133732496586419,2.063888295158658,linear,0.997961962695268,0.36613884807027736,best_state,238,9478,12800,0.03605685763888889,0.5041666666666667,0.5041666666666667,0.006740972222222222,0.0806,5.348910579993819,6.255169561621174,,,,,,,,,,,1.3084721777821957,4694640
ldpc,N192_M96,tau_pSA,search,965,157,,,,0.7765958620110941,1.2504661903606105,1.547994899351939,snr,0.5804429889600323,0.0,0.022625767388657722,1.6940122591947584,3.5788527380759305,linear,3.151779912872757,0.36238378189965825,best_state,427,12074,12800,0.03706597222222222,0.5270833333333335,0.5270833333333335,0.006740972222222222,0.0806,5.49860925105594,6.5394954507857745,,,,,,,,,,,1.3089278172200096,7901835
ldpc,N192_M96,tau_pSA,search,612,158,,,,1.2212105896351821,2.074666682882741,2.023408784406817,snr,0.5827890617508623,0.0,0.003603305333382335,2.1981398768010694,2.2560490335382335,linear,1.107648311990875,0.28458379017661517,best_state,615,10999,12800,0.03497178819444444,0.5312500000000001,0.5312500000000001,0.006740972222222222,0.0806,5.187944267023798,6.59119106699752,,,,,,,,,,,1.308985181826293,5106428
ldpc,N192_M96,tau_pSA,search,651,159,,,,1.1754915358447753,1.6685261170591457,1.543359772478341,snr,0.6162063245288245,0.0,0.06829306189166741,1.4010719967699137,2.7277698807421453,linear,1.4628054807033357,0.3220756649498619,best_state,719,10251,12800,0.03767361111111111,0.5166666666666667,0.5166666666666667,0.006740972222222222,0.0806,5.588750386319151,6.410256410256411,,,,,,,,,,,1.309494860324314,5415269
ldpc,N192_M96,tau_pSA,search,478,160,,,,1.2304541511906668,1.721118840947261,1.9320813486371942,snr,0.5425456456905121,0.0,0.04551063429777921,2.0350965489783728,2.126551335228403,linear,1.4672450912990918,0.34321554778076846,best_state,319,10003,12800,0.035655381944444446,0.48333333333333334,0.48333333333333334,0.006740972222222222,0.0806,5.289353044194911,5.996691480562448,,,,,,,,,,,1.309548721108916,4045282
ldpc,N192_M96,tau_pSA,search,434,161,,,,1.3094105057904208,1.5747792622047805,1.7189614793124923,snr,0.5946452845952992,0.0,0.05829875122408931,1.3208584116889464,2.36505909065159,linear,0.9660089866447689,0.13455600927122618,best_state,614,11044,12800,0.04350043402777778,0.4666666666666666,0.4666666666666666,0.006740972222222222,0.0806,6.453139486968167,5.789909015715466,,,,,,,,,,,1.3098947480654435,3696846
ldpc,N192_M96,tau_pSA,search,907,162,,,,1.0194647079046615,1.3350903682942614,2.0759604105780163,snr,0.5670877601969622,0.0,0.045641141642143224,1.7754918488769509,5.469431884216059,linear,2.6548954497572903,0.4074336576750544,best_state,621,11881,12800,0.03918185763888889,0.4604166666666667,0.4604166666666667,0.006740972222222222,0.0806,5.812493561347481,5.712365591397849,,,,,,,,,,,1.310741077004811,7442533
ldpc,N192_M96,tau_pSA,search,973,163,,,,1.070014301521174,1.4939000075022661,1.9008158943674884,snr,0.6370861401007133,0.0,0.06809191605926254,2.131141887598616,2.2002999183540477,linear,1.593181928904851,0.4049408701456245,best_state,5,12500,12800,0.038585069444444446,0.47500000000000003,0.47500000000000003,0.006740972222222222,0.0806,5.72396208921397,5.893300248138958,,,,,,,,,,,1.3112434540740006,7965187
ldpc,N192_M96,tau_pSA,search,618,164,,,,1.0754198364613994,1.788683584830015,1.6894320619871253,snr,0.6040325421244782,0.0,0.018719460238950537,1.7593880291240844,1.866306210802249,linear,1.6439638847825282,0.3427444570324929,best_state,361,10079,12800,0.036610243055555554,0.5416666666666666,0.5416666666666666,0.006740972222222222,0.0806,5.43100339960853,6.720430107526881,,,,,,,,,,,1.3112967234302302,5153942
ldpc,N192_M96,tau_pSA,search,849,165,,,,0.9453808463005534,1.8363881687375168,1.7628429063655102,snr,0.6186453130269134,0.0,0.08632360365925015,1.5118329228584568,4.507233390232955,linear,1.4485416650014145,0.07166758672788924,best_state,3879,8866,12800,0.03396267361111111,0.5458333333333333,0.5458333333333333,0.006740972222222222,0.0806,5.038245595961677,6.772125723738626,,,,,,,,,,,1.312059792702602,6983231
ldpc,N192_M96,tau_pSA,search,989,166,,,,1.0585276051181673,1.6953536098182964,1.7229289415301907,snr,0.6009581599307158,0.0,0.09987738840248096,2.515846113174107,2.5484813329963805,linear,0.9389224937732278,0.4957240668981318,best_state,523,12048,12800,0.03375651041666666,0.5187499999999999,0.5187499999999999,0.006740972222222222,0.0806,5.007661996497372,6.436104218362281,,,,,,,,,,,1.3146960846162687,8091891
ldpc,N192_M96,tau_pSA,search,470,167,,,,1.2297489595471138,1.7026613146302545,1.9867842956209099,snr,0.5859426184647424,0.0,0.05423579325560207,1.9773557335364103,2.1235429963580432,linear,1.3313363357247245,0.3443182183299054,best_state,318,10064,12800,0.036957465277777775,0.5041666666666668,0.5041666666666668,0.006740972222222222,0.0806,5.4825126197589364,6.255169561621176,,,,,,,,,,,1.315016296905917,3981930
ldpc,N192_M96,tau_pSA,search,994,168,,,,1.0751071048121816,1.660074564769985,1.3380541199695508,snr,0.6014981684505836,0.0,0.12692624981180461,1.2409491705822941,6.12288285862234,linear,0.8156951679866083,0.4389324074305342,best_state,565,11976,12800,0.03570963541666667,0.5562499999999999,0.5562499999999999,0.006740972222222222,0.0806,5.297401359843413,6.9013647642679885,,,,,,,,,,,1.315487945578395,8131486
ldpc,N192_M96,tau_pSA,search,340,169,,,,2.0505634982722887,2.739139278493311,2.7431194553987908,snr,0.7260890481239661,0.0,0.2013569909756057,0.7669909484509863,0.8745236792681668,constant,0.5145022320313776,0.8506350072766945,best_state,1017,8228,9600,0.03961588541666667,0.46666666666666673,0.46666666666666673,0.006740972222222222,0.0806,5.876880086535491,5.789909015715468,,,,,,,,,,,1.3160110719587115,2952460
ldpc,N192_M96,tau_pSA,search,871,170,,,,1.12105332347877,1.6913166515245721,2.0492929232868984,snr,0.6395726586821917,0.0,0.06561845933683612,1.7029329580952952,5.820597734840754,linear,1.7875181693087097,0.4093940891605509,best_state,4693,8083,12800,0.03264973958333334,0.5458333333333334,0.5458333333333334,0.006740972222222222,0.0806,4.843476357267952,6.772125723738627,,,,,,,,,,,1.3166725007775377,7157449
ldpc,N192_M96,tau_pSA,search,400,171,,,,1.9041432197103811,2.4256441531975392,2.9374557051333854,snr,0.6747464023204944,0.0,0.07872293530902288,0.8725813339531288,2.4811240548225872,linear,0.6437582343339018,0.16350294382997016,best_state,301,8744,9600,0.03633897569444445,0.4833333333333334,0.48125,0.006740972222222222,0.0806,5.390761821366025,5.996691480562449,,,,,,,,,,,1.3168050272998175,3427600
ldpc,N192_M96,tau_pSA,search,758,172,,,,1.1341449770315077,1.3829328345767173,2.105161633595183,snr,0.5938862985942541,0.0,0.07424085957697532,2.1496121753294295,2.1915904791411207,linear,1.7791200661156892,0.43502917996103013,best_state,1,12737,12800,0.043066406249999994,0.4583333333333333,0.45625,0.006740972222222222,0.0806,6.388752961780158,5.686517783291976,,,,,,,,,,,1.316879230128403,6262602
ldpc,N192_M96,tau_pSA,search,926,173,,,,1.1288358648093353,1.5364348059352397,1.8061300207467574,snr,0.6074521091768933,0.0,0.11214893924215426,1.3186363828970733,4.724956506397829,linear,2.507183665545983,0.3934814392192492,best_state,295,12358,12800,0.03898654513888889,0.4875,0.4875,0.006740972222222222,0.0806,5.783519625012878,6.048387096774193,,,,,,,,,,,1.3175218741449004,7592994
ldpc,N192_M96,tau_pSA,search,579,174,,,,1.1411021528580476,1.8591131238650913,1.7386022900482763,snr,0.5984845331857573,0.0,0.050536282358818976,1.8796622966350924,1.9580461580839033,linear,0.8027878883215261,0.32464243063528764,best_state,441,10513,12800,0.03331163194444444,0.5499999999999999,0.5499999999999999,0.006740972222222222,0.0806,4.941665808179664,6.823821339950371,,,,,,,,,,,1.3177724382746752,4845101
ldpc,N192_M96,tau_pSA,search,767,175,,,,1.1437372610864749,1.3389355737971855,2.110092044517664,snr,0.5784785515459135,0.0,0.0708673175576931,2.1588838700593938,2.2089286439709555,linear,1.7161620265785134,0.43549349973804524,best_state,5605,7162,12800,0.04385850694444445,0.43124999999999997,0.43124999999999997,0.006740972222222222,0.0806,6.5062583702482755,5.350496277915632,,,,,,,,,,,1.3178253042457586,6333873
ldpc,N192_M96,tau_pSA,search,528,176,,,,1.1646348532045525,1.4325805652617842,2.156903148159305,snr,0.6393601422078875,0.0,0.00030624877323032207,1.6955277112472802,2.6984297175632057,linear,0.8600787354359146,0.3795938686823581,best_state,6001,6751,12800,0.03853081597222222,0.4604166666666667,0.4604166666666667,0.006740972222222222,0.0806,5.715913773565468,5.712365591397849,,,,,,,,,,,1.3180254897119819,4441232
ldpc,N192_M96,tau_pSA,search,792,177,,,,1.2817179875456821,1.6625823889169773,1.8595304993054345,snr,0.6421517974869105,0.0,0.066500159584124,1.6283011209585732,4.6716504970301,linear,1.4975001926332379,0.4507144563407195,best_state,7128,5645,12800,0.038552517361111115,0.5104166666666666,0.5104166666666666,0.006740972222222222,0.0806,5.7191330998248695,6.332712985938792,,,,,,,,,,,1.3181646636840154,6531848
ldpc,N192_M96,tau_pSA,refine,700,178,,,,1.2671906687422274,1.5722260159993842,1.720017429262107,snr,0.6040125109123392,0.0,0.08420300530515015,1.68619875701113,1.9899393036309267,linear,1.7464010225958284,0.4085454460541707,best_state,205,12297,12800,0.04169965277777778,0.4575,0.4573333333333333,0.006740972222222222,0.0806,6.185999793963121,5.676178660049628,,,,,,,,,,,1.3186291293095278,389595;389696;389797;389898;389999;390100
ldpc,N192_M96,tau_pSA,search,775,179,,,,0.9893945511897069,1.1256509482339274,1.4659549516192585,snr,0.6216926359854782,0.0,0.08848291799556394,2.630687636048503,2.666626482349063,linear,2.111981395778151,0.4934466616455199,best_state,534,11938,12800,0.053027343750000004,0.47083333333333327,0.47083333333333327,0.006740972222222222,0.0806,7.8664237148449585,5.841604631927211,,,,,,,,,,,1.319448182219348,6397225
ldpc,N192_M96,tau_pSA,search,747,180,,,,0.8888816471023223,1.5589184540056513,1.3081107807700805,snr,0.608492517071618,0.0,0.13012883039849035,1.8757638128317131,5.252369194890483,linear,1.8955809273053814,0.4737359111512583,best_state,348,11867,12800,0.03657769097222222,0.56875,0.56875,0.006740972222222222,0.0806,5.42617441021943,7.056451612903225,,,,,,,,,,,1.3203778272129514,6175493
ldpc,N192_M96,tau_pSA,search,450,181,,,,1.4363685224268554,1.5868352907705519,1.8184587819736446,snr,0.6112427203830578,0.0,0.08103467389952428,1.4151891765952245,2.806638450538721,linear,1.6094704718194182,0.12313614098025016,best_state,9,10986,12800,0.048003472222222225,0.4395833333333334,0.4375,0.006740972222222222,0.0806,7.121149685793758,5.453887510339124,,,,,,,,,,,1.3208473531376925,3823550
ldpc,N192_M96,tau_pSA,search,712,182,,,,1.0645430913854754,1.3950482045034522,1.7358946259546841,snr,0.622953576573866,0.0,0.10925128336176648,1.8947931693755113,5.205868958517503,linear,1.94458521910562,0.41481504345361786,best_state,84,12694,12800,0.03631727430555556,0.4833333333333334,0.4833333333333334,0.006740972222222222,0.0806,5.387542495106625,5.996691480562449,,,,,,,,,,,1.3215013013930799,5898328
ldpc,N192_M96,tau_pSA,search,649,183,,,,1.180690500173156,1.7448643691463461,1.5594862247013248,snr,0.6186128322452674,0.0,0.06390118247358069,1.4325853775627178,10.910759039237604,linear,1.5037965794389279,0.3242460287564821,best_state,806,10297,12800,0.03435329861111111,0.5479166666666667,0.5479166666666667,0.006740972222222222,0.0806,5.096193468630885,6.7979735318445,,,,,,,,,,,1.3216425326272776,5399431
ldpc,N192_M96,tau_pSA,search,272,184,,,,2.6626220107952694,2.884925335068524,4.177592852296327,snr,0.6756586258878087,0.0,0.13572775199748266,0.6032123590940613,0.7890501326560382,constant,7.1742556802986615,0.1050826744709985,best_state,2182,8620,19200,0.04559461805555556,0.39166666666666666,0.39166666666666666,0.006740972222222222,0.0806,6.763804471000309,4.859387923904053,,,,,,,,,,,1.3222635557970317,2413968
ldpc,N192_M96,tau_pSA,search,847,185,,,,0.9364350265635257,1.8512044371783065,1.3540368235399944,snr,0.6148793931164055,0.0,0.08645276116930266,1.525822032166657,5.478149059664832,linear,0.06284255252311147,0.417230191593537,best_state,731,11716,12800,0.03543836805555556,0.53125,0.53125,0.006740972222222222,0.0806,5.257159781600907,6.591191066997518,,,,,,,,,,,1.3223643993403424,6967393
ldpc,N192_M96,tau_pSA,search,603,186,,,,1.212014734106127,2.05474453164,1.9543495734949037,snr,0.5842557020446765,0.0,0.038625926159816984,2.3573382293881195,2.4207199812825726,linear,1.301160870270728,0.2914111395559181,best_state,622,10512,12800,0.03345269097222223,0.5354166666666667,0.5354166666666667,0.006740972222222222,0.0806,4.9625914288657675,6.642886683209263,,,,,,,,,,,1.3224594819026838,5035157
ldpc,N192_M96,tau_pSA,search,422,187,,,,1.4449775723593978,2.0672467259034377,2.435248467921217,snr,0.6068527811024194,0.0,0.015661414483745126,1.158607101278867,2.0780930231813306,linear,1.0510938592694439,0.18774465214997754,best_state,392,9558,12800,0.035319010416666664,0.4979166666666666,0.4979166666666666,0.006740972222222222,0.0806,5.239453487174204,6.177626137303555,,,,,,,,,,,1.3225714016919152,3601818
ldpc,N192_M96,tau_pSA,search,526,188,,,,1.1487206510601222,1.937537555593353,2.226599029720649,snr,0.6351120263943462,0.0,0.013963253636506051,1.2558024740577192,2.702451265722013,linear,0.8702290792045316,0.32128340815218415,best_state,787,9470,12800,0.033951822916666666,0.49791666666666673,0.49791666666666673,0.006740972222222222,0.0806,5.0366359328319765,6.177626137303557,,,,,,,,,,,1.3225793955956968,4425394
ldpc,N192_M96,tau_pSA,search,746,189,,,,0.8898469657955375,1.5088401333300192,1.386522536628374,snr,0.6074002510424913,0.0,0.08269102812914425,1.775967127132771,5.331838786983628,linear,1.9000652358213193,0.467876015158353,best_state,294,12191,12800,0.034472656250000004,0.5645833333333333,0.5645833333333333,0.006740972222222222,0.0806,5.113899763057588,7.00475599669148,,,,,,,,,,,1.3226792409556403,6167574
ldpc,N192_M96,tau_pSA,refine,418,190,,,,1.839408666782862,1.9787296954170956,3.1076326015494717,snr,0.6117342841596142,0.0,0.03186563916626488,0.9478369549593533,2.267679482899601,linear,0.8102629562029475,0.15297806484071902,best_state,373,9014,9600,0.04405815972222222,0.4033333333333334,0.40199999999999997,0.006740972222222222,0.0806,6.535876171834758,5.0041356492969395,,,,,,,,,,,1.3232092929838264,381676;381777;381878;381979;382080;382181
ldpc,N192_M96,tau_pSA,search,521,191,,,,1.1175797885615255,1.9160932877923702,2.2000448695729915,snr,0.6405561756426855,0.0,0.0031812470102243937,1.246696399616493,2.6405326449587174,linear,0.8600078873324282,0.3811496001267723,best_state,873,9466,12800,0.03618706597222222,0.5416666666666666,0.5416666666666666,0.006740972222222222,0.0806,5.368226537550221,6.720430107526881,,,,,,,,,,,1.3236171051877992,4385799
ldpc,N192_M96,tau_pSA,search,520,192,,,,1.1422529934193786,1.967402353180106,2.219930293277417,snr,0.6381972098852821,0.0,0.011292096529866538,1.2593245933186372,2.7428549283949355,linear,1.0421578333238242,0.3803860867360572,best_state,827,11323,12800,0.034125434027777776,0.5395833333333333,0.5395833333333333,0.006740972222222222,0.0806,5.06239054290718,6.6945822994210085,,,,,,,,,,,1.3240673195976729,4377880
ldpc,N192_M96,tau_pSA,refine,583,193,,,,1.1604117143990862,1.8944479160594652,1.781791184264761,snr,0.5994693953243672,0.0,0.051758811112435986,1.8321416345509571,1.9250486296634375,linear,0.7919296212338804,0.09384470874683734,best_state,397,10469,12800,0.03544791666666667,0.5245,0.5245,0.006740972222222222,0.0806,5.258576285155043,6.507444168734491,,,,,,,,,,,1.325120005998357,397514;397615;397716;397817;397918;398019
ldpc,N192_M96,tau_pSA,search,908,194,,,,1.0559482552616617,1.3611672728457842,2.081837282906778,snr,0.570149773059744,0.0,0.08881936024348688,1.7651532661622238,5.475714336865383,linear,2.6842304987187067,0.28853281900655103,best_state,655,11853,12800,0.03923611111111111,0.47083333333333327,0.47083333333333327,0.006740972222222222,0.0806,5.820541876995982,5.841604631927211,,,,,,,,,,,1.3255937481803814,7450452
ldpc,N192_M96,tau_pSA,search,405,195,,,,1.8569087765319046,2.4084781365982777,2.9396723811949514,snr,0.6775247518737376,0.0,0.03853953486678264,0.8725769169208122,2.1865479164857686,linear,0.650247723332364,0.1629862517820411,best_state,342,8761,9600,0.03860677083333334,0.46875,0.46875,0.006740972222222222,0.0806,5.727181415473371,5.8157568238213395,,,,,,,,,,,1.3263976389015717,3467195
ldpc,N192_M96,tau_pSA,search,559,196,,,,1.325959172735284,2.133463944623684,2.0669081492273165,snr,0.6111273701561727,0.0,0.09739428635589834,2.0727218561291294,2.14554045661515,linear,1.018221274658527,0.3617841085236282,best_state,6,10266,12800,0.034765625,0.5375,0.5375,0.006740972222222222,0.0806,5.157360667559494,6.668734491315136,,,,,,,,,,,1.3264854964128245,4686721
ldpc,N192_M96,tau_pSA,search,684,197,,,,1.6173034695863722,2.2372846086288023,2.2235509804010554,snr,0.5866975594680165,0.0,0.001339565269844148,1.6360885172020783,4.645281214993534,linear,1.2457664989958168,0.5005178356777842,best_state,539,10687,12800,0.035568576388888884,0.5104166666666666,0.5104166666666666,0.006740972222222222,0.0806,5.276475739157308,6.332712985938792,,,,,,,,,,,1.3265595530119099,5676596
ldpc,N192_M96,tau_pSA,search,978,198,,,,1.0642364457725162,1.469770751014255,1.9084808683375527,snr,0.6335910515831105,0.0,0.0610681393886609,2.2077780663435354,2.2712330939843794,linear,2.0076312087766572,0.4033667863033402,best_state,2,12521,12800,0.03537326388888889,0.4875,0.4875,0.006740972222222222,0.0806,5.247501802822705,6.048387096774193,,,,,,,,,,,1.3266957048641257,8004782
ldpc,N192_M96,tau_pSA,search,873,199,,,,1.2719244275321897,1.7481112579839344,2.306453134169961,snr,0.6462076252769126,0.0,0.0004556913214713437,1.701761501681675,5.126564229361061,linear,1.7477782385823748,0.0774078384656713,best_state,2,12651,12800,0.038671875,0.46458333333333335,0.45625000000000004,0.006740972222222222,0.0806,5.736839394251572,5.764061207609594,,,,,,,,,,,1.326750265266781,7173287
ldpc,N192_M96,tau_pSA,search,756,200,,,,1.1329347727096555,1.5284502958333788,2.107197987374447,snr,0.6068639082905133,0.0,0.12898506190141745,1.8418773659252765,5.2653891695137895,linear,1.9961125068734098,0.4650621927841571,best_state,403,11961,12800,0.03846571180555556,0.5020833333333333,0.5020833333333333,0.006740972222222222,0.0806,5.706255794787268,6.229321753515301,,,,,,,,,,,1.3268494771377604,6246764
ldpc,N192_M96,tau_pSA,search,602,201,,,,1.2189181142697325,2.015467446143735,1.9531305444374032,snr,0.5842319077734613,0.0,0.03607561763043801,1.380697143767372,1.5132754396210233,linear,1.1111826393841437,0.10650128096512665,best_state,622,10509,12800,0.03560112847222222,0.53125,0.53125,0.006740972222222222,0.0806,5.28130472854641,6.591191066997518,,,,,,,,,,,1.3272009134924199,5027238
ldpc,N192_M96,tau_pSA,search,601,202,,,,1.215236623960668,2.0566520872083065,2.0397935935861624,snr,0.5826854163945293,0.0,0.03559051455968959,2.401951497539651,2.45273584898691,linear,1.1328443618549766,0.0987312080985703,best_state,632,10484,12800,0.03468967013888889,0.5625000000000001,0.5625000000000001,0.006740972222222222,0.0806,5.146093025651592,6.978908188585609,,,,,,,,,,,1.3281565399128032,5019319
ldpc,N192_M96,tau_pSA,search,931,203,,,,1.1188687959340917,1.5282798417870633,1.821258498186471,snr,0.6078556246537589,0.0,0.11033207775346489,2.309791532389623,2.362934761991202,linear,2.562869719724582,0.4139001300840177,best_state,289,12240,12800,0.038867187500000004,0.4791666666666667,0.4791666666666667,0.006740972222222222,0.0806,5.765813330586176,5.944995864350703,,,,,,,,,,,1.3283722262130697,7632589
ldpc,N192_M96,tau_pSA,search,884,204,,,,0.9353012312949327,1.2056032295877657,1.9587338046225293,snr,0.6689948248959702,0.0,0.123065357211628,2.0534539060686336,2.119767986039341,exponential,2.0157129233818916,0.4609234563353744,best_state,140,6244,6400,0.04159071180555556,0.45625000000000004,0.45625000000000004,0.006740972222222222,0.0806,6.169838776140931,5.660669975186105,,,,,,,,,,,1.328400541082602,7260396
ldpc,N192_M96,tau_pSA,search,490,205,,,,1.1596517775988924,1.922064884438234,1.5991321083407186,snr,0.6248714495687943,0.0,0.05087437219775448,1.6335738268214655,1.818502842756546,linear,1.7678210176378948,0.3686003680949201,best_state,767,10382,12800,0.03600260416666667,0.5145833333333334,0.5145833333333334,0.006740972222222222,0.0806,5.340862264345318,6.384408602150538,,,,,,,,,,,1.3286503574187711,4140310
ldpc,N192_M96,tau_pSA,search,646,206,,,,1.3732500982972529,1.6043794925669892,1.866099293977589,snr,0.5979978217672026,0.0,0.04366230870922126,1.547522527487702,1.7247781667593758,linear,2.1436599798516354,0.37333297992339587,best_state,413,10901,12800,0.04517144097222222,0.4354166666666666,0.4354166666666666,0.006740972222222222,0.0806,6.701027608942001,5.402191894127377,,,,,,,,,,,1.3291972578447004,5375674
ldpc,N192_M96,tau_pSA,search,595,207,,,,1.0461194070223534,1.61206274254172,1.514007986247298,snr,0.5664410276424788,0.0,0.07341345321156194,2.862657415805626,2.900760328312172,cosine,0.8979033466521575,0.4487662476011994,best_state,232,11017,12800,0.03589409722222223,0.5416666666666666,0.5416666666666666,0.006740972222222222,0.0806,5.324765633048316,6.720430107526881,,,,,,,,,,,1.3298995148672965,4971805
ldpc,N192_M96,tau_pSA,search,578,208,,,,1.1419423884369952,1.8872878907842592,1.7254221354733732,snr,0.5954981154164187,0.0,0.0494162907398044,1.85393836829908,1.960163466044333,linear,0.7977471613377454,0.3888748455597457,best_state,449,12111,12800,0.03666449652777778,0.53125,0.53125,0.006740972222222222,0.0806,5.4390517152570315,6.591191066997518,,,,,,,,,,,1.3301090740637977,4837182
ldpc,N192_M96,tau_pSA,search,670,209,,,,0.9887290122596816,1.8719510141276425,1.4065045283855089,snr,0.5715245292939738,0.0,0.023980786430182487,2.151478638038811,2.2321951721586286,linear,0.8151876906371303,0.35077699552186187,best_state,1209,11156,12800,0.036111111111111115,0.5645833333333333,0.5645833333333333,0.006740972222222222,0.0806,5.356958895642321,7.00475599669148,,,,,,,,,,,1.3301113945758236,5565730
ldpc,N192_M96,tau_pSA,search,842,210,,,,0.9471182565638467,1.9451489858331665,1.3413462096102517,snr,0.6205960214504843,0.0,0.08196414398857342,1.5566841816934294,4.594134512566866,linear,0.06285377965370344,0.4178073444135037,best_state,771,11606,12800,0.03567708333333333,0.5645833333333333,0.5645833333333333,0.006740972222222222,0.0806,5.2925723704543115,7.00475599669148,,,,,,,,,,,1.3301249087489,6927798
ldpc,N192_M96,tau_pSA,search,388,211,,,,2.39688316371313,2.7486527738443476,3.04801169280125,snr,0.6853202751153828,0.0,0.14999822908329286,0.7642123827460483,2.235520862793428,constant,0.6215732972175734,0.18579229313586462,best_state,348,8331,9600,0.04432508680555555,0.4124999999999999,0.4124999999999999,0.006740972222222222,0.0806,6.575473884825383,5.117866004962778,,,,,,,,,,,1.3309677251666892,3332572
ldpc,N192_M96,tau_pSA,search,610,212,,,,1.204376698080973,2.0422203541722537,2.072542348297213,snr,0.5809344774833418,0.0,0.03664677586480558,1.384056742267733,2.562177809032186,linear,1.106013655512557,0.10679550866062615,best_state,647,10547,12800,0.034548611111111106,0.5479166666666666,0.5479166666666666,0.006740972222222222,0.0806,5.125167404965488,6.797973531844498,,,,,,,,,,,1.333209659319306,5090590
ldpc,N192_M96,tau_pSA,search,604,213,,,,1.2110619379069216,2.0469001973580947,2.0270856043120156,snr,0.5832654313542028,0.0,0.0015747660928187857,2.172322325633228,2.2187523771599005,linear,1.572711303560533,0.10195171351217619,best_state,607,10491,12800,0.03422309027777778,0.5520833333333334,0.5520833333333334,0.006740972222222222,0.0806,5.076877511074483,6.849669148056245,,,,,,,,,,,1.3339413232189539,5043076
ldpc,N192_M96,tau_pSA,search,403,214,,,,2.1884591029779488,2.4373495152842874,2.915014215555295,snr,0.6756129775852073,0.0,0.14828500457049357,0.8759523497121339,0.9265633420208848,linear,0.6603151696351705,0.15895755147826865,best_state,376,8747,9600,0.045909288194444446,0.41250000000000003,0.41250000000000003,0.006740972222222222,0.0806,6.810484701761616,5.117866004962779,,,,,,,,,,,1.3349495814361483,3451357
ldpc,N192_M96,tau_pSA,search,866,215,,,,1.1183337894110226,1.7048070445764587,1.8998457006276308,snr,0.6401353048522646,0.0,0.001457570586929767,1.244562327397805,4.092082978274017,linear,1.7947111595992231,0.11779732550351893,best_state,11,12703,12800,0.03721788194444445,0.4895833333333333,0.4895833333333333,0.006740972222222222,0.0806,5.521144534871743,6.074234904880066,,,,,,,,,,,1.335320884513788,7117854
ldpc,N192_M96,tau_pSA,search,608,216,,,,1.2093407018376445,2.0594676795484683,2.0179050738639557,snr,0.5835335323662896,0.0,0.0007723040208526563,2.237942014517318,2.3006578586101614,linear,1.1235568345599718,0.09307096987231446,best_state,633,10454,12800,0.03448350694444444,0.55,0.55,0.006740972222222222,0.0806,5.1155094261872875,6.823821339950372,,,,,,,,,,,1.3368294059128836,5074752
ldpc,N192_M96,tau_pSA,search,433,217,,,,1.2633036857954147,1.2686715843810865,2.394150452500489,snr,0.6373315115815485,0.0,0.06117377190631558,1.3258461279794709,2.8242270019396787,linear,1.2845865541606407,0.12721233481981434,best_state,575,11429,12800,0.053407118055555564,0.38958333333333334,0.38958333333333334,0.006740972222222222,0.0806,7.922761924384466,4.83354011579818,,,,,,,,,,,1.3370963071979354,3688927
ldpc,N192_M96,tau_pSA,search,456,218,,,,1.3211758578840271,1.5741247577685935,1.72118838829423,snr,0.6072571030053999,0.0,0.0023701440184333454,1.465698995214507,2.7456374375168027,linear,0.9326916716494064,0.12432155586902555,best_state,220,10887,12800,0.0419921875,0.4708333333333334,0.4708333333333334,0.006740972222222222,0.0806,6.229396311939838,5.841604631927213,,,,,,,,,,,1.3372316852945767,3871064
ldpc,N192_M96,tau_pSA,search,386,219,,,,2.400749206368755,2.6847526113451705,3.063794842626443,snr,0.6843402003886061,0.0,0.15904045478631054,0.7609764362565742,0.8372323482474278,constant,0.6266017025121181,0.18617751063778462,best_state,1036,8352,9600,0.04471571180555556,0.42291666666666666,0.42291666666666666,0.006740972222222222,0.0806,6.633421757494592,5.247105045492142,,,,,,,,,,,1.3375034965886428,3316734
ldpc,N192_M96,tau_pSA,search,883,220,,,,0.9551755687858358,1.1570051979451548,1.962589313377991,snr,0.6629519743668641,0.0,0.14255433200402623,2.06498970529041,2.135219862195184,exponential,1.5027257137913574,0.4659669960266781,best_state,224,12373,12800,0.044270833333333336,0.46249999999999997,0.46249999999999997,0.006740972222222222,0.0806,6.5674255691768835,5.738213399503722,,,,,,,,,,,1.3386316134344767,7252477
ldpc,N192_M96,tau_pSA,search,992,221,,,,1.0773191421718114,1.6764818143610019,1.4319356240211063,snr,0.5986780445216303,0.0,0.11906606811293616,2.497614192839558,2.5386349599316804,linear,0.9619564255626015,0.10398393362099816,best_state,510,12022,12800,0.034765625,0.5499999999999999,0.5499999999999999,0.006740972222222222,0.0806,5.157360667559494,6.823821339950371,,,,,,,,,,,1.338664598139197,8115648
ldpc,N192_M96,tau_pSA,search,752,222,,,,0.9061046429842796,1.560790296012974,1.2976022125580977,snr,0.6089401872395293,0.0,0.07933769387829324,1.7925045358789227,5.460997031817079,linear,2.072979213667826,0.48008735015325693,best_state,394,11864,12800,0.03793402777777778,0.5750000000000001,0.5750000000000001,0.006740972222222222,0.0806,5.6273823014319575,7.133995037220844,,,,,,,,,,,1.3391556064589645,6215088
ldpc,N192_M96,tau_pSA,search,765,223,,,,1.1267531254569227,1.32784482859692,1.6245014724435953,snr,0.5882005475723966,0.0,0.1102111687218146,2.549151602869624,2.580746365624583,linear,1.735608681544142,0.4274946312630925,best_state,25,12649,12800,0.04352213541666666,0.46249999999999997,0.46041666666666664,0.006740972222222222,0.0806,6.456358813227568,5.738213399503722,,,,,,,,,,,1.3424607141305358,6318035
ldpc,N192_M96,tau_pSA,search,846,224,,,,0.9880736634229295,1.9324722667308978,1.7859648659539569,snr,0.45182132677361864,0.0,0.03877793659489835,1.4945211097244062,4.591096675180748,linear,1.4240972365919107,0.41377397444097413,best_state,808,11672,12800,0.033919270833333334,0.5791666666666666,0.5791666666666666,0.006740972222222222,0.0806,5.031806943442876,7.185690653432588,,,,,,,,,,,1.3427399806231224,6959474
ldpc,N192_M96,tau_pSA,search,453,225,,,,0.8727954983271372,1.5820201484307024,1.8922021204454367,snr,0.6070411505114834,0.0,0.002507779904298256,1.4862505184424621,1.879630861129838,linear,0.9241420488735842,0.12603508608300704,best_state,7,11149,12800,0.0357421875,0.5666666666666667,0.5666666666666667,0.006740972222222222,0.0806,5.302230349232513,7.0306038047973525,,,,,,,,,,,1.3429638941448148,3847307
ldpc,N192_M96,tau_pSA,search,609,226,,,,1.2169552200847764,2.015539538503106,1.9689008636470546,snr,0.5829755617158272,0.0,0.036577746406323115,2.1782538809979695,2.237257302277888,linear,1.118564261302976,0.29500765283296865,best_state,636,10427,12800,0.03515625,0.525,0.525,0.006740972222222222,0.0806,5.215308540228701,6.513647642679901,,,,,,,,,,,1.3431296570700626,5082671
ldpc,N192_M96,tau_pSA,search,764,227,,,,1.1590638249745155,1.354103251841082,1.6068185735692613,snr,0.5918327522245063,0.0,0.10976959433304635,2.1807188491672425,2.2394746312123326,linear,0.0873448907582283,0.43077243899498047,best_state,244,12283,12800,0.04838324652777778,0.48125,0.48125,0.006740972222222222,0.0806,7.177487895333265,5.970843672456575,,,,,,,,,,,1.3442718731895236,6310116
ldpc,N192_M96,tau_pSA,search,640,228,,,,1.3672699445537964,1.5753557931022613,1.7899007953465305,snr,0.598233727012598,0.0,0.03885049291049942,2.5086736935034972,2.553615625137816,linear,1.7515340078485695,0.37333184375687656,best_state,394,10868,12800,0.049511718749999996,0.4375,0.425,0.006740972222222222,0.0806,7.344892860822087,5.42803970223325,,,,,,,,,,,1.3445103416677806,5328160
ldpc,N192_M96,tau_pSA,search,949,229,,,,1.0071225664480548,2.0381272197880684,2.097130849894991,snr,0.6134394848086916,0.0,0.06818320842033994,1.189691376563778,4.876463898097444,linear,1.4132965679068503,0.29300073907246066,best_state,1260,14063,19200,0.03374565972222222,0.5625000000000001,0.5625000000000001,0.006740972222222222,0.0806,5.0060523333676725,6.978908188585609,,,,,,,,,,,1.3447764663277402,7775131
ldpc,N192_M96,tau_pSA,search,972,230,,,,0.8067859862407574,1.2556416481627444,1.60950931712539,snr,0.5870814752865897,0.0,0.023318639923202263,1.7079626736594649,6.558457299819176,linear,0.8687077762593911,0.3657499799999252,best_state,9985,2809,12800,0.036295572916666664,0.5416666666666666,0.5416666666666666,0.006740972222222222,0.0806,5.3843231688472235,6.720430107526881,,,,,,,,,,,1.3449686537303729,7957268
ldpc,N192_M96,tau_pSA,search,932,231,,,,1.1140504602778862,1.53194010209535,1.7895542279619128,snr,0.4961881454608746,0.0,0.11306795213705906,2.3185545569513075,2.388737746469827,linear,3.7185709736513473,0.4132824805843933,best_state,284,12295,12800,0.03790147569444444,0.5083333333333334,0.5083333333333334,0.006740972222222222,0.0806,5.6225533120428555,6.30686517783292,,,,,,,,,,,1.3453698445188345,7640508
ldpc,N192_M96,tau_pSA,search,407,232,,,,1.8425096558076692,2.4672951697406,2.9121227217060976,snr,0.6752139127795083,0.0,0.05122855568895425,0.9004934746105475,2.3906824508193987,linear,0.6452016788427523,0.16251952842297646,best_state,264,8776,9600,0.037684461805555555,0.4979166666666666,0.4979166666666666,0.006740972222222222,0.0806,5.590360049448852,6.177626137303555,,,,,,,,,,,1.345435285643481,3483033
ldpc,N192_M96,tau_pSA,search,875,233,,,,1.113407971118735,1.729788840817037,2.3507369964250313,snr,0.6497147738070307,0.0,0.06541142850401942,1.6829438735518436,4.980641781317202,linear,1.5532822386632812,0.4645628395340058,best_state,5,12647,12800,0.036187065972222224,0.5125000000000001,0.5125000000000001,0.006740972222222222,0.0806,5.368226537550222,6.358560794044665,,,,,,,,,,,1.3484836965127398,7189125
ldpc,N192_M96,tau_pSA,search,739,234,,,,1.0206316377160636,1.0560769430037984,1.7577018326662228,llr,0.6309471356680797,0.0,0.09335383415792571,2.0312166011026487,4.9128532674614425,linear,2.4028067623735203,0.4298559271709801,best_state,283,12011,12800,0.048958333333333326,0.39166666666666666,0.3875,0.006740972222222222,0.0806,7.262800041207376,4.859387923904053,,,,,,,,,,,1.3489318717000043,6112141
ldpc,N192_M96,tau_pSA,search,447,235,,,,0.8528325789522441,1.5128502163204378,1.675347766749614,snr,0.600049880801902,0.0,0.08053088081046911,1.5191324346443407,2.80598611539571,linear,0.9447750401545,0.3548270728115201,best_state,5,11094,12800,0.03723958333333333,0.5354166666666667,0.5333333333333333,0.006740972222222222,0.0806,5.5243638611311425,6.642886683209263,,,,,,,,,,,1.3510512803590893,3799793
ldpc,N192_M96,tau_pSA,search,800,236,,,,1.064954062270279,1.43567036744007,2.086311441732809,snr,0.661194764380392,0.0,0.10785600349270766,1.3425454707746152,4.319322544128741,linear,1.2978698507671178,0.4867939220563781,best_state,16104,3090,19200,0.03633897569444444,0.5166666666666667,0.5166666666666667,0.006740972222222222,0.0806,5.390761821366024,6.410256410256411,,,,,,,,,,,1.3512903369689049,6595200
ldpc,N192_M96,tau_pSA,search,929,237,,,,1.119141094959909,1.4830641778968867,1.7678286480984624,snr,0.5040558119608529,0.0,0.11501500322852415,1.3415977629250042,4.812802916924722,linear,2.6300856117954865,0.41752812763278335,best_state,300,12311,12800,0.03999565972222222,0.5104166666666666,0.5104166666666666,0.006740972222222222,0.0806,5.9332182960749975,6.332712985938792,,,,,,,,,,,1.3517399278706188,7616751
ldpc,N192_M96,tau_pSA,search,975,238,,,,1.4379748270336206,1.505476559892994,1.8998977237600623,snr,0.630157242373482,0.0,0.05796166535599263,2.1736021404345816,2.2343887710627106,linear,1.598361309120077,0.405579344041735,best_state,228,12425,12800,0.05133463541666666,0.40833333333333327,0.40833333333333327,0.006740972222222222,0.0806,7.615316266611723,5.066170388751033,,,,,,,,,,,1.3527516942949318,7981025
ldpc,N192_M96,tau_pSA,search,389,239,,,,2.4262655797389296,2.7281262496955985,3.0996213986172436,snr,0.6839194911041777,0.0,0.15601913839176176,0.7560880394045518,0.835971914281395,constant,0.2532889766966976,0.18527583837352765,best_state,1027,8280,9600,0.045258246527777775,0.43124999999999997,0.43124999999999997,0.006740972222222222,0.0806,6.7139049139796025,5.350496277915632,,,,,,,,,,,1.353535841376886,3340491
ldpc,N192_M96,tau_pSA,search,946,240,,,,1.2845560358913048,1.7383472405807794,2.471756139353991,snr,0.6510743503268851,0.0,0.03820364329191668,1.924045955664873,5.237827841442825,linear,1.7587713094343491,0.4586329776841132,best_state,661,11827,12800,0.03707682291666667,0.5104166666666666,0.5104166666666666,0.006740972222222222,0.0806,5.5002189141856395,6.332712985938792,,,,,,,,,,,1.353776480770103,7751374
ldpc,N192_M96,tau_pSA,search,897,241,,,,1.2152242111510712,2.348999291853676,1.4158172715929163,snr,0.6265854486470058,0.0,0.0008347592708258988,2.733974076924517,2.7870076421928927,linear,1.8584076949780466,0.434562729495403,best_state,288,12309,12800,0.03451605902777778,0.5770833333333333,0.5770833333333333,0.006740972222222222,0.0806,5.120338415576389,7.1598428453267156,,,,,,,,,,,1.35427123369693,7363343
ldpc,N192_M96,tau_pSA,search,677,242,,,,1.5687641318258667,2.281169286807983,2.218863895622015,snr,0.5878969514916232,0.0,0.10527485941504253,0.1564223741459611,3.5693236533351635,linear,1.1632145974248365,0.4698430138288484,best_state,528,10652,12800,0.037304687499999996,0.5166666666666667,0.5166666666666667,0.006740972222222222,0.0806,5.534021839909343,6.410256410256411,,,,,,,,,,,1.3543937224514324,5621163
ldpc,N192_M96,tau_pSA,search,852,243,,,,1.0036257877356731,1.9226134009644806,1.342293980203667,snr,0.6192979761957529,0.0,0.08933959386623687,1.5058963851706806,4.555711445403803,linear,0.7099992650671544,0.4332518042035191,best_state,786,11726,12800,0.03717447916666667,0.5583333333333332,0.5583333333333332,0.006740972222222222,0.0806,5.514705882352942,6.927212572373861,,,,,,,,,,,1.354394061165952,7006988
ldpc,N192_M96,tau_pSA,search,754,244,,,,0.9077128840148668,1.5114764507730092,1.3940004248581996,snr,0.602680666991183,0.0,0.1351568828812849,1.8415175104782395,5.3417978773739145,linear,1.9837362753648182,0.46746353853368294,best_state,368,11864,12800,0.036187065972222224,0.5541666666666667,0.5541666666666667,0.006740972222222222,0.0806,5.368226537550222,6.875516956162118,,,,,,,,,,,1.3547768065056196,6230926
ldpc,N192_M96,tau_pSA,search,868,245,,,,1.0911583300334546,1.6867294250209022,2.226807553023565,snr,0.6446259384183453,0.0,0.06629556412269255,1.2247832896037587,5.969740539170809,linear,1.6740706021404061,0.12079385171012183,best_state,6246,6527,12800,0.03325737847222222,0.5770833333333334,0.5770833333333334,0.006740972222222222,0.0806,4.933617492531162,7.159842845326716,,,,,,,,,,,1.355565248444606,7133692
ldpc,N192_M96,tau_pSA,search,397,246,,,,1.8466784454540086,2.4888075584700036,2.9104333925680903,snr,0.6714169866016718,0.0,0.036644560612402385,0.8807318547405638,2.3269977587797337,linear,0.6618377883069404,0.1629896709989474,best_state,314,8803,9600,0.036610243055555554,0.53125,0.53125,0.006740972222222222,0.0806,5.43100339960853,6.591191066997518,,,,,,,,,,,1.356568296242758,3403843
ldpc,N192_M96,tau_pSA,search,446,247,,,,0.8900061245703573,1.5551286248800444,1.6669107601331379,snr,0.6082132871759162,0.0,0.002198359096929614,1.3781635032492954,2.8482936356839903,linear,0.9085338284819645,0.1237952451846869,best_state,25,11093,12800,0.03591579861111111,0.5625,0.5625,0.006740972222222222,0.0806,5.327984959307717,6.978908188585607,,,,,,,,,,,1.3582079385907324,3791874
ldpc,N192_M96,tau_pSA,search,678,248,,,,1.5567492044937528,2.2980586418123305,2.22476050707859,snr,0.5886560232040821,0.0,0.106577350508782,1.6383161078030402,4.539575915849269,linear,1.1959332815143886,0.3851897485881527,best_state,568,10698,12800,0.03654513888888889,0.5583333333333332,0.5583333333333332,0.006740972222222222,0.0806,5.421345420830329,6.927212572373861,,,,,,,,,,,1.3583175972223158,5629082
ldpc,N192_M96,tau_pSA,search,564,249,,,,1.3224104308252118,2.2274949830381785,1.960358822360754,snr,0.6167496768402725,0.0,0.09341913613829922,1.1180886441218474,2.056219206319677,linear,1.0116700136251415,0.36236015307215746,best_state,246,9464,12800,0.034299045138888894,0.5583333333333335,0.5583333333333335,0.006740972222222222,0.0806,5.088145152982385,6.927212572373864,,,,,,,,,,,1.3588756128716852,4726316
ldpc,N192_M96,tau_pSA,search,822,250,,,,1.1313691675952762,1.276335075644295,1.979843702486403,snr,0.6303067871965033,0.0,0.012709180797997639,2.2112782678558935,2.2927173027328327,exponential,1.9162309709883536,0.3919020688801082,best_state,301,12154,12800,0.05211588541666667,0.41874999999999996,0.40208333333333335,0.006740972222222222,0.0806,7.73121201195014,5.195409429280396,,,,,,,,,,,1.3591703633227232,6769418
ldpc,N192_M96,tau_pSA,search,492,251,,,,1.1536442975397527,1.860489589260062,1.6090191636247593,snr,0.6191011253934259,0.0,0.051942409356446444,1.6367654914527006,1.7236845236056904,linear,1.842679950542674,0.32868692400700517,best_state,741,9808,12800,0.037304687499999996,0.5479166666666667,0.5479166666666667,0.006740972222222222,0.0806,5.534021839909343,6.7979735318445,,,,,,,,,,,1.3595216677010833,4156148
ldpc,N192_M96,tau_pSA,search,391,252,,,,2.4261273306647015,2.780286584073227,3.0936132933609235,snr,0.6838181328428652,0.0,0.15003743898576138,0.768697676176218,0.8181980651705729,constant,0.6559873220370428,0.16244531517785055,best_state,496,8810,9600,0.04638671875,0.4333333333333333,0.4333333333333333,0.006740972222222222,0.0806,6.881309879468425,5.376344086021504,,,,,,,,,,,1.3600559094544669,3356329
ldpc,N192_M96,tau_pSA,search,740,253,,,,1.045225166631396,1.3304958352666847,1.7687632607874244,llr,0.62998327176685,0.0,0.09750657129989652,2.021563726068664,4.786327145360185,linear,3.3687765115508923,0.41113002464973675,best_state,140,6239,6400,0.041666666666666664,0.4854166666666666,0.4854166666666666,0.006740972222222222,0.0806,6.181106418048831,6.02253928866832,,,,,,,,,,,1.3605354584522051,6120060
ldpc,N192_M96,tau_pSA,search,440,254,,,,1.0843967083226569,1.2145802268014478,2.3434694038451016,snr,0.5857135498070678,0.0,0.06449480337851882,1.2539980116965932,1.9813086048390052,linear,1.3033885823159288,0.12781368787989195,best_state,602,11459,12800,0.049414062499999994,0.4458333333333333,0.4458333333333333,0.006740972222222222,0.0806,7.330405892654785,5.531430934656741,,,,,,,,,,,1.3605520232227468,3744360
ldpc,N192_M96,tau_pSA,search,660,255,,,,1.1369211568001614,1.6662116147486883,1.6057666677703444,snr,0.6152275598511581,0.0,0.06174576418519768,1.8471435012602502,1.9276709860286991,linear,1.4552564592148785,0.3269505377157276,best_state,753,9663,12800,0.03879123263888889,0.5166666666666667,0.5166666666666667,0.006740972222222222,0.0806,5.754545688678274,6.410256410256411,,,,,,,,,,,1.3606862654840148,5486540
ldpc,N192_M96,tau_pSA,search,390,256,,,,2.4275333777043295,2.775135883790536,3.029374635535978,snr,0.6863217374554977,0.0,0.15865325503056338,0.8537981241452248,0.9170381455586344,constant,0.6495396431321941,0.18724488084180746,best_state,516,8780,9600,0.04506293402777778,0.43333333333333335,0.4291666666666667,0.006740972222222222,0.0806,6.684930977644999,5.376344086021505,,,,,,,,,,,1.3609513606960497,3348410
ldpc,N192_M96,tau_pSA,search,402,257,,,,1.8377365625088509,2.5073031585205774,2.9564065515518436,snr,0.6719209549813421,0.0,0.02535835942747628,0.8738805745570729,2.204644321920086,linear,0.6443456459538742,0.16229045175444154,best_state,368,8776,9600,0.03832465277777777,0.50625,0.50625,0.006740972222222222,0.0806,5.685330174101163,6.281017369727047,,,,,,,,,,,1.3614172465248175,3443438
ldpc,N192_M96,tau_pSA,search,894,258,,,,1.2123224342721934,2.3431050827915665,1.2238362167600723,snr,0.6264343715072014,0.0,0.018516264395121426,1.442598424004639,5.603653595225699,linear,2.1229713293001136,0.013265838485709253,best_state,283,12284,12800,0.03804253472222222,0.5895833333333332,0.5895833333333332,0.006740972222222222,0.0806,5.643478932728959,7.31492969396195,,,,,,,,,,,1.3615096651365894,7339586
ldpc,N192_M96,tau_pSA,search,413,259,,,,1.9025997221747393,1.810257399844431,3.1647279891114106,snr,0.6580673826917455,0.0,0.04210271289058752,0.9488359802001562,2.1814744948986906,linear,0.7480984981087191,0.1845880667216991,best_state,9,9272,12800,0.05091145833333335,0.36041666666666666,0.35000000000000003,0.006740972222222222,0.0806,7.552539404553417,4.4716708023159635,,,,,,,,,,,1.3616472552431396,3530547
ldpc,N192_M96,tau_pSA,search,910,260,,,,1.0084754360155566,1.3574327191669127,2.053299820571028,snr,0.5659495215376233,0.0,0.046425828273359074,1.763900695462399,5.431848159633903,linear,0.9510142303585594,0.40589514898488477,best_state,579,215,12800,0.04055989583333334,0.4895833333333333,0.4895833333333333,0.006740972222222222,0.0806,6.01692077881941,6.074234904880066,,,,,,,,,,,1.3617888495169332,7466290
ldpc,N192_M96,tau_pSA,search,937,261,,,,1.274225419584774,1.766276177974102,2.5446326285618506,snr,0.6533577275244706,0.0,0.044651833847503035,1.9427808712028787,5.206372600851811,linear,1.8086023815329964,0.3917555625325252,best_state,748,11769,12800,0.03880208333333333,0.53125,0.53125,0.006740972222222222,0.0806,5.756155351807973,6.591191066997518,,,,,,,,,,,1.3629477474277971,7680103
ldpc,N192_M96,tau_pSA,search,964,262,,,,0.6450741363634745,1.2444765324461564,1.6063632576172995,snr,0.5835799363563025,0.0,0.02163875021812957,1.7023749499283238,6.607120168063433,linear,2.277928534400996,0.4269651480809194,best_state,448,12050,12800,0.036143663194444446,0.5854166666666667,0.5854166666666667,0.006740972222222222,0.0806,5.361787885031421,7.263234077750207,,,,,,,,,,,1.3636262031731687,7893916
ldpc,N192_M96,tau_pSA,search,631,263,,,,0.9322716162252931,1.4025315556697882,1.2703426235283855,snr,0.6222814404927293,0.0,0.016924738971494366,1.9840921087602934,2.026010662665022,linear,1.285928973404134,0.3925452961560696,best_state,962,11328,12800,0.04193793402777777,0.51875,0.51875,0.006740972222222222,0.0806,6.221347996291335,6.436104218362283,,,,,,,,,,,1.3637979612350501,5256889
ldpc,N192_M96,tau_pSA,search,960,264,,,,0.9842211675909688,1.9876844970748597,2.075357173053556,snr,0.6184042263213912,0.0,0.06402525072366108,1.4533060956484036,4.9199245241013925,linear,1.4201707623523803,0.38405481463776947,best_state,1325,13098,19200,0.03355034722222222,0.5750000000000001,0.5750000000000001,0.006740972222222222,0.0806,4.977078397033069,7.133995037220844,,,,,,,,,,,1.3641304776185623,7862240
ldpc,N192_M96,tau_pSA,search,527,265,,,,1.141171173918816,1.8479543958907467,2.1714584503256034,snr,0.5243029556419802,0.0,0.003859327110641249,1.2288063798181814,1.8611485650200394,linear,0.8669298340009635,0.32776575379017336,best_state,806,11266,12800,0.04035373263888889,0.5208333333333334,0.5208333333333334,0.006740972222222222,0.0806,5.986337179355105,6.461952026468156,,,,,,,,,,,1.3643567394053346,4433313
ldpc,N192_M96,tau_pSA,search,454,266,,,,0.9106102094577618,1.4101380625852276,1.9551983971980098,snr,0.6103285283766071,0.0,0.02298652463115964,1.4245434105121482,2.8108534418390216,linear,0.9207790733161307,0.37230549612074804,best_state,1,10953,12800,0.03898654513888889,0.5208333333333334,0.5208333333333334,0.006740972222222222,0.0806,5.783519625012878,6.461952026468156,,,,,,,,,,,1.3643824767634745,3855226
ldpc,N192_M96,tau_pSA,search,763,267,,,,1.1608103770046807,1.3118016451644376,1.6268315405147333,snr,0.5908684315930063,0.0,0.07658457471370543,2.2139657065392564,2.2645595813907926,linear,1.8210697967256737,0.43448561771542665,best_state,237,12314,12800,0.051106770833333336,0.45625000000000004,0.45625000000000004,0.006740972222222222,0.0806,7.581513340888019,5.660669975186105,,,,,,,,,,,1.3653462978369628,6302197
ldpc,N192_M96,tau_pSA,search,923,268,,,,0.8768591335978303,1.07468338847939,1.5746229468395503,snr,0.5399854545460389,0.0,0.07548687222021554,1.579708307824403,5.734767354829275,linear,3.17228288028111,0.26775924054036815,best_state,1030,11479,12800,0.04271918402777778,0.5041666666666667,0.5020833333333333,0.006740972222222222,0.0806,6.337243741629752,6.255169561621174,,,,,,,,,,,1.3668929617619339,7569237
ldpc,N192_M96,tau_pSA,search,489,269,,,,1.3437400750469801,1.8355042656741243,1.6409826888900931,snr,0.6309741957799186,0.0,0.052857665475183946,1.6246238999080114,1.7705997930256967,linear,1.7906993006867213,0.3590318033910979,best_state,759,9798,12800,0.041167534722222225,0.48541666666666666,0.48541666666666666,0.006740972222222222,0.0806,6.107061914082621,6.0225392886683204,,,,,,,,,,,1.3669557857861214,4132391
ldpc,N192_M96,tau_pSA,search,940,270,,,,1.3119287882941402,1.7474835917202463,2.514299903161053,snr,0.6512515471172732,0.0,0.04232009802636029,1.9282771191041672,5.186774583073319,linear,0.7443993765193894,0.4497137077822796,majority,716,11798,12800,0.038595920138888885,0.4979166666666666,0.49583333333333335,0.006740972222222222,0.0806,5.7255717523436696,6.177626137303555,,,,,,,,,,,1.368143792237746,7703860
ldpc,N192_M96,tau_pSA,search,522,271,,,,1.1271819747309233,1.9610968695302984,2.209248113954241,snr,0.6378908057988283,0.0,0.006051297094729722,1.239278862470007,2.7335674959094294,linear,0.870764410021887,0.3819157609388055,best_state,805,11293,12800,0.03610026041666666,0.5520833333333334,0.5520833333333334,0.006740972222222222,0.0806,5.355349232512619,6.849669148056245,,,,,,,,,,,1.368276810884933,4393718
ldpc,N192_M96,tau_pSA,search,428,272,,,,1.4429185920812277,1.393319134130285,2.7413030526763715,snr,0.6510844029621508,0.0,0.0105197699021733,1.1019313179335755,2.6090577900727743,linear,0.7168399394878647,0.18646612294194473,best_state,396,11978,12800,0.055099826388888884,0.35624999999999996,0.35000000000000003,0.006740972222222222,0.0806,8.173869372617698,4.419975186104217,,,,,,,,,,,1.3684262885722742,3649332
ldpc,N192_M96,tau_pSA,search,636,273,,,,0.9654131259081258,1.4007122290068352,1.2865941836934187,snr,0.6302555868592206,0.0,0.00428137630062634,1.9022973858249537,1.9763428327982169,linear,1.3697397798041149,0.369855686709222,best_state,1007,9641,12800,0.042285156250000004,0.5458333333333333,0.5458333333333333,0.006740972222222222,0.0806,6.272857216441744,6.772125723738626,,,,,,,,,,,1.3693762108938838,5296484
ldpc,N192_M96,tau_pSA,search,887,274,,,,0.9115898822995334,1.4517432818374434,1.9088586550666846,snr,0.6723377420626306,0.0,0.13780787580886278,2.0243687464257025,2.105425202896376,exponential,1.4591462563420547,0.46302382460497504,best_state,118,6265,6400,0.03900824652777778,0.5479166666666667,0.5458333333333334,0.006740972222222222,0.0806,5.786738951272278,6.7979735318445,,,,,,,,,,,1.3700478319169183,7284153
ldpc,N192_M96,tau_pSA,search,906,275,,,,1.0410661584014658,1.3571859152420664,1.760786368109844,snr,0.5709900023663238,0.0,0.09795504265078928,1.784428977879902,5.455686059447373,linear,1.6565879786887825,0.28917605493045034,best_state,616,11844,12800,0.03879123263888889,0.50625,0.50625,0.006740972222222222,0.0806,5.754545688678274,6.281017369727047,,,,,,,,,,,1.3703835797911574,7434614
ldpc,N192_M96,tau_pSA,search,569,276,,,,1.5633132392190694,1.5919152100409901,2.400131140686225,snr,0.6463205540759538,0.0,0.020317037675167744,0.08299820109062198,3.2351415219695148,linear,1.3734108057633794,0.08479147784303374,best_state,775,11701,12800,0.053342013888888894,0.41458333333333336,0.41250000000000003,0.006740972222222222,0.0806,7.913103945606265,5.1437138130686515,,,,,,,,,,,1.3709844184310473,4765911
ldpc,N192_M96,tau_pSA,search,332,277,,,,2.3875437725508073,3.283484148841486,2.8561710551820076,snr,0.6706719605113876,0.0,0.21209503457099146,0.6131084634269032,2.4868350902021867,constant,0.5936257508440692,0.2056732904589092,best_state,1257,8145,9600,0.043923611111111115,0.50625,0.50625,0.006740972222222222,0.0806,6.515916349026477,6.281017369727047,,,,,,,,,,,1.3724161374501793,2889108
ldpc,N192_M96,tau_pSA,search,790,278,,,,1.2704679315442213,1.6448025187818738,1.8558515913602212,snr,0.5743981170395842,0.0,0.0671633535656097,1.6906451393504238,4.412001632377521,linear,2.751795399271795,0.44721545491336595,best_state,11661,1134,12800,0.0416015625,0.5208333333333334,0.5208333333333334,0.006740972222222222,0.0806,6.1714484392706295,6.461952026468156,,,,,,,,,,,1.3754050312252202,6516010
ldpc,N192_M96,tau_pSA,search,518,279,,,,1.1421671124042654,1.9300519393535736,2.167417765070054,snr,0.6379829428874442,0.0,0.0012867670612139743,1.2007570945947554,2.661707695417173,linear,0.851116829127836,0.37628680681334337,best_state,875,11279,12800,0.03906250000000001,0.5541666666666667,0.5520833333333334,0.006740972222222222,0.0806,5.79478726692078,6.875516956162118,,,,,,,,,,,1.3768494479134528,4362042
ldpc,N192_M96,tau_pSA,search,577,280,,,,1.1687556252905484,1.9521909897204182,1.7221474957012723,snr,0.5960183394625347,0.0,0.051079479836053925,1.0309985008413032,2.8886452595526246,linear,0.7476171339953992,0.3297538744240581,best_state,437,9131,12800,0.03617621527777778,0.5395833333333333,0.5395833333333333,0.006740972222222222,0.0806,5.366616874420521,6.6945822994210085,,,,,,,,,,,1.3768707409409766,4829263
ldpc,N192_M96,tau_pSA,search,525,281,,,,1.1352972860725443,1.9455211391253922,2.208375806376716,snr,0.6356567620394505,0.0,0.0011251392658423245,1.2949280418065787,2.698590176262216,linear,0.855821653068667,0.3744176325106497,best_state,810,11147,12800,0.03640407986111111,0.5625,0.5625,0.006740972222222222,0.0806,5.400419800144226,6.978908188585607,,,,,,,,,,,1.377132089987017,4417475
ldpc,N192_M96,tau_pSA,search,462,282,,,,1.0762793441025829,1.3091700543861835,1.4184115506861332,snr,0.5638012859697784,0.0,0.024121967213744433,1.861569387768898,2.9357118843607695,linear,1.1044293588138623,0.33398006099334976,best_state,678,10521,12800,0.04680989583333334,0.5208333333333334,0.5208333333333334,0.006740972222222222,0.0806,6.944086741526734,6.461952026468156,,,,,,,,,,,1.3773128563740717,3918578
ldpc,N192_M96,tau_pSA,search,657,283,,,,1.1496715023105257,1.7318714573078307,1.5748508313225724,snr,0.6163327043361589,0.0,0.0642429931811637,1.8109692881190014,1.9177061739227714,linear,1.5055480091134767,0.32846876989800916,best_state,778,9695,12800,0.040266927083333334,0.5333333333333333,0.5333333333333333,0.006740972222222222,0.0806,5.973459874317503,6.617038875103391,,,,,,,,,,,1.3774606263936717,5462783
ldpc,N192_M96,tau_pSA,search,448,284,,,,1.31679825469814,1.542303807793451,1.901984432574567,snr,0.5982908710950503,0.0,0.08262858975058691,1.459058048103908,2.765540664238949,linear,0.946452903101825,0.3654291784968886,best_state,8,11176,12800,0.04678819444444445,0.4770833333333333,0.4770833333333333,0.006740972222222222,0.0806,6.940867415267334,5.91914805624483,,,,,,,,,,,1.377973312323445,3807712
ldpc,N192_M96,tau_pSA,search,933,285,,,,1.1250890273143357,1.228295261280638,1.8056633872046308,snr,0.6092405564747262,0.0,0.11466973089274017,2.3198312748238266,2.3719348374415445,linear,3.867805016795824,0.41695141896258636,best_state,325,12267,12800,0.05091145833333333,0.4583333333333333,0.4583333333333333,0.006740972222222222,0.0806,7.552539404553415,5.686517783291976,,,,,,,,,,,1.3785377355578956,7648427
ldpc,N192_M96,tau_pSA,search,600,286,,,,1.0361865859387278,1.6598629751612883,1.3868569523001795,snr,0.5319549721018947,0.0,0.0747938511811713,2.2995406709470907,2.343302687705164,cosine,0.9104347570514818,0.06396121781706988,best_state,263,10186,12800,0.037098524305555554,0.55625,0.55625,0.006740972222222222,0.0806,5.50343824044504,6.90136476426799,,,,,,,,,,,1.3786682310894374,5011400
ldpc,N192_M96,tau_pSA,search,581,287,,,,1.1163937169458413,1.7986332179579436,1.8288063532449215,snr,0.6020535564914374,0.0,0.05171302107237735,1.8754084360084429,1.9399241373813205,linear,1.7367925812499911,0.3322707360169938,best_state,8513,4210,12800,0.03818359375,0.5666666666666667,0.5666666666666667,0.006740972222222222,0.0806,5.6644045534150615,7.0306038047973525,,,,,,,,,,,1.3789009435591324,4860939
ldpc,N192_M96,tau_pSA,search,621,288,,,,1.0465669135683553,1.76940716815595,1.6613319280384247,snr,0.6276694153466627,0.0,0.0195104957677934,1.756652958017658,1.8846755639209634,linear,1.6588859468897041,0.3500365110393942,best_state,7498,5201,12800,0.037337239583333334,0.5604166666666667,0.5604166666666667,0.006740972222222222,0.0806,5.538850829298445,6.953060380479735,,,,,,,,,,,1.3791111953650579,5177699
ldpc,N192_M96,tau_pSA,search,607,289,,,,1.1893699717978456,1.959522144071889,2.0371127392347352,snr,0.5810955203677309,0.0,0.036485338118173005,1.72490043734271,1.7924884976696094,linear,1.1237732713366193,0.09571864212001924,best_state,629,10552,12800,0.03811848958333334,0.55625,0.55625,0.006740972222222222,0.0806,5.654746574636861,6.90136476426799,,,,,,,,,,,1.3793465400254137,5066833
ldpc,N192_M96,tau_pSA,search,325,290,,,,2.4367831931751622,3.1955204144268925,3.031218970953251,snr,0.7095675909094705,0.0,0.11905091687963171,0.6118798504319946,0.7522255088947162,constant,0.5704602657048934,0.20593848920275873,best_state,1173,8195,9600,0.04517144097222222,0.4666666666666666,0.4666666666666666,0.006740972222222222,0.0806,6.701027608942001,5.789909015715466,,,,,,,,,,,1.3801523690808184,2833675
ldpc,N192_M96,tau_pSA,search,898,291,,,,1.2234338533234494,2.320189516582923,1.459588801771554,snr,0.6263426135544208,0.0,0.025472537613197538,2.987687116927687,3.0359262451230875,linear,2.130392458156258,0.4330296947837244,best_state,281,12287,12800,0.03675130208333333,0.58125,0.5791666666666667,0.006740972222222222,0.0806,5.4519290202946324,7.211538461538462,,,,,,,,,,,1.3807213909004528,7371262
ldpc,N192_M96,tau_pSA,search,408,292,,,,1.8479508613941429,2.3861515648419545,2.9567455545218886,snr,0.6737814646776228,0.0,0.015977795112611493,0.8931437099443528,2.654651078885115,linear,0.6609070375262843,0.15590370484730867,best_state,270,8764,9600,0.04093967013888889,0.5020833333333333,0.5020833333333333,0.006740972222222222,0.0806,6.0732589883589165,6.229321753515301,,,,,,,,,,,1.3815851076919623,3490952
ldpc,N192_M96,tau_pSA,search,629,293,,,,0.8057779604268988,1.4228651853959569,1.418507751219373,snr,0.6295317081616668,0.0,0.0053029981881990845,2.063770633495413,2.1272646557336787,linear,1.2745927595228328,0.400974103804472,best_state,906,11316,12800,0.039040798611111115,0.5625,0.5625,0.006740972222222222,0.0806,5.791567940661379,6.978908188585607,,,,,,,,,,,1.382832611663451,5241051
ldpc,N192_M96,tau_pSA,search,483,294,,,,0.9544769749589026,1.875467201079913,1.7380005742318685,snr,0.6233259783479816,0.0,0.05262411721163388,1.6727465531192187,1.7788031101350679,linear,1.6263448603499324,0.37398654414976756,best_state,738,9698,12800,0.03471137152777778,0.6083333333333334,0.6083333333333334,0.006740972222222222,0.0806,5.149312351910992,7.547559966914806,,,,,,,,,,,1.3829590599844506,4084877
ldpc,N192_M96,tau_pSA,search,951,295,,,,1.0077455454507913,1.9831361904406053,2.111296136025984,snr,0.6159216927624509,0.0,0.09214009745117512,1.4678215858285157,4.94553553045327,piecewise,1.371128227021843,0.39526297999364857,best_state,1466,13290,19200,0.035557725694444445,0.5770833333333334,0.5770833333333334,0.006740972222222222,0.0806,5.274866076027609,7.159842845326716,,,,,,,,,,,1.3839331972742148,7790969
ldpc,N192_M96,tau_pSA,search,841,296,,,,0.9889050193320108,1.9155804252188497,1.292884105559764,snr,0.6192163833249612,0.0,0.08713471074680014,1.519661851834193,4.88032756782887,linear,3.551295009575015,0.4132555740917032,best_state,724,11522,12800,0.03729383680555556,0.5895833333333332,0.5895833333333332,0.006740972222222222,0.0806,5.532412176779644,7.31492969396195,,,,,,,,,,,1.384062353275575,6919879
ldpc,N192_M96,tau_pSA,search,680,297,,,,1.5472893686426952,2.339342753961662,2.196211471524355,snr,0.5861955759989163,0.0,0.09833455633639576,1.3015350365537217,2.6424825098181226,linear,1.2429765775880874,0.4699431272002122,best_state,523,11973,12800,0.03561197916666666,0.5583333333333333,0.5583333333333333,0.006740972222222222,0.0806,5.282914391676109,6.927212572373862,,,,,,,,,,,1.3842378751471727,5644920
ldpc,N192_M96,tau_pSA,search,980,298,,,,1.4063148373922107,1.4851140230680897,1.9124290658834033,snr,0.6352566654681313,0.0,0.057019214343189455,2.1244291431721654,2.1818800142778447,linear,2.010887573577432,0.4066944677205596,best_state,226,12391,12800,0.049815538194444446,0.4437499999999999,0.4437499999999999,0.006740972222222222,0.0806,7.389963428453694,5.505583126550867,,,,,,,,,,,1.3851636471361506,8020620
ldpc,N192_M96,tau_pSA,search,394,299,,,,2.388274725565738,2.6902616766197758,3.0647669203186356,snr,0.6833595834044267,0.0,0.15554996054215317,0.766789353659056,0.8323315914019734,constant,0.24745008504040025,0.1832018132535745,best_state,1031,8179,9600,0.04950086805555556,0.43124999999999997,0.43124999999999997,0.006740972222222222,0.0806,7.343283197692387,5.350496277915632,,,,,,,,,,,1.385613386450998,3380086
ldpc,N192_M96,tau_pSA,search,592,300,,,,0.9164498275525432,1.6128504003317576,1.518530801967177,snr,0.5649386810768946,0.0,0.07580217671322748,2.5766770156337278,2.6254837722567617,cosine,1.1169837083865541,0.07551497560711051,best_state,153,6219,6400,0.03643663194444444,0.6020833333333333,0.6020833333333333,0.006740972222222222,0.0806,5.405248789533326,7.470016542597187,,,,,,,,,,,1.3859505102398089,4948048
ldpc,N192_M96,tau_pSA,search,769,301,,,,1.006515074918419,1.1961799102254351,1.4170826295914352,snr,0.6203215462578008,0.0,0.13375104673688476,1.6342732829344995,5.871991710373281,linear,2.330099062566205,0.4124808456717172,best_state,537,11885,12800,0.046853298611111115,0.5270833333333333,0.5270833333333333,0.006740972222222222,0.0806,6.950525394045535,6.539495450785773,,,,,,,,,,,1.3866616002585719,6349711
ldpc,N192_M96,tau_pSA,search,624,302,,,,1.0651189257279978,1.7706316411435745,1.6231673754885387,snr,0.6093833122461633,0.0,0.018589313709187885,1.7568173377894583,1.896904260221582,linear,1.6785574017050235,0.3449885605743263,best_state,4904,7829,12800,0.039463975694444445,0.5708333333333333,0.5708333333333333,0.006740972222222222,0.0806,5.854344802719687,7.082299421009098,,,,,,,,,,,1.3871054354302321,5201456
ldpc,N192_M96,tau_pSA,search,995,303,,,,1.0854982255889989,1.635093153406707,1.689301683484446,snr,0.5973565791952281,0.0,0.28938817766636626,1.2411118568065451,3.1838974847477366,linear,0.7957447902086965,0.31791614248395433,best_state,518,12042,12800,0.03970269097222222,0.5729166666666666,0.5729166666666666,0.006740972222222222,0.0806,5.889757391573092,7.10814722911497,,,,,,,,,,,1.387410380724084,8139405
ldpc,N192_M96,tau_pSA,search,845,304,,,,1.0639077263968377,1.8951557325753576,1.317387529776861,snr,0.6168140339352012,0.0,0.08478304039453213,1.7761718556802852,5.4019024668441205,linear,0.7110229143092326,0.41543239311390695,best_state,4182,8572,12800,0.03981119791666666,0.5854166666666666,0.5854166666666666,0.006740972222222222,0.0806,5.905854022870093,7.263234077750205,,,,,,,,,,,1.387448519555301,6951555
ldpc,N192_M96,tau_pSA,search,892,305,,,,1.2231691223822958,2.342140739454986,1.3823875316340264,snr,0.6311254090685399,0.0,0.01981456139435592,1.4380113261746146,5.749911058986509,linear,2.229298171475823,0.43395960464382005,best_state,286,12276,12800,0.03704427083333334,0.5875,0.5875,0.006740972222222222,0.0806,5.495389924796539,7.2890818858560795,,,,,,,,,,,1.3880774600348378,7323748
ldpc,N192_M96,tau_pSA,search,339,306,,,,1.9456416575012572,2.717310227912761,2.8374012813768767,snr,0.7246405927965827,0.0,0.11449716200445192,0.7752588352746613,0.873873433955577,constant,0.5849930347680478,0.1972350668791019,best_state,1109,8288,9600,0.042675781249999996,0.5,0.5,0.006740972222222222,0.0806,6.33080508911095,6.203473945409429,,,,,,,,,,,1.3885536281986526,2944541
ldpc,N192_M96,tau_pSA,search,395,307,,,,2.425669542501723,2.735319069060076,3.1564903604854337,snr,0.6800394410259113,0.0,0.15716541724165659,0.7543851301192553,0.830505776626653,constant,0.6513764374933643,0.1670585786454623,best_state,616,8303,9600,0.04717881944444444,0.4270833333333334,0.42500000000000004,0.006740972222222222,0.0806,6.998815287936541,5.298800661703888,,,,,,,,,,,1.388578982289649,3388005
ldpc,N192_M96,tau_pSA,search,383,308,,,,2.1589121148578863,3.1546032573628024,3.4561472887423976,snr,0.7071864585554568,0.0,0.18669233284968575,0.8054075227962967,0.8955943072288034,constant,0.5537430986357356,0.16402321134042602,best_state,1176,8242,9600,0.04254557291666666,0.5145833333333333,0.5125,0.006740972222222222,0.0806,6.311489131554548,6.384408602150536,,,,,,,,,,,1.3885853621795161,3292977
ldpc,N192_M96,tau_pSA,search,661,309,,,,0.9809721443470375,1.8830395998346385,1.3797606980594856,snr,0.6341741018255366,0.0,0.02325882053501258,2.1200410433431194,2.2026924815025666,linear,0.8146613515406478,0.3462003459396801,best_state,1324,9947,12800,0.03825954861111111,0.6,0.6,0.006740972222222222,0.0806,5.675672195322963,7.444168734491314,,,,,,,,,,,1.3885892473852695,5494459
ldpc,N192_M96,tau_pSA,search,750,310,,,,1.1755619923052247,1.5882499435312376,1.3195803440696536,snr,0.6003046081468912,0.0,0.0771937808101684,1.8143190361702752,5.202854401388027,linear,2.7351117115683454,0.47017544300217173,best_state,369,12152,12800,0.04155815972222222,0.5541666666666667,0.5541666666666667,0.006740972222222222,0.0806,6.165009786751828,6.875516956162118,,,,,,,,,,,1.3890962442411352,6199250
ldpc,N192_M96,tau_pSA,search,427,311,,,,1.4969858822140671,2.0668630094571006,2.741413403761349,snr,0.6087859721960233,0.0,0.018200032432952276,1.0588654458235218,2.0937103211301573,linear,0.992214969108475,0.18741338630052823,best_state,418,10118,12800,0.039637586805555555,0.5125000000000001,0.5125000000000001,0.006740972222222222,0.0806,5.88009941279489,6.358560794044665,,,,,,,,,,,1.3894412711228705,3641413
ldpc,N192_M96,tau_pSA,search,825,312,,,,1.1536459851441614,1.2697972857162316,1.997533645408689,snr,0.6305561623315495,0.0,0.013471438918900685,2.282215584518972,2.3263044878537804,cosine,1.9013636792974615,0.7499206713991403,best_state,311,12058,12800,0.058517795138888884,0.35833333333333334,0.3104166666666667,0.006740972222222222,0.0806,8.680913258473266,4.445822994210091,,,,,,,,,,,1.389733908267883,6793175
ldpc,N192_M96,tau_pSA,search,342,313,,,,2.0056122060974566,2.726658021691716,2.8382569126511887,snr,0.7251904339062563,0.0,0.2447976753568109,0.7870727623137076,0.8662500073342874,constant,0.5714959547578444,0.17717680332266414,best_state,1060,8251,9600,0.04251302083333333,0.49374999999999997,0.49374999999999997,0.006740972222222222,0.0806,6.306660142165447,6.125930521091811,,,,,,,,,,,1.3900770433777805,2968298
ldpc,N192_M96,tau_pSA,search,774,314,,,,0.9946533565740342,1.1767913012020148,1.4502717036146195,snr,0.6222863489113479,0.0,0.12026425854076618,2.533405467116045,2.57358615587754,linear,2.437572114109504,0.40023429544839395,best_state,531,11968,12800,0.04968532986111112,0.4875,0.4875,0.006740972222222222,0.0806,7.370647470897293,6.048387096774193,,,,,,,,,,,1.3907743063083788,6389306
ldpc,N192_M96,tau_pSA,search,991,315,,,,1.0832865206284548,1.7479385986837037,1.6780914565138578,snr,0.5977843085492498,0.0,0.13070463950998087,0.14278866712043412,3.818497066724928,linear,0.7896809785254177,0.31858189913291546,best_state,5804,6963,12800,0.0365234375,0.5854166666666666,0.5854166666666666,0.006740972222222222,0.0806,5.418126094570928,7.263234077750205,,,,,,,,,,,1.390802797120693,8107729
ldpc,N192_M96,tau_pSA,search,757,316,,,,1.175831387102397,1.3660357995894628,1.5879993501267484,snr,0.5916768100943678,0.0,0.07952581472917698,2.240252874312579,2.2893768020911334,linear,1.7853514843511122,0.43589035724205155,best_state,229,12258,12800,0.04599609375,0.4937499999999999,0.4937499999999999,0.006740972222222222,0.0806,6.823362006799218,6.12593052109181,,,,,,,,,,,1.3913978837227383,6254683
ldpc,N192_M96,tau_pSA,search,406,317,,,,2.1822407944879547,2.442767563252724,2.9593793005687283,snr,0.6723659411346065,0.0,0.14889519007600754,0.9174184812267592,0.986060799081584,linear,0.6570245524016282,0.1607480298352535,best_state,298,8779,9600,0.04833984375,0.4375,0.43541666666666673,0.006740972222222222,0.0806,7.171049242814464,5.42803970223325,,,,,,,,,,,1.392022208959608,3475114
ldpc,N192_M96,tau_pSA,search,959,318,,,,0.9925384621222332,2.0234624783181947,2.0671236862729763,snr,0.6155219386561438,0.0,0.08897480827935811,1.3853163784314149,4.826136951638636,linear,0.9019933150281635,0.3719453591124129,best_state,7548,5219,12800,0.03869357638888889,0.5916666666666667,0.5916666666666667,0.006740972222222222,0.0806,5.740058720510971,7.340777502067824,,,,,,,,,,,1.392458949335487,7854321
ldpc,N192_M96,tau_pSA,search,385,319,,,,2.428828664345154,2.7703009859173373,3.09882007978038,snr,0.6836747093854075,0.0,0.1541636084293021,0.7572579251542186,0.8254871285390978,constant,0.6490794978908161,0.17790652340980243,best_state,581,8727,9600,0.048491753472222225,0.4395833333333334,0.4375,0.006740972222222222,0.0806,7.193584526630268,5.453887510339124,,,,,,,,,,,1.3945356928106256,3308815
ldpc,N192_M96,tau_pSA,search,414,320,,,,1.819194444619828,1.801506300908409,3.189751932167138,snr,0.6567181409360006,0.0,0.03879420072593333,0.9660562708836749,2.274822875052851,linear,0.8227957865726151,0.15411294018217941,best_state,28,9086,9600,0.051833767361111116,0.40208333333333335,0.3979166666666667,0.006740972222222222,0.0806,7.6893607705779345,4.988626964433416,,,,,,,,,,,1.3946296282054471,3538466
ldpc,N192_M96,tau_pSA,search,455,321,,,,0.8877156989406293,1.5708976489621687,1.7200651427603582,snr,0.6110372286488222,0.0,0.07668093148196864,1.4400611085535706,2.742577935597718,linear,0.9461130439392005,0.1344533205450913,best_state,21,10930,12800,0.037261284722222225,0.5854166666666667,0.5854166666666667,0.006740972222222222,0.0806,5.527583187390544,7.263234077750207,,,,,,,,,,,1.394890684050586,3863145
ldpc,N192_M96,tau_pSA,search,987,322,,,,1.0723364729797125,1.721318558445684,1.424313876962729,snr,0.5987081285264255,0.0,0.12982399901941977,0.12141647573791564,3.947080607265591,linear,0.9506604831205817,0.24724271019966387,best_state,508,12041,12800,0.03861762152777778,0.5770833333333334,0.5770833333333334,0.006740972222222222,0.0806,5.72879107860307,7.159842845326716,,,,,,,,,,,1.395842339695366,8076053
ldpc,N192_M96,tau_pSA,search,451,323,,,,0.8441644735032382,1.6362167656982618,1.7041709577617064,snr,0.6134316041636098,0.0,0.07590800568189765,1.5888334284005534,2.836266300012895,linear,1.573432905619072,0.12204476262562285,best_state,212,10790,12800,0.035177951388888885,0.6104166666666667,0.6104166666666667,0.006740972222222222,0.0806,5.218527866488101,7.573407775020678,,,,,,,,,,,1.3962082904358795,3831469
ldpc,N192_M96,tau_pSA,search,597,324,,,,1.0357171337936473,1.6060195250563765,1.4694390921123053,snr,0.5651925368057396,0.0,0.07418117507862126,2.6957565349894197,2.751820195968194,cosine,0.9089896822655875,0.08470728251004273,best_state,339,6031,6400,0.03912760416666667,0.5708333333333334,0.5708333333333334,0.006740972222222222,0.0806,5.804445245698981,7.082299421009099,,,,,,,,,,,1.3967615399895588,4987643
ldpc,N192_M96,tau_pSA,search,399,325,,,,2.113742265467365,2.4335822759862653,2.8892674612831057,snr,0.6835951262241037,0.0,0.14072530560898702,0.8284149102547445,2.4666762472539343,constant,0.6424235594479655,0.16322336233288215,best_state,236,8767,9600,0.04865451388888889,0.45625,0.45625,0.006740972222222222,0.0806,7.21772947357577,5.660669975186104,,,,,,,,,,,1.397530663859886,3419681
ldpc,N192_M96,tau_pSA,search,780,326,,,,0.9803650436407786,1.2130533179247196,1.4765061406113476,snr,0.6215502423274377,0.0,0.13714997317496358,2.427799878921728,2.4728737796268767,linear,2.1693578766841584,0.41103492063404445,best_state,505,11816,12800,0.04618055555555556,0.50625,0.50625,0.006740972222222222,0.0806,6.850726280004121,6.281017369727047,,,,,,,,,,,1.3980992666480414,6436820
ldpc,N192_M96,tau_pSA,search,755,327,,,,0.8973874180357627,1.5270519575493484,1.2541994929220979,snr,0.608005710081322,0.0,0.07934907865824722,1.8035384748955194,5.3192571533325115,linear,1.9734868186799244,0.47337167566447697,best_state,330,12171,12800,0.03965928819444444,0.5916666666666667,0.5916666666666667,0.006740972222222222,0.0806,5.883318739054291,7.340777502067824,,,,,,,,,,,1.3984390421279127,6238845
ldpc,N192_M96,tau_pSA,search,229,328,,,,3.0389361999657027,3.5943739383241167,4.353371696424712,snr,0.7266515764775607,0.0,0.1392053294125396,0.646498823612341,0.9468100475108028,constant,7.97122964329157,0.1319732214431396,best_state,1623,7130,9600,0.043554687499999994,0.4520833333333334,0.4520833333333334,0.006740972222222222,0.0806,6.461187802616668,5.6089743589743595,,,,,,,,,,,1.39889715258852,2073451
ldpc,N192_M96,tau_pSA,search,498,329,,,,1.5104552062884933,1.6912732042892857,1.815828423691806,snr,0.5756593787110875,0.0,0.08952665937220206,1.8776107646393172,1.9327867417266078,linear,1.4652896922104488,0.40420743964643335,best_state,215,12165,12800,0.04888237847222222,0.46875,0.46875,0.006740972222222222,0.0806,7.2515323992994745,5.8157568238213395,,,,,,,,,,,1.3997433773490526,4203662
ldpc,N192_M96,tau_pSA,search,495,330,,,,1.496817998506848,1.6712533461307324,2.116763232617082,snr,0.550602370497426,0.0,0.08676793681502867,1.8606893633178487,2.0205729557446066,linear,1.467711288967824,0.3243655246913169,best_state,155,12524,12800,0.04799262152777778,0.4458333333333333,0.4458333333333333,0.006740972222222222,0.0806,7.119540022664057,5.531430934656741,,,,,,,,,,,1.400017569823672,4179905
ldpc,N192_M96,tau_pSA,search,759,331,,,,1.1341521062574107,1.351712177820562,1.6241054467621645,snr,0.5901298785784196,0.0,0.11231871095424588,0.2863798322048892,6.502250124317896,linear,1.7977911765361148,0.44329330142067,best_state,32,12746,12800,0.04052734375,0.5333333333333333,0.5291666666666667,0.006740972222222222,0.0806,6.0120917894303085,6.617038875103391,,,,,,,,,,,1.4003545622843914,6270521
ldpc,N192_M96,tau_pSA,search,611,332,,,,1.2094147566328055,2.1191772913112312,2.047218198821749,snr,0.5789917155108035,0.0,0.038306038118602614,1.3412531734287443,1.3861453554174417,linear,1.1058755985107063,0.29081367441250106,best_state,653,10450,12800,0.037445746527777775,0.5770833333333333,0.5770833333333333,0.006740972222222222,0.0806,5.5549474605954465,7.1598428453267156,,,,,,,,,,,1.4007582421767315,5098509
ldpc,N192_M96,tau_pSA,search,519,333,,,,1.1275609460093767,1.9388908764305057,2.207810440695684,snr,0.6392304597662168,0.0,0.003778968616672637,1.2326068299058552,2.6798722012389056,linear,0.8685075780176261,0.3784865293250331,best_state,849,11077,12800,0.03755425347222222,0.5604166666666667,0.5604166666666667,0.006740972222222222,0.0806,5.571044091892449,6.953060380479735,,,,,,,,,,,1.4008204576386425,4369961
ldpc,N192_M96,tau_pSA,search,431,334,,,,1.3772692336034011,1.4600039460734546,2.7346647243633493,snr,0.5747735607567401,0.0,0.005638371554544407,1.0589655242579945,2.573259475529634,linear,1.0390918146406563,0.19118980391395585,best_state,423,8858,12800,0.05106336805555556,0.42083333333333334,0.42083333333333334,0.006740972222222222,0.0806,7.575074688369218,5.221257237386269,,,,,,,,,,,1.4015744853586005,3673089
ldpc,N192_M96,tau_pSA,search,588,335,,,,1.1454694146892317,1.8720974024406944,1.7513062124374703,snr,0.5981710503460173,0.0,0.049308833643735756,1.884320641797775,1.9638997743870366,linear,0.7875143265474744,0.3923567351454835,best_state,8750,4003,12800,0.039952256944444445,0.5604166666666667,0.5604166666666667,0.006740972222222222,0.0806,5.926779643556197,6.953060380479735,,,,,,,,,,,1.401838184585215,4916372
ldpc,N192_M96,tau_pSA,search,429,336,,,,1.5508785106826612,1.5299365521030206,2.684217013415599,snr,0.6088068102006212,0.0,0.011007251280702447,1.0433033088128747,2.0698714121714503,linear,0.7259456023387597,0.18476097708421296,best_state,411,11929,12800,0.053689236111111115,0.40416666666666673,0.40416666666666673,0.006740972222222222,0.0806,7.964613165756671,5.014474772539289,,,,,,,,,,,1.4043717172049832,3657251
ldpc,N192_M96,tau_pSA,search,971,337,,,,1.182148622888822,1.2866099374510682,1.5952744174220588,snr,0.5817682735474624,0.0,0.0001292811955393683,1.7124835317116442,5.5727029871700555,linear,2.329518856609674,0.30479211874554013,best_state,9934,2862,12800,0.05099826388888889,0.4770833333333333,0.47500000000000003,0.006740972222222222,0.0806,7.565416709591017,5.91914805624483,,,,,,,,,,,1.4064479670261887,7949349
ldpc,N192_M96,tau_pSA,search,357,338,,,,2.07081820777428,2.701835305975402,2.579816319344527,snr,0.7403779350857411,0.0,0.20793091237554118,0.7670802848911378,0.8797943886502232,constant,0.39244497831835257,0.8216233037736476,best_state,1299,8037,9600,0.044704861111111105,0.5166666666666667,0.5166666666666667,0.006740972222222222,0.0806,6.631812094364891,6.410256410256411,,,,,,,,,,,1.4064725924443848,3087083
ldpc,N192_M96,tau_pSA,search,663,339,,,,0.9576505767403596,1.9535254252538852,1.371041311591581,snr,0.5644985658816531,0.0,0.026308441002327824,2.148827303980156,2.200154911914787,linear,0.832538084379008,0.3507883106119814,best_state,1203,11080,12800,0.03733723958333333,0.61875,0.61875,0.006740972222222222,0.0806,5.538850829298443,7.676799007444169,,,,,,,,,,,1.4066476147171685,5510297
ldpc,N192_M96,tau_pSA,search,625,340,,,,0.7703288409929958,1.409744242703087,1.54495185224547,snr,0.6245541424382344,0.0,0.006662185493931187,1.982054031504833,2.0528911501124143,linear,1.2891736117873729,0.389757775737663,best_state,993,11278,12800,0.03836805555555556,0.5875,0.5875,0.006740972222222222,0.0806,5.691768826619966,7.2890818858560795,,,,,,,,,,,1.407257299933304,5209375
ldpc,N192_M96,tau_pSA,search,502,341,,,,1.5368099061898772,1.6945088764735485,1.8043133237377327,snr,0.5728217567091287,0.0,0.08143823467416683,2.8488283613628735,2.9161243340649454,linear,2.1508016713267413,0.33063451925966547,best_state,211,10334,12800,0.04937065972222222,0.48124999999999996,0.4791666666666667,0.006740972222222222,0.0806,7.323967240135984,5.970843672456574,,,,,,,,,,,1.4074967298122232,4235338
ldpc,N192_M96,tau_pSA,search,459,342,,,,1.064966242842229,1.888735117984738,1.4024811605902787,snr,0.556597746510533,0.0,0.024469603453811564,1.6733978822323758,3.139602233294463,linear,1.1567220483505796,0.10010929636480115,best_state,697,10567,12800,0.03626302083333333,0.6291666666666665,0.6291666666666665,0.006740972222222222,0.0806,5.379494179458123,7.80603804797353,,,,,,,,,,,1.4100225778673794,3894821
ldpc,N192_M96,tau_pSA,search,778,343,,,,0.9925626277051249,1.1996936060951486,1.456176980318945,snr,0.624448140138989,0.0,0.1358843824531043,2.612903898671249,2.6394134971603043,linear,2.1498450814428316,0.4030466570174937,best_state,548,11871,12800,0.048828125,0.5229166666666667,0.5229166666666667,0.006740972222222222,0.0806,7.243484083650974,6.487799834574028,,,,,,,,,,,1.4103712191938935,6420982
ldpc,N192_M96,tau_pSA,search,947,344,,,,1.303726293596205,1.8160158204456731,2.5451424016825333,snr,0.6518348273536837,0.0,0.043803169125887005,1.815042937753041,5.257107780461868,linear,1.8038419475531917,0.44727625250303066,majority,724,11806,12800,0.040928819444444445,0.5416666666666666,0.5416666666666666,0.006740972222222222,0.0806,6.071649325229216,6.720430107526881,,,,,,,,,,,1.4109103365354831,7759293
ldpc,N192_M96,tau_pSA,search,953,345,,,,0.9860891522173064,2.0262657388160172,2.137372726206515,snr,0.6148301240924379,0.0,0.08791337923531076,1.3970300375673566,4.914818351157924,piecewise,1.4487000588314958,0.08629670011998719,best_state,1202,13233,19200,0.03755425347222222,0.6020833333333334,0.6020833333333334,0.006740972222222222,0.0806,5.571044091892449,7.470016542597189,,,,,,,,,,,1.4126380837065462,7806807
ldpc,N192_M96,tau_pSA,search,665,346,,,,0.9776959963178241,1.8400812123155508,1.3993823616266352,snr,0.6383840471453844,0.0,0.02086673183094017,2.169728683626894,2.223867845038157,linear,0.813656540385833,0.35464263008147473,best_state,1240,11222,12800,0.03838975694444444,0.6020833333333333,0.6,0.006740972222222222,0.0806,5.6949881528793656,7.470016542597187,,,,,,,,,,,1.412995130185728,5526135
ldpc,N192_M96,tau_pSA,search,766,347,,,,1.12539859345571,1.3309879143384113,1.6240395233981477,snr,0.5898355939398331,0.0,0.10254846538192683,2.212056471164554,2.2865285556441317,linear,1.8095954046867668,0.45023561784643934,best_state,15,12718,12800,0.046994357638888894,0.4958333333333333,0.4958333333333333,0.006740972222222222,0.0806,6.971451014731638,6.1517783291976835,,,,,,,,,,,1.4136775240281543,6325954
ldpc,N192_M96,tau_pSA,search,359,348,,,,2.096729660335455,2.655833823785031,2.9568121934549265,fixed,0.7486612730875885,0.0,0.20713246751648687,0.8104541976154195,0.8794965951333255,constant,0.6290810203660615,0.20018809188244033,best_state,1325,8081,9600,0.046582031249999996,0.4895833333333333,0.4895833333333333,0.006740972222222222,0.0806,6.910283815803028,6.074234904880066,,,,,,,,,,,1.4143642068129556,3102921
ldpc,N192_M96,tau_pSA,search,377,349,,,,2.395560468747505,3.083684587831435,3.4647199507324307,snr,0.7046849436661067,0.0,0.18497308614016095,0.7931924937843196,0.8518180993070128,constant,0.6254283973640832,0.16578119311190587,best_state,1150,8207,9600,0.04398871527777778,0.4770833333333333,0.4770833333333333,0.006740972222222222,0.0806,6.525574327804677,5.91914805624483,,,,,,,,,,,1.414653866985388,3245463
ldpc,N192_M96,tau_pSA,search,331,350,,,,2.3789321963942065,3.2961310958188417,2.883849388049117,snr,0.6692810234355652,0.0,0.20819453010949587,0.6145590557666837,0.7593476151027271,constant,0.6546763747864842,0.20702873987545928,best_state,1205,8157,9600,0.04301215277777778,0.5208333333333333,0.5208333333333333,0.006740972222222222,0.0806,6.380704646131658,6.461952026468154,,,,,,,,,,,1.415764810131198,2881189
ldpc,N192_M96,tau_pSA,search,378,351,,,,2.280485149646513,3.184749096193514,3.512212010652332,snr,0.7023635013656905,0.0,0.18182885529010862,0.7388487326667471,0.7961392203730422,constant,0.598293031852279,0.16474964809217627,best_state,1182,8212,9600,0.043381076388888884,0.5104166666666666,0.5104166666666666,0.006740972222222222,0.0806,6.435433192541464,6.332712985938792,,,,,,,,,,,1.416418160118286,3253382
ldpc,N192_M96,tau_pSA,search,753,352,,,,0.9029174013281761,1.5573555301695041,1.2940157083067276,snr,0.6088468123300012,0.0,0.12678870019570088,1.7699112682265385,4.359010806412831,linear,1.958834996816293,0.43606150401614147,best_state,356,11907,12800,0.039279513888888895,0.59375,0.59375,0.006740972222222222,0.0806,5.826980529514784,7.3666253101736965,,,,,,,,,,,1.4169032228810325,6223007
ldpc,N192_M96,tau_pSA,search,944,353,,,,1.2858293401151002,1.7605742962520325,2.432522711067645,snr,0.6404442306447109,0.0,0.044877140968067795,1.9184857953605274,5.242228584971887,linear,1.8129825348033837,0.4505493689924694,majority,10,12665,12800,0.04050564236111111,0.5354166666666667,0.5354166666666667,0.006740972222222222,0.0806,6.008872463170907,6.642886683209263,,,,,,,,,,,1.4169369154803308,7735536
ldpc,N192_M96,tau_pSA,search,380,354,,,,2.2132021271999007,3.1014339200743484,3.4897193074862662,snr,0.703404978601525,0.0,0.1820728099940734,0.833902303823634,0.9007897970605401,constant,0.5918803890796801,0.16763624943755348,best_state,1157,8206,9600,0.04425998263888889,0.49374999999999997,0.49166666666666664,0.006740972222222222,0.0806,6.565815906047183,6.125930521091811,,,,,,,,,,,1.4169377994409806,3269220
ldpc,N192_M96,tau_pSA,search,247,355,,,,3.366924518914377,3.4883728142544435,3.9229681842830306,snr,0.715885266712734,0.0,0.1604584663191776,0.5653642229719641,0.8388071945645439,constant,9.156003808830434,0.092765460679685,best_state,1841,7446,9600,0.05179036458333333,0.4208333333333334,0.4208333333333334,0.006740972222222222,0.0806,7.682922118059133,5.22125723738627,,,,,,,,,,,1.4189316149973226,2215993
ldpc,N192_M96,tau_pSA,search,672,356,,,,0.9472929500466851,1.8731243008503693,1.3588764703018001,snr,0.6356987463963263,0.0,0.01876151701528294,2.0948994282395175,2.1569231832356666,linear,0.8444160259617569,0.34935098667472847,best_state,1185,11144,12800,0.04000651041666667,0.60625,0.60625,0.006740972222222222,0.0806,5.934827959204698,7.521712158808932,,,,,,,,,,,1.4195931828982973,5581568
ldpc,N192_M96,tau_pSA,search,335,357,,,,2.386021502215648,3.2157266105039697,2.8670244068062303,snr,0.7081788937442911,0.0,0.20394242684864183,0.6317972355831444,0.7617291714762281,constant,0.5359628641892885,0.2085741489039252,best_state,1155,8153,9600,0.04430338541666667,0.5020833333333333,0.5020833333333333,0.006740972222222222,0.0806,6.572254558565984,6.229321753515301,,,,,,,,,,,1.4201282397776471,2912865
ldpc,N192_M96,tau_pSA,search,237,358,,,,3.195292222814949,3.4142355640996254,4.5947000869257915,snr,0.7406239766549514,0.0,0.1680263031292366,0.6449340683325432,0.8071339355131927,constant,8.338026743900162,0.21228577919430133,best_state,1553,7172,9600,0.05101996527777778,0.44999999999999996,0.4458333333333333,0.006740972222222222,0.0806,7.568636035850417,5.583126550868485,,,,,,,,,,,1.4203077071276557,2136803
ldpc,N192_M96,tau_pSA,search,416,359,,,,1.9293637157646264,1.9095577719550236,3.0935552555228236,snr,0.6260916210135528,0.0,0.03778508908729959,0.9554043888375424,2.2196113676425213,linear,0.789194152840716,0.15172703246414115,best_state,52,9199,9600,0.05490451388888889,0.4270833333333333,0.42500000000000004,0.006740972222222222,0.0806,8.144895436283095,5.298800661703887,,,,,,,,,,,1.4216125461304032,3554304
ldpc,N192_M96,tau_pSA,search,231,360,,,,3.0690842190842766,3.523703852497339,4.37184104250636,snr,0.7295657291270702,0.0,0.18246936359171229,0.6883388539242978,1.0081899669795877,constant,8.515417212245394,0.21454425795903084,best_state,1031,7151,9600,0.047265625000000006,0.4520833333333334,0.45,0.006740972222222222,0.0806,7.011692592974144,5.6089743589743595,,,,,,,,,,,1.4217264479071399,2089289
ldpc,N192_M96,tau_pSA,search,952,361,,,,1.001214409044851,2.037496835833612,2.0931286876460193,snr,0.6149874714217545,0.0,0.06512818518239663,1.4741764563900388,4.94542052391933,piecewise,1.4188434119906244,0.03782162375734527,best_state,217,12267,12800,0.037261284722222225,0.6104166666666667,0.6104166666666667,0.006740972222222222,0.0806,5.527583187390544,7.573407775020678,,,,,,,,,,,1.4224168160834125,7798888
ldpc,N192_M96,tau_pSA,search,463,362,,,,1.0531182033675364,1.3038778555354125,1.336837760792224,snr,0.5637479110924513,0.0,0.024866331442836523,1.7480872452707743,3.115014776489649,linear,1.0861923859549656,0.1086590202479121,best_state,655,11762,12800,0.048925781249999994,0.5458333333333333,0.5458333333333333,0.006740972222222222,0.0806,7.2579710518182745,6.772125723738626,,,,,,,,,,,1.422472208650462,3926497
ldpc,N192_M96,tau_pSA,search,751,363,,,,0.8981290593267373,1.5020017225958815,1.2308077907948984,snr,0.6089947558072575,0.0,0.12525396704162994,1.836106381506276,5.1318560381188725,linear,2.011314639641109,0.46683841760600914,best_state,381,11943,12800,0.041004774305555554,0.6020833333333333,0.6020833333333333,0.006740972222222222,0.0806,6.082916967137118,7.470016542597187,,,,,,,,,,,1.4228956308843472,6207169
ldpc,N192_M96,tau_pSA,search,466,364,,,,1.0776232545633595,1.295272085339729,1.4276291873075462,snr,0.5662608166255142,0.0,0.02136795934097213,1.7946280280791465,3.105607189770709,linear,1.1611365144300787,0.396206009792192,best_state,630,10517,12800,0.05100911458333333,0.5229166666666666,0.5208333333333334,0.006740972222222222,0.0806,7.567026372720717,6.487799834574027,,,,,,,,,,,1.4244289297499697,3950254
ldpc,N192_M96,tau_pSA,search,352,365,,,,2.0127271560811972,2.6986091968888415,2.632513013341523,snr,0.747283632074775,0.0,0.20039340644523487,0.7805901718022894,0.8767626523993688,constant,0.4416648515325457,0.19793159628342263,best_state,1325,8052,9600,0.04523654513888889,0.5083333333333334,0.5083333333333334,0.006740972222222222,0.0806,6.710685587720202,6.30686517783292,,,,,,,,,,,1.4248797783851195,3047488
ldpc,N192_M96,tau_pSA,search,468,366,,,,1.0767618730339898,1.3252864205794703,1.4430141219772472,snr,0.5550220407353011,0.0,0.023666187974483333,1.7754277090629589,2.9764659224189516,linear,1.0667235267049662,0.11288080422191059,best_state,729,10519,12800,0.047732204861111106,0.5395833333333334,0.5395833333333334,0.006740972222222222,0.0806,7.080908107551251,6.694582299421009,,,,,,,,,,,1.426300273233153,3966092
ldpc,N192_M96,tau_pSA,search,245,367,,,,2.713825172615838,3.454105959612476,3.9776983258490555,snr,0.7011421829128835,0.0,0.1649883789499411,0.5655181526106624,0.9073140851564762,constant,7.072263766691018,0.23399505986693545,best_state,1832,7455,9600,0.04714626736111111,0.4791666666666667,0.4791666666666667,0.006740972222222222,0.0806,6.993986298547441,5.944995864350703,,,,,,,,,,,1.426307897849523,2200155
ldpc,N192_M96,tau_pSA,search,376,368,,,,2.3038888597679197,3.1010567761929635,3.4870061375463246,snr,0.7083401082952319,0.0,0.18493685325773634,0.83433214858301,0.896207686152702,constant,0.245117619586235,0.17123972917772978,best_state,1127,8220,9600,0.04358723958333333,0.5083333333333333,0.5083333333333333,0.006740972222222222,0.0806,6.466016792005769,6.306865177832919,,,,,,,,,,,1.4273349781390536,3237544
ldpc,N192_M96,tau_pSA,search,387,369,,,,2.359975711742833,2.720437896211614,3.089346284408643,snr,0.6817431456686353,0.0,0.16017467677554426,0.7504002579674531,0.7976910268475265,constant,0.2573273220006561,0.18595643210718804,best_state,516,8839,9600,0.05067274305555555,0.4583333333333333,0.4583333333333333,0.006740972222222222,0.0806,7.51712681570001,5.686517783291976,,,,,,,,,,,1.4275576617327315,3324653
ldpc,N192_M96,tau_pSA,search,591,370,,,,0.9015415377948033,1.5386796066451887,1.4414380028609137,snr,0.5705474646508731,0.0,0.07464287675259716,2.8001412054192287,2.8569753380567553,cosine,0.9241457311331973,0.4466447968405085,best_state,636,5662,6400,0.03878038194444445,0.6083333333333334,0.6083333333333334,0.006740972222222222,0.0806,5.752936025548574,7.547559966914806,,,,,,,,,,,1.42928758096581,4940129
ldpc,N192_M96,tau_pSA,search,249,371,,,,2.772766732750334,3.5348301092146235,4.193861403323012,snr,0.703907768920826,0.0,0.1664250235250631,0.564142762720557,0.7174929713284386,constant,9.982862598260148,0.2264803945004984,best_state,1809,6996,9600,0.04833984375,0.4916666666666667,0.4916666666666667,0.006740972222222222,0.0806,7.171049242814464,6.100082712985939,,,,,,,,,,,1.4300141679074212,2231831
ldpc,N192_M96,tau_pSA,search,482,372,,,,0.9458908105173354,1.879188598104377,1.5839606688253567,snr,0.6245976407783288,0.0,0.047229307408435214,1.6177293736642595,1.7594763431217266,linear,1.4793688084801206,0.3676666661370617,best_state,765,9746,12800,0.03961588541666667,0.6270833333333333,0.6270833333333333,0.006740972222222222,0.0806,5.876880086535491,7.780190239867658,,,,,,,,,,,1.430919501267438,4076958
ldpc,N192_M96,tau_pSA,search,396,373,,,,2.3623373903004325,2.7725141233607786,3.1394105507045063,snr,0.6867506214837321,0.0,0.15292146950799212,0.7587333179458459,0.8302458520317499,constant,0.24470626806236762,0.1680203735229757,best_state,527,8720,9600,0.04871961805555555,0.44375000000000003,0.44375000000000003,0.006740972222222222,0.0806,7.227387452353971,5.505583126550868,,,,,,,,,,,1.4313591812410944,3395924
ldpc,N192_M96,tau_pSA,search,266,374,,,,2.678671294147184,2.789372953471995,4.135112514318107,snr,0.666736769406074,0.0,0.13515871035845836,0.6016791442084841,0.7893379397993545,constant,6.916057687544256,0.10698592323664086,best_state,2202,8399,19200,0.05525173611111111,0.43333333333333335,0.43333333333333335,0.006740972222222222,0.0806,8.196404656433502,5.376344086021505,,,,,,,,,,,1.4335689393725954,2366454
ldpc,N192_M96,tau_pSA,search,748,375,,,,0.7477435585335916,1.5141017190531714,1.2468577569071724,snr,0.6089578632258239,0.0,0.07817480294228807,1.8300698365087957,5.3536112276029275,linear,1.897077329314669,0.4348874814685698,best_state,372,11906,12800,0.04157986111111111,0.6291666666666668,0.6291666666666668,0.006740972222222222,0.0806,6.168229113011229,7.806038047973533,,,,,,,,,,,1.4350645658602548,6183412
ldpc,N192_M96,tau_pSA,search,485,376,,,,0.9844486918105271,1.877662046283995,1.794325268221478,snr,0.630393289157874,0.0,0.049907461097043596,1.5626788400704397,1.7768991719802636,linear,1.7094714579290575,0.3833472323183171,best_state,775,9782,12800,0.03950737847222222,0.6354166666666666,0.6354166666666666,0.006740972222222222,0.0806,5.860783455238488,7.883581472291149,,,,,,,,,,,1.4372996253331607,4100715
ldpc,N192_M96,tau_pSA,search,375,377,,,,2.200446144281218,3.141278359378356,3.4346741245183505,snr,0.7073198172143157,0.0,0.18542935436144742,0.7980496131061796,0.8965076194333685,constant,0.5367137734457282,0.1617389900207215,best_state,1144,8227,9600,0.04384765625,0.5145833333333333,0.5145833333333333,0.006740972222222222,0.0806,6.504648707118574,6.384408602150536,,,,,,,,,,,1.438321187853235,3229625
ldpc,N192_M96,tau_pSA,search,443,378,,,,1.1763875888239628,1.2652404246730973,2.490016828886191,snr,0.5778737945510696,0.0,0.067116614186548,1.3377319461771082,1.9618867742228583,linear,0.9397653891902344,0.13571413128606535,best_state,555,12216,12800,0.05608723958333333,0.43749999999999994,0.4354166666666666,0.006740972222222222,0.0806,8.320348717420417,5.428039702233249,,,,,,,,,,,1.4405200937002256,3768117
ldpc,N192_M96,tau_pSA,search,524,379,,,,1.1316677386482372,1.9109948321860943,2.2103417919816324,snr,0.5189480843303633,0.0,0.002684999086232717,1.2102007795383292,1.8736228773858425,linear,1.051718347498366,0.37397132572613917,best_state,859,11315,12800,0.042111545138888894,0.5812499999999999,0.5812499999999999,0.006740972222222222,0.0806,6.247102606366541,7.21153846153846,,,,,,,,,,,1.4408434458890478,4409556
ldpc,N192_M96,tau_pSA,search,706,380,,,,1.24637915529168,1.233059784765021,2.217373753179282,snr,0.656004707621276,0.0,0.07794915663838481,1.7312241080970157,1.887253240203081,linear,1.6801682301938647,0.38715328359397255,best_state,248,11993,12800,0.061338975694444436,0.43124999999999997,0.4291666666666667,0.006740972222222222,0.0806,9.099425672195322,5.350496277915632,,,,,,,,,,,1.4426835819692976,5850814
ldpc,N192_M96,tau_pSA,search,393,381,,,,2.396739333534225,2.757887601938195,3.053904804193069,snr,0.6876115192050496,0.0,0.15416491673305877,0.7538665714791846,0.8034861482339072,constant,0.24907860678128776,0.1835782456635836,best_state,509,8356,9600,0.05043402777777777,0.46666666666666673,0.46666666666666673,0.006740972222222222,0.0806,7.481714226846605,5.789909015715468,,,,,,,,,,,1.4432775708730239,3372167
ldpc,N192_M96,tau_pSA,search,334,382,,,,2.4495610274768054,3.2811144206061327,2.893976025757531,snr,0.6670477488945599,0.0,0.1976246029766969,0.6108863883249754,0.9424346484021028,constant,0.3382084709872232,0.2092215733657652,best_state,1325,8145,9600,0.04581163194444445,0.5145833333333334,0.5125000000000001,0.006740972222222222,0.0806,6.795997733594315,6.384408602150538,,,,,,,,,,,1.4437638101786159,2904946
ldpc,N192_M96,tau_pSA,search,606,383,,,,1.0754550167780352,2.063132788054126,1.167583334866706,snr,0.5810780642372463,0.0,0.0014971970045915828,2.2936369088122226,2.346551955590805,linear,1.106553461597576,0.09936294571595004,best_state,667,10506,12800,0.04010416666666667,0.6229166666666667,0.6229166666666667,0.006740972222222222,0.0806,5.949314927372,7.728494623655914,,,,,,,,,,,1.443980037994709,5058914
ldpc,N192_M96,tau_pSA,search,306,384,,,,3.181785236654504,3.8143366309601925,2.6804328649241635,llr,0.7356471895593011,0.0,0.2277286635977092,0.7182951288776943,0.9063157774357911,exponential,0.721939613028784,0.14716919138651324,best_state,1479,7913,9600,0.04615885416666667,0.5166666666666666,0.5145833333333333,0.006740972222222222,0.0806,6.8475069537447215,6.410256410256409,,,,,,,,,,,1.4450827058328957,2683214
ldpc,N192_M96,tau_pSA,search,240,385,,,,3.1527660647301303,3.5028650031122424,4.758065537460431,snr,0.7323895342661373,0.0,0.20763298964200563,0.6392247106705448,0.7918476409124842,constant,8.12518249878362,0.21165771633724156,best_state,1840,7194,9600,0.050629340277777775,0.47291666666666665,0.47291666666666665,0.006740972222222222,0.0806,7.510688163181209,5.867452440033085,,,,,,,,,,,1.4451470513763587,2160560
ldpc,N192_M96,tau_pSA,search,596,386,,,,1.0260955740284685,2.1017419998752347,1.4693477575322391,snr,0.5642364966084175,0.0,0.06878653991665559,2.386642294018332,2.4391049498705355,cosine,0.9136640368666433,0.07639185141507972,best_state,344,6029,6400,0.04059244791666667,0.6541666666666667,0.6541666666666667,0.006740972222222222,0.0806,6.02174976820851,8.116211745244003,,,,,,,,,,,1.4454776082069556,4979724
ldpc,N192_M96,tau_pSA,search,338,387,,,,2.0019427353154122,2.795972201888022,1.956887325366758,snr,0.6738909839879076,0.0,0.24100719635611156,0.7744214734219013,0.8698424866499247,constant,0.567612091318329,0.19290283117895213,best_state,1292,8047,9600,0.04651692708333333,0.5458333333333334,0.5458333333333334,0.006740972222222222,0.0806,6.900625837024828,6.772125723738627,,,,,,,,,,,1.4464957994627397,2936622
ldpc,N192_M96,tau_pSA,search,244,388,,,,2.765718408161036,3.3766686373333714,4.1580096084042335,snr,0.7016167342612487,0.0,0.17798188688290353,0.6037820816415892,0.8941579297322831,constant,9.204515466036934,0.21942165167777847,best_state,1816,6969,9600,0.04896918402777778,0.5020833333333333,0.5,0.006740972222222222,0.0806,7.264409704337076,6.229321753515301,,,,,,,,,,,1.4466000513224424,2192236
ldpc,N192_M96,tau_pSA,search,310,389,,,,3.098028146700122,3.800138653135291,2.5688206109564433,llr,0.7327570280008054,0.0,0.21049626824641446,0.6319384242025446,0.9258270300040796,exponential,0.3480235975781663,0.16527146529147696,best_state,1499,7925,9600,0.047070312499999996,0.4958333333333333,0.4958333333333333,0.006740972222222222,0.0806,6.9827186566395385,6.1517783291976835,,,,,,,,,,,1.4475484971356707,2714890
ldpc,N192_M96,tau_pSA,search,942,390,,,,1.289203010917859,1.7673230182315287,1.5766506945616616,snr,0.6584892471371737,0.0,0.048165340464930415,1.908412175295072,5.228553005808989,linear,1.7878897913267162,0.45797765558143483,majority,799,11727,12800,0.04188368055555555,0.5791666666666667,0.5791666666666667,0.006740972222222222,0.0806,6.213299680642835,7.185690653432589,,,,,,,,,,,1.448073505348413,7719698
ldpc,N192_M96,tau_pSA,search,918,391,,,,0.921311522162282,1.090920396015376,1.5874782722935203,snr,0.5346528138799028,0.0,0.0658875858784114,1.5725483571491679,5.714779012229449,linear,2.930950328168604,0.24842264006168385,best_state,1057,11451,12800,0.04670138888888889,0.5270833333333332,0.5270833333333332,0.006740972222222222,0.0806,6.927990110229731,6.539495450785772,,,,,,,,,,,1.449359758603698,7529642
ldpc,N192_M96,tau_pSA,search,384,392,,,,2.1847426714417453,3.1183323815290787,3.438255054719561,snr,0.7084883355900689,0.0,0.1852151731736637,0.8333673027650552,0.897113359030457,constant,0.5611893236348663,0.7949415825098335,best_state,1153,8227,9600,0.043869357638888884,0.5437500000000001,0.5437500000000001,0.006740972222222222,0.0806,6.507868033377974,6.746277915632755,,,,,,,,,,,1.4496376263606554,3300896
ldpc,N192_M96,tau_pSA,search,695,393,,,,1.2506403542803122,2.033692317948751,1.970653598625089,fixed,0.5539000292803179,0.0,0.048532062877263776,1.4801080368043067,1.8231677325890463,linear,1.0173167733850321,0.41771573007166,best_state,1020,11531,12800,0.043478732638888885,0.6020833333333334,0.6020833333333334,0.006740972222222222,0.0806,6.449920160708767,7.470016542597189,,,,,,,,,,,1.4507961576100235,5763705
ldpc,N192_M96,tau_pSA,search,382,394,,,,2.243945497194367,3.1486354054083874,3.5040650743783326,snr,0.7077402445723929,0.0,0.19079558128291005,0.8063378344119999,0.9003031129804695,constant,0.6096832303468435,0.16555499233597612,best_state,1156,8235,9600,0.044422743055555554,0.5354166666666667,0.5354166666666667,0.006740972222222222,0.0806,6.589960852992686,6.642886683209263,,,,,,,,,,,1.4508720882862334,3285058
ldpc,N192_M96,tau_pSA,search,590,395,,,,0.9309767586653953,1.5998452036024124,1.364475824267054,snr,0.5626743509877492,0.0,0.07941571463742136,2.8268117103285646,2.886478446060775,cosine,1.70879199484887,0.44130301302561314,best_state,140,6226,6400,0.040787760416666666,0.6062500000000001,0.6062500000000001,0.006740972222222222,0.0806,6.050723704543113,7.521712158808933,,,,,,,,,,,1.4508924574141693,4932210
ldpc,N192_M96,tau_pSA,search,779,396,,,,0.783536529925626,1.1322352936597189,1.4417307095763543,snr,0.6229761517517581,0.0,0.1303532901026981,0.1092616168767655,6.33624783868393,linear,2.214796452442012,0.39679935904255975,best_state,447,11953,12800,0.04127604166666667,0.6124999999999999,0.6124999999999999,0.006740972222222222,0.0806,6.123158545379624,7.599255583126549,,,,,,,,,,,1.4513475040034869,6428901
ldpc,N192_M96,tau_pSA,search,236,397,,,,3.1202334623679677,3.546560846874194,4.669036675209941,snr,0.7305693450137848,0.0,0.16142681722500543,0.6497727607058998,0.952767937201609,constant,8.52471388520292,0.21652882898494824,best_state,1385,7176,9600,0.050933159722222225,0.46666666666666673,0.46458333333333335,0.006740972222222222,0.0806,7.5557587308128165,5.789909015715468,,,,,,,,,,,1.4522713049571543,2128884
ldpc,N192_M96,tau_pSA,search,635,398,,,,0.9295923100267339,1.4588239232931117,1.2032051304926747,snr,0.6302019727436189,0.0,0.04195465970961579,1.9900384111546396,2.05980362596354,linear,1.359943952300326,0.4087729015479573,best_state,970,10098,12800,0.046723090277777775,0.5958333333333333,0.5958333333333333,0.006740972222222222,0.0806,6.931209436489131,7.392473118279569,,,,,,,,,,,1.4538995589839974,5288565
ldpc,N192_M96,tau_pSA,search,356,399,,,,2.052439611029107,2.9874806146880646,2.684300151978069,snr,0.5880132498740308,0.0,0.201182695213587,0.7731745502126406,4.20167987180086,constant,0.4542539641181697,0.1975794594788136,best_state,1308,7986,9600,0.04440104166666667,0.5666666666666667,0.5645833333333333,0.006740972222222222,0.0806,6.586741526733285,7.0306038047973525,,,,,,,,,,,1.454169199047083,3079164
ldpc,N192_M96,tau_pSA,search,305,400,,,,3.228063634691492,3.846254784141056,2.4745733193937687,llr,0.7328881235116209,0.0,0.1192508954289016,0.629564476083522,0.889837927404922,exponential,0.7298285060817555,0.14595159792262,best_state,1541,7927,9600,0.047732204861111106,0.5145833333333333,0.5125,0.006740972222222222,0.0806,7.080908107551251,6.384408602150536,,,,,,,,,,,1.4549520942392418,2675295
ldpc,N192_M96,tau_pSA,search,599,401,,,,0.8975082752434956,1.6162837880775724,1.507209057588881,snr,0.535818856235474,0.0,0.07362895702509531,2.0861465715158687,2.157149992238701,cosine,0.8962382614827231,0.46589114178339713,best_state,151,6220,6400,0.04080946180555556,0.6229166666666667,0.6229166666666667,0.006740972222222222,0.0806,6.053943030802515,7.728494623655914,,,,,,,,,,,1.4551972234083757,5003481
ldpc,N192_M96,tau_pSA,search,379,402,,,,2.213202155324814,3.09914599294624,3.49175443692927,snr,0.708090991510254,0.0,0.1921400078923442,0.8329099922649065,0.9001205886861295,constant,0.547148153079725,0.16364292709110484,best_state,1179,8172,9600,0.04608289930555556,0.5291666666666667,0.5270833333333333,0.006740972222222222,0.0806,6.836239311836819,6.565343258891645,,,,,,,,,,,1.4553445574719457,3261301
ldpc,N192_M96,tau_pSA,search,327,403,,,,2.390646200991555,3.253921438180372,3.0006763150919915,snr,0.6698539530054947,0.0,0.20022394288661632,0.6097577981711346,0.769575261138442,constant,0.775965766434818,0.20108479893579273,best_state,1136,8238,9600,0.04682074652777778,0.5166666666666666,0.5166666666666666,0.006740972222222222,0.0806,6.9456964046564345,6.410256410256409,,,,,,,,,,,1.4555050496438908,2849513
ldpc,N192_M96,tau_pSA,search,915,404,,,,0.8714463077021267,1.0545901916631257,1.6016972202436828,snr,0.5355005852975522,0.0,0.0670346697942491,1.5564148471631851,5.732608329725019,linear,3.097524814240854,0.27298454008034606,best_state,933,11564,12800,0.04659288194444444,0.5333333333333333,0.5333333333333333,0.006740972222222222,0.0806,6.911893478932729,6.617038875103391,,,,,,,,,,,1.4563824760109412,7505885
ldpc,N192_M96,tau_pSA,search,252,405,,,,2.7289880439916523,3.5034420094745466,4.186450891343813,snr,0.6957852154773335,0.0,0.1694399609629785,0.5513396562710509,0.836301636450334,constant,7.0022363427451815,0.06450293615718951,best_state,1862,7408,9600,0.05032552083333334,0.5187499999999999,0.5187499999999999,0.006740972222222222,0.0806,7.465617595549604,6.436104218362281,,,,,,,,,,,1.4569660783129943,2255588
ldpc,N192_M96,tau_pSA,search,562,406,,,,1.314593639231681,2.248982459343569,2.0041367262230647,snr,0.6182524740667856,0.0,0.09309686699563965,2.0022465183104656,2.074895624997949,linear,0.9924694978282542,0.360173847540235,best_state,10946,1820,12800,0.03701171875,0.6666666666666666,0.6666666666666666,0.006740972222222222,0.0806,5.490560935407438,8.271298593879239,,,,,,,,,,,1.4571034445826003,4710478
ldpc,N192_M96,tau_pSA,search,771,407,,,,0.9834416781061791,1.1363433122091204,1.465037352811408,snr,0.620035069583339,0.0,0.08117669166666815,2.614398484738243,2.6418634027973162,linear,2.1797167819785184,0.5067481447164626,best_state,589,11825,12800,0.053559027777777775,0.53125,0.53125,0.006740972222222222,0.0806,7.945297208200268,6.591191066997518,,,,,,,,,,,1.4571338952397679,6365549
ldpc,N192_M96,tau_pSA,search,248,408,,,,2.791047855532784,3.4124715264041705,4.1815595592506645,snr,0.6966741869546331,0.0,0.17066482020664306,0.5629408421837648,0.8280502178763851,constant,7.117809955142728,0.06985664188935414,best_state,1866,7016,9600,0.04907769097222223,0.5041666666666667,0.5041666666666667,0.006740972222222222,0.0806,7.28050633563408,6.255169561621174,,,,,,,,,,,1.4582754057069236,2223912
ldpc,N192_M96,tau_pSA,search,833,409,,,,1.373311518882814,1.5937926958629598,1.5387533228225492,snr,0.5797109251332268,0.0,0.05210458516869121,2.1243795593948374,9.33224268550721,linear,2.3801744423746,0.4399869081776576,last,41,12498,12800,0.05313585069444444,0.48750000000000004,0.48750000000000004,0.006740972222222222,0.0806,7.882520346141959,6.048387096774194,,,,,,,,,,,1.4585262582991452,6856527
ldpc,N192_M96,tau_pSA,search,818,410,,,,1.2119439529779927,1.2877676168980379,1.971762654178662,snr,0.6395446436231558,0.0,0.013307972154871846,2.3521565150937263,2.3961350048817223,cosine,1.8264697457597165,0.39347322348565555,best_state,348,12220,12800,0.07403428819444445,0.38333333333333336,0.30416666666666664,0.006740972222222222,0.0806,10.982731533944577,4.755996691480562,,,,,,,,,,,1.4589285895773954,6737742
ldpc,N192_M96,tau_pSA,search,893,411,,,,1.1918454515898314,1.5027621061699268,1.4488870981631325,snr,0.6296834449725734,0.0,0.017627043153859788,2.586854681034055,2.621245676347346,linear,2.22179448333569,0.4325271863924586,best_state,519,11948,12800,0.059733072916666664,0.4916666666666667,0.4479166666666667,0.006740972222222222,0.0806,8.86119552899969,6.100082712985939,,,,,,,,,,,1.4592316427380851,7331667
ldpc,N192_M96,tau_pSA,search,425,412,,,,1.3822532578455782,1.4128719562414664,2.4340761725542728,snr,0.6062839434014834,0.0,0.013148905808833457,1.0956214685058472,2.3839561667708664,linear,0.7330328957192711,0.1847201488131841,best_state,405,9672,12800,0.05831163194444444,0.44999999999999996,0.44999999999999996,0.006740972222222222,0.0806,8.650329659008962,5.583126550868485,,,,,,,,,,,1.4628936086371294,3625575
ldpc,N192_M96,tau_pSA,search,762,413,,,,1.1476469552199347,1.3527274229234798,1.5933559228934233,snr,0.5900138647207984,0.0,0.09943963827279648,2.148021707261277,2.191637743204061,linear,1.7716184839691294,0.4340421953471914,best_state,39,12736,12800,0.053342013888888894,0.5229166666666667,0.5229166666666667,0.006740972222222222,0.0806,7.913103945606265,6.487799834574028,,,,,,,,,,,1.4633090736267336,6294278
ldpc,N192_M96,tau_pSA,search,460,414,,,,1.0955131150663737,1.3347859172428647,1.4719293836746528,snr,0.5675375810987069,0.0,0.049443102440423305,1.7633279149227108,3.141768444586118,linear,1.0921199361809515,0.09862684805380624,best_state,607,10669,12800,0.050618489583333336,0.5375,0.5375,0.006740972222222222,0.0806,7.50907850005151,6.668734491315136,,,,,,,,,,,1.4649770635791144,3902740
ldpc,N192_M96,tau_pSA,search,710,415,,,,1.0428741846165812,1.4047504577726886,1.1508120510886084,snr,0.6239337577642836,0.0,0.10742025269704641,1.8349579578366912,5.548680603560905,linear,1.978452215320458,0.4232340994198825,best_state,67,12403,12800,0.04774305555555555,0.5958333333333333,0.5958333333333333,0.006740972222222222,0.0806,7.082517770680952,7.392473118279569,,,,,,,,,,,1.4668179497242528,5882490
ldpc,N192_M96,tau_pSA,search,895,416,,,,1.0279656446053118,2.3748047125579097,1.455078326552286,snr,0.6273945961946894,0.0,0.016755801638059502,1.4491664094349326,5.846162062316247,linear,1.996993267466685,0.430412013529548,best_state,2,12693,12800,0.040538194444444446,0.65,0.65,0.006740972222222222,0.0806,6.013701452560008,8.064516129032258,,,,,,,,,,,1.467108912751366,7347505
ldpc,N192_M96,tau_pSA,search,251,417,,,,2.8011938448075138,3.620775967080777,3.929716374314108,snr,0.7080418297962962,0.0,0.1564418734080174,0.6001321550809046,0.7280468152653884,constant,7.012941884233791,0.11165534271132,best_state,1801,7540,9600,0.04571397569444444,0.5041666666666667,0.5041666666666667,0.006740972222222222,0.0806,6.7815107654270115,6.255169561621174,,,,,,,,,,,1.4673533873541866,2247669
ldpc,N192_M96,tau_pSA,search,289,418,,,,2.8701684660409215,2.9379494325400257,2.716470065847049,snr,0.7154231453066335,0.0,0.12154125990483312,0.5293568044173232,0.7658732172034591,constant,0.1501705125879796,0.1162891414393984,best_state,1739,7671,9600,0.05504557291666667,0.4479166666666667,0.4479166666666667,0.006740972222222222,0.0806,8.165821056969198,5.557278742762613,,,,,,,,,,,1.4683684565426707,2548591
ldpc,N192_M96,tau_pSA,search,481,419,,,,0.9572836953074398,1.8775901113014095,1.7090769146723361,snr,0.6252953491006389,0.0,0.048958256479583295,1.6324984650032823,1.7498743617599783,linear,1.8051359897771033,0.3157854012829232,best_state,7018,5722,12800,0.04095052083333334,0.6416666666666666,0.6416666666666666,0.006740972222222222,0.0806,6.074868651488617,7.961124896608767,,,,,,,,,,,1.468764562063524,4069039
ldpc,N192_M96,tau_pSA,search,242,420,,,,2.7212443369102086,3.5709790032274875,4.1641596662951335,snr,0.6986418188303732,0.0,0.14223750545839065,0.5671381344868106,0.9288394602470476,constant,6.985203276872211,0.23488245777736685,best_state,1897,7002,9600,0.04745008680555555,0.51875,0.5166666666666667,0.006740972222222222,0.0806,7.039056866179045,6.436104218362283,,,,,,,,,,,1.4704948241157187,2176398
ldpc,N192_M96,tau_pSA,search,329,421,,,,2.382517561546842,3.2936713450525654,3.007211959289809,snr,0.7054760838160957,0.0,0.20587305351725094,0.6069336958368697,0.7593963467362872,constant,0.5233568417948009,0.20451319623625872,best_state,1314,8120,9600,0.04749348958333333,0.5208333333333334,0.5208333333333334,0.006740972222222222,0.0806,7.045495518697847,6.461952026468156,,,,,,,,,,,1.471346947177982,2865351
ldpc,N192_M96,tau_pSA,search,815,422,,,,0.7987665113249125,1.8151516421600276,1.6699406181309926,snr,0.4789564784713934,0.0,0.03431615657421386,0.20765167024407946,5.984346491339805,linear,1.6459864385026326,0.3969937107628284,best_state,604,11833,12800,0.03991970486111111,0.6520833333333333,0.6520833333333333,0.006740972222222222,0.0806,5.921950654167096,8.09036393713813,,,,,,,,,,,1.4721485200774316,6713985
ldpc,N192_M96,tau_pSA,search,355,423,,,,1.9873155980665835,2.7414134861634283,2.5442515052469856,fixed,0.7481477590287041,0.0,0.20722016593214143,0.8022555420684132,0.8702098869390587,constant,0.40665599964282234,0.20178657515579096,best_state,1347,8040,9600,0.04784071180555555,0.5583333333333333,0.5583333333333333,0.006740972222222222,0.0806,7.097004738848253,6.927212572373862,,,,,,,,,,,1.472194629515848,3071245
ldpc,N192_M96,tau_pSA,search,297,424,,,,2.9303463350689642,2.9483264803025744,2.697762115508312,llr,0.715610982492148,0.0,0.182615992120529,0.5311301475532344,0.763455604466869,exponential,0.8830860387512064,0.09302191396868692,best_state,1774,7655,9600,0.05393880208333334,0.45208333333333334,0.44999999999999996,0.006740972222222222,0.0806,8.001635417739777,5.608974358974359,,,,,,,,,,,1.4742789551389581,2611943
ldpc,N192_M96,tau_pSA,search,353,425,,,,2.000422391244236,2.807924638506095,2.7264653291647716,fixed,0.6448638126650555,0.0,0.2079849889927081,0.7685993404760055,0.8775114817083163,constant,0.43777436899324,0.829464196791722,best_state,1333,8032,9600,0.04683159722222222,0.5666666666666668,0.5666666666666668,0.006740972222222222,0.0806,6.947306067786134,7.030603804797354,,,,,,,,,,,1.4757575748725416,3055407
ldpc,N192_M96,tau_pSA,search,250,426,,,,2.889383330236369,3.55344127983561,4.187625559349079,snr,0.7124091876153529,0.0,0.17602250240630746,0.571294508434172,0.9183945240414307,constant,7.1020591743057455,0.1083123367828607,best_state,1840,7448,9600,0.04975043402777778,0.5083333333333334,0.50625,0.006740972222222222,0.0806,7.380305449675493,6.30686517783292,,,,,,,,,,,1.4776531616709627,2239750
ldpc,N192_M96,tau_pSA,search,728,427,,,,0.9377206156082127,1.234028618553153,1.479195361003343,snr,0.6559787286968878,0.0,0.11238653974249865,2.3504845381269694,5.530702291212673,linear,3.026508780825017,0.449722038041654,majority,21,12390,12800,0.04522569444444444,0.6083333333333333,0.6083333333333333,0.006740972222222222,0.0806,6.709075924590501,7.547559966914805,,,,,,,,,,,1.4779150938898793,6025032
ldpc,N192_M96,tau_pSA,search,328,428,,,,2.378488090493976,3.2239828936581136,3.129487117533245,snr,0.6687300198298255,0.0,0.20480618671086123,0.6079474826817084,0.7535132943714237,constant,0.7159310600840328,0.08719060393552133,best_state,1172,8271,9600,0.048144531250000004,0.5458333333333333,0.5458333333333333,0.006740972222222222,0.0806,7.14207530647986,6.772125723738626,,,,,,,,,,,1.4791685814478732,2857432
ldpc,N192_M96,tau_pSA,search,966,429,,,,1.1893095109585612,1.259058115993759,1.644080202412724,snr,0.551062796242907,0.0,0.021260654633967025,1.7285057955369152,11.58314992430922,linear,3.2153519516129667,0.36837284169780293,best_state,406,11170,12800,0.05557725694444444,0.5458333333333333,0.54375,0.006740972222222222,0.0806,8.244694550324507,6.772125723738626,,,,,,,,,,,1.482490486304532,7909754
ldpc,N192_M96,tau_pSA,search,486,430,,,,0.9913661678995577,1.7971318478267189,1.5564045180730033,snr,0.6228496999838938,0.0,0.05554495841352877,1.6538873665760634,1.8731790107308826,linear,1.6919708419459678,0.37756108248024345,best_state,726,9610,12800,0.04218750000000001,0.6333333333333333,0.6333333333333333,0.006740972222222222,0.0806,6.258370248274443,7.857733664185276,,,,,,,,,,,1.4831414575053388,4108634
ldpc,N192_M96,tau_pSA,search,442,431,,,,1.022277305020729,2.040995083702333,2.2856852956067466,snr,0.5971453726407723,0.0,0.06476532979007349,1.2043635916438353,1.9965065275567178,linear,1.3231732595572216,0.12637355034358833,best_state,516,9801,12800,0.040266927083333334,0.6708333333333333,0.6708333333333333,0.006740972222222222,0.0806,5.973459874317503,8.322994210090982,,,,,,,,,,,1.4838765633957367,3760198
ldpc,N192_M96,tau_pSA,search,246,432,,,,2.8410188658064284,3.4998247020386417,4.08161623739095,snr,0.704998138259637,0.0,0.1658085787692359,0.5688028584564969,0.7087690753672893,constant,9.36984871705477,0.23541263058587672,best_state,1864,7002,9600,0.05057508680555556,0.5083333333333333,0.5083333333333333,0.006740972222222222,0.0806,7.502639847532709,6.306865177832919,,,,,,,,,,,1.4839822082386915,2208074
ldpc,N192_M96,tau_pSA,search,709,433,,,,1.1018034062200022,1.4492908896002623,1.1167854525085408,snr,0.6217778116699533,0.0,0.11290757269453347,1.9068602897002085,5.16531810394328,linear,2.117366818172388,0.42817441343600904,best_state,16,12280,12800,0.048784722222222215,0.6208333333333333,0.6208333333333333,0.006740972222222222,0.0806,7.237045431132172,7.702646815550041,,,,,,,,,,,1.4866201381677535,5874571
ldpc,N192_M96,tau_pSA,search,812,434,,,,0.8518899909592155,1.7879548511598475,1.6562355030106544,snr,0.6044923274640811,0.0,0.0333880837219772,1.9543381928835957,2.0412585665786813,linear,3.0808562586540167,0.42574866306213366,best_state,644,11881,12800,0.03936631944444444,0.6770833333333334,0.6770833333333334,0.006740972222222222,0.0806,5.839857834552385,8.400537634408602,,,,,,,,,,,1.48666915167367,6690228
ldpc,N192_M96,tau_pSA,search,809,435,,,,0.8328777580941967,1.801012704453813,1.6642676870355533,snr,0.6096792407783092,0.0,0.03125615794876587,1.9155077959736106,2.023321730493083,linear,1.5905636828194964,0.4279352497387545,best_state,662,11757,12800,0.04129774305555556,0.6916666666666665,0.6916666666666665,0.006740972222222222,0.0806,6.126377871639024,8.581472291149709,,,,,,,,,,,1.487023513527459,6666471
ldpc,N192_M96,tau_pSA,search,381,436,,,,2.168579640417075,3.1006486486342473,3.269778634580928,snr,0.7101294645689246,0.0,0.1856743483962803,0.8373889653171953,0.905148570363818,constant,0.5491624072227477,0.8053007768441706,best_state,1175,8194,9600,0.04676649305555555,0.5520833333333334,0.5520833333333334,0.006740972222222222,0.0806,6.937648089007932,6.849669148056245,,,,,,,,,,,1.4886654995226325,3277139
ldpc,N192_M96,tau_pSA,search,628,437,,,,0.7617267290900246,1.4474079729946945,1.4073116922892277,snr,0.624246701420005,0.0,0.00017380092136532257,1.9520468725809865,2.0466361773922266,linear,1.3529998789517632,0.40395576878588974,best_state,1029,11295,12800,0.04178602430555556,0.6479166666666667,0.6479166666666667,0.006740972222222222,0.0806,6.198812712475534,8.038668320926385,,,,,,,,,,,1.4894378988388803,5233132
ldpc,N192_M96,tau_pSA,search,820,438,,,,1.1880076480394417,1.2839394340376955,2.0237188274251396,snr,0.6333052357443683,0.0,0.012735415128361549,2.386407342408183,2.436838805400782,cosine,1.9273714620599887,0.39053675520962944,best_state,307,12166,12800,0.08019748263888889,0.38958333333333334,0.29583333333333334,0.006740972222222222,0.0806,11.897020191614299,4.83354011579818,,,,,,,,,,,1.4900423391226345,6753580
ldpc,N192_M96,tau_pSA,search,206,439,,,,4.427861889456579,4.748410533164827,5.877819412977556,snr,0.7838684317209501,0.0,0.27318703369274494,1.132536285389489,1.216701229400117,constant,6.618468952957761,0.30790679200078525,majority,2839,6668,9600,0.04621310763888889,0.5625,0.5625,0.006740972222222222,0.0806,6.855555269393221,6.978908188585607,,,,,,,,,,,1.492333338764505,1891314
ldpc,N192_M96,tau_pSA,search,550,440,,,,1.6741447398257516,1.7297778921335614,1.676198381036707,snr,0.5859695366317778,0.0,0.0407409758532928,1.4398676266701604,3.832618599104631,linear,1.997104698778262,0.30394714672985856,majority,10384,2379,12800,0.05213758680555555,0.55,0.55,0.006740972222222222,0.0806,7.734431338209539,6.823821339950372,,,,,,,,,,,1.4926255372605985,4615450
ldpc,N192_M96,tau_pSA,search,632,441,,,,0.7874483656263311,1.4001911342734246,1.2811162953171298,snr,0.6271837823601086,0.0,0.0073884897598459065,2.0083162389699645,2.082415734596083,linear,1.3333741434736135,0.3903517167479439,best_state,927,9688,12800,0.04403211805555556,0.6437499999999999,0.6437499999999999,0.006740972222222222,0.0806,6.532012980323479,7.986972704714639,,,,,,,,,,,1.4938225196869146,5264808
ldpc,N192_M96,tau_pSA,search,350,442,,,,2.089140547050306,3.058494853280211,2.582653637082675,fixed,0.647201154137223,0.0,0.2073400472629286,0.7973676686283983,0.8718352312285272,constant,0.40030422182135017,0.21998752161151403,best_state,1330,8086,9600,0.04840494791666666,0.6,0.6,0.006740972222222222,0.0806,7.180707221592665,7.444168734491314,,,,,,,,,,,1.4973454334239644,3031650
ldpc,N192_M96,tau_pSA,search,735,443,,,,0.673221946535921,1.0472295240415677,1.7665365755568636,snr,0.6369420223463069,0.0,0.09607197166246167,0.04938735255940351,6.674568036194237,linear,2.3323947303559334,0.4118790262070931,best_state,145,6232,6400,0.04314236111111111,0.6145833333333334,0.6145833333333334,0.006740972222222222,0.0806,6.40002060368806,7.6251033912324235,,,,,,,,,,,1.497935273910058,6080465
ldpc,N192_M96,tau_pSA,search,605,444,,,,1.2343868789209163,2.1329883222388637,2.0686481822928857,snr,0.08637593908398755,0.0,0.0382126191353874,2.1811816144878913,2.2359476179876534,linear,1.1280904322729979,0.2786976379043225,best_state,649,10488,12800,0.042013888888888885,0.6604166666666667,0.6604166666666667,0.006740972222222222,0.0806,6.2326156381992375,8.193755169561621,,,,,,,,,,,1.4984480294263873,5050995
ldpc,N192_M96,tau_pSA,search,911,445,,,,1.0230287167507466,1.5437826958649787,2.071911972654303,snr,0.5711972492116177,0.0,0.044186962302256466,1.7710859984273963,5.518397500357507,linear,2.7281248650651806,0.4107239286689973,best_state,616,76,12800,0.04619140624999999,0.5833333333333334,0.5833333333333334,0.006740972222222222,0.0806,6.85233594313382,7.237386269644334,,,,,,,,,,,1.498668258840264,7474209
ldpc,N192_M96,tau_pSA,search,265,446,,,,2.720296114942009,2.826269454884801,4.1943938286786535,snr,0.6546759449128364,0.0,0.13445888751362028,0.6002601220052683,0.7783898434895964,constant,6.873151052382258,0.038389251420453144,best_state,2119,8494,19200,0.057910156250000004,0.4791666666666667,0.4791666666666667,0.006740972222222222,0.0806,8.590772123210055,5.944995864350703,,,,,,,,,,,1.4999301637769238,2358535
ldpc,N192_M96,tau_pSA,search,270,447,,,,2.7230460773341534,2.799673860833913,4.1844822713448995,snr,0.652242212722324,0.0,0.1317418350945933,0.6031133605659073,0.7811022512953931,constant,6.998281397799992,0.04466782793453359,best_state,2222,8522,19200,0.05539279513888889,0.4708333333333334,0.4708333333333334,0.006740972222222222,0.0806,8.217330277119604,5.841604631927213,,,,,,,,,,,1.4999997068354025,2398130
ldpc,N192_M96,tau_pSA,search,294,448,,,,2.9066704016210703,2.9643793841424437,4.231694875303941,llr,0.7181865416111394,0.0,0.18126080741191966,0.5380594365355719,0.6646872404281062,exponential,0.821369657075161,0.1155060840180047,best_state,1764,7613,9600,0.05796440972222222,0.48124999999999996,0.47291666666666665,0.006740972222222222,0.0806,8.598820438858557,5.970843672456574,,,,,,,,,,,1.5000421343837749,2588186
ldpc,N192_M96,tau_pSA,search,360,449,,,,2.0170508185696243,2.8119799593723322,2.7497908009684653,fixed,0.6469160084616927,0.0,0.2030123487136582,0.8046537156258174,0.8648686995119225,constant,0.3967814621560515,0.8640285622709111,best_state,1326,8046,9600,0.04806857638888889,0.59375,0.59375,0.006740972222222222,0.0806,7.130807664571958,7.3666253101736965,,,,,,,,,,,1.503312372321028,3110840
ldpc,N192_M96,tau_pSA,search,469,450,,,,0.6371051232236856,0.9716358976615596,1.981060975096502,snr,0.5851616080945666,0.0,0.0009626547693302127,1.2126936020067216,2.5940220138566388,linear,1.3318715205919938,0.3474814730774811,best_state,288,10259,12800,0.04860026041666667,0.575,0.575,0.006740972222222222,0.0806,7.20968115792727,7.133995037220843,,,,,,,,,,,1.5036397843302902,3974011
ldpc,N192_M96,tau_pSA,search,410,451,,,,1.8229056330968751,1.7632588301116647,3.1594737880045467,snr,0.6231373522067009,0.0,0.03927527777553248,0.9660069429137568,2.2607434978368635,linear,0.7969743928638892,0.1551918509787066,best_state,136,9147,12800,0.06317274305555555,0.4375,0.43124999999999997,0.006740972222222222,0.0806,9.371458741114658,5.42803970223325,,,,,,,,,,,1.504802862578229,3506790
ldpc,N192_M96,tau_pSA,search,810,452,,,,0.8399158535863275,1.7993202567976017,1.6265427946610156,snr,0.6106646922295105,0.0,0.032297611847796975,1.9187457745310523,1.9851473413071554,linear,3.1630892057075677,0.4256317805939416,best_state,1,12550,12800,0.04142795138888889,0.6875,0.6875,0.006740972222222222,0.0806,6.145693829195427,8.529776674937965,,,,,,,,,,,1.5057705887612023,6674390
ldpc,N192_M96,tau_pSA,search,854,453,,,,0.7377958759674242,1.4184029802928022,1.7142463221500837,snr,0.5928725643021231,0.0,0.029286587435088274,1.861458270353422,1.946293113978647,linear,2.0974840058364874,0.37522617875336156,best_state,421,12056,12800,0.042035590277777785,0.6708333333333334,0.6708333333333334,0.006740972222222222,0.0806,6.23583496445864,8.322994210090984,,,,,,,,,,,1.50744077767559,7022826
ldpc,N192_M96,tau_pSA,search,243,454,,,,2.7552401299390006,3.5347243175081133,4.844717454710718,snr,0.7005895545708519,0.0,0.16066366333883678,0.5659850765820403,0.7163199768841374,constant,6.996004455804106,0.2332953653964002,best_state,1699,7491,9600,0.05238715277777778,0.5270833333333332,0.5270833333333332,0.006740972222222222,0.0806,7.771453590192645,6.539495450785772,,,,,,,,,,,1.5075007299734982,2184317
ldpc,N192_M96,tau_pSA,search,913,455,,,,0.8721997840992983,0.9721529871280571,1.801868185243923,snr,0.5871599018694676,0.0,0.07718439429633799,1.5835622200160895,5.1989363412451635,linear,3.2235512842096656,0.38327288550562455,best_state,1008,11466,12800,0.059939236111111106,0.5229166666666667,0.5229166666666667,0.006740972222222222,0.0806,8.891779128463995,6.487799834574028,,,,,,,,,,,1.5088811714537742,7490047
ldpc,N192_M96,tau_pSA,search,998,456,,,,1.3066099166171625,1.892631495174247,1.4620349947017712,snr,0.6658869117559166,0.0,0.08775048181722353,1.952377279092911,5.399284420489433,linear,0.6965071818296436,0.3315262863829276,last,249,11264,12800,0.05375434027777778,0.5208333333333334,0.5208333333333334,0.006740972222222222,0.0806,7.974271144534872,6.461952026468156,,,,,,,,,,,1.5123732526390186,8163162
ldpc,N192_M96,tau_pSA,search,241,457,,,,2.351539411868183,3.464618642436526,4.064241261223899,snr,0.7102655674750955,0.0,0.16401208026075026,0.5575697321352735,0.8381361498865606,constant,7.175790787802617,0.09003180563188512,best_state,1765,7491,9600,0.04926215277777778,0.5666666666666668,0.5666666666666668,0.006740972222222222,0.0806,7.307870608838983,7.030603804797354,,,,,,,,,,,1.5124013003413033,2168479
ldpc,N192_M96,tau_pSA,search,669,458,,,,0.9974824719822959,1.8576531504077418,1.3976771254619806,snr,0.2630285964100927,0.0,0.01832690097899599,2.1427333889531135,2.2059936601849204,linear,0.8222538964769129,0.3860408840501578,best_state,1191,11130,12800,0.04383680555555555,0.6770833333333334,0.6770833333333334,0.006740972222222222,0.0806,6.503039043988874,8.400537634408602,,,,,,,,,,,1.5139816045562455,5557811
ldpc,N192_M96,tau_pSA,search,814,459,,,,0.8291173426798856,1.7961136876600954,1.7035832859565423,snr,0.6055571689222933,0.0,0.01926404721788962,1.961001963391711,2.0338939859755327,linear,1.700831044889551,0.4215190768227594,best_state,666,11742,12800,0.04243706597222222,0.6958333333333334,0.6958333333333334,0.006740972222222222,0.0806,6.295392500257546,8.633167907361456,,,,,,,,,,,1.5156175661795366,6706066
ldpc,N192_M96,tau_pSA,search,291,460,,,,2.8301563471866036,2.958710485340117,4.2362350737689525,llr,0.7137158689611568,0.0,0.17583556957605997,0.6100980964601032,0.7738927688048517,constant,7.628324678763636,0.11368815429935919,best_state,1775,7635,9600,0.058572048611111115,0.49166666666666664,0.4895833333333333,0.006740972222222222,0.0806,8.688961574121768,6.100082712985938,,,,,,,,,,,1.5172230100591904,2564429
ldpc,N192_M96,tau_pSA,search,409,461,,,,1.8535827296615328,1.7565114022374568,3.1657076701438833,snr,0.6225991087735003,0.0,0.040522869410196435,0.9482110860803559,2.254042545557547,linear,0.82235855583296,0.1568270642824533,best_state,123,9240,12800,0.07045355902777778,0.4437499999999999,0.4395833333333334,0.006740972222222222,0.0806,10.451542701143506,5.505583126550867,,,,,,,,,,,1.5175792967992925,3498871
ldpc,N192_M96,tau_pSA,search,662,462,,,,0.8931595379629921,1.8954394240060313,1.3523338643041685,snr,0.6361707817435471,0.0,0.023118137775239526,2.147885674465579,2.2097655528861058,linear,0.9793834502177904,0.3434365478199765,best_state,549,9965,12800,0.04177517361111111,0.7062499999999999,0.7062499999999999,0.006740972222222222,0.0806,6.197203049345833,8.762406947890817,,,,,,,,,,,1.5176011922701789,5502378
ldpc,N192_M96,tau_pSA,search,819,463,,,,1.1861823048334168,1.2808269963059495,2.037025473047923,snr,0.6390236797163027,0.0,0.016261424240226197,2.4050307642291036,2.4491071539612173,cosine,1.961122701096115,0.38895682710534896,best_state,278,12180,12800,0.07068142361111111,0.4020833333333333,0.3333333333333333,0.006740972222222222,0.0806,10.48534562686721,4.988626964433415,,,,,,,,,,,1.5201115580481301,6745661
ldpc,N192_M96,tau_pSA,search,276,464,,,,2.725740753992933,2.7992664077580116,4.185259900984839,snr,0.666807883284192,0.0,0.1297117059595806,0.5910768465134104,0.6541079230899597,constant,6.925477266464978,0.10484098564279197,best_state,1780,7460,9600,0.05951605902777777,0.48958333333333326,0.48958333333333326,0.006740972222222222,0.0806,8.829002266405686,6.074234904880065,,,,,,,,,,,1.52060737995118,2445644
ldpc,N192_M96,tau_pSA,search,343,465,,,,2.0067260740769335,2.7306347475082435,1.923872940330376,snr,0.6748175478297517,0.0,0.24918802219271147,0.6577078032791817,0.9439376940958674,constant,0.524702398042329,0.18052107041687737,best_state,1081,8362,9600,0.05049913194444444,0.5979166666666668,0.5979166666666668,0.006740972222222222,0.0806,7.491372205624807,7.4183209263854435,,,,,,,,,,,1.5253779174639963,2976217
ldpc,N192_M96,tau_pSA,search,260,466,,,,2.1820566339473624,3.367382948085874,3.5896863509984387,snr,0.6964601986793202,0.0,0.163354305068426,0.5635317549713187,0.7319493651641242,constant,7.079755361343125,0.06690317429810033,best_state,1834,7543,9600,0.047732204861111106,0.5979166666666667,0.5979166666666667,0.006740972222222222,0.0806,7.080908107551251,7.418320926385442,,,,,,,,,,,1.525727724894733,2318940
ldpc,N192_M96,tau_pSA,search,722,467,,,,0.895299088663072,1.2151109117416485,1.5372621376726128,snr,0.6550118923605364,0.0,0.11677761214395446,2.3502692764719297,5.075870288945429,linear,2.97132331298109,0.45002635972426686,majority,1,12530,12800,0.046223958333333336,0.65,0.65,0.006740972222222222,0.0806,6.857164932522922,8.064516129032258,,,,,,,,,,,1.5277567891923785,5977518
ldpc,N192_M96,tau_pSA,search,307,468,,,,3.126383804624032,3.0163491114827834,2.683088350567576,llr,0.7297949909910121,0.0,0.21786267946962867,0.6264459292005679,0.9150846101881611,exponential,8.997024612844381,0.16265526594359347,best_state,1471,7860,9600,0.06133897569444444,0.49583333333333335,0.4937500000000001,0.006740972222222222,0.0806,9.099425672195324,6.1517783291976835,,,,,,,,,,,1.5285071380961621,2691133
ldpc,N192_M96,tau_pSA,search,347,469,,,,1.9982905000394695,3.616539514043851,2.8315459015359608,snr,0.7290001631621512,0.0,0.1145732987458139,0.7821636639531074,0.8633005640501612,constant,0.5727392236732489,0.17869332910560148,best_state,1161,8282,9600,0.04408637152777778,0.6479166666666667,0.6479166666666667,0.006740972222222222,0.0806,6.540061295971979,8.038668320926385,,,,,,,,,,,1.5285274869570853,3007893
ldpc,N192_M96,tau_pSA,search,419,470,,,,1.8288655386929982,1.760095071901693,3.048537579885675,snr,0.6230649431063364,0.0,0.03810686139415768,0.9680483824555496,2.2676393876633494,linear,0.7546715610517394,0.18501035237464472,best_state,212,9282,12800,0.06725260416666666,0.44791666666666674,0.44375000000000003,0.006740972222222222,0.0806,9.97669207788194,5.557278742762614,,,,,,,,,,,1.5287417388581577,3578061
ldpc,N192_M96,tau_pSA,search,316,471,,,,2.851675188744226,3.873743232359045,2.426324401668016,llr,0.23264108229896152,0.0,0.07130268750101688,0.6839649764063626,0.8187805505607925,exponential,0.18580667328593473,0.14124548391408479,best_state,2162,7305,9600,0.05090060763888888,0.6020833333333333,0.6020833333333333,0.006740972222222222,0.0806,7.5509297414237135,7.470016542597187,,,,,,,,,,,1.5288110209108408,2762404
ldpc,N192_M96,tau_pSA,search,963,472,,,,1.2096176005381123,1.3247872467492046,1.5799930765618597,snr,0.5509493639904857,0.0,0.029962467049250145,1.729394710505525,5.432882451443489,linear,2.3073757315265806,0.4804367414765309,best_state,10074,2719,12800,0.05594618055555556,0.5395833333333333,0.5395833333333333,0.006740972222222222,0.0806,8.299423096734316,6.6945822994210085,,,,,,,,,,,1.5317518651250568,7885997
ldpc,N192_M96,tau_pSA,search,301,473,,,,3.2660653684980234,3.716472021574282,2.8862711239923025,llr,0.7343540503609176,0.0,0.22765923144065925,0.3931935088644345,0.90553849539737,exponential,0.05340757266201527,0.15305891979615635,best_state,1476,7966,9600,0.053700086805555554,0.525,0.5229166666666666,0.006740972222222222,0.0806,7.96622282888637,6.513647642679901,,,,,,,,,,,1.5329461976192935,2643619
ldpc,N192_M96,tau_pSA,search,361,474,,,,2.2795562940816385,2.571819135193732,2.177859194127994,snr,0.7407661771138836,0.0,0.24006267144330443,0.6736052789571606,0.9284219259066937,constant,0.30152517446596466,0.8395271599090661,best_state,899,8479,9600,0.05953776041666666,0.5229166666666666,0.5229166666666666,0.006740972222222222,0.0806,8.832221592665087,6.487799834574027,,,,,,,,,,,1.533195048261113,3118759
ldpc,N192_M96,tau_pSA,search,330,475,,,,2.416565438251156,3.3229710325744013,3.8047290494869914,snr,0.6673749468124591,0.0,0.20299608799632016,0.6071880605240237,0.7515357962213031,constant,0.718554467876638,0.21778762902879142,best_state,1877,7481,9600,0.051953124999999996,0.5708333333333333,0.5708333333333333,0.006740972222222222,0.0806,7.707067065004636,7.082299421009098,,,,,,,,,,,1.5343921877677666,2873270
ldpc,N192_M96,tau_pSA,search,721,476,,,,0.8222788904039644,1.1726113555117308,1.5502231331750767,snr,0.6476304996783278,0.0,0.11708306363981466,2.336475773999255,5.747681360103225,linear,2.8751720793344746,0.4481901249248173,majority,160,12447,12800,0.04514973958333333,0.6541666666666667,0.6541666666666667,0.006740972222222222,0.0806,6.697808282682599,8.116211745244003,,,,,,,,,,,1.5379662003380616,5969599
ldpc,N192_M96,tau_pSA,search,296,477,,,,2.8639762377284947,2.8592983638467686,4.271285099098459,snr,0.7162188569874282,0.0,0.18023955284077914,0.5372122052941656,0.6588308529653476,exponential,7.632340924714123,0.10027912865373872,best_state,1740,7690,9600,0.062207031249999996,0.4875,0.48541666666666666,0.006740972222222222,0.0806,9.22819872257134,6.048387096774193,,,,,,,,,,,1.5386557570727764,2604024
ldpc,N192_M96,tau_pSA,search,261,478,,,,2.2535375541754266,3.4601015179153,3.846288287006003,snr,0.6972113429783897,0.0,0.15809010176239552,0.5646838280439371,0.6974583493514779,constant,6.916915697049989,0.08057038368276813,best_state,1999,8344,19200,0.047829861111111115,0.5958333333333333,0.5958333333333333,0.006740972222222222,0.0806,7.095395075718554,7.392473118279569,,,,,,,,,,,1.5390869335403587,2326859
ldpc,N192_M96,tau_pSA,search,313,479,,,,2.8612148603523746,3.9034254414047633,2.394674833893112,llr,0.690218682157954,0.0,0.14169946211796225,0.7266469348032996,0.8400969173442858,exponential,0.17126144746568348,0.13940560285783526,best_state,2164,7315,9600,0.050629340277777775,0.5854166666666667,0.5854166666666667,0.006740972222222222,0.0806,7.510688163181209,7.263234077750207,,,,,,,,,,,1.540287614557456,2738647
ldpc,N192_M96,tau_pSA,search,258,480,,,,2.175760984794951,3.488247863083493,3.885841638537698,snr,0.702349951573966,0.0,0.1627680787786769,0.5604269708667214,0.7061970270699255,constant,6.965682132185312,0.09098021800468911,best_state,1962,8163,19200,0.048535156249999996,0.6145833333333334,0.6124999999999999,0.006740972222222222,0.0806,7.200023179149067,7.6251033912324235,,,,,,,,,,,1.54066958420826,2303102
ldpc,N192_M96,tau_pSA,search,349,481,,,,1.970377748366547,2.770619739712051,2.5674757668691046,fixed,0.6458117076719881,0.0,0.20970932048118265,0.7757352949947423,4.407479993618688,constant,0.6259316367507287,0.20492229587027894,best_state,1313,8073,9600,0.05073784722222222,0.6125,0.6125,0.006740972222222222,0.0806,7.526784794478212,7.599255583126551,,,,,,,,,,,1.540974656774806,3023731
ldpc,N192_M96,tau_pSA,search,302,482,,,,3.2020733666970296,3.804573054458708,2.771366334717155,llr,0.7367547608263975,0.0,0.2231267015796751,0.7258897827457734,0.8945219176849839,constant,0.8681448384917334,0.16464807742285953,best_state,1508,7932,9600,0.053211805555555554,0.5416666666666666,0.5416666666666666,0.006740972222222222,0.0806,7.893787988049861,6.720430107526881,,,,,,,,,,,1.5463796390844395,2651538
ldpc,N192_M96,tau_pSA,search,731,483,,,,0.9283305139873971,1.2450124092353139,1.5118843999913092,snr,0.6564760521891952,0.0,0.12641691482569062,2.3815319544359363,5.397078921725453,linear,2.757988525773348,0.4503815450914997,majority,9,12406,12800,0.04563802083333334,0.6395833333333333,0.6395833333333333,0.006740972222222222,0.0806,6.770243123519111,7.935277088502894,,,,,,,,,,,1.5480452908641822,6048789
ldpc,N192_M96,tau_pSA,search,273,484,,,,2.7177821495799286,2.7680956098407217,4.169815994372471,snr,0.658139992657278,0.0,0.1321652153556598,0.5986538011048751,0.8140150482408024,constant,6.847292428278496,0.10208519701135957,best_state,2204,8330,19200,0.0615234375,0.48125,0.48125,0.006740972222222222,0.0806,9.126789945400226,5.970843672456575,,,,,,,,,,,1.5491232849973944,2421887
ldpc,N192_M96,tau_pSA,search,711,485,,,,1.0824641973380387,1.423373750423944,1.1014940186023685,snr,0.6260174031867399,0.0,0.11062221685634524,1.9682269817939837,5.042034699110782,linear,2.0095242187046223,0.4208327253095298,best_state,8,12699,12800,0.053417968749999996,0.6437499999999999,0.6437499999999999,0.006740972222222222,0.0806,7.924371587514164,7.986972704714639,,,,,,,,,,,1.5509136954279101,5890409
ldpc,N192_M96,tau_pSA,search,217,486,,,,3.914414063299478,5.000884100136268,6.942088116698427,snr,0.7499758278461123,0.0,0.006354537696570295,0.6702265142508456,1.0498313106906498,constant,8.354821542424588,0.2477818530102037,best_state,1804,7024,9600,0.05246310763888889,0.5666666666666667,0.5666666666666667,0.006740972222222222,0.0806,7.782721232100546,7.0306038047973525,,,,,,,,,,,1.5512822098428454,1978423
ldpc,N192_M96,tau_pSA,search,287,487,,,,2.6209198096533757,2.4759259524422363,3.530215172594985,snr,0.6799830793230308,0.0,0.09541007968600046,0.4822024713014293,0.8588152984992097,cosine,5.64502158791351,0.051178754088055126,best_state,746,9412,19200,0.06697048611111112,0.4666666666666666,0.4625000000000001,0.006740972222222222,0.0806,9.934840836509736,5.789909015715466,,,,,,,,,,,1.5515458039497183,2532753
ldpc,N192_M96,tau_pSA,search,962,488,,,,1.1821168005074918,1.2692439329692944,1.5888266217434974,snr,0.5905970589664277,0.0,0.022306292336927346,1.6996054365891036,5.581544955714758,linear,2.3201311191081375,0.36500879143867876,best_state,15,12619,12800,0.06713324652777777,0.5229166666666667,0.5104166666666666,0.006740972222222222,0.0806,9.958985783455239,6.487799834574028,,,,,,,,,,,1.5517050827528496,7878078
ldpc,N192_M96,tau_pSA,search,938,489,,,,1.2920713797310233,1.7472327469861404,2.5445392478079203,snr,0.329659208993421,0.0,0.04475798268448794,1.897086920482172,5.28157166078175,linear,1.7424907097770381,0.45577785161085554,majority,669,11839,12800,0.04717881944444444,0.63125,0.63125,0.006740972222222222,0.0806,6.998815287936541,7.831885856079404,,,,,,,,,,,1.5530221444794006,7688022
ldpc,N192_M96,tau_pSA,search,777,490,,,,0.9884942654107087,1.1411714599583929,1.4424836297410997,snr,0.62380895775332,0.0,0.12781449476186527,2.5255261693120006,2.5562645171617504,linear,2.242093947510078,0.4046516798904562,best_state,515,11865,12800,0.062489149305555554,0.5479166666666667,0.5479166666666667,0.006740972222222222,0.0806,9.270049963943546,6.7979735318445,,,,,,,,,,,1.5538705836941884,6413063
ldpc,N192_M96,tau_pSA,search,220,491,,,,3.886474576275952,4.996680023182981,4.425181693164901,snr,0.7504605070098844,0.0,0.3812843388145315,0.915685826406925,1.0674127998360894,constant,9.874234355265683,0.24545892443783174,best_state,2614,6836,9600,0.046310763888888884,0.65625,0.65625,0.006740972222222222,0.0806,6.870042237560523,8.142059553349876,,,,,,,,,,,1.5542233599757116,2002180
ldpc,N192_M96,tau_pSA,search,253,492,,,,2.1132794835492508,3.278092772183487,3.7775942972736183,snr,0.6971804910903372,0.0,0.15773657498892812,0.5635124113460942,0.7440194273336042,constant,6.9670626067541415,0.06980730638282771,best_state,1885,7497,9600,0.048665364583333336,0.6229166666666667,0.6229166666666667,0.006740972222222222,0.0806,7.219339136705471,7.728494623655914,,,,,,,,,,,1.554901213224193,2263507
ldpc,N192_M96,tau_pSA,search,666,493,,,,0.9890495052669653,1.924123314668246,1.0964799169679191,snr,0.6360134394120451,0.0,0.02189623305577014,1.6278434385621199,1.7773673678813044,linear,0.8249690596004713,0.34215244024139496,best_state,1241,11237,12800,0.04698350694444445,0.7125,0.7125,0.006740972222222222,0.0806,6.9698413516019375,8.839950372208436,,,,,,,,,,,1.5557856691136176,5534054
ldpc,N192_M96,tau_pSA,search,344,494,,,,2.316772464790319,2.777755452413341,1.9165267477545205,snr,0.7276549878006248,0.0,0.24494821855661972,0.6597623312928301,0.9481622435259669,constant,0.559482466951267,0.18261377867610423,best_state,1052,8278,9600,0.056618923611111115,0.5354166666666667,0.5354166666666667,0.006740972222222222,0.0806,8.39922221077573,6.642886683209263,,,,,,,,,,,1.5562980044253445,2984136
ldpc,N192_M96,tau_pSA,search,856,495,,,,0.727531396054753,1.4359528949185336,1.6224905014100135,snr,0.5970849474636495,0.0,0.03636668234078885,1.8620521539162713,1.9449638700384269,linear,1.1533163172406105,0.38544034568353913,best_state,386,12104,12800,0.04498697916666666,0.6875,0.6875,0.006740972222222222,0.0806,6.673663335737096,8.529776674937965,,,,,,,,,,,1.5566726946489597,7038664
ldpc,N192_M96,tau_pSA,search,304,496,,,,3.2102883560549382,3.133488397818204,2.529568421792393,llr,0.7340364210703836,0.0,0.219549519691602,0.6455463486588858,0.9015222113159013,exponential,0.2839006351756898,0.152962534026791,best_state,1497,7885,9600,0.05997178819444444,0.4916666666666667,0.4875,0.006740972222222222,0.0806,8.896608117853095,6.100082712985939,,,,,,,,,,,1.5570048895415485,2667376
ldpc,N192_M96,tau_pSA,search,808,497,,,,0.8271765177115914,1.857284143074263,1.6834102630382046,snr,0.6092846264552428,0.0,0.03197709933921969,1.964981216282405,2.015234964044573,linear,1.571004834548735,0.4265621133220933,best_state,650,11762,12800,0.04352213541666667,0.7312500000000001,0.7312500000000001,0.006740972222222222,0.0806,6.456358813227569,9.07258064516129,,,,,,,,,,,1.5571475445299834,6658552
ldpc,N192_M96,tau_pSA,search,743,498,,,,0.6075023897323392,1.0651349558960947,1.6983505247199548,llr,0.635301307779902,0.0,0.09590847120219453,2.028451009096481,4.81990490867513,linear,2.2642863289041135,0.4114048374859874,best_state,110,6269,6400,0.04544270833333333,0.6729166666666666,0.6729166666666666,0.006740972222222222,0.0806,6.741269187184506,8.348842018196855,,,,,,,,,,,1.558468860034863,6143817
ldpc,N192_M96,tau_pSA,search,708,499,,,,1.2351679719306627,1.259031329020959,1.6662365474008625,snr,0.6528947831418423,0.0,0.027481705967288262,1.6729600271183425,1.9080392352733242,linear,1.6126878597411936,0.3076323142885417,best_state,260,12176,12800,0.06895616319444443,0.4875,0.4875,0.006740972222222222,0.0806,10.229409189244874,6.048387096774193,,,,,,,,,,,1.560115151774013,5866652
ldpc,N192_M96,tau_pSA,search,363,500,,,,1.7406471918411257,2.46861856683466,2.1007948388315545,snr,0.7428722827598372,0.0,0.24242071060400472,0.6824616250911105,0.954725449396187,constant,0.4576259300172796,0.8985569890176921,best_state,825,8531,9600,0.053385416666666664,0.6208333333333335,0.6208333333333335,0.006740972222222222,0.0806,7.919542598125064,7.702646815550042,,,,,,,,,,,1.5603852996508671,3134597
ldpc,N192_M96,tau_pSA,search,197,501,,,,3.4122458302400855,4.298395097107208,5.095830089184939,snr,0.7172385610242148,0.0,0.31524504891232125,0.8357550298038382,1.0636623915332388,constant,7.3112243936035295,0.17314009637113753,majority,3466,5921,9600,0.048177083333333336,0.63125,0.63125,0.006740972222222222,0.0806,7.1469042958689615,7.831885856079404,,,,,,,,,,,1.5604484956861866,1820043
ldpc,N192_M96,tau_pSA,search,254,502,,,,2.226522355107836,3.487104320795917,3.767713481952364,snr,0.703678371690922,0.0,0.16451309573008946,0.560482081471232,0.7123678004101172,constant,5.9056966713768775,0.07464371785008746,best_state,14142,5030,19200,0.050651041666666674,0.625,0.625,0.006740972222222222,0.0806,7.513907489440611,7.754342431761786,,,,,,,,,,,1.5606158799756438,2271426
ldpc,N192_M96,tau_pSA,search,195,503,,,,2.5074064815892783,3.141432306477561,5.1726719055964425,snr,0.7125105487971886,0.0,0.3080575508235322,1.219783143406573,1.2761050950677244,constant,7.6601773241642075,0.19655724147320897,majority,3533,5892,9600,0.04886067708333334,0.63125,0.6291666666666667,0.006740972222222222,0.0806,7.248313073040075,7.831885856079404,,,,,,,,,,,1.5609489150421063,1804205
ldpc,N192_M96,tau_pSA,search,726,504,,,,0.8543231904859757,1.1811979618119148,1.6092048275628101,snr,0.655870666858721,0.0,0.12890789281896553,2.274205852172247,5.639185199603352,linear,2.977100292837043,0.4475149499991276,majority,3,12511,12800,0.04684244791666666,0.6583333333333333,0.6583333333333333,0.006740972222222222,0.0806,6.948915730915833,8.167907361455748,,,,,,,,,,,1.563938198752051,6009194
ldpc,N192_M96,tau_pSA,search,179,505,,,,4.034387184278265,4.330357128315423,5.896661848299812,snr,0.7684000358551264,0.0,0.3810397346867814,0.9743858692366927,1.0421848261450213,constant,8.42020616924504,0.22701059051798242,best_state,1436,6681,9600,0.057910156250000004,0.5645833333333333,0.5604166666666667,0.006740972222222222,0.0806,8.590772123210055,7.00475599669148,,,,,,,,,,,1.56402456250517,1677501
ldpc,N192_M96,tau_pSA,search,813,506,,,,0.8297516558983559,1.7955191431041144,1.6525613851611547,snr,0.6080752453486382,0.0,0.027978259680933548,1.9629511113071358,2.0355795383904143,linear,1.6213743741983715,0.43082485153223576,best_state,9,12608,12800,0.044921875,0.7104166666666667,0.7104166666666667,0.006740972222222222,0.0806,6.664005356958896,8.814102564102564,,,,,,,,,,,1.571474232423791,6698147
ldpc,N192_M96,tau_pSA,search,791,507,,,,1.2875200459351355,1.676961951732876,1.8422381166163735,snr,0.13282737509350206,0.0,0.07309012306281112,1.6642605482106585,5.571170786922603,linear,1.5421281294680342,0.42368047942973436,best_state,239,12254,12800,0.04669053819444444,0.68125,0.68125,0.006740972222222222,0.0806,6.926380447100031,8.452233250620347,,,,,,,,,,,1.5723403536698402,6523929
ldpc,N192_M96,tau_pSA,search,371,508,,,,1.7477249187626167,2.5515315726983347,3.139502793448392,snr,0.7535724163110659,0.0,0.23984886472045985,0.6695197389165013,0.9640486493725144,constant,0.49557958338946695,0.8547808916671665,best_state,882,8446,9600,0.05158420138888889,0.6208333333333332,0.6208333333333332,0.006740972222222222,0.0806,7.652338518594829,7.70264681555004,,,,,,,,,,,1.5727906732473556,3197949
ldpc,N192_M96,tau_pSA,search,789,509,,,,1.267403983558081,1.6007075612634145,1.854627261029369,snr,0.08691032640118784,0.0,0.06884931141216566,1.6766540439888393,5.101688711447684,linear,2.7600006703544726,0.46019843616757056,best_state,10,12748,12800,0.04657118055555556,0.6937500000000001,0.6937500000000001,0.006740972222222222,0.0806,6.908674152673329,8.607320099255583,,,,,,,,,,,1.5738603704326335,6508091
ldpc,N192_M96,tau_pSA,search,687,510,,,,1.4526378790390648,2.092710957088795,1.9256963484469651,fixed,0.5492106072573821,0.0,0.05143644981918087,1.4770149549600065,1.811295932026643,linear,1.025598129814707,0.5350458896552647,best_state,860,11693,12800,0.050097656250000004,0.6583333333333333,0.6583333333333333,0.006740972222222222,0.0806,7.4318146698259,8.167907361455748,,,,,,,,,,,1.573941830014061,5700353
ldpc,N192_M96,tau_pSA,search,303,511,,,,3.1407063858763835,3.1003219032835596,2.5943529382742594,llr,0.7317755126605233,0.0,0.22809831173994735,0.7213690676766235,0.9088102732212147,exponential,0.7319933889621713,0.1669773595371678,best_state,1487,7869,9600,0.06500651041666666,0.4958333333333333,0.4916666666666667,0.006740972222222222,0.0806,9.643491810033996,6.1517783291976835,,,,,,,,,,,1.5752457909250557,2659457
ldpc,N192_M96,tau_pSA,search,727,512,,,,0.8145189622214388,1.2870581842331568,1.5589760657155185,snr,0.6548259772467436,0.0,0.10793053176324865,2.339915359204909,5.69205175858885,linear,2.636116272222244,0.4283993714798486,majority,34,12538,12800,0.04466145833333333,0.7062500000000002,0.7062500000000002,0.006740972222222222,0.0806,6.62537344184609,8.76240694789082,,,,,,,,,,,1.5771681489047158,6017113
ldpc,N192_M96,tau_pSA,search,889,513,,,,1.2435115665846708,2.2526557120105823,1.4572178822056367,snr,0.2804387505051791,0.0,0.022364718299826208,2.719422132107397,2.781954865314747,linear,1.943823873136415,0.4380095975959803,best_state,5,12707,12800,0.04756944444444444,0.6875,0.6770833333333334,0.006740972222222222,0.0806,7.056763160605748,8.529776674937965,,,,,,,,,,,1.5775102464363437,7299991
ldpc,N192_M96,tau_pSA,search,729,514,,,,0.8363752132753046,1.2837886130723892,1.5217322981116261,snr,0.6477190728278162,0.0,0.11973135127242845,2.3650509380133777,4.9628577767658655,linear,2.4953276566626528,0.44196035642508763,majority,15,12423,12800,0.04741753472222222,0.7000000000000001,0.7000000000000001,0.006740972222222222,0.0806,7.034227876789945,8.6848635235732,,,,,,,,,,,1.5784097232267118,6032951
ldpc,N192_M96,tau_pSA,search,420,515,,,,1.8409687347829653,1.7287126936225254,3.14484393568277,snr,0.6249359323633862,0.0,0.03693014404391658,0.981546208904165,2.2127884294191817,linear,0.7886477065361222,0.1544847748797815,best_state,126,9068,12800,0.07083333333333333,0.44583333333333336,0.4375,0.006740972222222222,0.0806,10.507880910683012,5.531430934656741,,,,,,,,,,,1.5804837151662747,3585980
ldpc,N192_M96,tau_pSA,search,219,516,,,,3.9100631720597177,4.782413859245085,7.04602194425732,snr,0.7514251039029445,0.0,0.21682570525618242,0.9004847852928987,1.0708433782132336,constant,9.922950789260689,0.2515348711131325,best_state,1811,6845,9600,0.053200954861111115,0.6104166666666666,0.6104166666666666,0.006740972222222222,0.0806,7.892178324920161,7.573407775020677,,,,,,,,,,,1.5850986407861258,1994261
ldpc,N192_M96,tau_pSA,search,861,517,,,,0.7399853307701042,1.4217706340810843,1.6903320649913893,llr,0.5992193800496753,0.0,0.03305237541092964,1.865593724627756,1.9432333636157035,linear,2.1158780405208595,0.37870136258185444,best_state,449,12055,12800,0.049197048611111106,0.6770833333333334,0.6770833333333334,0.006740972222222222,0.0806,7.298212630060781,8.400537634408602,,,,,,,,,,,1.5857681624109763,7078259
ldpc,N192_M96,tau_pSA,search,169,518,,,,3.9810790787309736,4.498233101400192,5.8223812743628995,snr,0.768303897604548,0.0,0.3994526669815998,0.9763848803923261,1.0519838694693349,constant,8.293442458412772,0.23227867611801817,best_state,3051,6153,9600,0.056163194444444446,0.5854166666666667,0.5854166666666667,0.006740972222222222,0.0806,8.33161635932832,7.263234077750207,,,,,,,,,,,1.5867846543164683,1598311
ldpc,N192_M96,tau_pSA,search,553,519,,,,1.3149806739403558,2.2538230629159117,1.0342164067159714,snr,0.617214842665611,0.0,0.0221552643077669,1.9956995137068734,2.0812619812886486,linear,1.0352585121464917,0.3635476484605188,best_state,237,10255,12800,0.05101996527777777,0.7062499999999999,0.7062499999999999,0.006740972222222222,0.0806,7.5686360358504166,8.762406947890817,,,,,,,,,,,1.5870578407844216,4639207
ldpc,N192_M96,tau_pSA,search,175,520,,,,3.9855512721922106,4.491265556332884,7.811103964883146,snr,0.7690862768124719,0.0,0.38561371947135725,0.9280424641176863,1.0350615795558007,constant,8.518476859246007,0.23536491056064826,best_state,3040,6139,9600,0.05500217013888888,0.6020833333333334,0.6020833333333334,0.006740972222222222,0.0806,8.159382404450396,7.470016542597189,,,,,,,,,,,1.5881145126228897,1645825
ldpc,N192_M96,tau_pSA,search,239,521,,,,3.088290051923784,3.4887165226469095,4.831294529173061,snr,0.7275567369237653,0.0,0.3385950469429217,0.67653104361466,0.809232094767217,constant,8.409293195007727,0.13048247393666546,best_state,1757,7154,9600,0.05856119791666667,0.5520833333333334,0.5520833333333334,0.006740972222222222,0.0806,8.687351910992069,6.849669148056245,,,,,,,,,,,1.588607063901663,2152641
ldpc,N192_M96,tau_pSA,search,370,522,,,,1.600763803864427,2.284133168864319,2.1061995968981058,snr,0.750887689440109,0.0,0.23674148687527283,0.6767221792011029,3.662235914592365,constant,0.48296664345450063,0.8415120016690278,best_state,609,8630,9600,0.05719401041666666,0.6208333333333332,0.6208333333333332,0.006740972222222222,0.0806,8.48453435664984,7.70264681555004,,,,,,,,,,,1.5890018558145858,3190030
ldpc,N192_M96,tau_pSA,search,627,523,,,,0.7155744679830166,1.4847416462575964,1.3209158911362393,snr,0.6283772970658239,0.0,0.0060436656156248325,0.26051491689577055,3.3707781895465225,linear,1.3256965535785232,0.41319350771687946,best_state,1021,11136,12800,0.046885850694444446,0.7354166666666666,0.7354166666666666,0.006740972222222222,0.0806,6.955354383434635,9.124276261373033,,,,,,,,,,,1.5890606169309434,5225213
ldpc,N192_M96,tau_pSA,search,914,524,,,,0.8577364315843892,1.0068594691715282,1.5821930064831837,snr,0.39178996351593753,0.0,0.07827598323288754,1.5768860616344627,5.794589388176414,linear,3.683484509483784,0.4194618558704333,best_state,909,11524,12800,0.05702039930555555,0.6208333333333333,0.6208333333333333,0.006740972222222222,0.0806,8.458779746574637,7.702646815550041,,,,,,,,,,,1.5894730481024681,7497966
ldpc,N192_M96,tau_pSA,search,166,525,,,,4.4655668942464475,5.2561962512106595,5.802187288517487,snr,0.7826831323426631,0.0,0.4396326208647399,0.9417314331257309,1.14894558430208,constant,7.288731476960155,0.18589757896933193,best_state,1556,5984,9600,0.05207248263888889,0.625,0.625,0.006740972222222222,0.0806,7.724773359431339,7.754342431761786,,,,,,,,,,,1.5907592843502223,1574554
ldpc,N192_M96,tau_pSA,search,292,526,,,,2.8443776680455777,2.9679055495488726,4.3130219256392195,llr,0.7172029807539003,0.0,0.1808426714977512,0.5320888960940042,0.7751565297567631,exponential,0.8866059312584431,0.11456114596484934,best_state,1844,7614,9600,0.06397569444444445,0.5166666666666667,0.5166666666666667,0.006740972222222222,0.0806,9.490573812712476,6.410256410256411,,,,,,,,,,,1.5920738904454215,2572348
ldpc,N192_M96,tau_pSA,search,259,527,,,,2.233022237201526,3.404260103973399,3.612314039563934,snr,0.7033127698305236,0.0,0.16454456156165223,0.5674365728514982,0.7449476297063786,constant,5.807632729609996,0.08411508534212207,best_state,1867,7544,9600,0.05301649305555555,0.63125,0.63125,0.006740972222222222,0.0806,7.864814051715257,7.831885856079404,,,,,,,,,,,1.5922557355409743,2311021
ldpc,N192_M96,tau_pSA,search,594,528,,,,0.8094409627103204,1.6272159177777432,1.6218530308879495,snr,0.5343613206456147,0.0,0.07471193292336273,2.7786218914685357,2.836301860180834,cosine,0.8947893398956479,0.45662759280723214,best_state,221,891,12800,0.045822482638888884,0.7333333333333334,0.7333333333333334,0.006740972222222222,0.0806,6.797607396724013,9.098428453267163,,,,,,,,,,,1.5923041063162424,4963886
ldpc,N192_M96,tau_pSA,search,537,529,,,,0.9884086497040967,1.435820295164235,1.8876128138481296,fixed,0.6183534062550791,0.0,0.06486081222147323,1.7069525774771783,2.40399599699814,linear,1.1596020219261889,0.34021456914868803,best_state,39,10837,12800,0.05070529513888889,0.6583333333333333,0.6583333333333333,0.006740972222222222,0.0806,7.521955805089111,8.167907361455748,,,,,,,,,,,1.5923680348467857,4512503
ldpc,N192_M96,tau_pSA,search,262,530,,,,2.180912079411437,3.420926503380477,3.6778682987927014,snr,0.6962492898044539,0.0,0.16266360477404807,0.5547314639226216,0.6939429904025446,constant,5.663154508541376,0.05158157002417091,best_state,13601,5550,19200,0.05394965277777778,0.6395833333333333,0.6395833333333333,0.006740972222222222,0.0806,8.003245080869476,7.935277088502894,,,,,,,,,,,1.593577378713594,2334778
ldpc,N192_M96,tau_pSA,search,187,531,,,,3.616539747043877,3.902890872428447,6.238779037474687,snr,0.7785186881326774,0.0,0.36652570636035814,1.0304392154657032,1.1167456327533238,constant,8.933848289209019,0.26633374295713563,best_state,1232,7162,9600,0.057910156250000004,0.5666666666666668,0.5666666666666668,0.006740972222222222,0.0806,8.590772123210055,7.030603804797354,,,,,,,,,,,1.594270396937312,1740853
ldpc,N192_M96,tau_pSA,search,191,532,,,,3.55869637292407,3.908176539031057,6.0773250508483185,snr,0.7787340759362322,0.0,0.3620237897520339,1.0174200529466266,1.1159864371362456,constant,8.983779485768164,0.27152709802728303,best_state,2828,6458,9600,0.058257378472222225,0.5708333333333333,0.56875,0.006740972222222222,0.0806,8.642281343360462,7.082299421009098,,,,,,,,,,,1.594716925628016,1772529
ldpc,N192_M96,tau_pSA,search,534,533,,,,1.0129511720612,1.443557073298185,1.9435246033680578,fixed,0.6161714206537958,0.0,0.05767105106787038,1.6836888393527143,2.415077988226966,linear,1.1770447516959077,0.33516950618069746,best_state,399,10824,12800,0.05419921875,0.6645833333333333,0.6645833333333333,0.006740972222222222,0.0806,8.040267332852581,8.245450785773366,,,,,,,,,,,1.5956041499426041,4488746
ldpc,N192_M96,tau_pSA,search,828,534,,,,1.2058864915071406,1.2778066187450872,2.0021970170671035,snr,0.6352798591465849,0.0,0.01117177258552849,2.348847449444098,2.4111571314723226,cosine,1.8883854645820575,0.3942718959228778,best_state,297,12234,12800,0.09835069444444444,0.41250000000000003,0.2875,0.006740972222222222,0.0806,14.58998660760276,5.117866004962779,,,,,,,,,,,1.5961521318965006,6816932
ldpc,N192_M96,tau_pSA,search,366,535,,,,1.7115387217100733,2.5395980403349325,2.148698144737812,snr,0.7500818308238543,0.0,0.23519858261344675,0.6766547117377352,3.408098072308504,constant,0.3495254967816064,0.21955990531483904,best_state,908,8477,9600,0.05499131944444444,0.6583333333333333,0.6583333333333333,0.006740972222222222,0.0806,8.157772741320697,8.167907361455748,,,,,,,,,,,1.596485984796633,3158354
ldpc,N192_M96,tau_pSA,search,732,536,,,,0.8072687946440775,1.197016691296323,1.4982649006300948,snr,0.6466397712991033,0.0,0.12002397340029816,2.253833934410893,5.018611004885724,linear,2.5194155517107104,0.4533529341984656,majority,187,12291,12800,0.045909288194444446,0.71875,0.71875,0.006740972222222222,0.0806,6.810484701761616,8.917493796526054,,,,,,,,,,,1.5982637286246542,6056708
ldpc,N192_M96,tau_pSA,search,311,537,,,,3.2424375567614505,3.7345872613776487,4.7736354177196585,llr,0.7394168322023762,0.0,0.11991804990700726,0.41019911580494384,0.9089295138246609,exponential,0.6470426765654024,0.1692242845786938,best_state,1397,7988,9600,0.05642361111111111,0.5770833333333333,0.5770833333333333,0.006740972222222222,0.0806,8.370248274441126,7.1598428453267156,,,,,,,,,,,1.5987683555781713,2722809
ldpc,N192_M96,tau_pSA,search,862,538,,,,0.7198460472711538,1.4116739315374038,1.6717797957789482,llr,0.6011500750329805,0.0,0.035416394992828046,1.9019514902087693,1.9984264378937244,linear,1.165983461122769,0.4388436645206006,best_state,440,12048,12800,0.04848090277777778,0.7062499999999999,0.7062499999999999,0.006740972222222222,0.0806,7.191974863500567,8.762406947890817,,,,,,,,,,,1.5988282681490191,7086178
ldpc,N192_M96,tau_pSA,search,367,539,,,,1.6591804907509236,2.532139489102913,2.103534813375968,snr,0.7459866883958467,0.0,0.2505749680405173,0.6878843903825694,0.9700668126778975,constant,0.3370805464483843,0.2226254343642553,best_state,836,8558,9600,0.053721788194444446,0.6395833333333333,0.6395833333333333,0.006740972222222222,0.0806,7.969442155145772,7.935277088502894,,,,,,,,,,,1.5991743197752444,3166273
ldpc,N192_M96,tau_pSA,search,176,540,,,,4.103853885747112,4.337102654310644,5.890754133854385,snr,0.7968394477602128,0.0,0.36824493461793173,0.9664269889094026,1.0447090428707209,constant,8.441138702116413,0.2407276995507118,best_state,1496,7242,9600,0.06036241319444444,0.5562499999999999,0.5562499999999999,0.006740972222222222,0.0806,8.954555990522303,6.9013647642679885,,,,,,,,,,,1.6001908701801277,1653744
ldpc,N192_M96,tau_pSA,search,157,541,,,,4.434136882616433,5.24976539061874,5.726726460780846,snr,0.7853203015531004,0.0,0.4361159354221654,0.6662421252396403,1.1696241262056204,piecewise,7.455558331018654,0.27602382155757577,best_state,2678,6043,9600,0.05381944444444444,0.61875,0.61875,0.006740972222222222,0.0806,7.9839291233130725,7.676799007444169,,,,,,,,,,,1.6008391347990159,1503283
ldpc,N192_M96,tau_pSA,search,178,542,,,,4.01867290247097,4.450314067893403,5.962232749106971,snr,0.7968697510526772,0.0,0.38269133440647823,0.9275373656893187,1.0399667978516152,constant,8.29331848400614,0.23544837645865668,best_state,3027,6120,9600,0.055685763888888885,0.5791666666666666,0.5791666666666666,0.006740972222222222,0.0806,8.26079118162151,7.185690653432588,,,,,,,,,,,1.6009223822673957,1669582
ldpc,N192_M96,tau_pSA,search,899,543,,,,1.2173292608097277,1.5010754088474654,1.4756768487498715,snr,0.6244807301193007,0.0,0.019798079583725897,2.6952600300193743,2.7492330156066505,linear,2.1349088845931155,0.4352952592378955,best_state,548,11890,12800,0.073046875,0.49791666666666673,0.4208333333333332,0.006740972222222222,0.0806,10.836252189141856,6.177626137303557,,,,,,,,,,,1.6031240847636408,7379181
ldpc,N192_M96,tau_pSA,search,941,544,,,,1.3350083518263682,1.754940069466359,2.4322215462523826,snr,0.6507605413309232,0.0,0.495307511736206,1.8967970546779915,5.211746681035827,linear,1.699177453847148,0.4492164290856868,majority,722,11774,12800,0.04913194444444444,0.6854166666666667,0.6854166666666667,0.006740972222222222,0.0806,7.288554651282579,8.503928866832092,,,,,,,,,,,1.6035924792439755,7711779
ldpc,N192_M96,tau_pSA,search,358,545,,,,1.8906816064352607,2.735957429020214,2.5625707591675133,fixed,0.6505744046982896,0.0,0.20496780004598059,0.7675271906193766,4.082913056715444,constant,0.3680203221228245,0.19841267761014855,best_state,1375,8043,9600,0.052029079861111105,0.6479166666666667,0.6479166666666667,0.006740972222222222,0.0806,7.718334706912537,8.038668320926385,,,,,,,,,,,1.6040137464763533,3095002
ldpc,N192_M96,tau_pSA,search,510,546,,,,1.3492483302421654,2.083952606146529,2.10623627863705,snr,0.5998744492517957,0.0,0.03021830616485036,1.5283133553159143,2.502974889321884,linear,1.6146681129299658,0.3530240516656531,last,7807,4937,12800,0.057595486111111115,0.6145833333333334,0.6145833333333334,0.006740972222222222,0.0806,8.54409189244875,7.6251033912324235,,,,,,,,,,,1.6047249216549633,4298690
ldpc,N192_M96,tau_pSA,search,878,547,,,,0.8971908738780623,1.3431596206827858,1.050619860525084,snr,0.6289611953460146,0.0,0.1383744705146746,2.142017970586376,2.199131548251219,linear,1.5034036837835352,0.2620584533053853,best_state,200,12295,12800,0.05632595486111111,0.6708333333333333,0.6708333333333333,0.006740972222222222,0.0806,8.355761306273823,8.322994210090982,,,,,,,,,,,1.605927349468215,7212882
ldpc,N192_M96,tau_pSA,search,164,548,,,,4.513226082207353,5.279161520218388,5.613609702165602,snr,0.7961139986270372,0.0,0.5447957196243469,0.9430109025165687,1.1616361770712225,piecewise,4.402045328778196,0.23747381563763661,best_state,2625,6120,9600,0.05279947916666666,0.6520833333333333,0.6520833333333333,0.006740972222222222,0.0806,7.832620789121252,8.09036393713813,,,,,,,,,,,1.6060348598363605,1558716
ldpc,N192_M96,tau_pSA,search,730,549,,,,0.8750165087896882,1.219368638801066,1.4619961081171624,snr,0.6483641288926051,0.0,0.12628704679862973,2.0204288306123024,5.569281765786898,linear,2.775601911341353,0.4453920541052496,majority,16,12507,12800,0.049641927083333336,0.6979166666666666,0.6979166666666666,0.006740972222222222,0.0806,7.36420881837849,8.659015715467328,,,,,,,,,,,1.606808622068273,6040870
ldpc,N192_M96,tau_pSA,search,160,550,,,,4.473527283726329,5.18376677631074,5.85075484304745,snr,0.7906997592217038,0.0,0.43963273116544954,0.6607533437163665,1.209734462333451,constant,7.408306814484236,0.2945695711769717,best_state,1395,7305,9600,0.05580512152777778,0.6041666666666666,0.6041666666666666,0.006740972222222222,0.0806,8.278497476048214,7.49586435070306,,,,,,,,,,,1.6070735819254094,1527040
ldpc,N192_M96,tau_pSA,search,225,551,,,,3.9273710371449346,4.93616744944182,6.932128203834439,snr,0.7471402017294569,0.0,0.3803047816089962,0.8957820229831761,1.0616660105707434,constant,8.268686689370538,0.24818576661328517,best_state,1004,6906,9600,0.05196397569444445,0.6541666666666667,0.6541666666666667,0.006740972222222222,0.0806,7.708676728134337,8.116211745244003,,,,,,,,,,,1.6075009073239814,2041775
ldpc,N192_M96,tau_pSA,search,165,552,,,,4.495218995866687,5.323313903173949,5.755574734792033,snr,0.7999382094260219,0.0,0.442031552072893,0.6881492941044658,0.8033089564191698,constant,7.32788126916008,0.23586083050898626,best_state,1468,6005,9600,0.05601128472222222,0.6124999999999999,0.6104166666666666,0.006740972222222222,0.0806,8.309081075512516,7.599255583126549,,,,,,,,,,,1.6089721406029864,1566635
ldpc,N192_M96,tau_pSA,search,694,553,,,,1.470504029899809,2.1371305340865163,1.9293331972241443,fixed,0.554718554884021,0.0,1.3413200216610965e-05,1.545886197856338,1.8578769137855142,linear,1.022079682262217,0.5035202965371611,best_state,1037,11530,12800,0.051486545138888895,0.6791666666666667,0.6770833333333334,0.006740972222222222,0.0806,7.637851550427528,8.426385442514475,,,,,,,,,,,1.6116075692196514,5755786
ldpc,N192_M96,tau_pSA,search,826,554,,,,1.1672273626357907,1.294239640709709,1.8918643120349716,snr,0.6373002307093245,0.0,0.0011521141193093776,2.347813960205143,2.401455995047707,cosine,2.0127846285307416,0.3978270001914432,best_state,344,12136,12800,0.11468098958333334,0.39791666666666664,0.20833333333333334,0.006740972222222222,0.0806,17.012529617801587,4.936931348221671,,,,,,,,,,,1.6120019243513968,6801094
ldpc,N192_M96,tau_pSA,search,284,555,,,,2.549599756978045,2.374156143452006,3.300189385835872,snr,0.673961094544615,0.0,0.094800433740312,0.48078645007364285,0.8593997917321635,cosine,5.914940343394258,0.05540018835871107,best_state,17412,1447,19200,0.07124565972222223,0.4854166666666666,0.48125,0.006740972222222222,0.0806,10.569048109611622,6.02253928866832,,,,,,,,,,,1.6124546362158052,2508996
ldpc,N192_M96,tau_pSA,search,723,556,,,,0.8487666815670195,1.2210966595951165,1.5395467127168312,snr,0.654982295363273,0.0,0.11609262444596621,2.034565385440412,5.678080257680631,linear,2.989869954502722,0.4641573068537497,majority,10,12519,12800,0.04759114583333333,0.7250000000000001,0.7250000000000001,0.006740972222222222,0.0806,7.059982486865148,8.995037220843672,,,,,,,,,,,1.6131691499886742,5985437
ldpc,N192_M96,tau_pSA,search,224,557,,,,3.9640723680340826,4.953534199617154,6.91884105243567,snr,0.7534588130768045,0.0,0.19517669961921202,0.6641278645234713,1.038587800522408,constant,8.406195020126335,0.20839629976560248,best_state,2579,6836,9600,0.05514322916666667,0.6229166666666667,0.6229166666666667,0.006740972222222222,0.0806,8.1803080251365,7.728494623655914,,,,,,,,,,,1.6143743677198112,2033856
ldpc,N192_M96,tau_pSA,search,192,558,,,,3.537600911415266,3.7399447963818937,6.312741110833256,snr,0.7769483864690145,0.0,0.3707792437028563,1.0187013459891332,1.1142094896615957,constant,8.944072982459938,0.2605095106766486,best_state,1291,7326,9600,0.06090494791666667,0.5750000000000001,0.5750000000000001,0.006740972222222222,0.0806,9.035039147007314,7.133995037220844,,,,,,,,,,,1.614707289943921,1780448
ldpc,N192_M96,tau_pSA,search,956,559,,,,0.9739812915060481,2.0436205901685054,2.1295990933315725,snr,0.6179396620215268,0.0,0.6522343895547923,1.4403954778346402,4.91349732860037,linear,1.3755019134124564,0.08580227369312661,best_state,1528,13331,19200,0.04749348958333333,0.7374999999999999,0.7374999999999999,0.006740972222222222,0.0806,7.045495518697847,9.150124069478906,,,,,,,,,,,1.6150895812702373,7830564
ldpc,N192_M96,tau_pSA,search,203,560,,,,2.5259994214537254,3.093568413025674,5.192434013396639,snr,0.7831712538529227,0.0,0.2819677682653189,0.8316801614135105,1.0561674514675208,constant,7.680063714999778,0.19071509523862537,majority,3456,5921,9600,0.051464843749999996,0.65625,0.65625,0.006740972222222222,0.0806,7.634632224168126,8.142059553349876,,,,,,,,,,,1.615159065620281,1867557
ldpc,N192_M96,tau_pSA,search,156,561,,,,5.432696483848806,5.911914424703135,7.116245394731802,snr,0.7993261934231355,0.0,0.42034153538598196,0.8460211867382754,1.0001981405096447,piecewise,3.4001045063406763,0.12931291151220314,best_state,1856,5827,9600,0.056662326388888885,0.6291666666666667,0.6291666666666667,0.006740972222222222,0.0806,8.40566086329453,7.806038047973531,,,,,,,,,,,1.6158612717773546,1495364
ldpc,N192_M96,tau_pSA,search,948,562,,,,1.2941624775272313,1.2344765021227224,2.58204397555844,snr,0.6500502802142454,0.0,0.052880201102720875,1.94741907803375,5.328192924946952,linear,1.7675647776089174,0.45328438836018803,best_state,679,11823,12800,0.07749565972222222,0.4625000000000001,0.45416666666666666,0.006740972222222222,0.0806,11.496214072318946,5.738213399503723,,,,,,,,,,,1.6166351252219435,7767212
ldpc,N192_M96,tau_pSA,search,823,563,,,,0.6202280992399235,1.3017080799333245,1.9817503138680008,snr,0.63634403486051,0.0,0.006303094517451293,2.3655912321524255,2.420391797832407,linear,1.9051348810787774,0.3956278726940854,best_state,269,12185,12800,0.04563802083333333,0.7520833333333333,0.7520833333333333,0.006740972222222222,0.0806,6.770243123519109,9.331058726220016,,,,,,,,,,,1.6168633512269126,6777337
ldpc,N192_M96,tau_pSA,search,505,564,,,,1.3533504963824292,2.0835455700869883,2.121621625761879,snr,0.6023336998527566,0.0,0.029668994597139224,1.5498002496471688,2.5161518391542796,linear,1.607738828786298,0.3528827677759964,last,514,11808,12800,0.05619574652777778,0.6291666666666668,0.6291666666666668,0.006740972222222222,0.0806,8.33644534871742,7.806038047973533,,,,,,,,,,,1.618243181008029,4259095
ldpc,N192_M96,tau_pSA,search,268,565,,,,1.8528652673468518,2.7885826242060454,4.234445205503,snr,0.6635018824421097,0.0,0.13817826024308155,0.6019286299380638,0.7844710486183872,constant,6.731480928846057,0.10495233752286738,best_state,12131,6953,19200,0.05593532986111111,0.6270833333333333,0.6270833333333333,0.006740972222222222,0.0806,8.297813433604615,7.780190239867658,,,,,,,,,,,1.6216608452384373,2382292
ldpc,N192_M96,tau_pSA,search,263,566,,,,2.1044162229563974,3.4633093650635587,3.776207631419621,snr,0.6961847170324253,0.0,0.1488430923963334,0.5625487241696497,0.7183892123323833,constant,5.747396501701697,0.08073795378382767,best_state,2024,8103,19200,0.053537326388888896,0.6541666666666667,0.6541666666666667,0.006740972222222222,0.0806,7.942077881940869,8.116211745244003,,,,,,,,,,,1.6217754422641424,2342697
ldpc,N192_M96,tau_pSA,search,277,567,,,,2.4890583431700497,2.447703729112139,3.4138136894607567,snr,0.6376416356347142,0.0,0.09950197929029139,0.48342460506089985,0.8603756929537101,cosine,5.628931620768194,0.031637004849672905,best_state,1664,9134,19200,0.06834852430555555,0.5,0.5,0.006740972222222222,0.0806,10.139268053981661,6.203473945409429,,,,,,,,,,,1.6226092572130708,2453563
ldpc,N192_M96,tau_pSA,search,857,568,,,,0.73069916706128,1.4144392767467706,1.721937057585492,llr,0.5954889020835277,0.0,0.03370067558076031,1.8633514046463693,1.9253947449905144,linear,1.1980427703049088,0.37797551495839077,best_state,479,11965,12800,0.05118272569444444,0.68125,0.68125,0.006740972222222222,0.0806,7.59278098279592,8.452233250620347,,,,,,,,,,,1.6257632066401408,7046583
ldpc,N192_M96,tau_pSA,search,218,569,,,,3.874096903318534,4.942756029344795,6.877374404171284,snr,0.7488340121457445,0.0,0.2166624397501704,0.9002962782765315,1.0685569638195274,constant,8.17697821751369,0.24981219495954668,best_state,1829,6926,9600,0.05304904513888889,0.6666666666666666,0.6666666666666666,0.006740972222222222,0.0806,7.869643041104358,8.271298593879239,,,,,,,,,,,1.6263412710180791,1986342
ldpc,N192_M96,tau_pSA,search,159,570,,,,4.181155473284424,5.207736404526767,5.806774797252549,snr,0.7702892649937381,0.0,0.44711635704413366,0.9444041917314125,1.166058099894595,piecewise,7.287415729562395,0.50385971134285,best_state,2688,6012,9600,0.054003906250000004,0.6604166666666668,0.6604166666666668,0.006740972222222222,0.0806,8.011293396517978,8.193755169561621,,,,,,,,,,,1.6281869861322913,1519121
ldpc,N192_M96,tau_pSA,search,269,571,,,,1.880518911811547,3.0535886386067674,4.209740260114101,snr,0.6581956570615253,0.0,0.13751869852761434,0.6012219682864421,0.8253045604082101,constant,6.8352081171142105,0.030584815207745093,best_state,2137,8142,19200,0.052897135416666664,0.6645833333333333,0.6645833333333333,0.006740972222222222,0.0806,7.847107757288555,8.245450785773366,,,,,,,,,,,1.629342284754689,2390211
ldpc,N192_M96,tau_pSA,search,168,572,,,,4.4407677390263585,5.129578988449511,5.749251357916979,snr,0.7883911050945432,0.0,0.546473813024442,0.7018395356016298,1.1508503682296285,piecewise,7.715619057980765,0.30168432106200743,best_state,2692,6015,9600,0.05716145833333333,0.6437499999999999,0.6437499999999999,0.006740972222222222,0.0806,8.47970536726074,7.986972704714639,,,,,,,,,,,1.6305184711675473,1590392
ldpc,N192_M96,tau_pSA,search,312,573,,,,3.1881518677070875,3.756128801932434,4.6985239796912595,llr,0.733290199429933,0.0,0.2324024594389196,0.7108175230873225,0.9009489922179527,exponential,0.5227053596668718,0.14508031687374592,best_state,1500,7918,9600,0.06029730902777777,0.6124999999999999,0.6104166666666666,0.006740972222222222,0.0806,8.944898011744101,7.599255583126549,,,,,,,,,,,1.6337850057515515,2730728
ldpc,N192_M96,tau_pSA,search,128,574,,,,4.995163380654773,7.072565467973496,1.7355978777921846,snr,0.41366564506344894,0.0,0.6046317372375941,0.730698975211051,1.1885890049144572,piecewise,4.030606917225396,0.6359178389092891,best_state,3222,6144,9600,0.05044487847222221,0.74375,0.74375,0.006740972222222222,0.0806,7.483323889976305,9.227667493796526,,,,,,,,,,,1.6340255592160722,1273632
ldpc,N192_M96,tau_pSA,search,190,575,,,,3.5801557257715446,3.7912787559197056,6.287837210299876,snr,0.7763049036472501,0.0,0.35958818172566526,1.036103811358723,1.1209363937889305,constant,9.125347443785998,0.27109360297200213,best_state,2835,6417,9600,0.06174045138888889,0.5791666666666666,0.5770833333333334,0.006740972222222222,0.0806,9.15898320799423,7.185690653432588,,,,,,,,,,,1.6352980210559587,1764610
ldpc,N192_M96,tau_pSA,search,211,576,,,,4.4883125657489575,4.201497411945589,5.604754444800176,snr,0.7827711190404995,0.0,0.2476111154150407,0.7728452239567472,0.9239049790575089,constant,6.512379268758696,0.3065137548901387,majority,2837,6668,9600,0.059114583333333325,0.6124999999999999,0.6124999999999999,0.006740972222222222,0.0806,8.769444730606777,7.599255583126549,,,,,,,,,,,1.6357333919232349,1930909
ldpc,N192_M96,tau_pSA,search,264,577,,,,2.284311908012859,3.3957448331580595,3.857114939147452,snr,0.7024616476031929,0.0,0.16393314616601656,0.5125835151475605,0.7246454803004755,constant,6.939019311790558,0.07086422945053708,best_state,1994,7925,19200,0.05699869791666667,0.6520833333333332,0.6520833333333332,0.006740972222222222,0.0806,8.455560420315237,8.090363937138129,,,,,,,,,,,1.6361424629112402,2350616
ldpc,N192_M96,tau_pSA,search,308,578,,,,3.1004092965829013,3.7975379106476463,4.742253196377903,llr,0.7330018325453568,0.0,0.22504341924546983,0.6490807682408803,0.8245699142237133,exponential,0.9816064471183298,0.0011571346709843833,best_state,1506,7948,9600,0.05902777777777777,0.6125,0.6104166666666667,0.006740972222222222,0.0806,8.756567425569177,7.599255583126551,,,,,,,,,,,1.6393685325458127,2699052
ldpc,N192_M96,tau_pSA,search,309,579,,,,3.2544987375938943,3.0658836796339326,2.7257743383794413,llr,0.7340172500072181,0.0,0.22342042036084028,0.6334317313830016,0.9031329818039269,exponential,0.6739102728646832,0.14650571117179237,best_state,1559,7854,9600,0.07293836805555555,0.51875,0.5166666666666667,0.006740972222222222,0.0806,10.820155557844854,6.436104218362283,,,,,,,,,,,1.6396549422976914,2706971
ldpc,N192_M96,tau_pSA,search,127,580,,,,4.880228616491858,8.429354074771402,1.8463493216810312,snr,0.4167211443870898,0.0,0.47622746367779967,0.19908867534521582,1.2444349190974915,piecewise,4.208418583888163,0.6275795022660815,best_state,1625,6190,9600,0.04995659722222221,0.7604166666666666,0.7604166666666666,0.006740972222222222,0.0806,7.4108890491397945,9.434449958643507,,,,,,,,,,,1.6404417588786833,1265713
ldpc,N192_M96,tau_pSA,search,267,581,,,,1.8570995182034356,2.841012925265243,4.086261426918005,snr,0.6574296540255735,0.0,0.13793603133993246,0.5831934496617756,0.6387220342043556,constant,6.881419219040393,0.10678403740558755,best_state,2241,8447,19200,0.05716145833333333,0.6645833333333333,0.6645833333333333,0.006740972222222222,0.0806,8.47970536726074,8.245450785773366,,,,,,,,,,,1.6408643553718008,2374373
ldpc,N192_M96,tau_pSA,search,571,582,,,,1.4878418821855601,1.3205875368728173,2.4459366291469746,snr,0.652762097887347,0.0,0.020704202499519545,1.5566957383904638,1.7055170048910262,linear,1.4119991364976472,0.14224613340468334,best_state,839,11631,12800,0.08212890625,0.4625000000000001,0.4395833333333334,0.006740972222222222,0.0806,12.183540228700936,5.738213399503723,,,,,,,,,,,1.6473537877075313,4781749
ldpc,N192_M96,tau_pSA,search,692,583,,,,1.4752356329008154,2.057459319259996,1.9070697348290484,snr,0.5550559251710491,0.0,0.05070854951774864,1.471576328341568,1.8199223092694754,linear,1.7447696430403388,0.4522690932071486,last,947,11483,12800,0.06021050347222221,0.6291666666666668,0.6291666666666668,0.006740972222222222,0.0806,8.9320207067065,7.806038047973533,,,,,,,,,,,1.6509515579639615,5739948
ldpc,N192_M96,tau_pSA,search,171,584,,,,4.122216623818056,4.613542381891513,7.996035670645322,snr,0.7660290154255351,0.0,0.44988330530998893,0.9956040309707949,1.1881369397470298,constant,8.487418971038391,0.2376499816178869,best_state,2978,6123,9600,0.05821397569444445,0.65,0.65,0.006740972222222222,0.0806,8.635842690841661,8.064516129032258,,,,,,,,,,,1.6547882345272502,1614149
ldpc,N192_M96,tau_pSA,search,234,585,,,,3.0331887097406915,5.606449123892956,4.726450915032748,snr,0.7254966588258246,0.0,0.16333226856911706,0.6494280299759704,0.9528748536071309,constant,8.475475927134946,0.12934038098311296,best_state,1570,7127,9600,0.05085720486111111,0.7312499999999998,0.7312499999999998,0.006740972222222222,0.0806,7.544491088904914,9.072580645161288,,,,,,,,,,,1.6550032799249748,2113046
ldpc,N192_M96,tau_pSA,search,737,586,,,,0.6836172144059871,1.3626904584253972,1.7927421675348414,llr,0.33518656523986223,0.0,0.08829204524345938,2.024967356296825,4.825950954130745,linear,2.1646429729954964,0.40895685142002347,best_state,150,6230,6400,0.050596788194444436,0.74375,0.74375,0.006740972222222222,0.0806,7.505859173792108,9.227667493796526,,,,,,,,,,,1.6554740274446151,6096303
ldpc,N192_M96,tau_pSA,search,170,587,,,,4.021474293476081,4.364020425140394,7.903052110007556,snr,0.7980683331975751,0.0,0.3830971543832379,0.9141306909938247,1.043383991165908,constant,8.523473903061086,0.23587544489281148,best_state,1438,6779,9600,0.06143663194444444,0.6104166666666667,0.6104166666666667,0.006740972222222222,0.0806,9.113912640362624,7.573407775020678,,,,,,,,,,,1.6571658687233888,1606230
ldpc,N192_M96,tau_pSA,search,198,588,,,,2.5283406513664417,3.097287054552887,5.211777223516782,snr,0.7039252521392259,0.0,0.3122394238820501,0.8449578502485298,0.9414782528709774,constant,7.544780866537889,0.1911176666452034,majority,3196,5896,9600,0.05268012152777777,0.7020833333333334,0.7020833333333334,0.006740972222222222,0.0806,7.814914494694549,8.710711331679073,,,,,,,,,,,1.6577021790327124,1827962
ldpc,N192_M96,tau_pSA,search,543,589,,,,1.2579368734681677,1.7248165190026348,1.5885913685607786,snr,0.5881514171152409,0.0,0.040572435883298424,1.393469704377919,1.4404555643066426,linear,1.908193509765475,0.31512599859529616,majority,642,9838,12800,0.049218750000000006,0.7687499999999999,0.7666666666666666,0.006740972222222222,0.0806,7.301431956320182,9.537841191066995,,,,,,,,,,,1.658144560391849,4560017
ldpc,N192_M96,tau_pSA,search,256,590,,,,2.154350309530389,3.4558785385934696,3.711678694391849,snr,0.6959374863281313,0.0,0.16650591059520686,0.5577671977735814,0.7098146751962182,constant,6.996237023830694,0.07734876996182877,best_state,14528,4653,19200,0.05640190972222222,0.6770833333333334,0.6770833333333334,0.006740972222222222,0.0806,8.367028948181725,8.400537634408602,,,,,,,,,,,1.6583247863905495,2287264
ldpc,N192_M96,tau_pSA,search,319,591,,,,2.927734961702785,3.9722283344677543,2.494622734251133,llr,0.6913124226223392,0.0,0.12141420328717134,0.7148295484502502,0.8270988846756021,exponential,0.199181100644542,0.13660455548602182,last,2153,7289,9600,0.05691189236111111,0.6604166666666667,0.6604166666666667,0.006740972222222222,0.0806,8.442683115277635,8.193755169561621,,,,,,,,,,,1.6588391427339846,2786161
ldpc,N192_M96,tau_pSA,search,945,592,,,,1.2788552679641412,1.234504783935785,1.5925631518228716,snr,0.659838700124035,0.0,0.05557328459236249,1.9286340744218193,5.241576548776192,linear,1.768668630405258,0.4521360567354388,majority,724,11800,12800,0.0619140625,0.6458333333333334,0.6416666666666667,0.006740972222222222,0.0806,9.184737818069435,8.012820512820513,,,,,,,,,,,1.6592111168844061,7743455
ldpc,N192_M96,tau_pSA,search,549,593,,,,1.224681451308232,2.1804278478971,1.5766182370760504,snr,0.5891031113089764,0.0,0.038868643633394456,2.132378940260153,2.1908297888209156,linear,1.9931312409189668,0.3120511741824246,majority,548,9950,12800,0.04812282986111111,0.7875,0.7875,0.006740972222222222,0.0806,7.13885598022046,9.77047146401985,,,,,,,,,,,1.6603433919860582,4607531
ldpc,N192_M96,tau_pSA,search,685,594,,,,1.5082415472154422,2.066911677748483,1.9293014867856835,fixed,0.5701969235443378,0.0,0.0507070840309485,1.4561457681145729,1.8501020012890745,linear,1.362101554218996,0.5231766722009332,best_state,963,11486,12800,0.0566189236111111,0.6833333333333335,0.6833333333333335,0.006740972222222222,0.0806,8.399222210775728,8.478081058726222,,,,,,,,,,,1.6620920715511271,5684515
ldpc,N192_M96,tau_pSA,search,226,595,,,,3.8394743378362852,4.851610601376388,6.955229937303465,snr,0.7523355424283147,0.0,0.38683862415210873,0.8976433771772929,1.07336479107203,constant,8.255952518875127,0.21107743017292682,best_state,2551,6761,9600,0.05511067708333334,0.6895833333333332,0.6895833333333332,0.006740972222222222,0.0806,8.175479035747399,8.555624483043836,,,,,,,,,,,1.6671182493500816,2049694
ldpc,N192_M96,tau_pSA,search,900,596,,,,1.2238129361819932,1.518370855420445,1.4422951436677212,snr,0.615444396918673,0.0,0.015631489970564537,2.689682373108913,2.7323322087936255,linear,2.232332893913531,0.4339682635654888,best_state,527,11959,12800,0.08122829861111111,0.5125000000000001,0.4166666666666667,0.006740972222222222,0.0806,12.049938188935819,6.358560794044665,,,,,,,,,,,1.6672494735082515,7387100
ldpc,N192_M96,tau_pSA,search,134,597,,,,6.797568925102186,7.222381542161292,7.234828753205164,snr,0.7576654313319086,0.0,0.5256377522660749,0.9994678722715518,1.1747480672285477,piecewise,2.651888580867924,0.6616918535118586,best_state,2227,6244,9600,0.06331380208333333,0.6375,0.6375,0.006740972222222222,0.0806,9.392384361800762,7.909429280397021,,,,,,,,,,,1.6697630136526134,1321146
ldpc,N192_M96,tau_pSA,search,232,598,,,,3.085304834377734,5.554457614475912,4.563121837170248,snr,0.7998508199248374,0.0,0.114525633018556,0.6491610540690121,0.805077740604711,constant,8.591143994069533,0.1351470542042891,best_state,1023,7148,9600,0.052734375,0.75,0.75,0.006740972222222222,0.0806,7.822962810343052,9.305210918114144,,,,,,,,,,,1.6706548592542292,2097208
ldpc,N192_M96,tau_pSA,search,691,599,,,,1.457274097597824,2.0494669989743404,1.9104349151572897,snr,0.5565709574626367,0.0,0.00018144149378689772,1.4711054184369443,1.82721812211943,linear,1.0135167288730673,0.43964373608892116,last,913,11695,12800,0.062489149305555554,0.6354166666666667,0.6354166666666667,0.006740972222222222,0.0806,9.270049963943546,7.883581472291151,,,,,,,,,,,1.6713808258676437,5732029
ldpc,N192_M96,tau_pSA,search,173,600,,,,3.915457464276319,4.479770408046808,5.8021970687647455,snr,0.7960660137344855,0.0,0.39505472117620977,0.9068552845782923,1.1944508244954921,constant,8.60821980516221,0.23375903328672334,best_state,3125,6157,9600,0.06037326388888889,0.6270833333333333,0.6270833333333333,0.006740972222222222,0.0806,8.956165653652004,7.780190239867658,,,,,,,,,,,1.672694064336143,1629987
ldpc,N192_M96,tau_pSA,search,548,601,,,,1.6853708044579407,1.704597095159117,1.5803858656061875,snr,0.5937348064993356,0.0,0.046387617602589304,1.379144713790112,3.668449273962881,linear,1.8768067360355547,0.31412610109843386,majority,685,9832,12800,0.061859809027777775,0.6666666666666666,0.6666666666666666,0.006740972222222222,0.0806,9.176689502420933,8.271298593879239,,,,,,,,,,,1.6732190437508538,4599612
ldpc,N192_M96,tau_pSA,search,121,602,,,,4.958221998109277,8.314067144095505,4.680179920022731,snr,0.4139072719495198,0.0,0.605843673090394,0.7438795700173684,0.9864795256260472,piecewise,4.046981372317355,0.6452567954765882,best_state,2427,6221,9600,0.04864366319444444,0.7875,0.7875,0.006740972222222222,0.0806,7.21611981044607,9.77047146401985,,,,,,,,,,,1.673220604513859,1218199
ldpc,N192_M96,tau_pSA,search,158,603,,,,4.199538923771291,5.30716829613177,5.684445240839714,snr,0.6925769595909412,0.0,0.5432569955894913,0.6553800275255063,1.1747731644196682,constant,7.405327463371639,0.6178390943530536,best_state,2675,6061,9600,0.05546874999999999,0.7041666666666666,0.7041666666666666,0.006740972222222222,0.0806,8.228597919027505,8.736559139784944,,,,,,,,,,,1.6738397009259742,1511202
ldpc,N192_M96,tau_pSA,search,499,604,,,,1.6025974896019668,1.6595114911364302,1.7959065322403587,snr,0.5758622071253252,0.0,0.08025340966645766,1.848536804683109,1.9310381889526325,linear,2.1111494576777607,0.35593241266841796,best_state,183,10385,12800,0.07738715277777779,0.5624999999999999,0.5624999999999999,0.006740972222222222,0.0806,11.480117441021944,6.978908188585606,,,,,,,,,,,1.6742903136616643,4211581
ldpc,N192_M96,tau_pSA,search,570,605,,,,1.4838729922445437,1.3156195779632092,2.445574344173659,snr,0.6513790466600564,0.0,0.021760513779645368,1.536190152271597,1.7239200182736303,linear,1.4786671187626024,0.42019982006296575,best_state,791,11640,12800,0.08560112847222223,0.4895833333333333,0.4625000000000001,0.006740972222222222,0.0806,12.69863243020501,6.074234904880066,,,,,,,,,,,1.674767324515489,4773830
ldpc,N192_M96,tau_pSA,search,885,606,,,,0.8784568445425245,1.3838977266355412,1.037358024938648,snr,0.6623221435085609,0.0,0.0007816715616413214,2.1561004779013895,2.2060823670420633,linear,1.501856369514039,0.2647495525366847,best_state,150,6231,6400,0.05899522569444444,0.7270833333333333,0.7270833333333333,0.006740972222222222,0.0806,8.751738436180075,9.020885028949545,,,,,,,,,,,1.6766560932871972,7268315
ldpc,N192_M96,tau_pSA,search,132,607,,,,4.996673474983801,7.212407795513123,3.8319857852394374,snr,0.41686822139835644,0.0,0.6071237795473521,0.7734688528557552,1.2446369055546742,piecewise,5.960091830472504,0.6402510542929392,best_state,1555,6216,9600,0.05059678819444444,0.7645833333333334,0.7645833333333334,0.006740972222222222,0.0806,7.505859173792109,9.486145574855252,,,,,,,,,,,1.6768908358547907,1305308
ldpc,N192_M96,tau_pSA,search,441,608,,,,1.2123250417779328,1.1438098272378454,2.3600935523940962,snr,0.6343897716905206,0.0,0.06416574311105995,1.343682598601228,2.010352804162307,linear,1.1717317645916834,0.14788066214180495,best_state,551,11458,12800,0.0842013888888889,0.5125000000000001,0.5104166666666666,0.006740972222222222,0.0806,12.49098588647368,6.358560794044665,,,,,,,,,,,1.6817337588894572,3752279
ldpc,N192_M96,tau_pSA,search,181,609,,,,3.010180052411023,3.8268749240950966,6.425009955757855,snr,0.7606662121561176,0.0,0.36534989397050455,1.2328521098570062,1.2945384373611981,constant,9.054929808096475,0.26292611218385836,best_state,1250,7377,9600,0.05730251736111111,0.7104166666666667,0.7104166666666667,0.006740972222222222,0.0806,8.500630987946844,8.814102564102564,,,,,,,,,,,1.6844588862005045,1693339
ldpc,N192_M96,tau_pSA,search,546,610,,,,1.6947080707248487,1.7253061276259718,1.5882194640507568,snr,0.5865195508366406,0.0,0.03329953212301655,1.4223831840611263,2.9361304726755506,linear,1.9573518435464643,0.3097712311693428,majority,623,9848,12800,0.06157769097222222,0.6666666666666666,0.6666666666666666,0.006740972222222222,0.0806,9.134838261048728,8.271298593879239,,,,,,,,,,,1.6845159968269774,4583774
ldpc,N192_M96,tau_pSA,search,633,611,,,,0.6827426161855524,1.3964567231651739,1.245120958743861,snr,0.6284157855506805,0.0,0.010082631204235852,1.8742082639813875,1.9688150544323215,linear,1.3427408810039727,0.39143870833086775,best_state,942,11368,12800,0.05477430555555556,0.7875,0.7875,0.006740972222222222,0.0806,8.125579478726694,9.77047146401985,,,,,,,,,,,1.6857810151717287,5272727
ldpc,N192_M96,tau_pSA,search,288,612,,,,2.5428376520049727,2.585830358148046,3.350148095383957,snr,0.6838199307880231,0.0,0.1877359405870662,0.4889983067262547,0.5731758062839813,cosine,5.650011015295813,0.05265672669422759,best_state,696,8602,19200,0.07642144097222221,0.56875,0.5666666666666667,0.006740972222222222,0.0806,11.336857422478623,7.056451612903225,,,,,,,,,,,1.6863143435557686,2540672
ldpc,N192_M96,tau_pSA,search,362,613,,,,1.4973016729906057,2.3675226193621937,3.040855867733324,snr,0.7424970092590611,0.0,0.26278280332393894,0.6770029795398032,0.9623712551473517,constant,0.3502417491509859,0.22560076028158135,best_state,841,8512,9600,0.05903862847222222,0.7062499999999999,0.7062499999999999,0.006740972222222222,0.0806,8.758177088698877,8.762406947890817,,,,,,,,,,,1.6887091820111997,3126678
ldpc,N192_M96,tau_pSA,search,323,614,,,,2.940099445326991,3.9863841745677147,2.3680750504599386,llr,0.6847335575138309,0.0,0.1471290806873961,0.6266997957202691,0.8062975336096212,exponential,0.5926780611775716,0.1432517402740314,last,2175,7282,9600,0.05972222222222221,0.6895833333333333,0.6895833333333333,0.006740972222222222,0.0806,8.85958586586999,8.555624483043838,,,,,,,,,,,1.6891310375408481,2817837
ldpc,N192_M96,tau_pSA,search,161,615,,,,4.530298299383123,5.080642743183837,5.76963054895029,snr,0.7922060391871192,0.0,0.44263273405731185,0.9111163466635958,1.1640539552662652,piecewise,7.839224864800947,0.5066793850449935,best_state,1459,6044,9600,0.061545138888888885,0.6708333333333334,0.6708333333333334,0.006740972222222222,0.0806,9.130009271659628,8.322994210090984,,,,,,,,,,,1.6897752065054295,1534959
ldpc,N192_M96,tau_pSA,search,561,616,,,,1.3023047102083798,2.167730933918627,0.9580862391096159,snr,0.6205972822129585,0.0,0.022944897216649857,1.1168769354880006,2.41600127952827,linear,0.9817406631245617,0.09190752055442937,best_state,254,9447,12800,0.06092664930555555,0.7479166666666667,0.7479166666666667,0.006740972222222222,0.0806,9.038258473266714,9.279363110008271,,,,,,,,,,,1.690243161704561,4702559
ldpc,N192_M96,tau_pSA,search,369,617,,,,1.6800710180740626,2.230846221282195,2.0789059973813426,snr,0.7472110570167081,0.0,0.24488043068304516,0.6727182045165282,0.9684789377071757,constant,0.6407608235229935,0.8512165601870497,best_state,886,8494,9600,0.06382378472222222,0.6729166666666666,0.6729166666666666,0.006740972222222222,0.0806,9.468038528896672,8.348842018196855,,,,,,,,,,,1.6904296296510537,3182111
ldpc,N192_M96,tau_pSA,search,415,618,,,,1.8104178785304077,1.560663486749999,3.1096052290612546,snr,0.6562328584648226,0.0,0.036447701003579726,0.9243213729909003,2.3033222617546887,linear,0.8041785689656674,0.1833542936776936,best_state,56,9258,12800,0.08787977430555555,0.4895833333333333,0.4791666666666667,0.006740972222222222,0.0806,13.03666168744205,6.074234904880066,,,,,,,,,,,1.6915792343629765,3546385
ldpc,N192_M96,tau_pSA,search,227,619,,,,3.985610645636149,5.034467238017887,6.974806715819568,snr,0.7542417442651761,0.0,0.2263636115985146,0.8911279855197365,1.0617994772454449,constant,9.79040725349525,0.2527241078680763,best_state,2547,6891,9600,0.05914713541666666,0.69375,0.69375,0.006740972222222222,0.0806,8.774273719995879,8.607320099255583,,,,,,,,,,,1.6916134618701437,2057613
ldpc,N192_M96,tau_pSA,search,364,620,,,,1.6396930293479373,2.098269032335517,2.142789218421965,snr,0.745294405937742,0.0,0.25999000608135736,0.6828109453640826,3.436519323148601,constant,0.29926537676555004,0.8833853522662247,best_state,635,8568,9600,0.06695963541666666,0.6395833333333333,0.6395833333333333,0.006740972222222222,0.0806,9.933231173380035,7.935277088502894,,,,,,,,,,,1.6916909363170052,3142516
ldpc,N192_M96,tau_pSA,search,238,621,,,,2.720779143365778,5.468434580521091,4.5356754417015095,snr,0.7301143144873435,0.0,0.1011568126685638,0.6247441654370216,0.8110725818186344,constant,8.36863883573341,0.13440665010723965,best_state,997,7128,9600,0.051258680555555554,0.775,0.775,0.006740972222222222,0.0806,7.604048624703822,9.615384615384615,,,,,,,,,,,1.694088934752669,2144722
ldpc,N192_M96,tau_pSA,search,257,622,,,,2.2943689750348146,3.4086691629385957,3.7965027748972084,snr,0.698409003874169,0.0,0.16469702891809776,0.49686212800328844,0.6876000716915577,constant,6.808081218859202,0.07166126729127656,best_state,15435,3756,19200,0.05770399305555556,0.6958333333333333,0.6958333333333333,0.006740972222222222,0.0806,8.560188523745751,8.633167907361456,,,,,,,,,,,1.6945829175929743,2295183
ldpc,N192_M96,tau_pSA,search,969,623,,,,1.1804511749897035,1.269502054959016,1.3349162978991431,snr,0.5858603011144647,0.0,0.020094584355549498,1.6931119179557148,5.6348303824461325,linear,2.375855700240471,0.4236163171387341,best_state,14,12520,12800,0.07379557291666666,0.6187499999999999,0.6166666666666666,0.006740972222222222,0.0806,10.94731894509117,7.676799007444167,,,,,,,,,,,1.6956787211286424,7933511
ldpc,N192_M96,tau_pSA,search,529,624,,,,1.4306114282882842,2.1907729932784923,1.7135052023404485,fixed,0.6177338210742344,0.0,0.06604538032537785,1.7531919509903793,1.8416107840989195,linear,1.177675327824458,0.33935818923889977,best_state,389,10704,12800,0.05514322916666667,0.75625,0.75625,0.006740972222222222,0.0806,8.1803080251365,9.382754342431761,,,,,,,,,,,1.6971099598953998,4449151
ldpc,N192_M96,tau_pSA,search,827,625,,,,1.201895241698757,1.2808083873841858,2.0268470129538714,snr,0.6370456707888741,0.0,0.002341811339637658,2.349656933391273,2.404978513649656,cosine,1.8694495000306992,0.7629028395412354,best_state,299,12130,12800,0.13650173611111113,0.42083333333333334,0.19166666666666668,0.006740972222222222,0.0806,20.249562171628725,5.221257237386269,,,,,,,,,,,1.6983557553945345,6809013
ldpc,N192_M96,tau_pSA,search,961,626,,,,1.1734365604398596,1.2258992580337256,1.5846050674716765,snr,0.5829580565680045,0.0,0.02343209260629228,1.7327190312769682,3.479967984149736,linear,0.8764370305508214,0.47539949057377184,best_state,464,12053,12800,0.07845052083333333,0.5833333333333334,0.5833333333333334,0.006740972222222222,0.0806,11.637864427732564,7.237386269644334,,,,,,,,,,,1.699187033015509,7870159
ldpc,N192_M96,tau_pSA,search,1000,627,,,,1.315309829408481,1.8772023617346463,1.4691863203912412,snr,0.6657392473840934,0.0,0.08434325817358476,1.9929820782118481,2.075503889064172,linear,2.7829474949887603,0.2958808633371904,last,0,12617,12800,0.06829427083333334,0.64375,0.64375,0.006740972222222222,0.0806,10.131219738333163,7.98697270471464,,,,,,,,,,,1.6993447652662828,8179000
ldpc,N192_M96,tau_pSA,search,255,628,,,,2.1016344840919174,3.4293878005750744,3.718702926295437,snr,0.6988246602458522,0.0,0.16018143504368568,0.49548528017351956,0.7313113727632083,constant,6.909149658557917,0.08394125952094546,best_state,1847,7519,9600,0.057953559027777775,0.7145833333333332,0.7145833333333332,0.006740972222222222,0.0806,8.597210775728856,8.865798180314307,,,,,,,,,,,1.700031631313144,2279345
ldpc,N192_M96,tau_pSA,search,146,629,,,,4.315627570690061,5.9664040297842895,6.675954316984299,snr,0.7938243894840166,0.0,0.6007657883730712,0.5254603461500152,1.0273659599337956,piecewise,4.91806068671434,0.5894021462651995,best_state,2147,5769,9600,0.05595703124999999,0.7291666666666666,0.7291666666666666,0.006740972222222222,0.0806,8.301032759864015,9.046732837055417,,,,,,,,,,,1.7006637495451806,1416174
ldpc,N192_M96,tau_pSA,search,860,630,,,,0.7329652610496236,1.5167207299710102,1.6731302493740159,llr,0.6457753201833379,0.0,0.034936374667319026,1.873242749898038,1.9396475598957612,linear,2.1197468883997996,0.38381349929198316,best_state,443,12067,12800,0.054318576388888894,0.7604166666666666,0.7604166666666666,0.006740972222222222,0.0806,8.057973627279283,9.434449958643507,,,,,,,,,,,1.700880121286558,7070340
ldpc,N192_M96,tau_pSA,search,917,631,,,,0.9176536771334409,1.0922041475326874,1.2015069107625693,snr,0.5261739778818443,0.0,0.07239687357389193,1.57215917666135,6.160428173460547,linear,3.201202187722195,0.27436184996334095,best_state,1010,11461,12800,0.06566840277777777,0.6854166666666667,0.6854166666666667,0.006740972222222222,0.0806,9.74168126094571,8.503928866832092,,,,,,,,,,,1.7013918948072315,7521723
ldpc,N192_M96,tau_pSA,search,221,632,,,,3.731122140340974,4.979188536465145,6.709595583648568,snr,0.7537101716175822,0.0,0.38461244762080576,0.9044094780684598,1.0663130697615597,constant,8.201477523266913,0.25307039722347563,best_state,2561,6873,9600,0.05735677083333333,0.7125,0.7125,0.006740972222222222,0.0806,8.508679303595343,8.839950372208436,,,,,,,,,,,1.7023332306283299,2010099
ldpc,N192_M96,tau_pSA,search,174,633,,,,3.999485948205062,5.086569331449182,7.550892425931539,snr,0.7669309807781595,0.0,0.3890937488707186,0.7846394021553086,1.176745536356644,constant,6.786794624287587,0.2285034288990509,best_state,3059,6116,9600,0.058919270833333336,0.6958333333333333,0.6958333333333333,0.006740972222222222,0.0806,8.740470794272175,8.633167907361456,,,,,,,,,,,1.7039192876063973,1637906
ldpc,N192_M96,tau_pSA,search,180,634,,,,4.026302304404997,4.5997360431103775,7.767853820344446,snr,0.7988559527268749,0.0,0.39472235444347675,0.9215925861535813,1.0460832985415747,constant,8.484568579703854,0.22675615782361447,best_state,1415,6645,9600,0.062456597222222236,0.6749999999999999,0.6749999999999999,0.006740972222222222,0.0806,9.265220974554447,8.374689826302728,,,,,,,,,,,1.706034264232105,1685420
ldpc,N192_M96,tau_pSA,search,954,635,,,,0.9767845141052576,1.964573055365499,2.087627772532874,snr,0.6147619765585921,0.0,0.6570079165619925,1.4103780694877874,4.925214725456623,piecewise,1.546830500486334,0.3884466697418706,best_state,17484,1711,19200,0.05082465277777778,0.8083333333333332,0.8083333333333332,0.006740972222222222,0.0806,7.539662099515813,10.028949545078575,,,,,,,,,,,1.7077336296026548,7814726
ldpc,N192_M96,tau_pSA,search,346,636,,,,1.586041414687886,3.5980917570630204,1.8886147726563525,snr,0.72972787036078,0.0,0.11364726034582236,0.7822975376985986,0.8683827791908029,constant,0.48128779104910857,0.17834012626988097,best_state,1105,8312,9600,0.05007595486111111,0.8458333333333333,0.8458333333333333,0.006740972222222222,0.0806,7.428595343566498,10.494210090984284,,,,,,,,,,,1.710386535993271,2999974
ldpc,N192_M96,tau_pSA,search,275,637,,,,1.7506355855947444,2.8077120886010714,4.05947004268893,snr,0.656310816307491,0.0,0.1365261324799091,0.5854309764999494,0.6467002502297633,constant,6.923610980194542,0.103148357313169,best_state,10563,7755,19200,0.061686197916666664,0.7229166666666668,0.7229166666666668,0.006740972222222222,0.0806,9.15093489234573,8.969189412737801,,,,,,,,,,,1.7117721814167004,2437725
ldpc,N192_M96,tau_pSA,search,106,638,,,,5.30041571616287,6.755843522943796,7.845924565663566,snr,0.4914665094982608,0.0,0.5153484061610868,0.40904666361329794,0.8651165995267169,piecewise,2.970803792228171,0.45775258586740536,best_state,433,5383,6400,0.06048177083333334,0.69375,0.69375,0.006740972222222222,0.0806,8.972262284949007,8.607320099255583,,,,,,,,,,,1.711819544823116,1099414
ldpc,N192_M96,tau_pSA,search,404,639,,,,1.1895830781264498,2.467729361492978,2.928575104190879,snr,0.6751332651858397,0.0,0.027752416478217305,0.8757157911418818,0.9387333632659247,constant,0.6525518878012853,0.1593927008412468,best_state,290,8733,9600,0.053385416666666664,0.7999999999999999,0.7999999999999999,0.006740972222222222,0.0806,7.919542598125064,9.925558312655085,,,,,,,,,,,1.7130832886439387,3459276
ldpc,N192_M96,tau_pSA,search,163,640,,,,4.510988190762096,5.3629883665715665,5.801662749306005,snr,0.7775542210898423,0.0,0.5533686130645055,0.9531949478206017,1.1703274083717154,piecewise,7.82959655058937,0.6182750619379437,best_state,2652,5998,9600,0.059982638888888884,0.7166666666666667,0.7166666666666667,0.006740972222222222,0.0806,8.898217780982796,8.891645988420182,,,,,,,,,,,1.7134117283695713,1550797
ldpc,N192_M96,tau_pSA,search,921,641,,,,0.8871594941013138,1.0075425750780806,1.214280455116479,snr,0.588021913862409,0.0,0.07918118118640224,1.590667476164697,6.081519836737036,linear,3.3951456391741477,0.36602458407856087,best_state,1008,11468,12800,0.07712673611111111,0.65625,0.65625,0.006740972222222222,0.0806,11.441485525909137,8.142059553349876,,,,,,,,,,,1.7166755691920628,7553399
ldpc,N192_M96,tau_pSA,search,943,642,,,,1.3090630454879195,1.2316492468203601,2.5531178182122156,snr,0.6465506270312296,0.0,0.037417217503452366,1.9260227009795592,5.21318907054516,linear,1.7733418955007443,0.45594573717284903,best_state,720,11813,12800,0.09074435763888888,0.5125,0.4958333333333333,0.006740972222222222,0.0806,13.461612753682909,6.3585607940446645,,,,,,,,,,,1.717699425756251,7727617
ldpc,N192_M96,tau_pSA,search,228,643,,,,3.5165527865675554,4.9725224656891385,6.7614269607258715,snr,0.7442339669180879,0.0,0.3804676888804489,0.8753291361170554,1.0773416480407023,constant,9.95909424955964,0.25403903838876984,best_state,2522,6803,9600,0.05795355902777777,0.7416666666666667,0.7416666666666667,0.006740972222222222,0.0806,8.597210775728854,9.201819685690653,,,,,,,,,,,1.719541889266344,2065532
ldpc,N192_M96,tau_pSA,search,916,644,,,,0.8652477015671668,1.0172528551486415,1.1806385449146084,snr,0.5828158507737923,0.0,0.08532536628196394,1.5775569255595827,5.74849815324231,linear,2.8612631496713923,0.3655583170949848,best_state,1006,11474,12800,0.06963975694444445,0.6875,0.6854166666666667,0.006740972222222222,0.0806,10.33081796641599,8.529776674937965,,,,,,,,,,,1.723140009599697,7513804
ldpc,N192_M96,tau_pSA,search,554,645,,,,1.3161252060636917,2.1878076480354336,0.9761181791492616,snr,0.6170939213402321,0.0,0.09826527934596532,1.0732181617952532,2.092465448469324,linear,1.050855331783541,0.4133533719713526,best_state,207,10390,12800,0.061740451388888895,0.7625000000000001,0.7625000000000001,0.006740972222222222,0.0806,9.158983207994233,9.46029776674938,,,,,,,,,,,1.7237150509276398,4647126
ldpc,N192_M96,tau_pSA,search,705,646,,,,1.2203104511425489,1.2560656349956756,1.690902004784507,snr,0.6083058325420436,0.0,0.08525180773048999,1.7063134118256893,1.9845917083088858,linear,1.5958431822912218,0.3077988117694507,best_state,0,12441,12800,0.08678385416666666,0.5875,0.5875,0.006740972222222222,0.0806,12.87408571134233,7.2890818858560795,,,,,,,,,,,1.7278049431533888,5842895
ldpc,N192_M96,tau_pSA,search,512,647,,,,1.3725029619322864,2.094796775753913,1.5014728943639428,snr,0.6036209096045074,0.0,0.02976189956399827,1.4957707745014908,2.5013347873308533,linear,1.6097974401277089,0.29291530482955774,last,519,10700,12800,0.06720920138888889,0.6625,0.6625,0.006740972222222222,0.0806,9.97025342536314,8.219602977667494,,,,,,,,,,,1.7285139370709213,4314528
ldpc,N192_M96,tau_pSA,search,544,648,,,,1.6421537074783619,1.722523519740706,1.3472114449448949,snr,0.5798154177970178,0.0,0.0411857897182929,1.3953155545203986,1.4348620527771607,linear,1.9037858014639426,0.31323902547653826,majority,640,9941,12800,0.06287977430555557,0.7062499999999999,0.7062499999999999,0.006740972222222222,0.0806,9.327997836612756,8.762406947890817,,,,,,,,,,,1.7287861640428657,4567936
ldpc,N192_M96,tau_pSA,search,177,649,,,,3.64675197139287,4.452028631810696,7.550063235498725,snr,0.7962072028218031,0.0,0.44490931138293915,0.9298227469276906,1.034679327926856,constant,7.166201621886234,0.2201684293654756,best_state,3031,6147,9600,0.06163194444444444,0.7125,0.7104166666666667,0.006740972222222222,0.0806,9.14288657669723,8.839950372208436,,,,,,,,,,,1.7297978083727406,1661663
ldpc,N192_M96,tau_pSA,search,368,650,,,,1.7136525143125878,2.183418622148702,2.221129354714174,snr,0.7126273712521326,0.0,0.2590023656773306,0.6787611200941558,0.956127407301381,constant,0.321638811625108,0.8072112395750353,best_state,884,8550,9600,0.06929253472222223,0.6604166666666667,0.6604166666666667,0.006740972222222222,0.0806,10.279308746265583,8.193755169561621,,,,,,,,,,,1.7304393148976076,3174192
ldpc,N192_M96,tau_pSA,search,200,651,,,,3.0021965012573064,4.394051020566272,5.1493471633084935,snr,0.7230001502781886,0.0,0.30627027093977444,0.8333332810061975,1.0519626017049155,constant,7.6368670575452775,0.19006630060176374,majority,3424,5892,9600,0.056130642361111115,0.7729166666666667,0.7729166666666667,0.006740972222222222,0.0806,8.32678736993922,9.589536807278742,,,,,,,,,,,1.7320385090955104,1843800
ldpc,N192_M96,tau_pSA,search,222,652,,,,3.9499339599202887,5.018079184533437,7.003312092765209,snr,0.7509313499611947,0.0,0.38217337678438695,0.890273993338741,1.0692930777348026,constant,9.967568602073877,0.2522811475372233,best_state,2573,6870,9600,0.06061197916666666,0.725,0.7229166666666668,0.006740972222222222,0.0806,8.991578242505408,8.995037220843672,,,,,,,,,,,1.732045727481182,2018018
ldpc,N192_M96,tau_pSA,search,504,653,,,,1.5122423944067174,1.6642629959119384,1.198055930224855,snr,0.5990106163526363,0.0,0.03271886226980361,1.825873036957956,2.693014439435222,linear,1.4612012030313954,0.4006967918350087,best_state,185,9468,12800,0.07935112847222223,0.6354166666666666,0.6354166666666666,0.006740972222222222,0.0806,11.771466467497683,7.883581472291149,,,,,,,,,,,1.7329146861178397,4251176
ldpc,N192_M96,tau_pSA,search,983,654,,,,1.5076111797446499,1.4543152736383307,1.9059973677580377,snr,0.6401161657248184,0.0,0.0604322708534563,2.1602954744344522,2.2487418065076294,linear,1.5984183987885836,0.40253366796827184,best_state,244,11011,12800,0.09240451388888889,0.5541666666666666,0.55,0.006740972222222222,0.0806,13.707891212527043,6.875516956162116,,,,,,,,,,,1.7332500020627726,8044377
ldpc,N192_M96,tau_pSA,search,977,655,,,,1.471013217163014,1.4673971518354385,1.8958342812447222,snr,0.6397629909137273,0.0,0.07167259617558391,0.06808711544556331,3.9947220890192483,linear,1.6194904729549133,0.40323535832696783,best_state,225,12357,12800,0.08247612847222223,0.5729166666666666,0.5729166666666666,0.006740972222222222,0.0806,12.235049448851345,7.10814722911497,,,,,,,,,,,1.7361374597500308,7996863
ldpc,N192_M96,tau_pSA,search,568,656,,,,1.4782063726152326,1.2832946622208496,2.494394567741556,snr,0.6488157483666969,0.0,0.020703256114696374,1.572255169948448,1.6930476235247183,linear,2.349648814037537,0.14562873418456518,best_state,955,11031,12800,0.09966362847222221,0.5229166666666666,0.5020833333333333,0.006740972222222222,0.0806,14.784755846296486,6.487799834574027,,,,,,,,,,,1.7372468193285266,4757992
ldpc,N192_M96,tau_pSA,search,124,657,,,,4.759922328447671,7.0305196939462755,3.96703973345767,snr,0.411862490698841,0.0,0.608252197275829,0.19598604253052826,1.6014805061369546,piecewise,6.0903985708363395,0.5798293433652799,best_state,1731,6201,9600,0.05326605902777778,0.8249999999999998,0.8249999999999998,0.006740972222222222,0.0806,7.901836303698362,10.235732009925556,,,,,,,,,,,1.7374170952990218,1241956
ldpc,N192_M96,tau_pSA,search,566,658,,,,1.4542604777596744,1.2877304977428399,2.3388227780908237,snr,0.6505219995445788,0.0,0.02559401488711979,1.6254762698629106,1.687912758211702,linear,1.4737200799720243,0.4204354925432712,best_state,885,11690,12800,0.09419487847222223,0.5187499999999999,0.4895833333333333,0.006740972222222222,0.0806,13.97348562892758,6.436104218362281,,,,,,,,,,,1.7392369592051837,4742154
ldpc,N192_M96,tau_pSA,search,18,659,,,,7.685645036620335,10.952864682801122,6.942503783974256,snr,0.3828859196298962,0.0,0.5905952458728869,0.4871373148779547,1.0791009807219327,piecewise,9.731983466242356,0.48410246841986937,best_state,330,6046,6400,0.05670572916666666,0.7958333333333334,0.7958333333333334,0.006740972222222222,0.0806,8.412099515813331,9.873862696443341,,,,,,,,,,,1.7393878385499628,402542
ldpc,N192_M96,tau_pSA,search,688,660,,,,1.4725533382081384,2.1212811290619813,1.9357602276963124,snr,0.5566189070814773,0.0,0.051164418396463685,1.4888245275359404,1.8181748405710678,linear,1.3758146072837627,0.4906464253949325,last,953,11478,12800,0.06630859375,0.68125,0.68125,0.006740972222222222,0.0806,9.836651385598023,8.452233250620347,,,,,,,,,,,1.7394981740852236,5708272
ldpc,N192_M96,tau_pSA,search,104,661,,,,5.308487630964743,6.685974047901942,4.225002810917476,snr,0.6355045700893536,0.0,0.4954331185401779,2.3750276048311805,8.224754153516214,piecewise,6.655954255201742,0.480777455640282,best_state,50,5963,6400,0.052853732638888894,0.8416666666666668,0.8416666666666668,0.006740972222222222,0.0806,7.840669104769755,10.44251447477254,,,,,,,,,,,1.7398497134881652,1083576
ldpc,N192_M96,tau_pSA,search,401,662,,,,1.1258293089838953,2.420562454382476,2.92249275233384,snr,0.6757790116271175,0.0,0.14480249496138503,0.8752320406051369,0.9328162681652231,linear,0.6591858987986061,0.16553449232008213,best_state,259,8741,9600,0.056163194444444446,0.8208333333333333,0.8208333333333333,0.006740972222222222,0.0806,8.33161635932832,10.184036393713813,,,,,,,,,,,1.7409703309716147,3435519
ldpc,N192_M96,tau_pSA,search,552,663,,,,1.6810547845742956,1.7535769758912776,1.3567694437704678,snr,0.5886561409191694,0.0,0.03575828221951833,1.3819162468012376,2.981141430025263,linear,1.9100167426785064,0.3587271340926858,majority,605,9786,12800,0.06490885416666667,0.7166666666666667,0.7166666666666667,0.006740972222222222,0.0806,9.629004841866696,8.891645988420182,,,,,,,,,,,1.74153871050389,4631288
ldpc,N192_M96,tau_pSA,search,125,664,,,,4.812026820219186,6.757329695460756,4.6494124421263505,snr,0.7374541408477375,0.0,0.737922016383649,0.728332440917813,0.9893653862427311,piecewise,3.9975211202699175,0.6414974708207081,best_state,2271,6255,9600,0.055826822916666664,0.7875000000000001,0.7875000000000001,0.006740972222222222,0.0806,8.281716802307614,9.770471464019852,,,,,,,,,,,1.741632490018915,1249875
ldpc,N192_M96,tau_pSA,search,374,665,,,,1.437187175929612,3.102445616329189,3.4739978920401557,snr,0.7061935157230796,0.0,0.18574898799430836,0.8359118508663196,2.964379378221061,constant,0.5496402029054137,0.7941671140641254,best_state,1158,8215,9600,0.05443793402777778,0.8333333333333334,0.8333333333333334,0.006740972222222222,0.0806,8.075679921705985,10.339123242349048,,,,,,,,,,,1.7426814609720012,3221706
ldpc,N192_M96,tau_pSA,search,689,666,,,,1.4757403888360907,2.097783048211961,1.9333864764218551,snr,0.5093341077211881,0.0,0.056303839978587254,1.490816833937693,1.817278688057148,linear,1.7426840649917927,0.4416918821348892,last,9472,3320,12800,0.06598307291666666,0.6958333333333333,0.6958333333333333,0.006740972222222222,0.0806,9.788361491707015,8.633167907361456,,,,,,,,,,,1.743941355328783,5716191
ldpc,N192_M96,tau_pSA,search,167,667,,,,4.36207528517361,8.07887246108837,5.782600948477345,snr,0.7943982714527194,0.0,0.43158110900323443,0.7358822347986872,1.1574437249089837,constant,7.39541628380885,0.6180787456721192,best_state,2634,6057,9600,0.05254991319444444,0.8354166666666666,0.8354166666666666,0.006740972222222222,0.0806,7.795598537138148,10.364971050454919,,,,,,,,,,,1.7442363278455597,1582473
ldpc,N192_M96,tau_pSA,search,193,668,,,,2.52307525881595,3.144900484013851,5.164473630179325,snr,0.04291331561675993,0.0,0.3310756602896522,1.2604411175734858,1.359319817941488,constant,7.405679527127529,0.18302753211786368,majority,3168,3538,9600,0.061545138888888885,0.7333333333333334,0.7333333333333334,0.006740972222222222,0.0806,9.130009271659628,9.098428453267163,,,,,,,,,,,1.7443179359656424,1788367
ldpc,N192_M96,tau_pSA,search,172,669,,,,3.9886197815768965,5.147473607747562,7.789324952652479,snr,0.7677916799106215,0.0,0.36903231052847785,0.9447694754814217,1.1824659046187531,constant,8.327946573077316,0.23270264143106187,best_state,2970,5936,9600,0.060329861111111105,0.7604166666666666,0.7604166666666666,0.006740972222222222,0.0806,8.949727001133203,9.434449958643507,,,,,,,,,,,1.7450965103052705,1622068
ldpc,N192_M96,tau_pSA,search,513,670,,,,1.3464209185821991,2.090153669227317,1.4818026175980437,snr,0.6081088906369543,0.0,0.029432348423474346,1.4665434430455353,2.5177675872107015,linear,1.623802877204024,0.2912290924273683,last,533,11820,12800,0.06846788194444445,0.6895833333333333,0.6895833333333333,0.006740972222222222,0.0806,10.156974348408365,8.555624483043838,,,,,,,,,,,1.7459004176417205,4322447
ldpc,N192_M96,tau_pSA,search,20,671,,,,6.8512089243468095,7.398387939683391,6.967885774421723,snr,0.3884939460104603,0.0,0.587156881964062,2.537499115584456,11.888399025424603,piecewise,9.535788603985687,0.5243183061761217,best_state,210,6115,6400,0.057400173611111105,0.7854166666666668,0.7854166666666668,0.006740972222222222,0.0806,8.515117956114144,9.74462365591398,,,,,,,,,,,1.747026948483201,418380
ldpc,N192_M96,tau_pSA,search,314,672,,,,2.8750011148376493,3.9972858404693703,2.5858875750045685,llr,0.6905306014999009,0.0,0.06946849821595821,0.6953802560739177,0.8207711137444984,exponential,0.35943001606308456,0.14323900618019197,last,2183,7287,9600,0.06100260416666666,0.7333333333333334,0.7333333333333334,0.006740972222222222,0.0806,9.049526115174617,9.098428453267163,,,,,,,,,,,1.7472841414532176,2746566
ldpc,N192_M96,tau_pSA,search,99,673,,,,5.225689139026409,6.529321276093771,4.080139465240123,snr,0.48386986135443133,0.0,0.5811153465271469,0.43129782941902783,0.8735223369743935,piecewise,3.053493657327872,0.4868392242920089,best_state,1,5966,6400,0.062228732638888895,0.7458333333333332,0.7458333333333332,0.006740972222222222,0.0806,9.231418048830742,9.253515301902397,,,,,,,,,,,1.75290234095796,1043981
ldpc,N192_M96,tau_pSA,search,997,674,,,,1.296895181109592,1.7958565613570039,1.4723614602624147,snr,0.6619819960192154,0.0,0.15210425453008325,2.0129181368743447,2.1251518138261964,linear,0.6988434596095547,0.29339883882239237,last,218,11257,12800,0.07167968749999999,0.6604166666666668,0.6604166666666668,0.006740972222222222,0.0806,10.63343463479963,8.193755169561621,,,,,,,,,,,1.7537512178493015,8155243
ldpc,N192_M96,tau_pSA,search,24,675,,,,5.223534114809211,7.0009847374864504,6.945847877111738,snr,0.4217476264717211,0.0,0.59796020432484,0.5293742697087581,0.932671583604036,piecewise,9.623041453502312,0.4768315022543126,best_state,383,5881,6400,0.060525173611111115,0.7624999999999998,0.7624999999999998,0.006740972222222222,0.0806,8.978700937467808,9.460297766749378,,,,,,,,,,,1.759380083458233,450056
ldpc,N192_M96,tau_pSA,search,37,676,,,,4.406440400182746,5.944271248192548,4.928148825159621,snr,0.5112107076325116,0.0,0.7851280902634156,0.7048715017113418,1.3825822003264627,piecewise,5.558650730027804,0.573117025637651,best_state,4759,6805,12800,0.056662326388888885,0.8145833333333333,0.8145833333333333,0.006740972222222222,0.0806,8.40566086329453,10.106492969396195,,,,,,,,,,,1.7613675503223263,553003
ldpc,N192_M96,tau_pSA,search,129,677,,,,4.848757313269848,8.672737881530251,4.695513257062602,snr,0.3882866522628702,0.0,0.6504565552297917,0.18240686860440167,1.6936671136160895,piecewise,1.4687197867679243,0.6355325634607986,best_state,4384,5040,9600,0.05523003472222222,0.8520833333333334,0.8520833333333334,0.006740972222222222,0.0806,8.193185330174101,10.571753515301904,,,,,,,,,,,1.7627347618233975,1281551
ldpc,N192_M96,tau_pSA,search,122,678,,,,4.883050830516135,8.5379184355182,4.6495165482018,snr,0.6158061715894186,0.0,0.608269238029924,0.7394311598010657,1.2073529649803874,piecewise,6.082613214858553,0.44667671172803575,best_state,4322,5088,9600,0.053689236111111115,0.8583333333333333,0.8583333333333333,0.006740972222222222,0.0806,7.964613165756671,10.64929693961952,,,,,,,,,,,1.7636491500820486,1226118
ldpc,N192_M96,tau_pSA,search,19,679,,,,7.77585530180206,11.72134106145024,4.117639633327073,snr,0.4341483357025736,0.0,0.596554803418557,0.5595301229680428,0.8500468494340586,piecewise,9.994603019930949,0.4767875949108809,best_state,3749,1944,6400,0.05381944444444445,0.8541666666666666,0.8541666666666666,0.006740972222222222,0.0806,7.983929123313073,10.597601323407774,,,,,,,,,,,1.763870277639602,410461
ldpc,N192_M96,tau_pSA,search,523,680,,,,0.759476912020335,1.9287250820849462,1.6662138128105868,snr,0.6372253710491659,0.0,0.004566910329685348,1.2484386764308915,2.6725512721706606,linear,0.8243605048217332,0.37785593370861237,best_state,813,11136,12800,0.051953124999999996,0.8916666666666666,0.8916666666666666,0.006740972222222222,0.0806,7.707067065004636,11.062861869313481,,,,,,,,,,,1.7644279970819903,4401637
ldpc,N192_M96,tau_pSA,search,47,681,,,,4.144395737465511,6.12139009602583,4.591247477477457,snr,0.5123493026145021,0.0,0.7839264695928214,0.38276111687247555,1.2346638234786056,piecewise,5.428091160705253,0.5620772311510123,best_state,4902,6778,12800,0.05756293402777778,0.81875,0.81875,0.006740972222222222,0.0806,8.53926290305965,10.15818858560794,,,,,,,,,,,1.764576801071837,632193
ldpc,N192_M96,tau_pSA,search,46,682,,,,4.213601603296482,6.113389608184845,4.511754818892553,snr,0.514709021142245,0.0,0.7366227748516592,0.358938016540263,1.4303293656824199,piecewise,5.5500326418269585,0.5549441917774907,best_state,4967,6801,12800,0.057942708333333336,0.8229166666666666,0.8229166666666666,0.006740972222222222,0.0806,8.595601112599155,10.209884201819685,,,,,,,,,,,1.768622035546035,624274
ldpc,N192_M96,tau_pSA,search,1,683,,,,3.932577069451677,5.282775008026777,3.737406859581251,snr,0.40342018995747053,0.0,0.671250741894543,0.053691398309664164,0.6792748607646949,piecewise,0.33603513894879394,0.5877336654329763,best_state,3454,6062,12800,0.06398654513888889,0.7645833333333334,0.7645833333333334,0.006740972222222222,0.0806,9.492183475842177,9.486145574855252,,,,,,,,,,,1.7710003434982435,267919
ldpc,N192_M96,tau_pSA,search,184,684,,,,3.650575568911174,3.667487344796047,6.215411387312767,snr,0.7592449607603684,0.0,0.35579218276817237,1.038680878353956,1.125292286683876,constant,9.133021841197385,0.27230374080440584,best_state,1262,7386,9600,0.08148871527777778,0.6208333333333332,0.6208333333333332,0.006740972222222222,0.0806,12.088570104048625,7.70264681555004,,,,,,,,,,,1.773660557299704,1717096
ldpc,N192_M96,tau_pSA,search,76,685,,,,5.1346497779263585,10.29807900335367,2.87788926344006,snr,0.40641653952344653,0.0,0.711404238248941,0.06704330761641009,0.7507997795265586,piecewise,4.651800300094902,0.6210688897177306,best_state,6327,5955,12800,0.054871961805555564,0.8729166666666667,0.8729166666666667,0.006740972222222222,0.0806,8.140066446893995,10.830231596360628,,,,,,,,,,,1.7741869549800353,861844
ldpc,N192_M96,tau_pSA,search,13,686,,,,7.412069766568002,10.90225405898554,7.432473735854497,snr,0.4420262431723934,0.0,0.6031991540584685,0.41693203889797975,0.8577443391161965,piecewise,9.310821368231478,0.4878855081663848,best_state,218,5890,6400,0.059071180555555554,0.8208333333333333,0.8208333333333333,0.006740972222222222,0.0806,8.763006078087978,10.184036393713813,,,,,,,,,,,1.7782968524596552,362947
ldpc,N192_M96,tau_pSA,search,693,687,,,,1.4933024147518006,2.058344768932858,1.8990158898232272,fixed,0.5540120966006843,0.0,0.047066805348527155,1.515934961014104,1.809302434959782,linear,1.0315952222683409,0.4852822710381812,best_state,9788,3003,12800,0.06472439236111112,0.7687499999999999,0.7687499999999999,0.006740972222222222,0.0806,9.601640568661791,9.537841191066995,,,,,,,,,,,1.7814365260297058,5747867
ldpc,N192_M96,tau_pSA,search,123,688,,,,4.85478971676079,8.520469802478257,1.7643067471988974,snr,0.4113451896963849,0.0,0.6453124450140707,0.7997425813555173,1.2391680530176692,piecewise,4.185553856632958,0.6398708432126144,best_state,3358,224,6400,0.05796440972222222,0.8416666666666668,0.8416666666666668,0.006740972222222222,0.0806,8.598820438858557,10.44251447477254,,,,,,,,,,,1.7864194664989737,1234037
ldpc,N192_M96,tau_pSA,search,16,689,,,,7.73686955764972,8.698593051268082,6.3867100130220535,snr,0.41087425027744184,0.0,0.5879339156612367,2.6653489049546244,10.653934144114507,piecewise,7.795397979113465,0.49654729982757284,best_state,381,5537,6400,0.05632595486111111,0.8562500000000001,0.8562500000000001,0.006740972222222222,0.0806,8.355761306273823,10.623449131513647,,,,,,,,,,,1.787502867021378,386704
ldpc,N192_M96,tau_pSA,search,162,690,,,,4.379435845151777,7.835717133590925,5.6554245186497045,snr,0.782166287353748,0.0,0.6148570316506331,0.68160099990226,1.157529075621496,constant,7.163345787330975,0.11601611135376677,best_state,2665,6061,9600,0.05500217013888889,0.8708333333333332,0.8708333333333332,0.006740972222222222,0.0806,8.159382404450398,10.804383788254754,,,,,,,,,,,1.7890066991616267,1542878
ldpc,N192_M96,tau_pSA,search,365,691,,,,1.6449974581619733,2.2222790353110775,1.611408674471735,snr,0.744438653633317,0.0,0.261513490307956,0.7138648138457224,0.9704366679001863,constant,0.4898395520161599,0.22221382647977386,best_state,932,8512,9600,0.07192925347222222,0.7333333333333334,0.7333333333333334,0.006740972222222222,0.0806,10.670456886782734,9.098428453267163,,,,,,,,,,,1.7894577866632368,3150435
ldpc,N192_M96,tau_pSA,search,14,692,,,,7.7574540326574475,10.86465776277688,7.239196151886878,snr,0.4139278015618832,0.0,0.5912343759517721,0.5033926762999793,0.8551684316707682,piecewise,9.516206116560443,0.47306918558406186,best_state,353,5802,6400,0.05967881944444445,0.8145833333333333,0.8145833333333333,0.006740972222222222,0.0806,8.85314721335119,10.106492969396195,,,,,,,,,,,1.7899371830687447,370866
ldpc,N192_M96,tau_pSA,search,131,693,,,,4.8294057888601,8.597514303309474,4.703053181359811,snr,0.6140199370594221,0.0,0.6514835190898955,0.18303873441171364,1.6333389620961505,piecewise,1.4561615999054436,0.6255439229930464,best_state,1517,6157,9600,0.05738932291666667,0.8479166666666668,0.8479166666666668,0.006740972222222222,0.0806,8.513508292984445,10.520057899090158,,,,,,,,,,,1.7918648771246752,1297389
ldpc,N192_M96,tau_pSA,search,64,694,,,,6.227287323644694,7.923984261970976,5.924602970379156,snr,0.4784772513680516,0.0,0.8702759067788415,0.6315345141442451,1.0709734431261901,cosine,8.304226877922375,0.4180187589918505,best_state,8781,8639,19200,0.05901692708333334,0.8354166666666667,0.8354166666666667,0.006740972222222222,0.0806,8.754957762439478,10.36497105045492,,,,,,,,,,,1.7925336578624433,766816
ldpc,N192_M96,tau_pSA,search,45,695,,,,4.427194893052009,5.846811254612257,4.569851372098278,snr,0.5201335225816609,0.0,0.8090505048430431,0.3448215938710092,1.4532734822988065,piecewise,5.544069865899243,0.568272646243662,best_state,4594,6827,12800,0.05801866319444444,0.85,0.85,0.006740972222222222,0.0806,8.606868754507056,10.54590570719603,,,,,,,,,,,1.7969170040309737,616355
ldpc,N192_M96,tau_pSA,search,530,696,,,,0.9965358113563587,1.4828225630544112,1.884220791470957,fixed,0.5531556935203407,0.0,0.061787744144898134,1.7048302170387966,1.8069126566194778,linear,1.2606662783690163,0.31273091039715706,best_state,42,10760,12800,0.0671875,0.7708333333333334,0.7708333333333334,0.006740972222222222,0.0806,9.96703409910374,9.56368899917287,,,,,,,,,,,1.7973182854665166,4457070
ldpc,N192_M96,tau_pSA,search,39,697,,,,4.321229361981822,5.900687146199273,4.514677017586802,snr,0.5169162119029846,0.0,0.7610189090707685,0.36104458159707037,1.4033498255535992,piecewise,6.179770933779932,0.5507623158813384,best_state,5037,6793,12800,0.06166449652777778,0.8291666666666666,0.8291666666666666,0.006740972222222222,0.0806,9.14771556608633,10.287427626137303,,,,,,,,,,,1.797959270114387,568841
ldpc,N192_M96,tau_pSA,search,48,698,,,,4.40616059832932,6.02621386516849,4.554983688103442,snr,0.5079652233216515,0.0,0.7726295086135884,0.36406051583396704,1.4022242954054782,piecewise,6.121362819760106,0.5699440769717286,best_state,5836,4995,12800,0.059103732638888885,0.8458333333333333,0.8458333333333333,0.006740972222222222,0.0806,8.767835067477078,10.494210090984284,,,,,,,,,,,1.797962084475409,640112
ldpc,N192_M96,tau_pSA,search,864,699,,,,0.706353411636575,1.428804014401288,1.6730430575655655,llr,0.5919693847089309,0.0,0.029248337849723405,0.17538778993705176,1.523449362140869,linear,1.1530638590747608,0.37775388369061025,best_state,463,12058,12800,0.058745659722222225,0.8624999999999999,0.8624999999999999,0.006740972222222222,0.0806,8.714716184196972,10.700992555831265,,,,,,,,,,,1.7986461230111852,7102016
ldpc,N192_M96,tau_pSA,search,967,700,,,,1.1948097027820321,1.2688349024371957,1.3428982895656492,snr,0.5802833566151379,0.0,0.017990354825868148,1.7297588395192498,5.48552792592653,linear,3.260892552582663,0.36427264605467635,best_state,422,11101,12800,0.08726128472222222,0.65625,0.65625,0.006740972222222222,0.0806,12.94491088904914,8.142059553349876,,,,,,,,,,,1.7990728391190907,7917673
ldpc,N192_M96,tau_pSA,search,920,701,,,,0.9287005725534871,1.0604568970830426,1.158231561902812,snr,0.5847675119963701,0.0,0.08374242373962126,1.5220726851696182,5.705015305186307,linear,2.9053078430065216,0.27600483030484846,best_state,900,11619,12800,0.08020833333333334,0.7083333333333334,0.7083333333333334,0.006740972222222222,0.0806,11.898629854744,8.788254755996691,,,,,,,,,,,1.7991441148721252,7545480
ldpc,N192_M96,tau_pSA,search,500,702,,,,1.5195271433894897,1.6669249837423163,1.2786220341903558,snr,0.5748453684768774,0.0,0.08563119946533425,1.8575928126520536,1.9203417877961277,linear,2.0334318340702837,0.32641543737743234,best_state,184,10347,12800,0.08923611111111111,0.6479166666666666,0.6479166666666666,0.006740972222222222,0.0806,13.23786957865458,8.038668320926384,,,,,,,,,,,1.8019940377846237,4219500
ldpc,N192_M96,tau_pSA,search,271,703,,,,1.835468338899647,2.230533195732511,4.17844694039266,snr,0.6572028131943656,0.0,0.12406462074089845,0.5781544850401913,0.782937229636454,constant,6.7458946351800515,0.04480456624340508,best_state,2167,8271,19200,0.07810329861111111,0.6833333333333332,0.6833333333333332,0.006740972222222222,0.0806,11.586355207582157,8.478081058726218,,,,,,,,,,,1.8032214023528772,2406049
ldpc,N192_M96,tau_pSA,search,896,704,,,,1.2397857267320616,2.3100338306160837,1.4433119772744818,snr,0.628021220673195,0.0,0.0005568375166237205,2.727384030238212,2.7865479613110145,linear,2.2637861096870107,0.4332625519818828,best_state,4,12755,12800,0.14444444444444446,0.5416666666666666,0.28958333333333336,0.006740972222222222,0.0806,21.427835582569283,6.720430107526881,,,,,,,,,,,1.8038163055055934,7355424
ldpc,N192_M96,tau_pSA,search,89,705,,,,7.630729038015685,9.849112389452618,5.334456337915364,snr,0.4358696497692499,0.0,0.6296412150862448,0.0343986903673983,0.34303101116867,piecewise,0.07354530930789223,0.7275263118978124,best_state,5288,7005,12800,0.06922743055555557,0.7625000000000001,0.7625000000000001,0.006740972222222222,0.0806,10.269650767487382,9.46029776674938,,,,,,,,,,,1.8038561829945285,964791
ldpc,N192_M96,tau_pSA,search,150,706,,,,4.209769785895097,6.088620079427451,6.5863546759268425,snr,0.3658674913861873,0.0,0.680608491104148,1.3473383191624562,1.4696341939239859,piecewise,5.089466020045942,0.590516234827112,best_state,2016,4554,9600,0.05968967013888888,0.8479166666666668,0.8479166666666668,0.006740972222222222,0.0806,8.85475687648089,10.520057899090158,,,,,,,,,,,1.8054515507415705,1447850
ldpc,N192_M96,tau_pSA,search,67,707,,,,6.2840736307870415,7.768529573506002,3.4395014073523664,snr,0.46288700510367736,0.0,0.8642801280477297,0.6145246568839554,1.1071959218732534,cosine,7.850331293125999,0.4340757112138483,best_state,10211,8544,19200,0.059277343749999996,0.8479166666666668,0.8479166666666668,0.006740972222222222,0.0806,8.793589677552282,10.520057899090158,,,,,,,,,,,1.805672066288245,790573
ldpc,N192_M96,tau_pSA,search,22,708,,,,5.734353466536945,9.479883602792205,5.9844616091146845,snr,0.4262925448748168,0.0,0.5954121438882497,2.9359703776310204,11.781819316687086,piecewise,7.484598576207511,0.45666201444629967,best_state,171,6097,6400,0.05678168402777777,0.8854166666666666,0.8854166666666666,0.006740972222222222,0.0806,8.423367157721232,10.985318444995864,,,,,,,,,,,1.8056918514794915,434218
ldpc,N192_M96,tau_pSA,search,62,709,,,,6.25981941391578,7.535535062023865,3.6601716001807683,snr,0.461580115081764,0.0,0.880224886714434,0.5815039209084841,1.0883938993024882,cosine,1.1717098858453407,0.42028664427939544,best_state,8279,10187,19200,0.06098090277777778,0.85,0.85,0.006740972222222222,0.0806,9.046306788915217,10.54590570719603,,,,,,,,,,,1.8064451242694963,750978
ldpc,N192_M96,tau_pSA,search,341,710,,,,1.5820438427538812,3.585201899408365,2.9245676300089793,snr,0.62288730579158,0.0,0.25220120574048877,0.6510505313342075,0.9565177260237185,constant,0.5822542028521882,0.17906707728928306,best_state,1028,8311,9600,0.058713107638888894,0.8791666666666668,0.8791666666666668,0.006740972222222222,0.0806,8.709887194807871,10.907775020678248,,,,,,,,,,,1.8117690120609469,2960379
ldpc,N192_M96,tau_pSA,search,278,711,,,,2.65069319203341,2.533176993804368,3.399274836713132,snr,0.683511057021046,0.0,0.18548269362360123,0.4852690929992635,0.5738467526149924,cosine,5.567770044774792,0.031464243497842194,best_state,769,8742,19200,0.08968098958333333,0.61875,0.6166666666666666,0.006740972222222222,0.0806,13.303865766972288,7.676799007444169,,,,,,,,,,,1.8128147477220886,2461482
ldpc,N192_M96,tau_pSA,search,70,712,,,,5.9592180298702155,7.92469219735362,3.4667276629973918,snr,0.45911847862175204,0.0,0.9268815984362379,0.6088353824741304,1.054106369350141,cosine,8.06903350831825,0.4227453827526195,best_state,4084,1301,6400,0.058138020833333325,0.8875000000000001,0.8875000000000001,0.006740972222222222,0.0806,8.624575048933758,11.011166253101736,,,,,,,,,,,1.8132018492337527,814330
ldpc,N192_M96,tau_pSA,search,503,713,,,,1.5897686096891275,1.7120677709423093,1.3046174417608722,snr,0.5736126824660049,0.0,0.02490483980157711,1.885581954396179,1.9378239913887971,linear,1.450941070587508,0.3204086801347097,best_state,163,10248,12800,0.0983615451388889,0.6270833333333333,0.5958333333333333,0.006740972222222222,0.0806,14.591596270732463,7.780190239867658,,,,,,,,,,,1.814330623633285,4243257
ldpc,N192_M96,tau_pSA,search,373,714,,,,1.380553497922547,3.1417844542239886,3.5333019231369187,snr,0.7094726877838108,0.0,0.18579048192693673,0.8454300029377747,0.8983151191346316,constant,0.5412150751902618,0.16810078561019617,best_state,1163,8220,9600,0.05875651041666668,0.8729166666666667,0.8729166666666667,0.006740972222222222,0.0806,8.716325847326674,10.830231596360628,,,,,,,,,,,1.814386090658365,3213787
ldpc,N192_M96,tau_pSA,search,130,715,,,,4.8780595963458895,8.536753047182764,3.9407335809755715,snr,0.6270565261701533,0.0,0.6077576645473329,0.18267098364644532,1.6480985343821302,piecewise,6.041402071181032,0.6358073451138436,best_state,3305,6087,9600,0.05984157986111111,0.86875,0.86875,0.006740972222222222,0.0806,8.877292160296694,10.778535980148883,,,,,,,,,,,1.817558321249037,1289470
ldpc,N192_M96,tau_pSA,search,517,716,,,,0.7214147195644259,1.902321560900285,2.185315194185531,snr,0.6338494612175095,0.0,0.002226126321093723,1.2503371899145437,2.679995360026751,linear,1.043390466751613,0.37188317544403926,best_state,5994,6755,12800,0.055685763888888885,0.9166666666666666,0.9166666666666666,0.006740972222222222,0.0806,8.26079118162151,11.373035566583953,,,,,,,,,,,1.8176858715453812,4354123
ldpc,N192_M96,tau_pSA,search,283,717,,,,2.6056866785731696,2.559313320488265,3.3203679862215854,snr,0.6393795958267681,0.0,0.09149678778057903,0.4909785905524846,0.8561974211576729,constant,5.877107306221652,0.023996080203321783,best_state,769,8961,19200,0.0896701388888889,0.6104166666666666,0.6104166666666666,0.006740972222222222,0.0806,13.302256103842591,7.573407775020677,,,,,,,,,,,1.8182104383395599,2501077
ldpc,N192_M96,tau_pSA,search,531,718,,,,1.4161478766711413,1.4513567050983696,1.9127544419967133,snr,0.5455045131135001,0.0,0.06712923116536186,1.7298063401105712,1.846855912733343,linear,1.2218800521520248,0.3356533106363638,best_state,428,10678,12800,0.09251302083333333,0.6354166666666666,0.6354166666666666,0.006740972222222222,0.0806,13.723987843824045,7.883581472291149,,,,,,,,,,,1.8221495093859947,4464989
ldpc,N192_M96,tau_pSA,search,23,719,,,,7.5252784828709665,11.349454678658441,7.559852586870304,snr,0.3825015041513729,0.0,0.6153819425172432,0.5387215096967349,0.9335945471071522,piecewise,9.875972145274144,0.4982921957070674,best_state,208,5802,6400,0.06011284722222222,0.8708333333333332,0.8708333333333332,0.006740972222222222,0.0806,8.917533738539198,10.804383788254754,,,,,,,,,,,1.8238924467389843,442137
ldpc,N192_M96,tau_pSA,search,42,720,,,,4.288717696435087,6.040064474628265,4.7097097369008125,snr,0.5300402299664279,0.0,0.7799238703781988,0.3503352872201819,1.367388128163149,piecewise,5.646535680276863,0.5694558259170306,best_state,4631,6677,12800,0.06218532986111111,0.85,0.85,0.006740972222222222,0.0806,9.22497939631194,10.54590570719603,,,,,,,,,,,1.824323877376078,592598
ldpc,N192_M96,tau_pSA,search,126,721,,,,5.037325156023511,8.555528841364078,4.80258268273525,snr,0.41370778310905043,0.0,0.6085878708379348,0.18626996794993875,1.5605170437202918,piecewise,6.106151911243217,0.6293476576106114,best_state,3308,6063,9600,0.06281467013888888,0.8520833333333334,0.8520833333333334,0.006740972222222222,0.0806,9.31833985783455,10.571753515301904,,,,,,,,,,,1.824647232169205,1257794
ldpc,N192_M96,tau_pSA,search,538,722,,,,0.9762350078454004,1.4597922152787786,1.736516059406869,fixed,0.5530283690410969,0.0,0.06097255688623504,1.6961470915442824,2.040075174240874,linear,1.1849529608091869,0.34573620530639876,best_state,390,10652,12800,0.06921657986111111,0.7999999999999999,0.7999999999999999,0.006740972222222222,0.0806,10.26804110435768,9.925558312655085,,,,,,,,,,,1.8259520903433932,4520422
ldpc,N192_M96,tau_pSA,search,572,723,,,,1.458919597988873,1.2841163442153152,2.4415542571501545,snr,0.6476794337531737,0.0,0.021571547763522318,1.6028315968970994,2.592348357015073,linear,1.360486807792028,0.11160903036454595,best_state,765,11613,12800,0.10799696180555556,0.5479166666666666,0.5166666666666667,0.006740972222222222,0.0806,16.020977129906253,6.797973531844498,,,,,,,,,,,1.831078711685239,4789668
ldpc,N192_M96,tau_pSA,search,576,724,,,,1.4992464706808644,1.2936765232113916,2.445714761856601,snr,0.6474659566723385,0.0,0.019858246011433767,1.56493312803967,1.7022348287910738,linear,1.40634402687515,0.11120651499843048,best_state,854,11629,12800,0.11139322916666666,0.5729166666666666,0.5291666666666667,0.006740972222222222,0.0806,16.52480168950242,7.10814722911497,,,,,,,,,,,1.8336748379387737,4821344
ldpc,N192_M96,tau_pSA,search,17,725,,,,6.113325187004388,8.867127917039445,7.09314099835465,snr,0.45757374085715025,0.0,0.5926033933375243,0.6170357899689353,0.9024237401185876,piecewise,8.69240722830194,0.4948764408940911,best_state,17,6230,6400,0.06305338541666666,0.8416666666666667,0.8416666666666667,0.006740972222222222,0.0806,9.353752446687958,10.442514474772539,,,,,,,,,,,1.8350579969241783,394623
ldpc,N192_M96,tau_pSA,search,506,726,,,,1.3453576253154067,2.1067175560321294,2.076993588281823,snr,0.602619983662541,0.0,0.028448864349654122,1.4922657218918334,1.6307653885969828,linear,1.215782465497338,0.4347079823037011,last,471,10773,12800,0.06755642361111112,0.8166666666666668,0.8166666666666668,0.006740972222222222,0.0806,10.02176264551355,10.132340777502069,,,,,,,,,,,1.8370927018242957,4267014
ldpc,N192_M96,tau_pSA,search,55,727,,,,2.9442730868321365,4.351297543519576,5.905640809361733,fixed,0.35747263225952863,0.0,0.6606390882622184,1.9050058792901325,2.1588763370336523,exponential,0.4407278496149762,0.6714113605337313,majority,2709,3254,6400,0.06001519097222222,0.8916666666666666,0.8916666666666666,0.006740972222222222,0.0806,8.903046770371898,11.062861869313481,,,,,,,,,,,1.8384854671680915,695545
ldpc,N192_M96,tau_pSA,search,345,728,,,,1.6149678408991297,3.6146385817042805,2.784175349338593,snr,0.7232475651236013,0.0,0.23977640524648425,0.6401435073284722,0.9458179482359363,constant,0.4956540833852023,0.17967942853213514,best_state,1047,8086,9600,0.06069878472222221,0.8979166666666667,0.8979166666666667,0.006740972222222222,0.0806,9.004455547543008,11.1404052936311,,,,,,,,,,,1.843448379027662,2992055
ldpc,N192_M96,tau_pSA,search,44,729,,,,4.658108221628627,5.935038235772084,4.505122991113093,snr,0.5101875652257208,0.0,0.7648428272151224,0.36861850480702074,1.3767116449227685,piecewise,5.604044300447606,0.5761063870981913,best_state,4655,6719,12800,0.06504991319444443,0.8624999999999999,0.8624999999999999,0.006740972222222222,0.0806,9.649930462552796,10.700992555831265,,,,,,,,,,,1.8489511776994343,608436
ldpc,N192_M96,tau_pSA,search,279,730,,,,2.571470003925092,2.45552027793486,3.320454324950256,snr,0.6803441653829103,0.0,0.09470294730450918,0.4784379314945511,0.582425505632191,cosine,5.555249764579596,0.04852528982708319,best_state,18550,492,19200,0.09462890624999999,0.6520833333333333,0.6520833333333333,0.006740972222222222,0.0806,14.037872154115586,8.09036393713813,,,,,,,,,,,1.8503306208681916,2469401
ldpc,N192_M96,tau_pSA,search,642,731,,,,1.3810337378302937,1.5968522649414005,1.8527528459294138,snr,0.17597496516983027,0.0,0.04479950072788729,2.4928820545151007,2.5356858849559787,linear,1.8376661567071397,0.36882461430854147,best_state,368,10922,12800,0.08158637152777777,0.7416666666666667,0.7395833333333334,0.006740972222222222,0.0806,12.103057072215925,9.201819685690653,,,,,,,,,,,1.8541795171183963,5343998
ldpc,N192_M96,tau_pSA,search,65,732,,,,6.150713798652027,8.856465038124055,3.555301119990961,snr,0.46753489794573083,0.0,0.9675284795687356,0.6324301304152119,1.0756783242212355,cosine,1.124084872365492,0.4154900732458491,best_state,8819,8951,19200,0.06027560763888889,0.9145833333333333,0.9145833333333333,0.006740972222222222,0.0806,8.941678685484701,11.34718775847808,,,,,,,,,,,1.8556975993638627,774735
ldpc,N192_M96,tau_pSA,search,66,733,,,,5.936988425654901,7.633121518710758,3.6562886667302217,snr,0.470652512162604,0.0,0.9821642210591315,0.511676737689742,1.0177134112450497,cosine,1.1149211296804524,0.4018327745206113,best_state,8221,10152,19200,0.06337890624999999,0.8895833333333334,0.8895833333333334,0.006740972222222222,0.0806,9.402042340578962,11.037014061207609,,,,,,,,,,,1.859118316993531,782654
ldpc,N192_M96,tau_pSA,search,565,734,,,,1.5455925860822919,1.2997133712216236,2.3643686207851933,snr,0.6525845278265057,0.0,0.022551832198327158,1.5435122512301767,1.581063211746904,linear,1.4812424545358684,0.4235020884827809,best_state,889,11677,12800,0.12014973958333335,0.5729166666666666,0.5187499999999999,0.006740972222222222,0.0806,17.823799835170497,7.10814722911497,,,,,,,,,,,1.8591979690210176,4734235
ldpc,N192_M96,tau_pSA,search,333,735,,,,3.369301717640898,3.2254773217522663,2.980849187967148,snr,0.6670532875239861,0.0,0.20289302751580335,0.6133162915699168,2.4693533048589322,constant,0.32271417253843426,0.20855472766077088,best_state,1292,8125,9600,0.1000542534722222,0.6229166666666667,0.6229166666666667,0.006740972222222222,0.0806,14.842703718965693,7.728494623655914,,,,,,,,,,,1.8597656401622904,2897027
ldpc,N192_M96,tau_pSA,search,924,736,,,,0.8453097096932456,0.9302729680576689,1.2326820141954447,snr,0.5828354084062294,0.0,0.0760048638139743,1.582545540727954,5.728717852468416,linear,3.4663135053961893,0.26287705145634227,best_state,1000,11528,12800,0.08965928819444445,0.7229166666666665,0.7229166666666665,0.006740972222222222,0.0806,13.300646440712889,8.969189412737798,,,,,,,,,,,1.864467025542491,7577156
ldpc,N192_M96,tau_pSA,search,61,737,,,,6.328624987004514,8.165072384136241,3.540288058309036,snr,0.4642900303728528,0.0,0.9788106006744528,0.58486137966847,1.0848291422819447,cosine,1.1657244122366193,0.40902220961247887,best_state,7742,8929,19200,0.06304253472222222,0.90625,0.90625,0.006740972222222222,0.0806,9.352142783558257,11.24379652605459,,,,,,,,,,,1.8645564220328688,743059
ldpc,N192_M96,tau_pSA,search,573,738,,,,1.4597544115446985,1.2792313620198663,2.48900306151452,snr,0.6458260836235938,0.0,0.021555393946788837,1.5889301460953165,4.771486830098252,linear,1.3858615866262496,0.14263254802571518,best_state,793,11654,12800,0.12577039930555556,0.5708333333333333,0.5166666666666667,0.006740972222222222,0.0806,18.657605336355207,7.082299421009098,,,,,,,,,,,1.8676095902754692,4797587
ldpc,N192_M96,tau_pSA,search,143,739,,,,6.69883744051705,7.074593664375721,7.309346701463471,snr,0.7426381125834659,0.0,0.5225039106582876,0.13398211749555064,6.567517906313871,piecewise,4.128669096722273,0.7020916835694817,best_state,2512,6265,9600,0.0668185763888889,0.8791666666666668,0.8791666666666668,0.006740972222222222,0.0806,9.912305552693933,10.907775020678248,,,,,,,,,,,1.8738396358605414,1392417
ldpc,N192_M96,tau_pSA,search,556,740,,,,1.3175227656872937,1.2911053762029565,1.985314087180428,snr,0.6165317126766722,0.0,0.10441326048565314,1.1090877477228196,2.029987291186898,linear,1.0081511792352447,0.3651191777991852,best_state,222,10278,12800,0.10282118055555556,0.6375000000000001,0.6375000000000001,0.006740972222222222,0.0806,15.253167817039252,7.909429280397022,,,,,,,,,,,1.8754626505957792,4662964
ldpc,N192_M96,tau_pSA,search,281,741,,,,2.5838660542731935,2.3896622697358145,3.423245150717339,snr,0.6331682987494993,0.0,0.0988626873623564,0.4758217993939224,0.6098105044811656,cosine,6.331021439918059,0.048169878419662006,best_state,752,8818,19200,0.09934895833333333,0.6333333333333334,0.63125,0.006740972222222222,0.0806,14.738075615535182,7.857733664185278,,,,,,,,,,,1.8779225721169295,2485239
ldpc,N192_M96,tau_pSA,search,990,742,,,,0.5879147728389305,1.6687037078244922,1.6862656644576481,snr,0.6009342655831741,0.0,0.12163519935789253,1.2230827561150117,6.159728270489765,linear,0.7634734493242039,0.10451580624449079,best_state,493,12040,12800,0.06049262152777778,0.9625,0.9625,0.006740972222222222,0.0806,8.973871948078708,11.94168734491315,,,,,,,,,,,1.881311103678678,8099810
ldpc,N192_M96,tau_pSA,search,877,743,,,,0.9132055226429365,0.8567178109886348,1.9041886569031858,snr,0.6687470840792404,0.0,0.13238851651106465,2.0526222718664395,2.1217167639048395,exponential,2.080813675939471,0.4532913475142134,best_state,254,12301,12800,0.10935329861111111,0.6145833333333334,0.6124999999999999,0.006740972222222222,0.0806,16.22218502111878,7.6251033912324235,,,,,,,,,,,1.881708141261965,7204963
ldpc,N192_M96,tau_pSA,search,68,744,,,,6.162796792806649,8.64506522175188,5.783748996743424,snr,0.4596050109470549,0.0,0.9365978055063037,0.6706692646166798,1.105945567130783,linear,0.9455892874454147,0.422401841832916,best_state,8083,9528,19200,0.06448567708333333,0.9208333333333334,0.9208333333333334,0.006740972222222222,0.0806,9.566227979808385,11.424731182795698,,,,,,,,,,,1.8828545873212126,798492
ldpc,N192_M96,tau_pSA,search,21,745,,,,5.503015469676064,11.132462140565698,7.889265896487353,snr,0.4436384316386349,0.0,0.5593113283329892,2.9885569677189916,10.59195309177163,piecewise,6.162663927985402,0.4796838166680952,best_state,251,6117,6400,0.06235894097222222,0.9458333333333333,0.9458333333333333,0.006740972222222222,0.0806,9.250734006387143,11.73490488006617,,,,,,,,,,,1.8936932414044965,426299
ldpc,N192_M96,tau_pSA,search,87,746,,,,5.262086767071187,9.785206123001196,5.251310286290599,snr,0.42983273239838404,0.0,0.6281143318925719,0.03070988282545637,0.3783863959620531,piecewise,6.777597725567793,0.6025879468506845,best_state,5484,6535,12800,0.06703559027777778,0.9145833333333334,0.9145833333333334,0.006740972222222222,0.0806,9.944498815287938,11.347187758478082,,,,,,,,,,,1.898089391943932,948953
ldpc,N192_M96,tau_pSA,search,532,747,,,,1.4471223172854388,1.4661391131481532,1.9219537084750191,snr,0.5496563489967105,0.0,0.06432320330149034,1.758526853214881,1.858213948476643,linear,1.228693841653225,0.34089869657015875,best_state,377,10760,12800,0.10556640624999998,0.6541666666666667,0.6520833333333332,0.006740972222222222,0.0806,15.660412588853402,8.116211745244003,,,,,,,,,,,1.8986834045902141,4472908
ldpc,N192_M96,tau_pSA,search,15,748,,,,7.621972431971593,9.988696768841002,7.6748656614448985,snr,0.39225050850555265,0.0,0.5940910475710616,2.693261532398195,11.99667971348658,piecewise,7.17149144727527,0.46120505358621217,best_state,3579,2045,6400,0.06303168402777777,0.94375,0.94375,0.006740972222222222,0.0806,9.350533120428556,11.709057071960297,,,,,,,,,,,1.8991218057149466,378785
ldpc,N192_M96,tau_pSA,search,280,749,,,,2.5360179500426576,2.3803103527953975,3.2938639890863644,snr,0.6366758547391791,0.0,0.099554050661363,0.508711978810773,0.6072425323059408,cosine,5.661465649707747,0.05262274549123828,best_state,763,8829,19200,0.10094401041666667,0.6645833333333333,0.6645833333333333,0.006740972222222222,0.0806,14.974696095601114,8.245450785773366,,,,,,,,,,,1.8999834218598077,2477320
ldpc,N192_M96,tau_pSA,search,84,750,,,,4.787490853518393,11.77785168889163,6.80648455261494,snr,0.5586318116911544,0.0,0.7118927000278099,0.09739502438919484,0.7014614726933536,piecewise,0.2099553772536098,0.5206306343867577,best_state,6030,6341,12800,0.06473524305555556,0.94375,0.94375,0.006740972222222222,0.0806,9.603250231791492,11.709057071960297,,,,,,,,,,,1.9012907939732437,925196
ldpc,N192_M96,tau_pSA,search,71,751,,,,6.0146793541490124,7.842095422191354,5.985417436598,snr,0.47195229596688887,0.0,0.9797333229757232,0.6044787764020619,1.1138695230996267,cosine,8.07287734949578,0.4292419830092935,best_state,9095,9046,19200,0.06770833333333333,0.9166666666666666,0.9166666666666666,0.006740972222222222,0.0806,10.04429792932935,11.373035566583953,,,,,,,,,,,1.9016743328819767,822249
ldpc,N192_M96,tau_pSA,search,713,752,,,,1.0816670018191339,1.4384243556491014,1.1496822254277392,snr,0.015143403929172794,0.0,0.11063134422396595,1.869437648299694,4.958547286047861,linear,2.0202527044220506,0.4218726523577315,best_state,31,12718,12800,0.075,0.8770833333333332,0.8770833333333332,0.006740972222222222,0.0806,11.125991552487895,10.881927212572371,,,,,,,,,,,1.9021137619252535,5906247
ldpc,N192_M96,tau_pSA,search,536,753,,,,1.0143141464521188,1.5021194767612087,1.6955025413503604,fixed,0.5477455078102382,0.0,0.0660074330330197,1.7582243205117858,1.8426430844287496,linear,1.2222336732245482,0.35199101190124443,best_state,381,10696,12800,0.076953125,0.8250000000000001,0.8250000000000001,0.006740972222222222,0.0806,11.415730915833935,10.235732009925558,,,,,,,,,,,1.9022022004287533,4504584
ldpc,N192_M96,tau_pSA,search,736,754,,,,1.0318517034366093,1.0188369316281953,1.7702396336740638,snr,0.6349468542051797,0.0,0.09179703594935763,2.0263003217183173,4.81574607090305,linear,2.3288687772352326,0.42553562005897355,best_state,160,6219,6400,0.10587022569444443,0.6770833333333334,0.6770833333333334,0.006740972222222222,0.0806,15.705483156485009,8.400537634408602,,,,,,,,,,,1.9047976237018367,6088384
ldpc,N192_M96,tau_pSA,search,976,755,,,,1.4282430026498405,1.4465187717936252,1.350900802767858,snr,0.6301764974480126,0.0,0.06123827981278083,2.4844680207941874,2.539181505816713,linear,1.5820836200616895,0.4384823088088376,best_state,264,10960,12800,0.10721571180555556,0.6687500000000001,0.6604166666666665,0.006740972222222222,0.0806,15.905081384567838,8.297146401985112,,,,,,,,,,,1.9091558039330758,7988944
ldpc,N192_M96,tau_pSA,search,72,756,,,,6.187120033429328,7.792701286200038,3.5672981498729066,snr,0.4706346380412003,0.0,0.9746738081943427,0.5930200885742283,1.0832338607607983,cosine,7.71874751312889,0.42336527697661785,best_state,7678,9511,19200,0.06743706597222222,0.9354166666666667,0.9354166666666667,0.006740972222222222,0.0806,10.004056351086845,11.605665839536806,,,,,,,,,,,1.9094462922954167,830168
ldpc,N192_M96,tau_pSA,search,111,757,,,,3.342356981589857,3.4173715370316766,3.1891206167511266,llr,0.5326996441397873,0.0,0.5647786243098738,2.5961131491240677,8.076125125978194,linear,4.1326432536454485,0.44331761476957016,best_state,207,5855,6400,0.08246527777777778,0.8104166666666667,0.8104166666666667,0.006740972222222222,0.0806,12.233439785721645,10.05479735318445,,,,,,,,,,,1.918809104884704,1139009
ldpc,N192_M96,tau_pSA,search,119,758,,,,4.3565860786461155,5.4775611201513,6.056568760290848,snr,0.6765868203930954,0.0,0.7463889684970226,2.171398880548791,10.105909617957622,linear,1.9119101020930498,0.5054167369601017,last,920,2276,6400,0.06858723958333333,0.9354166666666667,0.9354166666666667,0.006740972222222222,0.0806,10.174680642835067,11.605665839536806,,,,,,,,,,,1.9254294869685424,1202361
ldpc,N192_M96,tau_pSA,search,496,759,,,,1.5448451983727394,1.6648989739225537,1.1771448018384474,snr,0.5736345742128502,0.0,0.08062880061283985,2.252189335819572,2.327536026849625,linear,1.433935630164743,0.31389740877601,best_state,327,12381,12800,0.10235460069444446,0.7291666666666666,0.7270833333333333,0.006740972222222222,0.0806,15.183952302462144,9.046732837055417,,,,,,,,,,,1.9273858984038361,4187824
ldpc,N192_M96,tau_pSA,search,817,760,,,,1.2488236240999318,1.2780070970675788,1.9949757645136748,snr,0.6390396792734,0.0,0.0016552946838858757,2.4247373462573507,2.4724254889085944,exponential,1.92754323508831,0.393462409751549,best_state,289,12192,12800,0.22289496527777777,0.5083333333333333,0.08541666666666665,0.006740972222222222,0.0806,33.065700010301846,6.306865177832919,,,,,,,,,,,1.9308710256733608,6729823
ldpc,N192_M96,tau_pSA,search,793,761,,,,1.077655816543597,1.4209092924409386,0.8445262220789244,snr,0.6628332825607998,0.0,0.10989753126755021,1.3597230311552098,4.295538809142726,linear,1.3338675945472243,0.4163973256899157,best_state,16478,2717,19200,0.08820529513888888,0.8166666666666668,0.8166666666666668,0.006740972222222222,0.0806,13.084951581333057,10.132340777502069,,,,,,,,,,,1.9319287825041147,6539767
ldpc,N192_M96,tau_pSA,search,56,762,,,,2.8225365459074725,4.040154468520248,1.4235688668723108,fixed,0.6026499649153199,0.0,0.32910913121959295,1.2222718899809786,1.723809800707533,exponential,0.47725108120281756,0.6882724512481447,majority,761,3049,6400,0.06808810763888888,0.9729166666666668,0.9729166666666668,0.006740972222222222,0.0806,10.100636138868857,12.070926385442515,,,,,,,,,,,1.9501539091578353,703464
ldpc,N192_M96,tau_pSA,search,741,763,,,,1.0163945182869463,0.9952818277672445,1.7606462847990794,snr,0.6314747399547123,0.0,0.12489161116029877,1.9802622104243655,4.846779403371675,linear,2.37739076918042,0.41013149877501953,best_state,245,12085,12800,0.11982421874999999,0.6749999999999999,0.6749999999999999,0.006740972222222222,0.0806,17.775509941279488,8.374689826302728,,,,,,,,,,,1.9536476926756703,6127979
ldpc,N192_M96,tau_pSA,search,274,764,,,,2.801702155290772,2.2484208502519145,4.242128643964066,snr,0.6741587557705385,0.0,0.13295035780140352,0.6089211358458723,0.7919104057271127,constant,6.993881483403967,0.029571582322882123,best_state,2261,7856,19200,0.11729600694444442,0.6375000000000001,0.63125,0.006740972222222222,0.0806,17.400458432059335,7.909429280397022,,,,,,,,,,,1.9608066071203187,2429806
ldpc,N192_M96,tau_pSA,search,91,765,,,,7.739409743988535,9.61920525054143,5.3424628560872955,snr,0.3773730600836114,0.0,0.8220310552460062,0.034147551927727615,0.4487668266039482,piecewise,0.079400286627436,0.7406909587629936,best_state,5700,6544,12800,0.08182508680555556,0.8854166666666666,0.8854166666666666,0.006740972222222222,0.0806,12.138469661069331,10.985318444995864,,,,,,,,,,,1.9610078380878393,980629
ldpc,N192_M96,tau_pSA,search,551,766,,,,1.6943450613332798,1.7082226132841984,1.6405665093829425,snr,0.5841435797696258,0.0,0.03748433856823009,0.11937646717123468,3.240981963474625,linear,1.3753311352482005,0.08189356093708516,best_state,612,9889,12800,0.10925564236111111,0.69375,0.69375,0.006740972222222222,0.0806,16.20769805295148,8.607320099255583,,,,,,,,,,,1.9616815534513823,4623369
ldpc,N192_M96,tau_pSA,search,109,767,,,,3.2424305657336445,5.4668216701170955,6.196287060812007,llr,0.539433407669605,0.0,0.5713941045641381,2.3949955725277,7.861518126246697,linear,5.318994363619748,0.5016762181389312,last,3717,1622,6400,0.07023654513888888,0.9770833333333334,0.9770833333333334,0.006740972222222222,0.0806,10.4193494385495,12.12262200165426,,,,,,,,,,,1.9644686736445003,1123171
ldpc,N192_M96,tau_pSA,search,372,768,,,,2.360866998137082,2.1933601403071146,2.2106412008163545,snr,0.7486490760038628,0.0,0.2373645599333958,0.6770991999178931,5.279988469750382,constant,0.3218786176734942,0.8931461812060375,best_state,969,8409,9600,0.11473524305555556,0.6916666666666665,0.6916666666666665,0.006740972222222222,0.0806,17.020577933450088,8.581472291149709,,,,,,,,,,,1.965282145154125,3205868
ldpc,N192_M96,tau_pSA,search,58,769,,,,2.7929461446377655,4.476506463911248,1.4729286985047922,fixed,0.3518004189799697,0.0,0.3368395810972589,1.896286206584883,2.201695419030393,exponential,0.4590467886897467,0.6783257605602369,majority,805,3978,6400,0.07021484375,0.9812499999999998,0.9812499999999998,0.006740972222222222,0.0806,10.416130112290102,12.174317617866002,,,,,,,,,,,1.9682423541493383,719302
ldpc,N192_M96,tau_pSA,search,95,770,,,,7.790474017431668,9.843552223068333,5.386133707822297,snr,0.3781549071104885,0.0,0.8257868997284419,0.2920925083582218,0.4171403165858945,piecewise,0.09513252904004833,0.6044165368826311,best_state,5357,6556,12800,0.08344184027777778,0.875,0.875,0.006740972222222222,0.0806,12.378309467394663,10.8560794044665,,,,,,,,,,,1.9699742075237094,1012305
ldpc,N192_M96,tau_pSA,search,59,771,,,,3.104405650027341,3.881569448888561,1.5744608402064741,fixed,0.34373518172294265,0.0,0.32750461767414923,1.8218895251068998,2.017773548456303,exponential,0.4318035137978936,0.6728492563746099,majority,2868,3163,6400,0.07188585069444445,0.9708333333333333,0.9708333333333333,0.006740972222222222,0.0806,10.664018234263935,12.045078577336641,,,,,,,,,,,1.9726661428460943,727221
ldpc,N192_M96,tau_pSA,search,114,772,,,,3.243570057209202,5.481795180160292,6.062363827818775,llr,0.5343342100384476,0.0,0.5752968378185059,2.510702553711761,7.957957598569759,linear,7.14204362879154,0.5456217212289447,last,192,4788,6400,0.07329644097222222,0.9729166666666668,0.9729166666666668,0.006740972222222222,0.0806,10.873274441124963,12.070926385442515,,,,,,,,,,,1.9805095594903988,1162766
ldpc,N192_M96,tau_pSA,search,919,773,,,,0.8770823894715454,0.9543440440728861,1.176863292118924,snr,0.5909401146331819,0.0,0.0797104635922811,1.56728420342611,5.219914345027123,linear,2.8732703590804105,0.36787012903040245,best_state,919,11485,12800,0.1103515625,0.75,0.75,0.006740972222222222,0.0806,16.3702740290512,9.305210918114144,,,,,,,,,,,1.9818658272743301,7537561
ldpc,N192_M96,tau_pSA,search,782,774,,,,0.5098814863271427,1.6661980797835039,1.8529006045678393,snr,0.5734539860516917,0.0,0.07134129652653923,1.6261845427447468,5.126970244869166,linear,2.6886106735812834,0.4490568160089553,best_state,241,12301,12800,0.07195095486111111,1.0,1.0,0.006740972222222222,0.0806,10.673676213042135,12.406947890818858,,,,,,,,,,,1.9848899819779335,6452658
ldpc,N192_M96,tau_pSA,search,626,775,,,,0.8309883528057831,1.4270837943745236,1.438480781427505,snr,0.6298257101865402,0.0,0.8537921350849845,1.9784643567680151,2.101611496795919,linear,1.3335712333927223,0.40522293214826943,best_state,1090,11231,12800,0.08495008680555555,0.9208333333333334,0.9208333333333334,0.006740972222222222,0.0806,12.602052642422994,11.424731182795698,,,,,,,,,,,1.9849433001194579,5217294
ldpc,N192_M96,tau_pSA,search,63,776,,,,6.2283948859768765,7.725352435516754,3.5297013457771547,snr,0.47029747202141337,0.0,0.9589035646509964,0.5833611439739147,1.1108954396040451,linear,7.702102587591953,0.41861975348400726,best_state,3507,1211,6400,0.07718098958333333,0.9520833333333334,0.9520833333333334,0.006740972222222222,0.0806,11.449533841557638,11.81244830438379,,,,,,,,,,,1.9861869872153364,758897
ldpc,N192_M96,tau_pSA,search,586,777,,,,0.5646302404191738,1.8511915309108546,1.7201663941324556,snr,0.5947553585139755,0.0,0.047143270609621105,1.891058260641693,1.9341710281011024,linear,0.7677454982430049,0.33007774824979785,best_state,450,10426,12800,0.07318793402777778,0.9958333333333332,0.9958333333333332,0.006740972222222222,0.0806,10.85717780982796,12.35525227460711,,,,,,,,,,,1.9901518648130854,4900534
ldpc,N192_M96,tau_pSA,search,83,778,,,,3.824119666364962,11.730983615179497,2.8450932399966895,snr,0.42299742496944637,0.0,0.707762520318893,0.4479996602073555,0.7438611721330978,piecewise,4.615267657283788,0.5279768079235367,best_state,6589,5596,12800,0.07282986111111112,1.0,1.0,0.006740972222222222,0.0806,10.804058926547853,12.406947890818858,,,,,,,,,,,1.990726246104537,917277
ldpc,N192_M96,tau_pSA,search,80,779,,,,3.696080359561624,11.778390593122325,2.8626092561569405,snr,0.398758767024609,0.0,0.7094914866983816,0.07160536895880462,0.6151162295821616,piecewise,0.2665550853759686,0.528479111412871,best_state,6483,5577,12800,0.07266710069444444,1.0,1.0,0.006740972222222222,0.0806,10.77991397960235,12.406947890818858,,,,,,,,,,,1.9923911354325443,893520
ldpc,N192_M96,tau_pSA,search,27,780,,,,1.8823311129271443,2.825821687938294,2.0637811058322666,llr,0.28025179673742684,0.0,0.43655988196124096,0.8873311328324461,5.010525996891346,constant,3.6475486573741445,0.32690589556841254,last,1212,7722,9600,0.08402777777777777,0.9249999999999999,0.9249999999999999,0.006740972222222222,0.0806,12.465231276398475,11.476426799007443,,,,,,,,,,,1.9949987595621,473813
ldpc,N192_M96,tau_pSA,search,285,781,,,,2.6390331750640694,2.469390413772347,3.36728710587659,snr,0.6809006048985987,0.0,0.1906411046742321,0.4546397010147185,0.5858571667662038,cosine,5.60056668226478,0.01723752812622771,best_state,1647,9126,19200,0.11372612847222223,0.7125,0.7125,0.006740972222222222,0.0806,16.87087926238797,8.839950372208436,,,,,,,,,,,1.9959308569330958,2516915
ldpc,N192_M96,tau_pSA,search,984,782,,,,0.11540754183080311,1.456509732338313,1.922628886686266,snr,0.6347483620233911,0.0,0.06167826058003377,2.2479006782391258,2.3134918326509495,linear,2.000618068866377,0.42717520899923,best_state,3,12562,12800,0.07309027777777777,1.0,1.0,0.006740972222222222,0.0806,10.842690841660657,12.406947890818858,,,,,,,,,,,1.9976684300628325,8052296
ldpc,N192_M96,tau_pSA,search,870,783,,,,0.27176133758046367,1.704875358422503,2.2624163493511174,snr,0.6457628192146668,0.0,0.06827913894890264,1.6859255122586128,5.805342318323599,linear,1.7993674570828253,0.28027830252727526,best_state,6303,6473,12800,0.07338324652777778,1.0,1.0,0.006740972222222222,0.0806,10.886151746162565,12.406947890818858,,,,,,,,,,,2.001375873451404,7149530
ldpc,N192_M96,tau_pSA,search,982,784,,,,0.12013589813395976,1.4620784537128997,1.8821384681281328,snr,0.6384721322118885,0.0,0.06042692717195708,2.188442954977005,2.253285268779338,linear,1.6045568287998022,0.40617834507337514,best_state,229,12355,12800,0.07460937499999999,1.0,1.0,0.006740972222222222,0.0806,11.068043679818686,12.406947890818858,,,,,,,,,,,2.0071060394493063,8036458
ldpc,N192_M96,tau_pSA,search,202,785,,,,3.3700113286525295,3.0317828105304483,5.1201314489753695,snr,0.7817810829910002,0.0,0.31443988927100314,1.2591588717096707,1.3500999472342368,constant,7.645816598121356,0.20487237363212463,majority,3166,6344,9600,0.08451605902777777,0.9166666666666666,0.9125,0.006740972222222222,0.0806,12.537666117234984,11.373035566583953,,,,,,,,,,,2.0096277678908625,1859638
ldpc,N192_M96,tau_pSA,search,772,786,,,,0.7646528869564466,1.146347632124863,1.4431563783660573,snr,0.6207172774402104,0.0,0.7869177377484102,2.6070508723192165,2.644984980714404,linear,2.176517428048573,0.40259099076547006,best_state,5141,7617,12800,0.09048394097222223,0.9104166666666668,0.9104166666666668,0.006740972222222222,0.0806,13.422980838570107,11.295492142266337,,,,,,,,,,,2.0097185712589622,6373468
ldpc,N192_M96,tau_pSA,search,882,787,,,,0.07026095190821023,1.4171563124406719,1.8911352494333373,snr,0.6669075312527768,0.0,0.12117643742915966,2.0423239249082243,2.1088608493402696,exponential,1.4922404092621528,0.2585147540754975,best_state,125,6256,6400,0.07500000000000001,1.0,1.0,0.006740972222222222,0.0806,11.125991552487898,12.406947890818858,,,,,,,,,,,2.0101974900326134,7244558
ldpc,N192_M96,tau_pSA,search,52,788,,,,2.6555844839375933,4.0235610584836365,1.4443888408670273,fixed,0.338869370877254,0.0,0.6566604721313305,1.7905328030647631,6.141020056078884,exponential,2.1550817981949297,0.6818853366389426,majority,729,4142,6400,0.07507595486111111,1.0,1.0,0.006740972222222222,0.0806,11.137259194395797,12.406947890818858,,,,,,,,,,,2.0108116740226274,671788
ldpc,N192_M96,tau_pSA,search,785,789,,,,0.5006750359925258,1.642755377223335,1.841244085776341,snr,0.10611490975441334,0.0,0.06901888455425548,1.620525990845412,5.064547028642036,linear,1.552948338838251,0.458889954328928,best_state,263,12272,12800,0.07663845486111111,0.9979166666666667,0.9979166666666667,0.006740972222222222,0.0806,11.369050685072628,12.381100082712985,,,,,,,,,,,2.011715704414763,6476415
ldpc,N192_M96,tau_pSA,search,881,790,,,,0.06231185501000549,1.1527110502202496,1.888300454836131,snr,0.6730831282380815,0.0,0.14218834018487317,2.0586707257196926,6.159841494227488,linear,2.827196733055745,0.47126674486754916,best_state,219,12373,12800,0.07588975694444446,1.0,1.0,0.006740972222222222,0.0806,11.257983929123315,12.406947890818858,,,,,,,,,,,2.014275879000542,7236639
ldpc,N192_M96,tau_pSA,search,92,791,,,,0.09255644043793321,9.733958149506758,5.365326553168307,snr,0.4411133229244691,0.0,0.8058444248678814,0.866136513211904,1.2564322737353366,piecewise,9.754214438559568,0.5965784728513732,best_state,5473,6544,12800,0.07571614583333333,1.0,1.0,0.006740972222222222,0.0806,11.232229319048109,12.406947890818858,,,,,,,,,,,2.014396155230907,988548
ldpc,N192_M96,tau_pSA,search,107,792,,,,0.7915016113744376,6.736608885666492,4.082072855285828,snr,0.49351338803665107,0.0,0.5060283425319472,0.4214480497453402,0.8642610742455434,piecewise,3.064077415787441,0.4703154269715307,best_state,84,5950,6400,0.07688802083333333,1.0,1.0,0.006740972222222222,0.0806,11.406072937055734,12.406947890818858,,,,,,,,,,,2.0175373924403246,1107333
ldpc,N192_M96,tau_pSA,search,582,793,,,,0.5421031972182739,1.8625566343671933,1.7389138847887935,snr,0.5960056114514816,0.0,0.050179189255217624,1.9233180348468575,2.0014023704934467,linear,1.7456351190627282,0.3239509146127079,best_state,449,10449,12800,0.0769314236111111,1.0,1.0,0.006740972222222222,0.0806,11.412511589574533,12.406947890818858,,,,,,,,,,,2.0177868011598132,4868858
ldpc,N192_M96,tau_pSA,search,744,794,,,,1.0522324659834816,1.015191537419604,1.7725294698209935,snr,0.6269609171836567,0.0,0.10192360138146557,1.8003744668054986,4.7209384022316785,linear,2.189612684058404,0.4129553075653433,best_state,261,12066,12800,0.13037109375,0.6958333333333333,0.6958333333333333,0.006740972222222222,0.0806,19.3401025033481,8.633167907361456,,,,,,,,,,,2.0192687799561195,6151736
ldpc,N192_M96,tau_pSA,search,149,795,,,,5.504992032502496,6.144778165917745,7.1441763747872535,snr,0.38876760627374346,0.0,0.6883984382556231,0.8521639759931254,0.9962864010944832,piecewise,3.355391690003324,0.5866860200143128,best_state,2054,5789,9600,0.09840494791666667,0.8416666666666667,0.8416666666666667,0.006740972222222222,0.0806,14.598034923251262,10.442514474772539,,,,,,,,,,,2.0192725762616615,1439931
ldpc,N192_M96,tau_pSA,search,98,796,,,,1.2170603005393434,6.803437706873398,4.223887397433648,snr,0.49351822883480445,0.0,0.5911578355892376,0.47298349519010635,0.874957409137251,piecewise,3.0511023541444495,0.4780152533107609,best_state,523,5420,6400,0.07682291666666667,1.0,1.0,0.006740972222222222,0.0806,11.396414958277532,12.406947890818858,,,,,,,,,,,2.019429689455654,1036062
ldpc,N192_M96,tau_pSA,search,724,797,,,,0.8332622157029758,1.1585259039456963,1.4816770598131632,snr,0.6558771108941944,0.0,0.9348662175495884,2.3834231807371653,5.566644272402494,linear,2.552617478959416,0.44934202876848744,majority,45,12488,12800,0.07805989583333334,0.9958333333333332,0.9958333333333332,0.006740972222222222,0.0806,11.579916555063358,12.35525227460711,,,,,,,,,,,2.02132450886217,5993356
ldpc,N192_M96,tau_pSA,search,38,798,,,,0.36765203083211406,6.043875709317635,4.761766907704714,snr,0.49621092366748604,0.0,0.7746381583528601,0.7441523287368914,1.3659246017297624,piecewise,5.526074235736061,0.5652918600550411,best_state,5450,5158,12800,0.07731119791666667,1.0,1.0,0.006740972222222222,0.0806,11.468849799114043,12.406947890818858,,,,,,,,,,,2.023693384788281,560922
ldpc,N192_M96,tau_pSA,search,75,799,,,,3.693583403470257,11.667800110019796,6.86404131271476,snr,0.5572288063422687,0.0,0.7234458043019587,0.09939346251249061,0.644635542034935,piecewise,0.22527506599787436,0.613752163110675,best_state,6303,6027,12800,0.07835286458333333,0.9979166666666667,0.9979166666666667,0.006740972222222222,0.0806,11.623377459565262,12.381100082712985,,,,,,,,,,,2.025193736804852,853925
ldpc,N192_M96,tau_pSA,search,199,800,,,,3.3513151443812697,3.0301437156573487,5.217145183019028,snr,0.7094764970740625,0.0,0.31827410762407127,0.8322060697972486,1.061937656498719,constant,7.583263730029799,0.19361167605082583,majority,3176,5915,9600,0.08629557291666667,0.93125,0.9291666666666667,0.006740972222222222,0.0806,12.801650870505823,11.553970223325061,,,,,,,,,,,2.027864884769511,1835881
ldpc,N192_M96,tau_pSA,search,97,801,,,,0.7390606343280295,4.87432783196897,2.5158173102164594,snr,0.4927569196414728,0.0,0.5036944534613405,0.4384442037544516,0.9249843389915193,piecewise,3.214427216482476,0.4830300029352901,best_state,338,5820,6400,0.07873263888888889,1.0,1.0,0.006740972222222222,0.0806,11.67971566910477,12.406947890818858,,,,,,,,,,,2.029315894093215,1028143
ldpc,N192_M96,tau_pSA,search,79,802,,,,3.8119658283379643,11.656944563960861,7.124340078085701,snr,0.5589665722259634,0.0,0.5344252777932281,0.060313154808766575,2.7580771003840217,piecewise,4.6659589354617355,0.6225091046694597,best_state,6396,5605,12800,0.07958984375,0.9958333333333332,0.9958333333333332,0.006740972222222222,0.0806,11.806879056351088,12.35525227460711,,,,,,,,,,,2.029824792290741,885601
ldpc,N192_M96,tau_pSA,search,185,803,,,,0.057683304115621434,3.910946371413046,6.105338316545467,snr,0.7759367112587028,0.0,0.41300440870543087,1.012499485063022,1.1188855511880973,constant,9.064721115655663,0.2769034514458621,best_state,1218,7372,9600,0.07859157986111111,1.0,1.0,0.006740972222222222,0.0806,11.658790048418666,12.406947890818858,,,,,,,,,,,2.030334482354732,1725015
ldpc,N192_M96,tau_pSA,search,880,804,,,,0.050095591391668186,1.1485164199962816,1.9434300944155474,snr,0.6601072314905233,0.0,0.14131750602500265,2.100344718697784,2.1638437398682617,linear,1.5089201797668108,0.4697306367396632,best_state,142,6243,6400,0.07868923611111112,1.0,1.0,0.006740972222222222,0.0806,11.67327701658597,12.406947890818858,,,,,,,,,,,2.0312327594264943,7228720
ldpc,N192_M96,tau_pSA,search,188,805,,,,0.053356074151634736,3.765487677278786,6.342342127011021,snr,0.7775694387300564,0.0,0.3564466014695934,1.0372269881683915,1.1260698015460757,constant,9.339362613136128,0.2805032005444638,best_state,1260,7528,9600,0.07878689236111112,1.0,1.0,0.006740972222222222,0.0806,11.687763984753273,12.406947890818858,,,,,,,,,,,2.0323344900082,1748772
ldpc,N192_M96,tau_pSA,search,888,806,,,,0.0669699057704545,1.1890042802045366,1.9327186729484402,snr,0.6637149120656798,0.0,0.1371332773022066,2.064936257554314,2.1211868719617173,exponential,1.5366689905875488,0.4665016568532818,best_state,172,6211,6400,0.07897135416666667,1.0,1.0,0.006740972222222222,0.0806,11.715128257958176,12.406947890818858,,,,,,,,,,,2.0324856719733493,7292072
ldpc,N192_M96,tau_pSA,search,108,807,,,,1.3156455410262944,6.682050385693197,4.039828135503796,snr,0.3181609445647072,0.0,0.5829849950237341,0.4271061365475623,0.8734429398128127,piecewise,6.823441457729156,0.4640380249166704,best_state,496,5386,6400,0.07930772569444444,1.0,1.0,0.006740972222222222,0.0806,11.76502781497888,12.406947890818858,,,,,,,,,,,2.032788765189469,1115252
ldpc,N192_M96,tau_pSA,search,974,808,,,,1.4114060946306302,1.4630640065405898,1.9127700430684764,snr,0.6358875472450001,0.0,3.8143665492425954e-05,2.1741999556379947,2.2520962268989413,linear,0.05273445632233282,0.40337903252515644,best_state,6,12545,12800,0.28436414930555554,0.5791666666666667,0.008333333333333333,0.006740972222222222,0.0806,42.18444164005357,7.185690653432589,,,,,,,,,,,2.033851841290796,7973106
ldpc,N192_M96,tau_pSA,search,223,809,,,,3.879660946129215,4.993622322009197,6.950862778501569,snr,0.7541923639012068,0.0,0.005663688060548955,0.8968874675770742,1.0596169749186217,constant,9.991960740402947,0.25038265422128037,best_state,3974,5489,9600,0.1710394965277778,0.7020833333333334,0.4312500000000001,0.006740972222222222,0.0806,25.373119913464514,8.710711331679073,,,,,,,,,,,2.040346650785273,2025937
ldpc,N192_M96,tau_pSA,search,34,810,,,,1.6081656224332006,2.6928519997884424,2.301436707583276,llr,0.2841758891499065,0.0,0.41765128248852473,0.9093949034301888,4.639234948638469,constant,3.2908389306348003,0.32990040549855953,last,1365,7775,9600,0.08330078125000001,0.9874999999999999,0.9874999999999999,0.006740972222222222,0.0806,12.357383846708563,12.251861042183622,,,,,,,,,,,2.041838206886593,529246
ldpc,N192_M96,tau_pSA,search,105,811,,,,1.3351045109700124,4.910102432514674,7.882072512697623,snr,0.3145915555661575,0.0,0.49498126013162735,0.43012442306937415,0.8729301069967675,piecewise,3.081486124924687,0.4643972052389302,best_state,509,5317,6400,0.08266059027777778,0.9979166666666667,0.9979166666666667,0.006740972222222222,0.0806,12.262413722056248,12.381100082712985,,,,,,,,,,,2.048679118419676,1091495
ldpc,N192_M96,tau_pSA,search,3,812,,,,2.2351198427079395,3.5096415564174754,0.734263609443229,snr,0.5969846088348896,0.0,0.12540764815010289,2.012070765731682,7.91106444231493,linear,4.055732274007484,0.6395134289526699,best_state,2387,3298,6400,0.09759114583333334,0.9291666666666667,0.9291666666666667,0.006740972222222222,0.0806,14.477310188523747,11.528122415219189,,,,,,,,,,,2.051438122102872,283757
ldpc,N192_M96,tau_pSA,search,630,813,,,,0.07280417998501515,1.4895573612597157,1.2711770661323682,snr,0.6276535885798451,0.0,4.796502642452974e-05,1.9485727002735498,2.0248344460784407,linear,1.33455063895621,0.3866277452707706,best_state,1004,11310,12800,0.08305121527777778,1.0,1.0,0.006740972222222222,0.0806,12.320361594725457,12.406947890818858,,,,,,,,,,,2.052821278094634,5248970
ldpc,N192_M96,tau_pSA,search,153,814,,,,5.664532699666279,6.240588279389725,1.0909677197039904,snr,0.44832347685130186,0.0,0.41874150870467114,1.3411440811687243,1.4869867034069744,piecewise,5.016347036853257,0.7014924325620366,best_state,3020,5766,9600,0.10184461805555556,0.8979166666666667,0.8979166666666667,0.006740972222222222,0.0806,15.108298135366232,11.1404052936311,,,,,,,,,,,2.055938694547044,1471607
ldpc,N192_M96,tau_pSA,search,41,815,,,,0.3967463605447041,5.535576235728312,4.547795930761465,snr,0.5135575669760323,0.0,0.7673478435298748,0.3757486449464322,1.392672743801396,piecewise,6.2102899741441,0.5811477388339839,best_state,4630,5123,12800,0.08349609375,1.0,1.0,0.006740972222222222,0.0806,12.386357783043165,12.406947890818858,,,,,,,,,,,2.056433697874901,584679
ldpc,N192_M96,tau_pSA,search,213,816,,,,4.381021757492123,4.210815862548772,5.865014075292111,snr,0.7870876040486615,0.0,0.4177272320350183,1.138428642092103,1.2329999021103626,constant,6.774594998186017,0.15364833714654844,majority,2903,6432,9600,0.0877170138888889,0.9625,0.9625,0.006740972222222222,0.0806,13.012516740496551,11.94168734491315,,,,,,,,,,,2.057277263765176,1946747
ldpc,N192_M96,tau_pSA,search,336,817,,,,0.09283276886366322,3.28420675705247,2.9885993454902886,snr,0.7075732588313851,0.0,0.20274694054242315,0.6063530623864374,0.7493181254411564,constant,0.7362477999391634,0.2118585157179546,best_state,1189,8154,9600,0.08393012152777778,1.0,1.0,0.006740972222222222,0.0806,12.450744308231174,12.406947890818858,,,,,,,,,,,2.058905099842456,2920784
ldpc,N192_M96,tau_pSA,search,326,818,,,,0.09959614292214683,3.3077815439040674,3.0785358222884316,snr,0.6659575693569249,0.0,0.199720529325022,0.619082036537436,3.290973378059724,constant,0.6811189295309733,0.21229244943852665,best_state,1174,8189,9600,0.08422309027777776,1.0,1.0,0.006740972222222222,0.0806,12.494205212733076,12.406947890818858,,,,,,,,,,,2.0608652744359697,2841594
ldpc,N192_M96,tau_pSA,search,939,819,,,,1.2898834104476071,1.7699095013220913,0.40135838928808965,snr,0.6501891648503164,0.0,0.04244326231122976,1.9181741736968727,5.241711701928069,linear,0.7152489884375001,0.5127695342740844,majority,642,11820,12800,0.08487413194444444,1.0,1.0,0.006740972222222222,0.0806,12.590785000515092,12.406947890818858,,,,,,,,,,,2.063695132682339,7695941
ldpc,N192_M96,tau_pSA,search,858,820,,,,1.5985347331771997,1.4269691948855066,1.6423788025899067,llr,0.5976163575525191,0.0,0.04045643018176551,1.8983741675212331,2.0528595580831794,linear,2.0573697216514275,0.3818634435623086,best_state,436,12026,12800,0.14432508680555556,0.6916666666666668,0.6687500000000001,0.006740972222222222,0.0806,21.410129288142578,8.58147229114971,,,,,,,,,,,2.063758553753565,7054502
ldpc,N192_M96,tau_pSA,search,102,821,,,,0.7259378822754916,6.696531952367465,7.873256326158054,snr,0.49324473914230677,0.0,0.5088595500376197,0.44238616980363155,0.8993242812147115,piecewise,2.9099557809300305,0.4833265086145726,best_state,473,5351,6400,0.08486328125000002,1.0,1.0,0.006740972222222222,0.0806,12.589175337385395,12.406947890818858,,,,,,,,,,,2.063832284158617,1067738
ldpc,N192_M96,tau_pSA,search,733,822,,,,1.0515914875267294,0.9915078952777561,1.8108233304376642,snr,0.6311303584979719,0.0,0.09469334391902379,2.032063784519748,4.885404310802788,linear,2.4459816116652666,0.41373537571351926,best_state,297,12042,12800,0.13656684027777777,0.7124999999999999,0.7124999999999999,0.006740972222222222,0.0806,20.25922015040692,8.839950372208435,,,,,,,,,,,2.0658755632342727,6064627
ldpc,N192_M96,tau_pSA,search,43,823,,,,0.3872504925166744,5.461420754759405,4.369782541801938,snr,0.515106264100331,0.0,0.7704100365174331,0.3529316756897403,1.4812533718641763,piecewise,5.488026196861708,0.5664787971969997,best_state,4894,6781,12800,0.08580729166666666,1.0,1.0,0.006740972222222222,0.0806,12.72921602966931,12.406947890818858,,,,,,,,,,,2.0660143911816693,600517
ldpc,N192_M96,tau_pSA,search,811,824,,,,1.343800277874405,1.811473960228017,1.6523174310166742,snr,0.6100147243020645,0.0,0.842504216707163,1.849791338639533,1.9870887544367488,linear,1.57285627227534,0.4255858791532369,best_state,692,11759,12800,0.10101996527777779,0.9125000000000001,0.9125000000000001,0.006740972222222222,0.0806,14.985963737509017,11.32133995037221,,,,,,,,,,,2.066115971482306,6682309
ldpc,N192_M96,tau_pSA,search,40,825,,,,0.39808411099490326,5.454148279582998,4.525223131058515,snr,0.5058310833946789,0.0,0.7523137088541854,0.34527562678572465,1.4192202370882763,piecewise,5.744403850666281,0.5773513509023034,best_state,4788,5023,12800,0.08551432291666668,1.0,1.0,0.006740972222222222,0.0806,12.685755125167407,12.406947890818858,,,,,,,,,,,2.0665034531884103,576760
ldpc,N192_M96,tau_pSA,search,94,826,,,,7.8405562900389185,9.883985496219676,5.2280726553920625,snr,0.43017694127940803,0.0,0.8131530263822185,0.04409208319124854,0.3492698135300073,piecewise,0.09762199419704272,0.7251590836644024,best_state,5210,7071,12800,0.10288628472222222,0.8937499999999999,0.8937499999999999,0.006740972222222222,0.0806,15.262825795817452,11.088709677419354,,,,,,,,,,,2.067508202655964,1004386
ldpc,N192_M96,tau_pSA,search,293,827,,,,2.767949514715178,2.0004948973512544,4.2856818073992216,llr,0.7165712986036155,0.0,0.18131005066858683,0.623377956416292,0.6697932046707569,constant,7.682497262672624,0.11786764757795301,best_state,1795,7663,9600,0.1346462673611111,0.725,0.7104166666666667,0.006740972222222222,0.0806,19.974309776449985,8.995037220843672,,,,,,,,,,,2.067599762710913,2580267
ldpc,N192_M96,tau_pSA,search,508,828,,,,1.305349735122268,1.173554174692565,2.08078812046313,snr,0.6038233226885219,0.0,0.024386115408555717,1.4645203224115588,1.6680576109397687,linear,1.707277587197348,0.28742871613271614,best_state,518,9944,12800,0.13804253472222222,0.7083333333333334,0.7062499999999999,0.006740972222222222,0.0806,20.478134336046153,8.788254755996691,,,,,,,,,,,2.072316741342946,4282852
ldpc,N192_M96,tau_pSA,search,210,829,,,,4.496586033891707,4.23939768724491,5.697619161668451,fixed,0.78430623348729,0.0,0.42015702580367303,1.504119957528838,1.5575785916096745,constant,6.547335964956371,0.1613232346420141,majority,2916,6553,9600,0.08891059027777777,1.0,1.0,0.006740972222222222,0.0806,13.189579684763572,12.406947890818858,,,,,,,,,,,2.086591683874355,1922990
ldpc,N192_M96,tau_pSA,search,541,830,,,,0.33469894365354635,1.7062056694801166,1.3280287146776957,snr,0.5830701830741787,0.0,0.03681383698762601,1.3708321176321279,1.4243909685072371,linear,1.9957401087474134,0.3112056299304316,majority,680,9845,12800,0.08914930555555556,1.0,1.0,0.006740972222222222,0.0806,13.224992273616978,12.406947890818858,,,,,,,,,,,2.0875689469208583,4544179
ldpc,N192_M96,tau_pSA,search,212,831,,,,4.48907935622723,4.170151557858515,5.8304764065279855,fixed,0.7855096477429899,0.0,0.4137353955528902,1.1307351300195763,1.2258779542118483,constant,6.601534414499743,0.3026209604059286,majority,2946,6463,9600,0.09029947916666665,1.0,1.0,0.006740972222222222,0.0806,13.395616565365199,12.406947890818858,,,,,,,,,,,2.0934430359243343,1938828
ldpc,N192_M96,tau_pSA,search,196,832,,,,0.46166395839582686,3.084333296842773,5.092499966635207,snr,0.036781162570611314,0.0,0.3255668326077704,1.254503074900267,1.3682699605884758,constant,7.634125121350677,0.18695221269598716,majority,3459,5925,9600,0.09055989583333333,1.0,1.0,0.006740972222222222,0.0806,13.434248480478006,12.406947890818858,,,,,,,,,,,2.0941230952999783,1812124
ldpc,N192_M96,tau_pSA,search,216,833,,,,4.487273624147196,4.210234573021651,5.844878175869393,fixed,0.7865316861869941,0.0,0.4243664073798256,1.1050387458246838,1.228354654473718,constant,6.267255427710057,0.306034987095559,majority,2896,6474,9600,0.09117838541666667,1.0,1.0,0.006740972222222222,0.0806,13.52599927887092,12.406947890818858,,,,,,,,,,,2.096903253679077,1970504
ldpc,N192_M96,tau_pSA,search,183,834,,,,3.7912053837309525,3.6405360230950263,6.3741374738036845,snr,0.7774787328973097,0.0,0.36102763448852626,1.0248634796117975,1.120065845523463,constant,8.936492167620052,0.27018712968392705,best_state,1273,7279,9600,0.12987196180555557,0.7770833333333332,0.7729166666666667,0.006740972222222222,0.0806,19.266057999381893,9.641232423490486,,,,,,,,,,,2.0972291983766773,1709177
ldpc,N192_M96,tau_pSA,search,696,835,,,,1.4736808070339136,2.0804028675077815,1.9194066838458685,fixed,0.548877733075391,0.0,0.04725599474529936,1.4995759743460537,1.825326641522859,linear,1.003342560846178,0.39441851907190606,last,869,11630,12800,0.11440972222222222,0.8520833333333333,0.8520833333333333,0.006740972222222222,0.0806,16.972288039559082,10.571753515301902,,,,,,,,,,,2.100578227103165,5771624
ldpc,N192_M96,tau_pSA,search,295,836,,,,2.3864992904900437,2.0075181504378357,4.166419508268311,llr,0.7158724998450652,0.0,0.1748147987125666,0.5409863125975971,0.7609120076926129,constant,0.8026014164802012,0.10239271373723297,best_state,1782,7652,9600,0.1316623263888889,0.7729166666666666,0.7729166666666666,0.006740972222222222,0.0806,19.531652415782425,9.58953680727874,,,,,,,,,,,2.1012410978631877,2596105
ldpc,N192_M96,tau_pSA,search,204,837,,,,3.531670086712454,3.2236741004337053,5.217062259825243,snr,0.05402596995014458,0.0,0.30426492568409064,1.2441640963111056,1.360560434763335,constant,7.593262993723647,0.1831816170880502,majority,3511,5921,9600,0.09195963541666667,1.0,1.0,0.006740972222222222,0.0806,13.641895024209335,12.406947890818858,,,,,,,,,,,2.10159438430502,1875476
ldpc,N192_M96,tau_pSA,search,194,838,,,,0.471061392836169,4.472443127697913,5.106930162882523,snr,0.7204546659241061,0.0,0.304049547041308,0.8406753524853808,4.018504644505101,constant,7.630833389592516,0.19114103831989712,majority,3209,5914,9600,0.09217664930555557,1.0,1.0,0.006740972222222222,0.0806,13.67408828680334,12.406947890818858,,,,,,,,,,,2.101851545427789,1796286
ldpc,N192_M96,tau_pSA,search,315,839,,,,0.9720265388888987,4.0902613464251525,2.3563125666934295,llr,0.6889906679304184,0.0,0.11747973461467356,0.7136999608614519,0.8188147654309831,exponential,0.14711508225017883,0.13704770947144118,last,2162,7277,9600,0.09329427083333335,1.0,1.0,0.006740972222222222,0.0806,13.839883589162463,12.406947890818858,,,,,,,,,,,2.1069137735381194,2754485
ldpc,N192_M96,tau_pSA,search,49,840,,,,2.722051908313997,4.089915080006478,0.3584286466883928,fixed,0.35578861910198867,0.0,0.5281910398706241,1.6302698948048777,1.929985819342696,exponential,2.3469318790026965,0.6667365602406036,majority,729,3245,6400,0.09310980902777777,1.0,1.0,0.006740972222222222,0.0806,13.812519315957555,12.406947890818858,,,,,,,,,,,2.107889938792243,648031
ldpc,N192_M96,tau_pSA,search,53,841,,,,2.772619408906538,4.047118404453908,0.3627772475908337,fixed,0.3432417437080869,0.0,0.33990937326577303,1.6257569659567475,1.8636022635003706,exponential,0.4211427618972614,0.686855163804509,majority,2863,3089,6400,0.09368489583333332,1.0,1.0,0.006740972222222222,0.0806,13.897831461831666,12.406947890818858,,,,,,,,,,,2.108012622549971,679707
ldpc,N192_M96,tau_pSA,search,4,842,,,,0.15807733490786174,0.5663350084007656,0.14038808563272687,fixed,0.11800201351065445,0.0,0.2470654597623905,0.04224891845920436,7.240377870135171,linear,1.5041395042075814,0.09095320791312045,majority,1810,4565,9600,0.09369574652777778,1.0,1.0,0.006740972222222222,0.0806,13.899441124961369,12.406947890818858,,,,,,,,,,,2.109381914922931,291676
ldpc,N192_M96,tau_pSA,search,317,843,,,,0.21960660868004184,4.0676807832384405,2.4730594307153813,llr,0.6900312389526508,0.0,0.06713995763879199,0.697244758530549,0.8228273286043468,exponential,1.0739992282861786,0.14261963058231872,last,2102,7353,9600,0.09410807291666667,1.0,1.0,0.006740972222222222,0.0806,13.960608323889979,12.406947890818858,,,,,,,,,,,2.1106280636465193,2770323
ldpc,N192_M96,tau_pSA,search,7,844,,,,0.1318414226298098,0.19006146280928207,0.6060293085253237,snr,0.6488294962254634,0.0,0.41891359124583805,1.394235071015599,3.347348384563557,exponential,0.05898770988046626,0.29365913556643514,majority,16795,1157,19200,0.09410807291666667,1.0,1.0,0.006740972222222222,0.0806,13.960608323889979,12.406947890818858,,,,,,,,,,,2.111730743305271,315433
ldpc,N192_M96,tau_pSA,search,795,845,,,,1.6900862037065554,1.4576078269219561,2.0003553496144475,snr,0.6568981276464626,0.0,1.791017385440602e-05,1.3968519736193894,4.253501771434161,linear,1.3065711288718986,0.4909417620755514,best_state,15978,3216,19200,0.19386935763888888,0.6791666666666667,0.46249999999999997,0.006740972222222222,0.0806,28.759851138353763,8.426385442514475,,,,,,,,,,,2.1149573180508683,6555605
ldpc,N192_M96,tau_pSA,search,51,846,,,,2.53479394509787,3.8746492228020952,0.32280447760840714,fixed,0.3445551880578216,0.0,0.6673170276199493,1.664461344516696,1.9421649408553983,exponential,0.3554714653284846,0.6908696141732756,majority,3247,2896,6400,0.09505208333333333,1.0,1.0,0.006740972222222222,0.0806,14.100649016173895,12.406947890818858,,,,,,,,,,,2.1154869123373636,663869
ldpc,N192_M96,tau_pSA,search,320,847,,,,0.15355869329439556,3.945835690544548,2.1347521799091056,llr,0.6878862729271514,0.0,0.14141611284528383,0.7116359719561908,0.8218505784489095,exponential,0.06783811627439962,0.13892101439253643,last,2174,7281,9600,0.09525824652777777,1.0,1.0,0.006740972222222222,0.0806,14.131232615638199,12.406947890818858,,,,,,,,,,,2.117256998057522,2794080
ldpc,N192_M96,tau_pSA,search,54,848,,,,2.8952383606894627,4.295709872840516,0.3229082042044479,fixed,0.3573705912165281,0.0,0.676666926007865,1.6887771970594654,1.9217236724187459,exponential,2.3506551355930427,0.6801906456324595,majority,700,2966,6400,0.09542100694444444,1.0,1.0,0.006740972222222222,0.0806,14.155377562583702,12.406947890818858,,,,,,,,,,,2.1174202002422495,687626
ldpc,N192_M96,tau_pSA,search,57,849,,,,2.8893988038277993,4.231814966632614,0.30049569706518003,fixed,0.339147364133902,0.0,0.6639169137905543,1.6445635035993142,1.9558476171215393,exponential,1.7089240358183913,0.6550923322523549,majority,752,3366,6400,0.09571397569444444,1.0,1.0,0.006740972222222222,0.0806,14.198838467085608,12.406947890818858,,,,,,,,,,,2.1191120470361975,711383
ldpc,N192_M96,tau_pSA,search,140,850,,,,6.661241810352406,7.081806506900187,0.9000062864390146,snr,0.38439529752417767,0.0,0.5342728895874419,0.13580905970399298,11.551221549597697,piecewise,3.7863667414059754,0.6548916525359275,best_state,1703,5710,9600,0.10286458333333333,0.9770833333333333,0.9770833333333333,0.006740972222222222,0.0806,15.259606469558051,12.122622001654259,,,,,,,,,,,2.1191840381615634,1368660
ldpc,N192_M96,tau_pSA,search,798,851,,,,1.6944658940699124,1.4533625648786854,2.1449593063101773,snr,0.6672275441868073,0.0,0.10948446169248592,1.3690900516622964,4.246478548107035,linear,1.3241327219161418,0.4871997197262635,best_state,1524,12891,19200,0.1626519097222222,0.7229166666666665,0.6916666666666668,0.006740972222222222,0.0806,24.128850314206243,8.969189412737798,,,,,,,,,,,2.1247491711948063,6579362
ldpc,N192_M96,tau_pSA,search,493,852,,,,1.5327258714177892,1.4863856991604376,1.832192899237153,snr,0.5720786193575834,0.0,0.08187205798698352,1.9285570888559316,2.0268423352992837,linear,1.4834001507345405,0.41261914741917965,best_state,25,12744,12800,0.1461697048611111,0.7666666666666666,0.7604166666666666,0.006740972222222222,0.0806,21.683772020191615,9.511993382961123,,,,,,,,,,,2.1350197353258995,4164067
ldpc,N192_M96,tau_pSA,search,979,853,,,,1.4905778865721293,1.4767138276920033,1.9002625610149344,snr,0.6352191870296877,0.0,0.0005029357158899089,2.162947561414723,2.2447722632310074,linear,1.606941912638349,0.4081675252749495,best_state,251,10937,12800,0.3263671875,0.7104166666666667,0.075,0.006740972222222222,0.0806,48.41544761512311,8.814102564102564,,,,,,,,,,,2.1518222230048156,8012701
ldpc,N192_M96,tau_pSA,search,803,854,,,,1.6931902505137204,1.4235673884454743,2.194334067916664,snr,0.6540755020023005,0.0,0.09613228443279619,1.3643458563602642,4.354955134684194,linear,1.3393509118660585,0.48629766948003156,best_state,1347,13425,19200,0.1612521701388889,0.7520833333333333,0.6979166666666666,0.006740972222222222,0.0806,23.921203770474918,9.331058726220016,,,,,,,,,,,2.152575042946656,6618957
ldpc,N192_M96,tau_pSA,search,96,855,,,,7.958153095991443,9.887208500875964,5.172308260899978,snr,0.4353802555872855,0.0,0.6295939858212115,0.0440614202625173,0.3615859555678088,piecewise,9.972465802495822,0.6051318063954311,best_state,4317,7092,12800,0.11644965277777779,0.9520833333333334,0.9520833333333334,0.006740972222222222,0.0806,17.274904707942724,11.81244830438379,,,,,,,,,,,2.16662596705527,1020224
ldpc,N192_M96,tau_pSA,search,690,856,,,,0.3230454553630074,1.420977523699607,1.9368776827036214,snr,0.5639160170078523,0.0,0.055093559221925624,1.4734323905754245,1.7973207977779133,linear,1.3742361692467,0.49184475065537625,last,1028,11477,12800,0.10704210069444446,1.0,1.0,0.006740972222222222,0.0806,15.879326774492638,12.406947890818858,,,,,,,,,,,2.16783611394471,5724110
ldpc,N192_M96,tau_pSA,search,802,857,,,,0.17645164228228105,1.4709679890532212,0.8354362140497645,snr,0.6669586580692315,0.0,0.10503328718853495,1.3967890908061473,4.854984074286553,linear,1.329732792054281,0.4817355956064234,best_state,9,12519,12800,0.10964626736111112,1.0,1.0,0.006740972222222222,0.0806,16.26564592562069,12.406947890818858,,,,,,,,,,,2.172197568975907,6611038
ldpc,N192_M96,tau_pSA,search,60,858,,,,2.8444049489729215,3.978364020604591,1.5002074493966373,fixed,0.585051510710689,0.0,0.6750916095282636,1.7532297493047426,2.0434852527216054,exponential,2.365329328994321,0.6735172434692123,best_state,792,2779,6400,0.11164279513888888,0.9916666666666666,0.9916666666666666,0.006740972222222222,0.0806,16.561823941485525,12.303556658395367,,,,,,,,,,,2.1783185542713306,735140
ldpc,N192_M96,tau_pSA,search,545,859,,,,1.2644266559360846,1.7108170166288987,0.12255778854364735,snr,0.5828084235703312,0.0,0.04285545530848166,1.3475766050076448,1.4326404403868196,linear,1.845424392039272,0.3115429917150432,majority,10526,2235,12800,0.11063368055555556,1.0,1.0,0.006740972222222222,0.0806,16.412125270423406,12.406947890818858,,,,,,,,,,,2.1820336514455265,4575855
ldpc,N192_M96,tau_pSA,search,831,860,,,,1.3978424347931835,1.5670094649149242,1.5352328960500476,fixed,0.5939652953267652,0.0,0.053841048540051124,1.7975887549525444,4.5529439362532775,linear,1.7006006127967426,0.46139905746594756,best_state,432,12039,12800,0.12431640625,0.9333333333333332,0.9312499999999999,0.006740972222222222,0.0806,18.44191047697538,11.579818031430932,,,,,,,,,,,2.186342099952602,6840689
ldpc,N192_M96,tau_pSA,search,794,861,,,,1.7422288855796442,1.4267223515028213,2.2299000599479912,snr,0.6626217006053631,0.0,0.10433163017626465,1.3905619283499253,4.542536175016667,linear,1.434546078136848,0.4730209423202642,best_state,1495,13575,19200,0.16644965277777776,0.7979166666666666,0.7291666666666666,0.006740972222222222,0.0806,24.692232409601317,9.899710504549214,,,,,,,,,,,2.187940044281619,6547686
ldpc,N192_M96,tau_pSA,search,136,862,,,,0.25843401188171206,7.2952891457996785,0.8558005470872966,snr,0.750918946767137,0.0,0.4765059479981626,0.13642732124772242,5.501917399763772,piecewise,2.5418410042651174,0.6507982251749083,best_state,2370,6323,9600,0.11537543402777778,1.0,1.0,0.006740972222222222,0.0806,17.1155480581024,12.406947890818858,,,,,,,,,,,2.192404864852465,1336984
ldpc,N192_M96,tau_pSA,search,286,863,,,,2.6106973188762925,2.3491074417947346,3.1488382432997053,snr,0.6406344684312683,0.0,0.18693405471748747,0.48323352139973696,0.8557350331635875,cosine,5.6318540017566905,0.054050232215536634,best_state,863,9509,19200,0.1552734375,0.8020833333333334,0.8020833333333334,0.006740972222222222,0.0806,23.0342793860101,9.951406120760959,,,,,,,,,,,2.193455874628354,2524834
ldpc,N192_M96,tau_pSA,search,829,864,,,,1.4035032206498268,1.5947162883454293,1.5365341216227044,fixed,0.5932762893726006,0.0,0.055540469761327496,1.776932443810346,4.699255408662674,piecewise,2.4509350386279274,0.45323292030537576,best_state,37,12530,12800,0.12709418402777778,0.9333333333333332,0.9312499999999999,0.006740972222222222,0.0806,18.853984238178636,11.579818031430932,,,,,,,,,,,2.194208657867328,6824851
ldpc,N192_M96,tau_pSA,search,839,865,,,,1.3593963314200634,1.6029695843981944,1.5185046120904673,fixed,0.572584046348438,0.0,0.04801742906458363,2.0481806053960407,2.1457001964697207,linear,2.360590896353872,0.43063824742424,best_state,12,12569,12800,0.1300021701388889,0.9208333333333334,0.9166666666666666,0.006740972222222222,0.0806,19.285373956938294,11.424731182795698,,,,,,,,,,,2.197513121239255,6904041
ldpc,N192_M96,tau_pSA,search,838,866,,,,1.3936754832033522,1.6029005862547239,1.5576522222406384,fixed,0.5772070680969643,0.0,0.05828130232918617,1.7827310179880413,9.601157903598093,piecewise,2.504386328936971,0.4481718674380854,last,31,12569,12800,0.1295138888888889,0.9270833333333334,0.9270833333333334,0.006740972222222222,0.0806,19.212939116101786,11.502274607113316,,,,,,,,,,,2.204789740641259,6896122
ldpc,N192_M96,tau_pSA,search,138,867,,,,5.586294011803474,7.091140053608455,0.7203534899780571,snr,0.7250615226698325,0.0,0.4793049943619505,0.989288694739068,1.3240523966348463,piecewise,2.5360123784302484,0.6515527860479969,best_state,2416,6259,9600,0.12673611111111113,0.9916666666666667,0.9916666666666667,0.006740972222222222,0.0806,18.80086535489853,12.303556658395367,,,,,,,,,,,2.2135198632225648,1352822
ldpc,N192_M96,tau_pSA,search,509,868,,,,1.1549617770956988,1.1775370156409808,1.515264863233348,snr,0.597989251889338,0.0,0.02786454179331548,1.486706035156441,1.6723655373329231,linear,1.599954754172018,0.43614857400112905,last,528,10785,12800,0.18180338541666666,0.7520833333333333,0.7520833333333333,0.006740972222222222,0.0806,26.969905738127125,9.331058726220016,,,,,,,,,,,2.216701662318685,4290771
ldpc,N192_M96,tau_pSA,search,770,869,,,,0.9938911338757527,1.1219590760551903,1.852146651949632,snr,0.19756215472016264,0.0,0.08883432207202238,2.584932855510898,2.622277120614328,linear,2.1042936863114416,0.40163121941442415,best_state,489,11907,12800,0.14418402777777778,0.8958333333333334,0.8958333333333334,0.006740972222222222,0.0806,21.389203667456474,11.114557485525227,,,,,,,,,,,2.2203940863535325,6357630
ldpc,N192_M96,tau_pSA,search,147,870,,,,5.74599214945026,6.036557862920042,7.386466919820556,snr,0.4493526436371386,0.0,0.4049232443978163,0.5347897005678439,0.9728280864182044,piecewise,4.999026356762179,0.5889628987398378,best_state,1996,5771,9600,0.15011935763888887,0.86875,0.86875,0.006740972222222222,0.0806,22.26968939940249,10.778535980148883,,,,,,,,,,,2.222770774738332,1424093
ldpc,N192_M96,tau_pSA,search,6,871,,,,0.9864928403049879,4.455030226713997,0.09147035849814458,snr,0.37318931520074916,0.0,0.7043153635969013,0.07512241188376942,1.138524065679863,cosine,0.5834237480251785,0.8104306700370126,majority,3968,735,19200,0.12278645833333333,1.0,1.0,0.006740972222222222,0.0806,18.21494797568765,12.406947890818858,,,,,,,,,,,2.226903968610686,307514
ldpc,N192_M96,tau_pSA,search,282,872,,,,2.528721145915123,2.3450051154495046,3.30417506013446,snr,0.6805407456427561,0.0,0.08920151556555986,0.485117300805758,0.5925082273523025,constant,5.671584497156588,0.05154300211486266,best_state,18626,544,19200,0.1524631076388889,0.8645833333333334,0.8645833333333334,0.006740972222222222,0.0806,22.61737663541774,10.726840363937137,,,,,,,,,,,2.230552678519617,2493158
ldpc,N192_M96,tau_pSA,search,69,873,,,,6.370013270751779,7.352199935719774,3.562786793255017,snr,0.7918143859080382,0.0,0.9581127255105502,0.5697367416462915,1.0863113099780002,linear,8.03738817043079,0.42400860502740756,best_state,9822,5513,19200,0.12909071180555556,0.9895833333333334,0.9895833333333334,0.006740972222222222,0.0806,19.150162254043476,12.277708850289494,,,,,,,,,,,2.233810244989522,806411
ldpc,N192_M96,tau_pSA,search,686,874,,,,0.12481736664782397,2.0945261395668,2.002178796555586,fixed,0.5548039351625462,0.0,0.03733929253958124,1.5607629874410314,1.7930511315676911,linear,1.0307678171561354,0.482594357341387,last,984,11590,12800,0.12596571180555557,1.0,1.0,0.006740972222222222,0.0806,18.686579272689816,12.406947890818858,,,,,,,,,,,2.239694399674211,5692434
ldpc,N192_M96,tau_pSA,search,681,875,,,,1.674058342291705,2.2141687519374327,0.6612330024342915,snr,0.5851915006440301,0.0,0.0027613599236011362,1.6411146128283023,2.6729581953583135,linear,1.218621844213946,0.3795184353395917,best_state,527,10658,12800,0.13836805555555556,0.9874999999999999,0.9854166666666666,0.006740972222222222,0.0806,20.52642422993716,12.251861042183622,,,,,,,,,,,2.2523132798682868,5652839
ldpc,N192_M96,tau_pSA,search,742,876,,,,1.0705015167669627,0.867456521858254,1.7632659239085282,llr,0.6339057180938634,0.0,0.09376249553614842,2.0221489428497623,5.198068905165038,linear,2.4486890326199964,0.41925250886504273,best_state,180,6196,6400,0.1802951388888889,0.80625,0.7979166666666666,0.006740972222222222,0.0806,26.746162563098796,10.003101736972704,,,,,,,,,,,2.259617916999089,6135898
ldpc,N192_M96,tau_pSA,search,141,877,,,,6.786656343642253,7.069361198197916,1.3117746498732015,snr,0.7216997921394372,0.0,0.4775427250433626,1.0449806365492933,1.2240360155651173,piecewise,4.0129526224000625,0.6507272645768847,best_state,1704,6296,9600,0.15155164930555556,0.9291666666666667,0.9291666666666667,0.006740972222222222,0.0806,22.482164932522924,11.528122415219189,,,,,,,,,,,2.2650774515063006,1376579
ldpc,N192_M96,tau_pSA,search,988,878,,,,0.5718413765824935,1.6707959243885182,0.6921476330979417,snr,0.5965827927596326,0.0,0.09569887677340065,0.12515295930905299,7.377750671795204,linear,0.7741641705844564,0.47440761451076646,best_state,528,11974,12800,0.13623046875,1.0,1.0,0.006740972222222222,0.0806,20.209320593386217,12.406947890818858,,,,,,,,,,,2.266357592131661,8083972
ldpc,N192_M96,tau_pSA,search,585,879,,,,1.147555730615955,1.03408823711358,1.8088162128916032,snr,0.5971968670188814,0.0,0.05340533943438025,1.8968367549626837,1.9588906707603058,linear,0.7613691874786049,0.32510842979603355,best_state,459,10498,12800,0.17911241319444446,0.8312500000000002,0.8270833333333334,0.006740972222222222,0.0806,26.570709281961474,10.313275434243177,,,,,,,,,,,2.2734735307047864,4892615
ldpc,N192_M96,tau_pSA,search,801,880,,,,1.745686639843172,1.469267412726871,2.2375627301276344,snr,0.6631872622671222,0.0,0.10705099043313795,1.3806776160830856,5.974047343054004,linear,1.3253499487486433,0.4945663184329282,best_state,264,12221,12800,0.18385416666666665,0.8312499999999999,0.8000000000000002,0.006740972222222222,0.0806,27.274132069640466,10.313275434243174,,,,,,,,,,,2.2804135883020398,6603119
ldpc,N192_M96,tau_pSA,search,88,881,,,,7.166031530524569,9.918415226887277,5.066929400865538,snr,0.43231505562448647,0.0,0.8156051504802767,0.032526861239333134,0.21564239680059333,piecewise,0.09636775052283975,0.602270904060514,best_state,5354,7033,12800,0.15543619791666666,0.9333333333333332,0.9333333333333332,0.006740972222222222,0.0806,23.0584243329556,11.579818031430932,,,,,,,,,,,2.2837709569551126,956872
ldpc,N192_M96,tau_pSA,search,152,882,,,,5.688959639486239,5.73749151193951,6.64865674774015,snr,0.36720966137363903,0.0,0.0525080266193203,0.8348087090865227,0.9834630831442676,piecewise,5.2311224777588,0.5823525860762789,best_state,2061,5745,9600,0.1757269965277778,0.8770833333333333,0.86875,0.006740972222222222,0.0806,26.068494385495008,10.881927212572373,,,,,,,,,,,2.299508766299891,1463688
ldpc,N192_M96,tau_pSA,search,797,883,,,,1.779881306230361,1.4734077774520027,2.1548348380228535,snr,0.6634949126641954,0.0,0.11073483568605111,2.9990626702581142,3.0280795531263203,linear,1.3276415998466684,0.49269364798983667,best_state,244,12235,12800,0.18455946180555557,0.9041666666666667,0.8312499999999999,0.006740972222222222,0.0806,27.378760173070983,11.217948717948717,,,,,,,,,,,2.3096487718350898,6571443
ldpc,N192_M96,tau_pSA,search,832,884,,,,0.4190985652843863,1.653546458699132,1.5391695796587774,fixed,0.5740898900371995,0.0,0.05661852200927278,2.1131745842475964,2.15632377619965,linear,1.4512957951645997,0.45998385589731605,last,477,12026,12800,0.14804687500000002,1.0,1.0,0.006740972222222222,0.0806,21.962243741629756,12.406947890818858,,,,,,,,,,,2.3101549123110887,6848608
ldpc,N192_M96,tau_pSA,search,981,885,,,,1.471863908297299,1.503248611234523,1.929653999517472,snr,0.43085114132089336,0.0,0.06157719891173941,2.1975646297056257,2.26469753799397,linear,1.9725804603830215,0.4303517015438812,best_state,9223,3565,12800,0.1862087673611111,0.8708333333333332,0.86875,0.006740972222222222,0.0806,27.623428968785415,10.804383788254754,,,,,,,,,,,2.3183758202981357,8028539
ldpc,N192_M96,tau_pSA,search,144,886,,,,6.691446167274811,7.213977138919475,0.8230637046011767,snr,0.7662228852332423,0.0,0.4778818563480447,1.1550091110781697,1.320338885659696,piecewise,4.019658167852096,0.6583016423110336,best_state,2349,6260,9600,0.16001519097222222,0.9833333333333334,0.9833333333333334,0.006740972222222222,0.0806,23.73770217368909,12.200165425971878,,,,,,,,,,,2.3205834951020714,1400336
ldpc,N192_M96,tau_pSA,search,821,887,,,,1.1753304265125255,0.9266347007481313,1.9176235631387095,snr,0.6263950229672988,0.0,0.002055140231561843,2.4286546762306056,2.468085029127546,cosine,1.854965672523696,0.39872506837339217,best_state,283,12141,12800,0.4226779513888889,0.9249999999999999,0.12708333333333333,0.006740972222222222,0.0806,62.70281755434223,11.476426799007443,,,,,,,,,,,2.3216792280308804,6761499
ldpc,N192_M96,tau_pSA,search,299,888,,,,2.931876814995808,2.048596474414293,4.219030444663423,snr,0.71563301889175,0.0,0.18625712178758366,0.5389121515264022,0.6696742314336334,exponential,7.696829328145783,0.1151995581055674,best_state,1747,7628,9600,0.19449869791666666,0.8583333333333334,0.8541666666666666,0.006740972222222222,0.0806,28.853211599876378,10.64929693961952,,,,,,,,,,,2.333763311066437,2627781
ldpc,N192_M96,tau_pSA,search,922,889,,,,0.899166621794404,0.8874501736848925,1.5761978690031666,snr,0.5318252455030376,0.0,0.07208743093131116,1.5578790825300783,6.007211696894214,linear,3.4448852231174953,0.3922786618117115,best_state,1046,11413,12800,0.19166666666666665,0.9083333333333333,0.9083333333333333,0.006740972222222222,0.0806,28.43308952302462,11.269644334160462,,,,,,,,,,,2.3587978125124476,7561318
ldpc,N192_M96,tau_pSA,search,776,890,,,,0.994022059308092,1.2173239977139316,1.4433483788199017,snr,0.623746735821421,0.0,0.78476099993944,2.708664074859598,2.762238969624835,linear,2.2848272740808246,0.514722512131062,best_state,8056,4732,12800,0.17989366319444441,0.9874999999999999,0.9874999999999999,0.006740972222222222,0.0806,26.686605027299883,12.251861042183622,,,,,,,,,,,2.3811546453502612,6405144
ldpc,N192_M96,tau_pSA,search,643,891,,,,1.3158206800432084,1.1111635173612022,1.8357693033399742,snr,0.6012513478362437,0.0,0.04254222372730855,1.5409148060511124,1.731396608882213,linear,1.5709586648340208,0.430462826581084,best_state,376,10866,12800,0.2114040798611111,0.8791666666666668,0.8791666666666668,0.006740972222222222,0.0806,31.361066755949313,10.907775020678248,,,,,,,,,,,2.384875600527138,5351917
ldpc,N192_M96,tau_pSA,search,859,892,,,,1.5451853513153133,1.0011820536008755,1.6546760216918832,llr,0.6003251978228711,0.0,0.034808459751839126,1.9015420960546403,1.9742200907069332,linear,1.1551870044265808,0.44119906335163495,best_state,358,12144,12800,0.2877061631944445,0.9562499999999999,0.5875,0.006740972222222222,0.0806,42.680217884001244,11.864143920595533,,,,,,,,,,,2.388396236431938,7062421
ldpc,N192_M96,tau_pSA,search,783,893,,,,1.3353050309302843,1.6438360097115705,0.5739688128606009,snr,0.6424078562715388,0.0,0.07004623940749558,1.6376213164652869,4.995457178512879,linear,1.4591020486386932,0.4531295252515777,best_state,16,12757,12800,0.18263888888888888,1.0,1.0,0.006740972222222222,0.0806,27.09384979911404,12.406947890818858,,,,,,,,,,,2.392498706574842,6460577
ldpc,N192_M96,tau_pSA,search,435,894,,,,1.237849273305353,1.0766741660710353,2.3526338865837735,snr,0.5776498162722445,0.0,0.06227125501808957,1.3058821682199537,2.3862671355024694,linear,1.188483191238219,0.1250257266231781,best_state,575,11525,12800,0.21102430555555554,0.8958333333333334,0.8958333333333334,0.006740972222222222,0.0806,31.304728546409805,11.114557485525227,,,,,,,,,,,2.3956207697523824,3704765
ldpc,N192_M96,tau_pSA,search,830,895,,,,1.3785921783823758,1.5980529731039286,1.5432530157462747,fixed,0.5972096476572639,0.0,0.056248261838689376,2.118747814546408,2.1856530073143636,piecewise,2.3746892833968483,0.438352225339938,last,12,11388,12800,0.19701605902777777,0.9375,0.9375,0.006740972222222222,0.0806,29.22665344596683,11.631513647642679,,,,,,,,,,,2.396445384310179,6832770
ldpc,N192_M96,tau_pSA,search,471,896,,,,1.2583232926736019,0.9332460066531008,1.9462831122853899,snr,0.5930497707285449,0.0,0.001803491091054557,2.148254902757793,2.6038668834525738,linear,1.2681168276543435,0.3382353213011479,best_state,338,10131,12800,0.41941189236111115,0.9729166666666668,0.2729166666666667,0.006740972222222222,0.0806,62.21830895230247,12.070926385442515,,,,,,,,,,,2.3968936764462816,3989849
ldpc,N192_M96,tau_pSA,search,533,897,,,,1.4502647420292263,1.504123711754076,1.8820811766392906,fixed,0.5563307863094263,0.0,0.05822981108924176,1.6900489866632165,1.8367481211538814,linear,1.1778740311968643,0.3450721100367429,best_state,29,10776,12800,0.1929904513888889,0.9562500000000002,0.9562500000000002,0.006740972222222222,0.0806,28.62946842484805,11.864143920595534,,,,,,,,,,,2.3976804501692035,4480827
ldpc,N192_M96,tau_pSA,search,840,898,,,,1.3881209257297222,1.6108372923822962,1.558363946847063,fixed,0.5740337932719879,0.0,0.05465660374852961,2.1109936288669813,2.1639988613399552,linear,1.7052483032996044,0.45871674718656913,last,538,12029,12800,0.20186631944444444,0.93125,0.93125,0.006740972222222222,0.0806,29.946172864942824,11.553970223325061,,,,,,,,,,,2.4013271070854993,6911960
ldpc,N192_M96,tau_pSA,search,135,899,,,,6.763269082051946,7.193886341688495,0.809189167978987,snr,0.7452300468427665,0.0,0.47558463616786223,1.1475752799287287,1.324940109330272,piecewise,2.6213050400730626,0.6508523019773701,best_state,2331,6335,9600,0.18777126736111113,0.9979166666666667,0.9979166666666667,0.006740972222222222,0.0806,27.85522045946225,12.381100082712985,,,,,,,,,,,2.4059461200999097,1329065
ldpc,N192_M96,tau_pSA,search,535,900,,,,1.0368527610437746,1.4760299553399734,0.5831180724030937,snr,0.5539930394240637,0.0,0.06514546148589231,1.7070871219002366,2.405047447643125,linear,1.1958547596231917,0.3490837193597098,best_state,49,10652,12800,0.18885633680555555,1.0,1.0,0.006740972222222222,0.0806,28.016186772432267,12.406947890818858,,,,,,,,,,,2.4074276726068273,4496665
ldpc,N192_M96,tau_pSA,search,93,901,,,,7.9789371245477145,9.731424597961338,5.429941587438198,snr,0.37421242316738207,0.0,0.6376231426791251,0.050310469996621955,0.3131330711918271,piecewise,6.728802153486218,0.7173480670658876,best_state,5400,6600,12800,0.19478081597222222,0.9791666666666666,0.9791666666666666,0.006740972222222222,0.0806,28.895062841248585,12.148469809760131,,,,,,,,,,,2.408408307493599,996467
ldpc,N192_M96,tau_pSA,search,863,902,,,,1.5503384136945935,1.0432461844176757,1.6817587161741665,snr,0.5953772916502116,0.0,0.0344561940588242,1.8703418457710188,1.9569977579122069,linear,1.7211386559816066,0.3826890919632874,best_state,445,12096,12800,0.29514973958333335,0.9541666666666666,0.6229166666666667,0.006740972222222222,0.0806,43.784446790975586,11.83829611248966,,,,,,,,,,,2.4159097710967896,7094097
ldpc,N192_M96,tau_pSA,search,298,903,,,,2.95401898303391,1.9313140665873225,4.272167388716353,snr,0.7166528414190814,0.0,0.18114940695371543,0.5415729146576335,0.6614843997905765,exponential,7.488810168790522,0.09492500071018206,best_state,1786,7661,9600,0.21117621527777777,0.9291666666666667,0.9270833333333334,0.006740972222222222,0.0806,31.32726383022561,11.528122415219189,,,,,,,,,,,2.417966364177116,2619862
ldpc,N192_M96,tau_pSA,search,300,904,,,,2.8550125827161503,1.9337789493563644,4.268381550812013,snr,0.7162268429495688,0.0,0.18121470462996578,0.5351110497662009,0.6686738688690304,constant,7.747226809706736,0.11755500858286844,best_state,1752,7646,9600,0.21769748263888888,0.9208333333333334,0.9208333333333334,0.006740972222222222,0.0806,32.29467137117544,11.424731182795698,,,,,,,,,,,2.427750073678718,2635700
ldpc,N192_M96,tau_pSA,search,647,905,,,,1.3000089953621943,1.1557006120727589,1.78152962326934,snr,0.5984922767073284,0.0,0.04928560373530417,0.32186695830946105,3.28008659792758,linear,1.8421369778183392,0.3689513704096746,best_state,446,10084,12800,0.2213324652777778,0.9187500000000001,0.9187500000000001,0.006740972222222222,0.0806,32.83390851962502,11.398883374689827,,,,,,,,,,,2.4289263264107728,5383593
ldpc,N192_M96,tau_pSA,search,290,906,,,,2.943865244861609,1.9499632535513716,4.311640617700275,llr,0.7140304909525174,0.0,0.20333999035693232,0.5294822306664956,0.7706509403064201,exponential,7.7323687329360276,0.11766285847331234,best_state,1799,7651,9600,0.21602647569444444,0.9395833333333332,0.9354166666666667,0.006740972222222222,0.0806,32.04678324920161,11.65736145574855,,,,,,,,,,,2.4340942653073254,2556510
ldpc,N192_M96,tau_pSA,search,497,907,,,,1.5798026451159481,1.4561903070835907,1.835336381156853,snr,0.5955862950369127,0.0,0.08685302545203885,2.279179088837711,2.3198841313159075,linear,1.373604735555575,0.4053124557770712,best_state,197,10316,12800,0.22265625,0.93125,0.93125,0.006740972222222222,0.0806,33.03028742144844,11.553970223325061,,,,,,,,,,,2.4412294658944544,4195743
ldpc,N192_M96,tau_pSA,search,515,908,,,,1.3561717342222368,1.176145717861025,2.091140174962424,snr,0.6036853526254352,0.0,0.029168147510129812,1.4875774145700909,2.5404867051304514,linear,1.5972378348139433,0.3516980359084665,last,494,11899,12800,0.2712673611111111,0.8104166666666667,0.8083333333333332,0.006740972222222222,0.0806,40.24157824250541,10.05479735318445,,,,,,,,,,,2.4439244375278575,4338285
ldpc,N192_M96,tau_pSA,search,437,909,,,,1.2654142221225264,1.068318607860451,2.3616119663357096,snr,0.575944105810655,0.0,0.06110505314298918,1.2028310578760455,1.9673753699184977,linear,1.3013464219154638,0.1263039578704551,best_state,551,11515,12800,0.22974175347222225,0.9229166666666666,0.9208333333333334,0.006740972222222222,0.0806,34.081397445142684,11.45057899090157,,,,,,,,,,,2.4489311698942036,3720603
ldpc,N192_M96,tau_pSA,search,575,910,,,,1.506966185671217,1.3009605276492422,2.4654653264525446,snr,0.5649423713236718,0.0,0.021383896906769454,1.5839498546687913,1.655450867143353,linear,1.4902452435289102,0.1439243610800129,best_state,691,11586,12800,0.2432834201388889,0.9250000000000002,0.8770833333333333,0.006740972222222222,0.0806,36.090257031008555,11.476426799007445,,,,,,,,,,,2.454679821233027,4813425
ldpc,N192_M96,tau_pSA,search,671,911,,,,0.9649601147233081,0.5996176865359444,1.4020600951531657,snr,0.6391007121345286,0.0,0.02220729798687629,2.157501062705932,2.2279942836513618,linear,0.8114580494299622,0.35050528900937805,best_state,1217,9936,12800,0.25614149305555556,0.9458333333333333,0.8333333333333334,0.006740972222222222,0.0806,37.99770783970331,11.73490488006617,,,,,,,,,,,2.456170193965695,5573649
ldpc,N192_M96,tau_pSA,search,514,912,,,,1.3438075701963785,1.148191950529083,2.1193499866467107,snr,0.6044501783238916,0.0,0.025401781989529797,1.5051649969888903,1.630629603820468,linear,1.2043558957681315,0.29351078663996394,last,9393,3378,12800,0.2618923611111111,0.8416666666666668,0.8416666666666668,0.006740972222222222,0.0806,38.85082929844442,10.44251447477254,,,,,,,,,,,2.456711738168271,4330366
ldpc,N192_M96,tau_pSA,search,458,913,,,,1.457041398914388,1.3499014793523205,1.5666051358563633,snr,0.582964500791224,0.0,0.025244921379194298,1.7984172413007338,2.9690430809701467,linear,1.0654264942972835,0.10110654905274456,best_state,647,10553,12800,0.24042968750000002,0.9291666666666667,0.9020833333333332,0.006740972222222222,0.0806,35.666915627897396,11.528122415219189,,,,,,,,,,,2.4596777027737007,3886902
ldpc,N192_M96,tau_pSA,search,507,914,,,,1.3325844054423273,1.180314019479388,1.4688349691074547,snr,0.5979520099810731,0.0,0.030838688082635134,1.490928309983175,2.5095376391394626,linear,1.6119448061694408,0.28972635572879546,best_state,518,11907,12800,0.23185763888888888,0.93125,0.93125,0.006740972222222222,0.0806,34.395281755434226,11.553970223325061,,,,,,,,,,,2.4604537073251027,4274933
ldpc,N192_M96,tau_pSA,search,155,915,,,,5.672531590383331,6.137580500230713,6.644658571998653,snr,0.36461048191379086,0.0,0.6834009190738669,0.6796687002280819,0.9837332457294365,piecewise,3.3966612635151474,0.7070553279931742,best_state,2003,5810,9600,0.21510416666666665,0.9854166666666666,0.9854166666666666,0.006740972222222222,0.0806,31.909961883177086,12.22601323407775,,,,,,,,,,,2.4622101859865575,1487445
ldpc,N192_M96,tau_pSA,search,540,916,,,,1.000187759778095,1.513516035841793,0.510519570361018,snr,0.6180636078891191,0.0,0.06712347662143764,1.7584431368981757,1.835918021934671,linear,1.2084612352142086,0.3327809472638894,best_state,403,10748,12800,0.21284722222222222,1.0,1.0,0.006740972222222222,0.0806,31.575151952199445,12.406947890818858,,,,,,,,,,,2.4642083156686896,4536260
ldpc,N192_M96,tau_pSA,search,9,917,,,,3.4590830853592878,1.4658647330219423,2.696548230514871,fixed,0.6306694185522442,0.0,0.384625902589844,0.03805620170008514,0.0709088729920377,linear,0.1643895819210067,0.12422722764176683,majority,1891,689,9600,0.21465928819444446,1.0,1.0,0.006740972222222222,0.0806,31.843965694859385,12.406947890818858,,,,,,,,,,,2.471788004862594,331271
ldpc,N192_M96,tau_pSA,search,773,918,,,,0.9896245437321151,0.8994820625200576,1.4443753413555438,snr,0.6201026763333148,0.0,0.1337347222867289,2.6855885622558477,2.722867277527432,linear,2.538290993688321,0.5054566048624594,best_state,467,11914,12800,0.2340060763888889,0.9500000000000001,0.9500000000000001,0.006740972222222222,0.0806,34.71399505511487,11.786600496277917,,,,,,,,,,,2.4757220918605265,6381387
ldpc,N192_M96,tau_pSA,search,639,919,,,,1.312373793369864,1.0664514731804036,1.8179158075460384,snr,0.6025948530491947,0.0,0.04104092534985289,1.4968396267190682,1.7258701285534461,linear,1.8580518035554,0.36907849411539534,best_state,16,12334,12800,0.23808593750000004,0.94375,0.94375,0.006740972222222222,0.0806,35.319228391882156,11.709057071960297,,,,,,,,,,,2.478731579383654,5320241
ldpc,N192_M96,tau_pSA,search,501,920,,,,1.559733513631152,1.4291615156870656,1.8402559677782198,snr,0.5726162686306552,0.0,0.0841688655163047,1.9041691770605118,1.9551469449394148,linear,2.2123801791631053,0.33361178417272275,best_state,201,12587,12800,0.23473307291666667,0.9541666666666666,0.9541666666666666,0.006740972222222222,0.0806,34.82184248480478,11.83829611248966,,,,,,,,,,,2.4799491655576182,4227419
ldpc,N192_M96,tau_pSA,search,668,921,,,,0.9486071504084912,0.6073750688200413,1.4569548700683175,snr,0.634356584469236,0.0,0.020295089105544756,2.1282909099287206,2.1878596110195203,linear,0.7935587326374263,0.3604884068361364,best_state,1212,9947,12800,0.25029296875,0.9500000000000001,0.9145833333333333,0.006740972222222222,0.0806,37.13009941279489,11.786600496277917,,,,,,,,,,,2.4876332971565027,5549892
ldpc,N192_M96,tau_pSA,search,50,922,,,,2.5421642697302516,4.023327504834143,0.05045061869281166,fixed,0.6016289319370097,0.0,0.2875228719606869,1.7915339055943587,2.0359668443600416,exponential,0.40831735748523074,0.6673870053267801,majority,2831,2863,6400,0.22626953125000002,1.0,1.0,0.006740972222222222,0.0806,33.56630524363862,12.406947890818858,,,,,,,,,,,2.4948384906516825,655950
ldpc,N192_M96,tau_pSA,search,641,923,,,,1.3751114263160482,1.128387423697918,1.7961863870325447,snr,0.5982933970881087,0.0,0.042430755336000214,1.546647265087382,1.760395761185943,linear,2.1851539989125737,0.4327659374141404,best_state,366,10919,12800,0.2481987847222222,0.9583333333333334,0.9562500000000002,0.006740972222222222,0.0806,36.81943442876275,11.889991728701405,,,,,,,,,,,2.5063364071113714,5336079
ldpc,N192_M96,tau_pSA,search,836,924,,,,1.401842092359987,1.5510149757033052,1.5247219485811434,fixed,0.5773114826492022,0.0,0.05395864934766839,2.082783403715605,2.140977395647453,linear,1.7229907504796045,0.46011206967544743,last,0,12453,12800,0.24398871527777777,0.9770833333333333,0.9770833333333333,0.006740972222222222,0.0806,36.19488513443906,12.122622001654259,,,,,,,,,,,2.5133082942655767,6880284
ldpc,N192_M96,tau_pSA,search,853,925,,,,1.5476063201939376,1.0455135465933199,1.6769285282689972,llr,0.5965553494626847,0.0,0.03439077309582637,0.08275601894765318,6.956490836187352,linear,1.153985565255032,0.4391044434088883,best_state,454,12048,12800,0.2535481770833333,0.9979166666666667,0.9770833333333333,0.006740972222222222,0.0806,37.61299835170495,12.381100082712985,,,,,,,,,,,2.532072014243391,7014907
ldpc,N192_M96,tau_pSA,search,644,926,,,,1.3581028290044141,1.158114204989658,1.809252217402635,snr,0.6007326848632945,0.0,0.040158704258255684,0.3328284018215616,3.3312747614309712,linear,2.1249626348856583,0.36032860419821816,best_state,4388,8357,12800,0.26848958333333334,0.9479166666666666,0.9479166666666666,0.006740972222222222,0.0806,39.82950448130215,11.760752688172042,,,,,,,,,,,2.5355293241510135,5359836
ldpc,N192_M96,tau_pSA,search,139,927,,,,6.778152776765217,7.042847309487124,0.955555158848976,snr,0.7462983452369818,0.0,0.5302711928789899,0.7174792330718871,1.002489021845243,piecewise,2.664932890584483,0.6522943045980557,best_state,2390,6273,9600,0.25455729166666663,1.0,1.0,0.006740972222222222,0.0806,37.76269702276707,12.406947890818858,,,,,,,,,,,2.5451104069476003,1360741
ldpc,N192_M96,tau_pSA,search,645,928,,,,1.3836420684359139,1.1276488823140267,1.7984377177372244,snr,0.5960384303826851,0.0,0.04195594812651287,2.4888024191319498,2.5170782611215934,linear,1.5232782471707942,0.43056167960092884,best_state,13,10880,12800,0.2965169270833333,0.9708333333333333,0.8812500000000001,0.006740972222222222,0.0806,43.98726434531781,12.045078577336641,,,,,,,,,,,2.5487269018232777,5367755
ldpc,N192_M96,tau_pSA,search,648,929,,,,1.3892398845396638,1.067325755697355,1.7956936674042239,snr,0.5998064850201141,0.0,0.041854586854285315,1.5582081750460541,1.7907544659462062,linear,1.8316999243816696,0.3679987483939939,best_state,369,10090,12800,0.2717339409722222,0.9625,0.9625,0.006740972222222222,0.0806,40.310793757082514,11.94168734491315,,,,,,,,,,,2.549887562359987,5391512
ldpc,N192_M96,tau_pSA,search,494,930,,,,1.5520181948943035,1.421411986759857,1.7917753599180524,snr,0.5685646722613427,0.0,0.07651358446937337,2.2285259232297014,2.314092078275857,linear,2.06039238691153,0.3991800084362954,best_state,194,10384,12800,0.2629014756944444,0.9874999999999999,0.9854166666666666,0.006740972222222222,0.0806,39.000527969506535,12.251861042183622,,,,,,,,,,,2.5506633846971316,4171986
ldpc,N192_M96,tau_pSA,search,90,931,,,,7.903802637243169,10.171768651059782,5.277884012730939,snr,0.4330940261982746,0.0,0.6258044578791209,0.03215006087354385,0.18729589085193138,piecewise,9.914232114184694,0.6072731412838799,best_state,5514,6571,12800,0.2635091145833333,0.9979166666666667,0.9979166666666667,0.006740972222222222,0.0806,39.09066910476975,12.381100082712985,,,,,,,,,,,2.55672544969664,972710
ldpc,N192_M96,tau_pSA,search,638,932,,,,1.347803745979,1.0652746141941354,1.804311267038495,snr,0.6016531559804165,0.0,0.04298922245287175,0.039075281232437066,4.07276178486012,linear,1.804870665233662,0.37428441509155275,best_state,360,10880,12800,0.27194010416666664,0.9958333333333332,0.9708333333333333,0.006740972222222222,0.0806,40.34137735654682,12.35525227460711,,,,,,,,,,,2.5591784875567805,5312322
ldpc,N192_M96,tau_pSA,search,653,933,,,,1.1546303345854925,0.7497195349533129,1.557174097737454,snr,0.6179411075057043,0.0,0.06405158855839488,1.793155126016914,1.886316357436012,linear,1.4897034177728987,0.3257619945788124,best_state,717,10167,12800,0.274609375,0.9812500000000001,0.96875,0.006740972222222222,0.0806,40.73735448645307,12.174317617866006,,,,,,,,,,,2.559378518250968,5431107
ldpc,N192_M96,tau_pSA,search,133,934,,,,6.852395921225763,6.923461961897064,1.229786303303325,snr,0.7358952723719187,0.0,0.533828181695299,1.1225304267976306,1.2742603675340396,piecewise,2.6076261452837266,0.6588282211719868,best_state,1718,6358,9600,0.2646701388888889,0.9979166666666667,0.9979166666666667,0.006740972222222222,0.0806,39.262903059647684,12.381100082712985,,,,,,,,,,,2.561248154752026,1313227
ldpc,N192_M96,tau_pSA,search,154,935,,,,5.617704196912674,5.87143138465246,1.0923113946777896,snr,0.36730754868895715,0.0,0.5975076742494391,1.3759104573927177,1.4872895750671722,piecewise,3.4955108868347256,0.5940752899290567,best_state,2072,5737,9600,0.2660373263888889,1.0,1.0,0.006740972222222222,0.0806,39.4657206139899,12.406947890818858,,,,,,,,,,,2.5645615531183235,1479526
ldpc,N192_M96,tau_pSA,search,86,936,,,,7.950592969504238,9.43905202914066,5.137785998421263,snr,0.15350923367488295,0.0,0.622413233723524,0.03266354678570687,0.370214033390723,piecewise,9.714036535625672,0.6004397038949757,best_state,5529,6532,12800,0.27339409722222224,0.9958333333333332,0.9958333333333332,0.006740972222222222,0.0806,40.55707221592665,12.35525227460711,,,,,,,,,,,2.570915687703631,941034
ldpc,N192_M96,tau_pSA,search,476,937,,,,1.234005624220699,0.9513420514398294,1.9750809016866038,snr,0.5904597176267157,0.0,0.04879500757126519,1.9930852998444277,2.137896839948966,linear,1.4474088978311093,0.34189347745332405,best_state,294,10132,12800,0.28863932291666666,0.99375,0.9729166666666668,0.006740972222222222,0.0806,42.81864891315546,12.32940446650124,,,,,,,,,,,2.5859797922449896,4029444
ldpc,N192_M96,tau_pSA,search,142,938,,,,6.86796667290765,7.022086767523952,0.6692301822248341,snr,0.7657523924642232,0.0,0.47457475711979996,1.1482097559732374,1.3178644216993418,piecewise,2.533719291742103,0.6496407884150492,best_state,1650,6241,9600,0.28102213541666665,1.0,1.0,0.006740972222222222,0.0806,41.688665396105904,12.406947890818858,,,,,,,,,,,2.588429855818408,1384498
ldpc,N192_M96,tau_pSA,search,574,939,,,,1.4608430878956187,1.5894728704769134,2.428231983702476,snr,0.6442546539109741,0.0,0.887792832499236,1.56940961866213,2.578021257501761,linear,2.3293746952423597,0.39480664762655987,best_state,888,11556,12800,0.2853949652777778,1.0,1.0,0.006740972222222222,0.0806,42.337359637375094,12.406947890818858,,,,,,,,,,,2.5955918357117502,4805506
ldpc,N192_M96,tau_pSA,search,970,940,,,,1.1783323519913098,1.272964878586154,0.5131818524642252,snr,0.5820987857579168,0.0,0.02165794949438515,1.7561126921392007,2.8546970630544903,linear,2.2820181497009817,0.3025298203063012,best_state,21,12641,12800,0.2952365451388889,1.0,0.9729166666666668,0.006740972222222222,0.0806,43.79732409601319,12.406947890818858,,,,,,,,,,,2.596241990163101,7941430
ldpc,N192_M96,tau_pSA,search,589,941,,,,0.892292331260311,0.22941513573781316,1.5081808324023631,snr,0.5665183738415335,0.0,0.07623626823272182,2.0462816592520325,2.1440103927831315,linear,0.9084306727695524,0.48300478048042467,best_state,249,10183,12800,0.35855034722222223,1.0,0.80625,0.006740972222222222,0.0806,53.18970845781395,12.406947890818858,,,,,,,,,,,2.5979319616322467,4924291
ldpc,N192_M96,tau_pSA,search,511,942,,,,1.3373272012398534,1.164063228590162,1.4944532151586551,snr,0.6037333010019484,0.0,0.02083362486048579,1.566077349158085,2.52563770920138,linear,1.168555485184591,0.29652134542025094,last,466,11890,12800,0.3197482638888889,0.9270833333333334,0.9270833333333334,0.006740972222222222,0.0806,47.433553106005974,11.502274607113316,,,,,,,,,,,2.5994519659840813,4306609
ldpc,N192_M96,tau_pSA,search,824,943,,,,1.1997764217521425,1.26467252300157,0.35670095599931106,snr,0.6448821012809943,0.0,0.012993261904717467,2.2015701493296644,2.2514448795691036,cosine,2.0522232093379955,0.4011695941092307,best_state,301,12238,12800,0.36475694444444445,1.0,0.8125,0.006740972222222222,0.0806,54.110435768002475,12.406947890818858,,,,,,,,,,,2.6083106322200145,6785256
ldpc,N192_M96,tau_pSA,search,720,944,,,,1.6423053389135625,1.4419784239546811,1.1790517348729375,snr,0.6205870895255411,0.0,0.09602454551085476,1.9186394090581997,5.320317370456126,linear,1.9071419999341603,0.39721439799871827,best_state,6756,6026,12800,0.30439453125000004,1.0,0.9812499999999998,0.006740972222222222,0.0806,45.15587977748018,12.406947890818858,,,,,,,,,,,2.613580204417214,5961680
ldpc,N192_M96,tau_pSA,search,682,945,,,,1.256023871008129,2.3294116936584213,1.6468117825754272,snr,0.3042964388119866,0.0,0.08818903809371056,0.22888803171963143,0.28799303290405925,linear,1.2049963432345614,0.47841400584824373,best_state,543,10254,12800,0.2978298611111111,1.0,1.0,0.006740972222222222,0.0806,44.182033584011535,12.406947890818858,,,,,,,,,,,2.6140956340882093,5660758
ldpc,N192_M96,tau_pSA,search,593,946,,,,1.0198184993063066,0.6815914591862474,1.4755785637417156,snr,0.571832591333101,0.0,0.07214767166888769,2.5921972089109233,2.6446194217041032,cosine,0.9109442550835788,0.45623805569450343,best_state,10,10981,12800,0.3177300347222222,0.9979166666666667,0.9479166666666666,0.006740972222222222,0.0806,47.134155763881736,12.381100082712985,,,,,,,,,,,2.615277907119667,4955967
ldpc,N192_M96,tau_pSA,search,652,947,,,,1.1072778620205146,0.7963487959596155,1.5607632135158254,snr,0.6135357324228702,0.0,0.06503559723409265,1.8241604785527241,1.9023658413099132,linear,1.4879190665325819,0.3161030104113371,best_state,11261,1535,12800,0.30616319444444445,0.9895833333333334,0.9895833333333334,0.006740972222222222,0.0806,45.41825486762131,12.277708850289494,,,,,,,,,,,2.6191407318929127,5423188
ldpc,N192_M96,tau_pSA,search,30,948,,,,1.7860624195333463,2.9461275797581137,1.9869371872894706,llr,0.31586632871102965,0.0,0.45718906189945985,0.2393745226565638,0.5019450621652424,constant,3.72092540659145,0.3681460846441921,last,1262,7522,9600,0.30130208333333336,1.0,1.0,0.006740972222222222,0.0806,44.69712578551561,12.406947890818858,,,,,,,,,,,2.6192308022627238,497570
ldpc,N192_M96,tau_pSA,search,903,949,,,,1.023094713384498,0.08974547580392844,2.0785004263314764,snr,0.5694095054457089,0.0,0.04848474806532349,1.7598287153050531,5.483059203799233,linear,2.9986671611730484,0.4029437295156412,best_state,659,11855,12800,0.45590277777777777,1.0,0.6416666666666667,0.006740972222222222,0.0806,67.63160605748429,12.406947890818858,,,,,,,,,,,2.6199657434942885,7410857
ldpc,N192_M96,tau_pSA,search,8,950,,,,0.06852786505755523,0.49036892851311786,0.1293864284560461,fixed,0.0016796277393285486,0.0,0.7630251032600931,0.14423801425888608,0.1646471898036254,constant,0.7719459438965246,0.8866350582325683,majority,7251,3835,12800,0.3044487847222222,1.0,1.0,0.006740972222222222,0.0806,45.16392809312867,12.406947890818858,,,,,,,,,,,2.6237832852761933,323352
ldpc,N192_M96,tau_pSA,search,28,951,,,,1.6987247097737035,2.7067876682411254,3.303508740800109,llr,0.28318829928838696,0.0,0.48152802202374856,0.26091651242327096,0.5418566320826518,constant,3.586737685408229,0.31938050883041696,last,1180,8025,9600,0.3064561631944444,1.0,1.0,0.006740972222222222,0.0806,45.461715772123206,12.406947890818858,,,,,,,,,,,2.6264830490232143,481732
ldpc,N192_M96,tau_pSA,search,659,952,,,,0.9855342568806315,1.6676305022946327,0.2852354192460436,snr,0.6184927128823156,0.0,0.06568579139563521,1.8236953025538174,1.91356674960533,linear,1.4927817809814161,0.32609116017701983,best_state,777,9626,12800,0.31254340277777776,1.0,1.0,0.006740972222222222,0.0806,46.36473678788503,12.406947890818858,,,,,,,,,,,2.6347145716535025,5478621
ldpc,N192_M96,tau_pSA,search,679,953,,,,1.6658607834033787,1.5530510440098404,0.7420061460866906,snr,0.5901257177873223,0.0,0.09723965372746332,1.3052226761340224,2.655828500041145,linear,1.199404840716797,0.30044264481586336,best_state,530,10664,12800,0.31317274305555554,1.0,1.0,0.006740972222222222,0.0806,46.45809724940764,12.406947890818858,,,,,,,,,,,2.6356736286177656,5637001
ldpc,N192_M96,tau_pSA,search,35,954,,,,1.6228080440181645,2.7993729286556386,2.417724188877207,llr,0.27806354067950695,0.0,0.46131863799363787,0.2208660941473573,0.49330581965224324,constant,2.5406721821963867,0.3568977121325601,last,1152,7597,9600,0.31478949652777777,1.0,1.0,0.006740972222222222,0.0806,46.69793705573298,12.406947890818858,,,,,,,,,,,2.6381781767833337,537165
ldpc,N192_M96,tau_pSA,search,186,955,,,,3.6987736749224007,3.767586458956888,0.5100920420715936,snr,0.759152353681841,0.0,0.3606098984383588,1.0226108011795534,1.115086801796613,constant,8.810737299682938,0.2757581567257593,best_state,2773,6485,9600,0.3168511284722222,1.0,1.0,0.006740972222222222,0.0806,47.00377305037601,12.406947890818858,,,,,,,,,,,2.6408824428945805,1732934
ldpc,N192_M96,tau_pSA,search,201,956,,,,3.0226705419211153,3.036758432048192,5.167607839403222,snr,0.04736984290043883,0.0,0.29464901486544204,1.2358538710092812,1.289145226798559,constant,7.590857753112555,0.17490235435548365,best_state,3519,5916,9600,0.31731770833333334,1.0,1.0,0.006740972222222222,0.0806,47.07298856495313,12.406947890818858,,,,,,,,,,,2.641671720326511,1851719
ldpc,N192_M96,tau_pSA,search,658,957,,,,1.1345046826123253,0.0675265511220898,1.5454367177784176,snr,0.6159061250185088,0.0,0.06227069161536475,1.8396874579488007,1.9627284684488537,linear,1.5076703769586204,0.3269723670475987,best_state,790,10244,12800,0.46642795138888893,1.0,0.6666666666666666,0.006740972222222222,0.0806,69.1929792932935,12.406947890818858,,,,,,,,,,,2.642395914208256,5470702
ldpc,N192_M96,tau_pSA,search,29,958,,,,1.9697670601941868,2.9418459410077005,2.1543445308913136,llr,0.30556676023731366,0.0,0.4608050696841521,0.224042621477906,2.427404994129065,constant,3.816784351942068,0.32548822221684215,last,1186,7666,9600,0.31787109375,1.0,1.0,0.006740972222222222,0.0806,47.155081384567836,12.406947890818858,,,,,,,,,,,2.6424913108413044,489651
ldpc,N192_M96,tau_pSA,search,207,959,,,,4.5333710277783394,2.7035056979319165,5.744140152482879,snr,0.7827657145499954,0.0,0.2776410035094456,0.7780790489197964,0.9309373252513715,constant,5.952916844520756,0.30672939261545984,majority,2761,6655,9600,0.3308376736111111,1.0,0.9666666666666667,0.006740972222222222,0.0806,49.078628824559594,12.406947890818858,,,,,,,,,,,2.6431191095364963,1899233
ldpc,N192_M96,tau_pSA,search,32,960,,,,2.0619309028499027,2.9769879813800775,3.0283883397438967,llr,0.29536850570962236,0.0,0.42461025006671715,0.22246067899884056,0.4948357320918603,constant,3.7553679720150943,0.34920696960502884,last,1462,7943,9600,0.32074652777777773,1.0,1.0,0.006740972222222222,0.0806,47.58164211393839,12.406947890818858,,,,,,,,,,,2.646330400562168,513408
ldpc,N192_M96,tau_pSA,search,807,961,,,,0.8146809326973863,0.43645945173392314,1.6657290954709378,snr,0.6083907168148271,0.0,0.029403889075929265,1.9735091816557027,2.040181777427858,linear,1.587817325676606,0.4239667289064087,best_state,685,11751,12800,0.3255750868055555,1.0,0.9958333333333332,0.006740972222222222,0.0806,48.29794220665499,12.406947890818858,,,,,,,,,,,2.650742571428591,6650633
ldpc,N192_M96,tau_pSA,search,36,962,,,,1.7936908174254964,2.5811138782750165,2.29861803177176,llr,0.2570868855699042,0.0,0.43882219270088096,0.2495009033062132,0.5262738570383595,constant,3.6015404826051016,0.2756704534029796,last,1308,7717,9600,0.32406684027777777,1.0,1.0,0.006740972222222222,0.0806,48.07419903162666,12.406947890818858,,,,,,,,,,,2.650827674381671,545084
ldpc,N192_M96,tau_pSA,search,145,963,,,,5.737853565680886,5.825858206163981,1.0625887688358238,snr,0.36667209590974426,0.0,0.6803127543935743,0.5257602718036709,0.9758784568086935,piecewise,4.915425708731669,0.765805623576456,best_state,2025,4403,9600,0.33696831597222215,1.0,1.0,0.006740972222222222,0.0806,49.98808849284021,12.406947890818858,,,,,,,,,,,2.6677996227721827,1408255
ldpc,N192_M96,tau_pSA,search,117,964,,,,3.3323030958047726,3.3794947827929906,0.47392058917449825,snr,0.5250512199144884,0.0,0.5751991994303978,0.3066308251105239,8.135986023049293,linear,6.373403505459429,0.49856456454979264,last,3805,2367,6400,0.3384982638888889,1.0,1.0,0.006740972222222222,0.0806,50.21505099412795,12.406947890818858,,,,,,,,,,,2.6695758855570464,1186523
ldpc,N192_M96,tau_pSA,search,704,965,,,,1.231320321701443,0.1309414383472937,1.6545165847640568,snr,0.652722708495515,0.0,0.07732770555673033,1.7431054507014483,1.9662238389149782,linear,1.6518452440823557,0.3845829732776387,best_state,223,12115,12800,0.4590603298611111,1.0,0.7375000000000002,0.006740972222222222,0.0806,68.10001802822705,12.406947890818858,,,,,,,,,,,2.6708882913062078,5834976
ldpc,N192_M96,tau_pSA,search,707,966,,,,1.2755107007332316,1.2670389393371968,0.4206187445186693,snr,0.6080105673153472,0.0,0.07917313912976874,1.6924441362100435,2.0068345297978984,linear,1.6098768469394436,0.38402599329250464,best_state,1,12260,12800,0.3420789930555556,1.0,1.0,0.006740972222222222,0.0806,50.74623982692903,12.406947890818858,,,,,,,,,,,2.674066406872649,5858733
ldpc,N192_M96,tau_pSA,search,103,967,,,,5.309492853771297,5.01945698749469,4.2566409320001,snr,0.3194146241931738,0.0,0.49996202597287304,0.46326208841749983,0.8757434690472202,piecewise,2.8713357269390785,0.48511516903383844,best_state,440,5381,6400,0.34487847222222223,1.0,1.0,0.006740972222222222,0.0806,51.16153291439168,12.406947890818858,,,,,,,,,,,2.677882679999086,1075657
ldpc,N192_M96,tau_pSA,search,475,968,,,,1.2318303923230185,0.9627177368424399,1.199100226441906,snr,0.5422279964208848,0.0,0.05030530834682964,2.048080195668943,2.1496489824205205,linear,1.2335530356982027,0.3384371361765357,best_state,331,10050,12800,0.35113932291666666,1.0,0.9916666666666667,0.006740972222222222,0.0806,52.090308540228705,12.406947890818858,,,,,,,,,,,2.68143778836337,4021525
ldpc,N192_M96,tau_pSA,search,348,969,,,,1.9958664016621774,0.4183452906680012,3.050706446786759,snr,0.7277894476581884,0.0,0.11822009773574536,0.7810217990059338,0.872932145888849,constant,0.5772987288282939,0.19522985406476995,best_state,1051,8060,9600,0.38291015624999997,1.0,0.9166666666666666,0.006740972222222222,0.0806,56.80340218399093,12.406947890818858,,,,,,,,,,,2.6816814393286195,3015812
ldpc,N192_M96,tau_pSA,search,337,970,,,,2.356272969843608,0.3655287910302813,2.8178260415988348,snr,0.7244427232001244,0.0,0.11577065438517554,0.7780515774364019,0.8677328491691837,constant,0.5454080928642719,0.17864912327008842,best_state,994,8401,9600,0.3994140625,1.0,0.8874999999999998,0.006740972222222222,0.0806,59.251699804264966,12.406947890818858,,,,,,,,,,,2.685449233565299,2928703
ldpc,N192_M96,tau_pSA,search,10,971,,,,3.012458750185732,1.207492092374258,1.2384669824546846,fixed,0.7125972463227317,0.0,0.12150943485481017,0.0647135364360308,9.266723589815907,linear,1.636923437594622,0.17583771081534924,majority,18746,211,19200,0.3575954861111111,1.0,0.9895833333333334,0.006740972222222222,0.0806,53.048058102400326,12.406947890818858,,,,,,,,,,,2.6884398912593324,339190
ldpc,N192_M96,tau_pSA,search,100,972,,,,5.385742569848731,4.940056425991827,4.024118845927837,snr,0.4895496685281906,0.0,0.5103943816445479,0.43236102373696395,0.9155649835877979,piecewise,0.6384412306374543,0.4614999431204434,best_state,519,5263,6400,0.35702039930555557,1.0,1.0,0.006740972222222222,0.0806,52.96274595652622,12.406947890818858,,,,,,,,,,,2.6929524094918804,1051900
ldpc,N192_M96,tau_pSA,search,650,973,,,,1.1352260605068287,0.05942874706481078,1.566383264768999,snr,0.618866726693826,0.0,0.06888397150127219,1.4213576702747757,1.8157343966605677,linear,1.4879573844428653,0.3244728638307102,best_state,820,10203,12800,0.4494249131944445,1.0,0.8020833333333334,0.006740972222222222,0.0806,66.67063716905326,12.406947890818858,,,,,,,,,,,2.6939724122863202,5407350
ldpc,N192_M96,tau_pSA,search,351,974,,,,1.9516090811497213,0.6949633847802169,2.529329070435748,fixed,0.7430508971618549,0.0,0.2054745967864326,0.7571410812867658,1.8069604635919962,constant,0.6150610954676229,0.2004050528431215,best_state,1378,8019,9600,0.3679253472222222,1.0,0.9916666666666667,0.006740972222222222,0.0806,54.58045740187493,12.406947890818858,,,,,,,,,,,2.701867621835106,3039569
ldpc,N192_M96,tau_pSA,search,958,975,,,,0.9572994936795696,1.981331660280711,0.17091655322598936,snr,0.6174846791384992,0.0,0.09562234832890014,1.4413419526535411,4.961646984053463,linear,1.374774572987385,0.39495528547900793,best_state,1584,13312,19200,0.3714084201388889,1.0,1.0,0.006740972222222222,0.0806,55.09715926650871,12.406947890818858,,,,,,,,,,,2.709938969777073,7846402
ldpc,N192_M96,tau_pSA,search,768,976,,,,1.148188243730639,0.27913185961300396,1.5942119719008283,snr,0.5854218767710881,0.0,0.10787410481372697,2.2341943649679075,2.301306290626405,linear,1.7797468508797891,0.44487773020335014,best_state,15,12337,12800,0.4237196180555556,1.0,0.8854166666666666,0.006740972222222222,0.0806,62.857345214793455,12.406947890818858,,,,,,,,,,,2.710064894819816,6341792
ldpc,N192_M96,tau_pSA,search,189,977,,,,3.598381373690353,3.914588239182595,0.2445300775197442,snr,0.7752256638910523,0.0,0.3533946051548587,1.0014497872533854,1.115651856590724,constant,9.146555655415966,0.2762016504178818,best_state,2829,6477,9600,0.3736979166666667,1.0,1.0,0.006740972222222222,0.0806,55.43679818687546,12.406947890818858,,,,,,,,,,,2.7126638718833544,1756691
ldpc,N192_M96,tau_pSA,search,12,978,,,,1.1015566320247105,2.0577594228989495,0.34655881328715965,fixed,0.21738315667410096,0.0,0.06500189039768182,0.15922442060315217,2.1021948276426476,cosine,0.7151379327276927,0.6838452566858804,best_state,15861,1663,19200,0.3736436631944444,1.0,1.0,0.006740972222222222,0.0806,55.42874987122695,12.406947890818858,,,,,,,,,,,2.712737012428872,355028
ldpc,N192_M96,tau_pSA,search,137,979,,,,7.028291406668512,6.664195782006944,0.7770952223028526,snr,0.7391326428873072,0.0,0.4710123318617713,1.0886973726572013,1.3047306114189101,piecewise,4.019058097160194,0.6460972212862064,best_state,2433,6238,9600,0.37373046875000004,1.0,1.0,0.006740972222222222,0.0806,55.44162717626456,12.406947890818858,,,,,,,,,,,2.712757917457857,1344903
ldpc,N192_M96,tau_pSA,search,816,980,,,,1.4054215631112417,1.7745542417771067,0.1967043246142135,snr,0.6101807056707655,0.0,0.0316523740322404,1.9496518873530817,2.0209741527296794,linear,3.2762916216398406,0.431058626024449,best_state,631,11719,12800,0.3780924479166667,1.0,0.9979166666666667,0.006740972222222222,0.0806,56.088711754404045,12.406947890818858,,,,,,,,,,,2.716630714280046,6721904
ldpc,N192_M96,tau_pSA,search,955,981,,,,1.0134140734636177,2.0403445179699844,0.16465860319239362,snr,0.6158342312021592,0.0,0.09429129901536656,1.4097126178271067,4.995651034152548,piecewise,1.3896098182650685,0.3912595993560116,best_state,1477,13118,19200,0.37795138888888885,1.0,1.0,0.006740972222222222,0.0806,56.06778613371793,12.406947890818858,,,,,,,,,,,2.7173119543087423,7822645
ldpc,N192_M96,tau_pSA,search,567,982,,,,1.4799199750676935,1.3043792602396604,2.455898182385496,snr,0.6468244484159485,0.0,0.8960289032300889,1.4799851017611607,1.57728796809972,linear,2.3214335882201333,0.11238115310408665,best_state,925,11576,12800,0.37867838541666665,1.0,1.0,0.006740972222222222,0.0806,56.17563356340785,12.406947890818858,,,,,,,,,,,2.7185127857219777,4750073
ldpc,N192_M96,tau_pSA,search,318,983,,,,2.899040869164368,0.4930665607151897,2.32063532828552,llr,0.686515618470923,0.0,0.14732458896161538,0.6989206872445652,0.8121007406212926,exponential,0.13147104767664528,0.14298196612997977,last,2178,7285,9600,0.40814887152777785,1.0,0.9354166666666668,0.006740972222222222,0.0806,60.54747862367365,12.406947890818858,,,,,,,,,,,2.7187858219451297,2778242
ldpc,N192_M96,tau_pSA,search,321,984,,,,2.8851065566303626,0.49096147910321086,2.143281885992596,llr,0.6880420541984827,0.0,0.14497857383938967,0.7120042738332111,0.8191712617144006,exponential,0.1339199007914204,0.13269186012915182,last,2142,7281,9600,0.4093424479166667,1.0,0.9354166666666667,0.006740972222222222,0.0806,60.72454156794067,12.406947890818858,,,,,,,,,,,2.720064630870641,2801999
ldpc,N192_M96,tau_pSA,search,120,985,,,,2.2807220127429573,3.483799776629363,0.0912124496787192,llr,0.6573049384035969,0.0,0.5707896646673464,0.3173721881919352,8.626078234475413,linear,1.9210331579117301,0.5485315752198467,last,1013,4865,6400,0.3807508680555556,1.0,1.0,0.006740972222222222,0.0806,56.483079221180596,12.406947890818858,,,,,,,,,,,2.7207277953486866,1210280
ldpc,N192_M96,tau_pSA,search,182,986,,,,3.4762920148356335,3.9304578714514222,0.19942763588863166,snr,0.7747068177848777,0.0,0.359818670959157,1.0245897249870004,1.1172458223725386,constant,9.107469510315292,0.2747410343767402,best_state,1153,7179,9600,0.3836697048611111,1.0,1.0,0.006740972222222222,0.0806,56.916078603069955,12.406947890818858,,,,,,,,,,,2.7241016439368266,1701258
ldpc,N192_M96,tau_pSA,search,664,987,,,,0.9805135787932877,1.8403362915022614,1.3591799087707301,snr,0.6340044727986476,0.0,0.025459277527214077,0.05883524064212509,0.19283187543262376,linear,0.827512496166273,0.35387328761093295,best_state,572,10010,12800,0.38795572916666665,1.0,1.0,0.006740972222222222,0.0806,57.55189553930153,12.406947890818858,,,,,,,,,,,2.729014176981477,5518216
ldpc,N192_M96,tau_pSA,search,950,988,,,,1.0051505125557645,0.1577296806960969,2.082357400021651,snr,0.6150262142657488,0.0,0.09120283129202904,1.3746757477905216,4.931230638323408,piecewise,1.365528698947722,0.38312637692405543,best_state,1469,13265,19200,0.41498480902777773,1.0,0.9541666666666667,0.006740972222222222,0.0806,61.56156639538477,12.406947890818858,,,,,,,,,,,2.735391941897528,7783050
ldpc,N192_M96,tau_pSA,search,539,989,,,,1.4727553452603326,1.4723484866477012,0.44195248174909546,fixed,0.5515225355565767,0.0,0.0626642185269289,1.714557230282883,1.8291957690668437,linear,1.2494856498981148,0.345181529409836,best_state,27,10683,12800,0.4006510416666667,1.0,1.0,0.006740972222222222,0.0806,59.4352014010508,12.406947890818858,,,,,,,,,,,2.7430180941695257,4528341
ldpc,N192_M96,tau_pSA,search,2,990,,,,0.21897904488015454,0.17636945534726683,0.8620352238389108,fixed,0.5846979414496142,0.0,0.18996001983501534,1.1721017231504125,7.440411700873019,piecewise,0.13616830295629614,0.8526413010166123,last,6950,4667,12800,0.4007052951388889,1.0,1.0,0.006740972222222222,0.0806,59.4432497166993,12.406947890818858,,,,,,,,,,,2.7430982065553833,275838
ldpc,N192_M96,tau_pSA,search,542,991,,,,1.6728940051756862,1.7412081845439191,0.18629922910968436,snr,0.5875371516970832,0.0,0.04179801625972395,1.3775183708709762,3.2306807251431016,linear,1.9473639917579655,0.3955697887376721,best_state,625,9866,12800,0.40873480902777776,1.0,1.0,0.006740972222222222,0.0806,60.634400432677445,12.406947890818858,,,,,,,,,,,2.7516475375955975,4552098
ldpc,N192_M96,tau_pSA,search,557,992,,,,1.3132005387879628,0.11398973492049494,0.9646509167198718,snr,0.6169563159834941,0.0,0.09679367685226604,1.1186303088351826,2.4370481989534327,linear,1.0232415587728618,0.364710565546689,best_state,6,9481,12800,0.45164930555555555,1.0,0.9270833333333334,0.006740972222222222,0.0806,67.00061811064181,12.406947890818858,,,,,,,,,,,2.7586052860638883,4670883
ldpc,N192_M96,tau_pSA,search,547,993,,,,1.239693133506795,0.8351002682922413,1.3464211063814036,snr,0.16170342514083114,0.0,0.038297361252085604,1.3845252713391363,1.4699259347051103,linear,1.3838501686303555,0.30811136847544585,best_state,499,9936,12800,0.41599392361111115,1.0,1.0,0.006740972222222222,0.0806,61.7112650664469,12.406947890818858,,,,,,,,,,,2.759363361160305,4591693
ldpc,N192_M96,tau_pSA,search,835,994,,,,1.4113378969308108,1.5753105797652027,0.25029835855754484,fixed,0.5964608213360485,0.0,0.059611220053447746,2.110044700526329,2.168864929076806,piecewise,2.4216022858641946,0.459898249757095,best_state,15,12562,12800,0.4182183159722222,1.0,0.9979166666666667,0.006740972222222222,0.0806,62.041246008035436,12.406947890818858,,,,,,,,,,,2.7606368453156,6872365
ldpc,N192_M96,tau_pSA,search,233,995,,,,3.132673395175437,0.18128543929288432,4.517619712940587,snr,0.7294261464971743,0.0,0.3410824685713274,0.6555338710311208,0.9548324346503908,constant,8.375951142817474,0.2137864871335281,best_state,1544,7110,9600,0.46758897569444446,1.0,0.9333333333333335,0.006740972222222222,0.0806,69.36521324817143,12.406947890818858,,,,,,,,,,,2.77681066444995,2105127
ldpc,N192_M96,tau_pSA,search,667,996,,,,0.9429891448552195,1.8719323260561502,0.07774572578379316,snr,0.6371650371935015,0.0,0.02433686136922894,2.1747226772161543,2.2202171419915335,linear,0.853128443047839,0.3456954868312482,best_state,1144,11147,12800,0.4333875868055555,1.0,1.0,0.006740972222222222,0.0806,64.29155506335634,12.406947890818858,,,,,,,,,,,2.7771223043267015,5541973
ldpc,N192_M96,tau_pSA,search,151,997,,,,5.650693249728561,4.709854736210984,6.615886854967762,snr,0.3645237932344533,0.0,0.6908716478426484,0.8162272345627233,0.9789186180546252,piecewise,3.4347854852184754,0.009035458461561452,best_state,1960,5723,9600,0.442578125,1.0,1.0,0.006740972222222222,0.0806,65.65493973421242,12.406947890818858,,,,,,,,,,,2.7862676279744876,1455769
ldpc,N192_M96,tau_pSA,search,235,998,,,,3.1224151419559685,0.15622230817996904,4.744320848104265,snr,0.7272463096720846,0.0,0.2032605892095093,0.6842511493310449,0.9882770525343721,constant,8.43167153690759,0.2127468335102994,best_state,1581,7134,9600,0.47361111111111115,1.0,0.9458333333333333,0.006740972222222222,0.0806,70.25857628515504,12.406947890818858,,,,,,,,,,,2.788612998757462,2120965
ldpc,N192_M96,tau_pSA,search,208,999,,,,4.425289313847083,2.506473088021516,5.824096766530802,snr,0.785760867423519,0.0,0.2768270978430532,1.1093660923928759,1.2464316068855257,constant,9.987302071849435,0.31584841213221304,majority,2747,6704,9600,0.4535047743055556,1.0,0.9979166666666667,0.006740972222222222,0.0806,67.27587050582055,12.406947890818858,,,,,,,,,,,2.7958175431438916,1907152
ldpc,N192_M96,tau_pSA,search,799,1000,,,,1.057478199412647,1.4194879747588116,0.059127232631521816,snr,0.6587413746495621,0.0,0.10837923298553638,1.3738815598611025,3.822201374465452,linear,1.3564612339407311,0.49080147853065237,best_state,13180,6005,19200,0.45384114583333335,1.0,1.0,0.006740972222222222,0.0806,67.32577006284126,12.406947890818858,,,,,,,,,,,2.797153897894544,6587281
ldpc,N192_M96,tau_pSA,search,837,1001,,,,1.3496775520980033,1.5969557333682032,0.14345326357754978,fixed,0.5769832173472502,0.0,0.05723967134003598,2.1053441566940467,2.172605565614725,linear,2.4449762674988937,0.4392365836911261,last,31,12476,12800,0.45489366319444446,1.0,1.0,0.006740972222222222,0.0806,67.48190738642218,12.406947890818858,,,,,,,,,,,2.7981870227126504,6888203
ldpc,N192_M96,tau_pSA,search,935,1002,,,,1.1368154464256957,0.7221476950235186,1.8463141936430696,snr,0.5981659381739282,0.0,0.9644518164478276,2.2788451001034358,2.369594159783732,linear,0.71580238356293,0.41981062714968187,best_state,355,12226,12800,0.45565321180555557,1.0,1.0,0.006740972222222222,0.0806,67.59458380550119,12.406947890818858,,,,,,,,,,,2.7988934813361976,7664265
ldpc,N192_M96,tau_pSA,search,101,1003,,,,5.495569890061081,3.3349371007862367,7.954194087853712,snr,0.4901796637258299,0.0,0.6857385844810633,0.45936238483293296,0.8532556663537842,piecewise,8.774574321605805,0.47703966404533577,best_state,13,5922,6400,0.4559136284722222,1.0,1.0,0.006740972222222222,0.0806,67.63321572061399,12.406947890818858,,,,,,,,,,,2.799161404169429,1059819
ldpc,N192_M96,tau_pSA,search,74,1004,,,,3.865547570854779,1.0735773042188788,2.8390714820618523,snr,0.4051667962742988,0.0,0.5546527384208959,0.09656154087090245,0.7730774142724577,piecewise,4.51558348074637,0.5226318002809621,best_state,6489,5698,12800,0.4618381076388889,1.0,1.0,0.006740972222222222,0.0806,68.51209178943031,12.406947890818858,,,,,,,,,,,2.804748722302547,846006
ldpc,N192_M96,tau_pSA,search,834,1005,,,,1.3767177375241206,1.5921533614991745,0.10534998338537258,fixed,0.6188447507444442,0.0,0.054388349581725476,1.7769060149953126,4.875306283043893,piecewise,2.5229265315283693,0.26729585001896766,last,496,12015,12800,0.4625325520833334,1.0,1.0,0.006740972222222222,0.0806,68.61511022973113,12.406947890818858,,,,,,,,,,,2.805421874321265,6864446
ldpc,N192_M96,tau_pSA,search,11,1006,,,,0.95639201074156,0.28666934049843,2.645037973896957,llr,0.025506568264045095,0.0,0.9098072266058573,1.3966482076616507,1.5474884288521116,piecewise,0.14304799735441848,0.05960025800322275,best_state,2158,476,6400,0.4661783854166666,1.0,1.0,0.006740972222222222,0.0806,69.15595704131039,12.406947890818858,,,,,,,,,,,2.8088250863421567,347109
ldpc,N192_M96,tau_pSA,search,855,1007,,,,1.5587975351522965,1.0112564777922357,1.7169522551801486,llr,0.6028671036334884,0.0,0.7383323870538046,0.3662273646250347,6.268603060955368,linear,1.1934660110530362,0.44229438121980447,best_state,439,12062,12800,0.4666341145833333,1.0,1.0,0.006740972222222222,0.0806,69.2235628927578,12.406947890818858,,,,,,,,,,,2.809252621170544,7030745
ldpc,N192_M96,tau_pSA,search,73,1008,,,,3.9299864782967218,0.8971758796795661,6.7669849561557625,snr,0.4001541895745054,0.0,0.7197839614775251,0.15418584085647644,0.7575468744558265,piecewise,4.62770734759449,0.5324519369496319,best_state,4036,6396,12800,0.4667534722222222,1.0,1.0,0.006740972222222222,0.0806,69.2412691871845,12.406947890818858,,,,,,,,,,,2.809360994405442,838087
ldpc,N192_M96,tau_pSA,search,215,1009,,,,4.415727332702571,2.713815250664304,6.046137251966029,fixed,0.7830046395888037,0.0,0.24682755704030696,1.531998160514062,1.59081041091619,constant,6.513214634708476,0.3147137157966576,majority,2923,6432,9600,0.4709526909722222,1.0,0.99375,0.006740972222222222,0.0806,69.86420881837849,12.406947890818858,,,,,,,,,,,2.810129605816591,1962585
ldpc,N192_M96,tau_pSA,search,322,1010,,,,2.7882368377899307,1.3809934862855915,2.216382707349391,llr,0.21825927075826002,0.0,0.14440729729245927,0.7117826474014703,0.8102460916772763,exponential,0.13508004337059465,0.13862544140751462,last,2073,7306,9600,0.46796875,1.0,1.0,0.006740972222222222,0.0806,69.42155145771093,12.406947890818858,,,,,,,,,,,2.8104879014793616,2809918
ldpc,N192_M96,tau_pSA,search,78,1011,,,,3.6395966509195175,1.6658524229492273,0.928586286513561,snr,0.5583123138911474,0.0,0.7242133209712112,0.09761639388726548,0.6989389067546453,piecewise,0.2747632710876766,0.5159938186144927,best_state,6400,5580,12800,0.46804470486111116,1.0,1.0,0.006740972222222222,0.0806,69.43281909961884,12.406947890818858,,,,,,,,,,,2.810559949221427,877682
ldpc,N192_M96,tau_pSA,search,148,1012,,,,5.600091276854619,4.672555521605666,6.5936283156790845,snr,0.3636437124737386,0.0,0.6849829638115416,1.3959540177022103,1.496127212090674,piecewise,3.3288898026785416,0.5807332059804755,best_state,2117,5774,9600,0.4711588541666667,1.0,1.0,0.006740972222222222,0.0806,69.8947924178428,12.406947890818858,,,,,,,,,,,2.8134439722609685,1432012
ldpc,N192_M96,tau_pSA,search,81,1013,,,,3.8227745452053763,0.9065327877218843,6.461528993282104,snr,0.4011826796522297,0.0,0.7156674212545981,0.093446995976862,0.763757629172049,piecewise,4.727681608750275,0.5282352025423742,best_state,6811,5555,12800,0.4717122395833333,1.0,1.0,0.006740972222222222,0.0806,69.97688523745751,12.406947890818858,,,,,,,,,,,2.813952982221347,901439
ldpc,N192_M96,tau_pSA,search,230,1014,,,,3.19013565369667,0.2030986435057855,4.536133749249997,snr,0.7978741943769349,0.0,0.3403401053567544,0.7887365761842666,0.9983774472855415,constant,8.273095752376308,0.21341657193031754,best_state,1003,7200,9600,0.48282335069444443,1.0,0.9833333333333334,0.006740972222222222,0.0806,71.62518028227052,12.406947890818858,,,,,,,,,,,2.8157313184018635,2081370
ldpc,N192_M96,tau_pSA,search,214,1015,,,,4.477512776213672,2.595374648378628,5.948117639141013,snr,0.7841771308908914,0.0,0.2569675013654234,1.5040110631057744,1.5583086473399517,constant,6.541369077009297,0.25464764065454776,majority,2867,6409,9600,0.4773328993055556,1.0,0.99375,0.006740972222222222,0.0806,70.81069073864222,12.406947890818858,,,,,,,,,,,2.8159521153708216,1954666
ldpc,N192_M96,tau_pSA,search,82,1016,,,,3.6828543866505106,1.158015620083511,6.907931505697505,snr,0.5544887636146391,0.0,0.5445584957591847,0.1008055359447997,0.6706954306340146,piecewise,0.2493771576396583,0.5278609992953123,best_state,2003,6434,12800,0.47445746527777777,1.0,1.0,0.006740972222222222,0.0806,70.38413000927166,12.406947890818858,,,,,,,,,,,2.8164663645009886,909358
ldpc,N192_M96,tau_pSA,search,354,1017,,,,2.01465785718549,2.6449795945007684,0.05286422281053591,fixed,0.597689669306082,0.0,0.2028388914864529,0.7567336199058532,0.870098092064519,constant,0.4322940417943512,0.20381526234990874,best_state,1321,8035,9600,0.4769856770833334,1.0,1.0,0.006740972222222222,0.0806,70.75918151849181,12.406947890818858,,,,,,,,,,,2.8187842100382148,3063326
ldpc,N192_M96,tau_pSA,search,77,1018,,,,4.977475891363676,0.660279326345935,6.884523889450373,snr,0.5531870633824605,0.0,0.5490008838382034,0.07479735348476799,0.635369610038038,piecewise,4.539669291294194,0.5194794570565681,best_state,6533,5566,12800,0.48324652777777777,1.0,1.0,0.006740972222222222,0.0806,71.68795714432883,12.406947890818858,,,,,,,,,,,2.8244458687960337,869763
ldpc,N192_M96,tau_pSA,search,205,1019,,,,4.59326252999127,1.7087971907156354,5.9049568398365055,fixed,0.7845349282561651,0.0,0.26631006280113145,1.1140929160542636,1.226959757555524,constant,6.460599999028972,0.3115242725860544,majority,2840,6641,9600,0.48679470486111115,1.0,1.0,0.006740972222222222,0.0806,72.21431698774082,12.406947890818858,,,,,,,,,,,2.8276224509563472,1883395
ldpc,N192_M96,tau_pSA,search,85,1020,,,,7.692868178317556,0.35877596463576333,5.095204423692978,snr,0.14886123667725504,0.0,0.5838836736791302,0.03310822820762186,0.4115881707166817,piecewise,0.10286773827990238,0.7415177721870664,best_state,5205,6979,12800,0.4886284722222222,1.0,1.0,0.006740972222222222,0.0806,72.48635005666014,12.406947890818858,,,,,,,,,,,2.8292535651227833,933115
ldpc,N192_M96,tau_pSA,search,118,1021,,,,6.85643192239472,6.278484511679926,3.0896569009924892,llr,0.5298332550176004,0.0,0.38516800229532655,2.3844612285943096,7.871863928398274,linear,5.270523226362242,0.38739343441920293,last,3813,1763,6400,0.49072265625,1.0,1.0,0.006740972222222222,0.0806,72.79701504069229,12.406947890818858,,,,,,,,,,,2.8311025199983746,1194442
ldpc,N192_M96,tau_pSA,search,324,1022,,,,2.865634072176078,0.5622743584249548,2.2134864056374735,llr,0.2435690109369245,0.0,0.11668268424608969,0.711694066585981,0.8118258770928717,exponential,0.21986222867554625,0.13313840248334366,last,2182,7277,9600,0.49388020833333335,1.0,1.0,0.006740972222222222,0.0806,73.26542701143505,12.406947890818858,,,,,,,,,,,2.833897135106619,2825756
ldpc,N192_M96,tau_pSA,search,31,1023,,,,1.952593261595962,0.05295322786461385,2.1559519384819574,llr,0.2836769430221935,0.0,0.4485528612870807,0.25154323659825556,0.5106521963442173,constant,3.7537856341418108,0.33709834318417264,last,1210,8202,9600,0.4949110243055556,1.0,1.0,0.006740972222222222,0.0806,73.41834500875657,12.406947890818858,,,,,,,,,,,2.834804657132951,505489
ldpc,N192_M96,tau_pSA,search,209,1024,,,,4.5097192823426795,1.7517193478732385,5.87141854712085,fixed,0.7854050786139577,0.0,0.42043488746009106,1.4854100187896118,1.5438608680897148,constant,6.515148920104788,0.1585003011190423,majority,2881,6609,9600,0.4957139756944444,1.0,1.0,0.006740972222222222,0.0806,73.53746008035438,12.406947890818858,,,,,,,,,,,2.8355045716709095,1915071
ldpc,N192_M96,tau_pSA,search,33,1025,,,,1.6219805835198078,0.058214147118468465,2.120117226292467,llr,0.2803522895383578,0.0,0.4541680459580526,0.22878912886515063,0.4989215916092108,constant,3.648150115756145,0.3686705627628688,last,1358,7776,9600,0.49572482638888893,1.0,1.0,0.006740972222222222,0.0806,73.53906974348409,12.406947890818858,,,,,,,,,,,2.83552013016645,521327
ldpc,N192_M96,tau_pSA,search,26,1026,,,,1.8917113221627444,0.06624450535365828,1.9520413442863398,llr,0.27678351542083157,0.0,0.45026606549073167,0.21612199230570853,0.5027810054443294,constant,3.637346868043921,0.34180236195161484,last,1154,7759,9600,0.49660373263888885,1.0,1.0,0.006740972222222222,0.0806,73.6694524569898,12.406947890818858,,,,,,,,,,,2.8362875037946647,465894
ldpc,N192_M96,tau_pSA,search,113,1027,,,,3.2728519453137617,2.237015833800709,3.1582492420786257,snr,0.5359514306432387,0.0,0.5741954162076953,0.27629823956660665,8.25908001546256,linear,1.9650526423460806,0.3867989330055669,best_state,3786,1598,6400,0.49677734375,1.0,1.0,0.006740972222222222,0.0806,73.695207067065,12.406947890818858,,,,,,,,,,,2.8364334354855116,1154847
ldpc,N192_M96,tau_pSA,search,115,1028,,,,3.2139455913906327,0.08604208769985673,3.159992097746297,snr,0.6724558131003171,0.0,0.5645666324870565,2.3151438151989465,8.116149392604463,linear,8.846513210895408,0.3867605454792976,last,3668,1820,6400,0.49802517361111115,1.0,1.0,0.006740972222222222,0.0806,73.88031832698054,12.406947890818858,,,,,,,,,,,2.837531104020774,1170685
ldpc,N192_M96,tau_pSA,search,25,1029,,,,2.0482176630669424,0.05665400282859172,2.3525662314945026,llr,0.29279121387800444,0.0,0.4377212527108541,0.24114081222288175,0.49805256460313285,constant,3.6569918578391603,0.34022613659023576,last,1144,7266,9600,0.49852430555555555,1.0,1.0,0.006740972222222222,0.0806,73.95436283094674,12.406947890818858,,,,,,,,,,,2.8379610590787183,457975
ldpc,N192_M96,tau_pSA,search,112,1030,,,,2.312983049312118,0.0791518601811715,3.142243569987862,llr,0.6741905823366987,0.0,0.5734262868271213,2.3765701758868594,8.75444108512725,linear,1.8022824445654269,0.549130393773429,last,926,4896,6400,0.500390625,1.0,1.0,0.006740972222222222,0.0806,74.23122488925517,12.406947890818858,,,,,,,,,,,2.8395884283299266,1146928
ldpc,N192_M96,tau_pSA,search,5,1031,,,,3.2974407400949928,0.5168923263544449,1.2439021626166002,snr,0.5548753903320631,0.0,0.8792504168041462,0.466257973383396,3.8679426985965524,exponential,0.8211479800497417,0.6371777176128516,last,2361,2414,19200,0.5007812500000001,1.0,1.0,0.006740972222222222,0.0806,74.28917276192439,12.406947890818858,,,,,,,,,,,2.8399255289028544,299595
ldpc,N192_M96,tau_pSA,search,110,1032,,,,3.2674846418848595,2.3898870101249954,3.1127561140815136,llr,0.6733643968029934,0.0,0.5696345563488625,2.6109407220890466,8.778194541662216,linear,8.919580355119027,0.5537429826852459,last,953,4800,6400,0.5017795138888889,1.0,1.0,0.006740972222222222,0.0806,74.4372617698568,12.406947890818858,,,,,,,,,,,2.8407917786722807,1131090
ldpc,N192_M96,tau_pSA,search,116,1033,,,,4.351293321332971,3.2290857091096083,6.31753144399966,llr,0.6873152095442272,0.0,0.5737728765133951,2.12322456263108,9.801285682179289,linear,1.8663509912013545,0.5505587904443496,last,152,4707,6400,0.501877170138889,1.0,1.0,0.006740972222222222,0.0806,74.45174873802412,12.406947890818858,,,,,,,,,,,2.8408724883734413,1178604
