stage,alpha,kw,rho,formula_index,formula_sha256,is_satisfiable,baseline_mean_selected_unsat_rate,treatment_mean_selected_unsat_rate,difference_treatment_minus_baseline_selected_rate,difference_treatment_minus_baseline_final_rate,difference_treatment_minus_baseline_success,difference_treatment_minus_baseline_convergence_cycle,difference_treatment_minus_baseline_objective
A,1.2,4.0,0.02,0,3ea1fa01cc3da10f9f1678e3ec378035fb483e7ad907af7272e00f345fefe294,True,0.00028333333333333335,0.0002666666666666667,-1.6666666666666674e-05,-0.00010000000000000005,0.010000000000000009,1.4400000000000546,-0.0010161866666666686
A,1.2,4.0,0.02,1,37714a28925a2687ce83e161ad3d7e5c5115cf093c9da52c36821dada33ae023,False,0.003933333333333333,0.0039833333333333335,5.0000000000000565e-05,0.00048333333333333214,,-24.860000000000014,4.171333333333367e-05
A,1.2,4.0,0.02,2,833410b8e4a70b136dda7b89f3f0aac79596e6f8fdb43f851ddeb4fce8d5ee6f,False,0.003683333333333333,0.00375,6.66666666666667e-05,0.00013333333333333253,,35.05000000000007,7.835000000000047e-05
A,1.2,4.0,0.02,3,ff45cf07b0db6431caf1ac127754bb58f3cd66d97b63a98b11d73e129bfdc154,False,0.0033499999999999997,0.003383333333333333,3.333333333333313e-05,6.666666666666626e-05,,78.87,5.9623333333333126e-05
A,1.2,4.0,0.02,4,1136a3e30b479506765af8d183d1e027ee45abfa48525e78d8cbcc4b7c7337d5,False,0.0036333333333333335,0.0036166666666666665,-1.6666666666667e-05,0.00028333333333333335,,76.42999999999995,0.00042547666666666647
A,1.2,4.0,0.02,5,14543b9f6b7ade3455cd172c107f42b6368fbcdbbd1c821c6a6741731dc999bb,True,0.00115,0.0011666666666666665,1.6666666666666566e-05,0.000666666666666667,-0.010000000000000009,-21.370000000000005,0.0010095433333333383
A,1.2,4.0,0.02,6,46636fa878f018a3a4254af5ba92a0a1ab3155960a91c43744de2d8c78df03f5,True,0.0005333333333333334,0.0005333333333333334,0.0,8.333333333333326e-05,0.0,-70.43000000000006,-2.3476666666660817e-05
A,1.2,4.0,0.02,7,68250a298d025f889db3dcc95f417ef7bcef2a6a7e93deec39af39648ec359b0,False,0.006333333333333333,0.006266666666666666,-6.666666666666713e-05,0.00018333333333333222,,-70.10000000000002,-9.00333333333338e-05
A,1.2,4.0,0.02,8,049ae08fa4cba4b924929611ad2e498a9ee291c356920097338b16d4526a6dd9,True,0.0007166666666666667,0.00075,3.333333333333335e-05,0.0003500000000000005,-0.009999999999999898,-2.2799999999999727,0.0010325733333333212
A,1.2,4.0,0.02,9,d5f82f16d0b7213e8e2f02ed43ca07d06f3892cbff83b3d81592596852252bbf,False,0.0024333333333333334,0.0023166666666666665,-0.00011666666666666683,0.00013333333333333426,,29.970000000000027,-0.00010667666666666674
A,1.2,4.0,0.02,10,d344cd79ba6f51e737dbe5ff4b556389b928e7085bd5ee9ae9ddc3334372a7f3,False,0.005216666666666666,0.005233333333333334,1.6666666666667433e-05,0.0004999999999999987,,91.50999999999999,4.717000000000089e-05
A,1.2,4.0,0.02,11,3bba770c518f7e188e93ed9f84338f94582857feeee5deb1b08f45b4d3494325,False,0.0016666666666666668,0.0016666666666666668,0.0,0.0003999999999999993,,-24.139999999999986,-8.046666666666584e-06
A,1.2,4.0,0.02,12,ed09258602005c277e7faaabf77244f736681e8e94cfc2b99dfb414735263b1f,True,0.0,0.0,0.0,0.0,0.0,9.259999999999991,3.086666666665683e-06
A,1.2,4.0,0.02,13,5358efb19444e9ca1337e6a91cac0a0bf19f0ba41f94a8206eb8d4b1c5c7f667,False,0.004050000000000001,0.004116666666666667,6.666666666666626e-05,9.99999999999994e-05,,-81.29000000000008,3.9570000000000057e-05
A,1.2,4.0,0.02,14,70044a0a96d5238e57f750b24ae3f8095e82b3c8e1597a9bb56d17aad082b75d,False,0.0029666666666666665,0.0029833333333333335,1.6666666666667e-05,-4.99999999999997e-05,,31.25999999999999,2.7086666666667134e-05
A,1.2,4.0,0.02,15,3e7878f410def7d62f3dd65ddc530b8cda7bf923e8974170752484b08bc1611c,False,0.0018666666666666669,0.0018999999999999998,3.3333333333332915e-05,0.00010000000000000113,,19.25999999999999,3.975333333333317e-05
A,1.2,4.0,0.02,16,651f6d237eb3f6c3c19c627b8f42e468443477ff75012b18d2c14fbbfd2c2edf,True,0.0016666666666666668,0.0016666666666666668,0.0,0.0001166666666666677,0.0,31.379999999999995,1.046000000000033e-05
A,1.2,4.0,0.02,17,df751b4a39788cd788947a4faf6dad7b2d2a191912bdc7f5a2a5d932b755cbc1,False,0.0033333333333333335,0.0033333333333333335,0.0,0.0002833333333333351,,-6.07000000000005,-2.0233333333334602e-06
A,1.2,4.0,0.02,18,309a3f0b179914fc4d44542f7a5fa7a25100dc46b126999d83a5a8c4f4dfb1a2,False,0.0016666666666666668,0.0016666666666666668,0.0,0.00011666666666666596,,-9.29000000000002,-3.0966666666664908e-06
A,1.2,4.0,0.02,19,6ca2d893d357e6222af6d6744d455a09287e8f432ee4569741dc22fd147e637f,True,0.0011,0.0012333333333333332,0.00013333333333333318,0.0008333333333333335,-0.06,70.65000000000009,0.006156883333333349
A,1.2,4.0,0.02,20,c5841a04765dfc844d644a881f22c1ab9b87ad797f42f244210a24d2b49b2246,True,4.9999999999999996e-05,4.9999999999999996e-05,0.0,1.666666666666662e-05,0.0,-36.700000000000045,-1.223333333333354e-05
A,1.2,4.0,0.02,21,8f8adb312a98d2375b54828fbabff59932b9ea3e3906870a085ebb707bd7689b,True,0.0015500000000000002,0.0015999999999999999,4.99999999999997e-05,0.0007166666666666675,-0.04,4.910000000000082,0.004051636666666666
A,1.2,4.0,0.02,22,aa999d8a05a6521a5c6b2f035f876034928828a6f6c1f9b28f4eca4dbf40ef08,False,0.003833333333333333,0.0037666666666666664,-6.66666666666667e-05,0.0002999999999999999,,45.710000000000036,-5.142999999999988e-05
A,1.2,4.0,0.02,23,27f8863b01a77516c42eeb40dac09aa0a14207dcb396d706bb21bfb99cbbfb9f,True,0.0016166666666666666,0.0016333333333333332,1.6666666666666566e-05,0.0005333333333333336,-0.009999999999999998,0.5199999999999818,0.00101684
A,1.2,4.0,0.02,24,3894bb0653e690843f3c6cd71b0b1c91a18996e24743aff1d3a356df14743dc9,False,0.00205,0.0021,4.99999999999997e-05,3.333333333333313e-05,,-69.55999999999995,2.6813333333333255e-05
A,1.2,4.0,0.02,25,8d48d424dcf79cdc86e4ae8aeaf5811b23b37dc8c5bc47c1daefb53a680e8f47,True,0.00145,0.0015,5.000000000000013e-05,0.0002333333333333328,-0.03,3.319999999999993,0.003051106666666666
A,1.2,4.0,0.02,26,db813954ccedf890dd33a71aab5ec9ae396c378a2e112ff6b0cd1035a4c4de3e,True,0.0,0.0,0.0,0.0,0.0,6.600000000000023,2.1999999999938735e-06
A,1.2,4.0,0.02,27,8cfe51a5a6ef051a69b48d051feebe17932eb75e66a19bd3aabb4877b2bb70cb,True,0.00018333333333333334,0.00018333333333333334,0.0,3.333333333333335e-05,0.0,76.16999999999996,2.5390000000000135e-05
A,1.2,4.0,0.02,28,43bf1ae940f48ba46da71ff48fbc108827cfdab30b880a818347646cdec6dee7,False,0.00285,0.0027833333333333334,-6.66666666666667e-05,0.000516666666666667,,80.62,-3.9793333333333365e-05
A,1.2,4.0,0.02,29,86cc1d37d5c5be935822c121cd6fcd10d34c25c123dcd77d08a9414a3fd7cd75,False,0.0037666666666666664,0.0038166666666666666,5.000000000000013e-05,0.0002666666666666668,,59.690000000000055,6.989666666666616e-05
A,1.2,4.0,0.04,0,3ea1fa01cc3da10f9f1678e3ec378035fb483e7ad907af7272e00f345fefe294,True,0.00028333333333333335,0.00031666666666666665,3.3333333333333294e-05,0.00041666666666666653,-0.019999999999999907,65.41999999999985,0.002055139999999997
A,1.2,4.0,0.04,1,37714a28925a2687ce83e161ad3d7e5c5115cf093c9da52c36821dada33ae023,False,0.003933333333333333,0.004050000000000001,0.0001166666666666677,0.0006833333333333344,,28.200000000000045,0.00012606666666666738
A,1.2,4.0,0.04,2,833410b8e4a70b136dda7b89f3f0aac79596e6f8fdb43f851ddeb4fce8d5ee6f,False,0.003683333333333333,0.0037,1.6666666666667e-05,0.000449999999999999,,35.54000000000008,2.8513333333334e-05
A,1.2,4.0,0.04,3,ff45cf07b0db6431caf1ac127754bb58f3cd66d97b63a98b11d73e129bfdc154,False,0.0033499999999999997,0.00345,0.00010000000000000026,0.00043333333333333245,,17.850000000000023,0.00010595000000000049
A,1.2,4.0,0.04,4,1136a3e30b479506765af8d183d1e027ee45abfa48525e78d8cbcc4b7c7337d5,False,0.0036333333333333335,0.00365,1.6666666666666566e-05,0.0005999999999999998,,113.04000000000008,0.0004710133333333333
A,1.2,4.0,0.04,5,14543b9f6b7ade3455cd172c107f42b6368fbcdbbd1c821c6a6741731dc999bb,True,0.00115,0.00115,0.0,0.000933333333333332,0.0,54.99000000000001,1.833000000000043e-05
A,1.2,4.0,0.04,6,46636fa878f018a3a4254af5ba92a0a1ab3155960a91c43744de2d8c78df03f5,True,0.0005333333333333334,0.0005166666666666667,-1.6666666666666674e-05,0.0001666666666666661,0.009999999999999898,-35.960000000000036,-0.0010286533333333098
A,1.2,4.0,0.04,7,68250a298d025f889db3dcc95f417ef7bcef2a6a7e93deec39af39648ec359b0,False,0.006333333333333333,0.006266666666666666,-6.666666666666713e-05,0.0003333333333333313,,8.680000000000064,-6.377333333333363e-05
A,1.2,4.0,0.04,8,049ae08fa4cba4b924929611ad2e498a9ee291c356920097338b16d4526a6dd9,True,0.0007166666666666667,0.0008333333333333334,0.00011666666666666672,0.0010166666666666666,-0.06999999999999995,-58.710000000000036,0.0070970966666666566
A,1.2,4.0,0.04,9,d5f82f16d0b7213e8e2f02ed43ca07d06f3892cbff83b3d81592596852252bbf,False,0.0024333333333333334,0.0023833333333333332,-5.000000000000013e-05,0.0004333333333333342,,34.600000000000136,-3.846666666666634e-05
A,1.2,4.0,0.04,10,d344cd79ba6f51e737dbe5ff4b556389b928e7085bd5ee9ae9ddc3334372a7f3,False,0.005216666666666666,0.0053,8.33333333333337e-05,0.0005333333333333336,,117.54999999999995,0.00012251666666666678
A,1.2,4.0,0.04,11,3bba770c518f7e188e93ed9f84338f94582857feeee5deb1b08f45b4d3494325,False,0.0016666666666666668,0.0016833333333333333,1.6666666666666566e-05,0.0006833333333333327,,54.45999999999992,3.481999999999964e-05
A,1.2,4.0,0.04,12,ed09258602005c277e7faaabf77244f736681e8e94cfc2b99dfb414735263b1f,True,0.0,0.0,0.0,0.0,0.0,-0.9499999999999886,-3.1666666666652077e-07
A,1.2,4.0,0.04,13,5358efb19444e9ca1337e6a91cac0a0bf19f0ba41f94a8206eb8d4b1c5c7f667,False,0.004050000000000001,0.004016666666666667,-3.3333333333334e-05,0.00028333333333333335,,84.63,-5.123333333334132e-06
A,1.2,4.0,0.04,14,70044a0a96d5238e57f750b24ae3f8095e82b3c8e1597a9bb56d17aad082b75d,False,0.0029666666666666665,0.00305,8.33333333333337e-05,0.00020000000000000052,,34.629999999999995,9.4876666666667e-05
A,1.2,4.0,0.04,15,3e7878f410def7d62f3dd65ddc530b8cda7bf923e8974170752484b08bc1611c,False,0.0018666666666666669,0.0019166666666666666,4.99999999999997e-05,0.00028333333333333335,,96.91999999999996,8.230666666666619e-05
A,1.2,4.0,0.04,16,651f6d237eb3f6c3c19c627b8f42e468443477ff75012b18d2c14fbbfd2c2edf,True,0.0016666666666666668,0.0016666666666666668,0.0,0.0004166666666666659,0.0,9.600000000000023,3.2000000000000778e-06
A,1.2,4.0,0.04,17,df751b4a39788cd788947a4faf6dad7b2d2a191912bdc7f5a2a5d932b755cbc1,False,0.0033333333333333335,0.0033333333333333335,0.0,0.0007166666666666675,,53.93999999999994,1.7979999999999906e-05
A,1.2,4.0,0.04,18,309a3f0b179914fc4d44542f7a5fa7a25100dc46b126999d83a5a8c4f4dfb1a2,False,0.0016666666666666668,0.0016666666666666668,0.0,0.0005166666666666653,,46.45999999999998,1.5486666666666635e-05
A,1.2,4.0,0.04,19,6ca2d893d357e6222af6d6744d455a09287e8f432ee4569741dc22fd147e637f,True,0.0011,0.00125,0.00014999999999999996,0.0015833333333333333,-0.09000000000000002,6.25,0.009152083333333349
A,1.2,4.0,0.04,20,c5841a04765dfc844d644a881f22c1ab9b87ad797f42f244210a24d2b49b2246,True,4.9999999999999996e-05,3.3333333333333335e-05,-1.666666666666666e-05,-3.333333333333335e-05,0.010000000000000009,-30.549999999999955,-0.0010268500000000097
A,1.2,4.0,0.04,21,8f8adb312a98d2375b54828fbabff59932b9ea3e3906870a085ebb707bd7689b,True,0.0015500000000000002,0.0015,-5.000000000000013e-05,9.99999999999994e-05,0.020000000000000004,34.55000000000007,-0.0020384833333333364
A,1.2,4.0,0.04,22,aa999d8a05a6521a5c6b2f035f876034928828a6f6c1f9b28f4eca4dbf40ef08,False,0.003833333333333333,0.00385,1.6666666666667e-05,0.000516666666666667,,49.870000000000005,3.3290000000000056e-05
A,1.2,4.0,0.04,23,27f8863b01a77516c42eeb40dac09aa0a14207dcb396d706bb21bfb99cbbfb9f,True,0.0016166666666666666,0.0016666666666666668,5.000000000000013e-05,0.0009000000000000015,-0.019999999999999997,-1.4500000000000455,0.0020495166666666667
A,1.2,4.0,0.04,24,3894bb0653e690843f3c6cd71b0b1c91a18996e24743aff1d3a356df14743dc9,False,0.00205,0.002116666666666667,6.66666666666667e-05,6.6666666666668e-05,,57.710000000000036,8.590333333333361e-05
A,1.2,4.0,0.04,25,8d48d424dcf79cdc86e4ae8aeaf5811b23b37dc8c5bc47c1daefb53a680e8f47,True,0.00145,0.0015,5.000000000000013e-05,0.0002333333333333328,-0.03,-65.77000000000004,0.0030280766666666657
A,1.2,4.0,0.04,26,db813954ccedf890dd33a71aab5ec9ae396c378a2e112ff6b0cd1035a4c4de3e,True,0.0,0.0,0.0,0.0,0.0,36.57000000000002,1.218999999999526e-05
A,1.2,4.0,0.04,27,8cfe51a5a6ef051a69b48d051feebe17932eb75e66a19bd3aabb4877b2bb70cb,True,0.00018333333333333334,0.00028333333333333335,0.00010000000000000002,0.0005333333333333334,-0.06000000000000005,9.240000000000009,0.006103080000000011
A,1.2,4.0,0.04,28,43bf1ae940f48ba46da71ff48fbc108827cfdab30b880a818347646cdec6dee7,False,0.00285,0.002833333333333333,-1.6666666666667e-05,0.0006166666666666664,,48.450000000000045,-5.166666666670677e-07
A,1.2,4.0,0.04,29,86cc1d37d5c5be935822c121cd6fcd10d34c25c123dcd77d08a9414a3fd7cd75,False,0.0037666666666666664,0.00375,-1.6666666666666566e-05,0.0007500000000000007,,96.12000000000012,1.5373333333333107e-05
A,1.2,4.0,0.06,0,3ea1fa01cc3da10f9f1678e3ec378035fb483e7ad907af7272e00f345fefe294,True,0.00028333333333333335,0.00039999999999999996,0.00011666666666666661,0.0011666666666666668,-0.06999999999999995,30.889999999999873,0.007126963333333333
A,1.2,4.0,0.06,1,37714a28925a2687ce83e161ad3d7e5c5115cf093c9da52c36821dada33ae023,False,0.003933333333333333,0.004033333333333333,0.00010000000000000026,0.0009499999999999977,,-2.9700000000000273,9.901000000000007e-05
A,1.2,4.0,0.06,2,833410b8e4a70b136dda7b89f3f0aac79596e6f8fdb43f851ddeb4fce8d5ee6f,False,0.003683333333333333,0.0037833333333333334,0.00010000000000000026,0.0005500000000000001,,128.66000000000008,0.00014288666666666637
A,1.2,4.0,0.06,3,ff45cf07b0db6431caf1ac127754bb58f3cd66d97b63a98b11d73e129bfdc154,False,0.0033499999999999997,0.0035166666666666666,0.00016666666666666696,0.0006666666666666661,,67.31000000000006,0.00018910333333333265
A,1.2,4.0,0.06,4,1136a3e30b479506765af8d183d1e027ee45abfa48525e78d8cbcc4b7c7337d5,False,0.0036333333333333335,0.003683333333333333,4.99999999999997e-05,0.0009833333333333309,,126.45999999999992,0.0005088200000000001
A,1.2,4.0,0.06,5,14543b9f6b7ade3455cd172c107f42b6368fbcdbbd1c821c6a6741731dc999bb,True,0.00115,0.0011833333333333333,3.333333333333335e-05,0.0011499999999999991,-0.020000000000000018,50.059999999999945,0.0020500200000000066
A,1.2,4.0,0.06,6,46636fa878f018a3a4254af5ba92a0a1ab3155960a91c43744de2d8c78df03f5,True,0.0005333333333333334,0.0006333333333333333,9.999999999999994e-05,0.0007166666666666662,-0.06000000000000005,-74.28000000000009,0.0060752400000000095
A,1.2,4.0,0.06,7,68250a298d025f889db3dcc95f417ef7bcef2a6a7e93deec39af39648ec359b0,False,0.006333333333333333,0.0063,-3.333333333333313e-05,0.000383333333333331,,3.019999999999982,-3.232666666666637e-05
A,1.2,4.0,0.06,8,049ae08fa4cba4b924929611ad2e498a9ee291c356920097338b16d4526a6dd9,True,0.0007166666666666667,0.0008833333333333334,0.00016666666666666674,0.0010666666666666663,-0.08999999999999997,6.889999999999873,0.009168963333333328
A,1.2,4.0,0.06,9,d5f82f16d0b7213e8e2f02ed43ca07d06f3892cbff83b3d81592596852252bbf,False,0.0024333333333333334,0.002416666666666667,-1.6666666666666566e-05,0.0006833333333333344,,11.279999999999973,-1.2906666666666344e-05
A,1.2,4.0,0.06,10,d344cd79ba6f51e737dbe5ff4b556389b928e7085bd5ee9ae9ddc3334372a7f3,False,0.005216666666666666,0.005333333333333334,0.0001166666666666677,0.0009833333333333343,,105.70999999999992,0.00015190333333333413
A,1.2,4.0,0.06,11,3bba770c518f7e188e93ed9f84338f94582857feeee5deb1b08f45b4d3494325,False,0.0016666666666666668,0.0016666666666666668,0.0,0.0005833333333333333,,118.02999999999997,3.9343333333333435e-05
A,1.2,4.0,0.06,12,ed09258602005c277e7faaabf77244f736681e8e94cfc2b99dfb414735263b1f,True,0.0,0.0,0.0,0.0,0.0,23.140000000000043,7.713333333339567e-06
A,1.2,4.0,0.06,13,5358efb19444e9ca1337e6a91cac0a0bf19f0ba41f94a8206eb8d4b1c5c7f667,False,0.004050000000000001,0.004016666666666667,-3.3333333333334e-05,0.0003666666666666679,,78.17999999999995,-7.2733333333335065e-06
A,1.2,4.0,0.06,14,70044a0a96d5238e57f750b24ae3f8095e82b3c8e1597a9bb56d17aad082b75d,False,0.0029666666666666665,0.0030166666666666666,5.000000000000013e-05,0.0004833333333333339,,10.259999999999991,5.3420000000000203e-05
A,1.2,4.0,0.06,15,3e7878f410def7d62f3dd65ddc530b8cda7bf923e8974170752484b08bc1611c,False,0.0018666666666666669,0.0019666666666666665,9.999999999999961e-05,0.0002666666666666668,,41.47000000000003,0.00011382333333333303
A,1.2,4.0,0.06,16,651f6d237eb3f6c3c19c627b8f42e468443477ff75012b18d2c14fbbfd2c2edf,True,0.0016666666666666668,0.0016666666666666668,0.0,0.0003499999999999996,0.0,47.04000000000002,1.568000000000012e-05
A,1.2,4.0,0.06,17,df751b4a39788cd788947a4faf6dad7b2d2a191912bdc7f5a2a5d932b755cbc1,False,0.0033333333333333335,0.0033333333333333335,0.0,0.0008833333333333332,,35.98000000000002,1.1993333333333231e-05
A,1.2,4.0,0.06,18,309a3f0b179914fc4d44542f7a5fa7a25100dc46b126999d83a5a8c4f4dfb1a2,False,0.0016666666666666668,0.0016666666666666668,0.0,0.0005833333333333315,,75.90999999999997,2.530333333333355e-05
A,1.2,4.0,0.06,19,6ca2d893d357e6222af6d6744d455a09287e8f432ee4569741dc22fd147e637f,True,0.0011,0.0012166666666666667,0.00011666666666666661,0.0011499999999999991,-0.040000000000000036,192.08999999999992,0.004180696666666678
A,1.2,4.0,0.06,20,c5841a04765dfc844d644a881f22c1ab9b87ad797f42f244210a24d2b49b2246,True,4.9999999999999996e-05,6.666666666666667e-05,1.6666666666666674e-05,5.000000000000002e-05,-0.010000000000000009,-9.690000000000055,0.0010134366666666728
A,1.2,4.0,0.06,21,8f8adb312a98d2375b54828fbabff59932b9ea3e3906870a085ebb707bd7689b,True,0.0015500000000000002,0.0013833333333333332,-0.00016666666666666696,-0.0009333333333333329,0.09000000000000001,64.61000000000001,-0.009145130000000001
A,1.2,4.0,0.06,22,aa999d8a05a6521a5c6b2f035f876034928828a6f6c1f9b28f4eca4dbf40ef08,False,0.003833333333333333,0.0038166666666666666,-1.6666666666666566e-05,0.00035000000000000135,,77.24000000000001,9.079999999999852e-06
A,1.2,4.0,0.06,23,27f8863b01a77516c42eeb40dac09aa0a14207dcb396d706bb21bfb99cbbfb9f,True,0.0016166666666666666,0.0016333333333333332,1.6666666666666566e-05,0.0009000000000000015,-0.009999999999999998,54.60000000000002,0.0010348666666666665
A,1.2,4.0,0.06,24,3894bb0653e690843f3c6cd71b0b1c91a18996e24743aff1d3a356df14743dc9,False,0.00205,0.0021666666666666666,0.0001166666666666664,0.00035000000000000135,,63.76999999999998,0.00013792333333333302
A,1.2,4.0,0.06,25,8d48d424dcf79cdc86e4ae8aeaf5811b23b37dc8c5bc47c1daefb53a680e8f47,True,0.00145,0.0015500000000000002,0.00010000000000000026,0.0008499999999999992,-0.06,-40.420000000000016,0.006086526666666667
A,1.2,4.0,0.06,26,db813954ccedf890dd33a71aab5ec9ae396c378a2e112ff6b0cd1035a4c4de3e,True,0.0,0.0,0.0,0.0,0.0,45.24000000000001,1.5080000000000648e-05
A,1.2,4.0,0.06,27,8cfe51a5a6ef051a69b48d051feebe17932eb75e66a19bd3aabb4877b2bb70cb,True,0.00018333333333333334,0.00028333333333333335,0.00010000000000000002,0.0010666666666666667,-0.06000000000000005,124.88,0.0061416266666666774
A,1.2,4.0,0.06,28,43bf1ae940f48ba46da71ff48fbc108827cfdab30b880a818347646cdec6dee7,False,0.00285,0.0028666666666666667,1.6666666666666566e-05,0.0006833333333333327,,114.92000000000007,5.4973333333332985e-05
A,1.2,4.0,0.06,29,86cc1d37d5c5be935822c121cd6fcd10d34c25c123dcd77d08a9414a3fd7cd75,False,0.0037666666666666664,0.0037166666666666667,-4.99999999999997e-05,0.0008999999999999998,,131.18000000000006,-6.273333333333374e-06
A,1.2,4.0,0.08,0,3ea1fa01cc3da10f9f1678e3ec378035fb483e7ad907af7272e00f345fefe294,True,0.00028333333333333335,0.0005,0.00021666666666666666,0.0015000000000000002,-0.13,-10.090000000000146,0.013213303333333357
A,1.2,4.0,0.08,1,37714a28925a2687ce83e161ad3d7e5c5115cf093c9da52c36821dada33ae023,False,0.003933333333333333,0.0041333333333333335,0.00020000000000000052,0.0010666666666666654,,8.870000000000005,0.00020295666666666698
A,1.2,4.0,0.08,2,833410b8e4a70b136dda7b89f3f0aac79596e6f8fdb43f851ddeb4fce8d5ee6f,False,0.003683333333333333,0.0038666666666666663,0.0001833333333333331,0.000966666666666666,,137.86,0.00022928666666666587
A,1.2,4.0,0.08,3,ff45cf07b0db6431caf1ac127754bb58f3cd66d97b63a98b11d73e129bfdc154,False,0.0033499999999999997,0.0035333333333333336,0.00018333333333333396,0.0007833333333333338,,48.04000000000008,0.0006160133333333335
A,1.2,4.0,0.08,4,1136a3e30b479506765af8d183d1e027ee45abfa48525e78d8cbcc4b7c7337d5,False,0.0036333333333333335,0.00375,0.0001166666666666664,0.0009166666666666663,,86.04000000000008,0.0001453466666666665
A,1.2,4.0,0.08,5,14543b9f6b7ade3455cd172c107f42b6368fbcdbbd1c821c6a6741731dc999bb,True,0.00115,0.0012833333333333334,0.0001333333333333334,0.002066666666666667,-0.07,-29.840000000000032,0.007123386666666669
A,1.2,4.0,0.08,6,46636fa878f018a3a4254af5ba92a0a1ab3155960a91c43744de2d8c78df03f5,True,0.0005333333333333334,0.0006666666666666668,0.0001333333333333334,0.0012000000000000001,-0.08000000000000007,-86.37000000000012,0.008104543333333346
A,1.2,4.0,0.08,7,68250a298d025f889db3dcc95f417ef7bcef2a6a7e93deec39af39648ec359b0,False,0.006333333333333333,0.00635,1.6666666666666566e-05,0.00016666666666666566,,55.710000000000036,3.5236666666667305e-05
A,1.2,4.0,0.08,8,049ae08fa4cba4b924929611ad2e498a9ee291c356920097338b16d4526a6dd9,True,0.0007166666666666667,0.0008833333333333334,0.00016666666666666674,0.0010833333333333337,-0.06999999999999995,66.75,0.007188916666666656
A,1.2,4.0,0.08,9,d5f82f16d0b7213e8e2f02ed43ca07d06f3892cbff83b3d81592596852252bbf,False,0.0024333333333333334,0.002333333333333333,-0.00010000000000000026,0.0003666666666666679,,176.31000000000017,-4.123000000000017e-05
A,1.2,4.0,0.08,10,d344cd79ba6f51e737dbe5ff4b556389b928e7085bd5ee9ae9ddc3334372a7f3,False,0.005216666666666666,0.005233333333333334,1.6666666666667433e-05,0.0010499999999999989,,249.45000000000005,9.981666666666715e-05
A,1.2,4.0,0.08,11,3bba770c518f7e188e93ed9f84338f94582857feeee5deb1b08f45b4d3494325,False,0.0016666666666666668,0.0016666666666666668,0.0,0.0008333333333333318,,81.80999999999995,2.7269999999999812e-05
A,1.2,4.0,0.08,12,ed09258602005c277e7faaabf77244f736681e8e94cfc2b99dfb414735263b1f,True,0.0,0.0,0.0,0.0,0.0,66.82,2.2273333333336365e-05
A,1.2,4.0,0.08,13,5358efb19444e9ca1337e6a91cac0a0bf19f0ba41f94a8206eb8d4b1c5c7f667,False,0.004050000000000001,0.004050000000000001,0.0,0.0008666666666666666,,97.68999999999994,3.256333333333337e-05
A,1.2,4.0,0.08,14,70044a0a96d5238e57f750b24ae3f8095e82b3c8e1597a9bb56d17aad082b75d,False,0.0029666666666666665,0.0030666666666666668,0.00010000000000000026,0.0007666666666666672,,5.189999999999998,0.0001017300000000004
A,1.2,4.0,0.08,15,3e7878f410def7d62f3dd65ddc530b8cda7bf923e8974170752484b08bc1611c,False,0.0018666666666666669,0.0019666666666666665,9.999999999999961e-05,0.0006999999999999992,,85.01999999999998,0.0001283399999999998
A,1.2,4.0,0.08,16,651f6d237eb3f6c3c19c627b8f42e468443477ff75012b18d2c14fbbfd2c2edf,True,0.0016666666666666668,0.0016666666666666668,0.0,0.0005333333333333336,0.0,42.75,1.4250000000000373e-05
A,1.2,4.0,0.08,17,df751b4a39788cd788947a4faf6dad7b2d2a191912bdc7f5a2a5d932b755cbc1,False,0.0033333333333333335,0.0033333333333333335,0.0,0.0009499999999999995,,86.25,2.875000000000013e-05
A,1.2,4.0,0.08,18,309a3f0b179914fc4d44542f7a5fa7a25100dc46b126999d83a5a8c4f4dfb1a2,False,0.0016666666666666668,0.0016666666666666668,0.0,0.000633333333333333,,101.75,3.3916666666666904e-05
A,1.2,4.0,0.08,19,6ca2d893d357e6222af6d6744d455a09287e8f432ee4569741dc22fd147e637f,True,0.0011,0.0013,0.00019999999999999987,0.00215,-0.09000000000000002,100.42000000000007,0.009233473333333346
A,1.2,4.0,0.08,20,c5841a04765dfc844d644a881f22c1ab9b87ad797f42f244210a24d2b49b2246,True,4.9999999999999996e-05,3.3333333333333335e-05,-1.666666666666666e-05,-4.9999999999999996e-05,0.010000000000000009,92.25999999999999,-0.000985913333333338
A,1.2,4.0,0.08,21,8f8adb312a98d2375b54828fbabff59932b9ea3e3906870a085ebb707bd7689b,True,0.0015500000000000002,0.0015,-5.000000000000013e-05,-0.00035000000000000135,0.020000000000000004,187.5300000000001,-0.0019874900000000023
A,1.2,4.0,0.08,22,aa999d8a05a6521a5c6b2f035f876034928828a6f6c1f9b28f4eca4dbf40ef08,False,0.003833333333333333,0.00395,0.00011666666666666726,0.0003999999999999993,,84.66999999999996,0.00014489000000000082
A,1.2,4.0,0.08,23,27f8863b01a77516c42eeb40dac09aa0a14207dcb396d706bb21bfb99cbbfb9f,True,0.0016166666666666666,0.0016166666666666666,0.0,0.0010000000000000009,0.0,118.44999999999993,3.9483333333333254e-05
A,1.2,4.0,0.08,24,3894bb0653e690843f3c6cd71b0b1c91a18996e24743aff1d3a356df14743dc9,False,0.00205,0.00215,9.999999999999983e-05,0.000516666666666667,,77.74000000000001,0.00012591333333333322
A,1.2,4.0,0.08,25,8d48d424dcf79cdc86e4ae8aeaf5811b23b37dc8c5bc47c1daefb53a680e8f47,True,0.00145,0.0015833333333333333,0.0001333333333333334,0.0014333333333333342,-0.08,-89.87,0.008103376666666667
A,1.2,4.0,0.08,26,db813954ccedf890dd33a71aab5ec9ae396c378a2e112ff6b0cd1035a4c4de3e,True,0.0,0.0,0.0,0.0,0.0,65.37,2.178999999999376e-05
A,1.2,4.0,0.08,27,8cfe51a5a6ef051a69b48d051feebe17932eb75e66a19bd3aabb4877b2bb70cb,True,0.00018333333333333334,0.00031666666666666665,0.0001333333333333333,0.0010833333333333333,-0.07999999999999996,92.79000000000008,0.008164263333333338
A,1.2,4.0,0.08,28,43bf1ae940f48ba46da71ff48fbc108827cfdab30b880a818347646cdec6dee7,False,0.00285,0.00295,9.999999999999983e-05,0.000633333333333333,,19.590000000000032,0.00010652999999999965
A,1.2,4.0,0.08,29,86cc1d37d5c5be935822c121cd6fcd10d34c25c123dcd77d08a9414a3fd7cd75,False,0.0037666666666666664,0.0037666666666666664,0.0,0.0012500000000000011,,103.1400000000001,3.4379999999999654e-05
A,1.2,4.0,0.12,0,3ea1fa01cc3da10f9f1678e3ec378035fb483e7ad907af7272e00f345fefe294,True,0.00028333333333333335,0.0005166666666666667,0.00023333333333333333,0.0014833333333333332,-0.14,49.01999999999998,0.014249673333333351
A,1.2,4.0,0.12,1,37714a28925a2687ce83e161ad3d7e5c5115cf093c9da52c36821dada33ae023,False,0.003933333333333333,0.004116666666666667,0.00018333333333333396,0.0012666666666666677,,48.719999999999914,0.0001995733333333338
A,1.2,4.0,0.12,2,833410b8e4a70b136dda7b89f3f0aac79596e6f8fdb43f851ddeb4fce8d5ee6f,False,0.003683333333333333,0.004033333333333333,0.00035000000000000005,0.0010666666666666672,,15.32000000000005,0.0003551066666666672
A,1.2,4.0,0.12,3,ff45cf07b0db6431caf1ac127754bb58f3cd66d97b63a98b11d73e129bfdc154,False,0.0033499999999999997,0.0035333333333333336,0.00018333333333333396,0.0011999999999999997,,137.15999999999997,0.00022905333333333392
A,1.2,4.0,0.12,4,1136a3e30b479506765af8d183d1e027ee45abfa48525e78d8cbcc4b7c7337d5,False,0.0036333333333333335,0.003683333333333333,4.99999999999997e-05,0.001383333333333332,,121.50000000000011,9.049999999999944e-05
A,1.2,4.0,0.12,5,14543b9f6b7ade3455cd172c107f42b6368fbcdbbd1c821c6a6741731dc999bb,True,0.00115,0.0013333333333333335,0.00018333333333333353,0.0030666666666666663,-0.10999999999999999,25.83000000000004,0.011191943333333332
A,1.2,4.0,0.12,6,46636fa878f018a3a4254af5ba92a0a1ab3155960a91c43744de2d8c78df03f5,True,0.0005333333333333334,0.0007833333333333333,0.0002499999999999999,0.0017166666666666663,-0.13,13.559999999999945,0.013254519999999999
A,1.2,4.0,0.12,7,68250a298d025f889db3dcc95f417ef7bcef2a6a7e93deec39af39648ec359b0,False,0.006333333333333333,0.006316666666666667,-1.6666666666666566e-05,0.0010166666666666657,,1.7000000000000455,-1.6099999999999795e-05
A,1.2,4.0,0.12,8,049ae08fa4cba4b924929611ad2e498a9ee291c356920097338b16d4526a6dd9,True,0.0007166666666666667,0.0011166666666666666,0.00039999999999999996,0.0028333333333333335,-0.20999999999999996,-104.94000000000005,0.02136502
A,1.2,4.0,0.12,9,d5f82f16d0b7213e8e2f02ed43ca07d06f3892cbff83b3d81592596852252bbf,False,0.0024333333333333334,0.00245,1.6666666666666566e-05,0.0010166666666666675,,185.12000000000012,7.837333333333366e-05
A,1.2,4.0,0.12,10,d344cd79ba6f51e737dbe5ff4b556389b928e7085bd5ee9ae9ddc3334372a7f3,False,0.005216666666666666,0.0054333333333333326,0.00021666666666666622,0.001899999999999999,,-6.3700000000000045,0.0002145433333333325
A,1.2,4.0,0.12,11,3bba770c518f7e188e93ed9f84338f94582857feeee5deb1b08f45b4d3494325,False,0.0016666666666666668,0.0016666666666666668,0.0,0.0014999999999999996,,184.41999999999996,6.147333333333341e-05
A,1.2,4.0,0.12,12,ed09258602005c277e7faaabf77244f736681e8e94cfc2b99dfb414735263b1f,True,0.0,0.0,0.0,0.0,0.0,119.95000000000005,3.9983333333340476e-05
A,1.2,4.0,0.12,13,5358efb19444e9ca1337e6a91cac0a0bf19f0ba41f94a8206eb8d4b1c5c7f667,False,0.004050000000000001,0.0043,0.00024999999999999935,0.0017166666666666667,,-83.2600000000001,0.00022224666666666604
A,1.2,4.0,0.12,14,70044a0a96d5238e57f750b24ae3f8095e82b3c8e1597a9bb56d17aad082b75d,False,0.0029666666666666665,0.003183333333333333,0.00021666666666666666,0.0008666666666666666,,-22.22999999999996,0.00020925666666666686
A,1.2,4.0,0.12,15,3e7878f410def7d62f3dd65ddc530b8cda7bf923e8974170752484b08bc1611c,False,0.0018666666666666669,0.0019333333333333331,6.666666666666626e-05,0.001599999999999999,,126.57999999999993,0.00010885999999999969
A,1.2,4.0,0.12,16,651f6d237eb3f6c3c19c627b8f42e468443477ff75012b18d2c14fbbfd2c2edf,True,0.0016666666666666668,0.00165,-1.6666666666666783e-05,0.0011999999999999997,0.01,85.04000000000002,-0.0014049866666666665
A,1.2,4.0,0.12,17,df751b4a39788cd788947a4faf6dad7b2d2a191912bdc7f5a2a5d932b755cbc1,False,0.0033333333333333335,0.0033333333333333335,0.0,0.001483333333333333,,125.11000000000001,4.170333333333373e-05
A,1.2,4.0,0.12,18,309a3f0b179914fc4d44542f7a5fa7a25100dc46b126999d83a5a8c4f4dfb1a2,False,0.0016666666666666668,0.0016666666666666668,0.0,0.0016999999999999984,,129.22999999999996,4.3076666666666714e-05
A,1.2,4.0,0.12,19,6ca2d893d357e6222af6d6744d455a09287e8f432ee4569741dc22fd147e637f,True,0.0011,0.0016666666666666668,0.0005666666666666667,0.0032000000000000006,-0.15000000000000002,131.52999999999997,0.015610510000000011
A,1.2,4.0,0.12,20,c5841a04765dfc844d644a881f22c1ab9b87ad797f42f244210a24d2b49b2246,True,4.9999999999999996e-05,3.3333333333333335e-05,-1.666666666666666e-05,-0.00010000000000000002,0.010000000000000009,200.03999999999996,-0.0009499866666666662
A,1.2,4.0,0.12,21,8f8adb312a98d2375b54828fbabff59932b9ea3e3906870a085ebb707bd7689b,True,0.0015500000000000002,0.0015333333333333334,-1.6666666666666783e-05,-1.6666666666666566e-05,0.020000000000000004,282.74,-0.001922420000000002
A,1.2,4.0,0.12,22,aa999d8a05a6521a5c6b2f035f876034928828a6f6c1f9b28f4eca4dbf40ef08,False,0.003833333333333333,0.004016666666666667,0.00018333333333333353,0.0011999999999999997,,95.72000000000003,0.00021524000000000022
A,1.2,4.0,0.12,23,27f8863b01a77516c42eeb40dac09aa0a14207dcb396d706bb21bfb99cbbfb9f,True,0.0016166666666666666,0.00165,3.333333333333335e-05,0.0017000000000000019,-0.009999999999999998,184.68999999999994,0.0010948966666666667
A,1.2,4.0,0.12,24,3894bb0653e690843f3c6cd71b0b1c91a18996e24743aff1d3a356df14743dc9,False,0.00205,0.0023499999999999997,0.0002999999999999995,0.0008833333333333332,,127.08999999999992,0.00034236333333333277
A,1.2,4.0,0.12,25,8d48d424dcf79cdc86e4ae8aeaf5811b23b37dc8c5bc47c1daefb53a680e8f47,True,0.00145,0.0015333333333333334,8.333333333333348e-05,0.0016166666666666664,-0.05,-34.960000000000036,0.005071680000000002
A,1.2,4.0,0.12,26,db813954ccedf890dd33a71aab5ec9ae396c378a2e112ff6b0cd1035a4c4de3e,True,0.0,0.0,0.0,0.0,0.0,132.37,4.41233333333263e-05
A,1.2,4.0,0.12,27,8cfe51a5a6ef051a69b48d051feebe17932eb75e66a19bd3aabb4877b2bb70cb,True,0.00018333333333333334,0.0004833333333333333,0.0002999999999999999,0.0017666666666666664,-0.17000000000000004,85.2700000000001,0.017328423333333356
A,1.2,4.0,0.12,28,43bf1ae940f48ba46da71ff48fbc108827cfdab30b880a818347646cdec6dee7,False,0.00285,0.0029833333333333335,0.0001333333333333334,0.0012333333333333328,,101.7600000000001,0.00016725333333333318
A,1.2,4.0,0.12,29,86cc1d37d5c5be935822c121cd6fcd10d34c25c123dcd77d08a9414a3fd7cd75,False,0.0037666666666666664,0.003966666666666666,0.00019999999999999966,0.0011833333333333331,,-63.110000000000014,0.00017896333333333302
A,1.2,8.0,0.02,0,3ea1fa01cc3da10f9f1678e3ec378035fb483e7ad907af7272e00f345fefe294,True,0.00019999999999999998,0.00013333333333333334,-6.666666666666664e-05,-0.00038333333333333334,0.050000000000000044,19.50999999999999,-0.0050601633333333534
A,1.2,8.0,0.02,1,37714a28925a2687ce83e161ad3d7e5c5115cf093c9da52c36821dada33ae023,False,0.0042,0.00415,-4.99999999999997e-05,0.00023333333333333192,,13.550000000000068,-4.5483333333332966e-05
A,1.2,8.0,0.02,2,833410b8e4a70b136dda7b89f3f0aac79596e6f8fdb43f851ddeb4fce8d5ee6f,False,0.00395,0.00395,0.0,3.3333333333334866e-05,,14.71999999999997,4.906666666667017e-06
A,1.2,8.0,0.02,3,ff45cf07b0db6431caf1ac127754bb58f3cd66d97b63a98b11d73e129bfdc154,False,0.0028166666666666665,0.0029666666666666665,0.00014999999999999996,0.00020000000000000052,,-63.79000000000008,0.0001287366666666667
A,1.2,8.0,0.02,4,1136a3e30b479506765af8d183d1e027ee45abfa48525e78d8cbcc4b7c7337d5,False,0.0035666666666666668,0.00345,-0.00011666666666666683,0.0002666666666666668,,-25.90000000000009,-0.00012530000000000006
A,1.2,8.0,0.02,5,14543b9f6b7ade3455cd172c107f42b6368fbcdbbd1c821c6a6741731dc999bb,True,0.0007666666666666667,0.0008500000000000001,8.333333333333337e-05,0.0003666666666666666,-0.050000000000000044,23.299999999999955,0.005091100000000008
A,1.2,8.0,0.02,6,46636fa878f018a3a4254af5ba92a0a1ab3155960a91c43744de2d8c78df03f5,True,0.0005833333333333333,0.00055,-3.333333333333324e-05,-0.0001333333333333334,0.020000000000000018,4.4500000000000455,-0.0020318500000000156
A,1.2,8.0,0.02,7,68250a298d025f889db3dcc95f417ef7bcef2a6a7e93deec39af39648ec359b0,False,0.005816666666666667,0.0059,8.333333333333283e-05,9.99999999999994e-05,,-18.99000000000001,7.700333333333313e-05
A,1.2,8.0,0.02,8,049ae08fa4cba4b924929611ad2e498a9ee291c356920097338b16d4526a6dd9,True,0.0006666666666666668,0.0006166666666666666,-5.000000000000013e-05,-4.99999999999997e-05,0.020000000000000018,164.80000000000007,-0.00199506666666667
A,1.2,8.0,0.02,9,d5f82f16d0b7213e8e2f02ed43ca07d06f3892cbff83b3d81592596852252bbf,False,0.0024833333333333335,0.0024833333333333335,0.0,0.00014999999999999996,,73.12,2.4373333333333434e-05
A,1.2,8.0,0.02,10,d344cd79ba6f51e737dbe5ff4b556389b928e7085bd5ee9ae9ddc3334372a7f3,False,0.0047666666666666664,0.004783333333333334,1.6666666666667433e-05,0.00013333333333333253,,83.95999999999992,4.4653333333334426e-05
A,1.2,8.0,0.02,11,3bba770c518f7e188e93ed9f84338f94582857feeee5deb1b08f45b4d3494325,False,0.0016666666666666668,0.0016666666666666668,0.0,0.0,,14.939999999999998,4.979999999999915e-06
A,1.2,8.0,0.02,12,ed09258602005c277e7faaabf77244f736681e8e94cfc2b99dfb414735263b1f,True,0.0,0.0,0.0,0.0,0.0,22.689999999999998,7.563333333335254e-06
A,1.2,8.0,0.02,13,5358efb19444e9ca1337e6a91cac0a0bf19f0ba41f94a8206eb8d4b1c5c7f667,False,0.003933333333333333,0.004,6.666666666666713e-05,0.00021666666666666536,,-91.14999999999998,3.628333333333383e-05
A,1.2,8.0,0.02,14,70044a0a96d5238e57f750b24ae3f8095e82b3c8e1597a9bb56d17aad082b75d,False,0.0027333333333333333,0.0026333333333333334,-9.999999999999983e-05,0.00016666666666666566,,72.08000000000004,-7.597333333333317e-05
A,1.2,8.0,0.02,15,3e7878f410def7d62f3dd65ddc530b8cda7bf923e8974170752484b08bc1611c,False,0.0017833333333333334,0.0018833333333333332,9.999999999999983e-05,0.0001499999999999991,,90.33000000000004,0.0001301099999999997
A,1.2,8.0,0.02,16,651f6d237eb3f6c3c19c627b8f42e468443477ff75012b18d2c14fbbfd2c2edf,True,0.0015999999999999999,0.0016166666666666666,1.6666666666666783e-05,0.00024999999999999935,-0.010000000000000002,37.84000000000003,0.0010292800000000003
A,1.2,8.0,0.02,17,df751b4a39788cd788947a4faf6dad7b2d2a191912bdc7f5a2a5d932b755cbc1,False,0.0033333333333333335,0.0033499999999999997,1.6666666666666132e-05,0.0001999999999999988,,9.410000000000025,1.980333333333282e-05
A,1.2,8.0,0.02,18,309a3f0b179914fc4d44542f7a5fa7a25100dc46b126999d83a5a8c4f4dfb1a2,False,0.0016666666666666668,0.0016666666666666668,0.0,6.666666666666626e-05,,14.02000000000001,4.673333333333335e-06
A,1.2,8.0,0.02,19,6ca2d893d357e6222af6d6744d455a09287e8f432ee4569741dc22fd147e637f,True,0.0006666666666666668,0.0007666666666666667,9.999999999999994e-05,0.0004999999999999996,-0.05999999999999994,-85.49000000000001,0.006071503333333325
A,1.2,8.0,0.02,20,c5841a04765dfc844d644a881f22c1ab9b87ad797f42f244210a24d2b49b2246,True,1.6666666666666667e-05,0.0,-1.6666666666666667e-05,-4.9999999999999996e-05,0.010000000000000009,3.420000000000016,-0.0010155266666666551
A,1.2,8.0,0.02,21,8f8adb312a98d2375b54828fbabff59932b9ea3e3906870a085ebb707bd7689b,True,0.0012166666666666667,0.0012666666666666666,4.9999999999999914e-05,0.0004833333333333339,-0.030000000000000027,-24.910000000000025,0.0030416966666666698
A,1.2,8.0,0.02,22,aa999d8a05a6521a5c6b2f035f876034928828a6f6c1f9b28f4eca4dbf40ef08,False,0.0036333333333333335,0.0036166666666666665,-1.6666666666667e-05,0.0002500000000000002,,37.680000000000064,-4.106666666666564e-06
A,1.2,8.0,0.02,23,27f8863b01a77516c42eeb40dac09aa0a14207dcb396d706bb21bfb99cbbfb9f,True,0.0015833333333333333,0.0016333333333333332,4.9999999999999914e-05,0.0003666666666666662,-0.030000000000000002,-16.79000000000002,0.0030444033333333342
A,1.2,8.0,0.02,24,3894bb0653e690843f3c6cd71b0b1c91a18996e24743aff1d3a356df14743dc9,False,0.002,0.0020166666666666666,1.6666666666666566e-05,0.00016666666666666653,,23.559999999999945,2.4520000000000097e-05
A,1.2,8.0,0.02,25,8d48d424dcf79cdc86e4ae8aeaf5811b23b37dc8c5bc47c1daefb53a680e8f47,True,0.0013833333333333332,0.0014,1.6666666666666783e-05,1.6666666666666566e-05,-0.010000000000000009,-0.7099999999999795,0.0010164300000000005
A,1.2,8.0,0.02,26,db813954ccedf890dd33a71aab5ec9ae396c378a2e112ff6b0cd1035a4c4de3e,True,0.0,0.0,0.0,0.0,0.0,-1.0999999999999943,-3.6666666666795855e-07
A,1.2,8.0,0.02,27,8cfe51a5a6ef051a69b48d051feebe17932eb75e66a19bd3aabb4877b2bb70cb,True,0.00013333333333333334,0.00011666666666666668,-1.666666666666666e-05,5.000000000000002e-05,0.010000000000000009,-44.710000000000036,-0.0010315699999999955
A,1.2,8.0,0.02,28,43bf1ae940f48ba46da71ff48fbc108827cfdab30b880a818347646cdec6dee7,False,0.002533333333333333,0.00255,1.6666666666667e-05,0.00011666666666666683,,-24.860000000000014,8.38000000000054e-06
A,1.2,8.0,0.02,29,86cc1d37d5c5be935822c121cd6fcd10d34c25c123dcd77d08a9414a3fd7cd75,False,0.0035,0.0035666666666666668,6.66666666666667e-05,0.00029999999999999905,,-68.56000000000006,4.381333333333334e-05
A,1.2,8.0,0.04,0,3ea1fa01cc3da10f9f1678e3ec378035fb483e7ad907af7272e00f345fefe294,True,0.00019999999999999998,0.00019999999999999998,0.0,-6.66666666666667e-05,0.0,44.799999999999955,1.4933333333327914e-05
A,1.2,8.0,0.04,1,37714a28925a2687ce83e161ad3d7e5c5115cf093c9da52c36821dada33ae023,False,0.0042,0.0041333333333333335,-6.666666666666626e-05,0.0006833333333333327,,41.460000000000036,-5.284666666666594e-05
A,1.2,8.0,0.04,2,833410b8e4a70b136dda7b89f3f0aac79596e6f8fdb43f851ddeb4fce8d5ee6f,False,0.00395,0.003966666666666666,1.66666666666657e-05,0.0004833333333333339,,-18.379999999999995,1.0539999999998988e-05
A,1.2,8.0,0.04,3,ff45cf07b0db6431caf1ac127754bb58f3cd66d97b63a98b11d73e129bfdc154,False,0.0028166666666666665,0.00295,0.0001333333333333334,0.00026666666666666766,,1.7899999999999636,0.00013393
A,1.2,8.0,0.04,4,1136a3e30b479506765af8d183d1e027ee45abfa48525e78d8cbcc4b7c7337d5,False,0.0035666666666666668,0.0034166666666666664,-0.0001500000000000004,0.0004999999999999987,,32.379999999999995,-0.0001392066666666674
A,1.2,8.0,0.04,5,14543b9f6b7ade3455cd172c107f42b6368fbcdbbd1c821c6a6741731dc999bb,True,0.0007666666666666667,0.0008666666666666667,0.00010000000000000005,0.0008499999999999996,-0.06000000000000005,12.839999999999918,0.006104280000000004
A,1.2,8.0,0.04,6,46636fa878f018a3a4254af5ba92a0a1ab3155960a91c43744de2d8c78df03f5,True,0.0005833333333333333,0.0005,-8.333333333333326e-05,-0.00023333333333333322,0.04999999999999993,125.04000000000008,-0.005041653333333326
A,1.2,8.0,0.04,7,68250a298d025f889db3dcc95f417ef7bcef2a6a7e93deec39af39648ec359b0,False,0.005816666666666667,0.0059,8.333333333333283e-05,-3.333333333333313e-05,,64.32999999999993,0.00010477666666666632
A,1.2,8.0,0.04,8,049ae08fa4cba4b924929611ad2e498a9ee291c356920097338b16d4526a6dd9,True,0.0006666666666666668,0.0007,3.333333333333324e-05,0.0004500000000000001,-0.050000000000000044,-54.32000000000005,0.005015226666666671
A,1.2,8.0,0.04,9,d5f82f16d0b7213e8e2f02ed43ca07d06f3892cbff83b3d81592596852252bbf,False,0.0024833333333333335,0.0025166666666666666,3.333333333333313e-05,0.00016666666666666653,,140.01,8.000333333333352e-05
A,1.2,8.0,0.04,10,d344cd79ba6f51e737dbe5ff4b556389b928e7085bd5ee9ae9ddc3334372a7f3,False,0.0047666666666666664,0.004783333333333334,1.6666666666667433e-05,0.00023333333333333366,,193.37,8.112333333333381e-05
A,1.2,8.0,0.04,11,3bba770c518f7e188e93ed9f84338f94582857feeee5deb1b08f45b4d3494325,False,0.0016666666666666668,0.0016666666666666668,0.0,0.00028333333333333335,,65.40000000000003,2.1800000000000205e-05
A,1.2,8.0,0.04,12,ed09258602005c277e7faaabf77244f736681e8e94cfc2b99dfb414735263b1f,True,0.0,0.0,0.0,0.0,0.0,17.859999999999985,5.9533333333361416e-06
A,1.2,8.0,0.04,13,5358efb19444e9ca1337e6a91cac0a0bf19f0ba41f94a8206eb8d4b1c5c7f667,False,0.003933333333333333,0.00395,1.6666666666667433e-05,0.0005333333333333336,,-78.09999999999991,-9.366666666665684e-06
A,1.2,8.0,0.04,14,70044a0a96d5238e57f750b24ae3f8095e82b3c8e1597a9bb56d17aad082b75d,False,0.0027333333333333333,0.0027333333333333333,0.0,0.00038333333333333275,,-2.7299999999999613,-9.100000000002335e-07
A,1.2,8.0,0.04,15,3e7878f410def7d62f3dd65ddc530b8cda7bf923e8974170752484b08bc1611c,False,0.0017833333333333334,0.00185,6.66666666666667e-05,0.0004499999999999999,,150.18000000000006,0.00011672666666666647
A,1.2,8.0,0.04,16,651f6d237eb3f6c3c19c627b8f42e468443477ff75012b18d2c14fbbfd2c2edf,True,0.0015999999999999999,0.0016333333333333332,3.333333333333335e-05,0.0005333333333333327,-0.010000000000000002,5.939999999999998,0.0010353133333333335
A,1.2,8.0,0.04,17,df751b4a39788cd788947a4faf6dad7b2d2a191912bdc7f5a2a5d932b755cbc1,False,0.0033333333333333335,0.0033333333333333335,0.0,0.0005000000000000004,,53.69,1.78966666666662e-05
A,1.2,8.0,0.04,18,309a3f0b179914fc4d44542f7a5fa7a25100dc46b126999d83a5a8c4f4dfb1a2,False,0.0016666666666666668,0.0016666666666666668,0.0,0.00031666666666666735,,5.990000000000009,1.9966666666665182e-06
A,1.2,8.0,0.04,19,6ca2d893d357e6222af6d6744d455a09287e8f432ee4569741dc22fd147e637f,True,0.0006666666666666668,0.0006833333333333333,1.6666666666666566e-05,0.0004499999999999999,-0.020000000000000018,96.6099999999999,0.0020488700000000012
A,1.2,8.0,0.04,20,c5841a04765dfc844d644a881f22c1ab9b87ad797f42f244210a24d2b49b2246,True,1.6666666666666667e-05,0.0,-1.6666666666666667e-05,-4.9999999999999996e-05,0.010000000000000009,24.019999999999982,-0.0010086599999999946
A,1.2,8.0,0.04,21,8f8adb312a98d2375b54828fbabff59932b9ea3e3906870a085ebb707bd7689b,True,0.0012166666666666667,0.00125,3.333333333333335e-05,0.0004499999999999999,-0.020000000000000018,1.660000000000025,0.0020338866666666684
A,1.2,8.0,0.04,22,aa999d8a05a6521a5c6b2f035f876034928828a6f6c1f9b28f4eca4dbf40ef08,False,0.0036333333333333335,0.0036166666666666665,-1.6666666666667e-05,0.000483333333333333,,49.72000000000003,-9.333333333277904e-08
A,1.2,8.0,0.04,23,27f8863b01a77516c42eeb40dac09aa0a14207dcb396d706bb21bfb99cbbfb9f,True,0.0015833333333333333,0.0016333333333333332,4.9999999999999914e-05,0.0005166666666666661,-0.030000000000000002,-4.75,0.0030484166666666676
A,1.2,8.0,0.04,24,3894bb0653e690843f3c6cd71b0b1c91a18996e24743aff1d3a356df14743dc9,False,0.002,0.002033333333333333,3.333333333333313e-05,0.00023333333333333366,,22.120000000000005,4.070666666666648e-05
A,1.2,8.0,0.04,25,8d48d424dcf79cdc86e4ae8aeaf5811b23b37dc8c5bc47c1daefb53a680e8f47,True,0.0013833333333333332,0.0014166666666666666,3.333333333333335e-05,0.00018333333333333396,-0.020000000000000018,-19.889999999999986,0.0020267033333333344
A,1.2,8.0,0.04,26,db813954ccedf890dd33a71aab5ec9ae396c378a2e112ff6b0cd1035a4c4de3e,True,0.0,0.0,0.0,0.0,0.0,9.730000000000004,3.2433333333331538e-06
A,1.2,8.0,0.04,27,8cfe51a5a6ef051a69b48d051feebe17932eb75e66a19bd3aabb4877b2bb70cb,True,0.00013333333333333334,8.333333333333334e-05,-4.9999999999999996e-05,-0.00016666666666666663,0.029999999999999916,-32.10000000000002,-0.0030606999999999857
A,1.2,8.0,0.04,28,43bf1ae940f48ba46da71ff48fbc108827cfdab30b880a818347646cdec6dee7,False,0.002533333333333333,0.00265,0.00011666666666666683,0.0003000000000000008,,-51.870000000000005,9.937666666666716e-05
A,1.2,8.0,0.04,29,86cc1d37d5c5be935822c121cd6fcd10d34c25c123dcd77d08a9414a3fd7cd75,False,0.0035,0.0035666666666666668,6.66666666666667e-05,0.00020000000000000052,,-148.13,1.7290000000000534e-05
A,1.2,8.0,0.06,0,3ea1fa01cc3da10f9f1678e3ec378035fb483e7ad907af7272e00f345fefe294,True,0.00019999999999999998,0.00019999999999999998,0.0,-1.6666666666666783e-05,0.0,87.51999999999998,2.9173333333326612e-05
A,1.2,8.0,0.06,1,37714a28925a2687ce83e161ad3d7e5c5115cf093c9da52c36821dada33ae023,False,0.0042,0.004066666666666666,-0.0001333333333333334,0.0008666666666666649,,105.32000000000005,-9.822666666666618e-05
A,1.2,8.0,0.06,2,833410b8e4a70b136dda7b89f3f0aac79596e6f8fdb43f851ddeb4fce8d5ee6f,False,0.00395,0.004050000000000001,0.00010000000000000026,0.0006000000000000016,,-68.32,7.722666666666687e-05
A,1.2,8.0,0.06,3,ff45cf07b0db6431caf1ac127754bb58f3cd66d97b63a98b11d73e129bfdc154,False,0.0028166666666666665,0.0030333333333333336,0.0002166666666666671,0.0006166666666666673,,-63.120000000000005,0.00019562666666666714
A,1.2,8.0,0.06,4,1136a3e30b479506765af8d183d1e027ee45abfa48525e78d8cbcc4b7c7337d5,False,0.0035666666666666668,0.0035,-6.66666666666667e-05,0.000966666666666666,,-85.93000000000006,-9.531000000000036e-05
A,1.2,8.0,0.06,5,14543b9f6b7ade3455cd172c107f42b6368fbcdbbd1c821c6a6741731dc999bb,True,0.0007666666666666667,0.0008333333333333334,6.66666666666667e-05,0.0008833333333333332,-0.040000000000000036,71.42999999999995,0.004090476666666669
A,1.2,8.0,0.06,6,46636fa878f018a3a4254af5ba92a0a1ab3155960a91c43744de2d8c78df03f5,True,0.0005833333333333333,0.0005166666666666667,-6.666666666666659e-05,-0.00021666666666666666,0.039999999999999925,161.87,-0.004012710000000003
A,1.2,8.0,0.06,7,68250a298d025f889db3dcc95f417ef7bcef2a6a7e93deec39af39648ec359b0,False,0.005816666666666667,0.005816666666666667,0.0,9.99999999999994e-05,,92.73000000000002,3.091000000000031e-05
A,1.2,8.0,0.06,8,049ae08fa4cba4b924929611ad2e498a9ee291c356920097338b16d4526a6dd9,True,0.0006666666666666668,0.0007666666666666667,9.999999999999994e-05,0.0005499999999999999,-0.050000000000000044,-37.710000000000036,0.005087430000000004
A,1.2,8.0,0.06,9,d5f82f16d0b7213e8e2f02ed43ca07d06f3892cbff83b3d81592596852252bbf,False,0.0024833333333333335,0.00255,6.66666666666667e-05,0.00020000000000000052,,116.68000000000006,0.0001055600000000002
A,1.2,8.0,0.06,10,d344cd79ba6f51e737dbe5ff4b556389b928e7085bd5ee9ae9ddc3334372a7f3,False,0.0047666666666666664,0.0048,3.333333333333313e-05,0.0004666666666666673,,83.42999999999995,6.114333333333277e-05
A,1.2,8.0,0.06,11,3bba770c518f7e188e93ed9f84338f94582857feeee5deb1b08f45b4d3494325,False,0.0016666666666666668,0.0016666666666666668,0.0,0.0003499999999999996,,-6.259999999999991,-2.086666666666851e-06
A,1.2,8.0,0.06,12,ed09258602005c277e7faaabf77244f736681e8e94cfc2b99dfb414735263b1f,True,0.0,0.0,0.0,0.0,0.0,13.199999999999989,4.400000000001625e-06
A,1.2,8.0,0.06,13,5358efb19444e9ca1337e6a91cac0a0bf19f0ba41f94a8206eb8d4b1c5c7f667,False,0.003933333333333333,0.004033333333333333,0.00010000000000000026,0.0006499999999999995,,-118.8599999999999,6.03800000000005e-05
A,1.2,8.0,0.06,14,70044a0a96d5238e57f750b24ae3f8095e82b3c8e1597a9bb56d17aad082b75d,False,0.0027333333333333333,0.0028166666666666665,8.333333333333326e-05,0.0003666666666666662,,-40.44,6.985333333333309e-05
A,1.2,8.0,0.06,15,3e7878f410def7d62f3dd65ddc530b8cda7bf923e8974170752484b08bc1611c,False,0.0017833333333333334,0.0018166666666666667,3.333333333333335e-05,0.0005833333333333333,,188.07000000000005,9.602333333333293e-05
A,1.2,8.0,0.06,16,651f6d237eb3f6c3c19c627b8f42e468443477ff75012b18d2c14fbbfd2c2edf,True,0.0015999999999999999,0.0016666666666666668,6.666666666666691e-05,0.0007499999999999998,-0.03,12.310000000000002,0.0030707700000000004
A,1.2,8.0,0.06,17,df751b4a39788cd788947a4faf6dad7b2d2a191912bdc7f5a2a5d932b755cbc1,False,0.0033333333333333335,0.0033333333333333335,0.0,0.0007333333333333341,,67.14999999999998,2.238333333333311e-05
A,1.2,8.0,0.06,18,309a3f0b179914fc4d44542f7a5fa7a25100dc46b126999d83a5a8c4f4dfb1a2,False,0.0016666666666666668,0.0016666666666666668,0.0,0.0006833333333333335,,26.69999999999999,8.900000000000054e-06
A,1.2,8.0,0.06,19,6ca2d893d357e6222af6d6744d455a09287e8f432ee4569741dc22fd147e637f,True,0.0006666666666666668,0.0007666666666666667,9.999999999999994e-05,0.0007499999999999998,-0.040000000000000036,-42.22000000000003,0.00408592666666667
A,1.2,8.0,0.06,20,c5841a04765dfc844d644a881f22c1ab9b87ad797f42f244210a24d2b49b2246,True,1.6666666666666667e-05,0.0,-1.6666666666666667e-05,-4.9999999999999996e-05,0.010000000000000009,21.94999999999999,-0.0010093499999999922
A,1.2,8.0,0.06,21,8f8adb312a98d2375b54828fbabff59932b9ea3e3906870a085ebb707bd7689b,True,0.0012166666666666667,0.0012166666666666667,0.0,0.0004499999999999999,0.0,-5.050000000000011,-1.68333333333201e-06
A,1.2,8.0,0.06,22,aa999d8a05a6521a5c6b2f035f876034928828a6f6c1f9b28f4eca4dbf40ef08,False,0.0036333333333333335,0.0037333333333333337,0.00010000000000000026,0.0006666666666666678,,-14.159999999999968,9.528000000000054e-05
A,1.2,8.0,0.06,23,27f8863b01a77516c42eeb40dac09aa0a14207dcb396d706bb21bfb99cbbfb9f,True,0.0015833333333333333,0.0016333333333333332,4.9999999999999914e-05,0.0007833333333333329,-0.030000000000000002,33.46999999999997,0.003061156666666668
A,1.2,8.0,0.06,24,3894bb0653e690843f3c6cd71b0b1c91a18996e24743aff1d3a356df14743dc9,False,0.002,0.0021,9.999999999999983e-05,0.00019999999999999966,,-98.81000000000006,6.706333333333318e-05
A,1.2,8.0,0.06,25,8d48d424dcf79cdc86e4ae8aeaf5811b23b37dc8c5bc47c1daefb53a680e8f47,True,0.0013833333333333332,0.0014,1.6666666666666783e-05,0.00041666666666666675,-0.010000000000000009,-4.389999999999986,0.0010152033333333341
A,1.2,8.0,0.06,26,db813954ccedf890dd33a71aab5ec9ae396c378a2e112ff6b0cd1035a4c4de3e,True,0.0,0.0,0.0,0.0,0.0,12.840000000000003,4.279999999995399e-06
A,1.2,8.0,0.06,27,8cfe51a5a6ef051a69b48d051feebe17932eb75e66a19bd3aabb4877b2bb70cb,True,0.00013333333333333334,8.333333333333334e-05,-4.9999999999999996e-05,-8.333333333333329e-05,0.029999999999999916,-43.54000000000008,-0.0030645133333333102
A,1.2,8.0,0.06,28,43bf1ae940f48ba46da71ff48fbc108827cfdab30b880a818347646cdec6dee7,False,0.002533333333333333,0.0026833333333333336,0.0001500000000000004,0.0003833333333333336,,-31.089999999999918,0.00013963666666666702
A,1.2,8.0,0.06,29,86cc1d37d5c5be935822c121cd6fcd10d34c25c123dcd77d08a9414a3fd7cd75,False,0.0035,0.0035666666666666668,6.66666666666667e-05,0.0003500000000000005,,-72.77999999999997,4.2406666666667224e-05
A,1.2,8.0,0.08,0,3ea1fa01cc3da10f9f1678e3ec378035fb483e7ad907af7272e00f345fefe294,True,0.00019999999999999998,0.00021666666666666668,1.66666666666667e-05,-5.000000000000013e-05,-0.010000000000000009,107.84000000000003,0.001052613333333327
A,1.2,8.0,0.08,1,37714a28925a2687ce83e161ad3d7e5c5115cf093c9da52c36821dada33ae023,False,0.0042,0.004066666666666666,-0.0001333333333333334,0.0010499999999999989,,59.030000000000086,-0.00011365666666666649
A,1.2,8.0,0.08,2,833410b8e4a70b136dda7b89f3f0aac79596e6f8fdb43f851ddeb4fce8d5ee6f,False,0.00395,0.004016666666666667,6.666666666666626e-05,0.0006166666666666681,,-32.26999999999998,5.5909999999999294e-05
A,1.2,8.0,0.08,3,ff45cf07b0db6431caf1ac127754bb58f3cd66d97b63a98b11d73e129bfdc154,False,0.0028166666666666665,0.00295,0.0001333333333333334,0.0004499999999999999,,-45.82000000000005,0.00011806000000000013
A,1.2,8.0,0.08,4,1136a3e30b479506765af8d183d1e027ee45abfa48525e78d8cbcc4b7c7337d5,False,0.0035666666666666668,0.0035,-6.66666666666667e-05,0.0011999999999999997,,-83.5,-9.450000000000083e-05
A,1.2,8.0,0.08,5,14543b9f6b7ade3455cd172c107f42b6368fbcdbbd1c821c6a6741731dc999bb,True,0.0007666666666666667,0.0009666666666666666,0.00019999999999999987,0.0015500000000000002,-0.12000000000000005,-43.990000000000066,0.012185336666666664
A,1.2,8.0,0.08,6,46636fa878f018a3a4254af5ba92a0a1ab3155960a91c43744de2d8c78df03f5,True,0.0005833333333333333,0.0006,1.6666666666666674e-05,0.0003333333333333335,-0.010000000000000009,123.38,0.0010577933333333345
A,1.2,8.0,0.08,7,68250a298d025f889db3dcc95f417ef7bcef2a6a7e93deec39af39648ec359b0,False,0.005816666666666667,0.0058,-1.6666666666667433e-05,0.0,,62.72000000000003,4.239999999999106e-06
A,1.2,8.0,0.08,8,049ae08fa4cba4b924929611ad2e498a9ee291c356920097338b16d4526a6dd9,True,0.0006666666666666668,0.00075,8.333333333333326e-05,0.0007333333333333334,-0.07000000000000006,-50.58000000000004,0.007066473333333344
A,1.2,8.0,0.08,9,d5f82f16d0b7213e8e2f02ed43ca07d06f3892cbff83b3d81592596852252bbf,False,0.0024833333333333335,0.0026,0.0001166666666666664,0.0006166666666666673,,-25.230000000000018,0.00010825666666666647
A,1.2,8.0,0.08,10,d344cd79ba6f51e737dbe5ff4b556389b928e7085bd5ee9ae9ddc3334372a7f3,False,0.0047666666666666664,0.004833333333333334,6.666666666666713e-05,0.0006999999999999992,,111.39999999999998,0.00010380000000000025
A,1.2,8.0,0.08,11,3bba770c518f7e188e93ed9f84338f94582857feeee5deb1b08f45b4d3494325,False,0.0016666666666666668,0.0016666666666666668,0.0,0.0008166666666666669,,38.210000000000036,1.2736666666666487e-05
A,1.2,8.0,0.08,12,ed09258602005c277e7faaabf77244f736681e8e94cfc2b99dfb414735263b1f,True,0.0,0.0,0.0,0.0,0.0,33.620000000000005,1.1206666666666032e-05
A,1.2,8.0,0.08,13,5358efb19444e9ca1337e6a91cac0a0bf19f0ba41f94a8206eb8d4b1c5c7f667,False,0.003933333333333333,0.004083333333333334,0.00015000000000000083,0.0009166666666666663,,-64.26999999999998,0.00012857666666666722
A,1.2,8.0,0.08,14,70044a0a96d5238e57f750b24ae3f8095e82b3c8e1597a9bb56d17aad082b75d,False,0.0027333333333333333,0.0029666666666666665,0.00023333333333333322,0.0008500000000000001,,-121.08999999999997,0.00019296999999999977
A,1.2,8.0,0.08,15,3e7878f410def7d62f3dd65ddc530b8cda7bf923e8974170752484b08bc1611c,False,0.0017833333333333334,0.0018166666666666667,3.333333333333335e-05,0.0009333333333333329,,147.10000000000002,8.236666666666627e-05
A,1.2,8.0,0.08,16,651f6d237eb3f6c3c19c627b8f42e468443477ff75012b18d2c14fbbfd2c2edf,True,0.0015999999999999999,0.0016666666666666668,6.666666666666691e-05,0.0008166666666666661,-0.03,49.410000000000025,0.003083136666666667
A,1.2,8.0,0.08,17,df751b4a39788cd788947a4faf6dad7b2d2a191912bdc7f5a2a5d932b755cbc1,False,0.0033333333333333335,0.0033666666666666667,3.333333333333313e-05,0.0008333333333333318,,53.45999999999998,5.115333333333312e-05
A,1.2,8.0,0.08,18,309a3f0b179914fc4d44542f7a5fa7a25100dc46b126999d83a5a8c4f4dfb1a2,False,0.0016666666666666668,0.0016666666666666668,0.0,0.0008666666666666675,,24.349999999999994,8.116666666666602e-06
A,1.2,8.0,0.08,19,6ca2d893d357e6222af6d6744d455a09287e8f432ee4569741dc22fd147e637f,True,0.0006666666666666668,0.00075,8.333333333333326e-05,0.0006499999999999995,-0.010000000000000009,64.22000000000003,0.0011047399999999999
A,1.2,8.0,0.08,20,c5841a04765dfc844d644a881f22c1ab9b87ad797f42f244210a24d2b49b2246,True,1.6666666666666667e-05,0.0,-1.6666666666666667e-05,-4.9999999999999996e-05,0.010000000000000009,20.860000000000014,-0.0010097133333333286
A,1.2,8.0,0.08,21,8f8adb312a98d2375b54828fbabff59932b9ea3e3906870a085ebb707bd7689b,True,0.0012166666666666667,0.0011833333333333333,-3.333333333333335e-05,0.0004999999999999996,0.019999999999999962,21.410000000000025,-0.0020261966666666603
A,1.2,8.0,0.08,22,aa999d8a05a6521a5c6b2f035f876034928828a6f6c1f9b28f4eca4dbf40ef08,False,0.0036333333333333335,0.0037166666666666667,8.333333333333326e-05,0.001033333333333334,,23.520000000000095,9.117333333333397e-05
A,1.2,8.0,0.08,23,27f8863b01a77516c42eeb40dac09aa0a14207dcb396d706bb21bfb99cbbfb9f,True,0.0015833333333333333,0.00165,6.66666666666667e-05,0.0009833333333333326,-0.04,36.90999999999997,0.004078970000000001
A,1.2,8.0,0.08,24,3894bb0653e690843f3c6cd71b0b1c91a18996e24743aff1d3a356df14743dc9,False,0.002,0.0020833333333333333,8.333333333333326e-05,0.0002999999999999999,,-24.31000000000006,7.522999999999991e-05
A,1.2,8.0,0.08,25,8d48d424dcf79cdc86e4ae8aeaf5811b23b37dc8c5bc47c1daefb53a680e8f47,True,0.0013833333333333332,0.0013666666666666666,-1.6666666666666566e-05,0.0004499999999999999,0.009999999999999981,44.02000000000004,-0.001001993333333331
A,1.2,8.0,0.08,26,db813954ccedf890dd33a71aab5ec9ae396c378a2e112ff6b0cd1035a4c4de3e,True,0.0,0.0,0.0,0.0,0.0,23.950000000000003,7.983333333336229e-06
A,1.2,8.0,0.08,27,8cfe51a5a6ef051a69b48d051feebe17932eb75e66a19bd3aabb4877b2bb70cb,True,0.00013333333333333334,4.9999999999999996e-05,-8.333333333333334e-05,-0.00016666666666666663,0.04999999999999993,-12.720000000000027,-0.005087573333333317
A,1.2,8.0,0.08,28,43bf1ae940f48ba46da71ff48fbc108827cfdab30b880a818347646cdec6dee7,False,0.002533333333333333,0.0025833333333333333,5.000000000000013e-05,0.000700000000000001,,44.430000000000064,6.481000000000021e-05
A,1.2,8.0,0.08,29,86cc1d37d5c5be935822c121cd6fcd10d34c25c123dcd77d08a9414a3fd7cd75,False,0.0035,0.0036000000000000003,0.00010000000000000026,0.000599999999999999,,-67.88999999999999,7.737000000000022e-05
A,1.2,8.0,0.12,0,3ea1fa01cc3da10f9f1678e3ec378035fb483e7ad907af7272e00f345fefe294,True,0.00019999999999999998,0.00025,5.000000000000002e-05,0.00019999999999999998,-0.030000000000000027,126.85000000000002,0.0030922833333333344
A,1.2,8.0,0.12,1,37714a28925a2687ce83e161ad3d7e5c5115cf093c9da52c36821dada33ae023,False,0.0042,0.004183333333333333,-1.6666666666666566e-05,0.001266666666666666,,41.379999999999995,-2.873333333332749e-06
A,1.2,8.0,0.12,2,833410b8e4a70b136dda7b89f3f0aac79596e6f8fdb43f851ddeb4fce8d5ee6f,False,0.00395,0.0041,0.00014999999999999996,0.001033333333333334,,-104.87,0.0001150433333333336
A,1.2,8.0,0.12,3,ff45cf07b0db6431caf1ac127754bb58f3cd66d97b63a98b11d73e129bfdc154,False,0.0028166666666666665,0.0029666666666666665,0.00014999999999999996,0.0010499999999999997,,-58.210000000000036,0.0001305966666666665
A,1.2,8.0,0.12,4,1136a3e30b479506765af8d183d1e027ee45abfa48525e78d8cbcc4b7c7337d5,False,0.0035666666666666668,0.003483333333333333,-8.33333333333337e-05,0.0014166666666666668,,29.620000000000005,-7.346000000000089e-05
A,1.2,8.0,0.12,5,14543b9f6b7ade3455cd172c107f42b6368fbcdbbd1c821c6a6741731dc999bb,True,0.0007666666666666667,0.0009333333333333334,0.00016666666666666674,0.0014999999999999996,-0.10000000000000003,-30.870000000000005,0.010156376666666668
A,1.2,8.0,0.12,6,46636fa878f018a3a4254af5ba92a0a1ab3155960a91c43744de2d8c78df03f5,True,0.0005833333333333333,0.0006833333333333333,0.00010000000000000005,0.0009499999999999999,-0.06000000000000005,62.09000000000003,0.006120696666666668
A,1.2,8.0,0.12,7,68250a298d025f889db3dcc95f417ef7bcef2a6a7e93deec39af39648ec359b0,False,0.005816666666666667,0.005783333333333334,-3.333333333333313e-05,0.000516666666666667,,114.52999999999997,4.843333333333193e-06
A,1.2,8.0,0.12,8,049ae08fa4cba4b924929611ad2e498a9ee291c356920097338b16d4526a6dd9,True,0.0006666666666666668,0.0007166666666666667,4.9999999999999914e-05,0.0007500000000000004,-0.040000000000000036,167.69999999999993,0.004105900000000003
A,1.2,8.0,0.12,9,d5f82f16d0b7213e8e2f02ed43ca07d06f3892cbff83b3d81592596852252bbf,False,0.0024833333333333335,0.002666666666666667,0.00018333333333333353,0.001216666666666668,,-8.870000000000005,0.00018037666666666707
A,1.2,8.0,0.12,10,d344cd79ba6f51e737dbe5ff4b556389b928e7085bd5ee9ae9ddc3334372a7f3,False,0.0047666666666666664,0.004866666666666667,0.00010000000000000026,0.0011333333333333334,,1.9499999999999318,0.00010064999999999987
A,1.2,8.0,0.12,11,3bba770c518f7e188e93ed9f84338f94582857feeee5deb1b08f45b4d3494325,False,0.0016666666666666668,0.0016666666666666668,0.0,0.0011000000000000003,,110.5,3.683333333333316e-05
A,1.2,8.0,0.12,12,ed09258602005c277e7faaabf77244f736681e8e94cfc2b99dfb414735263b1f,True,0.0,0.0,0.0,0.0,0.0,112.55000000000001,3.751666666666764e-05
A,1.2,8.0,0.12,13,5358efb19444e9ca1337e6a91cac0a0bf19f0ba41f94a8206eb8d4b1c5c7f667,False,0.003933333333333333,0.00415,0.0002166666666666671,0.001550000000000001,,-206.75,0.0001477500000000003
A,1.2,8.0,0.12,14,70044a0a96d5238e57f750b24ae3f8095e82b3c8e1597a9bb56d17aad082b75d,False,0.0027333333333333333,0.0027333333333333333,0.0,0.0009166666666666663,,-71.53999999999996,-2.384666666666686e-05
A,1.2,8.0,0.12,15,3e7878f410def7d62f3dd65ddc530b8cda7bf923e8974170752484b08bc1611c,False,0.0017833333333333334,0.0019333333333333331,0.00014999999999999974,0.0017166666666666658,,75.60000000000002,0.0001751999999999995
A,1.2,8.0,0.12,16,651f6d237eb3f6c3c19c627b8f42e468443477ff75012b18d2c14fbbfd2c2edf,True,0.0015999999999999999,0.0016333333333333332,3.333333333333335e-05,0.0012500000000000002,-0.02,47.59000000000003,0.002049196666666667
A,1.2,8.0,0.12,17,df751b4a39788cd788947a4faf6dad7b2d2a191912bdc7f5a2a5d932b755cbc1,False,0.0033333333333333335,0.0033499999999999997,1.6666666666666132e-05,0.0011666666666666665,,85.79999999999995,4.526666666666672e-05
A,1.2,8.0,0.12,18,309a3f0b179914fc4d44542f7a5fa7a25100dc46b126999d83a5a8c4f4dfb1a2,False,0.0016666666666666668,0.0016666666666666668,0.0,0.0017666666666666673,,53.06,1.768666666666658e-05
A,1.2,8.0,0.12,19,6ca2d893d357e6222af6d6744d455a09287e8f432ee4569741dc22fd147e637f,True,0.0006666666666666668,0.0007333333333333333,6.666666666666659e-05,0.0008833333333333328,-0.040000000000000036,156.26,0.004118753333333336
A,1.2,8.0,0.12,20,c5841a04765dfc844d644a881f22c1ab9b87ad797f42f244210a24d2b49b2246,True,1.6666666666666667e-05,1.6666666666666667e-05,0.0,1.6666666666666674e-05,0.0,141.59000000000003,4.7196666666665665e-05
A,1.2,8.0,0.12,21,8f8adb312a98d2375b54828fbabff59932b9ea3e3906870a085ebb707bd7689b,True,0.0012166666666666667,0.0012333333333333332,1.6666666666666566e-05,0.0007666666666666664,-0.010000000000000009,27.78000000000003,0.0010259266666666662
A,1.2,8.0,0.12,22,aa999d8a05a6521a5c6b2f035f876034928828a6f6c1f9b28f4eca4dbf40ef08,False,0.0036333333333333335,0.00365,1.6666666666666566e-05,0.001400000000000002,,126.25,5.8749999999999775e-05
A,1.2,8.0,0.12,23,27f8863b01a77516c42eeb40dac09aa0a14207dcb396d706bb21bfb99cbbfb9f,True,0.0015833333333333333,0.0016666666666666668,8.333333333333348e-05,0.001366666666666667,-0.05,-0.7300000000000182,0.005499756666666668
A,1.2,8.0,0.12,24,3894bb0653e690843f3c6cd71b0b1c91a18996e24743aff1d3a356df14743dc9,False,0.002,0.0020666666666666667,6.66666666666667e-05,0.0005000000000000004,,-32.960000000000036,5.5680000000000226e-05
A,1.2,8.0,0.12,25,8d48d424dcf79cdc86e4ae8aeaf5811b23b37dc8c5bc47c1daefb53a680e8f47,True,0.0013833333333333332,0.0014,1.6666666666666783e-05,0.0010833333333333337,-0.010000000000000009,42.48000000000002,0.0010308266666666684
A,1.2,8.0,0.12,26,db813954ccedf890dd33a71aab5ec9ae396c378a2e112ff6b0cd1035a4c4de3e,True,0.0,0.0,0.0,0.0,0.0,31.049999999999997,1.034999999999231e-05
A,1.2,8.0,0.12,27,8cfe51a5a6ef051a69b48d051feebe17932eb75e66a19bd3aabb4877b2bb70cb,True,0.00013333333333333334,0.00011666666666666668,-1.666666666666666e-05,0.00011666666666666672,0.010000000000000009,6.659999999999968,-0.0010144466666666546
A,1.2,8.0,0.12,28,43bf1ae940f48ba46da71ff48fbc108827cfdab30b880a818347646cdec6dee7,False,0.002533333333333333,0.0027166666666666663,0.0001833333333333331,0.0013833333333333328,,90.50999999999999,0.00021350333333333303
A,1.2,8.0,0.12,29,86cc1d37d5c5be935822c121cd6fcd10d34c25c123dcd77d08a9414a3fd7cd75,False,0.0035,0.0035833333333333333,8.333333333333326e-05,0.001,,-143.64,3.545333333333355e-05
A,1.2,12.0,0.02,0,3ea1fa01cc3da10f9f1678e3ec378035fb483e7ad907af7272e00f345fefe294,True,0.00023333333333333336,0.0001666666666666667,-6.666666666666667e-05,-0.0003833333333333332,0.050000000000000044,37.09000000000003,-0.005054303333333343
A,1.2,12.0,0.02,1,37714a28925a2687ce83e161ad3d7e5c5115cf093c9da52c36821dada33ae023,False,0.004216666666666666,0.004166666666666667,-4.99999999999997e-05,0.00020000000000000052,,27.970000000000027,-4.067666666666622e-05
A,1.2,12.0,0.02,2,833410b8e4a70b136dda7b89f3f0aac79596e6f8fdb43f851ddeb4fce8d5ee6f,False,0.00395,0.00395,0.0,3.333333333333313e-05,,15.240000000000009,5.0800000000001885e-06
A,1.2,12.0,0.02,3,ff45cf07b0db6431caf1ac127754bb58f3cd66d97b63a98b11d73e129bfdc154,False,0.002833333333333333,0.0029833333333333335,0.0001500000000000004,0.00019999999999999966,,-63.99000000000001,0.00012867
A,1.2,12.0,0.02,4,1136a3e30b479506765af8d183d1e027ee45abfa48525e78d8cbcc4b7c7337d5,False,0.0036000000000000003,0.003466666666666667,-0.0001333333333333334,0.0002666666666666668,,-19.519999999999982,-0.00013983999999999958
A,1.2,12.0,0.02,5,14543b9f6b7ade3455cd172c107f42b6368fbcdbbd1c821c6a6741731dc999bb,True,0.0007666666666666667,0.0008666666666666667,0.00010000000000000005,0.0004000000000000002,-0.06000000000000005,18.879999999999995,0.006106293333333339
A,1.2,12.0,0.02,6,46636fa878f018a3a4254af5ba92a0a1ab3155960a91c43744de2d8c78df03f5,True,0.0006,0.0005666666666666667,-3.333333333333324e-05,-0.0001333333333333334,0.020000000000000018,6.939999999999941,-0.0020310200000000084
A,1.2,12.0,0.02,7,68250a298d025f889db3dcc95f417ef7bcef2a6a7e93deec39af39648ec359b0,False,0.005816666666666667,0.0059,8.333333333333283e-05,0.00013333333333333253,,-18.99000000000001,7.700333333333313e-05
A,1.2,12.0,0.02,8,049ae08fa4cba4b924929611ad2e498a9ee291c356920097338b16d4526a6dd9,True,0.00065,0.0006166666666666666,-3.333333333333335e-05,3.333333333333335e-05,0.010000000000000009,142.01999999999998,-0.0009859933333333376
A,1.2,12.0,0.02,9,d5f82f16d0b7213e8e2f02ed43ca07d06f3892cbff83b3d81592596852252bbf,False,0.0025,0.0025,0.0,0.0001333333333333334,,71.62,2.3873333333333368e-05
A,1.2,12.0,0.02,10,d344cd79ba6f51e737dbe5ff4b556389b928e7085bd5ee9ae9ddc3334372a7f3,False,0.004783333333333334,0.0048,1.66666666666657e-05,0.00013333333333333426,,93.79999999999995,4.7933333333332294e-05
A,1.2,12.0,0.02,11,3bba770c518f7e188e93ed9f84338f94582857feeee5deb1b08f45b4d3494325,False,0.0016666666666666668,0.0016666666666666668,0.0,6.66666666666654e-05,,14.990000000000009,4.996666666666483e-06
A,1.2,12.0,0.02,12,ed09258602005c277e7faaabf77244f736681e8e94cfc2b99dfb414735263b1f,True,0.0,0.0,0.0,0.0,0.0,25.45999999999998,8.486666666668308e-06
A,1.2,12.0,0.02,13,5358efb19444e9ca1337e6a91cac0a0bf19f0ba41f94a8206eb8d4b1c5c7f667,False,0.003933333333333333,0.004,6.666666666666713e-05,0.00021666666666666536,,-89.78000000000009,3.6740000000000383e-05
A,1.2,12.0,0.02,14,70044a0a96d5238e57f750b24ae3f8095e82b3c8e1597a9bb56d17aad082b75d,False,0.0027333333333333333,0.0026333333333333334,-9.999999999999983e-05,0.0001499999999999991,,72.08000000000004,-7.597333333333317e-05
A,1.2,12.0,0.02,15,3e7878f410def7d62f3dd65ddc530b8cda7bf923e8974170752484b08bc1611c,False,0.0018000000000000002,0.0018999999999999998,9.999999999999961e-05,0.0001333333333333334,,89.75999999999999,0.00012991999999999995
A,1.2,12.0,0.02,16,651f6d237eb3f6c3c19c627b8f42e468443477ff75012b18d2c14fbbfd2c2edf,True,0.0015999999999999999,0.0015999999999999999,0.0,0.00014999999999999996,0.0,39.789999999999964,1.3263333333333495e-05
A,1.2,12.0,0.02,17,df751b4a39788cd788947a4faf6dad7b2d2a191912bdc7f5a2a5d932b755cbc1,False,0.0033333333333333335,0.0033499999999999997,1.6666666666666132e-05,0.00018333333333333396,,16.69999999999999,2.2233333333333133e-05
A,1.2,12.0,0.02,18,309a3f0b179914fc4d44542f7a5fa7a25100dc46b126999d83a5a8c4f4dfb1a2,False,0.0016666666666666668,0.0016666666666666668,0.0,6.666666666666626e-05,,14.019999999999982,4.673333333333335e-06
A,1.2,12.0,0.02,19,6ca2d893d357e6222af6d6744d455a09287e8f432ee4569741dc22fd147e637f,True,0.0006833333333333333,0.0007666666666666667,8.333333333333337e-05,0.0004500000000000003,-0.04999999999999993,-47.360000000000014,0.0050675466666666585
A,1.2,12.0,0.02,20,c5841a04765dfc844d644a881f22c1ab9b87ad797f42f244210a24d2b49b2246,True,1.6666666666666667e-05,0.0,-1.6666666666666667e-05,-4.9999999999999996e-05,0.010000000000000009,4.889999999999986,-0.0010150366666666633
A,1.2,12.0,0.02,21,8f8adb312a98d2375b54828fbabff59932b9ea3e3906870a085ebb707bd7689b,True,0.0012166666666666667,0.0012666666666666666,4.9999999999999914e-05,0.0004833333333333326,-0.030000000000000027,-9.060000000000002,0.003046980000000001
A,1.2,12.0,0.02,22,aa999d8a05a6521a5c6b2f035f876034928828a6f6c1f9b28f4eca4dbf40ef08,False,0.0036333333333333335,0.0036166666666666665,-1.6666666666667e-05,0.0002499999999999985,,56.389999999999986,2.1299999999994934e-06
A,1.2,12.0,0.02,23,27f8863b01a77516c42eeb40dac09aa0a14207dcb396d706bb21bfb99cbbfb9f,True,0.0015833333333333333,0.0016333333333333332,4.9999999999999914e-05,0.0003333333333333339,-0.030000000000000002,-14.550000000000011,0.003045150000000001
A,1.2,12.0,0.02,24,3894bb0653e690843f3c6cd71b0b1c91a18996e24743aff1d3a356df14743dc9,False,0.002,0.0020166666666666666,1.6666666666666566e-05,0.00016666666666666653,,19.700000000000045,2.3233333333333266e-05
A,1.2,12.0,0.02,25,8d48d424dcf79cdc86e4ae8aeaf5811b23b37dc8c5bc47c1daefb53a680e8f47,True,0.0013833333333333332,0.0014,1.6666666666666783e-05,4.99999999999997e-05,-0.010000000000000009,-0.5199999999999818,0.0010164933333333334
A,1.2,12.0,0.02,26,db813954ccedf890dd33a71aab5ec9ae396c378a2e112ff6b0cd1035a4c4de3e,True,0.0,0.0,0.0,0.0,0.0,-1.1000000000000085,-3.6666666666795855e-07
A,1.2,12.0,0.02,27,8cfe51a5a6ef051a69b48d051feebe17932eb75e66a19bd3aabb4877b2bb70cb,True,0.00011666666666666668,0.00011666666666666668,0.0,0.00018333333333333328,0.0,-59.030000000000086,-1.9676666666662568e-05
A,1.2,12.0,0.02,28,43bf1ae940f48ba46da71ff48fbc108827cfdab30b880a818347646cdec6dee7,False,0.00255,0.0025666666666666667,1.6666666666666566e-05,0.00011666666666666683,,2.5399999999999636,1.751333333333341e-05
A,1.2,12.0,0.02,29,86cc1d37d5c5be935822c121cd6fcd10d34c25c123dcd77d08a9414a3fd7cd75,False,0.0035,0.0035499999999999998,4.99999999999997e-05,0.0001666666666666674,,-48.07000000000005,3.3976666666666114e-05
A,1.2,12.0,0.04,0,3ea1fa01cc3da10f9f1678e3ec378035fb483e7ad907af7272e00f345fefe294,True,0.00023333333333333336,0.00021666666666666668,-1.6666666666666674e-05,-0.0001166666666666665,0.010000000000000009,79.72000000000003,-0.0009900933333333306
A,1.2,12.0,0.04,1,37714a28925a2687ce83e161ad3d7e5c5115cf093c9da52c36821dada33ae023,False,0.004216666666666666,0.00415,-6.666666666666626e-05,0.0006499999999999995,,75.50999999999999,-4.149666666666656e-05
A,1.2,12.0,0.04,2,833410b8e4a70b136dda7b89f3f0aac79596e6f8fdb43f851ddeb4fce8d5ee6f,False,0.00395,0.003966666666666666,1.66666666666657e-05,0.00048333333333333214,,-17.620000000000005,1.0793333333332551e-05
A,1.2,12.0,0.04,3,ff45cf07b0db6431caf1ac127754bb58f3cd66d97b63a98b11d73e129bfdc154,False,0.002833333333333333,0.0029666666666666665,0.0001333333333333334,0.00021666666666666622,,-2.439999999999941,0.0001325199999999997
A,1.2,12.0,0.04,4,1136a3e30b479506765af8d183d1e027ee45abfa48525e78d8cbcc4b7c7337d5,False,0.0036000000000000003,0.0034333333333333334,-0.00016666666666666696,0.0005333333333333336,,41.73000000000002,-0.00015275666666666587
A,1.2,12.0,0.04,5,14543b9f6b7ade3455cd172c107f42b6368fbcdbbd1c821c6a6741731dc999bb,True,0.0007666666666666667,0.0008833333333333334,0.00011666666666666672,0.0008833333333333332,-0.07000000000000006,19.600000000000023,0.007123200000000003
A,1.2,12.0,0.04,6,46636fa878f018a3a4254af5ba92a0a1ab3155960a91c43744de2d8c78df03f5,True,0.0006,0.0005166666666666667,-8.333333333333326e-05,-0.00021666666666666666,0.04999999999999993,122.75,-0.00504241666666666
A,1.2,12.0,0.04,7,68250a298d025f889db3dcc95f417ef7bcef2a6a7e93deec39af39648ec359b0,False,0.005816666666666667,0.0059,8.333333333333283e-05,-1.66666666666683e-05,,65.15999999999997,0.00010505333333333308
A,1.2,12.0,0.04,8,049ae08fa4cba4b924929611ad2e498a9ee291c356920097338b16d4526a6dd9,True,0.00065,0.0007,5.000000000000002e-05,0.0005166666666666664,-0.06000000000000005,-66.08000000000015,0.006027973333333332
A,1.2,12.0,0.04,9,d5f82f16d0b7213e8e2f02ed43ca07d06f3892cbff83b3d81592596852252bbf,False,0.0025,0.0025166666666666666,1.6666666666666566e-05,0.00019999999999999966,,158.80999999999995,6.960333333333327e-05
A,1.2,12.0,0.04,10,d344cd79ba6f51e737dbe5ff4b556389b928e7085bd5ee9ae9ddc3334372a7f3,False,0.004783333333333334,0.0048,1.66666666666657e-05,0.00020000000000000052,,178.83000000000015,7.627666666666557e-05
A,1.2,12.0,0.04,11,3bba770c518f7e188e93ed9f84338f94582857feeee5deb1b08f45b4d3494325,False,0.0016666666666666668,0.0016666666666666668,0.0,0.0003166666666666665,,56.910000000000025,1.8970000000000098e-05
A,1.2,12.0,0.04,12,ed09258602005c277e7faaabf77244f736681e8e94cfc2b99dfb414735263b1f,True,0.0,0.0,0.0,0.0,0.0,17.73999999999998,5.91333333332944e-06
A,1.2,12.0,0.04,13,5358efb19444e9ca1337e6a91cac0a0bf19f0ba41f94a8206eb8d4b1c5c7f667,False,0.003933333333333333,0.00395,1.6666666666667433e-05,0.0005166666666666653,,-73.26999999999998,-7.756666666665704e-06
A,1.2,12.0,0.04,14,70044a0a96d5238e57f750b24ae3f8095e82b3c8e1597a9bb56d17aad082b75d,False,0.0027333333333333333,0.0027333333333333333,0.0,0.0003499999999999996,,-3.419999999999959,-1.1400000000001687e-06
A,1.2,12.0,0.04,15,3e7878f410def7d62f3dd65ddc530b8cda7bf923e8974170752484b08bc1611c,False,0.0018000000000000002,0.00185,4.9999999999999914e-05,0.0004333333333333342,,158.29999999999995,0.00010276666666666698
A,1.2,12.0,0.04,16,651f6d237eb3f6c3c19c627b8f42e468443477ff75012b18d2c14fbbfd2c2edf,True,0.0015999999999999999,0.0016333333333333332,3.333333333333335e-05,0.0005333333333333336,-0.010000000000000002,5.989999999999952,0.00103533
A,1.2,12.0,0.04,17,df751b4a39788cd788947a4faf6dad7b2d2a191912bdc7f5a2a5d932b755cbc1,False,0.0033333333333333335,0.0033333333333333335,0.0,0.0004666666666666656,,63.93000000000001,2.131000000000008e-05
A,1.2,12.0,0.04,18,309a3f0b179914fc4d44542f7a5fa7a25100dc46b126999d83a5a8c4f4dfb1a2,False,0.0016666666666666668,0.0016666666666666668,0.0,0.00031666666666666735,,5.769999999999982,1.9233333333336204e-06
A,1.2,12.0,0.04,19,6ca2d893d357e6222af6d6744d455a09287e8f432ee4569741dc22fd147e637f,True,0.0006833333333333333,0.0006666666666666668,-1.6666666666666566e-05,0.00035000000000000005,0.0,126.99000000000001,2.5663333333335314e-05
A,1.2,12.0,0.04,20,c5841a04765dfc844d644a881f22c1ab9b87ad797f42f244210a24d2b49b2246,True,1.6666666666666667e-05,0.0,-1.6666666666666667e-05,-4.9999999999999996e-05,0.010000000000000009,31.72999999999996,-0.0010060900000000012
A,1.2,12.0,0.04,21,8f8adb312a98d2375b54828fbabff59932b9ea3e3906870a085ebb707bd7689b,True,0.0012166666666666667,0.00125,3.333333333333335e-05,0.000466666666666666,-0.020000000000000018,1.589999999999975,0.002033863333333337
A,1.2,12.0,0.04,22,aa999d8a05a6521a5c6b2f035f876034928828a6f6c1f9b28f4eca4dbf40ef08,False,0.0036333333333333335,0.0036166666666666665,-1.6666666666667e-05,0.000449999999999999,,68.42999999999995,6.1433333333332785e-06
A,1.2,12.0,0.04,23,27f8863b01a77516c42eeb40dac09aa0a14207dcb396d706bb21bfb99cbbfb9f,True,0.0015833333333333333,0.0016333333333333332,4.9999999999999914e-05,0.000516666666666667,-0.030000000000000002,-5.240000000000009,0.0030482533333333344
A,1.2,12.0,0.04,24,3894bb0653e690843f3c6cd71b0b1c91a18996e24743aff1d3a356df14743dc9,False,0.002,0.002033333333333333,3.333333333333313e-05,0.0002333333333333328,,18.170000000000073,3.9389999999999824e-05
A,1.2,12.0,0.04,25,8d48d424dcf79cdc86e4ae8aeaf5811b23b37dc8c5bc47c1daefb53a680e8f47,True,0.0013833333333333332,0.0014333333333333333,5.000000000000013e-05,0.0002666666666666668,-0.03,-34.98999999999998,0.0030383366666666654
A,1.2,12.0,0.04,26,db813954ccedf890dd33a71aab5ec9ae396c378a2e112ff6b0cd1035a4c4de3e,True,0.0,0.0,0.0,0.0,0.0,7.6499999999999915,2.5499999999900602e-06
A,1.2,12.0,0.04,27,8cfe51a5a6ef051a69b48d051feebe17932eb75e66a19bd3aabb4877b2bb70cb,True,0.00011666666666666668,6.666666666666667e-05,-5.000000000000001e-05,-0.00011666666666666669,0.029999999999999916,-26.040000000000077,-0.0030586799999999803
A,1.2,12.0,0.04,28,43bf1ae940f48ba46da71ff48fbc108827cfdab30b880a818347646cdec6dee7,False,0.00255,0.00265,9.999999999999983e-05,0.0002666666666666668,,-19.550000000000068,9.348333333333327e-05
A,1.2,12.0,0.04,29,86cc1d37d5c5be935822c121cd6fcd10d34c25c123dcd77d08a9414a3fd7cd75,False,0.0035,0.0035666666666666668,6.66666666666667e-05,0.0001333333333333334,,-148.13,1.7290000000000534e-05
A,1.2,12.0,0.06,0,3ea1fa01cc3da10f9f1678e3ec378035fb483e7ad907af7272e00f345fefe294,True,0.00023333333333333336,0.00019999999999999998,-3.3333333333333376e-05,-0.00013333333333333329,0.020000000000000018,131.01,-0.001989663333333322
A,1.2,12.0,0.06,1,37714a28925a2687ce83e161ad3d7e5c5115cf093c9da52c36821dada33ae023,False,0.004216666666666666,0.004066666666666666,-0.00014999999999999996,0.0008166666666666669,,155.99,-9.800333333333331e-05
A,1.2,12.0,0.06,2,833410b8e4a70b136dda7b89f3f0aac79596e6f8fdb43f851ddeb4fce8d5ee6f,False,0.00395,0.004050000000000001,0.00010000000000000026,0.0005999999999999981,,-67.56,7.748000000000043e-05
A,1.2,12.0,0.06,3,ff45cf07b0db6431caf1ac127754bb58f3cd66d97b63a98b11d73e129bfdc154,False,0.002833333333333333,0.0030333333333333336,0.00020000000000000052,0.00046666666666666645,,-73.66999999999996,0.00017544333333333354
A,1.2,12.0,0.06,4,1136a3e30b479506765af8d183d1e027ee45abfa48525e78d8cbcc4b7c7337d5,False,0.0036000000000000003,0.0035333333333333336,-6.66666666666667e-05,0.0010166666666666675,,-85.08000000000004,-9.502666666666611e-05
A,1.2,12.0,0.06,5,14543b9f6b7ade3455cd172c107f42b6368fbcdbbd1c821c6a6741731dc999bb,True,0.0007666666666666667,0.0008500000000000001,8.333333333333337e-05,0.0009333333333333338,-0.050000000000000044,77.99000000000001,0.005109330000000009
A,1.2,12.0,0.06,6,46636fa878f018a3a4254af5ba92a0a1ab3155960a91c43744de2d8c78df03f5,True,0.0006,0.00055,-4.9999999999999914e-05,-0.00016666666666666653,0.030000000000000027,148.43999999999994,-0.0030005200000000065
A,1.2,12.0,0.06,7,68250a298d025f889db3dcc95f417ef7bcef2a6a7e93deec39af39648ec359b0,False,0.005816666666666667,0.005816666666666667,0.0,0.00011666666666666596,,91.25999999999999,3.0419999999999753e-05
A,1.2,12.0,0.06,8,049ae08fa4cba4b924929611ad2e498a9ee291c356920097338b16d4526a6dd9,True,0.00065,0.0007999999999999999,0.00014999999999999996,0.0007666666666666666,-0.08000000000000007,-92.20000000000005,0.008119266666666673
A,1.2,12.0,0.06,9,d5f82f16d0b7213e8e2f02ed43ca07d06f3892cbff83b3d81592596852252bbf,False,0.0025,0.0025833333333333333,8.333333333333326e-05,0.0002833333333333342,,80.23000000000002,0.0001100766666666665
A,1.2,12.0,0.06,10,d344cd79ba6f51e737dbe5ff4b556389b928e7085bd5ee9ae9ddc3334372a7f3,False,0.004783333333333334,0.004816666666666667,3.333333333333313e-05,0.0004166666666666676,,88.67000000000007,6.288999999999947e-05
A,1.2,12.0,0.06,11,3bba770c518f7e188e93ed9f84338f94582857feeee5deb1b08f45b4d3494325,False,0.0016666666666666668,0.0016666666666666668,0.0,0.0003666666666666662,,8.760000000000048,2.920000000000006e-06
A,1.2,12.0,0.06,12,ed09258602005c277e7faaabf77244f736681e8e94cfc2b99dfb414735263b1f,True,0.0,0.0,0.0,0.0,0.0,13.079999999999984,4.360000000008801e-06
A,1.2,12.0,0.06,13,5358efb19444e9ca1337e6a91cac0a0bf19f0ba41f94a8206eb8d4b1c5c7f667,False,0.003933333333333333,0.004016666666666667,8.33333333333337e-05,0.0006833333333333327,,-113.82000000000005,4.539333333333437e-05
A,1.2,12.0,0.06,14,70044a0a96d5238e57f750b24ae3f8095e82b3c8e1597a9bb56d17aad082b75d,False,0.0027333333333333333,0.0028166666666666665,8.333333333333326e-05,0.0003499999999999996,,-41.36999999999995,6.95433333333332e-05
A,1.2,12.0,0.06,15,3e7878f410def7d62f3dd65ddc530b8cda7bf923e8974170752484b08bc1611c,False,0.0018000000000000002,0.0018166666666666667,1.6666666666666566e-05,0.0005666666666666667,,196.9699999999999,8.232333333333319e-05
A,1.2,12.0,0.06,16,651f6d237eb3f6c3c19c627b8f42e468443477ff75012b18d2c14fbbfd2c2edf,True,0.0015999999999999999,0.0016666666666666668,6.666666666666691e-05,0.0007666666666666672,-0.03,12.359999999999957,0.003070786666666667
A,1.2,12.0,0.06,17,df751b4a39788cd788947a4faf6dad7b2d2a191912bdc7f5a2a5d932b755cbc1,False,0.0033333333333333335,0.0033333333333333335,0.0,0.0006833333333333327,,89.01999999999998,2.9673333333333184e-05
A,1.2,12.0,0.06,18,309a3f0b179914fc4d44542f7a5fa7a25100dc46b126999d83a5a8c4f4dfb1a2,False,0.0016666666666666668,0.0016666666666666668,0.0,0.0006833333333333335,,26.579999999999984,8.859999999999858e-06
A,1.2,12.0,0.06,19,6ca2d893d357e6222af6d6744d455a09287e8f432ee4569741dc22fd147e637f,True,0.0006833333333333333,0.0007666666666666667,8.333333333333337e-05,0.0007000000000000001,-0.030000000000000027,-12.090000000000032,0.0030793033333333386
A,1.2,12.0,0.06,20,c5841a04765dfc844d644a881f22c1ab9b87ad797f42f244210a24d2b49b2246,True,1.6666666666666667e-05,0.0,-1.6666666666666667e-05,-4.9999999999999996e-05,0.010000000000000009,28.94999999999999,-0.0010070166666666658
A,1.2,12.0,0.06,21,8f8adb312a98d2375b54828fbabff59932b9ea3e3906870a085ebb707bd7689b,True,0.0012166666666666667,0.0012166666666666667,0.0,0.0004333333333333329,0.0,-5.050000000000011,-1.68333333333201e-06
A,1.2,12.0,0.06,22,aa999d8a05a6521a5c6b2f035f876034928828a6f6c1f9b28f4eca4dbf40ef08,False,0.0036333333333333335,0.0037333333333333337,0.00010000000000000026,0.0006833333333333335,,4.259999999999991,0.00010141999999999964
A,1.2,12.0,0.06,23,27f8863b01a77516c42eeb40dac09aa0a14207dcb396d706bb21bfb99cbbfb9f,True,0.0015833333333333333,0.0016333333333333332,4.9999999999999914e-05,0.0007000000000000001,-0.030000000000000002,36.5,0.0030621666666666675
A,1.2,12.0,0.06,24,3894bb0653e690843f3c6cd71b0b1c91a18996e24743aff1d3a356df14743dc9,False,0.002,0.002116666666666667,0.00011666666666666683,0.00019999999999999966,,-85.41999999999996,8.819333333333346e-05
A,1.2,12.0,0.06,25,8d48d424dcf79cdc86e4ae8aeaf5811b23b37dc8c5bc47c1daefb53a680e8f47,True,0.0013833333333333332,0.0014,1.6666666666666783e-05,0.0004499999999999999,-0.010000000000000009,-4.670000000000016,0.0010151099999999996
A,1.2,12.0,0.06,26,db813954ccedf890dd33a71aab5ec9ae396c378a2e112ff6b0cd1035a4c4de3e,True,0.0,0.0,0.0,0.0,0.0,10.789999999999992,3.5966666666609193e-06
A,1.2,12.0,0.06,27,8cfe51a5a6ef051a69b48d051feebe17932eb75e66a19bd3aabb4877b2bb70cb,True,0.00011666666666666668,8.333333333333334e-05,-3.3333333333333335e-05,0.0,0.019999999999999907,-59.379999999999995,-0.002053126666666641
A,1.2,12.0,0.06,28,43bf1ae940f48ba46da71ff48fbc108827cfdab30b880a818347646cdec6dee7,False,0.00255,0.0026833333333333336,0.0001333333333333334,0.0003833333333333336,,11.079999999999927,0.0001370266666666669
A,1.2,12.0,0.06,29,86cc1d37d5c5be935822c121cd6fcd10d34c25c123dcd77d08a9414a3fd7cd75,False,0.0035,0.0035666666666666668,6.66666666666667e-05,0.0003499999999999996,,-72.77999999999997,4.2406666666667224e-05
A,1.2,12.0,0.08,0,3ea1fa01cc3da10f9f1678e3ec378035fb483e7ad907af7272e00f345fefe294,True,0.00023333333333333336,0.00021666666666666668,-1.6666666666666674e-05,-0.00016666666666666663,0.010000000000000009,151.70000000000005,-0.0009660999999999975
A,1.2,12.0,0.08,1,37714a28925a2687ce83e161ad3d7e5c5115cf093c9da52c36821dada33ae023,False,0.004216666666666666,0.004083333333333334,-0.00013333333333333253,0.0010166666666666675,,69.76999999999998,-0.00011007666666666607
A,1.2,12.0,0.08,2,833410b8e4a70b136dda7b89f3f0aac79596e6f8fdb43f851ddeb4fce8d5ee6f,False,0.00395,0.004016666666666667,6.666666666666626e-05,0.000633333333333333,,-31.50999999999999,5.616333333333286e-05
A,1.2,12.0,0.08,3,ff45cf07b0db6431caf1ac127754bb58f3cd66d97b63a98b11d73e129bfdc154,False,0.002833333333333333,0.00295,0.00011666666666666683,0.0003666666666666653,,-43.22000000000003,0.00010225999999999985
A,1.2,12.0,0.08,4,1136a3e30b479506765af8d183d1e027ee45abfa48525e78d8cbcc4b7c7337d5,False,0.0036000000000000003,0.0035166666666666666,-8.33333333333337e-05,0.001216666666666668,,-69.05000000000007,-0.00010634999999999985
A,1.2,12.0,0.08,5,14543b9f6b7ade3455cd172c107f42b6368fbcdbbd1c821c6a6741731dc999bb,True,0.0007666666666666667,0.0009499999999999999,0.0001833333333333332,0.0015,-0.11000000000000004,-18.029999999999973,0.011177323333333336
A,1.2,12.0,0.08,6,46636fa878f018a3a4254af5ba92a0a1ab3155960a91c43744de2d8c78df03f5,True,0.0006,0.0006,0.0,0.0002666666666666668,0.0,143.24,4.77466666666676e-05
A,1.2,12.0,0.08,7,68250a298d025f889db3dcc95f417ef7bcef2a6a7e93deec39af39648ec359b0,False,0.005816666666666667,0.0058,-1.6666666666667433e-05,4.99999999999997e-05,,62.14999999999998,4.049999999999367e-06
A,1.2,12.0,0.08,8,049ae08fa4cba4b924929611ad2e498a9ee291c356920097338b16d4526a6dd9,True,0.00065,0.00075,0.00010000000000000005,0.0008333333333333333,-0.08000000000000007,-59.020000000000095,0.008080326666666672
A,1.2,12.0,0.08,9,d5f82f16d0b7213e8e2f02ed43ca07d06f3892cbff83b3d81592596852252bbf,False,0.0025,0.0025833333333333333,8.333333333333326e-05,0.0005833333333333333,,10.230000000000018,8.674333333333296e-05
A,1.2,12.0,0.08,10,d344cd79ba6f51e737dbe5ff4b556389b928e7085bd5ee9ae9ddc3334372a7f3,False,0.004783333333333334,0.00485,6.666666666666626e-05,0.0006500000000000013,,92.32000000000016,9.743999999999899e-05
A,1.2,12.0,0.08,11,3bba770c518f7e188e93ed9f84338f94582857feeee5deb1b08f45b4d3494325,False,0.0016666666666666668,0.0016666666666666668,0.0,0.0008166666666666661,,52.83000000000004,1.7609999999999935e-05
A,1.2,12.0,0.08,12,ed09258602005c277e7faaabf77244f736681e8e94cfc2b99dfb414735263b1f,True,0.0,0.0,0.0,0.0,0.0,32.579999999999984,1.0860000000001424e-05
A,1.2,12.0,0.08,13,5358efb19444e9ca1337e6a91cac0a0bf19f0ba41f94a8206eb8d4b1c5c7f667,False,0.003933333333333333,0.004083333333333334,0.00015000000000000083,0.0009166666666666663,,-57.34000000000003,0.00013088666666666825
A,1.2,12.0,0.08,14,70044a0a96d5238e57f750b24ae3f8095e82b3c8e1597a9bb56d17aad082b75d,False,0.0027333333333333333,0.00295,0.00021666666666666666,0.0008166666666666652,,-97.92999999999995,0.00018402333333333333
A,1.2,12.0,0.08,15,3e7878f410def7d62f3dd65ddc530b8cda7bf923e8974170752484b08bc1611c,False,0.0018000000000000002,0.0018166666666666667,1.6666666666666566e-05,0.0009333333333333338,,154.69999999999993,6.823333333333317e-05
A,1.2,12.0,0.08,16,651f6d237eb3f6c3c19c627b8f42e468443477ff75012b18d2c14fbbfd2c2edf,True,0.0015999999999999999,0.0016666666666666668,6.666666666666691e-05,0.0008333333333333335,-0.03,49.45999999999998,0.0030831533333333335
A,1.2,12.0,0.08,17,df751b4a39788cd788947a4faf6dad7b2d2a191912bdc7f5a2a5d932b755cbc1,False,0.0033333333333333335,0.0033666666666666667,3.333333333333313e-05,0.0008166666666666669,,53.089999999999975,5.102999999999965e-05
A,1.2,12.0,0.08,18,309a3f0b179914fc4d44542f7a5fa7a25100dc46b126999d83a5a8c4f4dfb1a2,False,0.0016666666666666668,0.0016666666666666668,0.0,0.0008666666666666675,,21.0,7.000000000000062e-06
A,1.2,12.0,0.08,19,6ca2d893d357e6222af6d6744d455a09287e8f432ee4569741dc22fd147e637f,True,0.0006833333333333333,0.0007666666666666667,8.333333333333337e-05,0.0006666666666666665,-0.010000000000000009,70.52999999999997,0.0011068433333333363
A,1.2,12.0,0.08,20,c5841a04765dfc844d644a881f22c1ab9b87ad797f42f244210a24d2b49b2246,True,1.6666666666666667e-05,0.0,-1.6666666666666667e-05,-4.9999999999999996e-05,0.010000000000000009,22.680000000000007,-0.001009106666666662
A,1.2,12.0,0.08,21,8f8adb312a98d2375b54828fbabff59932b9ea3e3906870a085ebb707bd7689b,True,0.0012166666666666667,0.0011833333333333333,-3.333333333333335e-05,0.0004833333333333326,0.019999999999999962,21.410000000000025,-0.0020261966666666603
A,1.2,12.0,0.08,22,aa999d8a05a6521a5c6b2f035f876034928828a6f6c1f9b28f4eca4dbf40ef08,False,0.0036333333333333335,0.0037166666666666667,8.333333333333326e-05,0.0009833333333333335,,39.44999999999993,9.648333333333366e-05
A,1.2,12.0,0.08,23,27f8863b01a77516c42eeb40dac09aa0a14207dcb396d706bb21bfb99cbbfb9f,True,0.0015833333333333333,0.00165,6.66666666666667e-05,0.0008833333333333341,-0.04,39.629999999999995,0.004079876666666668
A,1.2,12.0,0.08,24,3894bb0653e690843f3c6cd71b0b1c91a18996e24743aff1d3a356df14743dc9,False,0.002,0.0020833333333333333,8.333333333333326e-05,0.0002833333333333325,,-26.409999999999968,7.452999999999974e-05
A,1.2,12.0,0.08,25,8d48d424dcf79cdc86e4ae8aeaf5811b23b37dc8c5bc47c1daefb53a680e8f47,True,0.0013833333333333332,0.0013666666666666666,-1.6666666666666566e-05,0.0004999999999999996,0.009999999999999981,44.120000000000005,-0.0010019599999999997
A,1.2,12.0,0.08,26,db813954ccedf890dd33a71aab5ec9ae396c378a2e112ff6b0cd1035a4c4de3e,True,0.0,0.0,0.0,0.0,0.0,22.379999999999995,7.460000000000799e-06
A,1.2,12.0,0.08,27,8cfe51a5a6ef051a69b48d051feebe17932eb75e66a19bd3aabb4877b2bb70cb,True,0.00011666666666666668,6.666666666666667e-05,-5.000000000000001e-05,0.0,0.029999999999999916,-41.870000000000005,-0.003063956666666645
A,1.2,12.0,0.08,28,43bf1ae940f48ba46da71ff48fbc108827cfdab30b880a818347646cdec6dee7,False,0.00255,0.0025833333333333333,3.333333333333313e-05,0.000700000000000001,,81.81999999999994,6.060666666666669e-05
A,1.2,12.0,0.08,29,86cc1d37d5c5be935822c121cd6fcd10d34c25c123dcd77d08a9414a3fd7cd75,False,0.0035,0.0036000000000000003,0.00010000000000000026,0.000583333333333335,,-67.52999999999997,7.749000000000037e-05
A,1.2,12.0,0.12,0,3ea1fa01cc3da10f9f1678e3ec378035fb483e7ad907af7272e00f345fefe294,True,0.00023333333333333336,0.0002666666666666667,3.333333333333332e-05,0.00015000000000000018,-0.020000000000000018,149.01999999999998,0.0020830066666666647
A,1.2,12.0,0.12,1,37714a28925a2687ce83e161ad3d7e5c5115cf093c9da52c36821dada33ae023,False,0.004216666666666666,0.004183333333333333,-3.333333333333313e-05,0.0012499999999999994,,56.789999999999964,-1.4403333333332796e-05
A,1.2,12.0,0.12,2,833410b8e4a70b136dda7b89f3f0aac79596e6f8fdb43f851ddeb4fce8d5ee6f,False,0.00395,0.0041,0.00014999999999999996,0.0010499999999999989,,-104.22000000000003,0.00011526000000000071
A,1.2,12.0,0.12,3,ff45cf07b0db6431caf1ac127754bb58f3cd66d97b63a98b11d73e129bfdc154,False,0.002833333333333333,0.00295,0.00011666666666666683,0.0009833333333333335,,-53.26999999999998,9.89099999999998e-05
A,1.2,12.0,0.12,4,1136a3e30b479506765af8d183d1e027ee45abfa48525e78d8cbcc4b7c7337d5,False,0.0036000000000000003,0.0035,-0.00010000000000000026,0.00145,,39.00999999999999,-8.699666666666696e-05
A,1.2,12.0,0.12,5,14543b9f6b7ade3455cd172c107f42b6368fbcdbbd1c821c6a6741731dc999bb,True,0.0007666666666666667,0.0009166666666666668,0.00015000000000000007,0.0014166666666666672,-0.09000000000000002,1.9099999999999682,0.00915063666666667
A,1.2,12.0,0.12,6,46636fa878f018a3a4254af5ba92a0a1ab3155960a91c43744de2d8c78df03f5,True,0.0006,0.0007166666666666667,0.00011666666666666672,0.0010333333333333336,-0.07000000000000006,48.84000000000003,0.0071329466666666674
A,1.2,12.0,0.12,7,68250a298d025f889db3dcc95f417ef7bcef2a6a7e93deec39af39648ec359b0,False,0.005816666666666667,0.005783333333333334,-3.333333333333313e-05,0.0005999999999999998,,114.47000000000003,4.8233333333333114e-06
A,1.2,12.0,0.12,8,049ae08fa4cba4b924929611ad2e498a9ee291c356920097338b16d4526a6dd9,True,0.00065,0.0007333333333333333,8.333333333333337e-05,0.0009,-0.06000000000000005,148.44999999999982,0.0061328166666666725
A,1.2,12.0,0.12,9,d5f82f16d0b7213e8e2f02ed43ca07d06f3892cbff83b3d81592596852252bbf,False,0.0025,0.002666666666666667,0.00016666666666666696,0.0012500000000000011,,10.17999999999995,0.0001700600000000001
A,1.2,12.0,0.12,10,d344cd79ba6f51e737dbe5ff4b556389b928e7085bd5ee9ae9ddc3334372a7f3,False,0.004783333333333334,0.004916666666666667,0.0001333333333333334,0.0011500000000000017,,-55.289999999999964,0.00011490333333333356
A,1.2,12.0,0.12,11,3bba770c518f7e188e93ed9f84338f94582857feeee5deb1b08f45b4d3494325,False,0.0016666666666666668,0.0016666666666666668,0.0,0.0010833333333333328,,101.63,3.387666666666671e-05
A,1.2,12.0,0.12,12,ed09258602005c277e7faaabf77244f736681e8e94cfc2b99dfb414735263b1f,True,0.0,0.0,0.0,0.0,0.0,111.68,3.722666666666763e-05
A,1.2,12.0,0.12,13,5358efb19444e9ca1337e6a91cac0a0bf19f0ba41f94a8206eb8d4b1c5c7f667,False,0.003933333333333333,0.00415,0.0002166666666666671,0.0015666666666666676,,-205.5300000000001,0.00014815666666666717
A,1.2,12.0,0.12,14,70044a0a96d5238e57f750b24ae3f8095e82b3c8e1597a9bb56d17aad082b75d,False,0.0027333333333333333,0.0027333333333333333,0.0,0.0008833333333333315,,-72.38,-2.412666666666693e-05
A,1.2,12.0,0.12,15,3e7878f410def7d62f3dd65ddc530b8cda7bf923e8974170752484b08bc1611c,False,0.0018000000000000002,0.0019333333333333331,0.00013333333333333296,0.0016833333333333336,,78.94999999999993,0.0001596499999999999
A,1.2,12.0,0.12,16,651f6d237eb3f6c3c19c627b8f42e468443477ff75012b18d2c14fbbfd2c2edf,True,0.0015999999999999999,0.0016333333333333332,3.333333333333335e-05,0.0012833333333333334,-0.02,47.639999999999986,0.0020492133333333334
A,1.2,12.0,0.12,17,df751b4a39788cd788947a4faf6dad7b2d2a191912bdc7f5a2a5d932b755cbc1,False,0.0033333333333333335,0.0033499999999999997,1.6666666666666132e-05,0.00115,,85.67999999999995,4.5226666666666956e-05
A,1.2,12.0,0.12,18,309a3f0b179914fc4d44542f7a5fa7a25100dc46b126999d83a5a8c4f4dfb1a2,False,0.0016666666666666668,0.0016666666666666668,0.0,0.0017333333333333324,,50.17999999999998,1.6726666666666643e-05
A,1.2,12.0,0.12,19,6ca2d893d357e6222af6d6744d455a09287e8f432ee4569741dc22fd147e637f,True,0.0006833333333333333,0.0007333333333333333,5.000000000000002e-05,0.0008999999999999998,-0.030000000000000027,188.25,0.0031127500000000044
A,1.2,12.0,0.12,20,c5841a04765dfc844d644a881f22c1ab9b87ad797f42f244210a24d2b49b2246,True,1.6666666666666667e-05,1.6666666666666667e-05,0.0,1.6666666666666674e-05,0.0,142.29000000000002,4.743000000000108e-05
A,1.2,12.0,0.12,21,8f8adb312a98d2375b54828fbabff59932b9ea3e3906870a085ebb707bd7689b,True,0.0012166666666666667,0.0012333333333333332,1.6666666666666566e-05,0.0007333333333333328,-0.010000000000000009,29.609999999999957,0.0010265366666666678
A,1.2,12.0,0.12,22,aa999d8a05a6521a5c6b2f035f876034928828a6f6c1f9b28f4eca4dbf40ef08,False,0.0036333333333333335,0.0036333333333333335,0.0,0.0013833333333333328,,148.33999999999992,4.944666666666618e-05
A,1.2,12.0,0.12,23,27f8863b01a77516c42eeb40dac09aa0a14207dcb396d706bb21bfb99cbbfb9f,True,0.0015833333333333333,0.0016666666666666668,8.333333333333348e-05,0.001266666666666666,-0.05,0.03000000000002956,0.005500010000000001
A,1.2,12.0,0.12,24,3894bb0653e690843f3c6cd71b0b1c91a18996e24743aff1d3a356df14743dc9,False,0.002,0.0020666666666666667,6.66666666666667e-05,0.0004499999999999999,,-40.39999999999998,5.320000000000021e-05
A,1.2,12.0,0.12,25,8d48d424dcf79cdc86e4ae8aeaf5811b23b37dc8c5bc47c1daefb53a680e8f47,True,0.0013833333333333332,0.0014,1.6666666666666783e-05,0.001116666666666666,-0.010000000000000009,41.910000000000025,0.001030636666666666
A,1.2,12.0,0.12,26,db813954ccedf890dd33a71aab5ec9ae396c378a2e112ff6b0cd1035a4c4de3e,True,0.0,0.0,0.0,0.0,0.0,28.359999999999985,9.453333333325764e-06
A,1.2,12.0,0.12,27,8cfe51a5a6ef051a69b48d051feebe17932eb75e66a19bd3aabb4877b2bb70cb,True,0.00011666666666666668,0.00011666666666666668,0.0,0.0002,0.0,-3.330000000000041,-1.109999999998612e-06
A,1.2,12.0,0.12,28,43bf1ae940f48ba46da71ff48fbc108827cfdab30b880a818347646cdec6dee7,False,0.00255,0.0027166666666666663,0.0001666666666666661,0.0013666666666666662,,125.34000000000003,0.00020844666666666603
A,1.2,12.0,0.12,29,86cc1d37d5c5be935822c121cd6fcd10d34c25c123dcd77d08a9414a3fd7cd75,False,0.0035,0.0035833333333333333,8.333333333333326e-05,0.0010166666666666675,,-144.46000000000004,3.518000000000011e-05
A,1.2,16.0,0.02,0,3ea1fa01cc3da10f9f1678e3ec378035fb483e7ad907af7272e00f345fefe294,True,0.00023333333333333336,0.0001666666666666667,-6.666666666666667e-05,-0.0003833333333333332,0.050000000000000044,37.09000000000003,-0.005054303333333343
A,1.2,16.0,0.02,1,37714a28925a2687ce83e161ad3d7e5c5115cf093c9da52c36821dada33ae023,False,0.004216666666666666,0.004166666666666667,-4.99999999999997e-05,0.00020000000000000052,,27.970000000000027,-4.067666666666622e-05
A,1.2,16.0,0.02,2,833410b8e4a70b136dda7b89f3f0aac79596e6f8fdb43f851ddeb4fce8d5ee6f,False,0.00395,0.00395,0.0,3.333333333333313e-05,,15.240000000000009,5.0800000000001885e-06
A,1.2,16.0,0.02,3,ff45cf07b0db6431caf1ac127754bb58f3cd66d97b63a98b11d73e129bfdc154,False,0.002833333333333333,0.0029833333333333335,0.0001500000000000004,0.00019999999999999966,,-63.99000000000001,0.00012867
A,1.2,16.0,0.02,4,1136a3e30b479506765af8d183d1e027ee45abfa48525e78d8cbcc4b7c7337d5,False,0.0036000000000000003,0.003466666666666667,-0.0001333333333333334,0.0002666666666666668,,-19.519999999999982,-0.00013983999999999958
A,1.2,16.0,0.02,5,14543b9f6b7ade3455cd172c107f42b6368fbcdbbd1c821c6a6741731dc999bb,True,0.0007666666666666667,0.0008666666666666667,0.00010000000000000005,0.0004000000000000002,-0.06000000000000005,18.879999999999995,0.006106293333333339
A,1.2,16.0,0.02,6,46636fa878f018a3a4254af5ba92a0a1ab3155960a91c43744de2d8c78df03f5,True,0.0006,0.0005666666666666667,-3.333333333333324e-05,-0.0001333333333333334,0.020000000000000018,6.939999999999941,-0.0020310200000000084
A,1.2,16.0,0.02,7,68250a298d025f889db3dcc95f417ef7bcef2a6a7e93deec39af39648ec359b0,False,0.005816666666666667,0.0059,8.333333333333283e-05,0.00013333333333333253,,-18.99000000000001,7.700333333333313e-05
A,1.2,16.0,0.02,8,049ae08fa4cba4b924929611ad2e498a9ee291c356920097338b16d4526a6dd9,True,0.00065,0.0006166666666666666,-3.333333333333335e-05,3.333333333333335e-05,0.010000000000000009,142.01999999999998,-0.0009859933333333376
A,1.2,16.0,0.02,9,d5f82f16d0b7213e8e2f02ed43ca07d06f3892cbff83b3d81592596852252bbf,False,0.0025,0.0025,0.0,0.0001333333333333334,,71.62,2.3873333333333368e-05
A,1.2,16.0,0.02,10,d344cd79ba6f51e737dbe5ff4b556389b928e7085bd5ee9ae9ddc3334372a7f3,False,0.004783333333333334,0.0048,1.66666666666657e-05,0.00013333333333333426,,93.79999999999995,4.7933333333332294e-05
A,1.2,16.0,0.02,11,3bba770c518f7e188e93ed9f84338f94582857feeee5deb1b08f45b4d3494325,False,0.0016666666666666668,0.0016666666666666668,0.0,6.66666666666654e-05,,14.990000000000009,4.996666666666483e-06
A,1.2,16.0,0.02,12,ed09258602005c277e7faaabf77244f736681e8e94cfc2b99dfb414735263b1f,True,0.0,0.0,0.0,0.0,0.0,25.45999999999998,8.486666666668308e-06
A,1.2,16.0,0.02,13,5358efb19444e9ca1337e6a91cac0a0bf19f0ba41f94a8206eb8d4b1c5c7f667,False,0.003933333333333333,0.004,6.666666666666713e-05,0.00021666666666666536,,-89.78000000000009,3.6740000000000383e-05
A,1.2,16.0,0.02,14,70044a0a96d5238e57f750b24ae3f8095e82b3c8e1597a9bb56d17aad082b75d,False,0.0027333333333333333,0.0026333333333333334,-9.999999999999983e-05,0.0001499999999999991,,72.08000000000004,-7.597333333333317e-05
A,1.2,16.0,0.02,15,3e7878f410def7d62f3dd65ddc530b8cda7bf923e8974170752484b08bc1611c,False,0.0018000000000000002,0.0018999999999999998,9.999999999999961e-05,0.0001333333333333334,,89.75999999999999,0.00012991999999999995
A,1.2,16.0,0.02,16,651f6d237eb3f6c3c19c627b8f42e468443477ff75012b18d2c14fbbfd2c2edf,True,0.0015999999999999999,0.0015999999999999999,0.0,0.00014999999999999996,0.0,39.789999999999964,1.3263333333333495e-05
A,1.2,16.0,0.02,17,df751b4a39788cd788947a4faf6dad7b2d2a191912bdc7f5a2a5d932b755cbc1,False,0.0033333333333333335,0.0033499999999999997,1.6666666666666132e-05,0.00018333333333333396,,16.69999999999999,2.2233333333333133e-05
A,1.2,16.0,0.02,18,309a3f0b179914fc4d44542f7a5fa7a25100dc46b126999d83a5a8c4f4dfb1a2,False,0.0016666666666666668,0.0016666666666666668,0.0,6.666666666666626e-05,,14.019999999999982,4.673333333333335e-06
A,1.2,16.0,0.02,19,6ca2d893d357e6222af6d6744d455a09287e8f432ee4569741dc22fd147e637f,True,0.0006833333333333333,0.0007666666666666667,8.333333333333337e-05,0.0004500000000000003,-0.04999999999999993,-47.360000000000014,0.0050675466666666585
A,1.2,16.0,0.02,20,c5841a04765dfc844d644a881f22c1ab9b87ad797f42f244210a24d2b49b2246,True,1.6666666666666667e-05,0.0,-1.6666666666666667e-05,-4.9999999999999996e-05,0.010000000000000009,4.889999999999986,-0.0010150366666666633
A,1.2,16.0,0.02,21,8f8adb312a98d2375b54828fbabff59932b9ea3e3906870a085ebb707bd7689b,True,0.0012166666666666667,0.0012666666666666666,4.9999999999999914e-05,0.0004833333333333326,-0.030000000000000027,-9.060000000000002,0.003046980000000001
A,1.2,16.0,0.02,22,aa999d8a05a6521a5c6b2f035f876034928828a6f6c1f9b28f4eca4dbf40ef08,False,0.0036333333333333335,0.0036166666666666665,-1.6666666666667e-05,0.0002499999999999985,,56.389999999999986,2.1299999999994934e-06
A,1.2,16.0,0.02,23,27f8863b01a77516c42eeb40dac09aa0a14207dcb396d706bb21bfb99cbbfb9f,True,0.0015833333333333333,0.0016333333333333332,4.9999999999999914e-05,0.0003333333333333339,-0.030000000000000002,-14.550000000000011,0.003045150000000001
A,1.2,16.0,0.02,24,3894bb0653e690843f3c6cd71b0b1c91a18996e24743aff1d3a356df14743dc9,False,0.002,0.0020166666666666666,1.6666666666666566e-05,0.00016666666666666653,,19.700000000000045,2.3233333333333266e-05
A,1.2,16.0,0.02,25,8d48d424dcf79cdc86e4ae8aeaf5811b23b37dc8c5bc47c1daefb53a680e8f47,True,0.0013833333333333332,0.0014,1.6666666666666783e-05,4.99999999999997e-05,-0.010000000000000009,-0.5199999999999818,0.0010164933333333334
A,1.2,16.0,0.02,26,db813954ccedf890dd33a71aab5ec9ae396c378a2e112ff6b0cd1035a4c4de3e,True,0.0,0.0,0.0,0.0,0.0,-1.1000000000000085,-3.6666666666795855e-07
A,1.2,16.0,0.02,27,8cfe51a5a6ef051a69b48d051feebe17932eb75e66a19bd3aabb4877b2bb70cb,True,0.00011666666666666668,0.00011666666666666668,0.0,0.00018333333333333328,0.0,-59.030000000000086,-1.9676666666662568e-05
A,1.2,16.0,0.02,28,43bf1ae940f48ba46da71ff48fbc108827cfdab30b880a818347646cdec6dee7,False,0.00255,0.0025666666666666667,1.6666666666666566e-05,0.00011666666666666683,,2.5399999999999636,1.751333333333341e-05
A,1.2,16.0,0.02,29,86cc1d37d5c5be935822c121cd6fcd10d34c25c123dcd77d08a9414a3fd7cd75,False,0.0035,0.0035499999999999998,4.99999999999997e-05,0.0001666666666666674,,-48.07000000000005,3.3976666666666114e-05
A,1.2,16.0,0.04,0,3ea1fa01cc3da10f9f1678e3ec378035fb483e7ad907af7272e00f345fefe294,True,0.00023333333333333336,0.00021666666666666668,-1.6666666666666674e-05,-0.0001166666666666665,0.010000000000000009,79.72000000000003,-0.0009900933333333306
A,1.2,16.0,0.04,1,37714a28925a2687ce83e161ad3d7e5c5115cf093c9da52c36821dada33ae023,False,0.004216666666666666,0.00415,-6.666666666666626e-05,0.0006499999999999995,,75.50999999999999,-4.149666666666656e-05
A,1.2,16.0,0.04,2,833410b8e4a70b136dda7b89f3f0aac79596e6f8fdb43f851ddeb4fce8d5ee6f,False,0.00395,0.003966666666666666,1.66666666666657e-05,0.00048333333333333214,,-17.620000000000005,1.0793333333332551e-05
A,1.2,16.0,0.04,3,ff45cf07b0db6431caf1ac127754bb58f3cd66d97b63a98b11d73e129bfdc154,False,0.002833333333333333,0.0029666666666666665,0.0001333333333333334,0.00021666666666666622,,-2.439999999999941,0.0001325199999999997
A,1.2,16.0,0.04,4,1136a3e30b479506765af8d183d1e027ee45abfa48525e78d8cbcc4b7c7337d5,False,0.0036000000000000003,0.0034333333333333334,-0.00016666666666666696,0.0005333333333333336,,41.73000000000002,-0.00015275666666666587
A,1.2,16.0,0.04,5,14543b9f6b7ade3455cd172c107f42b6368fbcdbbd1c821c6a6741731dc999bb,True,0.0007666666666666667,0.0008833333333333334,0.00011666666666666672,0.0008833333333333332,-0.07000000000000006,19.600000000000023,0.007123200000000003
A,1.2,16.0,0.04,6,46636fa878f018a3a4254af5ba92a0a1ab3155960a91c43744de2d8c78df03f5,True,0.0006,0.0005166666666666667,-8.333333333333326e-05,-0.00021666666666666666,0.04999999999999993,122.75,-0.00504241666666666
A,1.2,16.0,0.04,7,68250a298d025f889db3dcc95f417ef7bcef2a6a7e93deec39af39648ec359b0,False,0.005816666666666667,0.0059,8.333333333333283e-05,-1.66666666666683e-05,,65.15999999999997,0.00010505333333333308
A,1.2,16.0,0.04,8,049ae08fa4cba4b924929611ad2e498a9ee291c356920097338b16d4526a6dd9,True,0.00065,0.0007,5.000000000000002e-05,0.0005166666666666664,-0.06000000000000005,-66.08000000000015,0.006027973333333332
A,1.2,16.0,0.04,9,d5f82f16d0b7213e8e2f02ed43ca07d06f3892cbff83b3d81592596852252bbf,False,0.0025,0.0025166666666666666,1.6666666666666566e-05,0.00019999999999999966,,158.80999999999995,6.960333333333327e-05
A,1.2,16.0,0.04,10,d344cd79ba6f51e737dbe5ff4b556389b928e7085bd5ee9ae9ddc3334372a7f3,False,0.004783333333333334,0.0048,1.66666666666657e-05,0.00020000000000000052,,178.83000000000015,7.627666666666557e-05
A,1.2,16.0,0.04,11,3bba770c518f7e188e93ed9f84338f94582857feeee5deb1b08f45b4d3494325,False,0.0016666666666666668,0.0016666666666666668,0.0,0.0003166666666666665,,56.910000000000025,1.8970000000000098e-05
A,1.2,16.0,0.04,12,ed09258602005c277e7faaabf77244f736681e8e94cfc2b99dfb414735263b1f,True,0.0,0.0,0.0,0.0,0.0,17.73999999999998,5.91333333332944e-06
A,1.2,16.0,0.04,13,5358efb19444e9ca1337e6a91cac0a0bf19f0ba41f94a8206eb8d4b1c5c7f667,False,0.003933333333333333,0.00395,1.6666666666667433e-05,0.0005166666666666653,,-73.26999999999998,-7.756666666665704e-06
A,1.2,16.0,0.04,14,70044a0a96d5238e57f750b24ae3f8095e82b3c8e1597a9bb56d17aad082b75d,False,0.0027333333333333333,0.0027333333333333333,0.0,0.0003499999999999996,,-3.419999999999959,-1.1400000000001687e-06
A,1.2,16.0,0.04,15,3e7878f410def7d62f3dd65ddc530b8cda7bf923e8974170752484b08bc1611c,False,0.0018000000000000002,0.00185,4.9999999999999914e-05,0.0004333333333333342,,158.29999999999995,0.00010276666666666698
A,1.2,16.0,0.04,16,651f6d237eb3f6c3c19c627b8f42e468443477ff75012b18d2c14fbbfd2c2edf,True,0.0015999999999999999,0.0016333333333333332,3.333333333333335e-05,0.0005333333333333336,-0.010000000000000002,5.989999999999952,0.00103533
A,1.2,16.0,0.04,17,df751b4a39788cd788947a4faf6dad7b2d2a191912bdc7f5a2a5d932b755cbc1,False,0.0033333333333333335,0.0033333333333333335,0.0,0.0004666666666666656,,63.93000000000001,2.131000000000008e-05
A,1.2,16.0,0.04,18,309a3f0b179914fc4d44542f7a5fa7a25100dc46b126999d83a5a8c4f4dfb1a2,False,0.0016666666666666668,0.0016666666666666668,0.0,0.00031666666666666735,,5.769999999999982,1.9233333333336204e-06
A,1.2,16.0,0.04,19,6ca2d893d357e6222af6d6744d455a09287e8f432ee4569741dc22fd147e637f,True,0.0006833333333333333,0.0006666666666666668,-1.6666666666666566e-05,0.00035000000000000005,0.0,126.99000000000001,2.5663333333335314e-05
A,1.2,16.0,0.04,20,c5841a04765dfc844d644a881f22c1ab9b87ad797f42f244210a24d2b49b2246,True,1.6666666666666667e-05,0.0,-1.6666666666666667e-05,-4.9999999999999996e-05,0.010000000000000009,31.72999999999996,-0.0010060900000000012
A,1.2,16.0,0.04,21,8f8adb312a98d2375b54828fbabff59932b9ea3e3906870a085ebb707bd7689b,True,0.0012166666666666667,0.00125,3.333333333333335e-05,0.000466666666666666,-0.020000000000000018,1.589999999999975,0.002033863333333337
A,1.2,16.0,0.04,22,aa999d8a05a6521a5c6b2f035f876034928828a6f6c1f9b28f4eca4dbf40ef08,False,0.0036333333333333335,0.0036166666666666665,-1.6666666666667e-05,0.000449999999999999,,68.42999999999995,6.1433333333332785e-06
A,1.2,16.0,0.04,23,27f8863b01a77516c42eeb40dac09aa0a14207dcb396d706bb21bfb99cbbfb9f,True,0.0015833333333333333,0.0016333333333333332,4.9999999999999914e-05,0.000516666666666667,-0.030000000000000002,-5.240000000000009,0.0030482533333333344
A,1.2,16.0,0.04,24,3894bb0653e690843f3c6cd71b0b1c91a18996e24743aff1d3a356df14743dc9,False,0.002,0.002033333333333333,3.333333333333313e-05,0.0002333333333333328,,18.170000000000073,3.9389999999999824e-05
A,1.2,16.0,0.04,25,8d48d424dcf79cdc86e4ae8aeaf5811b23b37dc8c5bc47c1daefb53a680e8f47,True,0.0013833333333333332,0.0014333333333333333,5.000000000000013e-05,0.0002666666666666668,-0.03,-34.98999999999998,0.0030383366666666654
A,1.2,16.0,0.04,26,db813954ccedf890dd33a71aab5ec9ae396c378a2e112ff6b0cd1035a4c4de3e,True,0.0,0.0,0.0,0.0,0.0,7.6499999999999915,2.5499999999900602e-06
A,1.2,16.0,0.04,27,8cfe51a5a6ef051a69b48d051feebe17932eb75e66a19bd3aabb4877b2bb70cb,True,0.00011666666666666668,6.666666666666667e-05,-5.000000000000001e-05,-0.00011666666666666669,0.029999999999999916,-26.040000000000077,-0.0030586799999999803
A,1.2,16.0,0.04,28,43bf1ae940f48ba46da71ff48fbc108827cfdab30b880a818347646cdec6dee7,False,0.00255,0.00265,9.999999999999983e-05,0.0002666666666666668,,-19.550000000000068,9.348333333333327e-05
A,1.2,16.0,0.04,29,86cc1d37d5c5be935822c121cd6fcd10d34c25c123dcd77d08a9414a3fd7cd75,False,0.0035,0.0035666666666666668,6.66666666666667e-05,0.0001333333333333334,,-148.13,1.7290000000000534e-05
A,1.2,16.0,0.06,0,3ea1fa01cc3da10f9f1678e3ec378035fb483e7ad907af7272e00f345fefe294,True,0.00023333333333333336,0.00019999999999999998,-3.3333333333333376e-05,-0.00013333333333333329,0.020000000000000018,131.01,-0.001989663333333322
A,1.2,16.0,0.06,1,37714a28925a2687ce83e161ad3d7e5c5115cf093c9da52c36821dada33ae023,False,0.004216666666666666,0.004066666666666666,-0.00014999999999999996,0.0008166666666666669,,155.99,-9.800333333333331e-05
A,1.2,16.0,0.06,2,833410b8e4a70b136dda7b89f3f0aac79596e6f8fdb43f851ddeb4fce8d5ee6f,False,0.00395,0.004050000000000001,0.00010000000000000026,0.0005999999999999981,,-67.56,7.748000000000043e-05
A,1.2,16.0,0.06,3,ff45cf07b0db6431caf1ac127754bb58f3cd66d97b63a98b11d73e129bfdc154,False,0.002833333333333333,0.0030333333333333336,0.00020000000000000052,0.00046666666666666645,,-73.66999999999996,0.00017544333333333354
A,1.2,16.0,0.06,4,1136a3e30b479506765af8d183d1e027ee45abfa48525e78d8cbcc4b7c7337d5,False,0.0036000000000000003,0.0035333333333333336,-6.66666666666667e-05,0.0010166666666666675,,-85.08000000000004,-9.502666666666611e-05
A,1.2,16.0,0.06,5,14543b9f6b7ade3455cd172c107f42b6368fbcdbbd1c821c6a6741731dc999bb,True,0.0007666666666666667,0.0008500000000000001,8.333333333333337e-05,0.0009333333333333338,-0.050000000000000044,77.99000000000001,0.005109330000000009
A,1.2,16.0,0.06,6,46636fa878f018a3a4254af5ba92a0a1ab3155960a91c43744de2d8c78df03f5,True,0.0006,0.00055,-4.9999999999999914e-05,-0.00016666666666666653,0.030000000000000027,148.43999999999994,-0.0030005200000000065
A,1.2,16.0,0.06,7,68250a298d025f889db3dcc95f417ef7bcef2a6a7e93deec39af39648ec359b0,False,0.005816666666666667,0.005816666666666667,0.0,0.00011666666666666596,,91.25999999999999,3.0419999999999753e-05
A,1.2,16.0,0.06,8,049ae08fa4cba4b924929611ad2e498a9ee291c356920097338b16d4526a6dd9,True,0.00065,0.0007999999999999999,0.00014999999999999996,0.0007666666666666666,-0.08000000000000007,-92.20000000000005,0.008119266666666673
A,1.2,16.0,0.06,9,d5f82f16d0b7213e8e2f02ed43ca07d06f3892cbff83b3d81592596852252bbf,False,0.0025,0.0025833333333333333,8.333333333333326e-05,0.0002833333333333342,,80.23000000000002,0.0001100766666666665
A,1.2,16.0,0.06,10,d344cd79ba6f51e737dbe5ff4b556389b928e7085bd5ee9ae9ddc3334372a7f3,False,0.004783333333333334,0.004816666666666667,3.333333333333313e-05,0.0004166666666666676,,88.67000000000007,6.288999999999947e-05
A,1.2,16.0,0.06,11,3bba770c518f7e188e93ed9f84338f94582857feeee5deb1b08f45b4d3494325,False,0.0016666666666666668,0.0016666666666666668,0.0,0.0003666666666666662,,8.760000000000048,2.920000000000006e-06
A,1.2,16.0,0.06,12,ed09258602005c277e7faaabf77244f736681e8e94cfc2b99dfb414735263b1f,True,0.0,0.0,0.0,0.0,0.0,13.079999999999984,4.360000000008801e-06
A,1.2,16.0,0.06,13,5358efb19444e9ca1337e6a91cac0a0bf19f0ba41f94a8206eb8d4b1c5c7f667,False,0.003933333333333333,0.004016666666666667,8.33333333333337e-05,0.0006833333333333327,,-113.82000000000005,4.539333333333437e-05
A,1.2,16.0,0.06,14,70044a0a96d5238e57f750b24ae3f8095e82b3c8e1597a9bb56d17aad082b75d,False,0.0027333333333333333,0.0028166666666666665,8.333333333333326e-05,0.0003499999999999996,,-41.36999999999995,6.95433333333332e-05
A,1.2,16.0,0.06,15,3e7878f410def7d62f3dd65ddc530b8cda7bf923e8974170752484b08bc1611c,False,0.0018000000000000002,0.0018166666666666667,1.6666666666666566e-05,0.0005666666666666667,,196.9699999999999,8.232333333333319e-05
A,1.2,16.0,0.06,16,651f6d237eb3f6c3c19c627b8f42e468443477ff75012b18d2c14fbbfd2c2edf,True,0.0015999999999999999,0.0016666666666666668,6.666666666666691e-05,0.0007666666666666672,-0.03,12.359999999999957,0.003070786666666667
A,1.2,16.0,0.06,17,df751b4a39788cd788947a4faf6dad7b2d2a191912bdc7f5a2a5d932b755cbc1,False,0.0033333333333333335,0.0033333333333333335,0.0,0.0006833333333333327,,89.01999999999998,2.9673333333333184e-05
A,1.2,16.0,0.06,18,309a3f0b179914fc4d44542f7a5fa7a25100dc46b126999d83a5a8c4f4dfb1a2,False,0.0016666666666666668,0.0016666666666666668,0.0,0.0006833333333333335,,26.579999999999984,8.859999999999858e-06
A,1.2,16.0,0.06,19,6ca2d893d357e6222af6d6744d455a09287e8f432ee4569741dc22fd147e637f,True,0.0006833333333333333,0.0007666666666666667,8.333333333333337e-05,0.0007000000000000001,-0.030000000000000027,-12.090000000000032,0.0030793033333333386
A,1.2,16.0,0.06,20,c5841a04765dfc844d644a881f22c1ab9b87ad797f42f244210a24d2b49b2246,True,1.6666666666666667e-05,0.0,-1.6666666666666667e-05,-4.9999999999999996e-05,0.010000000000000009,28.94999999999999,-0.0010070166666666658
A,1.2,16.0,0.06,21,8f8adb312a98d2375b54828fbabff59932b9ea3e3906870a085ebb707bd7689b,True,0.0012166666666666667,0.0012166666666666667,0.0,0.0004333333333333329,0.0,-5.050000000000011,-1.68333333333201e-06
A,1.2,16.0,0.06,22,aa999d8a05a6521a5c6b2f035f876034928828a6f6c1f9b28f4eca4dbf40ef08,False,0.0036333333333333335,0.0037333333333333337,0.00010000000000000026,0.0006833333333333335,,4.259999999999991,0.00010141999999999964
A,1.2,16.0,0.06,23,27f8863b01a77516c42eeb40dac09aa0a14207dcb396d706bb21bfb99cbbfb9f,True,0.0015833333333333333,0.0016333333333333332,4.9999999999999914e-05,0.0007000000000000001,-0.030000000000000002,36.5,0.0030621666666666675
A,1.2,16.0,0.06,24,3894bb0653e690843f3c6cd71b0b1c91a18996e24743aff1d3a356df14743dc9,False,0.002,0.002116666666666667,0.00011666666666666683,0.00019999999999999966,,-85.41999999999996,8.819333333333346e-05
A,1.2,16.0,0.06,25,8d48d424dcf79cdc86e4ae8aeaf5811b23b37dc8c5bc47c1daefb53a680e8f47,True,0.0013833333333333332,0.0014,1.6666666666666783e-05,0.0004499999999999999,-0.010000000000000009,-4.670000000000016,0.0010151099999999996
A,1.2,16.0,0.06,26,db813954ccedf890dd33a71aab5ec9ae396c378a2e112ff6b0cd1035a4c4de3e,True,0.0,0.0,0.0,0.0,0.0,10.789999999999992,3.5966666666609193e-06
A,1.2,16.0,0.06,27,8cfe51a5a6ef051a69b48d051feebe17932eb75e66a19bd3aabb4877b2bb70cb,True,0.00011666666666666668,8.333333333333334e-05,-3.3333333333333335e-05,0.0,0.019999999999999907,-59.379999999999995,-0.002053126666666641
A,1.2,16.0,0.06,28,43bf1ae940f48ba46da71ff48fbc108827cfdab30b880a818347646cdec6dee7,False,0.00255,0.0026833333333333336,0.0001333333333333334,0.0003833333333333336,,11.079999999999927,0.0001370266666666669
A,1.2,16.0,0.06,29,86cc1d37d5c5be935822c121cd6fcd10d34c25c123dcd77d08a9414a3fd7cd75,False,0.0035,0.0035666666666666668,6.66666666666667e-05,0.0003499999999999996,,-72.77999999999997,4.2406666666667224e-05
A,1.2,16.0,0.08,0,3ea1fa01cc3da10f9f1678e3ec378035fb483e7ad907af7272e00f345fefe294,True,0.00023333333333333336,0.00021666666666666668,-1.6666666666666674e-05,-0.00016666666666666663,0.010000000000000009,151.70000000000005,-0.0009660999999999975
A,1.2,16.0,0.08,1,37714a28925a2687ce83e161ad3d7e5c5115cf093c9da52c36821dada33ae023,False,0.004216666666666666,0.004083333333333334,-0.00013333333333333253,0.0010166666666666675,,69.76999999999998,-0.00011007666666666607
A,1.2,16.0,0.08,2,833410b8e4a70b136dda7b89f3f0aac79596e6f8fdb43f851ddeb4fce8d5ee6f,False,0.00395,0.004016666666666667,6.666666666666626e-05,0.000633333333333333,,-31.50999999999999,5.616333333333286e-05
A,1.2,16.0,0.08,3,ff45cf07b0db6431caf1ac127754bb58f3cd66d97b63a98b11d73e129bfdc154,False,0.002833333333333333,0.00295,0.00011666666666666683,0.0003666666666666653,,-43.22000000000003,0.00010225999999999985
A,1.2,16.0,0.08,4,1136a3e30b479506765af8d183d1e027ee45abfa48525e78d8cbcc4b7c7337d5,False,0.0036000000000000003,0.0035166666666666666,-8.33333333333337e-05,0.001216666666666668,,-69.05000000000007,-0.00010634999999999985
A,1.2,16.0,0.08,5,14543b9f6b7ade3455cd172c107f42b6368fbcdbbd1c821c6a6741731dc999bb,True,0.0007666666666666667,0.0009499999999999999,0.0001833333333333332,0.0015,-0.11000000000000004,-18.029999999999973,0.011177323333333336
A,1.2,16.0,0.08,6,46636fa878f018a3a4254af5ba92a0a1ab3155960a91c43744de2d8c78df03f5,True,0.0006,0.0006,0.0,0.0002666666666666668,0.0,143.24,4.77466666666676e-05
A,1.2,16.0,0.08,7,68250a298d025f889db3dcc95f417ef7bcef2a6a7e93deec39af39648ec359b0,False,0.005816666666666667,0.0058,-1.6666666666667433e-05,4.99999999999997e-05,,62.14999999999998,4.049999999999367e-06
A,1.2,16.0,0.08,8,049ae08fa4cba4b924929611ad2e498a9ee291c356920097338b16d4526a6dd9,True,0.00065,0.00075,0.00010000000000000005,0.0008333333333333333,-0.08000000000000007,-59.020000000000095,0.008080326666666672
A,1.2,16.0,0.08,9,d5f82f16d0b7213e8e2f02ed43ca07d06f3892cbff83b3d81592596852252bbf,False,0.0025,0.0025833333333333333,8.333333333333326e-05,0.0005833333333333333,,10.230000000000018,8.674333333333296e-05
A,1.2,16.0,0.08,10,d344cd79ba6f51e737dbe5ff4b556389b928e7085bd5ee9ae9ddc3334372a7f3,False,0.004783333333333334,0.00485,6.666666666666626e-05,0.0006500000000000013,,92.32000000000016,9.743999999999899e-05
A,1.2,16.0,0.08,11,3bba770c518f7e188e93ed9f84338f94582857feeee5deb1b08f45b4d3494325,False,0.0016666666666666668,0.0016666666666666668,0.0,0.0008166666666666661,,52.83000000000004,1.7609999999999935e-05
A,1.2,16.0,0.08,12,ed09258602005c277e7faaabf77244f736681e8e94cfc2b99dfb414735263b1f,True,0.0,0.0,0.0,0.0,0.0,32.579999999999984,1.0860000000001424e-05
A,1.2,16.0,0.08,13,5358efb19444e9ca1337e6a91cac0a0bf19f0ba41f94a8206eb8d4b1c5c7f667,False,0.003933333333333333,0.004083333333333334,0.00015000000000000083,0.0009166666666666663,,-57.34000000000003,0.00013088666666666825
A,1.2,16.0,0.08,14,70044a0a96d5238e57f750b24ae3f8095e82b3c8e1597a9bb56d17aad082b75d,False,0.0027333333333333333,0.00295,0.00021666666666666666,0.0008166666666666652,,-97.92999999999995,0.00018402333333333333
A,1.2,16.0,0.08,15,3e7878f410def7d62f3dd65ddc530b8cda7bf923e8974170752484b08bc1611c,False,0.0018000000000000002,0.0018166666666666667,1.6666666666666566e-05,0.0009333333333333338,,154.69999999999993,6.823333333333317e-05
A,1.2,16.0,0.08,16,651f6d237eb3f6c3c19c627b8f42e468443477ff75012b18d2c14fbbfd2c2edf,True,0.0015999999999999999,0.0016666666666666668,6.666666666666691e-05,0.0008333333333333335,-0.03,49.45999999999998,0.0030831533333333335
A,1.2,16.0,0.08,17,df751b4a39788cd788947a4faf6dad7b2d2a191912bdc7f5a2a5d932b755cbc1,False,0.0033333333333333335,0.0033666666666666667,3.333333333333313e-05,0.0008166666666666669,,53.089999999999975,5.102999999999965e-05
A,1.2,16.0,0.08,18,309a3f0b179914fc4d44542f7a5fa7a25100dc46b126999d83a5a8c4f4dfb1a2,False,0.0016666666666666668,0.0016666666666666668,0.0,0.0008666666666666675,,21.0,7.000000000000062e-06
A,1.2,16.0,0.08,19,6ca2d893d357e6222af6d6744d455a09287e8f432ee4569741dc22fd147e637f,True,0.0006833333333333333,0.0007666666666666667,8.333333333333337e-05,0.0006666666666666665,-0.010000000000000009,70.52999999999997,0.0011068433333333363
A,1.2,16.0,0.08,20,c5841a04765dfc844d644a881f22c1ab9b87ad797f42f244210a24d2b49b2246,True,1.6666666666666667e-05,0.0,-1.6666666666666667e-05,-4.9999999999999996e-05,0.010000000000000009,22.680000000000007,-0.001009106666666662
A,1.2,16.0,0.08,21,8f8adb312a98d2375b54828fbabff59932b9ea3e3906870a085ebb707bd7689b,True,0.0012166666666666667,0.0011833333333333333,-3.333333333333335e-05,0.0004833333333333326,0.019999999999999962,21.410000000000025,-0.0020261966666666603
A,1.2,16.0,0.08,22,aa999d8a05a6521a5c6b2f035f876034928828a6f6c1f9b28f4eca4dbf40ef08,False,0.0036333333333333335,0.0037166666666666667,8.333333333333326e-05,0.0009833333333333335,,39.44999999999993,9.648333333333366e-05
A,1.2,16.0,0.08,23,27f8863b01a77516c42eeb40dac09aa0a14207dcb396d706bb21bfb99cbbfb9f,True,0.0015833333333333333,0.00165,6.66666666666667e-05,0.0008833333333333341,-0.04,39.629999999999995,0.004079876666666668
A,1.2,16.0,0.08,24,3894bb0653e690843f3c6cd71b0b1c91a18996e24743aff1d3a356df14743dc9,False,0.002,0.0020833333333333333,8.333333333333326e-05,0.0002833333333333325,,-26.409999999999968,7.452999999999974e-05
A,1.2,16.0,0.08,25,8d48d424dcf79cdc86e4ae8aeaf5811b23b37dc8c5bc47c1daefb53a680e8f47,True,0.0013833333333333332,0.0013666666666666666,-1.6666666666666566e-05,0.0004999999999999996,0.009999999999999981,44.120000000000005,-0.0010019599999999997
A,1.2,16.0,0.08,26,db813954ccedf890dd33a71aab5ec9ae396c378a2e112ff6b0cd1035a4c4de3e,True,0.0,0.0,0.0,0.0,0.0,22.379999999999995,7.460000000000799e-06
A,1.2,16.0,0.08,27,8cfe51a5a6ef051a69b48d051feebe17932eb75e66a19bd3aabb4877b2bb70cb,True,0.00011666666666666668,6.666666666666667e-05,-5.000000000000001e-05,0.0,0.029999999999999916,-41.870000000000005,-0.003063956666666645
A,1.2,16.0,0.08,28,43bf1ae940f48ba46da71ff48fbc108827cfdab30b880a818347646cdec6dee7,False,0.00255,0.0025833333333333333,3.333333333333313e-05,0.000700000000000001,,81.81999999999994,6.060666666666669e-05
A,1.2,16.0,0.08,29,86cc1d37d5c5be935822c121cd6fcd10d34c25c123dcd77d08a9414a3fd7cd75,False,0.0035,0.0036000000000000003,0.00010000000000000026,0.000583333333333335,,-67.52999999999997,7.749000000000037e-05
A,1.2,16.0,0.12,0,3ea1fa01cc3da10f9f1678e3ec378035fb483e7ad907af7272e00f345fefe294,True,0.00023333333333333336,0.0002666666666666667,3.333333333333332e-05,0.00015000000000000018,-0.020000000000000018,149.01999999999998,0.0020830066666666647
A,1.2,16.0,0.12,1,37714a28925a2687ce83e161ad3d7e5c5115cf093c9da52c36821dada33ae023,False,0.004216666666666666,0.004183333333333333,-3.333333333333313e-05,0.0012499999999999994,,56.789999999999964,-1.4403333333332796e-05
A,1.2,16.0,0.12,2,833410b8e4a70b136dda7b89f3f0aac79596e6f8fdb43f851ddeb4fce8d5ee6f,False,0.00395,0.0041,0.00014999999999999996,0.0010499999999999989,,-104.22000000000003,0.00011526000000000071
A,1.2,16.0,0.12,3,ff45cf07b0db6431caf1ac127754bb58f3cd66d97b63a98b11d73e129bfdc154,False,0.002833333333333333,0.00295,0.00011666666666666683,0.0009833333333333335,,-53.26999999999998,9.89099999999998e-05
A,1.2,16.0,0.12,4,1136a3e30b479506765af8d183d1e027ee45abfa48525e78d8cbcc4b7c7337d5,False,0.0036000000000000003,0.0035,-0.00010000000000000026,0.00145,,39.00999999999999,-8.699666666666696e-05
A,1.2,16.0,0.12,5,14543b9f6b7ade3455cd172c107f42b6368fbcdbbd1c821c6a6741731dc999bb,True,0.0007666666666666667,0.0009166666666666668,0.00015000000000000007,0.0014166666666666672,-0.09000000000000002,1.9099999999999682,0.00915063666666667
A,1.2,16.0,0.12,6,46636fa878f018a3a4254af5ba92a0a1ab3155960a91c43744de2d8c78df03f5,True,0.0006,0.0007166666666666667,0.00011666666666666672,0.0010333333333333336,-0.07000000000000006,48.84000000000003,0.0071329466666666674
A,1.2,16.0,0.12,7,68250a298d025f889db3dcc95f417ef7bcef2a6a7e93deec39af39648ec359b0,False,0.005816666666666667,0.005783333333333334,-3.333333333333313e-05,0.0005999999999999998,,114.47000000000003,4.8233333333333114e-06
A,1.2,16.0,0.12,8,049ae08fa4cba4b924929611ad2e498a9ee291c356920097338b16d4526a6dd9,True,0.00065,0.0007333333333333333,8.333333333333337e-05,0.0009,-0.06000000000000005,148.44999999999982,0.0061328166666666725
A,1.2,16.0,0.12,9,d5f82f16d0b7213e8e2f02ed43ca07d06f3892cbff83b3d81592596852252bbf,False,0.0025,0.002666666666666667,0.00016666666666666696,0.0012500000000000011,,10.17999999999995,0.0001700600000000001
A,1.2,16.0,0.12,10,d344cd79ba6f51e737dbe5ff4b556389b928e7085bd5ee9ae9ddc3334372a7f3,False,0.004783333333333334,0.004916666666666667,0.0001333333333333334,0.0011500000000000017,,-55.289999999999964,0.00011490333333333356
A,1.2,16.0,0.12,11,3bba770c518f7e188e93ed9f84338f94582857feeee5deb1b08f45b4d3494325,False,0.0016666666666666668,0.0016666666666666668,0.0,0.0010833333333333328,,101.63,3.387666666666671e-05
A,1.2,16.0,0.12,12,ed09258602005c277e7faaabf77244f736681e8e94cfc2b99dfb414735263b1f,True,0.0,0.0,0.0,0.0,0.0,111.68,3.722666666666763e-05
A,1.2,16.0,0.12,13,5358efb19444e9ca1337e6a91cac0a0bf19f0ba41f94a8206eb8d4b1c5c7f667,False,0.003933333333333333,0.00415,0.0002166666666666671,0.0015666666666666676,,-205.5300000000001,0.00014815666666666717
A,1.2,16.0,0.12,14,70044a0a96d5238e57f750b24ae3f8095e82b3c8e1597a9bb56d17aad082b75d,False,0.0027333333333333333,0.0027333333333333333,0.0,0.0008833333333333315,,-72.38,-2.412666666666693e-05
A,1.2,16.0,0.12,15,3e7878f410def7d62f3dd65ddc530b8cda7bf923e8974170752484b08bc1611c,False,0.0018000000000000002,0.0019333333333333331,0.00013333333333333296,0.0016833333333333336,,78.94999999999993,0.0001596499999999999
A,1.2,16.0,0.12,16,651f6d237eb3f6c3c19c627b8f42e468443477ff75012b18d2c14fbbfd2c2edf,True,0.0015999999999999999,0.0016333333333333332,3.333333333333335e-05,0.0012833333333333334,-0.02,47.639999999999986,0.0020492133333333334
A,1.2,16.0,0.12,17,df751b4a39788cd788947a4faf6dad7b2d2a191912bdc7f5a2a5d932b755cbc1,False,0.0033333333333333335,0.0033499999999999997,1.6666666666666132e-05,0.00115,,85.67999999999995,4.5226666666666956e-05
A,1.2,16.0,0.12,18,309a3f0b179914fc4d44542f7a5fa7a25100dc46b126999d83a5a8c4f4dfb1a2,False,0.0016666666666666668,0.0016666666666666668,0.0,0.0017333333333333324,,50.17999999999998,1.6726666666666643e-05
A,1.2,16.0,0.12,19,6ca2d893d357e6222af6d6744d455a09287e8f432ee4569741dc22fd147e637f,True,0.0006833333333333333,0.0007333333333333333,5.000000000000002e-05,0.0008999999999999998,-0.030000000000000027,188.25,0.0031127500000000044
A,1.2,16.0,0.12,20,c5841a04765dfc844d644a881f22c1ab9b87ad797f42f244210a24d2b49b2246,True,1.6666666666666667e-05,1.6666666666666667e-05,0.0,1.6666666666666674e-05,0.0,142.29000000000002,4.743000000000108e-05
A,1.2,16.0,0.12,21,8f8adb312a98d2375b54828fbabff59932b9ea3e3906870a085ebb707bd7689b,True,0.0012166666666666667,0.0012333333333333332,1.6666666666666566e-05,0.0007333333333333328,-0.010000000000000009,29.609999999999957,0.0010265366666666678
A,1.2,16.0,0.12,22,aa999d8a05a6521a5c6b2f035f876034928828a6f6c1f9b28f4eca4dbf40ef08,False,0.0036333333333333335,0.0036333333333333335,0.0,0.0013833333333333328,,148.33999999999992,4.944666666666618e-05
A,1.2,16.0,0.12,23,27f8863b01a77516c42eeb40dac09aa0a14207dcb396d706bb21bfb99cbbfb9f,True,0.0015833333333333333,0.0016666666666666668,8.333333333333348e-05,0.001266666666666666,-0.05,0.03000000000002956,0.005500010000000001
A,1.2,16.0,0.12,24,3894bb0653e690843f3c6cd71b0b1c91a18996e24743aff1d3a356df14743dc9,False,0.002,0.0020666666666666667,6.66666666666667e-05,0.0004499999999999999,,-40.39999999999998,5.320000000000021e-05
A,1.2,16.0,0.12,25,8d48d424dcf79cdc86e4ae8aeaf5811b23b37dc8c5bc47c1daefb53a680e8f47,True,0.0013833333333333332,0.0014,1.6666666666666783e-05,0.001116666666666666,-0.010000000000000009,41.910000000000025,0.001030636666666666
A,1.2,16.0,0.12,26,db813954ccedf890dd33a71aab5ec9ae396c378a2e112ff6b0cd1035a4c4de3e,True,0.0,0.0,0.0,0.0,0.0,28.359999999999985,9.453333333325764e-06
A,1.2,16.0,0.12,27,8cfe51a5a6ef051a69b48d051feebe17932eb75e66a19bd3aabb4877b2bb70cb,True,0.00011666666666666668,0.00011666666666666668,0.0,0.0002,0.0,-3.330000000000041,-1.109999999998612e-06
A,1.2,16.0,0.12,28,43bf1ae940f48ba46da71ff48fbc108827cfdab30b880a818347646cdec6dee7,False,0.00255,0.0027166666666666663,0.0001666666666666661,0.0013666666666666662,,125.34000000000003,0.00020844666666666603
A,1.2,16.0,0.12,29,86cc1d37d5c5be935822c121cd6fcd10d34c25c123dcd77d08a9414a3fd7cd75,False,0.0035,0.0035833333333333333,8.333333333333326e-05,0.0010166666666666675,,-144.46000000000004,3.518000000000011e-05
A,1.2,20.0,0.02,0,3ea1fa01cc3da10f9f1678e3ec378035fb483e7ad907af7272e00f345fefe294,True,0.00023333333333333336,0.0001666666666666667,-6.666666666666667e-05,-0.0003833333333333332,0.050000000000000044,37.09000000000003,-0.005054303333333343
A,1.2,20.0,0.02,1,37714a28925a2687ce83e161ad3d7e5c5115cf093c9da52c36821dada33ae023,False,0.004216666666666666,0.004166666666666667,-4.99999999999997e-05,0.00020000000000000052,,27.970000000000027,-4.067666666666622e-05
A,1.2,20.0,0.02,2,833410b8e4a70b136dda7b89f3f0aac79596e6f8fdb43f851ddeb4fce8d5ee6f,False,0.00395,0.00395,0.0,3.333333333333313e-05,,15.240000000000009,5.0800000000001885e-06
A,1.2,20.0,0.02,3,ff45cf07b0db6431caf1ac127754bb58f3cd66d97b63a98b11d73e129bfdc154,False,0.002833333333333333,0.0029833333333333335,0.0001500000000000004,0.00019999999999999966,,-63.99000000000001,0.00012867
A,1.2,20.0,0.02,4,1136a3e30b479506765af8d183d1e027ee45abfa48525e78d8cbcc4b7c7337d5,False,0.0036000000000000003,0.003466666666666667,-0.0001333333333333334,0.0002666666666666668,,-19.519999999999982,-0.00013983999999999958
A,1.2,20.0,0.02,5,14543b9f6b7ade3455cd172c107f42b6368fbcdbbd1c821c6a6741731dc999bb,True,0.0007666666666666667,0.0008666666666666667,0.00010000000000000005,0.0004000000000000002,-0.06000000000000005,18.879999999999995,0.006106293333333339
A,1.2,20.0,0.02,6,46636fa878f018a3a4254af5ba92a0a1ab3155960a91c43744de2d8c78df03f5,True,0.0006,0.0005666666666666667,-3.333333333333324e-05,-0.0001333333333333334,0.020000000000000018,6.939999999999941,-0.0020310200000000084
A,1.2,20.0,0.02,7,68250a298d025f889db3dcc95f417ef7bcef2a6a7e93deec39af39648ec359b0,False,0.005816666666666667,0.0059,8.333333333333283e-05,0.00013333333333333253,,-18.99000000000001,7.700333333333313e-05
A,1.2,20.0,0.02,8,049ae08fa4cba4b924929611ad2e498a9ee291c356920097338b16d4526a6dd9,True,0.00065,0.0006166666666666666,-3.333333333333335e-05,3.333333333333335e-05,0.010000000000000009,142.01999999999998,-0.0009859933333333376
A,1.2,20.0,0.02,9,d5f82f16d0b7213e8e2f02ed43ca07d06f3892cbff83b3d81592596852252bbf,False,0.0025,0.0025,0.0,0.0001333333333333334,,71.62,2.3873333333333368e-05
A,1.2,20.0,0.02,10,d344cd79ba6f51e737dbe5ff4b556389b928e7085bd5ee9ae9ddc3334372a7f3,False,0.004783333333333334,0.0048,1.66666666666657e-05,0.00013333333333333426,,93.79999999999995,4.7933333333332294e-05
A,1.2,20.0,0.02,11,3bba770c518f7e188e93ed9f84338f94582857feeee5deb1b08f45b4d3494325,False,0.0016666666666666668,0.0016666666666666668,0.0,6.66666666666654e-05,,14.990000000000009,4.996666666666483e-06
A,1.2,20.0,0.02,12,ed09258602005c277e7faaabf77244f736681e8e94cfc2b99dfb414735263b1f,True,0.0,0.0,0.0,0.0,0.0,25.45999999999998,8.486666666668308e-06
A,1.2,20.0,0.02,13,5358efb19444e9ca1337e6a91cac0a0bf19f0ba41f94a8206eb8d4b1c5c7f667,False,0.003933333333333333,0.004,6.666666666666713e-05,0.00021666666666666536,,-89.78000000000009,3.6740000000000383e-05
A,1.2,20.0,0.02,14,70044a0a96d5238e57f750b24ae3f8095e82b3c8e1597a9bb56d17aad082b75d,False,0.0027333333333333333,0.0026333333333333334,-9.999999999999983e-05,0.0001499999999999991,,72.08000000000004,-7.597333333333317e-05
A,1.2,20.0,0.02,15,3e7878f410def7d62f3dd65ddc530b8cda7bf923e8974170752484b08bc1611c,False,0.0018000000000000002,0.0018999999999999998,9.999999999999961e-05,0.0001333333333333334,,89.75999999999999,0.00012991999999999995
A,1.2,20.0,0.02,16,651f6d237eb3f6c3c19c627b8f42e468443477ff75012b18d2c14fbbfd2c2edf,True,0.0015999999999999999,0.0015999999999999999,0.0,0.00014999999999999996,0.0,39.789999999999964,1.3263333333333495e-05
A,1.2,20.0,0.02,17,df751b4a39788cd788947a4faf6dad7b2d2a191912bdc7f5a2a5d932b755cbc1,False,0.0033333333333333335,0.0033499999999999997,1.6666666666666132e-05,0.00018333333333333396,,16.69999999999999,2.2233333333333133e-05
A,1.2,20.0,0.02,18,309a3f0b179914fc4d44542f7a5fa7a25100dc46b126999d83a5a8c4f4dfb1a2,False,0.0016666666666666668,0.0016666666666666668,0.0,6.666666666666626e-05,,14.019999999999982,4.673333333333335e-06
A,1.2,20.0,0.02,19,6ca2d893d357e6222af6d6744d455a09287e8f432ee4569741dc22fd147e637f,True,0.0006833333333333333,0.0007666666666666667,8.333333333333337e-05,0.0004500000000000003,-0.04999999999999993,-47.360000000000014,0.0050675466666666585
A,1.2,20.0,0.02,20,c5841a04765dfc844d644a881f22c1ab9b87ad797f42f244210a24d2b49b2246,True,1.6666666666666667e-05,0.0,-1.6666666666666667e-05,-4.9999999999999996e-05,0.010000000000000009,4.889999999999986,-0.0010150366666666633
A,1.2,20.0,0.02,21,8f8adb312a98d2375b54828fbabff59932b9ea3e3906870a085ebb707bd7689b,True,0.0012166666666666667,0.0012666666666666666,4.9999999999999914e-05,0.0004833333333333326,-0.030000000000000027,-9.060000000000002,0.003046980000000001
A,1.2,20.0,0.02,22,aa999d8a05a6521a5c6b2f035f876034928828a6f6c1f9b28f4eca4dbf40ef08,False,0.0036333333333333335,0.0036166666666666665,-1.6666666666667e-05,0.0002499999999999985,,56.389999999999986,2.1299999999994934e-06
A,1.2,20.0,0.02,23,27f8863b01a77516c42eeb40dac09aa0a14207dcb396d706bb21bfb99cbbfb9f,True,0.0015833333333333333,0.0016333333333333332,4.9999999999999914e-05,0.0003333333333333339,-0.030000000000000002,-14.550000000000011,0.003045150000000001
A,1.2,20.0,0.02,24,3894bb0653e690843f3c6cd71b0b1c91a18996e24743aff1d3a356df14743dc9,False,0.002,0.0020166666666666666,1.6666666666666566e-05,0.00016666666666666653,,19.700000000000045,2.3233333333333266e-05
A,1.2,20.0,0.02,25,8d48d424dcf79cdc86e4ae8aeaf5811b23b37dc8c5bc47c1daefb53a680e8f47,True,0.0013833333333333332,0.0014,1.6666666666666783e-05,4.99999999999997e-05,-0.010000000000000009,-0.5199999999999818,0.0010164933333333334
A,1.2,20.0,0.02,26,db813954ccedf890dd33a71aab5ec9ae396c378a2e112ff6b0cd1035a4c4de3e,True,0.0,0.0,0.0,0.0,0.0,-1.1000000000000085,-3.6666666666795855e-07
A,1.2,20.0,0.02,27,8cfe51a5a6ef051a69b48d051feebe17932eb75e66a19bd3aabb4877b2bb70cb,True,0.00011666666666666668,0.00011666666666666668,0.0,0.00018333333333333328,0.0,-59.030000000000086,-1.9676666666662568e-05
A,1.2,20.0,0.02,28,43bf1ae940f48ba46da71ff48fbc108827cfdab30b880a818347646cdec6dee7,False,0.00255,0.0025666666666666667,1.6666666666666566e-05,0.00011666666666666683,,2.5399999999999636,1.751333333333341e-05
A,1.2,20.0,0.02,29,86cc1d37d5c5be935822c121cd6fcd10d34c25c123dcd77d08a9414a3fd7cd75,False,0.0035,0.0035499999999999998,4.99999999999997e-05,0.0001666666666666674,,-48.07000000000005,3.3976666666666114e-05
A,1.2,20.0,0.04,0,3ea1fa01cc3da10f9f1678e3ec378035fb483e7ad907af7272e00f345fefe294,True,0.00023333333333333336,0.00021666666666666668,-1.6666666666666674e-05,-0.0001166666666666665,0.010000000000000009,79.72000000000003,-0.0009900933333333306
A,1.2,20.0,0.04,1,37714a28925a2687ce83e161ad3d7e5c5115cf093c9da52c36821dada33ae023,False,0.004216666666666666,0.00415,-6.666666666666626e-05,0.0006499999999999995,,75.50999999999999,-4.149666666666656e-05
A,1.2,20.0,0.04,2,833410b8e4a70b136dda7b89f3f0aac79596e6f8fdb43f851ddeb4fce8d5ee6f,False,0.00395,0.003966666666666666,1.66666666666657e-05,0.00048333333333333214,,-17.620000000000005,1.0793333333332551e-05
A,1.2,20.0,0.04,3,ff45cf07b0db6431caf1ac127754bb58f3cd66d97b63a98b11d73e129bfdc154,False,0.002833333333333333,0.0029666666666666665,0.0001333333333333334,0.00021666666666666622,,-2.439999999999941,0.0001325199999999997
A,1.2,20.0,0.04,4,1136a3e30b479506765af8d183d1e027ee45abfa48525e78d8cbcc4b7c7337d5,False,0.0036000000000000003,0.0034333333333333334,-0.00016666666666666696,0.0005333333333333336,,41.73000000000002,-0.00015275666666666587
A,1.2,20.0,0.04,5,14543b9f6b7ade3455cd172c107f42b6368fbcdbbd1c821c6a6741731dc999bb,True,0.0007666666666666667,0.0008833333333333334,0.00011666666666666672,0.0008833333333333332,-0.07000000000000006,19.600000000000023,0.007123200000000003
A,1.2,20.0,0.04,6,46636fa878f018a3a4254af5ba92a0a1ab3155960a91c43744de2d8c78df03f5,True,0.0006,0.0005166666666666667,-8.333333333333326e-05,-0.00021666666666666666,0.04999999999999993,122.75,-0.00504241666666666
A,1.2,20.0,0.04,7,68250a298d025f889db3dcc95f417ef7bcef2a6a7e93deec39af39648ec359b0,False,0.005816666666666667,0.0059,8.333333333333283e-05,-1.66666666666683e-05,,65.15999999999997,0.00010505333333333308
A,1.2,20.0,0.04,8,049ae08fa4cba4b924929611ad2e498a9ee291c356920097338b16d4526a6dd9,True,0.00065,0.0007,5.000000000000002e-05,0.0005166666666666664,-0.06000000000000005,-66.08000000000015,0.006027973333333332
A,1.2,20.0,0.04,9,d5f82f16d0b7213e8e2f02ed43ca07d06f3892cbff83b3d81592596852252bbf,False,0.0025,0.0025166666666666666,1.6666666666666566e-05,0.00019999999999999966,,158.80999999999995,6.960333333333327e-05
A,1.2,20.0,0.04,10,d344cd79ba6f51e737dbe5ff4b556389b928e7085bd5ee9ae9ddc3334372a7f3,False,0.004783333333333334,0.0048,1.66666666666657e-05,0.00020000000000000052,,178.83000000000015,7.627666666666557e-05
A,1.2,20.0,0.04,11,3bba770c518f7e188e93ed9f84338f94582857feeee5deb1b08f45b4d3494325,False,0.0016666666666666668,0.0016666666666666668,0.0,0.0003166666666666665,,56.910000000000025,1.8970000000000098e-05
A,1.2,20.0,0.04,12,ed09258602005c277e7faaabf77244f736681e8e94cfc2b99dfb414735263b1f,True,0.0,0.0,0.0,0.0,0.0,17.73999999999998,5.91333333332944e-06
A,1.2,20.0,0.04,13,5358efb19444e9ca1337e6a91cac0a0bf19f0ba41f94a8206eb8d4b1c5c7f667,False,0.003933333333333333,0.00395,1.6666666666667433e-05,0.0005166666666666653,,-73.26999999999998,-7.756666666665704e-06
A,1.2,20.0,0.04,14,70044a0a96d5238e57f750b24ae3f8095e82b3c8e1597a9bb56d17aad082b75d,False,0.0027333333333333333,0.0027333333333333333,0.0,0.0003499999999999996,,-3.419999999999959,-1.1400000000001687e-06
A,1.2,20.0,0.04,15,3e7878f410def7d62f3dd65ddc530b8cda7bf923e8974170752484b08bc1611c,False,0.0018000000000000002,0.00185,4.9999999999999914e-05,0.0004333333333333342,,158.29999999999995,0.00010276666666666698
A,1.2,20.0,0.04,16,651f6d237eb3f6c3c19c627b8f42e468443477ff75012b18d2c14fbbfd2c2edf,True,0.0015999999999999999,0.0016333333333333332,3.333333333333335e-05,0.0005333333333333336,-0.010000000000000002,5.989999999999952,0.00103533
A,1.2,20.0,0.04,17,df751b4a39788cd788947a4faf6dad7b2d2a191912bdc7f5a2a5d932b755cbc1,False,0.0033333333333333335,0.0033333333333333335,0.0,0.0004666666666666656,,63.93000000000001,2.131000000000008e-05
A,1.2,20.0,0.04,18,309a3f0b179914fc4d44542f7a5fa7a25100dc46b126999d83a5a8c4f4dfb1a2,False,0.0016666666666666668,0.0016666666666666668,0.0,0.00031666666666666735,,5.769999999999982,1.9233333333336204e-06
A,1.2,20.0,0.04,19,6ca2d893d357e6222af6d6744d455a09287e8f432ee4569741dc22fd147e637f,True,0.0006833333333333333,0.0006666666666666668,-1.6666666666666566e-05,0.00035000000000000005,0.0,126.99000000000001,2.5663333333335314e-05
A,1.2,20.0,0.04,20,c5841a04765dfc844d644a881f22c1ab9b87ad797f42f244210a24d2b49b2246,True,1.6666666666666667e-05,0.0,-1.6666666666666667e-05,-4.9999999999999996e-05,0.010000000000000009,31.72999999999996,-0.0010060900000000012
A,1.2,20.0,0.04,21,8f8adb312a98d2375b54828fbabff59932b9ea3e3906870a085ebb707bd7689b,True,0.0012166666666666667,0.00125,3.333333333333335e-05,0.000466666666666666,-0.020000000000000018,1.589999999999975,0.002033863333333337
A,1.2,20.0,0.04,22,aa999d8a05a6521a5c6b2f035f876034928828a6f6c1f9b28f4eca4dbf40ef08,False,0.0036333333333333335,0.0036166666666666665,-1.6666666666667e-05,0.000449999999999999,,68.42999999999995,6.1433333333332785e-06
A,1.2,20.0,0.04,23,27f8863b01a77516c42eeb40dac09aa0a14207dcb396d706bb21bfb99cbbfb9f,True,0.0015833333333333333,0.0016333333333333332,4.9999999999999914e-05,0.000516666666666667,-0.030000000000000002,-5.240000000000009,0.0030482533333333344
A,1.2,20.0,0.04,24,3894bb0653e690843f3c6cd71b0b1c91a18996e24743aff1d3a356df14743dc9,False,0.002,0.002033333333333333,3.333333333333313e-05,0.0002333333333333328,,18.170000000000073,3.9389999999999824e-05
A,1.2,20.0,0.04,25,8d48d424dcf79cdc86e4ae8aeaf5811b23b37dc8c5bc47c1daefb53a680e8f47,True,0.0013833333333333332,0.0014333333333333333,5.000000000000013e-05,0.0002666666666666668,-0.03,-34.98999999999998,0.0030383366666666654
A,1.2,20.0,0.04,26,db813954ccedf890dd33a71aab5ec9ae396c378a2e112ff6b0cd1035a4c4de3e,True,0.0,0.0,0.0,0.0,0.0,7.6499999999999915,2.5499999999900602e-06
A,1.2,20.0,0.04,27,8cfe51a5a6ef051a69b48d051feebe17932eb75e66a19bd3aabb4877b2bb70cb,True,0.00011666666666666668,6.666666666666667e-05,-5.000000000000001e-05,-0.00011666666666666669,0.029999999999999916,-26.040000000000077,-0.0030586799999999803
A,1.2,20.0,0.04,28,43bf1ae940f48ba46da71ff48fbc108827cfdab30b880a818347646cdec6dee7,False,0.00255,0.00265,9.999999999999983e-05,0.0002666666666666668,,-19.550000000000068,9.348333333333327e-05
A,1.2,20.0,0.04,29,86cc1d37d5c5be935822c121cd6fcd10d34c25c123dcd77d08a9414a3fd7cd75,False,0.0035,0.0035666666666666668,6.66666666666667e-05,0.0001333333333333334,,-148.13,1.7290000000000534e-05
A,1.2,20.0,0.06,0,3ea1fa01cc3da10f9f1678e3ec378035fb483e7ad907af7272e00f345fefe294,True,0.00023333333333333336,0.00019999999999999998,-3.3333333333333376e-05,-0.00013333333333333329,0.020000000000000018,131.01,-0.001989663333333322
A,1.2,20.0,0.06,1,37714a28925a2687ce83e161ad3d7e5c5115cf093c9da52c36821dada33ae023,False,0.004216666666666666,0.004066666666666666,-0.00014999999999999996,0.0008166666666666669,,155.99,-9.800333333333331e-05
A,1.2,20.0,0.06,2,833410b8e4a70b136dda7b89f3f0aac79596e6f8fdb43f851ddeb4fce8d5ee6f,False,0.00395,0.004050000000000001,0.00010000000000000026,0.0005999999999999981,,-67.56,7.748000000000043e-05
A,1.2,20.0,0.06,3,ff45cf07b0db6431caf1ac127754bb58f3cd66d97b63a98b11d73e129bfdc154,False,0.002833333333333333,0.0030333333333333336,0.00020000000000000052,0.00046666666666666645,,-73.66999999999996,0.00017544333333333354
A,1.2,20.0,0.06,4,1136a3e30b479506765af8d183d1e027ee45abfa48525e78d8cbcc4b7c7337d5,False,0.0036000000000000003,0.0035333333333333336,-6.66666666666667e-05,0.0010166666666666675,,-85.08000000000004,-9.502666666666611e-05
A,1.2,20.0,0.06,5,14543b9f6b7ade3455cd172c107f42b6368fbcdbbd1c821c6a6741731dc999bb,True,0.0007666666666666667,0.0008500000000000001,8.333333333333337e-05,0.0009333333333333338,-0.050000000000000044,77.99000000000001,0.005109330000000009
A,1.2,20.0,0.06,6,46636fa878f018a3a4254af5ba92a0a1ab3155960a91c43744de2d8c78df03f5,True,0.0006,0.00055,-4.9999999999999914e-05,-0.00016666666666666653,0.030000000000000027,148.43999999999994,-0.0030005200000000065
A,1.2,20.0,0.06,7,68250a298d025f889db3dcc95f417ef7bcef2a6a7e93deec39af39648ec359b0,False,0.005816666666666667,0.005816666666666667,0.0,0.00011666666666666596,,91.25999999999999,3.0419999999999753e-05
A,1.2,20.0,0.06,8,049ae08fa4cba4b924929611ad2e498a9ee291c356920097338b16d4526a6dd9,True,0.00065,0.0007999999999999999,0.00014999999999999996,0.0007666666666666666,-0.08000000000000007,-92.20000000000005,0.008119266666666673
A,1.2,20.0,0.06,9,d5f82f16d0b7213e8e2f02ed43ca07d06f3892cbff83b3d81592596852252bbf,False,0.0025,0.0025833333333333333,8.333333333333326e-05,0.0002833333333333342,,80.23000000000002,0.0001100766666666665
A,1.2,20.0,0.06,10,d344cd79ba6f51e737dbe5ff4b556389b928e7085bd5ee9ae9ddc3334372a7f3,False,0.004783333333333334,0.004816666666666667,3.333333333333313e-05,0.0004166666666666676,,88.67000000000007,6.288999999999947e-05
A,1.2,20.0,0.06,11,3bba770c518f7e188e93ed9f84338f94582857feeee5deb1b08f45b4d3494325,False,0.0016666666666666668,0.0016666666666666668,0.0,0.0003666666666666662,,8.760000000000048,2.920000000000006e-06
A,1.2,20.0,0.06,12,ed09258602005c277e7faaabf77244f736681e8e94cfc2b99dfb414735263b1f,True,0.0,0.0,0.0,0.0,0.0,13.079999999999984,4.360000000008801e-06
A,1.2,20.0,0.06,13,5358efb19444e9ca1337e6a91cac0a0bf19f0ba41f94a8206eb8d4b1c5c7f667,False,0.003933333333333333,0.004016666666666667,8.33333333333337e-05,0.0006833333333333327,,-113.82000000000005,4.539333333333437e-05
A,1.2,20.0,0.06,14,70044a0a96d5238e57f750b24ae3f8095e82b3c8e1597a9bb56d17aad082b75d,False,0.0027333333333333333,0.0028166666666666665,8.333333333333326e-05,0.0003499999999999996,,-41.36999999999995,6.95433333333332e-05
A,1.2,20.0,0.06,15,3e7878f410def7d62f3dd65ddc530b8cda7bf923e8974170752484b08bc1611c,False,0.0018000000000000002,0.0018166666666666667,1.6666666666666566e-05,0.0005666666666666667,,196.9699999999999,8.232333333333319e-05
A,1.2,20.0,0.06,16,651f6d237eb3f6c3c19c627b8f42e468443477ff75012b18d2c14fbbfd2c2edf,True,0.0015999999999999999,0.0016666666666666668,6.666666666666691e-05,0.0007666666666666672,-0.03,12.359999999999957,0.003070786666666667
A,1.2,20.0,0.06,17,df751b4a39788cd788947a4faf6dad7b2d2a191912bdc7f5a2a5d932b755cbc1,False,0.0033333333333333335,0.0033333333333333335,0.0,0.0006833333333333327,,89.01999999999998,2.9673333333333184e-05
A,1.2,20.0,0.06,18,309a3f0b179914fc4d44542f7a5fa7a25100dc46b126999d83a5a8c4f4dfb1a2,False,0.0016666666666666668,0.0016666666666666668,0.0,0.0006833333333333335,,26.579999999999984,8.859999999999858e-06
A,1.2,20.0,0.06,19,6ca2d893d357e6222af6d6744d455a09287e8f432ee4569741dc22fd147e637f,True,0.0006833333333333333,0.0007666666666666667,8.333333333333337e-05,0.0007000000000000001,-0.030000000000000027,-12.090000000000032,0.0030793033333333386
A,1.2,20.0,0.06,20,c5841a04765dfc844d644a881f22c1ab9b87ad797f42f244210a24d2b49b2246,True,1.6666666666666667e-05,0.0,-1.6666666666666667e-05,-4.9999999999999996e-05,0.010000000000000009,28.94999999999999,-0.0010070166666666658
A,1.2,20.0,0.06,21,8f8adb312a98d2375b54828fbabff59932b9ea3e3906870a085ebb707bd7689b,True,0.0012166666666666667,0.0012166666666666667,0.0,0.0004333333333333329,0.0,-5.050000000000011,-1.68333333333201e-06
A,1.2,20.0,0.06,22,aa999d8a05a6521a5c6b2f035f876034928828a6f6c1f9b28f4eca4dbf40ef08,False,0.0036333333333333335,0.0037333333333333337,0.00010000000000000026,0.0006833333333333335,,4.259999999999991,0.00010141999999999964
A,1.2,20.0,0.06,23,27f8863b01a77516c42eeb40dac09aa0a14207dcb396d706bb21bfb99cbbfb9f,True,0.0015833333333333333,0.0016333333333333332,4.9999999999999914e-05,0.0007000000000000001,-0.030000000000000002,36.5,0.0030621666666666675
A,1.2,20.0,0.06,24,3894bb0653e690843f3c6cd71b0b1c91a18996e24743aff1d3a356df14743dc9,False,0.002,0.002116666666666667,0.00011666666666666683,0.00019999999999999966,,-85.41999999999996,8.819333333333346e-05
A,1.2,20.0,0.06,25,8d48d424dcf79cdc86e4ae8aeaf5811b23b37dc8c5bc47c1daefb53a680e8f47,True,0.0013833333333333332,0.0014,1.6666666666666783e-05,0.0004499999999999999,-0.010000000000000009,-4.670000000000016,0.0010151099999999996
A,1.2,20.0,0.06,26,db813954ccedf890dd33a71aab5ec9ae396c378a2e112ff6b0cd1035a4c4de3e,True,0.0,0.0,0.0,0.0,0.0,10.789999999999992,3.5966666666609193e-06
A,1.2,20.0,0.06,27,8cfe51a5a6ef051a69b48d051feebe17932eb75e66a19bd3aabb4877b2bb70cb,True,0.00011666666666666668,8.333333333333334e-05,-3.3333333333333335e-05,0.0,0.019999999999999907,-59.379999999999995,-0.002053126666666641
A,1.2,20.0,0.06,28,43bf1ae940f48ba46da71ff48fbc108827cfdab30b880a818347646cdec6dee7,False,0.00255,0.0026833333333333336,0.0001333333333333334,0.0003833333333333336,,11.079999999999927,0.0001370266666666669
A,1.2,20.0,0.06,29,86cc1d37d5c5be935822c121cd6fcd10d34c25c123dcd77d08a9414a3fd7cd75,False,0.0035,0.0035666666666666668,6.66666666666667e-05,0.0003499999999999996,,-72.77999999999997,4.2406666666667224e-05
A,1.2,20.0,0.08,0,3ea1fa01cc3da10f9f1678e3ec378035fb483e7ad907af7272e00f345fefe294,True,0.00023333333333333336,0.00021666666666666668,-1.6666666666666674e-05,-0.00016666666666666663,0.010000000000000009,151.70000000000005,-0.0009660999999999975
A,1.2,20.0,0.08,1,37714a28925a2687ce83e161ad3d7e5c5115cf093c9da52c36821dada33ae023,False,0.004216666666666666,0.004083333333333334,-0.00013333333333333253,0.0010166666666666675,,69.76999999999998,-0.00011007666666666607
A,1.2,20.0,0.08,2,833410b8e4a70b136dda7b89f3f0aac79596e6f8fdb43f851ddeb4fce8d5ee6f,False,0.00395,0.004016666666666667,6.666666666666626e-05,0.000633333333333333,,-31.50999999999999,5.616333333333286e-05
A,1.2,20.0,0.08,3,ff45cf07b0db6431caf1ac127754bb58f3cd66d97b63a98b11d73e129bfdc154,False,0.002833333333333333,0.00295,0.00011666666666666683,0.0003666666666666653,,-43.22000000000003,0.00010225999999999985
A,1.2,20.0,0.08,4,1136a3e30b479506765af8d183d1e027ee45abfa48525e78d8cbcc4b7c7337d5,False,0.0036000000000000003,0.0035166666666666666,-8.33333333333337e-05,0.001216666666666668,,-69.05000000000007,-0.00010634999999999985
A,1.2,20.0,0.08,5,14543b9f6b7ade3455cd172c107f42b6368fbcdbbd1c821c6a6741731dc999bb,True,0.0007666666666666667,0.0009499999999999999,0.0001833333333333332,0.0015,-0.11000000000000004,-18.029999999999973,0.011177323333333336
A,1.2,20.0,0.08,6,46636fa878f018a3a4254af5ba92a0a1ab3155960a91c43744de2d8c78df03f5,True,0.0006,0.0006,0.0,0.0002666666666666668,0.0,143.24,4.77466666666676e-05
A,1.2,20.0,0.08,7,68250a298d025f889db3dcc95f417ef7bcef2a6a7e93deec39af39648ec359b0,False,0.005816666666666667,0.0058,-1.6666666666667433e-05,4.99999999999997e-05,,62.14999999999998,4.049999999999367e-06
A,1.2,20.0,0.08,8,049ae08fa4cba4b924929611ad2e498a9ee291c356920097338b16d4526a6dd9,True,0.00065,0.00075,0.00010000000000000005,0.0008333333333333333,-0.08000000000000007,-59.020000000000095,0.008080326666666672
A,1.2,20.0,0.08,9,d5f82f16d0b7213e8e2f02ed43ca07d06f3892cbff83b3d81592596852252bbf,False,0.0025,0.0025833333333333333,8.333333333333326e-05,0.0005833333333333333,,10.230000000000018,8.674333333333296e-05
A,1.2,20.0,0.08,10,d344cd79ba6f51e737dbe5ff4b556389b928e7085bd5ee9ae9ddc3334372a7f3,False,0.004783333333333334,0.00485,6.666666666666626e-05,0.0006500000000000013,,92.32000000000016,9.743999999999899e-05
A,1.2,20.0,0.08,11,3bba770c518f7e188e93ed9f84338f94582857feeee5deb1b08f45b4d3494325,False,0.0016666666666666668,0.0016666666666666668,0.0,0.0008166666666666661,,52.83000000000004,1.7609999999999935e-05
A,1.2,20.0,0.08,12,ed09258602005c277e7faaabf77244f736681e8e94cfc2b99dfb414735263b1f,True,0.0,0.0,0.0,0.0,0.0,32.579999999999984,1.0860000000001424e-05
A,1.2,20.0,0.08,13,5358efb19444e9ca1337e6a91cac0a0bf19f0ba41f94a8206eb8d4b1c5c7f667,False,0.003933333333333333,0.004083333333333334,0.00015000000000000083,0.0009166666666666663,,-57.34000000000003,0.00013088666666666825
A,1.2,20.0,0.08,14,70044a0a96d5238e57f750b24ae3f8095e82b3c8e1597a9bb56d17aad082b75d,False,0.0027333333333333333,0.00295,0.00021666666666666666,0.0008166666666666652,,-97.92999999999995,0.00018402333333333333
A,1.2,20.0,0.08,15,3e7878f410def7d62f3dd65ddc530b8cda7bf923e8974170752484b08bc1611c,False,0.0018000000000000002,0.0018166666666666667,1.6666666666666566e-05,0.0009333333333333338,,154.69999999999993,6.823333333333317e-05
A,1.2,20.0,0.08,16,651f6d237eb3f6c3c19c627b8f42e468443477ff75012b18d2c14fbbfd2c2edf,True,0.0015999999999999999,0.0016666666666666668,6.666666666666691e-05,0.0008333333333333335,-0.03,49.45999999999998,0.0030831533333333335
A,1.2,20.0,0.08,17,df751b4a39788cd788947a4faf6dad7b2d2a191912bdc7f5a2a5d932b755cbc1,False,0.0033333333333333335,0.0033666666666666667,3.333333333333313e-05,0.0008166666666666669,,53.089999999999975,5.102999999999965e-05
A,1.2,20.0,0.08,18,309a3f0b179914fc4d44542f7a5fa7a25100dc46b126999d83a5a8c4f4dfb1a2,False,0.0016666666666666668,0.0016666666666666668,0.0,0.0008666666666666675,,21.0,7.000000000000062e-06
A,1.2,20.0,0.08,19,6ca2d893d357e6222af6d6744d455a09287e8f432ee4569741dc22fd147e637f,True,0.0006833333333333333,0.0007666666666666667,8.333333333333337e-05,0.0006666666666666665,-0.010000000000000009,70.52999999999997,0.0011068433333333363
A,1.2,20.0,0.08,20,c5841a04765dfc844d644a881f22c1ab9b87ad797f42f244210a24d2b49b2246,True,1.6666666666666667e-05,0.0,-1.6666666666666667e-05,-4.9999999999999996e-05,0.010000000000000009,22.680000000000007,-0.001009106666666662
A,1.2,20.0,0.08,21,8f8adb312a98d2375b54828fbabff59932b9ea3e3906870a085ebb707bd7689b,True,0.0012166666666666667,0.0011833333333333333,-3.333333333333335e-05,0.0004833333333333326,0.019999999999999962,21.410000000000025,-0.0020261966666666603
A,1.2,20.0,0.08,22,aa999d8a05a6521a5c6b2f035f876034928828a6f6c1f9b28f4eca4dbf40ef08,False,0.0036333333333333335,0.0037166666666666667,8.333333333333326e-05,0.0009833333333333335,,39.44999999999993,9.648333333333366e-05
A,1.2,20.0,0.08,23,27f8863b01a77516c42eeb40dac09aa0a14207dcb396d706bb21bfb99cbbfb9f,True,0.0015833333333333333,0.00165,6.66666666666667e-05,0.0008833333333333341,-0.04,39.629999999999995,0.004079876666666668
A,1.2,20.0,0.08,24,3894bb0653e690843f3c6cd71b0b1c91a18996e24743aff1d3a356df14743dc9,False,0.002,0.0020833333333333333,8.333333333333326e-05,0.0002833333333333325,,-26.409999999999968,7.452999999999974e-05
A,1.2,20.0,0.08,25,8d48d424dcf79cdc86e4ae8aeaf5811b23b37dc8c5bc47c1daefb53a680e8f47,True,0.0013833333333333332,0.0013666666666666666,-1.6666666666666566e-05,0.0004999999999999996,0.009999999999999981,44.120000000000005,-0.0010019599999999997
A,1.2,20.0,0.08,26,db813954ccedf890dd33a71aab5ec9ae396c378a2e112ff6b0cd1035a4c4de3e,True,0.0,0.0,0.0,0.0,0.0,22.379999999999995,7.460000000000799e-06
A,1.2,20.0,0.08,27,8cfe51a5a6ef051a69b48d051feebe17932eb75e66a19bd3aabb4877b2bb70cb,True,0.00011666666666666668,6.666666666666667e-05,-5.000000000000001e-05,0.0,0.029999999999999916,-41.870000000000005,-0.003063956666666645
A,1.2,20.0,0.08,28,43bf1ae940f48ba46da71ff48fbc108827cfdab30b880a818347646cdec6dee7,False,0.00255,0.0025833333333333333,3.333333333333313e-05,0.000700000000000001,,81.81999999999994,6.060666666666669e-05
A,1.2,20.0,0.08,29,86cc1d37d5c5be935822c121cd6fcd10d34c25c123dcd77d08a9414a3fd7cd75,False,0.0035,0.0036000000000000003,0.00010000000000000026,0.000583333333333335,,-67.52999999999997,7.749000000000037e-05
A,1.2,20.0,0.12,0,3ea1fa01cc3da10f9f1678e3ec378035fb483e7ad907af7272e00f345fefe294,True,0.00023333333333333336,0.0002666666666666667,3.333333333333332e-05,0.00015000000000000018,-0.020000000000000018,149.01999999999998,0.0020830066666666647
A,1.2,20.0,0.12,1,37714a28925a2687ce83e161ad3d7e5c5115cf093c9da52c36821dada33ae023,False,0.004216666666666666,0.004183333333333333,-3.333333333333313e-05,0.0012499999999999994,,56.789999999999964,-1.4403333333332796e-05
A,1.2,20.0,0.12,2,833410b8e4a70b136dda7b89f3f0aac79596e6f8fdb43f851ddeb4fce8d5ee6f,False,0.00395,0.0041,0.00014999999999999996,0.0010499999999999989,,-104.22000000000003,0.00011526000000000071
A,1.2,20.0,0.12,3,ff45cf07b0db6431caf1ac127754bb58f3cd66d97b63a98b11d73e129bfdc154,False,0.002833333333333333,0.00295,0.00011666666666666683,0.0009833333333333335,,-53.26999999999998,9.89099999999998e-05
A,1.2,20.0,0.12,4,1136a3e30b479506765af8d183d1e027ee45abfa48525e78d8cbcc4b7c7337d5,False,0.0036000000000000003,0.0035,-0.00010000000000000026,0.00145,,39.00999999999999,-8.699666666666696e-05
A,1.2,20.0,0.12,5,14543b9f6b7ade3455cd172c107f42b6368fbcdbbd1c821c6a6741731dc999bb,True,0.0007666666666666667,0.0009166666666666668,0.00015000000000000007,0.0014166666666666672,-0.09000000000000002,1.9099999999999682,0.00915063666666667
A,1.2,20.0,0.12,6,46636fa878f018a3a4254af5ba92a0a1ab3155960a91c43744de2d8c78df03f5,True,0.0006,0.0007166666666666667,0.00011666666666666672,0.0010333333333333336,-0.07000000000000006,48.84000000000003,0.0071329466666666674
A,1.2,20.0,0.12,7,68250a298d025f889db3dcc95f417ef7bcef2a6a7e93deec39af39648ec359b0,False,0.005816666666666667,0.005783333333333334,-3.333333333333313e-05,0.0005999999999999998,,114.47000000000003,4.8233333333333114e-06
A,1.2,20.0,0.12,8,049ae08fa4cba4b924929611ad2e498a9ee291c356920097338b16d4526a6dd9,True,0.00065,0.0007333333333333333,8.333333333333337e-05,0.0009,-0.06000000000000005,148.44999999999982,0.0061328166666666725
A,1.2,20.0,0.12,9,d5f82f16d0b7213e8e2f02ed43ca07d06f3892cbff83b3d81592596852252bbf,False,0.0025,0.002666666666666667,0.00016666666666666696,0.0012500000000000011,,10.17999999999995,0.0001700600000000001
A,1.2,20.0,0.12,10,d344cd79ba6f51e737dbe5ff4b556389b928e7085bd5ee9ae9ddc3334372a7f3,False,0.004783333333333334,0.004916666666666667,0.0001333333333333334,0.0011500000000000017,,-55.289999999999964,0.00011490333333333356
A,1.2,20.0,0.12,11,3bba770c518f7e188e93ed9f84338f94582857feeee5deb1b08f45b4d3494325,False,0.0016666666666666668,0.0016666666666666668,0.0,0.0010833333333333328,,101.63,3.387666666666671e-05
A,1.2,20.0,0.12,12,ed09258602005c277e7faaabf77244f736681e8e94cfc2b99dfb414735263b1f,True,0.0,0.0,0.0,0.0,0.0,111.68,3.722666666666763e-05
A,1.2,20.0,0.12,13,5358efb19444e9ca1337e6a91cac0a0bf19f0ba41f94a8206eb8d4b1c5c7f667,False,0.003933333333333333,0.00415,0.0002166666666666671,0.0015666666666666676,,-205.5300000000001,0.00014815666666666717
A,1.2,20.0,0.12,14,70044a0a96d5238e57f750b24ae3f8095e82b3c8e1597a9bb56d17aad082b75d,False,0.0027333333333333333,0.0027333333333333333,0.0,0.0008833333333333315,,-72.38,-2.412666666666693e-05
A,1.2,20.0,0.12,15,3e7878f410def7d62f3dd65ddc530b8cda7bf923e8974170752484b08bc1611c,False,0.0018000000000000002,0.0019333333333333331,0.00013333333333333296,0.0016833333333333336,,78.94999999999993,0.0001596499999999999
A,1.2,20.0,0.12,16,651f6d237eb3f6c3c19c627b8f42e468443477ff75012b18d2c14fbbfd2c2edf,True,0.0015999999999999999,0.0016333333333333332,3.333333333333335e-05,0.0012833333333333334,-0.02,47.639999999999986,0.0020492133333333334
A,1.2,20.0,0.12,17,df751b4a39788cd788947a4faf6dad7b2d2a191912bdc7f5a2a5d932b755cbc1,False,0.0033333333333333335,0.0033499999999999997,1.6666666666666132e-05,0.00115,,85.67999999999995,4.5226666666666956e-05
A,1.2,20.0,0.12,18,309a3f0b179914fc4d44542f7a5fa7a25100dc46b126999d83a5a8c4f4dfb1a2,False,0.0016666666666666668,0.0016666666666666668,0.0,0.0017333333333333324,,50.17999999999998,1.6726666666666643e-05
A,1.2,20.0,0.12,19,6ca2d893d357e6222af6d6744d455a09287e8f432ee4569741dc22fd147e637f,True,0.0006833333333333333,0.0007333333333333333,5.000000000000002e-05,0.0008999999999999998,-0.030000000000000027,188.25,0.0031127500000000044
A,1.2,20.0,0.12,20,c5841a04765dfc844d644a881f22c1ab9b87ad797f42f244210a24d2b49b2246,True,1.6666666666666667e-05,1.6666666666666667e-05,0.0,1.6666666666666674e-05,0.0,142.29000000000002,4.743000000000108e-05
A,1.2,20.0,0.12,21,8f8adb312a98d2375b54828fbabff59932b9ea3e3906870a085ebb707bd7689b,True,0.0012166666666666667,0.0012333333333333332,1.6666666666666566e-05,0.0007333333333333328,-0.010000000000000009,29.609999999999957,0.0010265366666666678
A,1.2,20.0,0.12,22,aa999d8a05a6521a5c6b2f035f876034928828a6f6c1f9b28f4eca4dbf40ef08,False,0.0036333333333333335,0.0036333333333333335,0.0,0.0013833333333333328,,148.33999999999992,4.944666666666618e-05
A,1.2,20.0,0.12,23,27f8863b01a77516c42eeb40dac09aa0a14207dcb396d706bb21bfb99cbbfb9f,True,0.0015833333333333333,0.0016666666666666668,8.333333333333348e-05,0.001266666666666666,-0.05,0.03000000000002956,0.005500010000000001
A,1.2,20.0,0.12,24,3894bb0653e690843f3c6cd71b0b1c91a18996e24743aff1d3a356df14743dc9,False,0.002,0.0020666666666666667,6.66666666666667e-05,0.0004499999999999999,,-40.39999999999998,5.320000000000021e-05
A,1.2,20.0,0.12,25,8d48d424dcf79cdc86e4ae8aeaf5811b23b37dc8c5bc47c1daefb53a680e8f47,True,0.0013833333333333332,0.0014,1.6666666666666783e-05,0.001116666666666666,-0.010000000000000009,41.910000000000025,0.001030636666666666
A,1.2,20.0,0.12,26,db813954ccedf890dd33a71aab5ec9ae396c378a2e112ff6b0cd1035a4c4de3e,True,0.0,0.0,0.0,0.0,0.0,28.359999999999985,9.453333333325764e-06
A,1.2,20.0,0.12,27,8cfe51a5a6ef051a69b48d051feebe17932eb75e66a19bd3aabb4877b2bb70cb,True,0.00011666666666666668,0.00011666666666666668,0.0,0.0002,0.0,-3.330000000000041,-1.109999999998612e-06
A,1.2,20.0,0.12,28,43bf1ae940f48ba46da71ff48fbc108827cfdab30b880a818347646cdec6dee7,False,0.00255,0.0027166666666666663,0.0001666666666666661,0.0013666666666666662,,125.34000000000003,0.00020844666666666603
A,1.2,20.0,0.12,29,86cc1d37d5c5be935822c121cd6fcd10d34c25c123dcd77d08a9414a3fd7cd75,False,0.0035,0.0035833333333333333,8.333333333333326e-05,0.0010166666666666675,,-144.46000000000004,3.518000000000011e-05
